sequence,source_file,label
ILGPVLGLVGSALGGLLKKI,amp_all_clean.csv,1
GFCRCVCRRGVCRCVCTR,amp_all_clean.csv,1
GVCRCVCRRGVCRCVCRR,amp_all_clean.csv,1
GGKPDLRPCHPPCHYIPRPKPR,amp_all_clean.csv,1
GLFSVLGAVAKHVLPHVVPVIAEK,amp_all_clean.csv,1
TCESPSHKFKGPCATNRNCES,amp_all_clean.csv,1
MFFSSKKCKTVSKTFRGPCVRNAN,amp_all_clean.csv,1
GLMDTVKNAAKNLAGQMLDKLKCKITGSC,amp_all_clean.csv,1
RFGRFLRKIRRFRPKVTITIQGSARFG,amp_all_clean.csv,1
LLGDFFRKSKEKIGKEFKRIVQRIKDFLR,amp_all_clean.csv,1
FFPNVASVPGQVLLKKIFCAISKKC,amp_all_clean.csv,1
GWFKKAWRKVKNAGRRVLKGVGIHYGVGLI,amp_all_clean.csv,1
GLWQLIKDKIKDAATGFVTGIQS,amp_all_clean.csv,1
GLWQFIKDKLKDAATGLVTGIQS,amp_all_clean.csv,1
GLWQFIKDKFKDAATGLVTGIQS,amp_all_clean.csv,1
GLLGSIGNAIGAFIANKLKP,amp_all_clean.csv,1
GLLGSIGNAIGAFIANKLKPK,amp_all_clean.csv,1
GLLASLGKVLGGYLAEKLKP,amp_all_clean.csv,1
GLLGSIGKVLGGYLAEKLKPK,amp_all_clean.csv,1
GLLASLGKVLGGYLAEKLKPK,amp_all_clean.csv,1
GLLASLGKVFGGYLAEKLKPK,amp_all_clean.csv,1
NVGVLNPPPLV,amp_all_clean.csv,1
GLFDIVGKLLGGLGL,amp_all_clean.csv,1
GWKSVFRKAKKVGKTVGGLALDHYL,amp_all_clean.csv,1
GWKKWFNRAKKVGKTVGGLAVDHYL,amp_all_clean.csv,1
GWRLLLKKAEVKTVGKLALKHYL,amp_all_clean.csv,1
ILGPVLGMVGSALGGLLKKI,amp_all_clean.csv,1
GFCRCVCTRGFCRCVCTR,amp_all_clean.csv,1
FAEPLPSEEEGESYSKEPPEMEKRYGGFM,amp_all_clean.csv,1
FLPLIGKILGTIL,amp_all_clean.csv,1
GICRCVCTRGFCRCICLL,amp_all_clean.csv,1
GFCRCFCRRGVCRCVCTR,amp_all_clean.csv,1
LSPNLLKSLL,amp_all_clean.csv,1
APPGARPPPGPPPPGPPPPGP,amp_all_clean.csv,1
IDWKKVDWKKVSKKTCKVMLKACKFLG,amp_all_clean.csv,1
LIGLVSKGTCVLVKTVCKKVLKQ,amp_all_clean.csv,1
FLPIVTNLLSGLL,amp_all_clean.csv,1
FLSHIAGFLSNLF,amp_all_clean.csv,1
FLSLIPHIVSGVAALAKHL,amp_all_clean.csv,1
GLVTSLIKGAGKLLGGLFGSVTG,amp_all_clean.csv,1
DFGFDIPDEV,amp_all_clean.csv,1
RNCESLSHRFKGPCTRDSN,amp_all_clean.csv,1
GIFSNMYARTPAGYFRGPAGYAAN,amp_all_clean.csv,1
ISLEICAIFHDN,amp_all_clean.csv,1
FLPIVGKSLSGLSGKL,amp_all_clean.csv,1
KSWSLCTPGCARTGSFNSYCC,amp_all_clean.csv,1
DWTAWSALVAAACSVELL,amp_all_clean.csv,1
YGNGVFSVIK,amp_all_clean.csv,1
GVSKILHSAGKFGKAFLGEINKS,amp_all_clean.csv,1
GKYGFYTHVFRLKKWIQKVIDQFGE,amp_all_clean.csv,1
GLPVCGETCVGGTCNTPGCSCSRPVCTAN,amp_all_clean.csv,1
NKLAYNMGHYAGKATIFGLAAWALLA,amp_all_clean.csv,1
FNRGGYNFGKSVRHVVDAIGSVAGILKSIR,amp_all_clean.csv,1
TPFKLSLHL,amp_all_clean.csv,1
EPFKLSLHL,amp_all_clean.csv,1
QKKPPRPPQWAVGHFM,amp_all_clean.csv,1
GLLDFAKHVIGIASKL,amp_all_clean.csv,1
GILDTIKNAAKTVAVGLLEKIKCKMTGC,amp_all_clean.csv,1
GFMDTAKNVAKNVAVTLIDNLKCKITKAC,amp_all_clean.csv,1
GIFGKILGVGKKVLCGLSGWC,amp_all_clean.csv,1
ATAVDFGPHGLLPIRPIRIRPLCGKDKS,amp_all_clean.csv,1
GLFGKSSVVGRKYYVDLAGCAKA,amp_all_clean.csv,1
GLLSGILGAGKHIVCGLSGLK,amp_all_clean.csv,1
FLSLLPSIVSGAVSLAKKL,amp_all_clean.csv,1
GLWSTIKNVGKEAAIAAGKAALGALGEQ,amp_all_clean.csv,1
GLWSTIKNVGKEAAIAAGKAVLGSLGEQ,amp_all_clean.csv,1
YQEPVLGPVRGPFPI,amp_all_clean.csv,1
GIMDSVKGVAKNLAAKLLEKLKCKITGC,amp_all_clean.csv,1
QLYENKPRRPYIL,amp_all_clean.csv,1
ECWMDGHCRLLCKDGEDSIIRCRNRKRCC,amp_all_clean.csv,1
GHHPHGHHPHGHHPHGHHHPH,amp_all_clean.csv,1
FFSLLPSLIGGLVSAIK,amp_all_clean.csv,1
FLLFPLMCKIQGKC,amp_all_clean.csv,1
FVLPLVMCKILRKC,amp_all_clean.csv,1
ITCQQVTSELGPCVPYLTGQGIP,amp_all_clean.csv,1
ILGIITSLLKSLGKK,amp_all_clean.csv,1
DTHFPICIFCCGCCRKGTCGMCCRT,amp_all_clean.csv,1
QKLCERPSGTWSGVCGNNNACKNQCIR,amp_all_clean.csv,1
QKLCERPSGTWSGVCGNNNACKNQCINLEK,amp_all_clean.csv,1
GIGTKILGGVKAALKGALKELASTYVN,amp_all_clean.csv,1
GIGTKFLGGVKTALKGALKELASTYVN,amp_all_clean.csv,1
GIGGALLSAGKSALKGLAKGLAEHF,amp_all_clean.csv,1
GIGGKILGGLKTALKGAAKELASTYLH,amp_all_clean.csv,1
GIGTKFLGGVKTALKGALKELAFTYVN,amp_all_clean.csv,1
GIGGALLSVGKSALKGLTKGLAEHF,amp_all_clean.csv,1
GIGGKILGGLRTALKGAAKELAATYLH,amp_all_clean.csv,1
ILGPVLGLVGNALGGLIKKL,amp_all_clean.csv,1
GIGGVLLSAGKAALKGLTKVLAEKYAN,amp_all_clean.csv,1
GIGGVLLGAGKATLKGLAKVLAEKYAN,amp_all_clean.csv,1
GIGGALLSAGKAALKGLAKVLV,amp_all_clean.csv,1
SIGAKILGGVKTFFKGALKELAFTYLQ,amp_all_clean.csv,1
GIGGALLSAGKSALKGLAKGLAEHL,amp_all_clean.csv,1
GIGGALLSVGKLALKGLANVLADKFAN,amp_all_clean.csv,1
FLPGVLRLVTKVGPAVVCAITRNC,amp_all_clean.csv,1
RPWAGNGSVHRYTVLSPRLKTQ,amp_all_clean.csv,1
GTGLPMSERRKIMLMMR,amp_all_clean.csv,1
YGQSTHAVIYAQGYTYSSDWR,amp_all_clean.csv,1
KQIMTQFFNFARSPAVKD,amp_all_clean.csv,1
GFLGPLLKLGLKGVAKVIPHLIPSRQQ,amp_all_clean.csv,1
GLFLDTLKKFAKAGMEAVINPK,amp_all_clean.csv,1
GFWTTAAEGLKKFAKAGLASILNPK,amp_all_clean.csv,1
GVWTTILGGLKKFAKGGLEALTNPK,amp_all_clean.csv,1
FLSTLLKVAFKVVPTLFCPITKKC,amp_all_clean.csv,1
FLGLIFHGLVHAGKLIHGLIHRNR,amp_all_clean.csv,1
FAHWPDLGPGSPSVKKHGKVIM,amp_all_clean.csv,1
FFHHIFRGIVHVGKTIHKLVTGT,amp_all_clean.csv,1
FFHHIFRGIVHVGKTIHRLVTGT,amp_all_clean.csv,1
FFPLLFGALSSMMPKLF,amp_all_clean.csv,1
FIGPVLKMATSILPTAICKGFKKC,amp_all_clean.csv,1
FLGPIIKMATGILPTAICKGLKKC,amp_all_clean.csv,1
GLMDTVKNAAKNLAGQLLDRLKCKITGC,amp_all_clean.csv,1
GLMDTIKGVAKNVAASLLEKLKCKVTGC,amp_all_clean.csv,1
FIHHIIGWISHGVRAIHRAIH,amp_all_clean.csv,1
FIHHIIGGLFSVGKHIHGLIHGH,amp_all_clean.csv,1
LLRHVVKILEKYL,amp_all_clean.csv,1
FFGHLYRGITSVVKHVHGLLSG,amp_all_clean.csv,1
KIKIPWGKVKDFLVGGMKAV,amp_all_clean.csv,1
LVPLFLSKLICFITKKC,amp_all_clean.csv,1
APAKCTPYCYPTHDGVFCGVRCDFQ,amp_all_clean.csv,1
LLGMIPVAISAISALSKL,amp_all_clean.csv,1
LLGMIPLAISAISSLSKL,amp_all_clean.csv,1
LDVKKIICVACKIKPNPACKKICPK,amp_all_clean.csv,1
LDVKKIICVACKIRPNPACKKICPK,amp_all_clean.csv,1
APAHRSSTFPKWVTKTERGRQPLRS,amp_all_clean.csv,1
KAYSMPRCKGGFRAVMCWL,amp_all_clean.csv,1
KAYSTPRCKGLFRALMCWL,amp_all_clean.csv,1
KAYSMPRCKYLFRAVLCWL,amp_all_clean.csv,1
KIKFLKVLT,amp_all_clean.csv,1
KTKKKLLKKT,amp_all_clean.csv,1
FIPLVSGLFSRLL,amp_all_clean.csv,1
VIPIVSGLLSSLL,amp_all_clean.csv,1
GLLLDTVKGAAKNVAGILLNKLKCKMTGDC,amp_all_clean.csv,1
RAIGGGLSSVGGGSSTIKY,amp_all_clean.csv,1
KYALMKKIAELIPNLKSRQVK,amp_all_clean.csv,1
FISQIISTARI,amp_all_clean.csv,1
RILTMTKRVKMPQLYKQIVCRLFKTC,amp_all_clean.csv,1
FFPFLLGALGSLLPKIF,amp_all_clean.csv,1
FITGLIGGLMKAL,amp_all_clean.csv,1
FISGLIGGLMKAL,amp_all_clean.csv,1
FITGLISGLMKAL,amp_all_clean.csv,1
GAFGDLLKGVAKEAGLKLLNMAQCKLSGNC,amp_all_clean.csv,1
FLPAVLKVAAHILPTAICAISRRC,amp_all_clean.csv,1
FMGTALKIAANVLPAAFCKIFKKC,amp_all_clean.csv,1
GAFGNLLKGVAKKAGLKILSIAQCKLSGTC,amp_all_clean.csv,1
SLFGTFAKMALKGASKLIPHLLPSRQQ,amp_all_clean.csv,1
GVFGLLAKAALKGASKLIPHLLPSRQQ,amp_all_clean.csv,1
KLGFENFLVKALKTVMHVPTSPLL,amp_all_clean.csv,1
GWASSIGSILGKFAKGGAQAFLQPK,amp_all_clean.csv,1
GWLPTFGKILRKAMQLGPKLIQPI,amp_all_clean.csv,1
GVWSTILGGLKKFAKGGLDAIVNPK,amp_all_clean.csv,1
GLLSNVAGLLKQFAKGGVNAVLNPK,amp_all_clean.csv,1
GFMSKVANFAKKFAKGGVNAIMNQK,amp_all_clean.csv,1
FIGALLRPALKLLAGK,amp_all_clean.csv,1
GMATKAGTAFGKAAKAIIGAAL,amp_all_clean.csv,1
PPCRGIFCRRVGSSSAIARPGKTLSTFITV,amp_all_clean.csv,1
GKCNVLCQLKQKLRSIGSGSHIGSVVLPRG,amp_all_clean.csv,1
LKLSPETKDTLKKVLKGAIKGAIAIASLA,amp_all_clean.csv,1
ITIPPIVKDTLKKFFKGGIAGVMGKSQ,amp_all_clean.csv,1
FKIPPIVKDTLKKFFKGGIAGVMGQ,amp_all_clean.csv,1
ITIPPIIKDTLKKFFKGGIAGVMGKSQ,amp_all_clean.csv,1
ITIPPIVKDTLKKFFKGGIAGVMGQ,amp_all_clean.csv,1
ITIPPIVKDTLKKFIKGAISGVM,amp_all_clean.csv,1
ITIPPIVKDTLKKFIKGAISSVM,amp_all_clean.csv,1
ITIPPIVKNTLKKFIKGAVSALMS,amp_all_clean.csv,1
KIIFLIAI,amp_all_clean.csv,1
LVKDNPLDISPKQVQALCTDLVIRCMCCC,amp_all_clean.csv,1
NAGSLLSGWG,amp_all_clean.csv,1
FLFSLIPSAISGLISAF,amp_all_clean.csv,1
NLKAIAALAKKLL,amp_all_clean.csv,1
INLKAITALAKKLL,amp_all_clean.csv,1
INLKAIAPLAKKLL,amp_all_clean.csv,1
VIVKAIATLSKKLL,amp_all_clean.csv,1
INLKAIAALVKKLL,amp_all_clean.csv,1
INLKAIAALARNY,amp_all_clean.csv,1
FLPIIGKLLSG,amp_all_clean.csv,1
GLRRLFADQLVGRRNI,amp_all_clean.csv,1
ADDRCERMCQRYHDRREKKQCMKGCRYG,amp_all_clean.csv,1
KRGTGWFATITDDCPNSVFVCC,amp_all_clean.csv,1
TKPTLLGLPLGAGPAAGPGKR,amp_all_clean.csv,1
KLSPSLGPVSKGKLLAGQR,amp_all_clean.csv,1
RLGTALPALLKTLLAGLNG,amp_all_clean.csv,1
GKGLEVIKWKLKHVIQL,amp_all_clean.csv,1
LFAKINGLKVGPLKIQIV,amp_all_clean.csv,1
FSLFFPYAALKWLRKLLKK,amp_all_clean.csv,1
VKLEILGSKGGAKI,amp_all_clean.csv,1
VSKIKKYLKYKDRI,amp_all_clean.csv,1
GGYKNFYGSALRKGFYEGEAGRAIRR,amp_all_clean.csv,1
RQQPMTLDYRW,amp_all_clean.csv,1
AIFIFIRWLLKLGHHGRAPP,amp_all_clean.csv,1
DWTCWSCLVCAACS,amp_all_clean.csv,1
LRPAILVRIK,amp_all_clean.csv,1
FLTGVLKLASKIPSVLCAVLKTC,amp_all_clean.csv,1
FLKGVINLASKIPSMLCAVLKTC,amp_all_clean.csv,1
FIVPSIFLLKKAFCIALKKNC,amp_all_clean.csv,1
GVLSAFKNALPGIMKIIV,amp_all_clean.csv,1
GVLSVIKNALPGIMRF,amp_all_clean.csv,1
RLFRHAFKAVLRL,amp_all_clean.csv,1
FWGAVWKILSKVLPHIPGTVKWLQEKV,amp_all_clean.csv,1
QSHLSLCRYCCNCCRNKGCGYCCKF,amp_all_clean.csv,1
AGLQFPVGRIGRLLRK,amp_all_clean.csv,1
GFGSVLGKALKFGANLL,amp_all_clean.csv,1
FLPVLGKVIKLVGGLL,amp_all_clean.csv,1
FLPLLVGAISSILPKIF,amp_all_clean.csv,1
FLPLLFGALSTLLPKIF,amp_all_clean.csv,1
FLPGLIKAAVGVGSTILCKITKKC,amp_all_clean.csv,1
FLPGLIKAAVGIGSTIFCKISKKC,amp_all_clean.csv,1
FLPGLIKVAVGVGSTILCKITKKC,amp_all_clean.csv,1
FLPGLIKAAVGIGSTIFCKISRKC,amp_all_clean.csv,1
FLPFVGKLLSGLL,amp_all_clean.csv,1
FLPMLAGLAANFLPKIICKITKKC,amp_all_clean.csv,1
FLPIVASLAANFLPKIICKITKKC,amp_all_clean.csv,1
FLPLFLPKIICEITKKC,amp_all_clean.csv,1
GFMDTAKNVFKNVAVTLLDKLKCKIAGGC,amp_all_clean.csv,1
GILDTLKQLGKAAAQSLLSKAACKLAKTC,amp_all_clean.csv,1
QSHISLCRWCCNCCKANKGCGFCCKF,amp_all_clean.csv,1
GMKCKFCCNCCNLNGCGVCCRF,amp_all_clean.csv,1
GILDAIKAFANALG,amp_all_clean.csv,1
GILDPIKAFAKAAG,amp_all_clean.csv,1
YSLKKTSMKIIPFTRL,amp_all_clean.csv,1
ARDGYIVDEKGCKFACFIN,amp_all_clean.csv,1
FLPLILPSIVTALSSFLKQG,amp_all_clean.csv,1
FWGALAKGALKLIPSLVSSFTKKD,amp_all_clean.csv,1
LIAGLAANFLPKLFCKITK,amp_all_clean.csv,1
FLPLLAGLAANFLPKIFCKITRK,amp_all_clean.csv,1
LPLLAGLAANFLPKIFCKITRK,amp_all_clean.csv,1
FLPFIAGMAAKFLPKIFCAISKK,amp_all_clean.csv,1
LIAGLAANFLPQILCKIARKC,amp_all_clean.csv,1
LLFGKIISRLLGN,amp_all_clean.csv,1
GVFDIIKGAGKQLIAHAMGKIAEKV,amp_all_clean.csv,1
LPFFLLSLIPSAISAIKKI,amp_all_clean.csv,1
FWGFLGKLAMKAVPSLIGGNKSSSK,amp_all_clean.csv,1
FFCFKGTPCG,amp_all_clean.csv,1
GLLSGILGAGKRIVCGLSGLC,amp_all_clean.csv,1
GLLSGILGAGKKIVCGLSGLC,amp_all_clean.csv,1
FLPGLECVSGLKIVPTVFCAITRIC,amp_all_clean.csv,1
VIPFVASVAAEMMQHVYCAASKRC,amp_all_clean.csv,1
FFPSIAGLAAKFLPKIFCSITKRC,amp_all_clean.csv,1
FLPAVLRVAAKVGPAVFCAITQKC,amp_all_clean.csv,1
HLGHHALDHLLK,amp_all_clean.csv,1
ASHLGHHALDHLLK,amp_all_clean.csv,1
EVASFDKSKLK,amp_all_clean.csv,1
FLGMLLHGVGHAIHGLIHGKQNVE,amp_all_clean.csv,1
NLCASLRARHTIPQCKKFGRR,amp_all_clean.csv,1
GLPWILLRWLFFRG,amp_all_clean.csv,1
AIPWIWIWRLLRKG,amp_all_clean.csv,1
RIRFPWPWRWPWWRRVRG,amp_all_clean.csv,1
RIRFPWPWRWPWWPPFRG,amp_all_clean.csv,1
AIPWIWIWWLLRKG,amp_all_clean.csv,1
AIPWSIWWRLLFKG,amp_all_clean.csv,1
AIPWSIWWHLLFKG,amp_all_clean.csv,1
FEDLPNFGHIQVKVFNHGEHIHH,amp_all_clean.csv,1
GKNGVFKTISHECHMNSWQFLFTCCS,amp_all_clean.csv,1
VAVLVLGA,amp_all_clean.csv,1
QSHLSMCRYCCNCCRNNKGCGFCCKF,amp_all_clean.csv,1
NPAGCRFCCGCCPNMIGCGVCCRF,amp_all_clean.csv,1
GLPICGESCVGGTCNTPGCTCTWPVCTRN,amp_all_clean.csv,1
GEGFLGMLLHGVGHAIHGLIHGK,amp_all_clean.csv,1
AVAGEKLWLLPHLLKMLLTPTP,amp_all_clean.csv,1
AVPLIYKRPGVYVTKPKGK,amp_all_clean.csv,1
FWQKMSFA,amp_all_clean.csv,1
SSSLLNTAWRKFG,amp_all_clean.csv,1
GWWRRTVDKVRNAGRKVAGFASKACGALGH,amp_all_clean.csv,1
GLPICGETCFKTKCYTKGCSCSYPVCKRN,amp_all_clean.csv,1
GSVIGCGETCLRGRCYTPGCTCDHGICKKN,amp_all_clean.csv,1
VPSLPLVPLG,amp_all_clean.csv,1
VWLSALKFIGKHLAKHQLSKL,amp_all_clean.csv,1
GNGVIKTVSHECKMNTWQFLFTCCS,amp_all_clean.csv,1
GTFIKQQRKQKQQRHHTSGTRKRMAK,amp_all_clean.csv,1
YPCKLNLKLGKVPFHF,amp_all_clean.csv,1
ASITHVKNRGKYIYMHLKFRKTNVLI,amp_all_clean.csv,1
KKVWFIFHVCPKLKQRIL,amp_all_clean.csv,1
GTKRGKLCRISRLAL,amp_all_clean.csv,1
LRHKVYGYCVLGP,amp_all_clean.csv,1
MKTFLRLYRSLINKVLH,amp_all_clean.csv,1
VGRKHSILNCIPYLKKKKIMRL,amp_all_clean.csv,1
RMKLNAKKLSFC,amp_all_clean.csv,1
HNSSKQWSHWLWHNGIRI,amp_all_clean.csv,1
ITCQQVTAELEPCVPYLTQGIP,amp_all_clean.csv,1
RNGCIVDPRCPYQQCRRPLYCRRR,amp_all_clean.csv,1
GIMDTIKNAAKDVVQSLLNKASCKLAKTC,amp_all_clean.csv,1
FLPLLAGLAANFLPTIICKIARKC,amp_all_clean.csv,1
GLWTTIKEGLKKFSLGVLDKIRCKIAGGC,amp_all_clean.csv,1
FLPLLAGLAAKWF,amp_all_clean.csv,1
FLPAIIGMAAKVLPAFLCKITKKC,amp_all_clean.csv,1
GILMDTFKGAAKNVAGFLLDKLKCKISGGC,amp_all_clean.csv,1
FLPFLAGLFGKIF,amp_all_clean.csv,1
FFPLIPGVRCKILRTC,amp_all_clean.csv,1
GAPKGCWTKSYPPQPCFGKK,amp_all_clean.csv,1
FLTGLIGGLMKALGK,amp_all_clean.csv,1
FLSGLIGGLAKMLGK,amp_all_clean.csv,1
CVVSSGWKWNYKIRCKLTGNC,amp_all_clean.csv,1
FFFHIIKGLFHAGRMIHGLV,amp_all_clean.csv,1
IFGLLLHGAIHVGKLIHGLVRRH,amp_all_clean.csv,1
FFRHIKSFWKGAKAIFRGARQG,amp_all_clean.csv,1
FKLLSHSLLVTLASHLP,amp_all_clean.csv,1
FLSMIPKIAGGIASLVKNL,amp_all_clean.csv,1
TRSGFLREQWIT,amp_all_clean.csv,1
AGFAAQAAASLAPVAVQQL,amp_all_clean.csv,1
GFVALLKKLPLILKHLP,amp_all_clean.csv,1
GMASLLAKVLPHVVKLIK,amp_all_clean.csv,1
LLNQELLLNPTHQIYPV,amp_all_clean.csv,1
GLEETVYIYGANMAS,amp_all_clean.csv,1
INLKAIAALAKKLF,amp_all_clean.csv,1
NLLNDALGTVNGLLGRS,amp_all_clean.csv,1
VFLGAIAQALTSLLGKL,amp_all_clean.csv,1
TRRKFWKKVLNGALKIAPFLLG,amp_all_clean.csv,1
TRWLWLLRGGLKAAGWGIRAHLNRNQ,amp_all_clean.csv,1
NGKKKRKKPEKLCMKPGACSVIFDASVNE,amp_all_clean.csv,1
LRWTPTPSYPRYPTRSRGSRWSR,amp_all_clean.csv,1
RRRRRFRRVIRRIRLPKYLTINTE,amp_all_clean.csv,1
RRRRRYRYWRRGLTIQGRPKSLPLNTGD,amp_all_clean.csv,1
KSGGGGWGSGGGGGGGGGWWWSGWGVDR,amp_all_clean.csv,1
RLLGNCLTVVMAAKLGTAFSPEIQCAWQK,amp_all_clean.csv,1
ALWKEVLKNAGKAALNEINNLV,amp_all_clean.csv,1
KTKKKFLKKT,amp_all_clean.csv,1
KRNGFRKFMRRLKKFFAGGGSSIAHIKLH,amp_all_clean.csv,1
TRSRWRRFIRGAGRFARRYGWRIALGLVG,amp_all_clean.csv,1
GVVDILKGAAKDIAGHLASKVM,amp_all_clean.csv,1
FFGHLFKLATKIIPSFFRRKNQ,amp_all_clean.csv,1
FLFSLIPSAISGLISAFKGRRKRDLN,amp_all_clean.csv,1
FLFSLIPSAISGLINAFK,amp_all_clean.csv,1
FFGHLFKLATKIIPSLFQRKKE,amp_all_clean.csv,1
VSGPAGPPGTH,amp_all_clean.csv,1
VGPGAINAGTYLVSRELFER,amp_all_clean.csv,1
FFQELKEGWKNIKKA,amp_all_clean.csv,1
FFGRLKAVFRGARQGWKEHRY,amp_all_clean.csv,1
RSMRLSFRARGYGFR,amp_all_clean.csv,1
VNFLLHKIYGNIRYS,amp_all_clean.csv,1
HTLCMDGGATY,amp_all_clean.csv,1
FLSLIPKIAGGIASLVKDL,amp_all_clean.csv,1
FFSMIPKIATGIASLVKDL,amp_all_clean.csv,1
IPFVASVAAEMMQHIFCAASRKC,amp_all_clean.csv,1
LLGMIPVAITAISALSKL,amp_all_clean.csv,1
FFFHIIKGLFHAGRMIHGLVNRRRHRH,amp_all_clean.csv,1
GNPLKLFLPSTWVHFFKFLR,amp_all_clean.csv,1
ALWKDLLKNVGKAAGKAVLNKVTDMVNQ,amp_all_clean.csv,1
GSGSRQSPSYGR,amp_all_clean.csv,1
FLRSLLRGAKAIYRGARAGWRG,amp_all_clean.csv,1
GFCWYVCYRNGVRVCYRRCN,amp_all_clean.csv,1
GLVGTLLGHIGKAILGG,amp_all_clean.csv,1
LVPFIGRTLGGLLARF,amp_all_clean.csv,1
LLGAALSALSSVIPSVISWFQK,amp_all_clean.csv,1
FLGALGNALSRVL,amp_all_clean.csv,1
FLGFVGQALNALLGKL,amp_all_clean.csv,1
VLLVTLTRLHQRGVIYRKWRHFSGRKYR,amp_all_clean.csv,1
QSHLSLCRWCCNCCHNKGCGFCCKF,amp_all_clean.csv,1
LSVKAFTGIQLRGVCGIEVKARG,amp_all_clean.csv,1
GGVGKIIEYFIGGGVGRYG,amp_all_clean.csv,1
FLGSIIGALAKGLPSLIALIKK,amp_all_clean.csv,1
ATCYCRTGR,amp_all_clean.csv,1
ATCYCRTGRCATR,amp_all_clean.csv,1
TGRCATRESLSGVCEISGRLYRLCCR,amp_all_clean.csv,1
HRRQGPIFDTRPSPFNPNQPRPGPIY,amp_all_clean.csv,1
FLPILAGLAANLVPKLICSITKKC,amp_all_clean.csv,1
KFFKKLKKSVKKHVKKFFKKPKVIGVSIPF,amp_all_clean.csv,1
FIHHIIKGIFHIGKIIHSAINRRRH,amp_all_clean.csv,1
QSHLSLCRWCCNCCNRYKGCGFCCKF,amp_all_clean.csv,1
KGARQAWKDYKYNRNMQKMNQGYGQQGG,amp_all_clean.csv,1
FFRHIVGAISRIFGQKQRDMAD,amp_all_clean.csv,1
GLLKSLCRKFVKVHLPELIEELTTTD,amp_all_clean.csv,1
SVEIPKPFKWNDSF,amp_all_clean.csv,1
RGCYTRCWKVGRNGRVCMRVCT,amp_all_clean.csv,1
VAEARQGSFSY,amp_all_clean.csv,1
MLCPSYRRCPRVPP,amp_all_clean.csv,1
GLWSKIKDAAKTAGKAALGFVNEMV,amp_all_clean.csv,1
AAVTRRILCWFA,amp_all_clean.csv,1
VALTGLTVAEYFR,amp_all_clean.csv,1
SDTGTKSRK,amp_all_clean.csv,1
SKTKRRSLLKRLGDGIRGFWNGFRGRK,amp_all_clean.csv,1
SNGYRPAYRPAYRPSYRPGK,amp_all_clean.csv,1
SNVYRPPPYRPVYRPLRRPGYRPGK,amp_all_clean.csv,1
ATKAVCVLKGDGPVQGIINF,amp_all_clean.csv,1
VKAQEPVKGPVSTKPGSCPIILIRCA,amp_all_clean.csv,1
VMWCYVFGYGFNCAVW,amp_all_clean.csv,1
VGAVAFGPVGAVVGGLASGFTGKQT,amp_all_clean.csv,1
GGDGSIAEYFNRPMHIHDWQIMDSGYYG,amp_all_clean.csv,1
VRRSKRGIKVPSFVKKVLKDVVSESIS,amp_all_clean.csv,1
DWTCSKWSCLVCDDCSVELT,amp_all_clean.csv,1
FLGAVLKVAGKLVPAAICKISKKC,amp_all_clean.csv,1
SLWGKLKEMAAAAGKAALNAVNGLVNQ,amp_all_clean.csv,1
SSAPCTIYASVSASISATASWGC,amp_all_clean.csv,1
RKCVRVQLIKNGKKITAF,amp_all_clean.csv,1
LNLKKILGKIGVMLSHLN,amp_all_clean.csv,1
GICRCVCRRGVCRCICLL,amp_all_clean.csv,1
GVCRCVCRRGVCRCFCRR,amp_all_clean.csv,1
GICRCFCRRGVCRCICLL,amp_all_clean.csv,1
GVCRCFCRRGVCRCFCRR,amp_all_clean.csv,1
FFGHLLRGIVSVGKHIHGLITG,amp_all_clean.csv,1
MRVLCGRDGRCPKFMCRTFL,amp_all_clean.csv,1
ASWKVFLKNIGKAAGKAVLNSVTDMVNQ,amp_all_clean.csv,1
SLWSSIKDMAAAAGRAALNAVNGIVNP,amp_all_clean.csv,1
SLWSSIKDMAAAAGRAALNAVNGILNP,amp_all_clean.csv,1
SLRSSIKDMAAAAGRAALNAVNGIVNP,amp_all_clean.csv,1
FLPFFAACAITRKC,amp_all_clean.csv,1
FLSLIPHIVSGVASLAIHF,amp_all_clean.csv,1
GIKEFAHSLGKFGKAFFGGILNQ,amp_all_clean.csv,1
GPSGFLGMR,amp_all_clean.csv,1
APAAGFFGMR,amp_all_clean.csv,1
GLKDWWNKHKDKIVKVVKEMGKAGINAA,amp_all_clean.csv,1
SCTTCTCCCSCCA,amp_all_clean.csv,1
GLLDLLKGAGKGLLTHLASQI,amp_all_clean.csv,1
GLLDFFKGAGKELLTHLASQI,amp_all_clean.csv,1
GAVVDILKGAGKNLLSLALNKLSEKV,amp_all_clean.csv,1
FLPLIAGLFGKIF,amp_all_clean.csv,1
INLRAIAALAKKLL,amp_all_clean.csv,1
INLRAIAAFAKKLL,amp_all_clean.csv,1
GFLDVLKGVGKAALGAVTHLINQ,amp_all_clean.csv,1
GFLDVVKGVGKAALGAVTHLINQ,amp_all_clean.csv,1
NYWKKGKWTIGS,amp_all_clean.csv,1
NFWKKGKWTIGS,amp_all_clean.csv,1
IRIILRAQGALKI,amp_all_clean.csv,1
FLGSLFSIGSKLLPGVIKLFQRKKQ,amp_all_clean.csv,1
FFFLPSLIGGLVSAIK,amp_all_clean.csv,1
TPAAAVVTTVISGAAVTTAKSI,amp_all_clean.csv,1
FLPVIAGIAANVLPKLFCKLTKRC,amp_all_clean.csv,1
GIMDSIKGAAKEIAGHLLDNLKCKITGC,amp_all_clean.csv,1
ATCYCRTGRCATRESLSGVCEISGRLYR,amp_all_clean.csv,1
IWGLIAHGVAHVGSLIHGLVNG,amp_all_clean.csv,1
IFGKIWEGIKSLF,amp_all_clean.csv,1
TVRIIVKVVKYLV,amp_all_clean.csv,1
TVKIIVKVVKYLV,amp_all_clean.csv,1
TLKIIVKVVKYLV,amp_all_clean.csv,1
TLKIVVKVVKYLV,amp_all_clean.csv,1
TLKVVVKVVKYLV,amp_all_clean.csv,1
TLKIIVKIVKYLV,amp_all_clean.csv,1
SMLLLFFLGTISLSLCQDDQERC,amp_all_clean.csv,1
RRIPRPILLPWRPPRPIPRPQPQPIPRWL,amp_all_clean.csv,1
FFGAIAKLAMKFLPAIYKQIQKKRK,amp_all_clean.csv,1
NEPTHLLKAFSKAGFQ,amp_all_clean.csv,1
FFPIIARLAAKVIPSLVCAVTKKC,amp_all_clean.csv,1
FLALALIQEAIAKLK,amp_all_clean.csv,1
GVITDALKGAAKTVAAELLKKAHCKLTNSC,amp_all_clean.csv,1
IAWKGIAAMAKKLL,amp_all_clean.csv,1
IKWKAILDAVKKVI,amp_all_clean.csv,1
AVYLPNCDRKGFYKRKQCKPSR,amp_all_clean.csv,1
GVFKDALKQLGAALLDKAANALKPK,amp_all_clean.csv,1
GVFKDALKQFGAALLDKAANALKPK,amp_all_clean.csv,1
GVFKDALKQFGAALLDQAANALKPK,amp_all_clean.csv,1
GFLDTLKNIGKTVGRIALNVLT,amp_all_clean.csv,1
GFLDTLKNIGKTVGGIALNVLT,amp_all_clean.csv,1
GFLDTLKNIGKTVGKVALDVAKNVLT,amp_all_clean.csv,1
RGDILKRWAGHFSKLL,amp_all_clean.csv,1
ALWKTLLKNVGKAAGKAVLNAVTDMVNQ,amp_all_clean.csv,1
FVDLKKIANILNSIF,amp_all_clean.csv,1
INLKAIAALVKKVL,amp_all_clean.csv,1
VDWKKIGQHILSVL,amp_all_clean.csv,1
GIGGALLSFGKSALKGLAKGLAEHF,amp_all_clean.csv,1
AALKKALTAGGY,amp_all_clean.csv,1
FKFLARTGKFL,amp_all_clean.csv,1
YVSPVAIVKGLNIPL,amp_all_clean.csv,1
SKKSKPGDGIRGKGVRG,amp_all_clean.csv,1
GHGGHGVFGGGYGHGGYGHGYGG,amp_all_clean.csv,1
CHPTHTVATDDQGHLCTTIIC,amp_all_clean.csv,1
CHPTHTVATDDQGHLCTTII,amp_all_clean.csv,1
FLGALIPAITGLIGGLINR,amp_all_clean.csv,1
FLGALIPAAIGLISGLIKK,amp_all_clean.csv,1
FLGALIPAIAGAIGGLIRK,amp_all_clean.csv,1
FFGALIPAVAGAIGGFFRK,amp_all_clean.csv,1
AAGIQAQAGFGLSDSIQGTGKQKCSFCK,amp_all_clean.csv,1
KRVNWRKVGRNTALGASYVLSFLG,amp_all_clean.csv,1
KRVNWAKVGRTALKLLPYIFG,amp_all_clean.csv,1
TRRKWWKKVLNGAIKIAPYILD,amp_all_clean.csv,1
KRVNWRKVGLGASYVMSWLG,amp_all_clean.csv,1
NCNFLCKVKQRLRSVSSTSHIGMAIPRPRG,amp_all_clean.csv,1
FLGGILKVASKIPSVFCAVLKTC,amp_all_clean.csv,1
GMWGTVFKGIKTVAKHLLPHVFSSQQS,amp_all_clean.csv,1
SLLSTLGNMAKAAGRAALNAITGLVNQ,amp_all_clean.csv,1
GILDTLKQLGKAAVQGLLSKAACKLAKTC,amp_all_clean.csv,1
GFMDTAKNVAKNVAVTLLYNLKCKITKAC,amp_all_clean.csv,1
GLLLDTVKGAAKNVAGILLNKLKCKVTGDC,amp_all_clean.csv,1
VVVNVLVKVLPPPVV,amp_all_clean.csv,1
VVMNLLVKVLKYVV,amp_all_clean.csv,1
VVLNLLVKVLKYGK,amp_all_clean.csv,1
GLLSGILGAGKKIVCGFSGLC,amp_all_clean.csv,1
GLISGILGAGKKVLCGLSGLC,amp_all_clean.csv,1
GFMDTAKNVAKNVAVTLLDNLKCKITKAC,amp_all_clean.csv,1
GLLRGILGAGKKIVCGLSGLC,amp_all_clean.csv,1
GLLSGLLGAGKKIVCGLSGMC,amp_all_clean.csv,1
GILSGLLGAGKKIVCGLSGLC,amp_all_clean.csv,1
GLLGKVLGVGKKVLCGVTGLC,amp_all_clean.csv,1
GLWTTIKEGVKNFSVGVLDKIRCKITGGC,amp_all_clean.csv,1
GLLGKVLGVGKKVLCVVSGLC,amp_all_clean.csv,1
GLLGKILGVGKKVLCGVSGLC,amp_all_clean.csv,1
GILSGLLGAGKKIVCGLSGMC,amp_all_clean.csv,1
GLLGKVLGVGKKVLCGVSGRC,amp_all_clean.csv,1
EEQRFLPVVAGLAAKVLPSIICAVTKKC,amp_all_clean.csv,1
VVVNLLVKVLKYAK,amp_all_clean.csv,1
VVLNLVVKLLKYAK,amp_all_clean.csv,1
GHSVDRIPEYFGPPGLPGPVLFYS,amp_all_clean.csv,1
MTPLWRILASKPQGAYCHDHIECSTGLCR,amp_all_clean.csv,1
LETLLSLI,amp_all_clean.csv,1
LETLLSLV,amp_all_clean.csv,1
PQAAIVASG,amp_all_clean.csv,1
PQAAIAASG,amp_all_clean.csv,1
PQSAIVASG,amp_all_clean.csv,1
PQAVIVASG,amp_all_clean.csv,1
PQAAIVAAG,amp_all_clean.csv,1
RHPDYSVALLLR,amp_all_clean.csv,1
ITGGPAVVHQA,amp_all_clean.csv,1
GWFSLVRKVVGGVGSL,amp_all_clean.csv,1
FLPLIAGVAAKVLPKIFCAISKKC,amp_all_clean.csv,1
FLPLIAGKIFCAISKKC,amp_all_clean.csv,1
FLPFLGKLLSGIF,amp_all_clean.csv,1
FFPLIFGALSSILPKIL,amp_all_clean.csv,1
SDSVVSDIICTTFCSVTWCQSNCC,amp_all_clean.csv,1
DDLYKLVNQGFGAVCSFIDGFNGKKYRGKC,amp_all_clean.csv,1
DDLYKLVNQGFGAICSFIDGFNGKKYRGKC,amp_all_clean.csv,1
FLKSNALL,amp_all_clean.csv,1
IFKAIWSGINRLF,amp_all_clean.csv,1
FLGVALKLGKVLGKALLPLASSLLHSQ,amp_all_clean.csv,1
GIFKDTLKKVVAAVLTTVADNIHPK,amp_all_clean.csv,1
GLMDMLKKVGKVALTVAKSALLP,amp_all_clean.csv,1
DKPKKKPPPPAGPPPPPPPPPGPPPPGP,amp_all_clean.csv,1
ALWKSILKNAGKAALNEINQIV,amp_all_clean.csv,1
FLGSLFSIGSKLLPGVFKLFSRKKQ,amp_all_clean.csv,1
IFGMIPGLIGGLISAFK,amp_all_clean.csv,1
GGRGHIAEYFSGPITQVSFYG,amp_all_clean.csv,1
GGGGPTPEYFLMPIDPAWLQANLPNTGKYN,amp_all_clean.csv,1
RNKMAYNVGKAISRIMRRVR,amp_all_clean.csv,1
KVPVAAAAAAAAAVVASSMVVAAAK,amp_all_clean.csv,1
FKYDSTHGRFHGEVKAEGGKL,amp_all_clean.csv,1
IHAEEILDIRGNPTVEVDLHTAKGH,amp_all_clean.csv,1
QSHISLCRYCCKCCKTKGCGFCCSF,amp_all_clean.csv,1
SLGSSPYNDILGYPALIVIYP,amp_all_clean.csv,1
GYPWWDYRDLFGGHTFISP,amp_all_clean.csv,1
GAVHDVKDVLDS,amp_all_clean.csv,1
SSLLEKGLDGAKKAVGGLGKLGKDA,amp_all_clean.csv,1
FLGTVLKVAAKVLPAALCQIFKKC,amp_all_clean.csv,1
QSHLSMCRYCCKCCRNKGCGFCCRF,amp_all_clean.csv,1
ITSKSLCTPGCKTGILMTCPLKTATCGCHF,amp_all_clean.csv,1
ITSISLCTAGCITGVIMTCMSNGCK,amp_all_clean.csv,1
VPTTPFLCTNDPQCKVNYEDGHCFDILSK,amp_all_clean.csv,1
IKCKFCCGCCTPGVCGVCCRF,amp_all_clean.csv,1
AGLGKIGALIQKVIAKYKA,amp_all_clean.csv,1
QSHLSMCRYCCCKGNKGCGFCCKF,amp_all_clean.csv,1
CLGIGSCDDFAGCGYAIVCFW,amp_all_clean.csv,1
ITSWSLCTAGCITGRIMGCNK,amp_all_clean.csv,1
CGCYCKSVDKKRRFFIPTCLRSCCN,amp_all_clean.csv,1
VFDIIKDAGKQLVAHAMGKIAEKV,amp_all_clean.csv,1
VFDIIKDAGRQLVAHAMGKIAEKV,amp_all_clean.csv,1
HFDNLNKIQANI,amp_all_clean.csv,1
VLDLVTKTLKNVPKTVKGLLPL,amp_all_clean.csv,1
SPRVCIRVCRNGVCYRRCWG,amp_all_clean.csv,1
GVFDTVKKIGKAVGKFALGVAKNYLNS,amp_all_clean.csv,1
FLGTVLKLGKAIAKTVVPMLTNAMQPKQ,amp_all_clean.csv,1
FLGLIPALAGAIGNLIK,amp_all_clean.csv,1
ALWKTLLKKVGKVAGKAVLNAVTNMANQN,amp_all_clean.csv,1
FLPLLAGLAASFLPTIFCKISRKC,amp_all_clean.csv,1
ACLRIRVCNRYYCYVFLRCF,amp_all_clean.csv,1
FCIRVRVCNHYFCFYALRCF,amp_all_clean.csv,1
GIPCGESCVWIPCISGAIGCSCKSKVCYRN,amp_all_clean.csv,1
GSYISCGETCVKLKCYTPGCTCTWPACKKN,amp_all_clean.csv,1
VTRASGASTPPGTASPFKTL,amp_all_clean.csv,1
ALWKTLLKHVGKAAGKAALNAVTDMVNQ,amp_all_clean.csv,1
AGMKNIIDAIKKKLGGKL,amp_all_clean.csv,1
TGLGKIGYLMKKLLSKAKV,amp_all_clean.csv,1
GRFRRLRNRIRNIWRKIGPIAGPLISRFG,amp_all_clean.csv,1
GRFSRLRKRIRKVWRKIGPIAGPIIGHFG,amp_all_clean.csv,1
INLKGLIKKVASLLT,amp_all_clean.csv,1
FDLLGLVKKVASAL,amp_all_clean.csv,1
FDLLGLVKSVVSAL,amp_all_clean.csv,1
FGPVIGLLSGILKSLL,amp_all_clean.csv,1
GFLDVIKHVGKAALSVVSHLINE,amp_all_clean.csv,1
GNGVVTTISHECNMNSWQFLFTCCG,amp_all_clean.csv,1
MMMMRMQQEEMQPR,amp_all_clean.csv,1
RCFRRRGKLTC,amp_all_clean.csv,1
FLSLIPHAISAVSALAKHL,amp_all_clean.csv,1
FLPFLASLALKIL,amp_all_clean.csv,1
GLWTGKYTDVFGGRALIKIIIQT,amp_all_clean.csv,1
FFPIVAGVAAKVLKKIFCTISKKC,amp_all_clean.csv,1
RKCNLFCKAKQKLKSLSSVIGTVVHPPRG,amp_all_clean.csv,1
IITGASSGIGKAIAKHFI,amp_all_clean.csv,1
RWRRFWGKAKRGIKKHGVSIALAALRLRG,amp_all_clean.csv,1
AGECVRGRCPGGLCCSKFGFCGSGPAYCGG,amp_all_clean.csv,1
GKPNRPRPAPIQPRPPHPRL,amp_all_clean.csv,1
GKPNKPRPAPIKPRPPHPRL,amp_all_clean.csv,1
FLPFLGKLFSGIF,amp_all_clean.csv,1
GNRPNIPTYIPRPRPPHPRL,amp_all_clean.csv,1
RNRPNIPKYIPPPRPPHPRL,amp_all_clean.csv,1
GSRPIYVPPPRPPHPRL,amp_all_clean.csv,1
GRMQEFIKKLKAYLRKMKEKFSQIS,amp_all_clean.csv,1
AKKVFKRLEKLFSKIQNDK,amp_all_clean.csv,1
GFIFHIIKGLFHAGKMIHGLV,amp_all_clean.csv,1
KRFWQLVPLAIKIYRAWKRR,amp_all_clean.csv,1
DEMKLDGFNMHLE,amp_all_clean.csv,1
AAGKGLVSNLLEK,amp_all_clean.csv,1
GLLDFLKAAGKGLVSNLLEK,amp_all_clean.csv,1
GVTFNALKGVAKTVAAQLLKTAR,amp_all_clean.csv,1
GNNRPVYIPQPRPPHPRI,amp_all_clean.csv,1
GNNRPVYIPQPRPPHPRL,amp_all_clean.csv,1
RLCRIVVIRVCR,amp_all_clean.csv,1
GLFDIIKKIAESI,amp_all_clean.csv,1
GLFDIIKKIAESF,amp_all_clean.csv,1
GLLDIVKKVVGAFGSL,amp_all_clean.csv,1
GLFDIVKKVVGALGSL,amp_all_clean.csv,1
GLFDIVKKVVGAIGSL,amp_all_clean.csv,1
GLFDIVKKVVGTLAGL,amp_all_clean.csv,1
GLFDIVKKVVGAFGSL,amp_all_clean.csv,1
GLFDIAKKVIGVIGSL,amp_all_clean.csv,1
GLFDIVKKIAGHIAGSI,amp_all_clean.csv,1
GLFDIVKKIAGHIASSI,amp_all_clean.csv,1
GLFDIVKKIAGHIVSSI,amp_all_clean.csv,1
HGVSGHGQHGVHG,amp_all_clean.csv,1
FKCRRWQWRMKKLGAPSITCVRRAF,amp_all_clean.csv,1
CLGIGSCNDFAGCGYAVVCFW,amp_all_clean.csv,1
QRFSQPTFKLPQGRLTLSRKF,amp_all_clean.csv,1
KSSAYSLQMGATAIKQVKKLFKKWGW,amp_all_clean.csv,1
GIGASILSAGKSALKGLAKGLAEHFAN,amp_all_clean.csv,1
GIGSAILSAGKSALKGLAKGLAEHFAN,amp_all_clean.csv,1
GIGAAILSAGKSALKGLAKGLAEHF,amp_all_clean.csv,1
GIGGALLSAGKSALKGLAKGLAEHFAN,amp_all_clean.csv,1
IIGPVLGMVGSALGGLLKKI,amp_all_clean.csv,1
IIGPVLGLVGSALGGLLKKI,amp_all_clean.csv,1
GIGTKILGGVKTALKGALKELASTYAN,amp_all_clean.csv,1
GIGTKILGGVKTALKGALKELASTYVN,amp_all_clean.csv,1
GIGGKILSGLKTALKGAAKELASTYLH,amp_all_clean.csv,1
GIGGVLLSAGKAALKGLAKVLAEKYAN,amp_all_clean.csv,1
SIGAKILGGVKTFFKGALKELASTYLQ,amp_all_clean.csv,1
ILGPVLSLVGSALGGLIKKI,amp_all_clean.csv,1
SKITDILAKLGKVLAHV,amp_all_clean.csv,1
VIPFVASVAAEMQHVYCAASRKC,amp_all_clean.csv,1
FLPLLAGLAANFLPKIFCKITRKC,amp_all_clean.csv,1
FLPVLAGIAAKVVPALFCKITKKC,amp_all_clean.csv,1
FLGALFKVASKVLPSVFCAITKKC,amp_all_clean.csv,1
FLPLLAGLAANFLPTIICKISYKC,amp_all_clean.csv,1
FLPLIGRVLSGIL,amp_all_clean.csv,1
LLPIVGNLLKSLL,amp_all_clean.csv,1
LLPILGNLLNGLL,amp_all_clean.csv,1
VLPIIGNLLNSLL,amp_all_clean.csv,1
FLPLIGKVLSGIL,amp_all_clean.csv,1
FFPVIGRILNGIL,amp_all_clean.csv,1
LLPNLLKSLL,amp_all_clean.csv,1
FVQWFSKFLGRIL,amp_all_clean.csv,1
GSKKPVPIIYCNRRTGKCQRM,amp_all_clean.csv,1
FLPFLAKILTGVL,amp_all_clean.csv,1
FLPLFASLIGKLL,amp_all_clean.csv,1
FLPFLASLLSKVL,amp_all_clean.csv,1
FLPFLATLLSKVL,amp_all_clean.csv,1
VLPLISMALGKLL,amp_all_clean.csv,1
NFLGTLINLAKKIM,amp_all_clean.csv,1
FLPILINLIHKGLL,amp_all_clean.csv,1
FLPIVGKLLSGLL,amp_all_clean.csv,1
SMLSVLKNLGKVGLGFVACKINKQC,amp_all_clean.csv,1
FLPFIARLAAKVFPSIICSVTKKC,amp_all_clean.csv,1
GLLDTIKGVAKTVAASMLDKLKCKISGC,amp_all_clean.csv,1
SMLSVLKNLGKVGLGLVACKINKQC,amp_all_clean.csv,1
GLFLDTLKGLAGKLLQGLKCIKAGCKP,amp_all_clean.csv,1
FLPLILRKIVTAL,amp_all_clean.csv,1
GIGKFLHSAKKFGKAFVGEIMNS,amp_all_clean.csv,1
GIGAVLKVLTTGLPALISWIKRKRQQ,amp_all_clean.csv,1
ILPWKWPWWPWRR,amp_all_clean.csv,1
VRRFPWWWPFLRR,amp_all_clean.csv,1
RSVCRQIKICRRRGGCYYKCTNRPY,amp_all_clean.csv,1
RGLRRLGRKIAHGVKKYGPTVLRIIRIAG,amp_all_clean.csv,1
ALWKNMLKGIGKLAGKAALGAVKKLVGAES,amp_all_clean.csv,1
ALWMTLLKKVLKAAAKAALNAVLVGANA,amp_all_clean.csv,1
GLWSKIKTAGKSVAKAAAKAAVKAVTNAV,amp_all_clean.csv,1
GLWNKIKEAASKAAGKAALGFVNEMV,amp_all_clean.csv,1
ALWKDILKNVGKAAGKAVLNTVTDMVNQ,amp_all_clean.csv,1
ALWKTIIKGAGKMIGSLAKNLLGSQAQPES,amp_all_clean.csv,1
ALWKNMLKGIGKLAGQAALGAVKTLVGA,amp_all_clean.csv,1
GWGSFFKKAAHVGKHVGKAALTHYL,amp_all_clean.csv,1
GWMSKIASGIGTFLSGMQQ,amp_all_clean.csv,1
GRPNPVNNKPTPHPRL,amp_all_clean.csv,1
GRPNPVNTKPTPYPRL,amp_all_clean.csv,1
VDKGSYLPRPTPPRPIYNRN,amp_all_clean.csv,1
HRHQGPIFDTRPSPFNPNQPRPGPIY,amp_all_clean.csv,1
GKPRPYSPRPTSHPRPIRV,amp_all_clean.csv,1
ACYCRIPACIAGERRYGTCIYQGRLWAFCC,amp_all_clean.csv,1
CYCRIPACIAGERRYGTCIYQGRLWAFCC,amp_all_clean.csv,1
DCYCRIPACIAGERRYGTCIYQGRLWAFCC,amp_all_clean.csv,1
QCRRLCYKQRCVTYCRGR,amp_all_clean.csv,1
ICIFCCGCCHRSKCGMCCKT,amp_all_clean.csv,1
DTHFPICIFCCGCCHRSKCGMCCKT,amp_all_clean.csv,1
VGECVRGRCPSGMCCSQFGYCGKGPKYCGR,amp_all_clean.csv,1
RGGRLCYCRRRFCVCVGR,amp_all_clean.csv,1
LKLKSIVSWAKKVL,amp_all_clean.csv,1
INLKALAALAKKIL,amp_all_clean.csv,1
GVLSNVIGYLKKLGTGALNAVLKQ,amp_all_clean.csv,1
GMASKAGAIAGKIAKVALKAL,amp_all_clean.csv,1
RRWCFRVCYRGFCYRKCR,amp_all_clean.csv,1
RRWCFRVCYKGFCYRKCR,amp_all_clean.csv,1
KWCFRVCYRGICYRKCR,amp_all_clean.csv,1
KWCFRVCYRGICYRRCR,amp_all_clean.csv,1
RWCFRVCYRGICYRKCR,amp_all_clean.csv,1
RGGRLCYCRRRFCICV,amp_all_clean.csv,1
RGGGLCYCRRRFCVCVGR,amp_all_clean.csv,1
RGGRLCYCRGWICFCVGR,amp_all_clean.csv,1
RGGRLCYCRPRFCVCVGR,amp_all_clean.csv,1
CSCRTSSCRFGERLSGACRLNGRIYRLCC,amp_all_clean.csv,1
GWASKIGQTLGKIAKVGLKELIQPK,amp_all_clean.csv,1
GLLSVLGSVAKHVLPHVVPVIAEHL,amp_all_clean.csv,1
GLLGVLGSVAKHVLPHVVPVIAEHL,amp_all_clean.csv,1
GLLSVLGSVAQHVLPHVVPVIAEHL,amp_all_clean.csv,1
GLLSSLSSVAKHVLPHVVPVIAEHL,amp_all_clean.csv,1
GLLSVLGSVVKHVIPHVVPVIAEHL,amp_all_clean.csv,1
GLVSSIGRALGGLLADVVKSKGQPA,amp_all_clean.csv,1
GLVSSIGRALGGLLADVVKSKEQPA,amp_all_clean.csv,1
GLVSSIGKALGGLLADVVKTKEQPA,amp_all_clean.csv,1
GLWQKIKDKASELVSGIVEGVK,amp_all_clean.csv,1
GLWEKIKEKASELVSGIVEGVK,amp_all_clean.csv,1
GLWEKIKEKANELVSGIVEGVK,amp_all_clean.csv,1
GLWEKIREKANELVSGIVEGVK,amp_all_clean.csv,1
GLWQKIKSAAGDLASGIVEGIKS,amp_all_clean.csv,1
GLWQKIKSAAGDLASGIVEAIKS,amp_all_clean.csv,1
GLWQKIKNAAGDLASGIVEGIKS,amp_all_clean.csv,1
GLFGVLAKVAAHVVPAIAEHF,amp_all_clean.csv,1
GLFVGLAKVAAHNNPAIAEHFQA,amp_all_clean.csv,1
GFVDFLKKVAGTIANVVT,amp_all_clean.csv,1
GLLQTIKEKLESLESLAKGIVSGIQA,amp_all_clean.csv,1
LSCKRGTCHFGRCPSHLIKGSCSGG,amp_all_clean.csv,1
GIPCGESCVWIPCISAALGCSCKNKVCYRN,amp_all_clean.csv,1
VFQFLGKIIHHVGNFVHGFSHVF,amp_all_clean.csv,1
VFQFLGRIIHHVGNFVHGFSHVF,amp_all_clean.csv,1
VFHLLGKIIHHVGNFVYGFSHVF,amp_all_clean.csv,1
AFKLLGRIIHHVGNFVYGFSHVF,amp_all_clean.csv,1
LFKLLGKIIHHVGNFVHGFSHVF,amp_all_clean.csv,1
GIFSSRKCKTVSKTFRGICTRNANC,amp_all_clean.csv,1
MFFSSKKCKTVSKTFRGPCVRNA,amp_all_clean.csv,1
GCRFCCNCCPNMSGCGVCCRF,amp_all_clean.csv,1
FCTMIPIPRCY,amp_all_clean.csv,1
RVCFAIPLPICH,amp_all_clean.csv,1
RVCYAIPLPICY,amp_all_clean.csv,1
RVCYAIPLPIC,amp_all_clean.csv,1
CYSAAKYPGFQEFINRKYKSSRF,amp_all_clean.csv,1
GIVDFAKKVVGGIRNALGI,amp_all_clean.csv,1
GFVDLAKKVVGGIRNALGI,amp_all_clean.csv,1
GFFDLAKKVVGGIRNALGI,amp_all_clean.csv,1
GILDFAKTVVGGIRNALGI,amp_all_clean.csv,1
GIVDFAKGVLGKIKNVLGI,amp_all_clean.csv,1
GIIDIAKKLVGGIRNVLGI,amp_all_clean.csv,1
GILDVAKTLVGKLRNVLGI,amp_all_clean.csv,1
GVLDAFRKIATVVKNVV,amp_all_clean.csv,1
GVGDLIRKAVSVIKNIV,amp_all_clean.csv,1
GVIDAAKKVVNVLKNLF,amp_all_clean.csv,1
GVGSFIHKVVSAIKNVA,amp_all_clean.csv,1
GWFDVVKHIASAV,amp_all_clean.csv,1
GFGKAFHSVSNFAKKHKTA,amp_all_clean.csv,1
GFGPAFHSVSNFAKKHKTA,amp_all_clean.csv,1
PDPAKTAPKKGSKKAVTKA,amp_all_clean.csv,1
FFGWLIKGAIHAGKAIHGLIHRRRH,amp_all_clean.csv,1
FFGWLIRGAIHAGKAIHGLIHRRRH,amp_all_clean.csv,1
FIGLLISAGKAIHDLIRRRH,amp_all_clean.csv,1
GNNRPIYIPQPRPPHPRL,amp_all_clean.csv,1
GLLSVLGSVAKHVLPHVVPVIAEKL,amp_all_clean.csv,1
GLFDVIKKVASVIGGL,amp_all_clean.csv,1
GLFDIIKKVASVVGGL,amp_all_clean.csv,1
GLFDIIKKVASVIGGL,amp_all_clean.csv,1
QRFIHPTYRPPPQPRRPVIMRA,amp_all_clean.csv,1
FFPIGVFCKIFKTC,amp_all_clean.csv,1
FGLPMLSILPKALCILLKRKC,amp_all_clean.csv,1
VDKPDYRPRPRPPNM,amp_all_clean.csv,1
VDKPDYRPRPWPRPN,amp_all_clean.csv,1
VDKPDYRPRPWPRNMI,amp_all_clean.csv,1
VDKPDYRPRPWPRPNM,amp_all_clean.csv,1
GRFKRFRKKFKKLFKKLSPVIPLLHLG,amp_all_clean.csv,1
GGLRSLGRKILRAWKKYGPIIVPIIRIG,amp_all_clean.csv,1
RIIDLLWRVRRPQKPKFVTVWVR,amp_all_clean.csv,1
GWKDWAKKAGGWLKKKGPGMAKAALKAAMQ,amp_all_clean.csv,1
GWKDWLKKGKEWLKAKGPGIVKAALQAATQ,amp_all_clean.csv,1
GWKDWLNKGKEWLKKKGPGIMKAALKAATQ,amp_all_clean.csv,1
DFKDWMKTAGEWLKKKGPGILKAAMAAAT,amp_all_clean.csv,1
GLKDWVKIAGGWLKKKGPGILKAAMAAATQ,amp_all_clean.csv,1
GLVDVLGKVGGLIKKLLP,amp_all_clean.csv,1
GLVDVLGKVGGLIKKLLPG,amp_all_clean.csv,1
LLKELWTKMKGAGKAVLGKIKGLL,amp_all_clean.csv,1
LLKELWTKIKGAGKAVLGKIKGLL,amp_all_clean.csv,1
WLGSALKIGAKLLPSVVGLFKKKKQ,amp_all_clean.csv,1
WLGSALKIGAKLLPSVVGLFQKKKK,amp_all_clean.csv,1
GIWGTLAKIGIKAVPRVISMLKKKKQ,amp_all_clean.csv,1
GIWGTALKWGVKLLPKLVGMAQTKKQ,amp_all_clean.csv,1
FWGALIKGAAKLIPSVVGLFKKKQ,amp_all_clean.csv,1
FIGTALGIASAIPAIVKLFK,amp_all_clean.csv,1
SGFVLKGYTKTSQ,amp_all_clean.csv,1
AGFVLKGYTKTSQ,amp_all_clean.csv,1
HVDKKVADKVLLLKQLRIMRLLTRL,amp_all_clean.csv,1
FISAIASMLGKFL,amp_all_clean.csv,1
FLFPLITSFLSKVL,amp_all_clean.csv,1
SIGSALKKALPVAKKIGKIALPIAKAALP,amp_all_clean.csv,1
SIGSAFKKALPVAKKIGKAALPIAKAALP,amp_all_clean.csv,1
GIGASILSAGKSALKGFAKGLAEHFAN,amp_all_clean.csv,1
GFLGPLLKLAAKGVAKVIPHLIPSRQQ,amp_all_clean.csv,1
GCWSTVLGGLKKFAKGGLEAIVNPK,amp_all_clean.csv,1
GVFLDALKKFAKGGMNAVLNPK,amp_all_clean.csv,1
GLLGPLLKIAAKVGSNLL,amp_all_clean.csv,1
ILGKIWEGIKSLF,amp_all_clean.csv,1
GLMSVLGHAVGNVLGGLFKS,amp_all_clean.csv,1
ACYCRIPACLAGERRYGTCFYMGRVWAFCC,amp_all_clean.csv,1
GFCRCLCRRGVCRCICTR,amp_all_clean.csv,1
GADFQECMKEHSQKQHQHQG,amp_all_clean.csv,1
GLLKRIKTLL,amp_all_clean.csv,1
INLKAIAALAKKLL,amp_all_clean.csv,1
SYSMEHFRWGKPV,amp_all_clean.csv,1
RICRIIFLRVCR,amp_all_clean.csv,1
FLPVVAGLAAKVLPSIICAVTKKC,amp_all_clean.csv,1
FLPAIVGAAGQFLPKIFCAISKKC,amp_all_clean.csv,1
FLPAIVGAAGKFLPKIFCAISKKC,amp_all_clean.csv,1
FFPIVAGVAGQVLKKIYCTISKKC,amp_all_clean.csv,1
VNPIILGVLPKFVCLITKKC,amp_all_clean.csv,1
GLWETIKNFGKKFTLNILHKLKCKIGGGC,amp_all_clean.csv,1
GLWETIKNFGKKFTLNILHNLKCKIGGGC,amp_all_clean.csv,1
FLPIIAGIAAKVFPKIFCAISKKC,amp_all_clean.csv,1
FLPMLAGLAASMVPKLVCLITKKC,amp_all_clean.csv,1
FLPMLAGLAASMVPKFVCLITKKC,amp_all_clean.csv,1
FLPFIAGMAAKFLPKIFCAISKKC,amp_all_clean.csv,1
FLPAIAGMAAKFLPKIFCAISKKC,amp_all_clean.csv,1
FLPFIAGVAAKFLPKIFCAISKKC,amp_all_clean.csv,1
FLPAIAGVAAKFLPKIFCAISKKC,amp_all_clean.csv,1
FLPAIVGAAAKFLPKIFCVISKKC,amp_all_clean.csv,1
FLPFIAGMAANFLPKIFCAISKKC,amp_all_clean.csv,1
FLPIIAGVAAKVFPKIFCAISKKC,amp_all_clean.csv,1
FLPIIASVAAKVFSKIFCAISKKC,amp_all_clean.csv,1
FLPIIASVAANVFSKIFCAISKKC,amp_all_clean.csv,1
FFHHIFRGIVHVGKTIHRLVTG,amp_all_clean.csv,1
FIHHIFRGIVHAGRSIGRFLTG,amp_all_clean.csv,1
GLNTLKKVFQGLHEAIKLINNHVQ,amp_all_clean.csv,1
GLNALKKVFQGIHEAIKLINNHVQ,amp_all_clean.csv,1
GINTLKKVIQGLHEVIKLVSNHE,amp_all_clean.csv,1
GINTLKKVIQGLHEVIKLVSNHA,amp_all_clean.csv,1
GGAGHVPEYFVGIGTPISFYG,amp_all_clean.csv,1
AALKGCWTKSIPPKPCSGKR,amp_all_clean.csv,1
AALRGCWTKSIPPKPCSGKR,amp_all_clean.csv,1
RQRVEELSKFSKKGAAARRRK,amp_all_clean.csv,1
NLVSGLIEARKYLEQLHRKLKNCKV,amp_all_clean.csv,1
ILGPVLGLVSDTLDDVLGIL,amp_all_clean.csv,1
VGALAVVVWLWLWLW,amp_all_clean.csv,1
GLGSVLGKALKIGANLL,amp_all_clean.csv,1
FLRFIGSVIHGIGHLVHHIGVAL,amp_all_clean.csv,1
LAHQKPFIRKSYKCLHKRCR,amp_all_clean.csv,1
DSHAKRHHGYKRKFHEKHHSHRGY,amp_all_clean.csv,1
GLLSKVLGVGKKVLCGVSGLC,amp_all_clean.csv,1
VAIALKAAHYHTHKE,amp_all_clean.csv,1
ILQKAVLDCLKAAGSSLSKAAITAIYNKIT,amp_all_clean.csv,1
GYGGHGGHGGHGGHGGHGGHGHGGGGHG,amp_all_clean.csv,1
FLGGLIKIVPAMICAVTKKC,amp_all_clean.csv,1
FLGGLMKAFPALICAVTKKC,amp_all_clean.csv,1
FLGGLMKAFPAIICAVTKKC,amp_all_clean.csv,1
IWLTALKFLGKHAAKHLAKQQLSKL,amp_all_clean.csv,1
KIKWFKTMKSIAKFIAKEQMKKHLGGE,amp_all_clean.csv,1
QYRHRCCAWGPGRKYCKRWC,amp_all_clean.csv,1
QWGRRCCGWGPGRRYCRRWC,amp_all_clean.csv,1
ILGTILGLLKGL,amp_all_clean.csv,1
INWLKLGKAIIDAL,amp_all_clean.csv,1
KFHEKHHSHRGY,amp_all_clean.csv,1
ILGPVLSMVGSALGGLIKKI,amp_all_clean.csv,1
ILGPVLGLVGNALGGLIKKI,amp_all_clean.csv,1
ILGPVISKIGGVLGGLLKNL,amp_all_clean.csv,1
VLSKSLCTPGCITGPLQTCYLCFPTFAKC,amp_all_clean.csv,1
GKQYFPKVGGRLSGKAPLAAKTHRRLKP,amp_all_clean.csv,1
KTCENLADTFRGPCFATSNC,amp_all_clean.csv,1
GVVDILKGAAKDIAGHLASKVMNKL,amp_all_clean.csv,1
KSCCRNTTARNCYNVCRIPG,amp_all_clean.csv,1
AEVAPAPAAAAPAKAPKKKAAAKPKKAGPS,amp_all_clean.csv,1
WLNALLHHGLNCAKGVLA,amp_all_clean.csv,1
GLLDTLKGAAKNVVGSLASKVMEKL,amp_all_clean.csv,1
IDWKKLLDAAKQIL,amp_all_clean.csv,1
ILGTILGLLKSL,amp_all_clean.csv,1
GVVDILKGAGKDLLAHLVGKISEKV,amp_all_clean.csv,1
GVLDIFKDAAKQILAHAAEKQI,amp_all_clean.csv,1
GVLDILKNAAKNILAHAAEQI,amp_all_clean.csv,1
FLSLIPHAINAVSAIAKHN,amp_all_clean.csv,1
RSNKGFNFMVDMIQALSK,amp_all_clean.csv,1
GIGRKFLGGVKTTFRCGVKDFASKHLY,amp_all_clean.csv,1
KTCENLADTY,amp_all_clean.csv,1
KGRGKQGGKVRAKAKTRSS,amp_all_clean.csv,1
GFMKYIGPLIPHAVKAISDLI,amp_all_clean.csv,1
RVKRVWPLVIRTVIAGYNLYRAIKKK,amp_all_clean.csv,1
ATRVVYCNRRSGSVVGGDDTVYYEG,amp_all_clean.csv,1
FLIGMTHGLICLISRKC,amp_all_clean.csv,1
FLIGMTQGLICLITRKC,amp_all_clean.csv,1
VWPLGLVICKALKIC,amp_all_clean.csv,1
FLPLLLAGLPLKLCFLFKKC,amp_all_clean.csv,1
SIITMTKEAKLPQLWKQIACRLYNTC,amp_all_clean.csv,1
SIITMTKEAKLPQSWKQIACRLYNTC,amp_all_clean.csv,1
GIMDTIKDTAKTVAVGLLNKLKCKITGC,amp_all_clean.csv,1
FLPLLAGLAANFLPKIFCKITKKC,amp_all_clean.csv,1
GLLSGILGAGKHIVCGLSGLC,amp_all_clean.csv,1
GLFGKILGVGKKVLCGLSGMC,amp_all_clean.csv,1
GLLSGILGAGKNIVCGLSGLC,amp_all_clean.csv,1
GVITDALKGAAKTVAAELLRKAHCKLTNSC,amp_all_clean.csv,1
VIDDLKKVAKKVRRELLCKKHHKKLN,amp_all_clean.csv,1
FLPLLFGAISHLL,amp_all_clean.csv,1
FLGSIVGALASALPSLISKIRN,amp_all_clean.csv,1
CLGIGSCNDFAGCGYAIVCFW,amp_all_clean.csv,1
FLPILAGLAAKIVPKLFCLATKKC,amp_all_clean.csv,1
FLPIIGKLLSGLL,amp_all_clean.csv,1
FLPLVTGLLSGLL,amp_all_clean.csv,1
NFLGTLVNLAKKIL,amp_all_clean.csv,1
FLSAITSLLGKLL,amp_all_clean.csv,1
GIWDTIKSMGKVFAGKILQNL,amp_all_clean.csv,1
GLLRASSVWGRKYYVDLAGCAKA,amp_all_clean.csv,1
FLSLALAALPKFLCLVFKKC,amp_all_clean.csv,1
FLSLALAALPKLFCLIFKKC,amp_all_clean.csv,1
FLPLLLAGLPKLLCLFFKKC,amp_all_clean.csv,1
ILPILSLIGGLLGK,amp_all_clean.csv,1
FIGPIISALASLFG,amp_all_clean.csv,1
RVKRFWPLVPVAINTVAAGINLYKAIRRK,amp_all_clean.csv,1
ALFSILRGLKKLGNMGQAFVNCKIYKKC,amp_all_clean.csv,1
ALSILRGLEKLAKMGIALTNCKATKKC,amp_all_clean.csv,1
ALSILKGLEKLAKMGIALTNCKATKKC,amp_all_clean.csv,1
KRIVQRIKDFLRNLVPRTES,amp_all_clean.csv,1
KSKEKIGKEFKRIVQRIKDFLRNLVPRTES,amp_all_clean.csv,1
LLGDFFRKSKEKIGKEFKRIVQR,amp_all_clean.csv,1
GLIGSIGKALGGLLVDVLKPKL,amp_all_clean.csv,1
GLIGSIGKALGGLLVDVLKPKLQAAS,amp_all_clean.csv,1
GLLGLLGSVVSHVVPAIVGHF,amp_all_clean.csv,1
FLPLIAGLAANFLPKIFCAITKKC,amp_all_clean.csv,1
FLPVIAGVAAKFLPKIFCAITKKC,amp_all_clean.csv,1
GIMDTVKNVAKNLAGQLLDKLKCKITAC,amp_all_clean.csv,1
GIMDTVKNAAKDLAGQLLDKLKCRITGC,amp_all_clean.csv,1
GLLDTIKNTAKNLAVGLLDKIKCKMTGC,amp_all_clean.csv,1
GIMDSVKNVAKNIAGQLLDKLKCKITGC,amp_all_clean.csv,1
GIMDSVKNAAKNLAGQLLDTIKCKITAC,amp_all_clean.csv,1
GIMDTVKNAAKDLAGQLDKLKCRITGC,amp_all_clean.csv,1
FLPLVGKILSGLI,amp_all_clean.csv,1
FLPLVRGAAKLIPSVVCAISKRC,amp_all_clean.csv,1
FWGALAKGALKLIPSLFSSFSKKD,amp_all_clean.csv,1
EGGGPQWAVGHFM,amp_all_clean.csv,1
VGSRYLCTPGSCWKLVCFTTTVK,amp_all_clean.csv,1
ITSVSWCTPGCTSEGGGSGCSHCC,amp_all_clean.csv,1
GIMDTVKGVAKTVAASLLDKLKCKITGC,amp_all_clean.csv,1
KRFGRLAKSFLRMRILLPRRKILLAS,amp_all_clean.csv,1
KRRHWFPLSFQEFLEQLRRFRDQLPFP,amp_all_clean.csv,1
AIGSILGALAKGLPTLISWIKNR,amp_all_clean.csv,1
FLPILGKLLSGIL,amp_all_clean.csv,1
GLFDIIKNIVSTL,amp_all_clean.csv,1
GLFDIIKNIFSGL,amp_all_clean.csv,1
GLLNGLALRLGKRALKKIIKRLCR,amp_all_clean.csv,1
SLLSLIRKLIT,amp_all_clean.csv,1
RWCVYAYVRVRGVLVRYRRCW,amp_all_clean.csv,1
RWCVYAYVRIRGVLVRYRRCW,amp_all_clean.csv,1
GLPVCGETCVGGTCNTPGCTCSWPVCTRN,amp_all_clean.csv,1
GLVTSLIKGAGKLLGGLFGSVTGGQS,amp_all_clean.csv,1
ALWKDILKNAGKAALNEINQLVNQ,amp_all_clean.csv,1
FLSLIPHAINAVSTLVHHF,amp_all_clean.csv,1
FLSLIPHAINAVSALANHG,amp_all_clean.csv,1
SLIPHAINAVSAIAKHF,amp_all_clean.csv,1
FLSLIPHAINAVSAIAKHF,amp_all_clean.csv,1
GLWSTIKNVGKEAAIAAGKAALGAL,amp_all_clean.csv,1
GLRSKIWLWVLLMIWQESNKFKKM,amp_all_clean.csv,1
GLLGAMFKVASKVLPHVVPAITEHF,amp_all_clean.csv,1
GLLGLLGSVVSHVLPAITQHL,amp_all_clean.csv,1
GIGKFLHSAGKFGKAFVGEIMKS,amp_all_clean.csv,1
GKGRWLERIGKAGGIIIGGALDHL,amp_all_clean.csv,1
WLRRIGKGVKIIGGAALDHL,amp_all_clean.csv,1
GRRKRKWLRRIGKGVKIIGGAALDHL,amp_all_clean.csv,1
FLGALIKGAIHGGRFIHGMIQNHH,amp_all_clean.csv,1
GWGSIFKHGRHAAKHIGHAAVNHYL,amp_all_clean.csv,1
RWGKWFKKATHVGKHVGKAALTAYL,amp_all_clean.csv,1
FFRLLFHGVHHVGKIKPRA,amp_all_clean.csv,1
AGWGSIFKHIFKAGKFIHGAIQAHND,amp_all_clean.csv,1
GFWGKLFKLGLHGIGLLHLHL,amp_all_clean.csv,1
GWKKWLRKGAKHLGQAAIK,amp_all_clean.csv,1
GWKKWLRKGAKHLGQAAIKGLAS,amp_all_clean.csv,1
FLGLLFHGVHHVGKWIHGLIHGHH,amp_all_clean.csv,1
LIGPVLGLVGSALGGLLKKI,amp_all_clean.csv,1
ILGPILGLVSNALGGLL,amp_all_clean.csv,1
RKFHEKHHSHREFPFYGDYGSNYLYDN,amp_all_clean.csv,1
RKFHEKHHSHRGYRSNYLYDN,amp_all_clean.csv,1
DSHAKRHHGYKRKFHEKHHSHRGYR,amp_all_clean.csv,1
RKFHEKHHSHRGY,amp_all_clean.csv,1
RKFHEKHHSHRGYR,amp_all_clean.csv,1
CRFCCRCCPRMRGCGLCCRF,amp_all_clean.csv,1
FLPLLASLFSRLL,amp_all_clean.csv,1
FLPLLASLFSRLF,amp_all_clean.csv,1
FLPLLASLFSGLF,amp_all_clean.csv,1
SILPTIVSFLSKVF,amp_all_clean.csv,1
SILPTIVSFLSKFL,amp_all_clean.csv,1
SILPTIVSFLTKFL,amp_all_clean.csv,1
FILPLIASFLSKFL,amp_all_clean.csv,1
SMISVLKNLGKVGLGFVACKVNKQC,amp_all_clean.csv,1
FLGGLMKIIPAAFCAVTKKC,amp_all_clean.csv,1
GLLSGILGAGKHIVCGLTGCAKA,amp_all_clean.csv,1
ILGPVISTIGGVLGGLLKNL,amp_all_clean.csv,1
SSMKLSFRARAYGFRGPGPQL,amp_all_clean.csv,1
LLPIVGNLLNSLL,amp_all_clean.csv,1
FLPMLAGLAANFLPKLFCKITKKC,amp_all_clean.csv,1
FLPLAVSLAANFLPKLFCKITKKC,amp_all_clean.csv,1
FLPLLAGLAANFFPKIFCKITRKC,amp_all_clean.csv,1
FLPIVGKLLSGLSGLL,amp_all_clean.csv,1
FLPIVGRLISGLL,amp_all_clean.csv,1
FLPIIAKVLSGLL,amp_all_clean.csv,1
SIFPAIVSFLSKFL,amp_all_clean.csv,1
ILPLVGNLLNDLL,amp_all_clean.csv,1
AIMDTIKDTAKTVAVGLLNKLKCKITGC,amp_all_clean.csv,1
FLPFLKSILGKIL,amp_all_clean.csv,1
FLSSIGKILGNLL,amp_all_clean.csv,1
FLSIIAKVLGSLF,amp_all_clean.csv,1
FLGSLIGAAIPAIKQLLGLKK,amp_all_clean.csv,1
FLPILASLAAKFGPKLFCLVTKKC,amp_all_clean.csv,1
FLPILASLAAKLGPKLFCLVTKKC,amp_all_clean.csv,1
FLPILASLAATLGPKLLCLITKKC,amp_all_clean.csv,1
GIMDSVKGLAKNLAGKLLDSLKCKITGC,amp_all_clean.csv,1
GLLDFVTGVGKDIFAQLIKQI,amp_all_clean.csv,1
FLSGIVGMLGKLF,amp_all_clean.csv,1
AGECVQGRCPSGMCCSQFGYCGRGPKYCGR,amp_all_clean.csv,1
QWGRRCCGWGPGRRYCVRWC,amp_all_clean.csv,1
QYGRRCCNWGPGRRYCKRWC,amp_all_clean.csv,1
GLWSTIKNVAAAAGKAALGAL,amp_all_clean.csv,1
FLSLIPTAINAVSALAKHF,amp_all_clean.csv,1
ALWKTLLKNVGKAAGKAALNAVTDMVNQ,amp_all_clean.csv,1
AVWKDFLKNIGKAAGKAVLNSVTDMVNE,amp_all_clean.csv,1
ALWKNMLKGIGKLAGQAALGAVKTLVGAES,amp_all_clean.csv,1
SVLSTITDMAKAAGRAALNAITGLVNQ,amp_all_clean.csv,1
GLWSKIKEAAKTAGLMAMGFVNDMV,amp_all_clean.csv,1
FLSLIPHAINAVGVHAKHF,amp_all_clean.csv,1
GSGVIPTISHECHMNSFQFVFTCCS,amp_all_clean.csv,1
NRWWQGVVPTVSYECRMNSWQHVFTCC,amp_all_clean.csv,1
FKSWSFCTPGCAKTGSFNSYCC,amp_all_clean.csv,1
SMWSGMWRRKLKKLRNALKKKLKGE,amp_all_clean.csv,1
GLFGKLIKKFGRKAISYAVKKARGKH,amp_all_clean.csv,1
SWKSMAKKLKEYMEKLKQRA,amp_all_clean.csv,1
SWASMAKKLKEYMEKLKQRA,amp_all_clean.csv,1
GLKDKFKSMGEKLKQYIQTWKAKF,amp_all_clean.csv,1
SLKDKVKSMGEKLKQYIQTWKAKF,amp_all_clean.csv,1
GFFGKMKEYFKKFGASFKRRFANLKKRL,amp_all_clean.csv,1
GTACGESCYVLPCFTVGCTCTSSQCFKN,amp_all_clean.csv,1
GIPCGESCVFIPCLTTVAGCSCKNKVCYRN,amp_all_clean.csv,1
GFPCGESCVFIPCISAAIGCSCKNKVCYRN,amp_all_clean.csv,1
GIPCAESCVWIPCTVTALLGCSCSNNVCYN,amp_all_clean.csv,1
GIPCGESCVFIPCITSVAGCSCKSKVCYRN,amp_all_clean.csv,1
KIPCGESCVWIPCLTSVFNCKCENKVCYHD,amp_all_clean.csv,1
KVCYRAIPCGESCVWIPCISAAIGCSCKN,amp_all_clean.csv,1
GVPCGESCVFIPCITGVIGCSCSSNVCYLN,amp_all_clean.csv,1
GIPCAESCVWIPCTVTALVGCSCSDKVCYN,amp_all_clean.csv,1
GLGSLVGNALRIGAKLL,amp_all_clean.csv,1
SAISCGETCFKFKCYTPRCSCSYPVCK,amp_all_clean.csv,1
CLGVGSCNDFAGCGYAVVCFW,amp_all_clean.csv,1
CLGVGSCNDFAGCGYAIVCFW,amp_all_clean.csv,1
LTTKLWSSWGYYLGKKARWNLKHPYVQF,amp_all_clean.csv,1
TTPACFTIGLGVGALFSAKFC,amp_all_clean.csv,1
GAWKNFWSSLRKGFYDGEAGRAIRR,amp_all_clean.csv,1
NPKVAHCASQIGRSTAWGAVSGA,amp_all_clean.csv,1
AYPGNGVHCGKYSCTVDKQTAIGNIGNNAA,amp_all_clean.csv,1
CSTNTFSLSDYWGNNGAWCTLTHECMAWCK,amp_all_clean.csv,1
KRGSGWIATITDDCPNSVFVCC,amp_all_clean.csv,1
GGGVIQTISHECRMNSWQFLFTCCS,amp_all_clean.csv,1
KGGSGVIHTISHECNMNSWQFVFTCCS,amp_all_clean.csv,1
KKKSGVIPTVSHDCHMNSFQFVFTCCS,amp_all_clean.csv,1
GKNGVFKTISHECHLNTWAFLATCCS,amp_all_clean.csv,1
CTFTLPGGGGVCTLTSECIC,amp_all_clean.csv,1
GNRPVYIPPPRPPHPRL,amp_all_clean.csv,1
GFRDVLKGAAKAFVKTVAGHIAN,amp_all_clean.csv,1
GFRDVLKGAAKAFVKTVAGHIANI,amp_all_clean.csv,1
GIKDWIKGAAKKLIKTVASNIANQ,amp_all_clean.csv,1
GFKDWIKGAAKKLIKTVASSIANQ,amp_all_clean.csv,1
GFKDLLKGAAKALVKTVLF,amp_all_clean.csv,1
VGALAVVVWLFLWLW,amp_all_clean.csv,1
VGALAVVVWLYLWLW,amp_all_clean.csv,1
GLLDLAKHVIGIASKL,amp_all_clean.csv,1
KFFRKLKKSVKKRAKEFFKKPRVIGVSIPF,amp_all_clean.csv,1
GLLSFLPKVIGVIGHLIHPPS,amp_all_clean.csv,1
FMPIIGRLMSGSL,amp_all_clean.csv,1
INMKASAAVAKKLL,amp_all_clean.csv,1
GILDAIKAIAKAAG,amp_all_clean.csv,1
GALRGCWTKSYPPKPCK,amp_all_clean.csv,1
SAPRGCWTKSYPPKPCK,amp_all_clean.csv,1
LVRGCWTKSYPPKPCFVR,amp_all_clean.csv,1
GLMDVFKGAAKNLLASALDKIRCKVTKC,amp_all_clean.csv,1
IIGHLIKTALGMLGL,amp_all_clean.csv,1
IIEKLVNTALGLLSGL,amp_all_clean.csv,1
GLADFLNKAVGKVVDFVKS,amp_all_clean.csv,1
FLPLVTMLLGKLF,amp_all_clean.csv,1
RIGVLLARLPKLFSLFKLMGKKV,amp_all_clean.csv,1
HFLGTLVNLAKKIL,amp_all_clean.csv,1
AVDLAKIANKVLSSLF,amp_all_clean.csv,1
FLPVILPVIGKLLSGIL,amp_all_clean.csv,1
GFLSILKKVLPKVMAHMK,amp_all_clean.csv,1
GLMDTVKNAAKNLAGQLLDTIKCKMTGC,amp_all_clean.csv,1
GFISTVKNLATNVAGTVIDTIKCKVTGGC,amp_all_clean.csv,1
MRKEFHNVLSSGQLLADKRPARDYNRK,amp_all_clean.csv,1
IRNSLTCRFNFGICLPKRCPGRMRQIGTCF,amp_all_clean.csv,1
AALKGCWTKSIPPKPCFGKR,amp_all_clean.csv,1
FMPILSCSRFKRC,amp_all_clean.csv,1
GLFTLIKCAYQLIAPTVACN,amp_all_clean.csv,1
DEKGPKWKR,amp_all_clean.csv,1
GFSPNLPGKGLRIS,amp_all_clean.csv,1
VIPFVASVAAEMMQHVYCAASKKC,amp_all_clean.csv,1
FLPPSPWKETFRTS,amp_all_clean.csv,1
TSRCYIGYRRKVVCS,amp_all_clean.csv,1
GCSRWIIGIHGQICRD,amp_all_clean.csv,1
GLLSGTSVRGSI,amp_all_clean.csv,1
GLLSGILGAGKHIICGLSGLC,amp_all_clean.csv,1
GLLSGILGAGKQKVCGLSGLC,amp_all_clean.csv,1
GLLSGVLGVGKKVDCGLSGLC,amp_all_clean.csv,1
SKGKKANKDVELARG,amp_all_clean.csv,1
LFGLIPSLIGGLVSAFK,amp_all_clean.csv,1
KQQLATEAESAGPIL,amp_all_clean.csv,1
IFGAILPLALGALKNLIK,amp_all_clean.csv,1
FIGAILPAIAGLVHGLINR,amp_all_clean.csv,1
FIGAILPAIAGLVGGLINR,amp_all_clean.csv,1
FLSFPTTKTYFPHFDLSHGSAQVKGHGAK,amp_all_clean.csv,1
SVAGRAQGM,amp_all_clean.csv,1
TESYFVFSVGM,amp_all_clean.csv,1
TCSYTMEA,amp_all_clean.csv,1
FFGTALKIAANVLPTAICKILKKC,amp_all_clean.csv,1
FFPLVLGALGSILPKIF,amp_all_clean.csv,1
FIITGLVRGLTKLF,amp_all_clean.csv,1
SLSRFLSFLKIVYPPAF,amp_all_clean.csv,1
FFGTALKIAANILPTAICKILKKC,amp_all_clean.csv,1
FWGHIWNAVKRVGANALHGAVTGALS,amp_all_clean.csv,1
GVVTDLLNTAGGLLGNLVGSLSG,amp_all_clean.csv,1
GLWSTIKQKGKEAAIAAAKAAGQAALGAL,amp_all_clean.csv,1
ILPFVAGVAAEMMQHVYCAASKKC,amp_all_clean.csv,1
GILTDTLKGAAKNVAGVLLDKLKCKITGGC,amp_all_clean.csv,1
GILLNTLKGAAKNVAGVLLDKLKCKITGGC,amp_all_clean.csv,1
RPKHPIKHQGLPQEVLNENLLRF,amp_all_clean.csv,1
GVLDILKGAAKDLAGHVATKVINKI,amp_all_clean.csv,1
GVVDILKGAGKDLLAHALSKLSEKV,amp_all_clean.csv,1
GVLDILKGAGKDLLAHALSKISEKV,amp_all_clean.csv,1
GVLDILTGAGKDLLAHALSKLSEKV,amp_all_clean.csv,1
GLLGGLLGPLLGGGGGGGGGLL,amp_all_clean.csv,1
GVVDILKGAAKDLAGHLATKVMNKL,amp_all_clean.csv,1
FLPAIVGAAAKFLPKIFCAISKKC,amp_all_clean.csv,1
FLPIIAGVAAKVLPKIFCAISKKC,amp_all_clean.csv,1
FLPIIAGIAAKFLPKIFCTISKKC,amp_all_clean.csv,1
FLPVIAGVAANFLPKLFCAISKKC,amp_all_clean.csv,1
FLPIIAGAAAKVVQKIFCAISKKC,amp_all_clean.csv,1
FLPIIAGAAAKVVEKIFCAISKKC,amp_all_clean.csv,1
GLMDTIKGVAKTVAASWLDKLKCKITGC,amp_all_clean.csv,1
FLPAVLRVAAKIVPTVFCAISKKC,amp_all_clean.csv,1
FLPAVLRVAAQVVPTVFCAISKKC,amp_all_clean.csv,1
GLLGSLFGAGKKVACALSGLC,amp_all_clean.csv,1
GLLGSIFGAGKKIACALSGLC,amp_all_clean.csv,1
GAIKDALKGAAKTVAVELLKKAQCKLEKTC,amp_all_clean.csv,1
FMGGLIKAATKIVPAAYCAITKKC,amp_all_clean.csv,1
FFGSVLKLIPKIL,amp_all_clean.csv,1
FLPILAGLAAKLVPKVFCSITKKC,amp_all_clean.csv,1
FLPILAGLAANILPKVFCSITKKC,amp_all_clean.csv,1
FFPIIAGMAAKLIPSLFCKITKKC,amp_all_clean.csv,1
FLPIIAGMAAKVICAITKKC,amp_all_clean.csv,1
FFPIIAGMAAKVICAITKKC,amp_all_clean.csv,1
FLSAITSILGKFF,amp_all_clean.csv,1
FMGSALRIAAKVLPAALCQIFKKC,amp_all_clean.csv,1
FLPGLIAGIAKML,amp_all_clean.csv,1
FLPIALKALGSIFPKIL,amp_all_clean.csv,1
FLGAIAAALPHVINAVTNAL,amp_all_clean.csv,1
FFGAIAAALPHVISAIKNAL,amp_all_clean.csv,1
FVGAIAAALPHVISAIKNAL,amp_all_clean.csv,1
IIGAIAAALPHVINAIKNTF,amp_all_clean.csv,1
LLSLALAALPKLFCLIFKKC,amp_all_clean.csv,1
IIPLPLGYFAKKT,amp_all_clean.csv,1
FFPLALLCKVFKKC,amp_all_clean.csv,1
VGKTWIKVIRGIGKSKIKWQ,amp_all_clean.csv,1
GLKDIFKAGLGSLVKGIAAHVAN,amp_all_clean.csv,1
GLKEIFKAGLGSLVKGIAAHVAN,amp_all_clean.csv,1
GLKEIFKAGLGSLVKGIAAHVAS,amp_all_clean.csv,1
ILGKLLSTAAGLLSNL,amp_all_clean.csv,1
VNWKKVLGKIIKVAK,amp_all_clean.csv,1
VNWKKILGKIIKVAK,amp_all_clean.csv,1
VNWKKILGKIIKVVK,amp_all_clean.csv,1
RPKPQQFFGLM,amp_all_clean.csv,1
RPPGFSPFR,amp_all_clean.csv,1
LRQSQFVGSR,amp_all_clean.csv,1
AAGMGFFGAR,amp_all_clean.csv,1
ASIIKTTIKVSKAVCKTLTCICTGSCSNCK,amp_all_clean.csv,1
IASKFICTPGCAKTGSFNSYCC,amp_all_clean.csv,1
IPPFIKKVLTTVF,amp_all_clean.csv,1
FLPIVGRLISGIL,amp_all_clean.csv,1
FLPKMSTKLRVPYRRGTKDYH,amp_all_clean.csv,1
GILKKFMLHRGTKVYKMRTLSKRSH,amp_all_clean.csv,1
LNLKGIFKKVASLLT,amp_all_clean.csv,1
INLLKIAKGIIKSL,amp_all_clean.csv,1
RFRLPFRRPPIRIHPPPFYPPFRRFL,amp_all_clean.csv,1
GAARKSIRLHRLYTWKATIYTR,amp_all_clean.csv,1
FFFLSRIF,amp_all_clean.csv,1
GILSGILGMGKKLVCGLSGLC,amp_all_clean.csv,1
GILSGILGAGKSLVCGLSGLC,amp_all_clean.csv,1
GILSGVLGMGKKIVCGLSGLC,amp_all_clean.csv,1
GILSNVLGMGKKIVCGLSGLC,amp_all_clean.csv,1
SILSGNFGVGKKIVCGLSGLC,amp_all_clean.csv,1
AVLDILKDVGKGLLSHFMEKV,amp_all_clean.csv,1
AVLDFIKAAGKGLVTNIMEKVG,amp_all_clean.csv,1
IFGAIAGLLKNIF,amp_all_clean.csv,1
FFGHLFKLATKIIPSLFQ,amp_all_clean.csv,1
GVIKSVLKGVAKTVALGML,amp_all_clean.csv,1
SAVGRHGRRFGLRKHRKH,amp_all_clean.csv,1
LGAWLAGKVAGTVATYAWNRYV,amp_all_clean.csv,1
QRPYTQPLIYYPPPPTPPRIYRA,amp_all_clean.csv,1
DSHEERRQGRHGHHEYGRKFHEKHHSHRGY,amp_all_clean.csv,1
DSHEKRHHEHRRKFHEKHHSHRGY,amp_all_clean.csv,1
GNAACVIGCIGSCVISEGIGSLVGTAFTLG,amp_all_clean.csv,1
GWFKKTFHKVSHAVKSGIHAGQRGCSALGF,amp_all_clean.csv,1
SWFSRTVHNVGNAVRKGIHAGQGVCSGLGL,amp_all_clean.csv,1
GIHDILKYGKPS,amp_all_clean.csv,1
FLSLIPHIVSGVASIAKHF,amp_all_clean.csv,1
GWANTLKNVAGGLCKITGAA,amp_all_clean.csv,1
VGECVRGRCPSGMCCSQFGYCGKGPKYCG,amp_all_clean.csv,1
CKQSCSFGPFTFVCDGNTK,amp_all_clean.csv,1
CRQSCSFGPLTFVCDGNTK,amp_all_clean.csv,1
CANSCSYGPLTWSCDGNTK,amp_all_clean.csv,1
CRQSCSFGPFTFVCDGNTK,amp_all_clean.csv,1
YVPPVQKPHPNGPKFPTFP,amp_all_clean.csv,1
SSSGWLCTLTIECGTIICACR,amp_all_clean.csv,1
KCKWWNISCDLGNNGHVCTLSHECQVSCN,amp_all_clean.csv,1
CSTNTFSLSDYWGNKGNWCTATHECMSWCK,amp_all_clean.csv,1
IASKFLCTPGCAKTGSFNSYCC,amp_all_clean.csv,1
WRSLGRTLLRLSHALKPLARRSGW,amp_all_clean.csv,1
SLGPAIKATRQVCPKATRFVTVSCKKSDCQ,amp_all_clean.csv,1
VTSWSLCTPGCTSPGGGSNCSFCC,amp_all_clean.csv,1
VDKPPYLPRPPPPRRIYNNR,amp_all_clean.csv,1
CAWYNISCRLGNKGAYCTLTVECMPSCN,amp_all_clean.csv,1
ATPATPTVAQFVIQGSTICLVC,amp_all_clean.csv,1
INWKKIFEKVKNLV,amp_all_clean.csv,1
INWLKLGKKILGAL,amp_all_clean.csv,1
INWLKLGKKMMSAL,amp_all_clean.csv,1
INWKKIASIGKEVLKAL,amp_all_clean.csv,1
INWKKIAEVGGKILSSL,amp_all_clean.csv,1
INWKKIAEIGKQVLSAL,amp_all_clean.csv,1
INWLKLGKMVIDAL,amp_all_clean.csv,1
IDWLKLGKMVMDVL,amp_all_clean.csv,1
GAFGNFLKGVAKKAGLKILSIAQCKLSGTC,amp_all_clean.csv,1
GAFGNFLKGVAKKAGLKILSIAQCKLFGTC,amp_all_clean.csv,1
RCTCTTIISSSSTF,amp_all_clean.csv,1
GKLNLFLSRLEILKLFVGAL,amp_all_clean.csv,1
FFHHIFRGIVHVGKTIHKLVTG,amp_all_clean.csv,1
GLFSVLGSVAKHLLPHVVPVIAEKL,amp_all_clean.csv,1
GLFKVLGSVAKHLLPHVAPIIAEKL,amp_all_clean.csv,1
IIGHLIKTALGFLGL,amp_all_clean.csv,1
VIPFVASVAAEMMHHVYCAASKRC,amp_all_clean.csv,1
NALSMPRNKCNRALMCFG,amp_all_clean.csv,1
NALSSPRNKCDRASSCFG,amp_all_clean.csv,1
ACYCRIPACLAGERRYGTCFYLGRVWAFCC,amp_all_clean.csv,1
ACYCRIPACLAGERRYGTCFYRRRVWAFCC,amp_all_clean.csv,1
ACYCRIPACFAGERRYGTCFYLGRVWAFCC,amp_all_clean.csv,1
GICRCICTRGFCRCICVL,amp_all_clean.csv,1
GICRCLCRRGVCRCICVL,amp_all_clean.csv,1
KTCENLADTYKGPCFTTGSCD,amp_all_clean.csv,1
GRILSFIKGLAEHL,amp_all_clean.csv,1
KDLHTVVSAILQAL,amp_all_clean.csv,1
GFGSLLGKALRLGANVL,amp_all_clean.csv,1
GLFSVLGSVAKHLLPHVAPIIAEKL,amp_all_clean.csv,1
GLWEKVKEKANELVSGIVEGVK,amp_all_clean.csv,1
GFMDTAKNVAKNVAVTLLDKLKCKITGGC,amp_all_clean.csv,1
GIFSTVFKAGKGIVCGLTGLC,amp_all_clean.csv,1
GILGTVFKAGKGIVCGLTGLC,amp_all_clean.csv,1
PSCVCSGFETSGIHFC,amp_all_clean.csv,1
RPRPNYRPRPIYRP,amp_all_clean.csv,1
FLPVLTGLTPSIVPKLVCLLTKKC,amp_all_clean.csv,1
FLPVLAGLTPSIVPKLVCLLTKKC,amp_all_clean.csv,1
FFPMLAGVAARVVPKVICLITKKC,amp_all_clean.csv,1
GTPGFQTPDARVISRFGFN,amp_all_clean.csv,1
FLPILGNLLSGLL,amp_all_clean.csv,1
FLPIITNLLGKLL,amp_all_clean.csv,1
NFLDTLINLAKKFI,amp_all_clean.csv,1
GSQLVYREWVGHSNVIKP,amp_all_clean.csv,1
GSQLVYREWVGHSNVIKGPP,amp_all_clean.csv,1
ILGPVIKTIGGVIGGLLKNL,amp_all_clean.csv,1
FLGGILNTITGLL,amp_all_clean.csv,1
SFPFFPPGICKRLKRC,amp_all_clean.csv,1
SFHVFPPWMCKSLKKC,amp_all_clean.csv,1
IPAMEPAARVKRSPGYGGCSPRWACGGYG,amp_all_clean.csv,1
SPPNQPSIMTFDYAKTNK,amp_all_clean.csv,1
SPPSEQLGKSFNF,amp_all_clean.csv,1
APPPGLSAGV,amp_all_clean.csv,1
APPPGYAMESDSFS,amp_all_clean.csv,1
FPPPGESAVDMSFFYALSNP,amp_all_clean.csv,1
KSLRPRCWIKIKFRCKSLKF,amp_all_clean.csv,1
RPRCWIKIKFRCKSLKF,amp_all_clean.csv,1
ILPLLLGKVVCAITKKC,amp_all_clean.csv,1
GIPCGESCVFIPCITGAIGCSCKSKVCYRN,amp_all_clean.csv,1
GIPCGESCVFIPCITAAIGCSCKSKVCYRN,amp_all_clean.csv,1
DSMGAVKLAKLLIDKMKCEVTKAC,amp_all_clean.csv,1
GFMDTAKNVAKNVAVTLIDKLRCKVTGGC,amp_all_clean.csv,1
GFMDTAKNVAKNVAATLLDKLKCKITGGC,amp_all_clean.csv,1
GILSTVFKAGKGIVCGLSGLC,amp_all_clean.csv,1
GKLQAFLAKMKEIAAQTL,amp_all_clean.csv,1
GRLQAFLAKMKEIAAQTL,amp_all_clean.csv,1
FLWGLIPGAISAVTSLIKK,amp_all_clean.csv,1
LMCTHPLDCSN,amp_all_clean.csv,1
GIRCPKSWKCKAFKQRVLKRLLAMLRQHAF,amp_all_clean.csv,1
AWKLFDDGV,amp_all_clean.csv,1
KIAKVALKAL,amp_all_clean.csv,1
VIVFVASVAAEMMQHVYCAASKKC,amp_all_clean.csv,1
FLPKLFAGIISKNF,amp_all_clean.csv,1
FLPAVIRVAANVLPTAFCAISKKC,amp_all_clean.csv,1
LPFVAGVAAEMMQHVYCAASKKC,amp_all_clean.csv,1
FLPKLFAKITKKNMAHIR,amp_all_clean.csv,1
IDPFVAGVAAEMMQHVYCAASKKC,amp_all_clean.csv,1
INPFVAGVAAEMMQHVYCAASKKC,amp_all_clean.csv,1
ILPFVAGVAAEMMKHVYCAASKKC,amp_all_clean.csv,1
IIPFVAGVAAEMMEHVYCAASKKC,amp_all_clean.csv,1
QLPFVAGVACEMCQCVYCAASKKC,amp_all_clean.csv,1
ILPFVAGVAAEMMEHVYCAASKKC,amp_all_clean.csv,1
ILPFVAGVAAMEMEHVYCAASKKC,amp_all_clean.csv,1
FLPAVLLVATHVLPTVFCAITRKC,amp_all_clean.csv,1
LAFVAGVAAEMMQHVYCAASKKC,amp_all_clean.csv,1
FIFPKKNIINSLFGR,amp_all_clean.csv,1
TSRCIFYRRKKCS,amp_all_clean.csv,1
ATNIPFKVHFRCKAAFC,amp_all_clean.csv,1
AVNIPFKVHFRCKAAFC,amp_all_clean.csv,1
GFMNTAKNVAKNVAVTLLDNLKCKITGGC,amp_all_clean.csv,1
GLFTLIKGAYKNDAPTVACN,amp_all_clean.csv,1
GLFSKFAGKGIVNFLIEGVE,amp_all_clean.csv,1
GLLSGVLGVGKKIVCGLSGLC,amp_all_clean.csv,1
GIFGKILGVGKKTLCELSGMC,amp_all_clean.csv,1
GIFLKVLGVGKKVLCGVSGLC,amp_all_clean.csv,1
GLISGILGVGKKLVCGLSGLC,amp_all_clean.csv,1
GLISGILGVGKMLVCGLSGLC,amp_all_clean.csv,1
GLISGLLGVGKMLVCGLSGLC,amp_all_clean.csv,1
GLFTLIKGAYKLDAPTVACN,amp_all_clean.csv,1
GILGNIVGMGKKIVCGLSGLC,amp_all_clean.csv,1
GILGNIVGMGKKVVCGLSGLC,amp_all_clean.csv,1
GILSGVLGMGKKIVCGLRGLC,amp_all_clean.csv,1
GILGNIVGMGKQVVCGLSGLC,amp_all_clean.csv,1
VVKCSYRLGSPDSQCN,amp_all_clean.csv,1
GFMDTAKNVAKNMAGNLLDNLKCKITKAC,amp_all_clean.csv,1
GFMDTAKNVAKNMAVTLLDNLKCKITKAC,amp_all_clean.csv,1
GFMDTAKNVAKNEAGNLLDNLKCKITKAC,amp_all_clean.csv,1
GFMATAKNVAKNMDVTLLDNLKCKITKAC,amp_all_clean.csv,1
RFIYMKGFGKPRFGKR,amp_all_clean.csv,1
IPWKLPATFRPVERPFSKPFCRKD,amp_all_clean.csv,1
AAPRGGKGFFCKLFKDC,amp_all_clean.csv,1
FLPLLAGVVANFLPQIICKIARKC,amp_all_clean.csv,1
FLGSLLGLVGKVVPTLFCKISKKC,amp_all_clean.csv,1
FLKPLFNAALKLLP,amp_all_clean.csv,1
FLPVLAGVLSRA,amp_all_clean.csv,1
GLASFLGKALKAGLKIGSHLLGGAPQQ,amp_all_clean.csv,1
GFGSFLGKALKAALKIGANVLGGAPQQ,amp_all_clean.csv,1
GFGSFLGKALKAALKIGANVLGGAPEQ,amp_all_clean.csv,1
GFGSFLGKALKAALKIGADVLGGAPQQ,amp_all_clean.csv,1
GFGSLLGKALKIGTNLL,amp_all_clean.csv,1
GIGSLLAKAAKLGANLL,amp_all_clean.csv,1
GIGSALAKAAKLVAGIV,amp_all_clean.csv,1
AALRGCWTKSIPPKPCPGKR,amp_all_clean.csv,1
SALVGCWTKSYPPKPCFGR,amp_all_clean.csv,1
SALVGCGTKSYPPKPCFGR,amp_all_clean.csv,1
SALVGCWTKSYPPNPCFGRG,amp_all_clean.csv,1
SALVGCWTKSWPPKPCFGRG,amp_all_clean.csv,1
SALVGCWTKSWPPKPCFGR,amp_all_clean.csv,1
AAFRGCWTKNYSPKPCL,amp_all_clean.csv,1
GTRCGETCFVLPCWSAKFGCYCQKGFCYRN,amp_all_clean.csv,1
FTSKKSMLLFFFLGTISLSLCQ,amp_all_clean.csv,1
ILPIIGKILSTIF,amp_all_clean.csv,1
GMWSKILGHLIR,amp_all_clean.csv,1
GKWMSLLKHILK,amp_all_clean.csv,1
FLPVILPVIGKLLNGIL,amp_all_clean.csv,1
GLLDAIKDTAQNLFANVLDKIKCKFTKC,amp_all_clean.csv,1
VIGSILGALASGLPTLISWIKNR,amp_all_clean.csv,1
FLPIAGKLLSGLSGLL,amp_all_clean.csv,1
FFPIVGKLLFGLSGLL,amp_all_clean.csv,1
FFPIVGKLLSGLSGLL,amp_all_clean.csv,1
FFPIVGKLLFGLFGLL,amp_all_clean.csv,1
FLPIVGKLLSGLSGLS,amp_all_clean.csv,1
FFPIVGKLLSGLL,amp_all_clean.csv,1
FFPIVGKLLFGLL,amp_all_clean.csv,1
FFPIVGKLLS,amp_all_clean.csv,1
CVISAGWNHKIRCKLTGNC,amp_all_clean.csv,1
FKTWKRPPFQTSCWGIIKE,amp_all_clean.csv,1
CVHWQTNTARTSCIGP,amp_all_clean.csv,1
DCTRWIIGINGRICRD,amp_all_clean.csv,1
SLWETIKNAGKGFIQNLDKIR,amp_all_clean.csv,1
FIGPVLKIAAGILPTAICKIFKKC,amp_all_clean.csv,1
FVGPVLKIAAGILPTAICKIYKKC,amp_all_clean.csv,1
FLGPIIKIATGILPTAICKFLKKC,amp_all_clean.csv,1
FLPLVLGALSGILPKIL,amp_all_clean.csv,1
FFPLLFGALSSHLPKLF,amp_all_clean.csv,1
FALGAVTKLLPSLLCMITRKC,amp_all_clean.csv,1
FALGAVTKRLPSLFCLITRKC,amp_all_clean.csv,1
GFGMALKLLKKVL,amp_all_clean.csv,1
GLPRKILCAIAKKKGKCKGPLKLVCKC,amp_all_clean.csv,1
AILTTLANWARKFL,amp_all_clean.csv,1
NILNTIINLAKKIL,amp_all_clean.csv,1
FLPLIASLAANFVPKIFCKITKKC,amp_all_clean.csv,1
FLPLIASVAANLVPKIFCKITKKC,amp_all_clean.csv,1
IKLSPETKDNLKKVLKGAIKGAIAVAKMV,amp_all_clean.csv,1
LKIPGFVKDTLKKVAKGIFSAVAGAMTPS,amp_all_clean.csv,1
IKIPAVVKDTLKKVAKGVLSAVAGALTQ,amp_all_clean.csv,1
IKIPAFVKDTLKKVAKGVISAVAGALTQ,amp_all_clean.csv,1
IKIPPIVKDTLKKVAKGVLSTIAGALST,amp_all_clean.csv,1
GPVGLLSSPGSLPPVGGAP,amp_all_clean.csv,1
EGPVGLADPDGPASAPLGAP,amp_all_clean.csv,1
STIVCVSLRICNWSLRFCPSFKVRCPM,amp_all_clean.csv,1
FLFSLIPSAISGLISAFK,amp_all_clean.csv,1
FIGAIARLLSKIF,amp_all_clean.csv,1
IFGAIWNGIKSLF,amp_all_clean.csv,1
IPCGESCVWIPCITAIAGCSCKNKVCYT,amp_all_clean.csv,1
AIPCGESCVWIPCISTVIGCSCSNKVCYR,amp_all_clean.csv,1
IPCGESCVWIPCISGMFGCSCKDKVCYS,amp_all_clean.csv,1
TPGGIDFISGGPHVAQDVLNAIKNFFK,amp_all_clean.csv,1
GFLGPLLKLGLKGAAKLLPQLLPSRQQ,amp_all_clean.csv,1
GFLGSLLKTGLKVGSNLL,amp_all_clean.csv,1
GMATKAGTALGKVAKAVIGAAL,amp_all_clean.csv,1
GLMSSIGKALGGLIVDVLKPKTPAS,amp_all_clean.csv,1
GLLDALSGILGL,amp_all_clean.csv,1
GLLGTLGNLLNGLGL,amp_all_clean.csv,1
GLVSSIGKVLGGLLADVVKSKGQPA,amp_all_clean.csv,1
GLVSSIGKALGGLLVDVVKSKGQPA,amp_all_clean.csv,1
GLFDVIKKVASVIGLASP,amp_all_clean.csv,1
FIGKLISAASGLLSHL,amp_all_clean.csv,1
ILGAIIPLVSGLLSHL,amp_all_clean.csv,1
FFPIVGKRLYGLL,amp_all_clean.csv,1
FLPLFLPKIICVITKKC,amp_all_clean.csv,1
GFWGKLWEGVKSAI,amp_all_clean.csv,1
GFWGSLWEGVKSVV,amp_all_clean.csv,1
KRKCPKTPFDNTPGAWFAHLILGC,amp_all_clean.csv,1
DSIRDVSPTFNKIRRWFDGLFK,amp_all_clean.csv,1
EQCREEEDDR,amp_all_clean.csv,1
FLPAVIRVAANVLPTVFCAISKKC,amp_all_clean.csv,1
FLPAVLRVAAKVVPTVFCLISKKC,amp_all_clean.csv,1
GIFGKILGAGKKVLCGLSGLC,amp_all_clean.csv,1
GIFGKILGVGKKVLCGLSGMC,amp_all_clean.csv,1
AISCGQVSSAIGPCLSYARGQGSAPSAGCC,amp_all_clean.csv,1
TPALAVVTTVLPAAAVTTAKSV,amp_all_clean.csv,1
GLSQGVEPDIGQTYFEESRINQD,amp_all_clean.csv,1
FLPFVGNLLKGLL,amp_all_clean.csv,1
FFPIVGKLLSGLF,amp_all_clean.csv,1
FLPIVGKLLSGLF,amp_all_clean.csv,1
FLSTALKVAANVVPTLFCKITKKC,amp_all_clean.csv,1
FLPIVAGLAANFLPKIVCKITKKC,amp_all_clean.csv,1
FLSTLLNVASNVVPTLICKITKKC,amp_all_clean.csv,1
FLSTLLNVASKVVPTLFCKITKKC,amp_all_clean.csv,1
FLPMLAGLAANFLPKIVCKITKKC,amp_all_clean.csv,1
SGTSEKERESGRLLGVVKRLIVCFRSPFP,amp_all_clean.csv,1
MQFITDLIKKAVDFFKGLFGNK,amp_all_clean.csv,1
MAADIISTIGDLVKLIINTVKKFQK,amp_all_clean.csv,1
FLPIIAGVAAKVLPKLFCAITKKC,amp_all_clean.csv,1
FLPVIAGLAAKVLPKLFCAITKKC,amp_all_clean.csv,1
FFPTIAGLTKLFCAITKKC,amp_all_clean.csv,1
GFWGKLWEGVKNAI,amp_all_clean.csv,1
FWGKLWEGVKNAI,amp_all_clean.csv,1
ILSAIWSGIKSLF,amp_all_clean.csv,1
IWSAIWSGIKGLL,amp_all_clean.csv,1
FIHHIIGGLFSAGKAIHRLIRRRRR,amp_all_clean.csv,1
YSLQMGATAIKQVKKLFKKKGG,amp_all_clean.csv,1
ASSGWVCTLTIECGTVICACR,amp_all_clean.csv,1
ITSFIGCTPGCGKTGSFNSFCC,amp_all_clean.csv,1
FFGSLLSLGSKLLPSVFKLFQRKKE,amp_all_clean.csv,1
QLPICGETCVLGGCYTPNCRCQYPICVR,amp_all_clean.csv,1
FLPFLIPALTSLISSL,amp_all_clean.csv,1
LNWGAILKHIIK,amp_all_clean.csv,1
YSKSLPLSVLNP,amp_all_clean.csv,1
NRWCFAGDD,amp_all_clean.csv,1
PAAAAQAVAGLAPVAAEQ,amp_all_clean.csv,1
RKCNFLCKLKEKLRTVITSHIDKVLRPQG,amp_all_clean.csv,1
WNDTGKDADGSEY,amp_all_clean.csv,1
FLPGLLAGLL,amp_all_clean.csv,1
RAGLKFPVGRVHRLLR,amp_all_clean.csv,1
FLNALKNFAKTAGKRLKSLLN,amp_all_clean.csv,1
GILGKLWEGFKSIV,amp_all_clean.csv,1
IFGAIWKGISSLL,amp_all_clean.csv,1
FLSTIWNGIKSLL,amp_all_clean.csv,1
FLGALWNVAKSVF,amp_all_clean.csv,1
FLSTLWNAAKSIF,amp_all_clean.csv,1
IFKAIWSGIKSLF,amp_all_clean.csv,1
RRLRPRRPRLPRPRPRPRPRP,amp_all_clean.csv,1
FLGMIPGLIGGLISAFK,amp_all_clean.csv,1
FFRLLFHGVHHGGGYLNAA,amp_all_clean.csv,1
GWKKWFTKGERLSQRHFA,amp_all_clean.csv,1
GFLGILFHGVHHGRKKALHMNSERRS,amp_all_clean.csv,1
VKLFPVKLFP,amp_all_clean.csv,1
MKTILRFVAGYDIASHKKKTGGYPWERGKA,amp_all_clean.csv,1
FLGGLLASLLGKI,amp_all_clean.csv,1
YPELQQDLIARLL,amp_all_clean.csv,1
FLSGILKLAFKIPSVLCAVLKNC,amp_all_clean.csv,1
AKAWGIPPHVIPQIVPVRIRPLCGNV,amp_all_clean.csv,1
FIPGLRRLFATVVPTVVCAINKLPPG,amp_all_clean.csv,1
CVHWMTNTARTACIAP,amp_all_clean.csv,1
GFFDRIKALTKNVTLELLNTITCKLPVTPP,amp_all_clean.csv,1
FRSGILKLASKIPSVLCAVLKNC,amp_all_clean.csv,1
NLLGSLLKTGLKVGSNLL,amp_all_clean.csv,1
GLKEVAHSAKKFAKGFISGLTGS,amp_all_clean.csv,1
GVWSTVLGGLKKFAKGGLEAIVNPK,amp_all_clean.csv,1
GAFGDLLKGVAKEAGMKLLNMAQCKLSGKC,amp_all_clean.csv,1
FLAGLIGGLAKML,amp_all_clean.csv,1
SRSELIVHQR,amp_all_clean.csv,1
GNGVVLTLTHECNLATWTKKLKCC,amp_all_clean.csv,1
KRKKHRCRVYNNGMPTGMYRWC,amp_all_clean.csv,1
ILGKIWEGIKSIF,amp_all_clean.csv,1
ILSYLWNGIKSIF,amp_all_clean.csv,1
EKYTEVPEYV,amp_all_clean.csv,1
GLEESPGHPGQPGPPGPPGAPGP,amp_all_clean.csv,1
KVTKSVKSIPVKI,amp_all_clean.csv,1
TTPLCVGVIIGLTTSIKICK,amp_all_clean.csv,1
TTPLCVGVIIGITASIKICK,amp_all_clean.csv,1
QKIAEKFSGTRRG,amp_all_clean.csv,1
YPGPQAKEDSEGPSQGPASREK,amp_all_clean.csv,1
INWKGIAAMAKKLL,amp_all_clean.csv,1
FLFSLIPHAIGGLISAFK,amp_all_clean.csv,1
ITSHSLCTPGCAKTGSFNSFCC,amp_all_clean.csv,1
FCKSLPLPLSVK,amp_all_clean.csv,1
AWLDKLKSLGKVVGKVALGVAQNYLNPQQ,amp_all_clean.csv,1
DWTFANWSCLVCDDCSVNLTV,amp_all_clean.csv,1
GILGKLWEGVKSIF,amp_all_clean.csv,1
WNDTGKDADGAEY,amp_all_clean.csv,1
FLGLLGSLL,amp_all_clean.csv,1
KTKQQFLIKAQTQLFKVFGYTL,amp_all_clean.csv,1
APVPFSCTRGCLTHLV,amp_all_clean.csv,1
SCTTCVCTCSCCTT,amp_all_clean.csv,1
GVSKILHSAGKFGKAFLGEIMKS,amp_all_clean.csv,1
EKYTEAPEYI,amp_all_clean.csv,1
GIGKFLHSAGKFGKAFIGEIMKS,amp_all_clean.csv,1
GLGSLLGKAFKFGLKTVGKMMAGAPREQ,amp_all_clean.csv,1
GIGKFLHSAGKFGKAFLGEVMKS,amp_all_clean.csv,1
GMASKAGSVLGKITKIALGAL,amp_all_clean.csv,1
GLGSLLGKAFKFGLKTVGKMMGGAPREQ,amp_all_clean.csv,1
GLGSLLGKAFKFGLKTVGKMMGGAPREE,amp_all_clean.csv,1
GFLGPLLKLGLKGVAKVLPHLIPSRQQ,amp_all_clean.csv,1
GFWSSALEGLKKFAKGGLEALTNPK,amp_all_clean.csv,1
GLASTIGSLLGKFAKGGAQAFLQPK,amp_all_clean.csv,1
GWASKIGQTLGKMAKVGLQELIQPK,amp_all_clean.csv,1
GMASKAGSVLGKLAKVAIGAL,amp_all_clean.csv,1
FLFSLIPSVIAGLVSAIRN,amp_all_clean.csv,1
FLFSLIPSAIAGLVSAIRN,amp_all_clean.csv,1
FSTKTRNWFSEHFKKVKEKLKDTFA,amp_all_clean.csv,1
GDCGGTCTWTKDCSICPSWSCWSWSC,amp_all_clean.csv,1
SDWSLWECCSTGSLFACC,amp_all_clean.csv,1
SNASVWECCSTGSWVPFTCC,amp_all_clean.csv,1
FFSLIPSLVGGLISAFK,amp_all_clean.csv,1
GRADYNFGYGLGRGTRKFFNGIGRWVRKTF,amp_all_clean.csv,1
ILGEIWKGIKDIL,amp_all_clean.csv,1
IWLTALKFLGKNLGKHLAKQQLAKL,amp_all_clean.csv,1
IIIQYEGHKH,amp_all_clean.csv,1
FIGAVAGLLSKIF,amp_all_clean.csv,1
KFFKRLLKSVRRAVKKFRKKPRLIGLSTLL,amp_all_clean.csv,1
FIGALLRPALKLLA,amp_all_clean.csv,1
FIGALLGPLLNLLK,amp_all_clean.csv,1
PPHKKKLAVYPVFLFYLFLSWFSLIV,amp_all_clean.csv,1
GIMSSLMKKLAAHIAK,amp_all_clean.csv,1
FLKGCWTKWYSLKPKCPF,amp_all_clean.csv,1
FFVLKFLLKWAGKVGLEHLACKFKNWC,amp_all_clean.csv,1
FLPVIAGVLSKLF,amp_all_clean.csv,1
GFLDIVKGVGKVALGAVSKLF,amp_all_clean.csv,1
GFLDVIKHVGKAALGVVTHLINQ,amp_all_clean.csv,1
GFLDVVKHIGKAALGAVTHLINQ,amp_all_clean.csv,1
AAKIILNPKFRCKAAFC,amp_all_clean.csv,1
AVNIPFKVHLRCKAAFC,amp_all_clean.csv,1
GFGSKPLDSFGLNFF,amp_all_clean.csv,1
WTTIVKVSKAVCKTGTCICTTSCSNCK,amp_all_clean.csv,1
RYPAVGYT,amp_all_clean.csv,1
CVWGGDCTDFLGCGTAWICV,amp_all_clean.csv,1
IWSFLIKAATKLLPSLFGGGKKDS,amp_all_clean.csv,1
VWTVWGTIAG,amp_all_clean.csv,1
GLLSALRKMIPHILSHIKK,amp_all_clean.csv,1
CEWYNISCQLGNKGQWCTLTKECQRSCK,amp_all_clean.csv,1
KRIGLIRLIGKILRGLRRLG,amp_all_clean.csv,1
KRIRFFERIRDRLRDLGNRIKNRIRDFFS,amp_all_clean.csv,1
FIGMIPGLIGGLISAFK,amp_all_clean.csv,1
FFGTLFKLGSKLIPGVMKLFSKKKER,amp_all_clean.csv,1
FIGMIPGLIGGLISAIK,amp_all_clean.csv,1
FWSFLVKAASKILPSLIGGGDDNKSSS,amp_all_clean.csv,1
GILGKIWEGVKSLI,amp_all_clean.csv,1
FFSMIPKIAGGIASLVKNLG,amp_all_clean.csv,1
SGYLPGKEYVYKYKGKVF,amp_all_clean.csv,1
NGNLLGGLLRPVLGVVKGLTGGLGKK,amp_all_clean.csv,1
APKGVQGPNG,amp_all_clean.csv,1
SMSGFSKPHD,amp_all_clean.csv,1
INWKKIKSIIKAAMN,amp_all_clean.csv,1
EVCEKASKTWSGNCGNTGHC,amp_all_clean.csv,1
VTQPLAPVHNPISV,amp_all_clean.csv,1
VKGSWSKKFEVIA,amp_all_clean.csv,1
GKGSWSKKIEVIA,amp_all_clean.csv,1
ILSAIWSGIKGLL,amp_all_clean.csv,1
FLSTIWNGIKGLL,amp_all_clean.csv,1
FPFLLSLIPSAISAIKRL,amp_all_clean.csv,1
ISQSDAILSAIWSGIKSLF,amp_all_clean.csv,1
FFSALLSGIKSLF,amp_all_clean.csv,1
FFWHHIGHALDAAKRVHGMLSG,amp_all_clean.csv,1
FFGHLFRGIINVGKHIHGLLSG,amp_all_clean.csv,1
AVKPKTAKPKTAKPKTA,amp_all_clean.csv,1
AKKPVAKKAAGGVKKPK,amp_all_clean.csv,1
ARTKQTARKSTGGKAPRKQLAT,amp_all_clean.csv,1
AKAVKPKTAKPKTAKPKTAKA,amp_all_clean.csv,1
AKKPVAKKAAGGVKKPKK,amp_all_clean.csv,1
AAGGVKKPKKAAAAKKSPKKPKKPAAA,amp_all_clean.csv,1
KAAAAKKSPKKPKKPAAAKK,amp_all_clean.csv,1
SPKKTKPVKPKKVA,amp_all_clean.csv,1
KKSCHTGLKKSAGWVIPIGTLVKNGIIVR,amp_all_clean.csv,1
KCSWWNASCHLGNNGKICTVSHECAAGCNL,amp_all_clean.csv,1
ASVVKTTIKASKKLCKGATLTCGCNITGKK,amp_all_clean.csv,1
VVYTLKRNGRTLYGF,amp_all_clean.csv,1
VVYALKRNGRTLYGF,amp_all_clean.csv,1
ILELAGNAARDNKKTRIIPRHLQL,amp_all_clean.csv,1
GGGGGGHLVA,amp_all_clean.csv,1
ITSFSLCTPGCAKTGSFNSYCC,amp_all_clean.csv,1
VGVGGGFGR,amp_all_clean.csv,1
RERSKGSKYLYVG,amp_all_clean.csv,1
ENDHRMPYELNRPNNLSKGGAKCGAAIA,amp_all_clean.csv,1
VNFKLLSHSLLVTLASHL,amp_all_clean.csv,1
AGFAAQAAASLAPVAAQQL,amp_all_clean.csv,1
ITPATPFTPAIITEITAAVIA,amp_all_clean.csv,1
GFVALLKKLPLILKHLH,amp_all_clean.csv,1
GFLSALKKYLPIVLKHV,amp_all_clean.csv,1
AIGHCLGATL,amp_all_clean.csv,1
GLTRLFSVIK,amp_all_clean.csv,1
GNGVLKTISHECNMNTWQFLFTCC,amp_all_clean.csv,1
FLPIVAKLLSGLL,amp_all_clean.csv,1
FLSLIPKIAGGIASLVKNL,amp_all_clean.csv,1
FLSLIPHIATGIAALAKHL,amp_all_clean.csv,1
FFSMIPKIATGIASLVKNL,amp_all_clean.csv,1
FIFHIIKGLFHAGKMIHGLVTRRRH,amp_all_clean.csv,1
FFRNLWKGAKAAFRAGHAAWRA,amp_all_clean.csv,1
ALWKDILKNAGKAALNEINQIVQ,amp_all_clean.csv,1
LNLKALLAVAKKIL,amp_all_clean.csv,1
FLPLLLSALPSFLCLVFKKC,amp_all_clean.csv,1
GRTSKQELCTWERGSVRQADKTIAG,amp_all_clean.csv,1
RIVELTLPRVSVRL,amp_all_clean.csv,1
GLHKVMREVLGYERNSYKKFFLR,amp_all_clean.csv,1
FLGALFKVASKLVPAAICSISKKC,amp_all_clean.csv,1
LNLTKWLGKLGVILSHLNK,amp_all_clean.csv,1
GVIIDTLKGAAKTVAAELLRKAHCKLTNSC,amp_all_clean.csv,1
FLSLIPHIVSGVASIAKHFG,amp_all_clean.csv,1
GVVDTLKNLLMGLL,amp_all_clean.csv,1
INLKAIAAFAKKLL,amp_all_clean.csv,1
INWKGIAAMKKLL,amp_all_clean.csv,1
INLKAIAAMAKKLL,amp_all_clean.csv,1
FLPIIAKLLGGLL,amp_all_clean.csv,1
FLPIPRPILLGLL,amp_all_clean.csv,1
FLIIRRPIVLGLL,amp_all_clean.csv,1
QPFSLERW,amp_all_clean.csv,1
NILSSIVNGINRALSFFG,amp_all_clean.csv,1
NVLSSVANGINRALSFFG,amp_all_clean.csv,1
GLLSGVLGVGKKVLCGLSGLC,amp_all_clean.csv,1
RRLRPRRPRLPRPRPRPRPRPR,amp_all_clean.csv,1
FFSLIPSLIGGLVSAIK,amp_all_clean.csv,1
FLGFLKNLF,amp_all_clean.csv,1
LNLKGLIKKVASLLN,amp_all_clean.csv,1
FDIMGLIKKVAGAL,amp_all_clean.csv,1
LNLKGLFKKVASLLT,amp_all_clean.csv,1
FDVMGIIKKIAGAL,amp_all_clean.csv,1
INWKALLDAAKKVL,amp_all_clean.csv,1
GSAQPYKQLHKVVNWDPYG,amp_all_clean.csv,1
GLMDTVKNVAKNLAGHMLDKLKCKITGC,amp_all_clean.csv,1
GLFKVLGSVAKHLLPHVAPVIAEK,amp_all_clean.csv,1
GLFKVLGSVAKHLLPHVVPVIAEK,amp_all_clean.csv,1
GLFGVLGSIAKHVLPHVVPVIAEK,amp_all_clean.csv,1
KSKEKIGKEFKRIVQRIKDFLRNLVPR,amp_all_clean.csv,1
GVCRCLCRRGVCRCLCRR,amp_all_clean.csv,1
GFCRCICTRGFCRCICTR,amp_all_clean.csv,1
FLSLIPHAINAVSTLVHHSG,amp_all_clean.csv,1
FLSLIPHAINAVSAIAKHS,amp_all_clean.csv,1
GIKCRFCCGCCTPGICGVCCRF,amp_all_clean.csv,1
QSHLSLCRWCCNCCRSNKGC,amp_all_clean.csv,1
FLPVIAGLLSKLF,amp_all_clean.csv,1
LLGMIPLAISAISALSKL,amp_all_clean.csv,1
GLPICGETCVGGTCNTPGCSCSWPVCTRN,amp_all_clean.csv,1
GIPCAESCVYIPCTVTALLGCSCSNRVCYN,amp_all_clean.csv,1
GIPCGESCVWIPCISSAIGCSCKSKVCYRN,amp_all_clean.csv,1
GIPCGESCVWIPCLTSAIGCSCKSKVCYRN,amp_all_clean.csv,1
GTLPCESCVWIPCISSVVGCSCKSKVCYKN,amp_all_clean.csv,1
TPCGESCVYIPCISGVIGCSCTDKVCYLN,amp_all_clean.csv,1
GLPVCGETCFGGTCNTPGCSCTWPICTRD,amp_all_clean.csv,1
GLPVCGETCFGGTCNTPGCSCSSWPICTRN,amp_all_clean.csv,1
GLPVCGETCTLGTCYTQGCTCSWPICKRN,amp_all_clean.csv,1
GIPCGESCVWIPCISAAIGCSCKSKVCYRN,amp_all_clean.csv,1
GLPTCGETCFGGTCNTPGCTCDPWPVCTHN,amp_all_clean.csv,1
GLVPCGETCFTGKCYTPGCSCSYPICKKN,amp_all_clean.csv,1
GLPCGETTCFTGKCYTPGCSCSYPICKKIN,amp_all_clean.csv,1
GMASKAGSVLGKVAKVALKAAL,amp_all_clean.csv,1
KGGSGVIHTISHEVIYNSWNFVFTCCS,amp_all_clean.csv,1
PFKLSLHL,amp_all_clean.csv,1
YQEPVLGPVRGPFPIIV,amp_all_clean.csv,1
HNKQEGRDHDKSKGHFHRVVIHHKGGKAH,amp_all_clean.csv,1
KQEGRDHDKSKGHFHMIVIHHKGGQAHHG,amp_all_clean.csv,1
HSDAVFTDNYTRLRKQMAVKKYLNSILN,amp_all_clean.csv,1
KRRGSVTTRYQFLMIHLLRPKKLFA,amp_all_clean.csv,1
SSGWVCTLTIECGTVICAC,amp_all_clean.csv,1
GLGSLLGKAFKIGLKTVGKMMGGAPREQ,amp_all_clean.csv,1
RIKRFWPVVIRTVVAGYNLYRAIKKK,amp_all_clean.csv,1
SPAGCRFCCGCCPNMRGCGVCCRF,amp_all_clean.csv,1
GRGREFMSNLKEKLSGVKEKMKNS,amp_all_clean.csv,1
VKLIQIRIWIQYVTVLQMFSMKTKQ,amp_all_clean.csv,1
FKVQNQHGQVVKIFHH,amp_all_clean.csv,1
RVRRFWPLVPVAINTVAAGINLYKAIRRK,amp_all_clean.csv,1
FVDLKKIANIINSIF,amp_all_clean.csv,1
ISVCITVC,amp_all_clean.csv,1
GLFGILGSVAKHVLPHVIPVVAEHL,amp_all_clean.csv,1
FLPAALAGIGGILGKLF,amp_all_clean.csv,1
FIHHIIGGLFSVGKHIHSLIHGH,amp_all_clean.csv,1
FLHHIVGLIHHGLSLFGDRAD,amp_all_clean.csv,1
RKGWFKAMKSIAKFIAKEKLKEHL,amp_all_clean.csv,1
ILPIRSLIKKLL,amp_all_clean.csv,1
FLPLKKLRFGLL,amp_all_clean.csv,1
LKLSPKTKDTLKKVLKGAIKGAIAIASMA,amp_all_clean.csv,1
IKIPSFFRNILKKVGKEAVSLIAGALKQS,amp_all_clean.csv,1
GIFPIFAKLLGKVIKVASSLISKGRTE,amp_all_clean.csv,1
GSVIKCGESCLLGKCYTPGCTCSRPICKKD,amp_all_clean.csv,1
GLVGTLLGHIGKAILG,amp_all_clean.csv,1
GLVGTLLGHIGKAILS,amp_all_clean.csv,1
KLKNFAKGVAQSLLNKASCKLSGQC,amp_all_clean.csv,1
FFGRLKSVWSAVKHGWKAAKSR,amp_all_clean.csv,1
KKCKFFCKVKKKIKSIGFQIPIVSIPFK,amp_all_clean.csv,1
LRLKSIVSYAKKVL,amp_all_clean.csv,1
RCLPAGKTCVRGPMRVPCCGSCSQNKCT,amp_all_clean.csv,1
EWKLPDLIINHITLTRRNCNKYRCG,amp_all_clean.csv,1
MWITNGGVANWYFVLAR,amp_all_clean.csv,1
FFPLIAGLAARFLPKIFCSITKRC,amp_all_clean.csv,1
GSAIRCGESCLLGKCYTPGCTCDRPICKKN,amp_all_clean.csv,1
RGSALTHLP,amp_all_clean.csv,1
GVIDIIKGAGKDLIAHAIGKLAEKV,amp_all_clean.csv,1
IPLRGAFINGRWDSQCHRFSNGAIACA,amp_all_clean.csv,1
IVPFLLGMVPKLVCLITKKC,amp_all_clean.csv,1
FLSLIPKIATGIAALAKHL,amp_all_clean.csv,1
GIGSAILSAGKSIIKGLAKGLAEHF,amp_all_clean.csv,1
IIGPVLGLVGKALGGLL,amp_all_clean.csv,1
ASVVNKLTGGVAGLLK,amp_all_clean.csv,1
FLQHIIGALGHLF,amp_all_clean.csv,1
FIHHIIGALGHLF,amp_all_clean.csv,1
FLQHIIGALTHIF,amp_all_clean.csv,1
FLQHIIGALSHFF,amp_all_clean.csv,1
ALWKSLLKNVGKAAGKAALNAVTDMVNQ,amp_all_clean.csv,1
GIMDTVKNAAKNLAGQLLDKLKCSITAC,amp_all_clean.csv,1
FLSLIPAAISAVSALANHF,amp_all_clean.csv,1
FIVPSIFLLKKAFCIALKKC,amp_all_clean.csv,1
GLPCGESCVFIPCITTVVGCSCKNKVCYNN,amp_all_clean.csv,1
WYQLIRTFGNLIHQKYRKLLEAYRKLRD,amp_all_clean.csv,1
FLGAILKIGHALAKTVLPMVTNAFKPKQ,amp_all_clean.csv,1
FLSLIPHIASGIASLVKNF,amp_all_clean.csv,1
FLSLLPHIASGIASLVSKF,amp_all_clean.csv,1
FIQHLIPLIPHAIQGIKDIF,amp_all_clean.csv,1
FLSLIPHIVSGVASLAKHF,amp_all_clean.csv,1
FLSMIPHIVSGVAALAKHL,amp_all_clean.csv,1
GLISTIWNTASNVAGTLTDSVKCKFKKC,amp_all_clean.csv,1
FIFLPIFRRPVS,amp_all_clean.csv,1
FLSLIPKIAGGIAALAKHL,amp_all_clean.csv,1
FALGAVTKVLPKLFCLITRKC,amp_all_clean.csv,1
FLPALAGIAGLLGKIF,amp_all_clean.csv,1
FIGTLIPLALGALTKLFK,amp_all_clean.csv,1
GIFDVLKNLAKGVITSLAS,amp_all_clean.csv,1
EGCNILCLLKRKVKAVKNVVKNVVKSVVG,amp_all_clean.csv,1
GLWSKIKNVAAAAGKAALGAL,amp_all_clean.csv,1
GVITDTLKGVAKTVAAELLRKAHCKLTNSC,amp_all_clean.csv,1
GLLGKILGAGKKVLCGVSGLC,amp_all_clean.csv,1
GLWKSLFKNVGKAAGKAALNAVTDMVNQ,amp_all_clean.csv,1
ALLDKLKSLGKVVGKVALGVVQNYLNPRQ,amp_all_clean.csv,1
AWLDKLKSIGKVVGKVAIGVAKNLLNPQ,amp_all_clean.csv,1
FLPLLAGLAANFLPQIICKIARKC,amp_all_clean.csv,1
FLSALWGVAKSLF,amp_all_clean.csv,1
FPFLLSLIPSAISALKKL,amp_all_clean.csv,1
INWKKMAATALKMI,amp_all_clean.csv,1
ALWKDMLKGIGKLAGKAALGAVKTLV,amp_all_clean.csv,1
GFPCGESCVYIPCFTAAIGCSCKSKVCYKN,amp_all_clean.csv,1
GLFAVIKKVASVIGGL,amp_all_clean.csv,1
GLFDVIAKVASVIGGL,amp_all_clean.csv,1
GLFDVIAKVASVIKKL,amp_all_clean.csv,1
GLFAVIKKVASVIKKL,amp_all_clean.csv,1
RRWSFRVSYRGFSYRKSR,amp_all_clean.csv,1
GILDTLKQFAKGVGKWLVKGAAQ,amp_all_clean.csv,1
GILDTLKQFAKGVGKFLVKGAAQ,amp_all_clean.csv,1
ALWKTLLKKVLKA,amp_all_clean.csv,1
FKCRRWQWR,amp_all_clean.csv,1
KKLGAPSITCVRRAFA,amp_all_clean.csv,1
KNLRRIIRKIIHIIKKYG,amp_all_clean.csv,1
KNLRRIIRKGIHIIKKYG,amp_all_clean.csv,1
KNLRRITRKIIHIIKKYG,amp_all_clean.csv,1
GLKKLLGKLLKKLGKLLLK,amp_all_clean.csv,1
GLWNSIKIAGKKLFVNVLDKIRCKVAGGC,amp_all_clean.csv,1
GLWDSIKIAGKKLFVNVLDKIRCKVAGGC,amp_all_clean.csv,1
GLWNSIKIAGKNLFVNVLDKIRCKVAGGC,amp_all_clean.csv,1
GLWNSIKIAGKKLFVNVLDKIRSKVAGGS,amp_all_clean.csv,1
GKKLFVNVLDKIRCKVAGGC,amp_all_clean.csv,1
FALALKALKKALKKLKKALKKAL,amp_all_clean.csv,1
TWLKKRRWKKAKPP,amp_all_clean.csv,1
GLARIVVIRVAR,amp_all_clean.csv,1
RGARIVVIRVAR,amp_all_clean.csv,1
RRARIVVIRVAR,amp_all_clean.csv,1
RLRRIVVIRVAR,amp_all_clean.csv,1
RLWRIVVIRVAR,amp_all_clean.csv,1
RLARRVVIRVAR,amp_all_clean.csv,1
RLARIVKIRVAR,amp_all_clean.csv,1
RLARIVVIRWAR,amp_all_clean.csv,1
RLARIVVIRVRR,amp_all_clean.csv,1
RLARIVVIRVAG,amp_all_clean.csv,1
RLRRIVVIRVRR,amp_all_clean.csv,1
RRWRIVVIRVRR,amp_all_clean.csv,1
RRWKIVVIRWRR,amp_all_clean.csv,1
RWWKIWVIRWWR,amp_all_clean.csv,1
KIWVIRWR,amp_all_clean.csv,1
RIWVIRWR,amp_all_clean.csv,1
RIWVIWRR,amp_all_clean.csv,1
RRWVIWRR,amp_all_clean.csv,1
RLARIVVIRVAR,amp_all_clean.csv,1
YQWQRRMRKL,amp_all_clean.csv,1
FQWQRNMRKV,amp_all_clean.csv,1
LRWQNEMRKV,amp_all_clean.csv,1
RQWQSKIRRT,amp_all_clean.csv,1
RRWQWRMKKL,amp_all_clean.csv,1
RRWWWRWRRW,amp_all_clean.csv,1
KKWWWKWKKW,amp_all_clean.csv,1
RRWWRRWRRW,amp_all_clean.csv,1
RRFFFRFRRF,amp_all_clean.csv,1
RRIIIRWRRI,amp_all_clean.csv,1
SKCYQWQRRMRKLGA,amp_all_clean.csv,1
TKCFQWQWNMRKVRG,amp_all_clean.csv,1
SKCYQWQWRMRKLGA,amp_all_clean.csv,1
SKCRQWQWKIRRTNP,amp_all_clean.csv,1
FKCRRWQWRMKKLGA,amp_all_clean.csv,1
AKCRRWQWRMKKLGA,amp_all_clean.csv,1
FACRRWQWRMKKLGA,amp_all_clean.csv,1
FKARRWQWRMKKLGA,amp_all_clean.csv,1
FKCARWQWRMKKLGA,amp_all_clean.csv,1
FKCRAWQWRMKKLGA,amp_all_clean.csv,1
FKCRRWAWRMKKLGA,amp_all_clean.csv,1
FKCRRWQWAMKKLGA,amp_all_clean.csv,1
FKCRRWQWRAKKLGA,amp_all_clean.csv,1
FKCRRWQWRMAKLGA,amp_all_clean.csv,1
FKCRRWQWRMKALGA,amp_all_clean.csv,1
FKCRRWQWRMKKAGA,amp_all_clean.csv,1
FKCRRWQWRMKKLAA,amp_all_clean.csv,1
AKCLRWQWEMRKVGG,amp_all_clean.csv,1
AKCLRWQWAMRKVGG,amp_all_clean.csv,1
RKCLRWQWEMRKVGG,amp_all_clean.csv,1
EKCLRWQWRMRKVGG,amp_all_clean.csv,1
AKCLRWQWRMRKVGG,amp_all_clean.csv,1
RKCLRWQWAMRKVGG,amp_all_clean.csv,1
RKCLRWQWRMRKVGG,amp_all_clean.csv,1
AKCLRWQWEMRKYGG,amp_all_clean.csv,1
AKCLRWQWAMRKYGG,amp_all_clean.csv,1
RKCLRWQWEMRKYGG,amp_all_clean.csv,1
EKCLRWQWRMRKYGG,amp_all_clean.csv,1
AKCLRWQWRMRKYGG,amp_all_clean.csv,1
RKCLRWQWAMRKYGG,amp_all_clean.csv,1
RKCLRWQWRMRKYGG,amp_all_clean.csv,1
KWKWKWKW,amp_all_clean.csv,1
KWKWKWKWKW,amp_all_clean.csv,1
RWRWRWRW,amp_all_clean.csv,1
RWRWRWRWRW,amp_all_clean.csv,1
KWKLFKKIEKVGQGIGAVLKVLTTGL,amp_all_clean.csv,1
KWKLFKKIGIGAVLKVLTTGLPALIS,amp_all_clean.csv,1
KWKLFKKIGIGAVLKVLTTG,amp_all_clean.csv,1
KWKLFKKIGIGAVLKVLT,amp_all_clean.csv,1
KWKLFKKGIGAVLKV,amp_all_clean.csv,1
KWKLFKKGAVLKVLT,amp_all_clean.csv,1
GWLRKLGAVLKVLTT,amp_all_clean.csv,1
KWKLFKKIGAVLKVL,amp_all_clean.csv,1
KWKLFKKAVLKVLTT,amp_all_clean.csv,1
KWKLFKKVLKVLTTG,amp_all_clean.csv,1
KWKLFKKLKVLTTGL,amp_all_clean.csv,1
ILRWPWWPWRRKM,amp_all_clean.csv,1
IIYCNRRTGKCQRM,amp_all_clean.csv,1
YCNRRTGKCQRM,amp_all_clean.csv,1
VPIIYCNRRTGKCQRM,amp_all_clean.csv,1
KPVPIIYCNRRTGKCQRM,amp_all_clean.csv,1
GSKKPVPIIYCNRRTGKC,amp_all_clean.csv,1
GSKKPVPIIYCNRRTGKCQ,amp_all_clean.csv,1
GSKKPVPIIYCNRRTGKCQR,amp_all_clean.csv,1
RFPWWWPFLR,amp_all_clean.csv,1
RRRFPWVCWPFLRRR,amp_all_clean.csv,1
LIKIVPAMICAVTKKC,amp_all_clean.csv,1
GLIKIVPAMICAVTKKC,amp_all_clean.csv,1
GGLIKIVPAMICAVTKKC,amp_all_clean.csv,1
LGGLIKIVPAMICAVTKKC,amp_all_clean.csv,1
FLGGLIKIVPAMICAVTKK,amp_all_clean.csv,1
RILSILRHQNLLKE,amp_all_clean.csv,1
TLRGDERILSILRHQNLLKE,amp_all_clean.csv,1
TLRGDERILSILRHQNLLKELQDLALQGAK,amp_all_clean.csv,1
RILSILRHQNLLKELQDLALQGAK,amp_all_clean.csv,1
KRIVQRIKDFLR,amp_all_clean.csv,1
KWKLFKKIGIGKFLHSAKKF,amp_all_clean.csv,1
KWKLFKKIKFLHSAKKF,amp_all_clean.csv,1
KWKLFKKIPKFLHSAKKF,amp_all_clean.csv,1
KAKLFKKIGIGKFLHSAKKF,amp_all_clean.csv,1
KLKLFKKIGIGKFLHSAKKF,amp_all_clean.csv,1
KWKLFKKIPKFLHLAKKF,amp_all_clean.csv,1
KWKLFKKILKFLHLAKKF,amp_all_clean.csv,1
KWKLFKKISKFLHLAKKF,amp_all_clean.csv,1
WKLFKKIPKFLHLAKKF,amp_all_clean.csv,1
FKLFKKIPKFLHLAKKF,amp_all_clean.csv,1
KWFKKIPKFLHLAKKF,amp_all_clean.csv,1
WFKKIPKFLHLAKKF,amp_all_clean.csv,1
WKKIPKFLHLAKKF,amp_all_clean.csv,1
KWFKKIPKFLHLLKKF,amp_all_clean.csv,1
WFKKIPKFLHLLKKF,amp_all_clean.csv,1
WKKIPKFLHLLKKF,amp_all_clean.csv,1
KWKLFKKIPFLHLAKKF,amp_all_clean.csv,1
KWKLFKKIPKFLHLAKK,amp_all_clean.csv,1
KWKLFKKIPLHLAKKF,amp_all_clean.csv,1
KWKLFKKIPKFLHLAK,amp_all_clean.csv,1
KWKLFKKIPHLAKKF,amp_all_clean.csv,1
KWKLFKKIPKFLHLA,amp_all_clean.csv,1
KWKLFKKIPLAKKF,amp_all_clean.csv,1
KWKLFKKIPKFLHL,amp_all_clean.csv,1
KWKLFKKIPLKKF,amp_all_clean.csv,1
KWKLFKKIPKFLH,amp_all_clean.csv,1
LLKWLKKL,amp_all_clean.csv,1
KLLKWLLK,amp_all_clean.csv,1
KLLKWLLKL,amp_all_clean.csv,1
KKLLKWLKKLL,amp_all_clean.csv,1
KKLLKWLLKLL,amp_all_clean.csv,1
LKLLKWLLKLL,amp_all_clean.csv,1
LKKLLKWLLKLLK,amp_all_clean.csv,1
LLKLLKWLLKLLK,amp_all_clean.csv,1
ILGKIAEGIKSLF,amp_all_clean.csv,1
ILGKILEGIKSLF,amp_all_clean.csv,1
ILGKIWKGIKSLF,amp_all_clean.csv,1
ILGKILKGIKKLF,amp_all_clean.csv,1
ILGKIWKIKKLF,amp_all_clean.csv,1
VSLFPVSLFP,amp_all_clean.csv,1
GVVTDLLKTAGKLLGNLFGSLSG,amp_all_clean.csv,1
GVVTDLLKTAGKLLGNLVGSLSG,amp_all_clean.csv,1
GLVTGLLKTAGKLLGDLFGSLTG,amp_all_clean.csv,1
LLGDFFRKAKEKIGKEFKRIVQR,amp_all_clean.csv,1
LLGDFFRKVKEKIGKEFKRIVQR,amp_all_clean.csv,1
ALYKKFKKKLLKSLKRLG,amp_all_clean.csv,1
RAVAVIIRLRRV,amp_all_clean.csv,1
RRAAVVLIVIRR,amp_all_clean.csv,1
VRLRIRVAVIRA,amp_all_clean.csv,1
VRFRIRVAVIRA,amp_all_clean.csv,1
VRWRIRVAVIRA,amp_all_clean.csv,1
VRLWIRVAVIRA,amp_all_clean.csv,1
VRLRIRVAVRRA,amp_all_clean.csv,1
VRLRIRVAVIRK,amp_all_clean.csv,1
VQLRIRVRVIRK,amp_all_clean.csv,1
VRLRIRVRVIRK,amp_all_clean.csv,1
KQFRIRVRVIRK,amp_all_clean.csv,1
KRFRIRVRVIRK,amp_all_clean.csv,1
KRWRIRVRVIRK,amp_all_clean.csv,1
ALRLAIRKR,amp_all_clean.csv,1
ALLLAIRKR,amp_all_clean.csv,1
AWLLAIRKR,amp_all_clean.csv,1
ALYLAIRKR,amp_all_clean.csv,1
ALWLAIRKR,amp_all_clean.csv,1
LKLLKKLLKLLKKL,amp_all_clean.csv,1
LKLLKKLLKLLKKLGK,amp_all_clean.csv,1
LKLLKKLLKLLKKLGGK,amp_all_clean.csv,1
LKLLKKLLKLLKKLGGGK,amp_all_clean.csv,1
KGLKKLLKLLKKLLKL,amp_all_clean.csv,1
LKKLLKKLKK,amp_all_clean.csv,1
LKKLLKKLKKLL,amp_all_clean.csv,1
LKKLLKKLKKLLKK,amp_all_clean.csv,1
SNMIEGVFAKGFKKASHLFKGIG,amp_all_clean.csv,1
SNMIEGVFAKGFKKASH,amp_all_clean.csv,1
RRLCRIVVIRVCRR,amp_all_clean.csv,1
RRRCPIVVIRVCRR,amp_all_clean.csv,1
RRRLCPIVIRVCRR,amp_all_clean.csv,1
RICRIVVIRCIR,amp_all_clean.csv,1
RLCPRVRIRVCR,amp_all_clean.csv,1
RLCRIVPVIRVCR,amp_all_clean.csv,1
RLCRIVWVIRVCR,amp_all_clean.csv,1
RRLCRIVWVIRVCRR,amp_all_clean.csv,1
RLSRIVVIRVSR,amp_all_clean.csv,1
RLSRIVVIRVCR,amp_all_clean.csv,1
CVKCKCKCGSGVKVKVKVC,amp_all_clean.csv,1
CVKVSVKVGSGVKVSVKVC,amp_all_clean.csv,1
CVKVRVKVGSGVKVRVKVC,amp_all_clean.csv,1
CVKVQVKVGSGVKVQVKVC,amp_all_clean.csv,1
CAKAKAKAGSGAKAKAKAC,amp_all_clean.csv,1
CFKFKFKFGSGFKFKFKFC,amp_all_clean.csv,1
CWKWKWKWGSGWKWKWKWC,amp_all_clean.csv,1
PFWRIRIRR,amp_all_clean.csv,1
AKKVFKRLEKLFSKIQNWK,amp_all_clean.csv,1
AKKVFKRLEKLFSKIWNDK,amp_all_clean.csv,1
AKKVFKRLEKLFSKIWNWK,amp_all_clean.csv,1
AKKVFKRLEKSFSKIQNDK,amp_all_clean.csv,1
AKKVSKRLEKLFSKIQNDK,amp_all_clean.csv,1
AKKVFKRLEKLFSKIFNFK,amp_all_clean.csv,1
AKKVFKRLEKLFSKIYNYK,amp_all_clean.csv,1
GIGKFLKKAKKFGKAFVKILKK,amp_all_clean.csv,1
EQEENVVKIQAFWKGYKQRKEYM,amp_all_clean.csv,1
ANVGFVIQLQARLRGFLVRQKFA,amp_all_clean.csv,1
TWLPAVIKIQAHWRGYRQRKIYL,amp_all_clean.csv,1
ANLDAIIKIQAWARMWAARRQYL,amp_all_clean.csv,1
KNVNSIVKIQAFFRARKAQDDYR,amp_all_clean.csv,1
KWKSFIKKLTSKFLHLAKKF,amp_all_clean.csv,1
KWKSFIKKLTSKFLHSAKKF,amp_all_clean.csv,1
KFKSFIKKLTSKFLHSAKKF,amp_all_clean.csv,1
KWNSFIKKLTSKFLHSAKKF,amp_all_clean.csv,1
KWKSFKKKLTSKFLHSAKKF,amp_all_clean.csv,1
KWKSFINKLTSKFLHSAKKF,amp_all_clean.csv,1
KWKSFIKKAKTSFLHSAKKF,amp_all_clean.csv,1
KWKSFIKKSTSKFLHSAKKF,amp_all_clean.csv,1
KWKSFIKKLLSKFLHSAKKF,amp_all_clean.csv,1
KWKSFIKKLASKFLHSAKKF,amp_all_clean.csv,1
KWKSFIKKLTDKFLHSAKKF,amp_all_clean.csv,1
KWKSFIKKLTKKFLHSAKKF,amp_all_clean.csv,1
KWKSFIKKLTSKALHSAKKF,amp_all_clean.csv,1
KWKSFIKKLTSKFLHSKKKF,amp_all_clean.csv,1
KWKSFIKKLTSKFLHSADKF,amp_all_clean.csv,1
KWKSFIKKLTSKFLHSANKF,amp_all_clean.csv,1
KWKSFIKKLTSKFLHSAKKN,amp_all_clean.csv,1
SGKLCCRRKK,amp_all_clean.csv,1
SGKLYYRRKK,amp_all_clean.csv,1
SGKLWWRRKK,amp_all_clean.csv,1
SGKRWWRRKK,amp_all_clean.csv,1
RGKRWWRRKK,amp_all_clean.csv,1
RWKRWWRRKK,amp_all_clean.csv,1
RKKRWWRRKK,amp_all_clean.csv,1
LRRLWLRANRL,amp_all_clean.csv,1
LRRLWLRANRLLRRLWLRANRL,amp_all_clean.csv,1
APRKNVRW,amp_all_clean.csv,1
APRKNVRF,amp_all_clean.csv,1
APRKNVKW,amp_all_clean.csv,1
APRKNLKW,amp_all_clean.csv,1
APRKQLKW,amp_all_clean.csv,1
APRRQLKW,amp_all_clean.csv,1
APKKQLKW,amp_all_clean.csv,1
AFRKQLKW,amp_all_clean.csv,1
LFRKQLKW,amp_all_clean.csv,1
WFRKQLKW,amp_all_clean.csv,1
IKRFWPVVIRTVVAGYNLYRAIKKK,amp_all_clean.csv,1
KRFWPVVIRTVVAGYNLYRAIKKK,amp_all_clean.csv,1
RFWPVVIRTVVAGYNLYRAIKKK,amp_all_clean.csv,1
FWPVVIRTVVAGYNLYRAIKKK,amp_all_clean.csv,1
WPVVIRTVVAGYNLYRAIKKK,amp_all_clean.csv,1
PVVIRTVVAGYNLYRAIKKK,amp_all_clean.csv,1
VVIRTVVAGYNLYRAIKKK,amp_all_clean.csv,1
VIRTVVAGYNLYRAIKKK,amp_all_clean.csv,1
RIKRFWPVVIRTVVAGYNLYRAIKK,amp_all_clean.csv,1
RIKRFWPVVIRTVVAGYNLYRAIK,amp_all_clean.csv,1
RIKRFWPVVIRTVVAGYNLYRAI,amp_all_clean.csv,1
RIKRFWPVVIRTVVAGYNLYRA,amp_all_clean.csv,1
RIKRFWPVVIRTVVAGYNLYR,amp_all_clean.csv,1
RIKRFWPVVIRTVVAGYNLY,amp_all_clean.csv,1
RIKRFWPVVIRTVVAGYNL,amp_all_clean.csv,1
RIKRFWPVVIRTVVAGYN,amp_all_clean.csv,1
RIKRFWPVVIRTVVAGY,amp_all_clean.csv,1
RIKRFWPVVIRTVVAG,amp_all_clean.csv,1
RIKRFWPVVIRTVV,amp_all_clean.csv,1
RIKRFWPVVIRT,amp_all_clean.csv,1
RIKRFWPVVIR,amp_all_clean.csv,1
KKWLKKWLK,amp_all_clean.csv,1
LKWLKKWLK,amp_all_clean.csv,1
LKWLLKWLK,amp_all_clean.csv,1
LKWLLKWLL,amp_all_clean.csv,1
LKKWLKKWLKK,amp_all_clean.csv,1
LLKWLKKWLKK,amp_all_clean.csv,1
LLKWLLKWLKK,amp_all_clean.csv,1
LLKWLLKWLLK,amp_all_clean.csv,1
GLLSLLSLLGKLL,amp_all_clean.csv,1
GLLPLLSLLGKLL,amp_all_clean.csv,1
WLKKLLKKLLK,amp_all_clean.csv,1
KWLKKLLKKLL,amp_all_clean.csv,1
LKWLKKLLKKL,amp_all_clean.csv,1
LLKWLKKLLKK,amp_all_clean.csv,1
KLLKWLKKLLK,amp_all_clean.csv,1
LKKLLKWLKKL,amp_all_clean.csv,1
LLKKLLKWLKK,amp_all_clean.csv,1
KLLKKLLKWLK,amp_all_clean.csv,1
KKLLKKLLKWL,amp_all_clean.csv,1
LKKLLKKLLKW,amp_all_clean.csv,1
RQIRIWFQNRRMRWRR,amp_all_clean.csv,1
KQIKIWFQNKKMKWKK,amp_all_clean.csv,1
RQIKIWFQNRRLKWKK,amp_all_clean.csv,1
KIWFQNRRMKWKK,amp_all_clean.csv,1
RIWFQNRRMRWRR,amp_all_clean.csv,1
KIWFQNKKMKWKK,amp_all_clean.csv,1
RWFKIQMQIRRWKNKK,amp_all_clean.csv,1
RWFKIQLQIRRWKNKK,amp_all_clean.csv,1
KWFKIQLQIKKWKNKK,amp_all_clean.csv,1
RWFRIQLQIRRWRNRR,amp_all_clean.csv,1
WRRRRRRR,amp_all_clean.csv,1
WGRKKRRQRRRPPQ,amp_all_clean.csv,1
GIGKHVGKALKGLKGLLKGLGES,amp_all_clean.csv,1
GIGKHVGKALKGLKGLLKGLGEC,amp_all_clean.csv,1
GLKGLLGKALKGIGKHIGKAQGC,amp_all_clean.csv,1
KKLFKKILKYL,amp_all_clean.csv,1
RRLFRRILRYL,amp_all_clean.csv,1
RRLFRRILRWL,amp_all_clean.csv,1
KQSHKKGGHSFPKEKIS,amp_all_clean.csv,1
KMDSRWRWKSSKK,amp_all_clean.csv,1
KIFGAIWPLALGALKNLIK,amp_all_clean.csv,1
KSSTRGRKSSRRKK,amp_all_clean.csv,1
RGRKSSRRKK,amp_all_clean.csv,1
RGRKSSRRK,amp_all_clean.csv,1
KYYSRVRGGRSAVLSSLDK,amp_all_clean.csv,1
GIINTLQKYYSRVRGGR,amp_all_clean.csv,1
RPDKPRPYLPRPRPPRPVR,amp_all_clean.csv,1
GKPRPYLPRPTSHPRPIRV,amp_all_clean.csv,1
VDKGSYLPRPTSHPRPIRV,amp_all_clean.csv,1
GLLRRLRKKIGEIFKKYG,amp_all_clean.csv,1
GRFRRLGRKFKKLFKKYGP,amp_all_clean.csv,1
GLLRRLRDFLKKIGEKFKKIGY,amp_all_clean.csv,1
GILSKLGKALKKAAKHAAKA,amp_all_clean.csv,1
GLRKRLRKARNKIKEKLKKI,amp_all_clean.csv,1
GLRKRLRKFRNKIKQKLKKI,amp_all_clean.csv,1
FLGVVFKLASKVFPAVFGKV,amp_all_clean.csv,1
FLFRVASKVFPALIGKFKKK,amp_all_clean.csv,1
LGALFRVASKVFPAVISMVK,amp_all_clean.csv,1
GLFDKLKSLVSDF,amp_all_clean.csv,1
GLFDIVKKLVSDF,amp_all_clean.csv,1
FFHLHFHY,amp_all_clean.csv,1
ERPPGFSPFR,amp_all_clean.csv,1
KLKLLLLL,amp_all_clean.csv,1
KLKLLLLLKLK,amp_all_clean.csv,1
RLKLLLLLRLK,amp_all_clean.csv,1
RLKLLLLRLK,amp_all_clean.csv,1
RLKLLLRLK,amp_all_clean.csv,1
LLLFLLKKRKKRKY,amp_all_clean.csv,1
KRLFKKLLFSLRKY,amp_all_clean.csv,1
KEEQIGKSSTRGRKSSRRKK,amp_all_clean.csv,1
KIGAKIKIGAKIKIGAKI,amp_all_clean.csv,1
KIAGKIAKIAGKIAKIAGKIA,amp_all_clean.csv,1
KLAGLAKKLAGLAKKLAGLAK,amp_all_clean.csv,1
RRWVRRVRRWVRRVVRVVRRWVRR,amp_all_clean.csv,1
LALLKVLLRKIKKAL,amp_all_clean.csv,1
ALKAALLAILKIVRVIKK,amp_all_clean.csv,1
LLAILLLALLALRKKVLA,amp_all_clean.csv,1
KWKSFIKKLTSAAKKVVTTAKPLISS,amp_all_clean.csv,1
KWKSFIKKLTTAVKKVLTTGLPALIS,amp_all_clean.csv,1
KWKSFIKKLPSAAKKVTTAAKPLTK,amp_all_clean.csv,1
KWKKFIKKIGIGAVLKVLTTGLPALKLTKK,amp_all_clean.csv,1
KKWKKFIKKIGIGAVLTTPGAKK,amp_all_clean.csv,1
KWKSFIKNLTKGGSKILTTGLPALIS,amp_all_clean.csv,1
KWKKFIKNLTKGGSKILTTGLPALIS,amp_all_clean.csv,1
KWKSFIKKLTSAAKKVLTTGLPALIS,amp_all_clean.csv,1
KKWWKFIKKAVNSGTTGLQTLAS,amp_all_clean.csv,1
KWKSFIKKLTSVLKKVVTTAKPLISS,amp_all_clean.csv,1
KKKSFIKLLTSAKVSVLTTAKPLISS,amp_all_clean.csv,1
WKVFKSFIKKASSFAQSVLD,amp_all_clean.csv,1
ILKKWPWWPWRRK,amp_all_clean.csv,1
KWKSFIKKLPSAAKKVVTTAKPLALIS,amp_all_clean.csv,1
KWKSFIKKLPKAAKKVVTTAKKPLIV,amp_all_clean.csv,1
KWKKFIKSLTKSAAKTVVKTAKKPLIV,amp_all_clean.csv,1
KWKLFKKIGIGAVLKVLTTGLPALKLTLK,amp_all_clean.csv,1
KLFKKIGIGAVLKVLTTGLPALKLTK,amp_all_clean.csv,1
KWKFKKIGIGAVLKVLTTGLPALKLTLK,amp_all_clean.csv,1
KLWKLFKKIGIGAVLKVLTTGLPALKLTK,amp_all_clean.csv,1
AASKAAKTLAKLLSSLLKL,amp_all_clean.csv,1
LLKKLLRAASKALSLL,amp_all_clean.csv,1
AAKKLSKLLKTLLKLL,amp_all_clean.csv,1
KALKKLLKLASSLLTAL,amp_all_clean.csv,1
AASKALRTASRLARSLLT,amp_all_clean.csv,1
LKLLKKLLKKLKKLL,amp_all_clean.csv,1
VSSKYLSKVKVKAGK,amp_all_clean.csv,1
ARLAKKALRRLAKKD,amp_all_clean.csv,1
GESLASKAAKAAER,amp_all_clean.csv,1
ESLAKALSKEALKALK,amp_all_clean.csv,1
LKALKKLAKKLKKLA,amp_all_clean.csv,1
FASLLGKALKALAKQ,amp_all_clean.csv,1
GWLLLEYIPVIAAL,amp_all_clean.csv,1
LSSALSALSSALSSK,amp_all_clean.csv,1
EAALKAALDLAAKLA,amp_all_clean.csv,1
ERSAAKSAARSLARR,amp_all_clean.csv,1
EKTLARTAAKTALKK,amp_all_clean.csv,1
EKAAAKSAAAKTLARR,amp_all_clean.csv,1
VSSKYLSKALVKAGR,amp_all_clean.csv,1
FASLLGKALKALLAKLAKQ,amp_all_clean.csv,1
FASLLGKLAKKLAKKALK,amp_all_clean.csv,1
ESLKARSLKKSLKLKKLL,amp_all_clean.csv,1
ETELAKKALKALKLKKLA,amp_all_clean.csv,1
ELAKKALKALKKALKSAR,amp_all_clean.csv,1
ELAKKALRALKKALKSAK,amp_all_clean.csv,1
ETFAKKALKALEKLLKKG,amp_all_clean.csv,1
ESSLKKKALSKLSKLLKKG,amp_all_clean.csv,1
QKAASRLLRALSKLLEAF,amp_all_clean.csv,1
QKALAKLAKKALKALAKQ,amp_all_clean.csv,1
ESKAAKAAKKAAKAKASE,amp_all_clean.csv,1
FFGKVLKLIRKIF,amp_all_clean.csv,1
IKWKKLLRAAKRIL,amp_all_clean.csv,1
ALRLAIRRR,amp_all_clean.csv,1
ALLLAIRRR,amp_all_clean.csv,1
AWLLAIRRR,amp_all_clean.csv,1
ALYLAIRRR,amp_all_clean.csv,1
ALWLAIRRR,amp_all_clean.csv,1
LCAAHCLAIGRR,amp_all_clean.csv,1
LCAAHCLAIRRR,amp_all_clean.csv,1
LCAAHCLAILRR,amp_all_clean.csv,1
LCAARCLAIGRR,amp_all_clean.csv,1
LCAALCLAIGRR,amp_all_clean.csv,1
LRAAHRLAIGRR,amp_all_clean.csv,1
LLAAHLLAIGRR,amp_all_clean.csv,1
AAHCLAIGRR,amp_all_clean.csv,1
AHCLAIGRR,amp_all_clean.csv,1
HCLAIGRR,amp_all_clean.csv,1
FLFSLIPKAIGGLISAFK,amp_all_clean.csv,1
IGKEFKRIVQRIKDFLRNL,amp_all_clean.csv,1
IGKKFKRIVQRIKDFLRNL,amp_all_clean.csv,1
IGKKFKRIVQRIKKFLRNL,amp_all_clean.csv,1
IGKKFKRIVQRIKKFLRKL,amp_all_clean.csv,1
IGKKFKRIVKRIKKFLRKL,amp_all_clean.csv,1
IGKLFKRIVQRIKKFLRNL,amp_all_clean.csv,1
IGKLFKRIVQRILKFLRNL,amp_all_clean.csv,1
IGKLFKRIVKRILKFLRKL,amp_all_clean.csv,1
ILKLFKRIVKRILKFLRKL,amp_all_clean.csv,1
IGKKWKRIVKRIKKFLRKL,amp_all_clean.csv,1
IGKKFKRIVKRIKKWLRKL,amp_all_clean.csv,1
RAGLQFPVGRLLRRLLRRLLR,amp_all_clean.csv,1
RAGLQWPIGRLLRRLLRRLLR,amp_all_clean.csv,1
RVVRQWPIGRVVRRVVRRVVR,amp_all_clean.csv,1
KLLKQWPIGKLLKKLLKKLLK,amp_all_clean.csv,1
KVVKQWPIGKVVKKVVKKVVK,amp_all_clean.csv,1
INWKKLLDAAKQIL,amp_all_clean.csv,1
INWLKAKKVAGMIL,amp_all_clean.csv,1
GLFRALLRLLRSLWRLLLRA,amp_all_clean.csv,1
GLRRALLRLLRSLRRLLLRA,amp_all_clean.csv,1
KWKLFKKIGIGAVLKVLTTGLIALIS,amp_all_clean.csv,1
KWKLFKKIGIGAVLKVLTPGLPALKLTK,amp_all_clean.csv,1
INWKKIFQKVKNLV,amp_all_clean.csv,1
INWKKIFEKVKDLV,amp_all_clean.csv,1
IDWKKIFEKVKNLV,amp_all_clean.csv,1
IDWKKIFEKVKDLV,amp_all_clean.csv,1
INWSKIFEKVKNLV,amp_all_clean.csv,1
INWSSIFEKVKNLV,amp_all_clean.csv,1
INWSSIFESVKNLV,amp_all_clean.csv,1
INWSSIFESVSNLV,amp_all_clean.csv,1
INWKKIFEKVSNLV,amp_all_clean.csv,1
INWKKIFESVKNLV,amp_all_clean.csv,1
INWKSIFEKVKNLV,amp_all_clean.csv,1
NIWKKIFEKVKNLV,amp_all_clean.csv,1
INWLKLGKKILGAI,amp_all_clean.csv,1
INWLRLGRRILGAL,amp_all_clean.csv,1
INFLKLGKKILGAL,amp_all_clean.csv,1
INWKKLGKKILGAL,amp_all_clean.csv,1
INSLKLGKKILGAL,amp_all_clean.csv,1
INWLKLGKKIISAL,amp_all_clean.csv,1
INWLKLGKKLLSAL,amp_all_clean.csv,1
INWLKLGKKMMSAI,amp_all_clean.csv,1
SNWLKLGKKMMSAL,amp_all_clean.csv,1
INWKKIASIGKEVLKAI,amp_all_clean.csv,1
NWKKIASIGKEVLKAL,amp_all_clean.csv,1
WKKIASIGKEVLKAL,amp_all_clean.csv,1
KKIASIGKEVLKAL,amp_all_clean.csv,1
KIASIGKEVLKAL,amp_all_clean.csv,1
INWKKIASIGKEVLKA,amp_all_clean.csv,1
INWKKIASIGKEVLK,amp_all_clean.csv,1
INWKKIASIGKEVL,amp_all_clean.csv,1
INWKKIASIGKEV,amp_all_clean.csv,1
IWNKIAKSIGKVLEKAL,amp_all_clean.csv,1
INWKKGKEVLKAL,amp_all_clean.csv,1
NIWKKIASIAKEVLKAL,amp_all_clean.csv,1
KNWKKIASIGKEVLKAL,amp_all_clean.csv,1
SNWKKIASIGKEVLKAL,amp_all_clean.csv,1
VARGWKRKCPLFGKGG,amp_all_clean.csv,1
FSLIPSAIGGLISA,amp_all_clean.csv,1
KRWWKWWRRC,amp_all_clean.csv,1
TLISWIKNKRKQRPRVSRRRRRRGGRRRR,amp_all_clean.csv,1
GRRRRSVQWCA,amp_all_clean.csv,1
KKLALKALLLWLKALLKLAKLALKK,amp_all_clean.csv,1
KKLALKALKLWLLALLKLAKLALKK,amp_all_clean.csv,1
KKLALKALKLWLLALKKLALLALKK,amp_all_clean.csv,1
KKLAKLALLKWLLALKKLALLALKK,amp_all_clean.csv,1
KKLAKLALLKWLLALKLLALKALKK,amp_all_clean.csv,1
KKLAKALKLLALLWLKLAKALKKA,amp_all_clean.csv,1
KKLAKAPKLLALLWLKLAKALKKA,amp_all_clean.csv,1
KKLAKALKLPALLWLKLAKALKKA,amp_all_clean.csv,1
KKLAKALKLLAPLWLKLAKALKKA,amp_all_clean.csv,1
KKLALALKKLALLWKKLALALKKA,amp_all_clean.csv,1
KKLALAPKKLALLWKKLALALKKA,amp_all_clean.csv,1
KKLALALKKPALLWKKLALALKKA,amp_all_clean.csv,1
KKLALALKKLAPLWKKLALALKKA,amp_all_clean.csv,1
KKLKLALAKLALLWKALALKLKKA,amp_all_clean.csv,1
KKLKLAPAKLALLWKALALKLKKA,amp_all_clean.csv,1
KKLKLALAKPALLWKALALKLKKA,amp_all_clean.csv,1
KKLKLALAKLAPLWKALALKLKKA,amp_all_clean.csv,1
WKSDVRRWRSRY,amp_all_clean.csv,1
WKSYVRRWRSRY,amp_all_clean.csv,1
WKSYVRRWRSR,amp_all_clean.csv,1
WWSYVRRWRSR,amp_all_clean.csv,1
WKSYVRRWRS,amp_all_clean.csv,1
WKSYVRRWR,amp_all_clean.csv,1
WKSYVRRW,amp_all_clean.csv,1
FSEAIKKIIDFLGEGLFDIIKKIAESF,amp_all_clean.csv,1
GLFDIIKKIAESFKFSEAIKKIIDFLG,amp_all_clean.csv,1
KKFFLKVLTKIRCKVAGGCRT,amp_all_clean.csv,1
KFAKKFKWFAKAAFKFFKK,amp_all_clean.csv,1
KKLALLALKKWLLALKKLALLALKK,amp_all_clean.csv,1
KKLALLALKKWLPALKKLALLALKK,amp_all_clean.csv,1
KKLALALAKKWLALAKKLALALAKK,amp_all_clean.csv,1
KKLALALAKKWLPLAKKLALALAKK,amp_all_clean.csv,1
KKLALHALKKWLHALKKLAHLALKK,amp_all_clean.csv,1
KWKSFLKTFKSLKKTVLHTLLKAISS,amp_all_clean.csv,1
KWKSFLKTFKSAKKTVLHTALKAISS,amp_all_clean.csv,1
KWKSFLKTFKSAKKTVLHTALKLISS,amp_all_clean.csv,1
KWKSFLKTFKSLKKTVLHTALKAISS,amp_all_clean.csv,1
KWKSFLKTFKSAKKTVLHTLLKAISS,amp_all_clean.csv,1
KWKSFLKTFKSLKKTVLHTALKLISS,amp_all_clean.csv,1
KWKSFLKTFKSAVKTVLHTALKAISS,amp_all_clean.csv,1
KWKSFLKTFKSALKTVLHTALKAISS,amp_all_clean.csv,1
KWKSFLKTFKSAAKTVLHTALKAISS,amp_all_clean.csv,1
KWKSFLKTFKSAGKTVLHTALKAISS,amp_all_clean.csv,1
KWKSFLKTFKSASKTVLHTALKAISS,amp_all_clean.csv,1
KWKSFLKTFKLAVKTVLHTALKAISS,amp_all_clean.csv,1
KWKSFLKTFKVAVKTVLHTALKAISS,amp_all_clean.csv,1
KWKSFLKTFKAAVKTVLHTALKAISS,amp_all_clean.csv,1
KWKSFLKTFKGAVKTVLHTALKAISS,amp_all_clean.csv,1
KWKSFLKTFKKAVKTVLHTALKAISS,amp_all_clean.csv,1
FIKRIARLLRKIF,amp_all_clean.csv,1
IWRIFRRIF,amp_all_clean.csv,1
IWRIFRRIFRIF,amp_all_clean.csv,1
IWRIFRRIFRIFIRF,amp_all_clean.csv,1
KSLVRRWRSRW,amp_all_clean.csv,1
KSLRRVWRSWR,amp_all_clean.csv,1
KWLRRVWRWWR,amp_all_clean.csv,1
KRLRRVWRRWR,amp_all_clean.csv,1
VNWKKSLGKSIKVVK,amp_all_clean.csv,1
VNWKKILGKSIKVSK,amp_all_clean.csv,1
VSWKKSLGKIIKVVK,amp_all_clean.csv,1
VNSKKISGKSIKVSK,amp_all_clean.csv,1
VNRKKILGKSIKVVK,amp_all_clean.csv,1
VNSKKISPKSIKVSK,amp_all_clean.csv,1
KWFRVYRGIYRRR,amp_all_clean.csv,1
KWCFCVCYRGICYCRCRG,amp_all_clean.csv,1
KWCFCVCYRGICRCRCRG,amp_all_clean.csv,1
KWCRCVCRRGICYCRCRG,amp_all_clean.csv,1
KWCRCVCRRGICRCRCRG,amp_all_clean.csv,1
KWCRCVCRRGICRCRCRK,amp_all_clean.csv,1
GFCRCLCRRGVCRCICTK,amp_all_clean.csv,1
GWLDVAKKIGKAAFNVAKNFI,amp_all_clean.csv,1
GWLDVAKKKGKAAFNVAKNFI,amp_all_clean.csv,1
NVWKKVLGKIIKVAK,amp_all_clean.csv,1
VNWKKVLAKIIKVAK,amp_all_clean.csv,1
VNWKKVLKKIIKVAK,amp_all_clean.csv,1
VNWKKVLPKIIKVAK,amp_all_clean.csv,1
NVWKKILGKIIKVAK,amp_all_clean.csv,1
VNWKKILAKIIKVAK,amp_all_clean.csv,1
VNWKKILKKIIKVAK,amp_all_clean.csv,1
VNWKKILPKIIKVAK,amp_all_clean.csv,1
NVWKKILGKIIKVVK,amp_all_clean.csv,1
VNWKKILAKIIKVVK,amp_all_clean.csv,1
VNWKKILKKIIKVVK,amp_all_clean.csv,1
VNWKKILPKIIKVVK,amp_all_clean.csv,1
VNWKKILGKI,amp_all_clean.csv,1
ILGKIIKVVK,amp_all_clean.csv,1
VRRFGWWWGFLRR,amp_all_clean.csv,1
VRRFAWWWAFLRR,amp_all_clean.csv,1
VRRFPFFFPFLRR,amp_all_clean.csv,1
RGLRRLGRKIAHGVKKYGPTVKRIKRKA,amp_all_clean.csv,1
RGLRRLGRKIAHGVKKYGATVLRIIRIA,amp_all_clean.csv,1
RGLRRLGRKIAHGVKKY,amp_all_clean.csv,1
RKLRRLKRKIAHKVKKY,amp_all_clean.csv,1
KKTWWKTWWTKWSQPKKKRKV,amp_all_clean.csv,1
FLYIVAKLLSGLL,amp_all_clean.csv,1
FLPIVAKLLSGLLGRKKRRQRRR,amp_all_clean.csv,1
INLKILARLAKKIL,amp_all_clean.csv,1
KLKKLLKKWLKLLKKLLK,amp_all_clean.csv,1
VGHNADLQIKLSIRRLLAAGVLKQTKGVGA,amp_all_clean.csv,1
LSIRRLLAAGVLKQTKGVGA,amp_all_clean.csv,1
KLIPIASKTCPAGKNLCYKI,amp_all_clean.csv,1
KLIFILSKTIPAGKNLFYKI,amp_all_clean.csv,1
KLILILSKTIPAGKNLFYKI,amp_all_clean.csv,1
VYPFMWGGAYCFCDAELV,amp_all_clean.csv,1
CKCRRRKVHGPMIRIRKK,amp_all_clean.csv,1
KCRRRKVHGPMIRIRKKNL,amp_all_clean.csv,1
FVPWFSKFLPRIL,amp_all_clean.csv,1
FQWQRNPRKVR,amp_all_clean.csv,1
SRSELIVHQRRC,amp_all_clean.csv,1
SRSELIVHQRMK,amp_all_clean.csv,1
SRSELIVHQRLF,amp_all_clean.csv,1
IGGYCSWLRL,amp_all_clean.csv,1
KKKKPLFGLFFGLF,amp_all_clean.csv,1
RRLRKKTRKRLKKIGKVLKWI,amp_all_clean.csv,1
RKKTRKRLKKIGKVLKWI,amp_all_clean.csv,1
TRKRLKKIGKVLKWI,amp_all_clean.csv,1
RLKKIGKVLKWI,amp_all_clean.csv,1
GILGKLWKGVKSIF,amp_all_clean.csv,1
LILGKLWKGVKSIF,amp_all_clean.csv,1
SILGKLWKGVKSIF,amp_all_clean.csv,1
FILGKLWKGVKSIF,amp_all_clean.csv,1
KILGKLWKGVKSIF,amp_all_clean.csv,1
RRLIRLILRLLR,amp_all_clean.csv,1
RRLIWLILRLLR,amp_all_clean.csv,1
RRLIRLWLRLLR,amp_all_clean.csv,1
FRIRVRVFKRIVQRIKDFLR,amp_all_clean.csv,1
FRIRVRVAKKFGKAFVGEIM,amp_all_clean.csv,1
FRIRVRVKWKLFKKI,amp_all_clean.csv,1
KIKKGFKKIFKRLPPIGVGVSIPLAGKR,amp_all_clean.csv,1
GLFKKLRRKIKKGFKKIFKRL,amp_all_clean.csv,1
FLPIVGLLKSLLK,amp_all_clean.csv,1
KKLLPIVANLLKSLL,amp_all_clean.csv,1
ILGKLWEGLKSLF,amp_all_clean.csv,1
IDWKKLLNAAKQIL,amp_all_clean.csv,1
FVPWFSKFLGRIL,amp_all_clean.csv,1
RWQWRWQWR,amp_all_clean.csv,1
TRSRWRRFIRGAGRFARRYGWRIAL,amp_all_clean.csv,1
SKVWRHWRRFWHRAHRLH,amp_all_clean.csv,1
SKVWRHWRRFW,amp_all_clean.csv,1
SKVWRHWRRFWHR,amp_all_clean.csv,1
VWRHWRRFWHR,amp_all_clean.csv,1
VWRHWRRFW,amp_all_clean.csv,1
VWRHWRRFWH,amp_all_clean.csv,1
WRHWRRFWHR,amp_all_clean.csv,1
VWRKWRRFW,amp_all_clean.csv,1
VWRRWRRFW,amp_all_clean.csv,1
VWRKWRRFWKR,amp_all_clean.csv,1
VWRRWRRFWRR,amp_all_clean.csv,1
KFRTRRSKSSSNGGRKGSKG,amp_all_clean.csv,1
KFRSNGRHGSGSRLGGGSLIGRPGGGS,amp_all_clean.csv,1
KFKKLFKKLSPVIGKEFKRIVERIKRFLR,amp_all_clean.csv,1
GLLKRIKTL,amp_all_clean.csv,1
GLLKRIKT,amp_all_clean.csv,1
SKVWRHWRRFWHRAHRKL,amp_all_clean.csv,1
ILKKLWEGVKSI,amp_all_clean.csv,1
ILKKLLEGVKSI,amp_all_clean.csv,1
KLIPILSKTIPAGKNLFYKI,amp_all_clean.csv,1
KLIWILSKTIPAGKNLFYKI,amp_all_clean.csv,1
VYPFMWGGAYCFCKAKLV,amp_all_clean.csv,1
VYPFCWGGAYAFCKAKLV,amp_all_clean.csv,1
FIAAIIGGLFSAGKAIHRLIRRRRR,amp_all_clean.csv,1
FIHHIIGGLFSAGKAAHRLIRRRRR,amp_all_clean.csv,1
FIHHIIGGLFSAGKAIHRHHRRRRR,amp_all_clean.csv,1
AAHHIIGGLFSAGKAIHRLIRRRRR,amp_all_clean.csv,1
FIHHIIGGAASAGKAIHRLIRRRRR,amp_all_clean.csv,1
FIHHIIGGLFSAGKARHRLIRRRRR,amp_all_clean.csv,1
FIHHIIGGLFSAGKAEHRLIRRRRR,amp_all_clean.csv,1
FIHHAAGGLFSAGKAIHRLIRRRRR,amp_all_clean.csv,1
FIHHIIGGLFSIGKIIHRLIRRRRR,amp_all_clean.csv,1
FIHHIIGGLFSVGKHIHRLIRRRRR,amp_all_clean.csv,1
FIHHIIGGLFSVGKHIHSLIHRRRR,amp_all_clean.csv,1
FIHHIIGGLFSAGKAIHRLIRRR,amp_all_clean.csv,1
FIHHIIGGLFSAGKAIHSLIHRRRR,amp_all_clean.csv,1
FIHHIIGGLFSAGKAIHRLIR,amp_all_clean.csv,1
HHIIGGLFSAGKAIHRLIRRRRR,amp_all_clean.csv,1
IIGGLFSAGKAIHRLIRRRRR,amp_all_clean.csv,1
FLHFLHHLF,amp_all_clean.csv,1
FLGFLHHLF,amp_all_clean.csv,1
FLGGLIKPWWPWRR,amp_all_clean.csv,1
CMSTRGDQARKICE,amp_all_clean.csv,1
FLGGLIKKWPWWPWRR,amp_all_clean.csv,1
AIHDILKYGKPS,amp_all_clean.csv,1
GAHDILKYGKPS,amp_all_clean.csv,1
GIADILKYGKPS,amp_all_clean.csv,1
GIHAILKYGKPS,amp_all_clean.csv,1
GIHDALKYGKPS,amp_all_clean.csv,1
GIHDIAKYGKPS,amp_all_clean.csv,1
GIHDILAYGKPS,amp_all_clean.csv,1
GIHDILKAGKPS,amp_all_clean.csv,1
GIHDILKYAKPS,amp_all_clean.csv,1
GIHDILKYGAPS,amp_all_clean.csv,1
GIHDILKYGKAS,amp_all_clean.csv,1
GIHDILKYGKPA,amp_all_clean.csv,1
GIRDILKYGKPS,amp_all_clean.csv,1
LLPWKWPWWKWRR,amp_all_clean.csv,1
RRPWRWPWWPWRR,amp_all_clean.csv,1
RRPWRWPRWPWRR,amp_all_clean.csv,1
FLGGLIKWWPWRR,amp_all_clean.csv,1
KKLFKKILKYLA,amp_all_clean.csv,1
RVKRFKKFFRKIKKGFRKIFKKTKIFIG,amp_all_clean.csv,1
HRVKRNGFRKFMRRLKKFFAGG,amp_all_clean.csv,1
RLLRKFFRKLKKSV,amp_all_clean.csv,1
IDWKKLLDAAKKIL,amp_all_clean.csv,1
FVPWFSKFLKRIL,amp_all_clean.csv,1
FVPWFSKFLWRIL,amp_all_clean.csv,1
KWKLFKKIFKRIVQRIKDFLRN,amp_all_clean.csv,1
TRSRWRRFIRGAGRFARRYGWRIA,amp_all_clean.csv,1
FLKALWNVAKSVF,amp_all_clean.csv,1
FLGALWKVAKSVF,amp_all_clean.csv,1
FLGALWNVAKKVF,amp_all_clean.csv,1
FLGELWNVAKSVF,amp_all_clean.csv,1
FLGALWEVAKSVF,amp_all_clean.csv,1
FLGALWNVWKSVF,amp_all_clean.csv,1
FLGELWNVWKSVF,amp_all_clean.csv,1
FFSLIPKLVKGLISAFK,amp_all_clean.csv,1
FFKLIPKLVKGLISAFK,amp_all_clean.csv,1
ILKKLLKGVKSI,amp_all_clean.csv,1
ILKKLLKKVKSI,amp_all_clean.csv,1
ILKKLLKKVKKI,amp_all_clean.csv,1
LRLKKYKVPQL,amp_all_clean.csv,1
KLLSHSLLVTLA,amp_all_clean.csv,1
KLLRHRLLVTLA,amp_all_clean.csv,1
VRFKLLSHSLLVTLASHL,amp_all_clean.csv,1
RRFKLLSHSLLVTLASHL,amp_all_clean.csv,1
KFFKKLKKAVKKGFKKFAKV,amp_all_clean.csv,1
RKYVRFLHRWVKYFRAYL,amp_all_clean.csv,1
WLLKRWKKLL,amp_all_clean.csv,1
KLLKWWKKLL,amp_all_clean.csv,1
KFWSLLKKALRLWANVL,amp_all_clean.csv,1
KFWKLLKKALRLWAKVL,amp_all_clean.csv,1
LFWKLLLKALRLWAKVL,amp_all_clean.csv,1
WFKKLLKKALRLWKKVL,amp_all_clean.csv,1
KFWKLLKKALRLWKKVL,amp_all_clean.csv,1
WFWKLLWKALRLWWKVL,amp_all_clean.csv,1
LLKKALRLWKKVL,amp_all_clean.csv,1
LLWKALRLWWKVL,amp_all_clean.csv,1
GLLKFIKKLL,amp_all_clean.csv,1
KLLKFIKKLL,amp_all_clean.csv,1
RLLKFIKKLL,amp_all_clean.csv,1
GCRRLCYKQRCVTYCRGR,amp_all_clean.csv,1
GCRRLCWKQRCVTYCRGR,amp_all_clean.csv,1
GCRRLCYKQRCVTWCRGR,amp_all_clean.csv,1
GCRRLCYRQRCVTYCRGR,amp_all_clean.csv,1
GCRRLCWRQRCVTWCRGR,amp_all_clean.csv,1
GCRALCYKQRCVTYCRGA,amp_all_clean.csv,1
KCRRLCYRQRCVTYCRGR,amp_all_clean.csv,1
GCRRWCYKQRCVTYCRGR,amp_all_clean.csv,1
GCRRLCYKQRCVTYCRGPPR,amp_all_clean.csv,1
KCRRYCYRQRCVTYCRGR,amp_all_clean.csv,1
KILRGVCKKIMRPFLRRISKDILTGKK,amp_all_clean.csv,1
KILPGVCKKIMRPFLRRISKDILTGKK,amp_all_clean.csv,1
RIGSILGALAKGLPTLISWIKNR,amp_all_clean.csv,1
AIGSILGRLAKGLPTLISWIKNR,amp_all_clean.csv,1
AIGSILGALAKGLPTLKSWIKNR,amp_all_clean.csv,1
AIGSILGALAKGLPTLRSWIKNR,amp_all_clean.csv,1
RIGSILGRLAKGLPTLISWIKNR,amp_all_clean.csv,1
RIGSILGALAKGLPTLKSWIKNR,amp_all_clean.csv,1
AIGSILGRLAKGLPTLKSWIKNR,amp_all_clean.csv,1
RIGSILGRLAKGLPTLKSWIKNR,amp_all_clean.csv,1
RIGSILGRLAKGLPTLRSWIKNR,amp_all_clean.csv,1
FFSLIPSLVKKLIKAFK,amp_all_clean.csv,1
FFKLIPKLVKKLIKAFK,amp_all_clean.csv,1
ALWKKILKNAGKAALNKINQIVQ,amp_all_clean.csv,1
ALWKDILKNLLKAALNEINQIVQ,amp_all_clean.csv,1
ATYRTGRATRESLSGVEISGRLYRLR,amp_all_clean.csv,1
KAAKAAKKAAKAAWK,amp_all_clean.csv,1
RWKIFKKIPKFLHSAKKF,amp_all_clean.csv,1
RWKIFKKIKKFLHSAKKF,amp_all_clean.csv,1
WGRRGWGPGRRYVRN,amp_all_clean.csv,1
WGRRGWGAGRRYVRW,amp_all_clean.csv,1
WGRRGWGKGRRYVRW,amp_all_clean.csv,1
ILPWKWPWWKWRR,amp_all_clean.csv,1
ILKWKWPWWPWRR,amp_all_clean.csv,1
ILKWKWKWWPWRR,amp_all_clean.csv,1
ILPWKWKWWKWRR,amp_all_clean.csv,1
ILKWKWPWWKWRR,amp_all_clean.csv,1
ILKWKWKWWKWRR,amp_all_clean.csv,1
GLLWKWGWKWKEFLRIVGY,amp_all_clean.csv,1
GLLRKWGKKWKEFLRRVWK,amp_all_clean.csv,1
AWCFRVCYRGICYRRCR,amp_all_clean.csv,1
KACFRVCYRGICYRRCR,amp_all_clean.csv,1
KWAFRVCYRGICYRRSR,amp_all_clean.csv,1
KWCARVCYRGICYRRCR,amp_all_clean.csv,1
KWCFAVCYRGICYRRCR,amp_all_clean.csv,1
KWCFRACYRGICYRRCR,amp_all_clean.csv,1
KWCFRVAYRGISYRRCR,amp_all_clean.csv,1
KWCFRVCARGICYRRCR,amp_all_clean.csv,1
KWCFRVCYAGICYRRCR,amp_all_clean.csv,1
KWCFRVCYRAICYRRCR,amp_all_clean.csv,1
KWCFRVCYRGACYRRCR,amp_all_clean.csv,1
KWCFRVSYRGIAYRRCR,amp_all_clean.csv,1
KWCFRVCYRGICARRCR,amp_all_clean.csv,1
KWCFRVCYRGICYARCR,amp_all_clean.csv,1
KWCFRVCYRGICYRACR,amp_all_clean.csv,1
KWSFRVCYRGICYRRAR,amp_all_clean.csv,1
KWCFRVCYRGICYRRCA,amp_all_clean.csv,1
KWAFRVCYRGICYRRAR,amp_all_clean.csv,1
KWCFRVAYRGIAYRRCR,amp_all_clean.csv,1
KWAFRVAYRGIAYRRAR,amp_all_clean.csv,1
KWCFRRCYAGICYRRCR,amp_all_clean.csv,1
RWCFRVCYRGICYRRCR,amp_all_clean.csv,1
KWCGRVCYRGICYRRCR,amp_all_clean.csv,1
KWCSRVCYRGICYRRCR,amp_all_clean.csv,1
KWCFRVCGRGICYRRCR,amp_all_clean.csv,1
KWCFRVCYRGGCYRRCR,amp_all_clean.csv,1
KWCARVCARGACYRRCR,amp_all_clean.csv,1
KWCFVCYRGICYRRCG,amp_all_clean.csv,1
AWCARVCYRGICYRRCR,amp_all_clean.csv,1
AWCFRVCARGICYRRCR,amp_all_clean.csv,1
AWCFRVCYRGACYRRCR,amp_all_clean.csv,1
KWCFRVCYAGICYRRCA,amp_all_clean.csv,1
KWCRCVCRRGICRCFCRG,amp_all_clean.csv,1
GWCRCVCRRGICRCFCRK,amp_all_clean.csv,1
RFRRLRWKTRWRLKKI,amp_all_clean.csv,1
RFRRLRWKTRWRLKKICYCRRRFCVCV,amp_all_clean.csv,1
RFRRLRWKTRWRLKKIWWPFLRR,amp_all_clean.csv,1
RFRRLRCKTRCRLKKI,amp_all_clean.csv,1
RFRRLRDKTRDRLKKI,amp_all_clean.csv,1
RFRRLRIKTRIRLKKI,amp_all_clean.csv,1
RFRRLRPKTRPRLKKI,amp_all_clean.csv,1
RFRRLRWRTRWRLRRI,amp_all_clean.csv,1
IRCRRRFCRI,amp_all_clean.csv,1
IRIRCRRRFCRIRI,amp_all_clean.csv,1
FRCRRRFCRF,amp_all_clean.csv,1
FRFRCRRRFCRFRF,amp_all_clean.csv,1
WRCRRRFCRW,amp_all_clean.csv,1
WRWRCRRRFCRWRW,amp_all_clean.csv,1
PRCRRRFCRP,amp_all_clean.csv,1
PRPRCRRRFCRPRP,amp_all_clean.csv,1
RWTWRGSGRWTWR,amp_all_clean.csv,1
FLKLLKKLL,amp_all_clean.csv,1
LRRAARWARRLLRR,amp_all_clean.csv,1
LRRLLRWLRRLLRR,amp_all_clean.csv,1
LRRPPRWPRRLLRR,amp_all_clean.csv,1
KWCFRSCYRGICYRRCR,amp_all_clean.csv,1
KWCFRRCYRGICYRRCR,amp_all_clean.csv,1
KWCFRVCSRGICYRRCR,amp_all_clean.csv,1
KWCFRVCRRGICYRRCR,amp_all_clean.csv,1
KWCFRVCYRGSCYRRCR,amp_all_clean.csv,1
KWCFRVCYRGRCYRRCR,amp_all_clean.csv,1
KRIVKLLLKWLR,amp_all_clean.csv,1
RFRRLRKKTRKRLKKI,amp_all_clean.csv,1
RFRRLRKKWRKRLKKI,amp_all_clean.csv,1
RFRRLRKKIRKRLKKI,amp_all_clean.csv,1
RFRRLRKKKRKRLKKI,amp_all_clean.csv,1
RFRRLRKKFRKRLKKI,amp_all_clean.csv,1
RRWWRHWRR,amp_all_clean.csv,1
RRWHRWWRR,amp_all_clean.csv,1
RRHWRWWRR,amp_all_clean.csv,1
RRWHRHWRR,amp_all_clean.csv,1
RRWWRWWRR,amp_all_clean.csv,1
HRWWRWWRR,amp_all_clean.csv,1
RRWWHWWRR,amp_all_clean.csv,1
HRWWRWWRH,amp_all_clean.csv,1
RVVRPVVQVVKQKVR,amp_all_clean.csv,1
RIIRPIIQIIKQKIR,amp_all_clean.csv,1
RLLRPLLQLLKQKLR,amp_all_clean.csv,1
KGCALVKVRGLTLKVCK,amp_all_clean.csv,1
KWCRKWQWRGVKFIKCV,amp_all_clean.csv,1
HKCAKIKWRGVHVKYCA,amp_all_clean.csv,1
GIHHILKYGKPS,amp_all_clean.csv,1
KIKWILKYWKWS,amp_all_clean.csv,1
RIRWILRYWRWS,amp_all_clean.csv,1
KRIVQRIKDWLR,amp_all_clean.csv,1
KRIVQRIKKWLR,amp_all_clean.csv,1
KRIVKRIKKWLR,amp_all_clean.csv,1
KRIVKLIKKWLR,amp_all_clean.csv,1
KRIVKLILKWLR,amp_all_clean.csv,1
LRIVKLILKWLR,amp_all_clean.csv,1
KRIRKRIKKWLR,amp_all_clean.csv,1
KRIRKRIKKWKR,amp_all_clean.csv,1
GIMSSLMKKLKAHIAK,amp_all_clean.csv,1
GIMSSLMKKLAKHIAK,amp_all_clean.csv,1
GIMSSLMKKLAAHIKK,amp_all_clean.csv,1
GIMSSLMKKLKKHIAK,amp_all_clean.csv,1
GIMISLMKKLAAHIAK,amp_all_clean.csv,1
GIMSSLMKKLAAIIAK,amp_all_clean.csv,1
GIMSSLMKKLAKIIAK,amp_all_clean.csv,1
GIMSSLMKKLKKIIAK,amp_all_clean.csv,1
GIMSSLMKKLAKIIKK,amp_all_clean.csv,1
GIMSSLMKKLKKIIKK,amp_all_clean.csv,1
GILSSLLKKLKKIIAK,amp_all_clean.csv,1
GILKSLLKKLKKIIAK,amp_all_clean.csv,1
GILSKLLKKLKKIIAK,amp_all_clean.csv,1
KILSSLLKKLKKIIAK,amp_all_clean.csv,1
GIWSSLLKKLKKIIAK,amp_all_clean.csv,1
GILSSWLKKLKKIIAK,amp_all_clean.csv,1
GILSSLWKKLKKIIAK,amp_all_clean.csv,1
GKLSSLWKKLKKIIAK,amp_all_clean.csv,1
GILSSLLKKWKKIIAK,amp_all_clean.csv,1
GILSSLLKKLKKWIAK,amp_all_clean.csv,1
GILSSLWKKLKKWIAK,amp_all_clean.csv,1
GILSSLWKKPKKIIAK,amp_all_clean.csv,1
WGEAFSAGVHRLANGGNG,amp_all_clean.csv,1
WGRAFSAGVHRLANGGNG,amp_all_clean.csv,1
WGRAFSAGVHRLARGGRG,amp_all_clean.csv,1
WGRAFSRGVRRLARGGRG,amp_all_clean.csv,1
WGRAFRRGVRRLARGGRR,amp_all_clean.csv,1
WGRAFRRLVRRLARGLRR,amp_all_clean.csv,1
WLRAFRRLVRRLARGLRR,amp_all_clean.csv,1
WLRAFRRLVRRLARLLRR,amp_all_clean.csv,1
GANLAKKFYTYINKFINYAW,amp_all_clean.csv,1
GANAAKKFATIAKKFINYLW,amp_all_clean.csv,1
GANALKKYFTILKKFFKLAW,amp_all_clean.csv,1
GIKIAKKAITIAKKIAKIYW,amp_all_clean.csv,1
GAKYAKYIYNFYKYIAKYIW,amp_all_clean.csv,1
GAKYAKIIYNYLKKIANALW,amp_all_clean.csv,1
GAKALTKAATAFTKFYKTIW,amp_all_clean.csv,1
GATYAKKIIKTITKIATTAW,amp_all_clean.csv,1
GYNYAKKLANLAKKFANALW,amp_all_clean.csv,1
GLTFLKKILNFAKKIYTAIW,amp_all_clean.csv,1
GANAAKKLATFAKKIFTAYW,amp_all_clean.csv,1
GANAAKKFANLIKKIFNYIW,amp_all_clean.csv,1
GYKYINNIIKYINKFFKYIW,amp_all_clean.csv,1
FKKLKKLFKKILKLK,amp_all_clean.csv,1
HLNKRVQRELRGWLDWLK,amp_all_clean.csv,1
HLNKRVQRELIRWLDWLK,amp_all_clean.csv,1
HLNKRVQRELIGWLRWLK,amp_all_clean.csv,1
HLLKRVQRELIGWLDWLK,amp_all_clean.csv,1
HLNKRVQRLLIGWLDWLK,amp_all_clean.csv,1
HLNKRVQRLLIRWLDWLK,amp_all_clean.csv,1
HLLKRVQRLLIGWLDWLK,amp_all_clean.csv,1
HLLKRVQRELIRWLDWLK,amp_all_clean.csv,1
IRIKIRIK,amp_all_clean.csv,1
IRVKIRVKIRVK,amp_all_clean.csv,1
IIRKIIRK,amp_all_clean.csv,1
VRRPKWWWKFLRR,amp_all_clean.csv,1
KKFKWWWKFKK,amp_all_clean.csv,1
ILKKIWKPIKKLF,amp_all_clean.csv,1
ILKKIWKAIKKLF,amp_all_clean.csv,1
KKKKKKAGFAAWAAFGA,amp_all_clean.csv,1
KKKKKKAGFAAWGAFGA,amp_all_clean.csv,1
KKKKKKNGFAAWGAFGA,amp_all_clean.csv,1
WKRIVRRIKRWLR,amp_all_clean.csv,1
WKRIVRWIKRWLR,amp_all_clean.csv,1
WKRIVRRIWRWLR,amp_all_clean.csv,1
FKRWVQRWKRFLR,amp_all_clean.csv,1
WKRWVQRWKRFLR,amp_all_clean.csv,1
WKRWVQRWKRWLR,amp_all_clean.csv,1
WKRWVRRWKRWLR,amp_all_clean.csv,1
FIFHIIKGLFHAGKMI,amp_all_clean.csv,1
GFFALIPKIISSPLFKTLLSAVGSALS,amp_all_clean.csv,1
FLSLIPKLVKKIIKAFK,amp_all_clean.csv,1
FLGMIPKLIKKLIKAFK,amp_all_clean.csv,1
KKWRWWLKALAKK,amp_all_clean.csv,1
KKWRWWLKALAKKLL,amp_all_clean.csv,1
LKLKAIAALAKKKW,amp_all_clean.csv,1
KKWRKLLKWLAKK,amp_all_clean.csv,1
KKWRKLLKKLKKLL,amp_all_clean.csv,1
FLFKLIPKAIKGLVKAIRK,amp_all_clean.csv,1
FLFKLIPKVIKGLVKAIRK,amp_all_clean.csv,1
WLSKTAKKL,amp_all_clean.csv,1
WLSKTAKKLWLSKTAKKL,amp_all_clean.csv,1
WLSKTAKKLWLSKTAKKLWLSKTAKKL,amp_all_clean.csv,1
AAKAAAKAAAKAA,amp_all_clean.csv,1
LLKAAAKAAAKLL,amp_all_clean.csv,1
AAKLLLKLLLKAA,amp_all_clean.csv,1
LLKLLLKLLLKLL,amp_all_clean.csv,1
LKKLLKLLKKLLKLAG,amp_all_clean.csv,1
AKKLLKLLKKLLKLAG,amp_all_clean.csv,1
LKKALKLLKKLLKLAG,amp_all_clean.csv,1
LKKLAKLLKKLLKLAG,amp_all_clean.csv,1
LKKLLKALKKLLKLAG,amp_all_clean.csv,1
LKKLLKLAKKLLKLAG,amp_all_clean.csv,1
LKKLLKLLKKALKLAG,amp_all_clean.csv,1
LKKLLKLLKKLAKLAG,amp_all_clean.csv,1
LKKLLKLLKKLLKAAG,amp_all_clean.csv,1
LKKLLKLGKKLLKLAG,amp_all_clean.csv,1
LKKLLKLSKKLLKLAG,amp_all_clean.csv,1
LKKLLKLPKKLLKLAG,amp_all_clean.csv,1
LKKLLKLNKKLLKLAG,amp_all_clean.csv,1
LKKLLKLQKKLLKLAG,amp_all_clean.csv,1
LKKLLKLDKKLLKLAG,amp_all_clean.csv,1
LKKLLKLEKKLLKLAG,amp_all_clean.csv,1
LKKLLKLKKKLLKLAG,amp_all_clean.csv,1
LKKLLKLHKKLLKLAG,amp_all_clean.csv,1
AKRIVQRIKDFLR,amp_all_clean.csv,1
FKRAVQRIKDFLR,amp_all_clean.csv,1
FKRIAQRIKDFLR,amp_all_clean.csv,1
FKRIVQRAKDFLR,amp_all_clean.csv,1
FKRIVQRIKDALR,amp_all_clean.csv,1
FKRIVQRIKDFAR,amp_all_clean.csv,1
FKRGVQRIKDFLR,amp_all_clean.csv,1
FKRSVQRIKDFLR,amp_all_clean.csv,1
FKRNVQRIKDFLR,amp_all_clean.csv,1
FKRQVQRIKDFLR,amp_all_clean.csv,1
FKRHVQRIKDFLR,amp_all_clean.csv,1
FKRIGQRIKDFLR,amp_all_clean.csv,1
FKRISQRIKDFLR,amp_all_clean.csv,1
FKRINQRIKDFLR,amp_all_clean.csv,1
FKRIQQRIKDFLR,amp_all_clean.csv,1
FKRIHQRIKDFLR,amp_all_clean.csv,1
FKRIVQRIKDGLR,amp_all_clean.csv,1
FKRIVQRIKDSLR,amp_all_clean.csv,1
FKRIVQRIKDNLR,amp_all_clean.csv,1
FKRIVQRIKDQLR,amp_all_clean.csv,1
FKRIVQRIKDHLR,amp_all_clean.csv,1
RIIDLLARVRRPQKPKFVTVWVR,amp_all_clean.csv,1
RIIDLLWRVRRPQKPKFVTVAVR,amp_all_clean.csv,1
RRRRRRRR,amp_all_clean.csv,1
FVQWWSKWLGRIL,amp_all_clean.csv,1
FVRWWSKWLRRIL,amp_all_clean.csv,1
FVRWWSRWLRRIL,amp_all_clean.csv,1
FVKWWSKWLKKIL,amp_all_clean.csv,1
RRLRKKTRKRLK,amp_all_clean.csv,1
RWLRKWTRKRLK,amp_all_clean.csv,1
RRLRWKTRWRLK,amp_all_clean.csv,1
RRLRKKTWKRLW,amp_all_clean.csv,1
RWLRKWTRKWLK,amp_all_clean.csv,1
WRLRWKTRWRLK,amp_all_clean.csv,1
RRLWKKTWKRLW,amp_all_clean.csv,1
RWLRWKTRWRLK,amp_all_clean.csv,1
RRLRWWTRWRLK,amp_all_clean.csv,1
VRLRVKTRVRLK,amp_all_clean.csv,1
LRLRLKTRLRLK,amp_all_clean.csv,1
RWLRWWTRWRLK,amp_all_clean.csv,1
WRVRWKTRWRVK,amp_all_clean.csv,1
WRIRWKTRWRIK,amp_all_clean.csv,1
WRFRWKTRWRFK,amp_all_clean.csv,1
WRLRWRTRWRLR,amp_all_clean.csv,1
WRLRWRLRWRLR,amp_all_clean.csv,1
WRVRWRVRWRVR,amp_all_clean.csv,1
WRTRWRTRWRTR,amp_all_clean.csv,1
WRFRWRFRWRFR,amp_all_clean.csv,1
WKVKWKVKWKVK,amp_all_clean.csv,1
WKLKWKLKWKLK,amp_all_clean.csv,1
WKIKWKIKWKIK,amp_all_clean.csv,1
WRVRWKVRWRVK,amp_all_clean.csv,1
SFLTTVKKLVTNLAAL,amp_all_clean.csv,1
FLRALWNVAKSVF,amp_all_clean.csv,1
FLGALWRVAKSVF,amp_all_clean.csv,1
FLGALWNVAKRVF,amp_all_clean.csv,1
GLGALWNVAKSVF,amp_all_clean.csv,1
FLGALWNPAKSVF,amp_all_clean.csv,1
FLGALWNVLKSVF,amp_all_clean.csv,1
FLGALWNVFKSVF,amp_all_clean.csv,1
FLGALWNVAKSLF,amp_all_clean.csv,1
FLGALWNVAKSYF,amp_all_clean.csv,1
IHHIHHHIHHIHHH,amp_all_clean.csv,1
IHHIHHHIHHIHHHIHHIHHH,amp_all_clean.csv,1
IHHIHHHIHHIHHHIHHIHHHIHHIHHH,amp_all_clean.csv,1
IHHIHHIIHHIHHI,amp_all_clean.csv,1
IHHIHHIIHHIHHIIHHIHHI,amp_all_clean.csv,1
IHHIHHIIHHIHHIIHHIHHIIHHIHHI,amp_all_clean.csv,1
KKKKKAAFAKAWAAFAA,amp_all_clean.csv,1
KKKKAAFAKAWAKAFAA,amp_all_clean.csv,1
KKKAAFAKAWAKAFKAA,amp_all_clean.csv,1
KKAKAFAKAWAKAFKAA,amp_all_clean.csv,1
KAAKKFAKAWAKAFKAA,amp_all_clean.csv,1
KKKKKKALFALWLAFLA,amp_all_clean.csv,1
KKKKKALFLKLWAAFLA,amp_all_clean.csv,1
KKKKAAFLKLWLKLFAA,amp_all_clean.csv,1
KKKAAFLKLWAKLFKAL,amp_all_clean.csv,1
KKLKAFLKAWAKLFKAL,amp_all_clean.csv,1
KALKKFLKAWAKLFKAL,amp_all_clean.csv,1
KLGALWNVAKSVF,amp_all_clean.csv,1
FLGALWNVKKSVF,amp_all_clean.csv,1
KLGALWNVAKSKF,amp_all_clean.csv,1
FLKALWKVAKSVF,amp_all_clean.csv,1
FLKALWNVAKKVF,amp_all_clean.csv,1
FLGALWKVAKKVF,amp_all_clean.csv,1
FLKALWKVAKKVF,amp_all_clean.csv,1
AIKIRKLFKKLLR,amp_all_clean.csv,1
GIKIRKLFKKLLR,amp_all_clean.csv,1
GWAKLITKAIKKI,amp_all_clean.csv,1
GIKFFLKKLKKHI,amp_all_clean.csv,1
IRPAKLRWFKKIK,amp_all_clean.csv,1
RLFIKKLKFITRR,amp_all_clean.csv,1
NAMRGAKRVWRHI,amp_all_clean.csv,1
KFRKFGKQVWVRL,amp_all_clean.csv,1
KVWSRLRKIFSTR,amp_all_clean.csv,1
AKVLKISRRAFRK,amp_all_clean.csv,1
IRRWRLHWFRRAI,amp_all_clean.csv,1
IRRRIRLIVRRQI,amp_all_clean.csv,1
HFKIRKRFVKKLV,amp_all_clean.csv,1
RWIRWVWRKKLRI,amp_all_clean.csv,1
RWIRWVWRKKLR,amp_all_clean.csv,1
RWKRHISEQLRRRDRLQR,amp_all_clean.csv,1
RWKRHISEQLRRRDRLQRQAF,amp_all_clean.csv,1
CGIYRSLKLIKSLVLIK,amp_all_clean.csv,1
CALKLTKAKRLVRKIGF,amp_all_clean.csv,1
KFKKLFKKLSPVFKRIVQRIKDFLR,amp_all_clean.csv,1
ITEVITILLNRLTDRLEK,amp_all_clean.csv,1
ITKVITKLLNRLTKILSK,amp_all_clean.csv,1
GKIIKLKASLKLL,amp_all_clean.csv,1
KLCKIVVIKVCK,amp_all_clean.csv,1
RLCRIWWIRWCR,amp_all_clean.csv,1
RICRIVVIRVCR,amp_all_clean.csv,1
RICRIWWIRWCR,amp_all_clean.csv,1
RKCRIVVIRVCR,amp_all_clean.csv,1
LKKWWKTSKGLLGGLLGKVTSVIK,amp_all_clean.csv,1
WVKAAAKAAAKVW,amp_all_clean.csv,1
WIKAAAKAAAKIW,amp_all_clean.csv,1
WFKAAAKAAAKFW,amp_all_clean.csv,1
WWKAAAKAAAKWW,amp_all_clean.csv,1
FLPKLFAKITKKNMAHIRC,amp_all_clean.csv,1
CFLPKLFAKITKKNMAHIR,amp_all_clean.csv,1
IHKFWRCRRRFCRWFKHI,amp_all_clean.csv,1
IHKFWRPGRWFKHI,amp_all_clean.csv,1
IHKFWRGGRWFKHI,amp_all_clean.csv,1
IHKFWRRWFKHI,amp_all_clean.csv,1
IHFKWRRWKFHI,amp_all_clean.csv,1
KKKKKKAAFAAWAAFAA,amp_all_clean.csv,1
WWVAARAARR,amp_all_clean.csv,1
QQRKRKIWSILAPLGTTLVKLVAGIG,amp_all_clean.csv,1
PLILLRLLRGQF,amp_all_clean.csv,1
AAVLLPVLLAAP,amp_all_clean.csv,1
KLALKALKALKAALKLA,amp_all_clean.csv,1
TLKQFAKGVGKWLVK,amp_all_clean.csv,1
RLVRILVSKRPVAIKPYFRL,amp_all_clean.csv,1
TTSIRRRYQVSLIRRHRGKR,amp_all_clean.csv,1
TCRTNRPCFYDLDLNVCRCS,amp_all_clean.csv,1
SNGDGTLDAGSTCAPFYARA,amp_all_clean.csv,1
YYNPLPHDCGRDNNTDICSR,amp_all_clean.csv,1
LSVDKRPVLHPEHIYGHNHY,amp_all_clean.csv,1
IHRDQQHESFLDARPEPGLTE,amp_all_clean.csv,1
TIDFGVRNINQSNLVYDTER,amp_all_clean.csv,1
PCNPDHDYRPFGNFRIAFTT,amp_all_clean.csv,1
TRDTNDLISSRTAAPSMV,amp_all_clean.csv,1
LPLPSCSSHGGDADNTSQRN,amp_all_clean.csv,1
PNDPDSPCVYRMPNARGCSI,amp_all_clean.csv,1
YDLSDSNCLPANRDKRYYVI,amp_all_clean.csv,1
SMLAYVDKNDHINPPHSPRS,amp_all_clean.csv,1
DATPHAALFFTVKDHTAGDN,amp_all_clean.csv,1
SDDAQRCYPHNRTPFTYTYI,amp_all_clean.csv,1
EPCSPKNNYHDLFYRT,amp_all_clean.csv,1
CNPLNGADRRTDSFPRFTVI,amp_all_clean.csv,1
KLLKKAGKLLKKAGKLLKKAG,amp_all_clean.csv,1
KLLKKGGKLLKKGGKLLKKGG,amp_all_clean.csv,1
IKLSKETKDNLKKVLKGAIKGAIAVAKMV,amp_all_clean.csv,1
IKLSPKTKDNLKKVLKGAIKGAIAVAKMV,amp_all_clean.csv,1
IKLSPETKKNLKKVLKGAIKGAIAVAKMV,amp_all_clean.csv,1
IKLSKKTKDNLKKVLKGAIKGAIAVAKMV,amp_all_clean.csv,1
IKLSKETKKNLKKVLKGAIKGAIAVAKMV,amp_all_clean.csv,1
IKLSPKTKKNLKKVLKGAIKGAIAVAKMV,amp_all_clean.csv,1
VDKPPYLPRPRPPRRIYNR,amp_all_clean.csv,1
KFFRKLKKSVKKRAKKFFKKPRVIGVSIPF,amp_all_clean.csv,1
SQRKLAAKLTSKGGGRLLRPLLQLLKQKLR,amp_all_clean.csv,1
KIAKRIWKILRRR,amp_all_clean.csv,1
ALLKRIKTLL,amp_all_clean.csv,1
GLLKRIKALL,amp_all_clean.csv,1
AKLIPTIAL,amp_all_clean.csv,1
LRCMCIKWWSGKHPK,amp_all_clean.csv,1
RIVQRIKKWLLKWKKLGY,amp_all_clean.csv,1
KGLLRKWGKKWKEFLRRVW,amp_all_clean.csv,1
FLQRIIGALGRLF,amp_all_clean.csv,1
FLQRIRGALGRLF,amp_all_clean.csv,1
FLQRIIRALGRLF,amp_all_clean.csv,1
FLQRIIGRLGRLF,amp_all_clean.csv,1
FLQRIIGARGRLF,amp_all_clean.csv,1
FLQRIIGAWGRLL,amp_all_clean.csv,1
GFAWNVCVYRNGVRVCHRRAN,amp_all_clean.csv,1
KFWSLLKKALRLWKKVL,amp_all_clean.csv,1
KFWSLLKKALRLWAKVL,amp_all_clean.csv,1
GFGSLLGKALRLWKKVL,amp_all_clean.csv,1
FWQLVPLAIKIYRAWKRR,amp_all_clean.csv,1
QLVPLAIKIYRAWKRR,amp_all_clean.csv,1
VPLAIKIYRAWKRR,amp_all_clean.csv,1
LAIKIYRAWKRR,amp_all_clean.csv,1
LAKKIYRAWKRR,amp_all_clean.csv,1
LAKKIYRAWKRW,amp_all_clean.csv,1
LAKKIYRKWKRW,amp_all_clean.csv,1
LIKKIYRKWKRW,amp_all_clean.csv,1
LWKKIYRKWKRW,amp_all_clean.csv,1
GLVTDTLKGAAKTVAAELLRKAH,amp_all_clean.csv,1
GVITDALKGAAKTVAAELPRKAH,amp_all_clean.csv,1
VRLIVKVRIWRR,amp_all_clean.csv,1
INWLKIAKKVKGML,amp_all_clean.csv,1
GIWKFLKKAKKFWK,amp_all_clean.csv,1
FKRLKKLISWIKRKRQQ,amp_all_clean.csv,1
GLPGPLGPAGPK,amp_all_clean.csv,1
GLSRLFTALK,amp_all_clean.csv,1
GIRDVLKGAAKAFVKTVAGHIAN,amp_all_clean.csv,1
GFKDLLKGAAKALVKAVLF,amp_all_clean.csv,1
CLNLKALLAVAKKILC,amp_all_clean.csv,1
RKKRRQRRRLNLKALLAVAKKIL,amp_all_clean.csv,1
ANLKALLAVAKKIL,amp_all_clean.csv,1
LALKALLAVAKKIL,amp_all_clean.csv,1
LNAKALLAVAKKIL,amp_all_clean.csv,1
LNLAALLAVAKKIL,amp_all_clean.csv,1
LNLKAALAVAKKIL,amp_all_clean.csv,1
LNLKALAAVAKKIL,amp_all_clean.csv,1
LNLKALLAAAKKIL,amp_all_clean.csv,1
LNLKALLAVAAKIL,amp_all_clean.csv,1
LNLKALLAVAKAIL,amp_all_clean.csv,1
LNLKALLAVAKKAL,amp_all_clean.csv,1
LNLKALLAVAKKIA,amp_all_clean.csv,1
GNLKALLAVAKKIL,amp_all_clean.csv,1
LNLKALGAVAKKIL,amp_all_clean.csv,1
KNLKALLAVAKKIL,amp_all_clean.csv,1
GNLKALAAVAKKIL,amp_all_clean.csv,1
LNLRALLAVARRIL,amp_all_clean.csv,1
LNLKKLLAVAKKIL,amp_all_clean.csv,1
LNLKKLLKVAKKIL,amp_all_clean.csv,1
LNLKALLAVAKKI,amp_all_clean.csv,1
LNLKALLAVAKK,amp_all_clean.csv,1
LNLKALLAVAK,amp_all_clean.csv,1
GNLKKLLAVAKKIL,amp_all_clean.csv,1
LNLKKLAAVAKKIL,amp_all_clean.csv,1
LNLKKLLAVAKKI,amp_all_clean.csv,1
KLLGPLLKIAAKVGSNLL,amp_all_clean.csv,1
GLLGKLLKIAAKVGSNLL,amp_all_clean.csv,1
GLLGPLLKIAKKVGSNLL,amp_all_clean.csv,1
GLLGPLLKIAAKVGKNLL,amp_all_clean.csv,1
GLLGPLLKIAAKVGKKLL,amp_all_clean.csv,1
GLLGPLLKIAAKVGSKLL,amp_all_clean.csv,1
GLLGKLLKIAAKVGKKLL,amp_all_clean.csv,1
GLLKKLLKIAAKVGKKLL,amp_all_clean.csv,1
KLLNLLPGLLAGIF,amp_all_clean.csv,1
ALLKLAPRLLAGIF,amp_all_clean.csv,1
LLNSGVKLGTKLLSGLLN,amp_all_clean.csv,1
NGAICWGPCPTAFRQIGNCGHFKVRCCKIR,amp_all_clean.csv,1
NGAICWGPCPTAFRQIGNCGRFRVRCCRIR,amp_all_clean.csv,1
IQKEIDRLNEVAKNLNESLIDLQELGK,amp_all_clean.csv,1
IDRLNEVAKNLNESLIDLQELGK,amp_all_clean.csv,1
SVVNIQKEIDRLNEVAKNLNESLIK,amp_all_clean.csv,1
TFLDKFNHEAEDLFYQ,amp_all_clean.csv,1
EDLFYQSSL,amp_all_clean.csv,1
GKGDFRIL,amp_all_clean.csv,1
QAKTFLDKFNHEA,amp_all_clean.csv,1
LQTALYALMEEIHIAALEKTWTALRHQYT,amp_all_clean.csv,1
SALEEQYKTFLDKFLHELEDLLYQLALAL,amp_all_clean.csv,1
SALEEQLKTFLDKFMHELEDLLYQLAL,amp_all_clean.csv,1
SALEEQYKTFLDKFMHELEDLLYQLSL,amp_all_clean.csv,1
SALEEQYKTFLDKFMHELEDLLYQLAL,amp_all_clean.csv,1
RGAHIKGRWKSRCHRF,amp_all_clean.csv,1
GNGVIKTISHECHMNTWQFIFTCCS,amp_all_clean.csv,1
TTPATPAISILSAYISTNTCPTTKCTRAC,amp_all_clean.csv,1
STPACAIGVVGITVAVTGISTACTSRCINK,amp_all_clean.csv,1
TTWPCATVGVSVALCPTTKCTSQC,amp_all_clean.csv,1
ASIVKTTIKASKKLCRGFTLTCGCHFTGKK,amp_all_clean.csv,1
FKSWSLCTPGCARTGSFNSYCC,amp_all_clean.csv,1
KKKSGVIPTVSHDCHMNTFQFMFTCCS,amp_all_clean.csv,1
GSRYLCTPGSCWKLVCFTTTVK,amp_all_clean.csv,1
FSSLSLCSLGCTGVKNPSFNSYCC,amp_all_clean.csv,1
CVQSCSFGPLTWSCDGNTK,amp_all_clean.csv,1
ASGWVCTLTIECGTVICAC,amp_all_clean.csv,1
FVYGNGVTSILVQAQFLVNGQRRFFYTPDK,amp_all_clean.csv,1
KKKKQSWYAAAGDAIVSFGEGFLNAW,amp_all_clean.csv,1
GNPKVAHCASQIGRSTAWGAVSGA,amp_all_clean.csv,1
RNKLAYNMGHYAGKATIFGLAAWALLA,amp_all_clean.csv,1
GWVACVGACGTVCLASGGVGTEFAAASYFL,amp_all_clean.csv,1
SCNCVCGVCCSCSP,amp_all_clean.csv,1
SCNCVCGFCCSCSP,amp_all_clean.csv,1
STNCFCYICCSCSS,amp_all_clean.csv,1
KTHYPTNAWKSLWKGFWESLRYTDGF,amp_all_clean.csv,1
AVPAVRKTNETLD,amp_all_clean.csv,1
MVPTTFTLTTNNFLSDYQQLFI,amp_all_clean.csv,1
ASILTNAS,amp_all_clean.csv,1
YSLQMGATAIKQVKKLFKKWGW,amp_all_clean.csv,1
GATAIKQVKKLFKKWGW,amp_all_clean.csv,1
NIPQLTPTP,amp_all_clean.csv,1
TPVVNPPFLQQT,amp_all_clean.csv,1
DIGGSRQGCVA,amp_all_clean.csv,1
DIDITGCSACKYAAG,amp_all_clean.csv,1
DYHHGVRVL,amp_all_clean.csv,1
ALPKKLKYLNLFNDGFNYMGVV,amp_all_clean.csv,1
EALYNSEDLYEETSDSDD,amp_all_clean.csv,1
SPPEAAYGPGNTNSDSGDK,amp_all_clean.csv,1
ESGINLQGDATLANN,amp_all_clean.csv,1
QGIGVGDNDGKRGKR,amp_all_clean.csv,1
LDSLSFSYNNFEEDD,amp_all_clean.csv,1
AKITFTNNHPRTIWP,amp_all_clean.csv,1
ANFEIVNNCPYTVWAAASPGGGRRLDRGQT,amp_all_clean.csv,1
QKIQEIDLQTYLQPQ,amp_all_clean.csv,1
LPSDATLVLDQTGKELDARL,amp_all_clean.csv,1
ADPTFGFTPLGLSEKANLQIMKAYD,amp_all_clean.csv,1
PNPKVFFDMTIGGQSAGRIVMEEYA,amp_all_clean.csv,1
DADIAVWAPPVNAQN,amp_all_clean.csv,1
SIGFDGLNDPDIVAR,amp_all_clean.csv,1
GPLQLSWNYNYGAAGK,amp_all_clean.csv,1
AIGFDGLNDPDIVAR,amp_all_clean.csv,1
SAIWFWMTPQSPK,amp_all_clean.csv,1
TAGFGVFTNIINGGLECGK,amp_all_clean.csv,1
MYDESTGYSSALK,amp_all_clean.csv,1
EQCGRQAGGATCPNNLCCSQYGY,amp_all_clean.csv,1
ENCGRQAG,amp_all_clean.csv,1
GIFTFEDESTSTVAPAKLYK,amp_all_clean.csv,1
SVFAFENEQSSTIAPARLYK,amp_all_clean.csv,1
GIFTFEDESTTTVAPAKLYK,amp_all_clean.csv,1
SVFAFQDESTSTIAQARLFI,amp_all_clean.csv,1
SIFAFQDESPSAIAQAKLFK,amp_all_clean.csv,1
GVFTFEDESTSTVAPAKLYK,amp_all_clean.csv,1
DLDVNVFNR,amp_all_clean.csv,1
KIMAKPSKFYEQLRGR,amp_all_clean.csv,1
ISCQDVKQSLAPCLPYVTGRAPKPA,amp_all_clean.csv,1
ITCPQVTQSLAPCVPYLISG,amp_all_clean.csv,1
VAGPFRIPPLRREFQ,amp_all_clean.csv,1
SDYSRKRDPPQKYEEE,amp_all_clean.csv,1
PEDPQRRYQEEQRRE,amp_all_clean.csv,1
SGECNMYGRCPPGYCCSKFGYCGGVRAYCG,amp_all_clean.csv,1
DRCSQQCQHHRDPDRKQQCMRECRRH,amp_all_clean.csv,1
IQCGESCVWIPCISSAWGCSCKNKICSS,amp_all_clean.csv,1
FSGSVNQACSGFGWK,amp_all_clean.csv,1
GIPCGESCVWIPCITSAIGCSCKSKVCYRN,amp_all_clean.csv,1
QKLCERPSGTWSGVCGNNNACKN,amp_all_clean.csv,1
QKLCERPSGTWSGVCGNNNACKNQCIN,amp_all_clean.csv,1
ATKVKAKQRGKEKVSSGRPGQHN,amp_all_clean.csv,1
GLPVCGETCFGGTCNTPGCTCDPWPVCTRN,amp_all_clean.csv,1
GLPVCGETCAGGTCNTPGCSCSWPICTRN,amp_all_clean.csv,1
GDACGETCFTGICFTAGCSCNPWPTCTRN,amp_all_clean.csv,1
GASCGETCFTGICFTAGCSCNPWPTCTRN,amp_all_clean.csv,1
GEYCGESCYLIPCFTPGCYCVSRQCVNKN,amp_all_clean.csv,1
GIACGESCVFLGCFIPGCSCKSKVCYFN,amp_all_clean.csv,1
GEFLKCGESCVQGECYTPGCSCDWPICKKN,amp_all_clean.csv,1
GLPTCGETCTLGTCYVPDCSCSWPICMKN,amp_all_clean.csv,1
GIPCGESCVYIPCLTSAIGCSCKSKVCYRN,amp_all_clean.csv,1
SAIACGESCVYIPCFIPGCSCRNRVCYLN,amp_all_clean.csv,1
GLPVCGETCFGGTCNTPGCICDPWPVCTRN,amp_all_clean.csv,1
GLPVCGETCFTGTCYTNGCTCDPWPVCTRN,amp_all_clean.csv,1
RNCESLSHRFKGPCTRDSNC,amp_all_clean.csv,1
GVGYKVVVTTTAAADDDDVV,amp_all_clean.csv,1
RDWERREFERRQNELRREQEQRREELL,amp_all_clean.csv,1
KTCENLADDY,amp_all_clean.csv,1
PQRGEGGRAGNLLREEQEI,amp_all_clean.csv,1
VKSTGRADDDLAVKTKYLPP,amp_all_clean.csv,1
ARCENFADSYRQPPISSSQT,amp_all_clean.csv,1
SNDIYFNFQR,amp_all_clean.csv,1
DDFLCAGGCL,amp_all_clean.csv,1
ATITFTNKCTRTVWPGG,amp_all_clean.csv,1
VLSHNNESSYSDTSSCTSQ,amp_all_clean.csv,1
DLPECCSATELELDSGKQTS,amp_all_clean.csv,1
SESILIVHQQQSRSSGS,amp_all_clean.csv,1
NSMERVEELRKKLQD,amp_all_clean.csv,1
PVVDTTGNNPLQQQEEYYV,amp_all_clean.csv,1
KQTENLADTY,amp_all_clean.csv,1
ILGAILPLVSGLLSNKL,amp_all_clean.csv,1
ILGAILPLVSGLLSSKL,amp_all_clean.csv,1
GLKDIFKAGLGSLVKNIAAHVAN,amp_all_clean.csv,1
GFKEVLKADLGSLVKGIAAHVAN,amp_all_clean.csv,1
GFKEVLKAGLGSLVKGIPAHVAN,amp_all_clean.csv,1
IIGPVLGLVGKPLESLLE,amp_all_clean.csv,1
GIGAAILSAGKSIIKGLANGLAEHF,amp_all_clean.csv,1
GIGGALLSAAKVGLKGLAKGLAEHFAN,amp_all_clean.csv,1
ILGPVLGLVGNALGGLIKNE,amp_all_clean.csv,1
ILGPVLSLVGNALGGLLKNE,amp_all_clean.csv,1
GSNKGFNFMVDMIQALSN,amp_all_clean.csv,1
GSNKGFNFMVDMINALSN,amp_all_clean.csv,1
GSNKGFNFMVDMIQALSK,amp_all_clean.csv,1
GIGAKILGGVKTALKGALKELASTYVN,amp_all_clean.csv,1
GIGTKILGGLKTAVKGALKELASTYVN,amp_all_clean.csv,1
GIGGALLSAGKSALKGLAKGLAEHFAS,amp_all_clean.csv,1
GIGTKIIGGLKTAVKGALKELASTYVN,amp_all_clean.csv,1
GIGGALLSAGKAALKGLAKGFAEHF,amp_all_clean.csv,1
GIGGALLSAGKSALKGLAKGFAEHF,amp_all_clean.csv,1
ILGPVLGLVSNAIGGLIKKI,amp_all_clean.csv,1
GIGGALLSAGKSALKGLAKGLVEHFAN,amp_all_clean.csv,1
ILGPVIGTIGNVLGGLLKNL,amp_all_clean.csv,1
ILGPVLGLVSNALGGLLKNI,amp_all_clean.csv,1
ILGPVLGLVSNALGGLIKKI,amp_all_clean.csv,1
ILGPVLGLVSNALGGLLKNL,amp_all_clean.csv,1
ILGPVLGLVGSALGGLIKKI,amp_all_clean.csv,1
ILGPVIKTIGGVLGGLLKNL,amp_all_clean.csv,1
LLGPVLGLVSNALGGLLKNI,amp_all_clean.csv,1
ILGPVLGLVGEPLGGLIKKI,amp_all_clean.csv,1
ILGPVLGLVGNALGGLLKNL,amp_all_clean.csv,1
ILGPVLSLVGNALGGLIKKI,amp_all_clean.csv,1
GVLDAFRKIATVVKNLV,amp_all_clean.csv,1
GVLDAFKKIATVVKNLV,amp_all_clean.csv,1
GVGDLIRKAVAAIKNIV,amp_all_clean.csv,1
GVIDAAKKVVNVLKNLP,amp_all_clean.csv,1
GVIAAAKKVVNVLKNLF,amp_all_clean.csv,1
GVIDAAAKVVNVLKNLF,amp_all_clean.csv,1
GVIDAAKKVVNVLANLF,amp_all_clean.csv,1
GVGDIFRKIVSTIKNVV,amp_all_clean.csv,1
TRSSRAGLQFPVGRVHRLLRK,amp_all_clean.csv,1
GIGALSAKGALKGLAKGLAEHFAN,amp_all_clean.csv,1
FLPVILPVIGKLLNGILGK,amp_all_clean.csv,1
FLPMLAKLLSGFLGK,amp_all_clean.csv,1
ENREVPPGFTALIKTLRKCKII,amp_all_clean.csv,1
GVVDILKGAAKDLAGHLASKVMNKI,amp_all_clean.csv,1
GVLDILKGAAKDLAGHVATKVI,amp_all_clean.csv,1
GVLDILKGAAKDLAGH,amp_all_clean.csv,1
LALKSGGWLRLFGLKDKKH,amp_all_clean.csv,1
KEKLKLKCKAPKCYNDKLACT,amp_all_clean.csv,1
ENMFNIKSSVESDSFWG,amp_all_clean.csv,1
EMLKKKKEVKMERKT,amp_all_clean.csv,1
GLLDFAKHVIGIASKLG,amp_all_clean.csv,1
SIITMTREAKLPQLWKQIACRLYNTC,amp_all_clean.csv,1
SIITTTKEAKLPQLWKQIACRLYNTC,amp_all_clean.csv,1
GFMDTAKQVAKNVAVTLIDKLRCKVTGGC,amp_all_clean.csv,1
ALFSILRGLKKLGKMGQAFVNCEIYKKC,amp_all_clean.csv,1
IGTISLSLCEQERDADEDEGETLEE,amp_all_clean.csv,1
SAVGRHSRRFGLRKHRKH,amp_all_clean.csv,1
RPPGFSPF,amp_all_clean.csv,1
RPPGFTPFR,amp_all_clean.csv,1
RPPGFTPF,amp_all_clean.csv,1
RPPGFSPFRIY,amp_all_clean.csv,1
RPPGFTPFRIY,amp_all_clean.csv,1
QEYRGWMDF,amp_all_clean.csv,1
FLSLIPHIVSGVASLAKHFG,amp_all_clean.csv,1
FLSLIPHIVSGVASLAIHFG,amp_all_clean.csv,1
FLISIPYSASIGGTATLTGTA,amp_all_clean.csv,1
FLLSLPHLASGLASLVLSK,amp_all_clean.csv,1
FLSLIPHAINAISAIANHF,amp_all_clean.csv,1
FLSLIPHAINAISAIADHF,amp_all_clean.csv,1
FLSLIPHAINAISAIANHL,amp_all_clean.csv,1
FLSLIPHAINAISAIAHHL,amp_all_clean.csv,1
FLSLIPHAISAISAIAHHL,amp_all_clean.csv,1
FLSLIPHAISAISAIANHL,amp_all_clean.csv,1
FLSLIPHAISAISAIADHL,amp_all_clean.csv,1
FRPALIVRTKGK,amp_all_clean.csv,1
FRPALIVRTKGTRL,amp_all_clean.csv,1
LRPAVIVRTKGK,amp_all_clean.csv,1
FLSLIPHAINAVSAIAKHFG,amp_all_clean.csv,1
FLSLIPHAINAVSALAKHF,amp_all_clean.csv,1
FLGLLPSIVSGAVSLVKKL,amp_all_clean.csv,1
FLSLLPSLVSGAVSLVKKL,amp_all_clean.csv,1
FLSLLPSLVSGAVSLVKIL,amp_all_clean.csv,1
FLSLIPHAINAVSALVHHF,amp_all_clean.csv,1
FLSLLPSIVSGAVSLAKKLG,amp_all_clean.csv,1
FLSLIPAAISAVSALADHF,amp_all_clean.csv,1
LLSLVPHAINAVSAIAKHF,amp_all_clean.csv,1
LRPAVIVRTKAL,amp_all_clean.csv,1
FLPPSPWKETFRTT,amp_all_clean.csv,1
FLPMLAGLAANLLPKLFCKITKKC,amp_all_clean.csv,1
LLPIVGKLLSGLL,amp_all_clean.csv,1
FLPMLAGLAANFLPELFCKITKKC,amp_all_clean.csv,1
RVCMAIPLPLCH,amp_all_clean.csv,1
FLGGLFKLVPSVICAVTKKC,amp_all_clean.csv,1
GFLDKLKKGASDFANALVNSIKGT,amp_all_clean.csv,1
GLFGVLAKVASHVVPAIAEHFQA,amp_all_clean.csv,1
GFMDTAKNAAKNVAVTLLDNLKCKITKAC,amp_all_clean.csv,1
GIFGKILGVGKKVLCGLSGVC,amp_all_clean.csv,1
GFFTLIKAANKLINKTVNKEAGKGGLEIMA,amp_all_clean.csv,1
VEVQVRDKGKGIYGLSPLRQPAP,amp_all_clean.csv,1
ATAWDFGPHGLLPIRPIRIRPLCGKDKS,amp_all_clean.csv,1
AVPLIYNRPGIYVTKRPKGK,amp_all_clean.csv,1
GLFGKSSVWGRKYYVDLAGCAKA,amp_all_clean.csv,1
GLFTFIKCAYKLRAPAVAC,amp_all_clean.csv,1
AVPLIYNRPGIYAPKRPKGK,amp_all_clean.csv,1
GILSGILGVGKKLVCGLSGLC,amp_all_clean.csv,1
GILSGILGVGKMLVCGLSGLC,amp_all_clean.csv,1
GILSGLLGVGKMLVCGLSGLC,amp_all_clean.csv,1
GLLSGILGAGKHIVCGLSGLR,amp_all_clean.csv,1
GLFSKFAGKGIKNFLNKGVKHIGKE,amp_all_clean.csv,1
QVFTLIKGATQLIRKTLGEQ,amp_all_clean.csv,1
KGAAKGLLEVASCKLSKSC,amp_all_clean.csv,1
FTMKKSLFLILFLGAIPLSMC,amp_all_clean.csv,1
FTMKKSLLFIFFLGTISLSLC,amp_all_clean.csv,1
FTMKKSLLLIFFLGTISLSLC,amp_all_clean.csv,1
FTMKKSPLLLFFLGTISLSLC,amp_all_clean.csv,1
FTMKKSLLLIFFLGTISLSLCEQER,amp_all_clean.csv,1
FTMKKSLFLLFFLGTISLSLC,amp_all_clean.csv,1
CVISAGWDHKVRCKLTGNC,amp_all_clean.csv,1
CKIALPYHMRCRVLGRC,amp_all_clean.csv,1
CVISAGWNHKIR,amp_all_clean.csv,1
FKTWKRPPFQTSCSGIIKE,amp_all_clean.csv,1
CVHWQTNPARTSCIGP,amp_all_clean.csv,1
CVHWQTNPARTSRIGP,amp_all_clean.csv,1
GCTQWINNIHGRICVRN,amp_all_clean.csv,1
SFLSKFKDIALDVPRMRARVY,amp_all_clean.csv,1
GLLSSLSSVA,amp_all_clean.csv,1
GLFSVLGAVAKHVLPHVVPVIAEKL,amp_all_clean.csv,1
GLFKVLGSVAKHLLPHVAPVIAEKL,amp_all_clean.csv,1
GLFKVLGSVAKHLLPHVVPVIAEKL,amp_all_clean.csv,1
GLFGVLGSIAKHVLPHVVPVIAEKL,amp_all_clean.csv,1
ALGGLLADVVKSKEQPA,amp_all_clean.csv,1
GLVASIGRALGGLLADVVKSKEQPA,amp_all_clean.csv,1
GLFGILGSVAKHVLPHVVPVIAEHS,amp_all_clean.csv,1
GLLSVLGSLKLIVPHVVPLIAEHL,amp_all_clean.csv,1
SVLGKSVAKHLPHVVPVIAEKT,amp_all_clean.csv,1
GLFGLAKGSVAKPHVVPVISQLV,amp_all_clean.csv,1
FDVIKKVASVIGGL,amp_all_clean.csv,1
DVIKKVASVIGGL,amp_all_clean.csv,1
FDIIKKVASVVG,amp_all_clean.csv,1
GLFDIIKKVAS,amp_all_clean.csv,1
GLFDIVKKIAGHIA,amp_all_clean.csv,1
FDIVKKIAGHIAGSI,amp_all_clean.csv,1
FDIVKKIAGHIVSSI,amp_all_clean.csv,1
ILGPILGLVSNAGGLL,amp_all_clean.csv,1
GWMSKIASGIGTFLSGVQQG,amp_all_clean.csv,1
GLWKSLLKNVGKAAGKAALNAVTDMVNQ,amp_all_clean.csv,1
GLWKSLLKNVGVAAGKAALNAVTDMVNQ,amp_all_clean.csv,1
FLSLIPHIVSGVAALAKHLG,amp_all_clean.csv,1
ALWKNMLKGIGKLAGQAALGAVKTLVGAE,amp_all_clean.csv,1
GLWSKIKEAGKAVLTAAGKAALGAVSDAV,amp_all_clean.csv,1
RGLWSKIKEAGKAALTAAGKAALGAVSDAV,amp_all_clean.csv,1
GLWKNMLSGIGKLAGQAALGAVKTLV,amp_all_clean.csv,1
GLWKNMLSGIGKLAGEAALGAVKTLV,amp_all_clean.csv,1
ALWKNMLSGIGKLAGQAALGAVKTLV,amp_all_clean.csv,1
ALWKDMLSGIGKLAGQAALGAVKTLV,amp_all_clean.csv,1
GLWSKIKEAGKAAVKAAGKAALGAVANSV,amp_all_clean.csv,1
GLWSKIKEAGKAAVKAAGKAALGAVADSV,amp_all_clean.csv,1
GLWKSLLKNVGKAAGKAALNAVTDMVNQA,amp_all_clean.csv,1
GLWKSLLKNVGKAAGKAALNAVTDMVNQS,amp_all_clean.csv,1
ALWKSLLKGAGQLVGGVVQHFMGSQGQPES,amp_all_clean.csv,1
ALWMTLLKKVLKAAAKALNAVLVGANA,amp_all_clean.csv,1
GLWSKIKETGKEAAKAAGKAALNKIAEAV,amp_all_clean.csv,1
GLFKTLIKGAGKMLGHVAKQFLGSQGQPES,amp_all_clean.csv,1
GLWSKIKEAAKTAGKAAMGFVNEMV,amp_all_clean.csv,1
ALWKTLLKGAGKVFGHVAKQFLGSQGQPES,amp_all_clean.csv,1
GLWSKIKEAAKTAGKMAMGFVNDMV,amp_all_clean.csv,1
GLRSKIKEAAKTAGKMALGFVNDMA,amp_all_clean.csv,1
SLGSFMKGVGKGLATVGKIVADQFGKLLEA,amp_all_clean.csv,1
SLWSKIKEMAATAGKAALNAVTGMVNQ,amp_all_clean.csv,1
GMFTNMLKGIGKLAGQAALGAVKTLA,amp_all_clean.csv,1
GMWGSLLKGVATVVKHVLPHALSSQQS,amp_all_clean.csv,1
GLVSGLLNTAGGLLGDLLGSLGSLSG,amp_all_clean.csv,1
LLGDLLGQTSKLVNDLTDTVGSIV,amp_all_clean.csv,1
GLWSKIKDVAAAAGKAALGAVNEALGEQ,amp_all_clean.csv,1
GLWSTIKNVGKEAAIAAGKAVLGSL,amp_all_clean.csv,1
DLWNSIKDMAAAAGRAALNAVTGMVNQ,amp_all_clean.csv,1
GLLSGILNTAGGLLGNLIGSLSNGES,amp_all_clean.csv,1
GLLSGILNSAGGLLGNLIGSLSNGES,amp_all_clean.csv,1
SVLSTITDMAKAAGRAALNAITGLVNQGEQ,amp_all_clean.csv,1
ALWKDLLKNVGIAAGKAVLNKVTDMVNQ,amp_all_clean.csv,1
ALWKNMLKGIGKLAGKAALGAVK,amp_all_clean.csv,1
HFLGKLVNLAKKIL,amp_all_clean.csv,1
FLPILGKLLSGFL,amp_all_clean.csv,1
FLPILGKLLSGLL,amp_all_clean.csv,1
FLPILGNLLNGLL,amp_all_clean.csv,1
FLPFVGNLLNGLL,amp_all_clean.csv,1
FVDLKKIANIINSIFGK,amp_all_clean.csv,1
FLGALAKIISGIF,amp_all_clean.csv,1
FLPIIGQLLSGLL,amp_all_clean.csv,1
FLPALAGIAGLLGKIFGK,amp_all_clean.csv,1
AVDLAKIANIANKVLSSLFGK,amp_all_clean.csv,1
FLPLIGKILGTILGK,amp_all_clean.csv,1
FLSGIVGMLGKLFGK,amp_all_clean.csv,1
FLPIVTNLLSGLLGK,amp_all_clean.csv,1
FLSHIAGFLSNLFGK,amp_all_clean.csv,1
FLPAALAGIGGILGKLFGK,amp_all_clean.csv,1
FFFLSRIFGK,amp_all_clean.csv,1
FLPFFASLLGKLL,amp_all_clean.csv,1
ILPILGNLLNGLL,amp_all_clean.csv,1
ILPILGNLLNSLL,amp_all_clean.csv,1
VLPLVGNLLNDLL,amp_all_clean.csv,1
ILPILAPLIGGLL,amp_all_clean.csv,1
FIGPLISALASLFKG,amp_all_clean.csv,1
FIGPIISALASLFGG,amp_all_clean.csv,1
FLPFLASLLTKVL,amp_all_clean.csv,1
GFRDVLKGAAKEFVKTVAGHIAN,amp_all_clean.csv,1
GFREVLKGAAKAFVKTVAGHIANI,amp_all_clean.csv,1
GFKDWIKGAAKKLIKTVASNIANQ,amp_all_clean.csv,1
GIKDWIKGAAKTLIKTVASHIANQ,amp_all_clean.csv,1
GFKDWIKSAAKKLIKTVASNIANQ,amp_all_clean.csv,1
GFRDVLKGAAKQFVKTVAGHIANI,amp_all_clean.csv,1
GFKDWIKGAAKKLIKTVAANIANQ,amp_all_clean.csv,1
GFKDWIKGAAKKLIKTVASSIANE,amp_all_clean.csv,1
GFKKLLKGAAKALVKTVLF,amp_all_clean.csv,1
FLPLIAGLAANFLPKLFCKITKKC,amp_all_clean.csv,1
FLPIIASVAAKLIPSIVCRITKKC,amp_all_clean.csv,1
VIPFVASVAAEMMPHVYCAASRKC,amp_all_clean.csv,1
FFGPLIKIATGVLPNLICKALGKC,amp_all_clean.csv,1
GIGSMLLGLAKNVGMSLLNKAQCKISGKC,amp_all_clean.csv,1
GFMGDTLKGIARNAALALMNAAQCKLSGKC,amp_all_clean.csv,1
GIGSILGVIAKGLPTLISWIKNR,amp_all_clean.csv,1
FLGAIAGVAAKFLPKVFCFITKKC,amp_all_clean.csv,1
FLPVIASVAAKVLPKVFCFITKKC,amp_all_clean.csv,1
FLPLIAGVAANFLPKIFCLISKKC,amp_all_clean.csv,1
FLPLIAGVAASILPKIFCFITKKC,amp_all_clean.csv,1
FFPIVAGVAGQVLKKIFCTISKKC,amp_all_clean.csv,1
FLPLLAGLAANFLPKLFCKITKKC,amp_all_clean.csv,1
FLPLLAGLAANFLPKLFCKITRKC,amp_all_clean.csv,1
FLPFLAGLAANFLPKLFCKITRKC,amp_all_clean.csv,1
FFPLIAGLAANFLPQILCKIARKC,amp_all_clean.csv,1
FFPNVASVPGQVLKKIFCAISKKC,amp_all_clean.csv,1
FFPAIFRLVAKVVPSIICSVTKKC,amp_all_clean.csv,1
FLPAIFRMAAKVVPTIICSITKKC,amp_all_clean.csv,1
GILDSLKNLAKNAGQILLNKASCKLSGQC,amp_all_clean.csv,1
GIFDKLKNFAKGVAQSLLNKASCKLSGQC,amp_all_clean.csv,1
GIFLDKLKNFAKGVAQSLLNKASCKLSGQC,amp_all_clean.csv,1
GLWNTKLEAGLLFAMGKLDLKRCLKAGGC,amp_all_clean.csv,1
FMGGLIKAATKALPAAFCAITKKC,amp_all_clean.csv,1
FLPFLLSALPKVFCFFSKKC,amp_all_clean.csv,1
FLPLLPSALPSFLCLVFKKC,amp_all_clean.csv,1
FLPLLLSALPSFSCLVFKKC,amp_all_clean.csv,1
VIPFVASVAAEMMQHVYCAASRRC,amp_all_clean.csv,1
KLKNFAIGVAQSLLNKASCKLSGQC,amp_all_clean.csv,1
GILDSLKNFAKDAAGILLKKASCKLSGQC,amp_all_clean.csv,1
GLMSTLKGAATNAAVTLLNKLQCKLTGTC,amp_all_clean.csv,1
GLMSTLKGAATNVAVTLLNKLQCKLTGTC,amp_all_clean.csv,1
GILDSLKNLAKNAAQILLNKASCKLSGQC,amp_all_clean.csv,1
FLPLIASVAANLAPKIICKITKTC,amp_all_clean.csv,1
GLWDTIKQAGKKIFLSVLDKIRCKVAGGC,amp_all_clean.csv,1
FFGSVLKVAAKVLPAALCQIFKKC,amp_all_clean.csv,1
FLPLVRVAAKLIPSVVCAISKRC,amp_all_clean.csv,1
FLPVLARLAVKFLPSIVCAATKKC,amp_all_clean.csv,1
FLPALIGIAAKALPSLLCKITKKC,amp_all_clean.csv,1
FFPAILRVAAKVGPAVLCAITKKC,amp_all_clean.csv,1
GIWDTLKNVGKAVLGKVLENV,amp_all_clean.csv,1
FITLLLRKFICSITKKC,amp_all_clean.csv,1
FLPLLLAGLPKLLCFLFKKC,amp_all_clean.csv,1
FLPLLAASFACTVTKKC,amp_all_clean.csv,1
FVPLLVSKLVCVVTKKC,amp_all_clean.csv,1
FLPIIASVAAKVFPKIFCAISKKC,amp_all_clean.csv,1
FLGSLLGLVGKIVPTLICKISKKC,amp_all_clean.csv,1
FIKELLPHLSGIIDSVANAIK,amp_all_clean.csv,1
GLASTLGSFLGKFAKGGAQAFLQPK,amp_all_clean.csv,1
GLLKPLLKIAAKVGSNLL,amp_all_clean.csv,1
GWGDTFGKVLKNFAKVAGVKAAK,amp_all_clean.csv,1
GWGDTFLKTMAKIAKVGPKLLHS,amp_all_clean.csv,1
QDKPFWSPPIYPV,amp_all_clean.csv,1
QDKPFWSPPIYPH,amp_all_clean.csv,1
QDKPFWDPPIYPV,amp_all_clean.csv,1
QDKPFWPPPIYIM,amp_all_clean.csv,1
QDKPFWPPPIYPM,amp_all_clean.csv,1
EPRTPWDWV,amp_all_clean.csv,1
QEKPYWPPPIYPM,amp_all_clean.csv,1
GLLDVVKGAAKNLLASALDKLKCKVTGC,amp_all_clean.csv,1
GLMDMVKGAAKNLFASALDTLKCKITGC,amp_all_clean.csv,1
GIMDTVKNAAKDLAGQLLDKLKCKITAC,amp_all_clean.csv,1
AFFTTVKNLVTNVAGTVIDKMKCKLTGEC,amp_all_clean.csv,1
AAKLLLNPKFRCKAAFC,amp_all_clean.csv,1
AVNIPFKVKFRCKAAFC,amp_all_clean.csv,1
GFLSTVKNLATNVAGTVIDTIKCKVTGGC,amp_all_clean.csv,1
FLPIASLLGKYL,amp_all_clean.csv,1
FLSAIASMLGKFL,amp_all_clean.csv,1
FISAIASFLGKFL,amp_all_clean.csv,1
GLADYWRTAFRANFANLGPGIRCKSARC,amp_all_clean.csv,1
GMFSVLKNLGKVGLGFVACKINKQC,amp_all_clean.csv,1
LMDTVKNVAKNLAGHMLDKLKCKITGC,amp_all_clean.csv,1
RCRFCCRCCPRMRGCGICCRF,amp_all_clean.csv,1
FIGGIISFFKRLF,amp_all_clean.csv,1
FIGGIISLIKKLF,amp_all_clean.csv,1
FIGGIISFIKKLF,amp_all_clean.csv,1
NWRKILGQIASVGAGLLGSLLAGYE,amp_all_clean.csv,1
LFGFLIPLLPHLIGAIPQVIGAIR,amp_all_clean.csv,1
FFHHIFRGIVHVGKTIHKLVTGG,amp_all_clean.csv,1
FFHHIFRGIVHVGKTIHRLVTGG,amp_all_clean.csv,1
FFHHIFRGIVHVGRTIHKLVTGG,amp_all_clean.csv,1
FFHHIFRGIVHVGRTIHRLVTGG,amp_all_clean.csv,1
IFHHIFKGIVHVGKTIHRLVTG,amp_all_clean.csv,1
PKRKSATKGDEPA,amp_all_clean.csv,1
KVHGSLARAGK,amp_all_clean.csv,1
RSTEDIIKSISGGGFLNAMNA,amp_all_clean.csv,1
FLGLIFHGLVHAGKLIHGLIHRNRG,amp_all_clean.csv,1
GWKSVFRKAKKVGKTVGGLALDHYLG,amp_all_clean.csv,1
GWKKWFNRAKKVGKTVGGLAVDHYLG,amp_all_clean.csv,1
GWRTLLKKAEVKTVGKLALKHYL,amp_all_clean.csv,1
QSHLSLCRFCCKCCRNKGCGYCCKF,amp_all_clean.csv,1
LFGFLIKLIPSLFGALSNIGRNRNQ,amp_all_clean.csv,1
LFGFLIPLLPHIIGAIPQVIGAIR,amp_all_clean.csv,1
WWRELLKKLAFTAAGHLGSVLAAKQSGW,amp_all_clean.csv,1
IGGIISFFKRLF,amp_all_clean.csv,1
NWRKILGKIAKVAAGLLGSMLAGYQV,amp_all_clean.csv,1
PDPAKTAPKKKSKKAVT,amp_all_clean.csv,1
GWFKKAWRKVKNAGRVLKGVGIHYGVGLIG,amp_all_clean.csv,1
AVPDVAFNAYG,amp_all_clean.csv,1
GCPQTPRCTNYAEKGQCPPN,amp_all_clean.csv,1
CPAIQRCCQQLRNIQPPCRCCQ,amp_all_clean.csv,1
QSERFEQQMQGQDFSHDERFLSQAA,amp_all_clean.csv,1
PAQPFRIKKRQGPFERP,amp_all_clean.csv,1
ACHAHCQSVGRRGGYCGNFRMTCYCY,amp_all_clean.csv,1
NCIQQCVSKGAQGGYCTNEKCTCY,amp_all_clean.csv,1
EQPGGDKVNLGYFTN,amp_all_clean.csv,1
LYKLVKVVLNM,amp_all_clean.csv,1
TGVAWRIT,amp_all_clean.csv,1
KIFTKCELARKLRAEGMDGF,amp_all_clean.csv,1
ADSRNPLEEEFRETNYEEF,amp_all_clean.csv,1
DGVCSNRRQCNKEVCGSSYDVAIVGA,amp_all_clean.csv,1
ADVRNPLEEFRETDYEVL,amp_all_clean.csv,1
ADDRNPLEECFRETDYEEFLEIAKNGLSTT,amp_all_clean.csv,1
ADDKNPLEEAFREADYEVFLEIAKNGL,amp_all_clean.csv,1
ADDINPKEECFFEDDYYEFE,amp_all_clean.csv,1
ADDKNPLEECFCEDDDYCEG,amp_all_clean.csv,1
SCTTCECCCSCS,amp_all_clean.csv,1
IASASCTTCICTCSCSS,amp_all_clean.csv,1
KFFRKLKKSVKKRAK,amp_all_clean.csv,1
KFFKKLKNSVKKRAKKFFKKPKVIGVTFPF,amp_all_clean.csv,1
ADDRNPLEEFRENNYEEFL,amp_all_clean.csv,1
KFFKKLKNSVKKRAKKFFKKPRVIGVSIPF,amp_all_clean.csv,1
HVINLEESFQEPEYENHLA,amp_all_clean.csv,1
RCICVLGIC,amp_all_clean.csv,1
RCLCRRGVC,amp_all_clean.csv,1
RCICTRGFC,amp_all_clean.csv,1
RCLCRRGVCRCLCRRGVC,amp_all_clean.csv,1
RCICTRGFCRCICTRGFC,amp_all_clean.csv,1
GDFFRKSKEKIGKEFKRIVQRIKDFLRN,amp_all_clean.csv,1
MKVFFLFAVLFCLVRRNSVHISHQEARGP,amp_all_clean.csv,1
ACYCRIPACLAGERRYGTCFYLRRVWAFCC,amp_all_clean.csv,1
ACYCRIPACLAGERRYGTCIYQGRLWAFCC,amp_all_clean.csv,1
DTHFPIYIFCCGCCHRSKCGMCCKT,amp_all_clean.csv,1
FWGTLAKLALKAVPAVMGMIKKE,amp_all_clean.csv,1
ALKAVPAVMGMIKKE,amp_all_clean.csv,1
GLKDWWNKHKDKIIAVAKEMGKAGLQAA,amp_all_clean.csv,1
FLGGLIGPLMSLIPGLLK,amp_all_clean.csv,1
GVVPHDFRI,amp_all_clean.csv,1
GLKDWWNKHKDKIIDVVKEMGKAGLQAA,amp_all_clean.csv,1
IIGLVSKGTCVLVKTVCKKVLKQG,amp_all_clean.csv,1
IDWKKVDWKKVSKKTCKVMLKACKFL,amp_all_clean.csv,1
AHCLAIGRK,amp_all_clean.csv,1
AVVNGVNYVGETTAA,amp_all_clean.csv,1
FHPSLWVLIPQYIQLIRKILKSG,amp_all_clean.csv,1
FHPSLWVLIPQYIQLIRKILKS,amp_all_clean.csv,1
RQKDKRPYSERKNQYTGPQFLYPPERIPP,amp_all_clean.csv,1
FAEPLPSEEEGESYSKEVPEMEKRYGGFM,amp_all_clean.csv,1
QCVGTITLDQSDDLFDLNCNELQSVR,amp_all_clean.csv,1
ILAWKWAWWAWRR,amp_all_clean.csv,1
GRFKRFRKKFKKLFKKLS,amp_all_clean.csv,1
GGLRSLGRKILRAWKKYG,amp_all_clean.csv,1
GGLRSLGRKILRAWKKYGPQATPATRQ,amp_all_clean.csv,1
CLGVGSCNNFAGCGYAIVCFW,amp_all_clean.csv,1
LRRIIRKIIHIIKK,amp_all_clean.csv,1
IRRIIRKIIHIIKK,amp_all_clean.csv,1
DTHFPICIFCCGCCKTPKCGLCCKT,amp_all_clean.csv,1
GRFRRLRKKTRKRLKKIGKV,amp_all_clean.csv,1
DTHFPICIFCCGCCRKAICGMCCKT,amp_all_clean.csv,1
AGFAAQAAASLAPVAIQQL,amp_all_clean.csv,1
PFKISIHL,amp_all_clean.csv,1
TPFKISIHL,amp_all_clean.csv,1
EPFKISIHL,amp_all_clean.csv,1
IKITTMLAKLGKVLAHV,amp_all_clean.csv,1
IKIMDILAKLGKVLAHV,amp_all_clean.csv,1
INIKDILAKLVKVLGHV,amp_all_clean.csv,1
INVLGILGLLGKALSHL,amp_all_clean.csv,1
LKLKDILGKIKVILSHLNK,amp_all_clean.csv,1
LKLKSILGKLGVILSHLNK,amp_all_clean.csv,1
INWKKIKSLIKAAMS,amp_all_clean.csv,1
IKWKAILDAVKKVL,amp_all_clean.csv,1
INLKAIAALAKKLLG,amp_all_clean.csv,1
ILGIITSLLKSL,amp_all_clean.csv,1
EPILGIITSLLKSL,amp_all_clean.csv,1
GVSGHGQHGVHG,amp_all_clean.csv,1
RRQGPIFDTRPSPFNPNQPRPGPIY,amp_all_clean.csv,1
GIGGKPVQTAFVDNDGIYD,amp_all_clean.csv,1
ALLHHGLNCAKGVLA,amp_all_clean.csv,1
RCVCTRGFC,amp_all_clean.csv,1
RCVCRRGVC,amp_all_clean.csv,1
RCVCRRGVCRCVCTRGFC,amp_all_clean.csv,1
RCVCTRGFCRCVCTRGFC,amp_all_clean.csv,1
RCICLLGIC,amp_all_clean.csv,1
RCFCRRGVC,amp_all_clean.csv,1
RCVCTRGFCRCVCRRGVC,amp_all_clean.csv,1
RCVCRRGVCRCVCRRGVC,amp_all_clean.csv,1
RCVCTRGFCRCICLLGIC,amp_all_clean.csv,1
RCVCTRGFCRCFCRRGVC,amp_all_clean.csv,1
GLFGKLIKKFGRKAISYAVKKARGKN,amp_all_clean.csv,1
KIKWFKTMKSLAKFLAKEQMKKHLGE,amp_all_clean.csv,1
MIASHLAFEKLSKLGSKHTML,amp_all_clean.csv,1
AGIGKIGDFIKKAIAKYKN,amp_all_clean.csv,1
LPRHTLHCVAYHGYCFHSKV,amp_all_clean.csv,1
HSCVCRRICAARQVRKGRCSRRRRICCLY,amp_all_clean.csv,1
HPLKQYWWRPSI,amp_all_clean.csv,1
PRCPPCPRCSWCPRCPTCPRCNCNPK,amp_all_clean.csv,1
PPCPSCPSCPWCPMCPRCPSCKCNPK,amp_all_clean.csv,1
PPCPSCLSCPWCPRCLRCPMCKCNPK,amp_all_clean.csv,1
DTNFPICIFCCKCCNNSQCGICCKT,amp_all_clean.csv,1
DINFPICRFCCQCCNKPSCGICCEE,amp_all_clean.csv,1
DTNFPICLFCCKCCKNSSCGLCCIT,amp_all_clean.csv,1
PRGSPRTEYEAARR,amp_all_clean.csv,1
PAQPFRFPKHPQGPQTRPPI,amp_all_clean.csv,1
GVCDMADLA,amp_all_clean.csv,1
MDVVRTLILCVCLFGLTFA,amp_all_clean.csv,1
DNGEAGRAAR,amp_all_clean.csv,1
VRPYLVAF,amp_all_clean.csv,1
AGETHTVMINHAGRGAPKLVVGGKKLS,amp_all_clean.csv,1
TPDHREVPSFSSRWEPNFGLTFSK,amp_all_clean.csv,1
EWEPVQNGGSSYYMVPRIWA,amp_all_clean.csv,1
HKTDSFVGLM,amp_all_clean.csv,1
FLAKAVAKAAAKALAKAL,amp_all_clean.csv,1
KAGLAFPVGRVHRLLRK,amp_all_clean.csv,1
IGKEFKRIVQRIKDFLRNLVPRTES,amp_all_clean.csv,1
FKRIVQRIKDFLRNLV,amp_all_clean.csv,1
FKRIVQRIKDFLR,amp_all_clean.csv,1
ATFNFINNCPFTVWAAAVPG,amp_all_clean.csv,1
ADNKNPLEECFRETNYEEFLEIAR,amp_all_clean.csv,1
FFHHIFRGIVHVGKSIHKLVTG,amp_all_clean.csv,1
DTHISEKIIDCNDIG,amp_all_clean.csv,1
SKCYQWQRRMRKLGAPSITCIRRTS,amp_all_clean.csv,1
ADDRNPLEECFRETDYEEFLEIARNGLKKT,amp_all_clean.csv,1
FLSLIPSLVGGSISAFK,amp_all_clean.csv,1
GWINEEKIQKKIDEP,amp_all_clean.csv,1
QLEARFEPKQRNFRKRELDFEKLFANMPDY,amp_all_clean.csv,1
LFFLPSLIGGLISAFK,amp_all_clean.csv,1
LFGLIPSMMGGLVSAFK,amp_all_clean.csv,1
LFFLPSLIGGLISAIK,amp_all_clean.csv,1
FPFSLIPHAIGGLISAIK,amp_all_clean.csv,1
IFSAIGGFLKSIF,amp_all_clean.csv,1
IFSAIAGLLSNLL,amp_all_clean.csv,1
FIFDLLKKLV,amp_all_clean.csv,1
SIYERCELARELINR,amp_all_clean.csv,1
IFGSLFSLGSKLLPSVFKLFSRKKQ,amp_all_clean.csv,1
IFGSLFSLGSKLLPTVFKLFSRKKQ,amp_all_clean.csv,1
FLSSLIPSAISGLISAFK,amp_all_clean.csv,1
FLGGLWKAMSNLL,amp_all_clean.csv,1
FIMDLLGKIF,amp_all_clean.csv,1
FFSLIPSLIGGLVFAIK,amp_all_clean.csv,1
ILSAIWSGIKS,amp_all_clean.csv,1
GILGKIWEGVKS,amp_all_clean.csv,1
FWATLAKGALKLIPTIANAFSSKS,amp_all_clean.csv,1
FLGALLSKIF,amp_all_clean.csv,1
ANDPQCLYGNVAAKF,amp_all_clean.csv,1
CPCGRRRCCVRGLNVYCCF,amp_all_clean.csv,1
GLVSGLLNTAGGLLGDLLGSLGSLSGGES,amp_all_clean.csv,1
GLLSGILNTAGGLLGNLIGSLSN,amp_all_clean.csv,1
GLLSGILNSAGGLLGNLIGSLSN,amp_all_clean.csv,1
GLVSDLLSTVTGLLGNLGGGGLKKI,amp_all_clean.csv,1
DNTDSVVKIQSWFRMATARKSYL,amp_all_clean.csv,1
RQIKIWFQNRRMKWKK,amp_all_clean.csv,1
AIGNILKTLGNLAQKILGK,amp_all_clean.csv,1
GDVHAQTTWPCATVGVSVALCPTTKCTSQC,amp_all_clean.csv,1
HSACAANCLSMGKAGGRCENGVCLCR,amp_all_clean.csv,1
RCICGRGICRCICGRGIC,amp_all_clean.csv,1
GGYCSGIIKQTCTCYRN,amp_all_clean.csv,1
GICYVLTCNSLCFPKLGRCSYNTCYCY,amp_all_clean.csv,1
HISHISMCRWCCNCCKAKGCGFCCKF,amp_all_clean.csv,1
ILPFLAGLFSKIL,amp_all_clean.csv,1
AKRHHGYKRKFH,amp_all_clean.csv,1
EPHPDEFVGLM,amp_all_clean.csv,1
EPNPDEFVGLM,amp_all_clean.csv,1
EPHPNEFVGLM,amp_all_clean.csv,1
EPNPDEFFGLM,amp_all_clean.csv,1
EPNPNEFFGLM,amp_all_clean.csv,1
EKKPPRPPQWAVGHFM,amp_all_clean.csv,1
IDWLKLGKMVIDAL,amp_all_clean.csv,1
WLNALLHHGLNCAKGVL,amp_all_clean.csv,1
WLNALLKKGLNCAKGVLA,amp_all_clean.csv,1
KWLNALLHHGLNCAKGVLA,amp_all_clean.csv,1
KWLNALLKKGLNCAKGVLA,amp_all_clean.csv,1
GLRKRLRKFRNKIKEKLKKI,amp_all_clean.csv,1
GLRKALRKFRNKIKEALKKI,amp_all_clean.csv,1
HVDKKVADKVLLLKQLRIMRL,amp_all_clean.csv,1
ALRSAVRTVARVGRAVLPHVAI,amp_all_clean.csv,1
RSQMQDGQLQSCCQELQNVEEQCQC,amp_all_clean.csv,1
FPVTWRWWKWWKG,amp_all_clean.csv,1
FPVTWPTKWWKG,amp_all_clean.csv,1
FSIARLLKWWKG,amp_all_clean.csv,1
FPISTLLKWWKG,amp_all_clean.csv,1
FPVTWPTKWWKS,amp_all_clean.csv,1
FPVTWPTKWRKG,amp_all_clean.csv,1
FPVTWPTKWLKG,amp_all_clean.csv,1
FSVTWRWWKWWKG,amp_all_clean.csv,1
FPVTWGWWKWWKG,amp_all_clean.csv,1
FPVTFRFFKFFKG,amp_all_clean.csv,1
FPVTWRWWTWWKG,amp_all_clean.csv,1
MPLSWFFPRTWGKR,amp_all_clean.csv,1
GPIRRPKPRPRPRPE,amp_all_clean.csv,1
GPIRRPKPRPRQRPE,amp_all_clean.csv,1
IGCWTKSIPPRPCFVK,amp_all_clean.csv,1
AVNIPFKVHFRCKSIFC,amp_all_clean.csv,1
SVIGCWTKSIPPRPRCFVK,amp_all_clean.csv,1
SFKKFWGGVKAIFKGARKGWK,amp_all_clean.csv,1
FFKKFWGGVKAIFKGARKGWK,amp_all_clean.csv,1
SVKKFWGGVKAIFKGARKGLK,amp_all_clean.csv,1
FVKKFWGGVKAIFKGARKGLK,amp_all_clean.csv,1
GFGSLGKALRLGANVL,amp_all_clean.csv,1
GVGKFLHSAKKFGQALVSEIMKS,amp_all_clean.csv,1
GFKQFVHSMGKFGKAFVGEIINPK,amp_all_clean.csv,1
GLGSLLGSLFKFIPKLLPSIQQ,amp_all_clean.csv,1
GLLTNVLGFLKKAGKGVLSGLLPL,amp_all_clean.csv,1
GIKEFAHSLGKFGKAFVGGILNQ,amp_all_clean.csv,1
GLGSVLGKILKMGANLLGGAPKGA,amp_all_clean.csv,1
GWASKIGQALGKVAKVGLQQFIQPK,amp_all_clean.csv,1
GLGSLLGKALKFGLKAAGKFMGGEPQQ,amp_all_clean.csv,1
GLASFLGKALKAGLKIGAHLLGGAPQQ,amp_all_clean.csv,1
GFASFLGKALKAALKIGANMLGGTPQQ,amp_all_clean.csv,1
GFGSFLGKALKAALKIGANALGGSPQQ,amp_all_clean.csv,1
GLASLLGKALKAGLKIGTHFLGGAPQQ,amp_all_clean.csv,1
FKRLKKLFKKIWNWK,amp_all_clean.csv,1
AKRLKKLFKKIWNWK,amp_all_clean.csv,1
FKRLKKLAKKIWNWK,amp_all_clean.csv,1
AKRLKKLAKKIWNWK,amp_all_clean.csv,1
AKRLKKLAKKIWKWL,amp_all_clean.csv,1
AKRLKKLAKKIWKWK,amp_all_clean.csv,1
KKSLLAKAKNFGGKVITIFKA,amp_all_clean.csv,1
GIGAILKVLSTGLPALISWIKRKRQQ,amp_all_clean.csv,1
TDHQMAQSACIGVSQDNAYASAIPRDCHGG,amp_all_clean.csv,1
VYINKLTPPCGTMYYACEAV,amp_all_clean.csv,1
SMIGGVMSKG,amp_all_clean.csv,1
GSNIEVMLGLPNSDVK,amp_all_clean.csv,1
FLKGIIDTVSNWL,amp_all_clean.csv,1
FLKGIIDTVSKLF,amp_all_clean.csv,1
VAVKATTTEEETEIPAK,amp_all_clean.csv,1
SGTSEKERESGRLLGVVKRLIVGFRSPFR,amp_all_clean.csv,1
SGTPEKERESGRLLGVVKRYIVCVRNPCP,amp_all_clean.csv,1
SGTSEKERESERLLGVVNPLIKCFRSPCP,amp_all_clean.csv,1
ADPRNPLEECFRETD,amp_all_clean.csv,1
NRILPTLIGPL,amp_all_clean.csv,1
INWDILIDTIKDKL,amp_all_clean.csv,1
ILGKFCDEIKRIV,amp_all_clean.csv,1
IFKAIWSGIKRLC,amp_all_clean.csv,1
FLFSLIPHAISGLISAFK,amp_all_clean.csv,1
FLFSLIPNAISGLLSAFK,amp_all_clean.csv,1
ASGWVCTLTIECGTLVCAC,amp_all_clean.csv,1
VSTLSVSSPCPGWPSSFTWSNC,amp_all_clean.csv,1
SCNCVCGVCCSC,amp_all_clean.csv,1
TSQTWGSPVP,amp_all_clean.csv,1
EKYTEVPEYI,amp_all_clean.csv,1
EKYTEAPEYV,amp_all_clean.csv,1
EKYTEIPEYV,amp_all_clean.csv,1
KYGDVPLY,amp_all_clean.csv,1
KCPWWNLSCHLGNDGKICTYSHECTAGCNA,amp_all_clean.csv,1
VTTSIPCTVMVSAAVCPTLVCSNKCGGRG,amp_all_clean.csv,1
AYSLQMGATAIKQVKKLFKKWGW,amp_all_clean.csv,1
ALQFIQNTASGALYYNTKTHKYQYQQTSGA,amp_all_clean.csv,1
SCTTCECSCSCSS,amp_all_clean.csv,1
SCNCVCGFCCSCSPSA,amp_all_clean.csv,1
MGAVAKFLGKAALGGAAGGATYAGLKKIFG,amp_all_clean.csv,1
GNGVFKTISHECHLNTWAFLATCCS,amp_all_clean.csv,1
CLGIGSCNNFAGCGYAVVCFW,amp_all_clean.csv,1
DKGRRRSKFVLHRRQCAN,amp_all_clean.csv,1
HKMDLHWYLRTLEEVVIRALQRFQFR,amp_all_clean.csv,1
RWRFLRKISSVHMFSVKALDDFRQL,amp_all_clean.csv,1
FIHHIIGGLISVGKHIHGLIHGH,amp_all_clean.csv,1
FSGGNCRGFRRRCFCTK,amp_all_clean.csv,1
FQWQRNMRKVR,amp_all_clean.csv,1
GIIKVIKSLIEQFTGK,amp_all_clean.csv,1
VGTIIKIIKAIIDIFAK,amp_all_clean.csv,1
GDGTGPGPGP,amp_all_clean.csv,1
GWLDVAKKIGKAAFNVAKNFL,amp_all_clean.csv,1
LLAGLAANFLPKIFCKITRKC,amp_all_clean.csv,1
GLAANFLPKIFCKITRKC,amp_all_clean.csv,1
ANFLPKIFCKITRKC,amp_all_clean.csv,1
GLGSVFGRLARILGRVIPKV,amp_all_clean.csv,1
KETWWETWWTEWSQPKKKRKV,amp_all_clean.csv,1
PSVQGAAAQLTADVKK,amp_all_clean.csv,1
ISAAEFGKINGPIKK,amp_all_clean.csv,1
VLASKNFGDK,amp_all_clean.csv,1
KCRRRKVHGPMIRIRKK,amp_all_clean.csv,1
ELVRKNVDHLSTPDVLELV,amp_all_clean.csv,1
SLPPTLEEEFNMKKMG,amp_all_clean.csv,1
SPPPGESKVDMSFNYALSNPAQ,amp_all_clean.csv,1
GIADILKGLL,amp_all_clean.csv,1
LLGGLLQSLL,amp_all_clean.csv,1
GILDAITGLL,amp_all_clean.csv,1
YIRDFITRRPPFGNI,amp_all_clean.csv,1
GILDALTGIL,amp_all_clean.csv,1
FLFNVIPHAINATASLIKK,amp_all_clean.csv,1
FLVGILPRMRGFITPFLKKVR,amp_all_clean.csv,1
FLWSLIPSAISAVTSLIKK,amp_all_clean.csv,1
FDLGGLIKGVVDLF,amp_all_clean.csv,1
LRPAVIRPKGK,amp_all_clean.csv,1
LRPAFIRPKGK,amp_all_clean.csv,1
LGPALITRKPLKGKP,amp_all_clean.csv,1
RPKPQQWFWLM,amp_all_clean.csv,1
KHFGKDSNFPF,amp_all_clean.csv,1
FQWQRNMRKVRGPPVS,amp_all_clean.csv,1
AERVGAGAPVYL,amp_all_clean.csv,1
AKKFGKAFVGEIM,amp_all_clean.csv,1
KWKLFKKI,amp_all_clean.csv,1
GLFVGVLAKVAAHVVPAIAEHF,amp_all_clean.csv,1
LFCKRGTCHFGRCPSHLIKV,amp_all_clean.csv,1
DLRDSWKVIGSDKK,amp_all_clean.csv,1
KTRNWFSEHFKKVKEKLKDTFA,amp_all_clean.csv,1
MNKVKEWIKYLKSLFSM,amp_all_clean.csv,1
MMRVMRRKTKVIWEKKDFIGLYSID,amp_all_clean.csv,1
KLLKHKLLVTLA,amp_all_clean.csv,1
KILRGVCKKIMRTFLRRISKDILTGKK,amp_all_clean.csv,1
GIGGALLNVGKVALKGLAKGLAEHFAN,amp_all_clean.csv,1
FLGLLGGLL,amp_all_clean.csv,1
FLGLIGSLL,amp_all_clean.csv,1
GIGGALLSAKAALGLAKGLAEHFAN,amp_all_clean.csv,1
GIGKFLHSAKKWGKAFVGEIMNS,amp_all_clean.csv,1
HLNKRVQRELIGWLDWLK,amp_all_clean.csv,1
GIMDTVKNAAKNLAGQLLDKLKCKITAC,amp_all_clean.csv,1
GIMDTVKNAAKNLAGQLLDKLK,amp_all_clean.csv,1
GRFKRFRKKFKKLFKKLSPVIPLLHL,amp_all_clean.csv,1
RRYGTCIYQGRLWAF,amp_all_clean.csv,1
GILDWGKKVMDWIKDKM,amp_all_clean.csv,1
GVKELFGKAWGLVKKHLPKACGLLGYVKQ,amp_all_clean.csv,1
IWGALLGTLIPAITSAIQ,amp_all_clean.csv,1
FRKKWNKWALSR,amp_all_clean.csv,1
ARLDVASEFRKKWNKWALSR,amp_all_clean.csv,1
KKRLKKIFKKPMVIGVTIPF,amp_all_clean.csv,1
KTMMQSGGTFGTFMAIGMGIR,amp_all_clean.csv,1
TQQAFQKFLAAVTSALGKQYH,amp_all_clean.csv,1
IRPIPFIPRGGKT,amp_all_clean.csv,1
LKGASKLIPHLLPSRQQ,amp_all_clean.csv,1
IRPVPFFPPVHAKKVFPLH,amp_all_clean.csv,1
GGLIGTLTAKQIKK,amp_all_clean.csv,1
GLMGTLISKQMKK,amp_all_clean.csv,1
STNCFCYPCCSCSS,amp_all_clean.csv,1
DYPKLTFTTS,amp_all_clean.csv,1
GVQKSEVVITSA,amp_all_clean.csv,1
NVRFDLSGATSSSYKTFIKN,amp_all_clean.csv,1
EIKARGKNKTKPTPSSGKGGKHN,amp_all_clean.csv,1
GLPGKKNVLKKSRESSGKPGGTNKKPF,amp_all_clean.csv,1
SLNVMRKGIRKQPVSSGKRGGVNDYDM,amp_all_clean.csv,1
ITAVLRRRPRPPPYSSGRPGQNN,amp_all_clean.csv,1
VSGNVAARKGKQQTSSGKGGGTN,amp_all_clean.csv,1
KLCGETCFKFKCYTPGCSCSYPFCK,amp_all_clean.csv,1
GIPCGESCVFIPCLTSAIDCSCKSKVCYRN,amp_all_clean.csv,1
GIPCGESCVFIPCISSVIGCSCSSKVCYRN,amp_all_clean.csv,1
GLPVCGETCVGGTCNTPGCGCSWPVCTRN,amp_all_clean.csv,1
GLPVCGETCVGGTCNTPGCACSWPVCTRN,amp_all_clean.csv,1
GLPVCGETCVGGTCNTPGCSCSWPVCTRN,amp_all_clean.csv,1
GLPVCGETCFGGTCNTPGCSCDPWPMCSRN,amp_all_clean.csv,1
GVPICGETCVGGTCNTPGCSCSWPVCTRN,amp_all_clean.csv,1
GLPICGETCVGGSCNTPGCSCSWPVCTRN,amp_all_clean.csv,1
GVPICGETCTLGTCYTAGCSCSWPVCTRN,amp_all_clean.csv,1
GVPVCGETCFGGTCNTPGCSCDPWPVCSRN,amp_all_clean.csv,1
GLPVCGETCFGGTCNTPGCSCETWPVCSRN,amp_all_clean.csv,1
GLPVCGETCTLGKCYTAGCSCSWPVCYRN,amp_all_clean.csv,1
GAPICGESCFTGKCYTVQCSCSWPVCTRN,amp_all_clean.csv,1
GIPCGESCVWIPCISSAIGCSCKNKVCYRN,amp_all_clean.csv,1
GTPCGESCVWIPCISSAVGCSCKNKVCYKN,amp_all_clean.csv,1
GTLPCGESCVWIPCISAVGCSCKSKVCYKN,amp_all_clean.csv,1
SIPCGESCVWIPCTITALAGCKCKSKVCYN,amp_all_clean.csv,1
GIPCGESCVWIPCLTSAVGCSCKSKVCYRN,amp_all_clean.csv,1
GIPCGESCVYIPCLTSAVGCSCKSKVCYRN,amp_all_clean.csv,1
GIPCGESCVWIPGISAAIGCSCKNKVCYRN,amp_all_clean.csv,1
GIPCGESCVWIPCLTSAIGCSCKSKVCYKD,amp_all_clean.csv,1
GLPVCGETCVTGSCYTPGCTCSWPVCTRN,amp_all_clean.csv,1
GLPICGETCVGGTCNTPGCTCSWPVCTRN,amp_all_clean.csv,1
GIGCGESCVWIPCVSAAIGCSCSNKICYRN,amp_all_clean.csv,1
GIPCGESCVFIPCISSVVGCSCKSKVCYLD,amp_all_clean.csv,1
GLPCGESCVFIPCITTVVGCSCKNKVCYND,amp_all_clean.csv,1
HEPCGESCVFIPCITTVVGCSCKNKVCYN,amp_all_clean.csv,1
HEPCGESCVFIPCITTVVGCSCKNKVCYD,amp_all_clean.csv,1
GIPCGESCVFIPCITGIAGCSCKSKVCYRN,amp_all_clean.csv,1
GIPCGESCVFIPCISTVIGCSCKNKVCYRN,amp_all_clean.csv,1
GSAFCGETCVLGTCYTPDCSCTALVCLKN,amp_all_clean.csv,1
GLPTCGETCFGGTCNTPGCTCDPWPICTRD,amp_all_clean.csv,1
GLPVCGETCVGGTCNTPGCTCSWPVCTRD,amp_all_clean.csv,1
GLPTCGETCFGGTCNTPGCSCSSWPICTRD,amp_all_clean.csv,1
GLPVCGETCFGGTCNTPGCSCTDPICTRD,amp_all_clean.csv,1
GSLCGDTCFVLGCNDSSCSCNYPICVKD,amp_all_clean.csv,1
GLPVCGETCFGGTCNTPGCACDPWPVCTRD,amp_all_clean.csv,1
GLPVCGESCFGGTCNTPGCACDPWPVCTRD,amp_all_clean.csv,1
GLPVCGESCFGGSCYTPGCSCTWPICTRD,amp_all_clean.csv,1
GIPCAESCVYIPCTITALLGCKCQDKVCYD,amp_all_clean.csv,1
GIPCAESCVYIPCTITALLGCKCKDQVCYN,amp_all_clean.csv,1
SCVYIPCTITALLGCSCKNKVCYNGIPCAE,amp_all_clean.csv,1
GEIPCGESCVYLPCFLPNCYCRNHVCYLN,amp_all_clean.csv,1
SISCGETCTTFNCWIPNCKCNHHDKVCYWN,amp_all_clean.csv,1
CAETCVVLPCFIVPGCSCKSSVCYFN,amp_all_clean.csv,1
CAETCIYIPCFTEAVGCKCKDKVCYKN,amp_all_clean.csv,1
GIPCGESCVFIPCISGVIGCSCKSKVCYRN,amp_all_clean.csv,1
GIACGESCAYFGCWIPGCSCRNKVCYFN,amp_all_clean.csv,1
GTPCGESCVYIPCFTAVVGCTCKDKVCYLN,amp_all_clean.csv,1
GTPCAESCVYLPCFTGVIGCTCKDKVCYLN,amp_all_clean.csv,1
GNIPCGESCIFFPCFNPGCSCKDNLCYYN,amp_all_clean.csv,1
CGETCVILPCISAALGCSCKDTVCYKN,amp_all_clean.csv,1
CGETCVIFPCISAAFGCSCKDTVCYKN,amp_all_clean.csv,1
CVWIPCISGIAGCSCKNKVCYLN,amp_all_clean.csv,1
CGETCLFIPCIFSVVGCSCSSKVCYRN,amp_all_clean.csv,1
CGETCVTGTCYTPGCACDWPVCKRD,amp_all_clean.csv,1
CGETCIWGRCYSENIGCHCGFGICTLN,amp_all_clean.csv,1
RGCYKICGETCLFIPCLTSVFGCSCKN,amp_all_clean.csv,1
CGETCVVDTRCYTKKCSCAWPVCMRN,amp_all_clean.csv,1
CVWIPCISAAIGCSCKSKVCYRN,amp_all_clean.csv,1
CGESCVYIPCTVTALLGCSCKDKVCYKN,amp_all_clean.csv,1
CGETCKVTKRCSGQGCSCLKGRSCYD,amp_all_clean.csv,1
CGETCVVLPCFIVPGCSCKSSVCYFN,amp_all_clean.csv,1
CGETCIYIPCFTEAVGCKCKDKVCYKN,amp_all_clean.csv,1
GIPCAESCVWIPCTVTALLGCSCSNKVCYN,amp_all_clean.csv,1
GLPVCGETCFGGTCNTPGCSCSYPICTRN,amp_all_clean.csv,1
GLPVCGETCFGGTCNTPGCTCSYPICTRN,amp_all_clean.csv,1
GLPVCGETCAFGSCYTPGCSCSWPVCTRN,amp_all_clean.csv,1
GLPVCGETCFGGRCNTPGCTCSYPICTRN,amp_all_clean.csv,1
GIPCAESCVWIPCTVTALIGCGCSNKVCYN,amp_all_clean.csv,1
GIPCGESCVWIPCLTSTVGCSCKSKVCYRN,amp_all_clean.csv,1
GIPCGESCVWIPCLTSAVGCPCKSKVCYRN,amp_all_clean.csv,1
PGMGIYLPM,amp_all_clean.csv,1
DVSFSLSGGGTASYEK,amp_all_clean.csv,1
QGRLGTQWAVGHLM,amp_all_clean.csv,1
GILDIAKKLVGGIRNVLGI,amp_all_clean.csv,1
FQFVNPSDIVFGS,amp_all_clean.csv,1
GLAGAISSALDKLKQSQLIKNYAKKLGYPR,amp_all_clean.csv,1
GLAGAISSVLDKLKQSQLIKNYAKKLGYPR,amp_all_clean.csv,1
RAEAVPPGFTPFRKP,amp_all_clean.csv,1
RVCSAIPLPICH,amp_all_clean.csv,1
FKVLGSVAKHLLPHVAPVIAEK,amp_all_clean.csv,1
DIIKKVASVVG,amp_all_clean.csv,1
GLFDIIKKVASVVGLASP,amp_all_clean.csv,1
GLFDIIKKVASVVGLASQ,amp_all_clean.csv,1
GLFDVIKKVASVIGLASQ,amp_all_clean.csv,1
DLFQVIKEKLKELTGGVIEGIQGV,amp_all_clean.csv,1
RGFMDTAKNVAKNMAVTLLDNLKCKITKAC,amp_all_clean.csv,1
AWLDKLKSLGKVVGKVAIGVAQHYLNPQQ,amp_all_clean.csv,1
AWLDKLKSLGKVVGKVGLGVVQNYLNPRQ,amp_all_clean.csv,1
AWLDKLKNLGKVVGKVALGVVQNYLNPRQ,amp_all_clean.csv,1
ALLDKLKSLGKVVGKVALGVAQHYLNPQQ,amp_all_clean.csv,1
ALLDKLKSLGKVVGKVAIGVAQHYLNPQQ,amp_all_clean.csv,1
ALLDKLKSLGKVVGKVAIGVAQHYLNPQ,amp_all_clean.csv,1
FIGSALKVLAGVLPSIVSWVKQ,amp_all_clean.csv,1
NEEEKVKWEPDVP,amp_all_clean.csv,1
NEEEKVKWQPDVP,amp_all_clean.csv,1
FLPAIAGILSQLF,amp_all_clean.csv,1
FLPLIAGLLGKLF,amp_all_clean.csv,1
QQWAVGHFM,amp_all_clean.csv,1
QLWATGHFM,amp_all_clean.csv,1
FVGAALKVLANVLPPVISWIKQ,amp_all_clean.csv,1
SEEEKRQPWLPFG,amp_all_clean.csv,1
DAQEKRQPWIPFV,amp_all_clean.csv,1
DAQEKRQPWLPFV,amp_all_clean.csv,1
QVPQWAVGHFM,amp_all_clean.csv,1
QTPQWATGHFM,amp_all_clean.csv,1
SNTALRRYNQWATGHFM,amp_all_clean.csv,1
GPIPWQRRI,amp_all_clean.csv,1
GIGKYLHSAKKFGKAWVGEIMNS,amp_all_clean.csv,1
GMASKAGTIAGKIAKTAIKLAL,amp_all_clean.csv,1
GMASKAGSIVGKIAKIALGAL,amp_all_clean.csv,1
GIWKTIKSMGKVFAGKILQNL,amp_all_clean.csv,1
FPLPCAYKGTYC,amp_all_clean.csv,1
QIHLSLCGLCCNCCHNIGCGFCCKF,amp_all_clean.csv,1
GLLSKFGRLARKLARVIPKV,amp_all_clean.csv,1
GEKLKKIGQKIKNFFQKL,amp_all_clean.csv,1
RVIEVVQGACRAIRHIPRRIRQGLERIL,amp_all_clean.csv,1
RIAGYGLRGLAVIIRICIRGLNLIFEIIR,amp_all_clean.csv,1
GFFALIPGIE,amp_all_clean.csv,1
VAAGGWRPIESLNSAEVQDV,amp_all_clean.csv,1
LSAGPNGGSIAKLSVK,amp_all_clean.csv,1
ANIVFDVESATTGTYSTFLTSF,amp_all_clean.csv,1
DVTFSLLGANTKSYAAFITNFRKDVASEKK,amp_all_clean.csv,1
DVTFSMLGANGATYYQFF,amp_all_clean.csv,1
QDFMKHLDKKTQTPKL,amp_all_clean.csv,1
AECMVDETVCYIHNHNNC,amp_all_clean.csv,1
PSPPGFSPFR,amp_all_clean.csv,1
EAPPGFSPFR,amp_all_clean.csv,1
EELEAKDVIESKALATLDEER,amp_all_clean.csv,1
YCQKWMWTCDAERKCCEDMACELWCKKRL,amp_all_clean.csv,1
LKCNKLVPLFYKTCPAGKNL,amp_all_clean.csv,1
CCSCSCSTCTCTCTCASSAATKM,amp_all_clean.csv,1
ITVCISVC,amp_all_clean.csv,1
VTACITFC,amp_all_clean.csv,1
CCCCCTTCCFSIATGSGNSQGGSGSYTPGK,amp_all_clean.csv,1
GFIGWGNNIFGHYSGDF,amp_all_clean.csv,1
GLPWGCPSDIPGWNTPWAC,amp_all_clean.csv,1
GNWHGTAPDWFFNYYW,amp_all_clean.csv,1
EDGLHPRLCSC,amp_all_clean.csv,1
GFGSKPIDSFGLSWL,amp_all_clean.csv,1
SWLSKTAKKLENSAKKRISEGIAIAQGGPR,amp_all_clean.csv,1
AAWKLLKALAKA,amp_all_clean.csv,1
LLWKLLKLLLK,amp_all_clean.csv,1
LLWKLLKKLLK,amp_all_clean.csv,1
LLWKLLKKL,amp_all_clean.csv,1
KLALKLLKLL,amp_all_clean.csv,1
KAAAKAAKAA,amp_all_clean.csv,1
KLLLKLLKLL,amp_all_clean.csv,1
KLLLKLLKKLL,amp_all_clean.csv,1
KLLKKLLKLL,amp_all_clean.csv,1
KWLLKLLKKL,amp_all_clean.csv,1
LKWLLKLLKLK,amp_all_clean.csv,1
AATKPKKAGAAP,amp_all_clean.csv,1
KPAKKQTKKKP,amp_all_clean.csv,1
WNLLRQAQEKFGKDKSP,amp_all_clean.csv,1
WKLLSKAQEKFGKNKSR,amp_all_clean.csv,1
RQGRTLYGFGG,amp_all_clean.csv,1
LPGELAKHAVSEGTKAVTKYTSSK,amp_all_clean.csv,1
LGPQLNKGCATCSIGAACLVDGPIPDEIAG,amp_all_clean.csv,1
YEPGQVRCCLMPA,amp_all_clean.csv,1
HRRSVAHQEEASLHVKTDELPSPDTVREQL,amp_all_clean.csv,1
TSNNWLAKNYLSMWNKKSSNPNL,amp_all_clean.csv,1
CGEKWRIFS,amp_all_clean.csv,1
FRLQLWQF,amp_all_clean.csv,1
LGCNQSSIWSIFFWNH,amp_all_clean.csv,1
WLTAKRFCRCHPLHPGGYDPVPEKKSVL,amp_all_clean.csv,1
WLTLRRLSRCHPFTPCGCDPVPD,amp_all_clean.csv,1
KIPCGESCVWIPCVTSIFNCKCENKVCYHD,amp_all_clean.csv,1
AIPCGESCVWIPCISAAIGCSCKNKVCYR,amp_all_clean.csv,1
GLLSVLGSVAKHVLPHVVPVIAAAL,amp_all_clean.csv,1
GLLSVLGSVAKHVLPHVVPVIAKLH,amp_all_clean.csv,1
GLLKVLGSVAKKVLPKVVPVIAEKL,amp_all_clean.csv,1
GLFGVLGSIAKHLLPHVVPVIAEKL,amp_all_clean.csv,1
QRPRLSHKGPMPF,amp_all_clean.csv,1
KFFRKKSVKK,amp_all_clean.csv,1
DHVTPDIAYNPRTYM,amp_all_clean.csv,1
DHVTPDIAYNPWAYF,amp_all_clean.csv,1
DHVTPDIAYNP,amp_all_clean.csv,1
AIGKFLHSAKKFGKAFVGEIMNS,amp_all_clean.csv,1
GRKKRRQRRRGGWMWVTNLRTD,amp_all_clean.csv,1
HSHRDFQPVLHLVALNSPLSGGMRG,amp_all_clean.csv,1
MRGIRGADFQAFQQARAVGLAGTFR,amp_all_clean.csv,1
TFRAFLSSRLQDLYSIVRRADRAAV,amp_all_clean.csv,1
AAVPIVNLKDELLFPSWEALFSGSE,amp_all_clean.csv,1
GSEGPLKPGARIFSFDGKDVLRHPT,amp_all_clean.csv,1
HPTWPQKSVWHGSDPNGRRLTESY,amp_all_clean.csv,1
ETWRTEAPSATGQASSLLGGRLLGQ,amp_all_clean.csv,1
LGQSAASAHHAYIVLAIENSFMTASKKK,amp_all_clean.csv,1
MWKWFHNVLSSGQLLADKWWAWWYNWW,amp_all_clean.csv,1
AKSKAKSKAKSKAKSKAKSKAKSK,amp_all_clean.csv,1
FKCRRWQWRMKKLGAPSITCVR,amp_all_clean.csv,1
KKKFPWWWPFKKK,amp_all_clean.csv,1
KKKFPWWWPFKKKCKKKFPWWWPFKKKC,amp_all_clean.csv,1
ETFSDLWKLL,amp_all_clean.csv,1
ILPILSLIGGLL,amp_all_clean.csv,1
FKCRRWQWRMKK,amp_all_clean.csv,1
KAAKKAAKAAKKAAKAAKKAA,amp_all_clean.csv,1
GIPCGESCVFIPCLTSAIGCSCKSKVCYRN,amp_all_clean.csv,1
PLLQATLGGGS,amp_all_clean.csv,1
GLFGKLIKKFARKAISYAVKKARGKH,amp_all_clean.csv,1
RRRRRNWMWC,amp_all_clean.csv,1
RRRRRWCMNW,amp_all_clean.csv,1
RLGDGCTR,amp_all_clean.csv,1
LKLSPKTKKTLKKVLKGAIKGAIAIASMA,amp_all_clean.csv,1
GTSCGETCVLLPCLSSVLGCTCQNKRCYKD,amp_all_clean.csv,1
FWQRRIRRWRRFWQRRIRRWRR,amp_all_clean.csv,1
PFWRIRIRRPRRIRIRWFP,amp_all_clean.csv,1
PFWRRRIRIRRRRIRIRRRWFP,amp_all_clean.csv,1
RWKRINRQWFFWQRNIRKWR,amp_all_clean.csv,1
WWRRWWRRWRRWWRRWWR,amp_all_clean.csv,1
GKPICGETCFKGKCYTPGCTCSYPICKKD,amp_all_clean.csv,1
GKPICGETCFKGKCYTPGCTCSYPICKKN,amp_all_clean.csv,1
GKPTCGETCFKGKCYTPGCTCSYPLCKKD,amp_all_clean.csv,1
GKYTCGETCFKGKCYTPGCTCSYPICKKD,amp_all_clean.csv,1
GLPTCGETCFKGKCYTPGCSCSYPICKKD,amp_all_clean.csv,1
GLPTCGETCFKGKCYTPGCSCSYPICKKN,amp_all_clean.csv,1
GLPTCGETCTLGKCNTPKCTCNWPICYKD,amp_all_clean.csv,1
GLPTCGETCTLGKCNTPKCTCNWPICYKN,amp_all_clean.csv,1
KRFKKFFKKVKKSV,amp_all_clean.csv,1
YGFVMPRSGLWFR,amp_all_clean.csv,1
FFSMIPKIAGGIASLVKNL,amp_all_clean.csv,1
TSLDASIWAMMQNA,amp_all_clean.csv,1
GIKHILFMAKTKLPRATCTAEIKENCDRKK,amp_all_clean.csv,1
FIGAIARLLSK,amp_all_clean.csv,1
FLGAIAQALTSLLGKL,amp_all_clean.csv,1
RWQWRMKKLG,amp_all_clean.csv,1
ALWKEVLKNAGKAALNEINNLVQ,amp_all_clean.csv,1
GIGSAILSAGKSIIKGLAKGLA,amp_all_clean.csv,1
CIKPHQGQHICNDE,amp_all_clean.csv,1
GALKGCWTKSIPPKPCK,amp_all_clean.csv,1
IWLTALKFLGKNLGKLAKQQLAKL,amp_all_clean.csv,1
RRGCFRVCYRGFCFQRCR,amp_all_clean.csv,1
GRFKRFRKKLKRLWHKVGPFVGPILHY,amp_all_clean.csv,1
SNVYRPPPYRPVYRPLRRPGYRP,amp_all_clean.csv,1
GIPCAESCVYIPCTVTALLGCSCSDKVCYN,amp_all_clean.csv,1
GTHPCQETCVTSTRCSTQGCHCNWPICFKN,amp_all_clean.csv,1
GVPCGESCVYIPCFTGIINCSCRDKVCYNN,amp_all_clean.csv,1
SIPCAESCVWIPCTVTALLGCSCSDKVCYN,amp_all_clean.csv,1
FALGAVTCLIRTKCKVLPKLF,amp_all_clean.csv,1
FALGAVTKVLYKLFCLITRKC,amp_all_clean.csv,1
VKLRSLLCS,amp_all_clean.csv,1
DVNFLLHKIYGNIRY,amp_all_clean.csv,1
KKRKKKAFALKFVVDLI,amp_all_clean.csv,1
VTFVLIAAK,amp_all_clean.csv,1
FLPLLISALTSLFPKLGK,amp_all_clean.csv,1
RQSHFANAQP,amp_all_clean.csv,1
SLPQNIPPLTQTPVVVPPF,amp_all_clean.csv,1
GNKKWEQKQVQIKTLEGEFSVTMWSS,amp_all_clean.csv,1
LNQEDARKSE,amp_all_clean.csv,1
LNQEEARKSE,amp_all_clean.csv,1
LNQESARKSE,amp_all_clean.csv,1
GIPCGESCAFLPCLTSLLGCTCQNKVCYRD,amp_all_clean.csv,1
GISCAETCVLLPCLSSVIGCTCQNKRCYKN,amp_all_clean.csv,1
GNPCGESCVYLPCITTVVGCSCQNSVCYHN,amp_all_clean.csv,1
GYPICGESCVGGTCNTPGCSCSWPVCTTN,amp_all_clean.csv,1
GLPICGETCVGGTCNTPGCFCTWPVCTRN,amp_all_clean.csv,1
GLPVCGETCFTGSCYTPGCSCNWPVCNRN,amp_all_clean.csv,1
GLPVCGETCVGGTCNTPGCSCSWPVCFRN,amp_all_clean.csv,1
FLPLLLAGLPSFLCLVFKKC,amp_all_clean.csv,1
EGKLSSNDTEGGLCKEFLHPSKVDLPR,amp_all_clean.csv,1
KEFLHPSKVDLPR,amp_all_clean.csv,1
NEPCDSDGDCCTSSEQCISTGSKYFC,amp_all_clean.csv,1
VKLFPFFNQY,amp_all_clean.csv,1
VKLFPWFNQY,amp_all_clean.csv,1
VKLFPWWNQY,amp_all_clean.csv,1
KPPPWVPV,amp_all_clean.csv,1
FLSGIVGMLGKLE,amp_all_clean.csv,1
NGRKACLNPASPIVKKIIEKMLNS,amp_all_clean.csv,1
NGKKACLNPASPMVQKIIEKIL,amp_all_clean.csv,1
NGKEICLDPEAPFLKKVIQKILD,amp_all_clean.csv,1
NGKQVCLDPEAPFLKKVIQKILDS,amp_all_clean.csv,1
DGRKICLDPDAPRIKKIVQKKL,amp_all_clean.csv,1
DGRELCLDPKENWVQRVVEKFLK,amp_all_clean.csv,1
GIMDTIKGAAKDLAGQLLDKLKCKITKC,amp_all_clean.csv,1
PWIPLTPL,amp_all_clean.csv,1
PFDSRAVTY,amp_all_clean.csv,1
PWVPLIPI,amp_all_clean.csv,1
IPWFPLTP,amp_all_clean.csv,1
QPFPFIFP,amp_all_clean.csv,1
IFVLPPYIPP,amp_all_clean.csv,1
ANPRYPYT,amp_all_clean.csv,1
IPYVPLTP,amp_all_clean.csv,1
PPIFALPPYI,amp_all_clean.csv,1
PPIFTLPPYI,amp_all_clean.csv,1
GYPICGESCVGGICNIPGCSCSWPVCTTN,amp_all_clean.csv,1
FPFFNQYVKL,amp_all_clean.csv,1
FPWFNQYVKL,amp_all_clean.csv,1
FPWWNQYVKL,amp_all_clean.csv,1
ILPIIGKILSTIFGK,amp_all_clean.csv,1
GLPLCGETCVGGTCNTPGCSCGWPVCVRN,amp_all_clean.csv,1
CGESCVWIPCISSAIGCSCKSKVCYRNGIP,amp_all_clean.csv,1
RQIKIWFQNRRMKWK,amp_all_clean.csv,1
FDIVKKVVGTIAGL,amp_all_clean.csv,1
MDAQTRRRERRAEKQAQWKAANGC,amp_all_clean.csv,1
RKKRRQRR,amp_all_clean.csv,1
GIGVLLSAGKAALKGLAKVLAEKYAN,amp_all_clean.csv,1
ALWKTLLKKVLKAPKKKRKV,amp_all_clean.csv,1
VQRKRQKLMP,amp_all_clean.csv,1
GRKKRRQRRRPP,amp_all_clean.csv,1
RGGRLSYSRRRFSTSTGR,amp_all_clean.csv,1
RHIKIWFQNRRMKWKK,amp_all_clean.csv,1
GLFDIVKKVVGTIAGL,amp_all_clean.csv,1
RKKRRRESRKKRRRES,amp_all_clean.csv,1
VNADIKATTVFGGKYVSLTTP,amp_all_clean.csv,1
MLLLTRRRST,amp_all_clean.csv,1
LIRLWSHLIHIWFQNRRLKWKKK,amp_all_clean.csv,1
MVTVLFRRLRIRRACGPPRVRV,amp_all_clean.csv,1
VRLPPPVRLPPPVRLPPP,amp_all_clean.csv,1
MVRRFLVTLRIRRACGPPRVRV,amp_all_clean.csv,1
LLPFPYPTPF,amp_all_clean.csv,1
GSGKKGGKKHCQKY,amp_all_clean.csv,1
CRKKRRQRRR,amp_all_clean.csv,1
RQIKIWFQNRRMKW,amp_all_clean.csv,1
RQIKIWFQNRRMK,amp_all_clean.csv,1
RQIKIWFQNRRM,amp_all_clean.csv,1
RQIKIWFQNRR,amp_all_clean.csv,1
RQIKIWFQNR,amp_all_clean.csv,1
RQIKIWFQN,amp_all_clean.csv,1
RQIKIWFQ,amp_all_clean.csv,1
QIKIWFQNRRMKWKK,amp_all_clean.csv,1
IKIWFQNRRMKWKK,amp_all_clean.csv,1
IWFQNRRMKWKK,amp_all_clean.csv,1
WFQNRRMKWKK,amp_all_clean.csv,1
QNRRMKWKK,amp_all_clean.csv,1
NRRMKWKK,amp_all_clean.csv,1
AQIKIWFQNRRMKWKK,amp_all_clean.csv,1
RAIKIWFQNRRMKWKK,amp_all_clean.csv,1
RQAKIWFQNRRMKWKK,amp_all_clean.csv,1
RQIAIWFQNRRMKWKK,amp_all_clean.csv,1
RQIKAWFQNRRMKWKK,amp_all_clean.csv,1
RQIKIAFQNRRMKWKK,amp_all_clean.csv,1
RQIKIWAQNRRMKWKK,amp_all_clean.csv,1
RQIKIWFANRRMKWKK,amp_all_clean.csv,1
RQIKIWFQARRMKWKK,amp_all_clean.csv,1
RQIKIWFQNARMKWKK,amp_all_clean.csv,1
RQIKIWFQNRAMKWKK,amp_all_clean.csv,1
RQIKIWFQNRRAKWKK,amp_all_clean.csv,1
RQIKIWFQNRRMAWKK,amp_all_clean.csv,1
RQIKIWFQNRRMKAKK,amp_all_clean.csv,1
RQIKIWFQNRRMKWAK,amp_all_clean.csv,1
RQIKIWFQNRRMKWKA,amp_all_clean.csv,1
CRQIKIWFPNRRMKWKKC,amp_all_clean.csv,1
PSSSSSSRIGDP,amp_all_clean.csv,1
KKRRQRRR,amp_all_clean.csv,1
RKKRRQRRR,amp_all_clean.csv,1
RRRQRRKKR,amp_all_clean.csv,1
AKKRRQRRR,amp_all_clean.csv,1
RAKRRQRRR,amp_all_clean.csv,1
RKARRQRRR,amp_all_clean.csv,1
RKKARQRRR,amp_all_clean.csv,1
RKKRAQRRR,amp_all_clean.csv,1
RKKRRARRR,amp_all_clean.csv,1
RKKRRQARR,amp_all_clean.csv,1
RKKRRQRAR,amp_all_clean.csv,1
RKKRRQRRA,amp_all_clean.csv,1
PKKKRKVALWKTLLKKVLKA,amp_all_clean.csv,1
VKRKKKPALWKTLLKKVLKA,amp_all_clean.csv,1
RQARRNRRRALWKTLLKKVLKA,amp_all_clean.csv,1
RQARRNRRRC,amp_all_clean.csv,1
GRKKRRQRRRPPQC,amp_all_clean.csv,1
SKKKKTKV,amp_all_clean.csv,1
GKKKKRKREKL,amp_all_clean.csv,1
ERKKRRRE,amp_all_clean.csv,1
RRLSYSRRRF,amp_all_clean.csv,1
RGGRLAYLRRRWAVLGR,amp_all_clean.csv,1
VRLPPPVRLPPP,amp_all_clean.csv,1
VHLPPPVHLPPP,amp_all_clean.csv,1
VHLPPPVHLPPPVHLPPP,amp_all_clean.csv,1
VKLPPPVKLPPP,amp_all_clean.csv,1
VKLPPPVKLPPPVKLPPP,amp_all_clean.csv,1
GRPRESGKKRKRKRLKP,amp_all_clean.csv,1
GKRKKKGKLGKKRPRSR,amp_all_clean.csv,1
RKKRRRESRRARRSPRHL,amp_all_clean.csv,1
SRRARRSPRESGKKRKRKR,amp_all_clean.csv,1
VKRGLKLRHVRPRVTRMDV,amp_all_clean.csv,1
SRRARRSPRHLGSG,amp_all_clean.csv,1
LRRERQSRLRRERQSR,amp_all_clean.csv,1
GAYDLRRRERQSRLRRRERQSR,amp_all_clean.csv,1
GRKKRRQRRRPPQTYADFIASGRTGRRNAI,amp_all_clean.csv,1
RRRRRRRRRRRTYADFIASGRTGRRNAI,amp_all_clean.csv,1
GKYVSLTTPKNPTKRRITPKDV,amp_all_clean.csv,1
TKRRITPKDVIDVRSVTTEINT,amp_all_clean.csv,1
RSVTTEINTLFQTLTSIAEKVDP,amp_all_clean.csv,1
AEKVDPVKLNLTLSAAAEALTGLGDK,amp_all_clean.csv,1
GDVYADAAPDLFDFLDSSVTTARTINA,amp_all_clean.csv,1
ADVFDRGGPYLQRGVADLVPTATLLDTYSP,amp_all_clean.csv,1
LDTYSPELFCTIRNFYDADRPDRGAAA,amp_all_clean.csv,1
TKRRITPDDVIDVRSVTTEINT,amp_all_clean.csv,1
TKRRITPKKVIDVRSVTTEINT,amp_all_clean.csv,1
TKRRITPKDVIDVRSVTTKINT,amp_all_clean.csv,1
TKRRITPKDVIDV,amp_all_clean.csv,1
TKRRITPKDVIDVESVTTEINT,amp_all_clean.csv,1
TARRITPKDVIDVRSVTTEINT,amp_all_clean.csv,1
TKAARITPKDVIDVRSVTTEINT,amp_all_clean.csv,1
HHHHHHTKRRITPKDVIDVRSVTTEINT,amp_all_clean.csv,1
FVTRGCPRRLVARLIRVMVPRR,amp_all_clean.csv,1
VRRFLVTLRIRRA,amp_all_clean.csv,1
RVRILARFLRTRV,amp_all_clean.csv,1
RVRVFVVHIPRLT,amp_all_clean.csv,1
VIRVHFRLPVRTV,amp_all_clean.csv,1
GSGKKGGKKICQKY,amp_all_clean.csv,1
TRQARRNRRRRWRERQRGC,amp_all_clean.csv,1
RRRRNRTRRNRRRVRGC,amp_all_clean.csv,1
KMTRAQRRAAARRNRWTARGC,amp_all_clean.csv,1
TRRQRTRRARRNRGC,amp_all_clean.csv,1
RIKAERKRMRNRIAASKSRKRKLERIARGC,amp_all_clean.csv,1
KRRIRRERNKMAAAKSRNRRRELTDTGC,amp_all_clean.csv,1
KCFQWQRNMRKVRGPPVSC,amp_all_clean.csv,1
KCFQWQRNMRKVRGPPVSSIKR,amp_all_clean.csv,1
KCFQWQRNMRKVR,amp_all_clean.csv,1
QWQRNMRKVRGPPVSCIKR,amp_all_clean.csv,1
QWQRNMRKVR,amp_all_clean.csv,1
KCFMWQEMLNKAGVPKLRCARK,amp_all_clean.csv,1
KWFETWFTEWPKKRK,amp_all_clean.csv,1
GLWWRLWWRLRSWFRLWFRA,amp_all_clean.csv,1
TPATPTVAQFVIQGSTICLVC,amp_all_clean.csv,1
VELPPPVELPPPVELPPP,amp_all_clean.csv,1
MIIYRDLISH,amp_all_clean.csv,1
MIIYRDLIS,amp_all_clean.csv,1
MIIYRDLI,amp_all_clean.csv,1
IIYRDLISH,amp_all_clean.csv,1
IYRDLISH,amp_all_clean.csv,1
AIIYRDLIS,amp_all_clean.csv,1
MAIYRDLIS,amp_all_clean.csv,1
MIAYRDLIS,amp_all_clean.csv,1
MIIARDLIS,amp_all_clean.csv,1
MIIYADLIS,amp_all_clean.csv,1
MIIYRALIS,amp_all_clean.csv,1
MIIYRDAIS,amp_all_clean.csv,1
MIIYRDLAS,amp_all_clean.csv,1
MIIYRDLIA,amp_all_clean.csv,1
MIIYRDLISKK,amp_all_clean.csv,1
MIIYRDKKSH,amp_all_clean.csv,1
MIIFRDLISH,amp_all_clean.csv,1
MIISRDLISH,amp_all_clean.csv,1
QIISRDLISH,amp_all_clean.csv,1
CIISRDLISH,amp_all_clean.csv,1
MIIYRALISHKK,amp_all_clean.csv,1
MIIYRIAASHKK,amp_all_clean.csv,1
MIIRRDLISE,amp_all_clean.csv,1
MIIYRAEISH,amp_all_clean.csv,1
MIIYARRAEE,amp_all_clean.csv,1
MIIFRIAASHKK,amp_all_clean.csv,1
MIIFRALISHKK,amp_all_clean.csv,1
MIIFRAAASHKK,amp_all_clean.csv,1
FIIFRIAASHKK,amp_all_clean.csv,1
LIIFRIAASHKK,amp_all_clean.csv,1
WIIFRIAASHKK,amp_all_clean.csv,1
WIIFRAAASHKK,amp_all_clean.csv,1
WIIFRALISHKK,amp_all_clean.csv,1
MIIFRIAAYHKK,amp_all_clean.csv,1
WIIFRIAAYHKK,amp_all_clean.csv,1
MIIFRIAATHKK,amp_all_clean.csv,1
WIIFRIAATHKK,amp_all_clean.csv,1
MIIFKIAASHKK,amp_all_clean.csv,1
WIIFKIAASHKK,amp_all_clean.csv,1
MIIFAIAASHKK,amp_all_clean.csv,1
LIIFRILISHKK,amp_all_clean.csv,1
MIIFRILISHKK,amp_all_clean.csv,1
LIIFRILISHRR,amp_all_clean.csv,1
LIIFRILISHHH,amp_all_clean.csv,1
LIIFRILISHK,amp_all_clean.csv,1
LIIFRILISHR,amp_all_clean.csv,1
LIIFRILISH,amp_all_clean.csv,1
LIIFAIAASHKK,amp_all_clean.csv,1
LIIFAILISHKK,amp_all_clean.csv,1
KCFQWQRNMRKVRGPPVSCIKR,amp_all_clean.csv,1
GLPVCGETCVGGTCNTPGCKCSWPVCTRN,amp_all_clean.csv,1
GLPVCGETCVGGTCNTPGCTCSWPKCTRN,amp_all_clean.csv,1
WKLFDDGV,amp_all_clean.csv,1
GCGGGYGRKKRRQRRR,amp_all_clean.csv,1
CGGGYGRKKRRQRRR,amp_all_clean.csv,1
YGRKKRPQRRR,amp_all_clean.csv,1
CALNNYGRKKRRQRRR,amp_all_clean.csv,1
RKKRRQRRRGC,amp_all_clean.csv,1
LLIILRRRIRKQAHAHSKNHQQQNPHQPPM,amp_all_clean.csv,1
CGETCVGGTCNTPGCTCSWPVCTRNGLPV,amp_all_clean.csv,1
NYRWRCKNQN,amp_all_clean.csv,1
NYQRRCKNQN,amp_all_clean.csv,1
NYQWRCKNQN,amp_all_clean.csv,1
NYRRRCKNQN,amp_all_clean.csv,1
YRWRCKNQN,amp_all_clean.csv,1
NYRWRCKNQ,amp_all_clean.csv,1
YRWRCKNQ,amp_all_clean.csv,1
NYRWRCKN,amp_all_clean.csv,1
RWRCKNQN,amp_all_clean.csv,1
GRKKRRQRRRP,amp_all_clean.csv,1
KLAKLAKKLAKLAKGRKKRRQRRRP,amp_all_clean.csv,1
KLAKLAKKLAKLAKNYRWRCKNQN,amp_all_clean.csv,1
AYLLGKINLKALAALAKKIL,amp_all_clean.csv,1
TPWWRLWTKWHHKRRDLPRKPEGC,amp_all_clean.csv,1
LSTAADMQGVVTDGMASGLDKDYLKPDD,amp_all_clean.csv,1
RKKRRQRRRGGG,amp_all_clean.csv,1
RKKRRQRRRGGGKLLKLLLKLLLKLLK,amp_all_clean.csv,1
KCFQAQRNMRKVRGPPVSCIKR,amp_all_clean.csv,1
KCFQWARNMRKVRGPPVSCIKR,amp_all_clean.csv,1
KCFQWQRNARKVRGPPVSCIKR,amp_all_clean.csv,1
KCFQWQRNMRKVRGAPVSCIKR,amp_all_clean.csv,1
KCFQWQRNMRKRRGPPVSCIKR,amp_all_clean.csv,1
KCFQWQANMRKVRGPPVSCIKR,amp_all_clean.csv,1
KCFQWQRNMRKVAGPPVSCIKR,amp_all_clean.csv,1
KCFQWQANMRKRRGPPVSCIKR,amp_all_clean.csv,1
KCFQWQRNMRKVAGRPVSCIKR,amp_all_clean.csv,1
KCFRWQRNRRKVRGRPVRCIKR,amp_all_clean.csv,1
KRFRWQRNMRKVRGRPVRSIKR,amp_all_clean.csv,1
RCFQWQRNMRRVRGPPVSCIRR,amp_all_clean.csv,1
KCFQWQKNMKKVKGPPVSCIKK,amp_all_clean.csv,1
CELAGIGILTVRKKRRQRRR,amp_all_clean.csv,1
RIMRILRILKLAR,amp_all_clean.csv,1
CGGKDCERRFSRSDQLKRHQRRHTGVKPFQ,amp_all_clean.csv,1
KDCERRFSRSDQLKRHQRRHTGVKPFQK,amp_all_clean.csv,1
AYGRKKRRQRRR,amp_all_clean.csv,1
CRQIKIWFQNRRMKWKK,amp_all_clean.csv,1
YGRKKRRQRRRGC,amp_all_clean.csv,1
CKYGRKKRRQRRR,amp_all_clean.csv,1
RRRQRRKKRGYCKCKYGRKKRRQRRR,amp_all_clean.csv,1
YGRKKRRQRRRPPQG,amp_all_clean.csv,1
VSRRRRRRGGRRRR,amp_all_clean.csv,1
FSGSGSGSGRQIKIWFQNRRMKWKKGC,amp_all_clean.csv,1
GSGSGSGSGRQIKIWFQNRRMKWKKGC,amp_all_clean.csv,1
VTPHHVLVDEYTGEWVDSQFK,amp_all_clean.csv,1
MAARLCCQLDPARDVLCLRP,amp_all_clean.csv,1
MAARLCCQLDPARDV,amp_all_clean.csv,1
MAARLCCQ,amp_all_clean.csv,1
KKKKKKNKKLQQRGD,amp_all_clean.csv,1
RGDGPRRRPRKRRGR,amp_all_clean.csv,1
RRRQKRIVVRRRLIR,amp_all_clean.csv,1
RRVWRRYRRQRWCRR,amp_all_clean.csv,1
RRARRPRRLRPAPGR,amp_all_clean.csv,1
LLRARWRRRRSRRFR,amp_all_clean.csv,1
RGPRRQPRRHRRPRR,amp_all_clean.csv,1
RRWRRWNRFNRRRCR,amp_all_clean.csv,1
RKKRRQRRRRKKRRQRRR,amp_all_clean.csv,1
CAYGRKKRRQRRR,amp_all_clean.csv,1
PLWPVIPI,amp_all_clean.csv,1
YKQCHKKGGKKGSG,amp_all_clean.csv,1
YKQSHKKGGKKGSG,amp_all_clean.csv,1
YRQSHRRGGRRGSG,amp_all_clean.csv,1
WKQSHKKGGKKGSG,amp_all_clean.csv,1
GSTLLSLL,amp_all_clean.csv,1
FLSLIPHIVSGVAALANHL,amp_all_clean.csv,1
FLSLIPKIAGGIAALVKNL,amp_all_clean.csv,1
GSRGWGFEPGVRCLIWCD,amp_all_clean.csv,1
GGGGRGYEYNKQCLIFC,amp_all_clean.csv,1
ALWKDLLKNVGIAAGKAALNKVTDMVNQ,amp_all_clean.csv,1
LKTKALNKLKQKLQAVGNLIGSVIKG,amp_all_clean.csv,1
GMFTNMLKGIGKLAGKAALGAVKTLA,amp_all_clean.csv,1
GAGIVVASIDTGVRVSHE,amp_all_clean.csv,1
LGISYGRKKRRQRRRPPQ,amp_all_clean.csv,1
FITKALGISYGRKKRRQRRRPPQ,amp_all_clean.csv,1
FITKALGISYGRKKRR,amp_all_clean.csv,1
GNHDCCMGQLPKCMLGPGQGAATCQGK,amp_all_clean.csv,1
GFVPFTIP,amp_all_clean.csv,1
LVPWPFPT,amp_all_clean.csv,1
LVFPIFPP,amp_all_clean.csv,1
CGESCVFIPCISSVIGCSCSSKVCYRNGIP,amp_all_clean.csv,1
CGESCVFIPCLTSAIDCSCKSKVCYRNGIP,amp_all_clean.csv,1
CGETCVGGTCNTPGCACSWPVCTRNGLPV,amp_all_clean.csv,1
CGETCVGGTCNTPGCGCSWPVCTRNGLPV,amp_all_clean.csv,1
TCTLGTCYTAGCSCSWPVCTRNGVPICGE,amp_all_clean.csv,1
GRKKRRQRRPPQC,amp_all_clean.csv,1
GRKKRRQRPPQC,amp_all_clean.csv,1
GRKKRRQPPQC,amp_all_clean.csv,1
GRKKRRQRARPPQC,amp_all_clean.csv,1
GRKKRRQARAPPQC,amp_all_clean.csv,1
CGAYDLRRRERQSRLRRRERQSR,amp_all_clean.csv,1
RKKRRRESRKKRRRESC,amp_all_clean.csv,1
CVKRGLKLRHVRPRVTRDV,amp_all_clean.csv,1
MQDAITAV,amp_all_clean.csv,1
TCRSSGRYCRSPYDRRRRYCRRITDACV,amp_all_clean.csv,1
FFGLIPGLVGSLISAFK,amp_all_clean.csv,1
LQHTTGALGHLI,amp_all_clean.csv,1
KKFKETADKLIESAKQQLESLAKEMK,amp_all_clean.csv,1
FKCRRWQWRMKKLGAVRRAF,amp_all_clean.csv,1
GLTRLRRILFRLLLWRTK,amp_all_clean.csv,1
CRSWCKRPGHPEKNAFYCC,amp_all_clean.csv,1
FLPFFAACAITKKC,amp_all_clean.csv,1
LFGKLIKKFGRKAISYAVKKARGKH,amp_all_clean.csv,1
SGFIPLKPTVK,amp_all_clean.csv,1
AFALIAGALYRIFHRR,amp_all_clean.csv,1
GLESINFQ,amp_all_clean.csv,1
PYIPQPRPPHPRL,amp_all_clean.csv,1
KTISFILK,amp_all_clean.csv,1
GGSGGGSSGGSIGGR,amp_all_clean.csv,1
GQKGDQGPPGPMGPPGPRGAPGERGRT,amp_all_clean.csv,1
GFDGLAGIPGPPGERGDPGSDGQPGPPGPS,amp_all_clean.csv,1
GPEGLRGNRGERGPRGFRG,amp_all_clean.csv,1
LELPCPREGQVGPRGPRGFPGPPGRAGD,amp_all_clean.csv,1
LRSNSRAFLKKVYFLRGFQKY,amp_all_clean.csv,1
REIIPRLAVDTGLGLGRRGQKGDQGP,amp_all_clean.csv,1
SPELPQPPSSDLLGCLRA,amp_all_clean.csv,1
TRRAALFGFPGLKGRAGVMGFPGPKG,amp_all_clean.csv,1
REIGRAMRFISRNVFKRTLPGAHTRK,amp_all_clean.csv,1
AAGDAGKPGERG,amp_all_clean.csv,1
AAGPPGATGFPG,amp_all_clean.csv,1
AAGPPGATGFPGAAGR,amp_all_clean.csv,1
AGPPGADGQAGAK,amp_all_clean.csv,1
ASGPAGPRGPA,amp_all_clean.csv,1
ASGPAGPRGPAGPA,amp_all_clean.csv,1
ATGPAGARGSPGSPGND,amp_all_clean.csv,1
DGAKGDSGPAGPK,amp_all_clean.csv,1
DGAKGDSGPAGPKGEPGSSGE,amp_all_clean.csv,1
FSGLDGAKGDSGPAGPK,amp_all_clean.csv,1
FSGLPGPTGEPGKQGPGGPSGE,amp_all_clean.csv,1
GAAGDAGKPGE,amp_all_clean.csv,1
GAAGDAGKPGERG,amp_all_clean.csv,1
GERGFPGERGGPG,amp_all_clean.csv,1
GFPGERGGPGA,amp_all_clean.csv,1
GGDGAPGKDGIRG,amp_all_clean.csv,1
GGDGAPGKDGIRGM,amp_all_clean.csv,1
GGPGAKGEVGPAGGRGSDGPQGARG,amp_all_clean.csv,1
GGPGATGPAGAR,amp_all_clean.csv,1
GKNGDRGESGPAGPA,amp_all_clean.csv,1
GKNGDRGESGPAGPAGPA,amp_all_clean.csv,1
GKNGDRGESGPAGPAGPAGPA,amp_all_clean.csv,1
GKNGDRGESGPAGPAGPAGPAGA,amp_all_clean.csv,1
GKNGDRGESGPAGPAGPAGPAGAR,amp_all_clean.csv,1
GKNGDRGESGPAGPAGPAGPAGARG,amp_all_clean.csv,1
GPAGPAGARG,amp_all_clean.csv,1
GPAGPRGPA,amp_all_clean.csv,1
GPAGPRGPAGPA,amp_all_clean.csv,1
GPSGPQGAR,amp_all_clean.csv,1
GSRGSPGERGESGPPGPAG,amp_all_clean.csv,1
IGPAGPPGTPGPPGPPGPPGGGFD,amp_all_clean.csv,1
IVGLPGQRGERG,amp_all_clean.csv,1
LDGAKGDSGPAGPK,amp_all_clean.csv,1
LSGAPGEAGREG,amp_all_clean.csv,1
LTGSPGSPGPDGKTGPAGPAGQ,amp_all_clean.csv,1
NGDRGESGPAGPAGPAGPAGAR,amp_all_clean.csv,1
RGDKGEAGEAGERG,amp_all_clean.csv,1
RGESGPAGAPGAPGAPGA,amp_all_clean.csv,1
RGESGPPGPAGF,amp_all_clean.csv,1
RGPPGPMGPPG,amp_all_clean.csv,1
RGPPGPMGPPGL,amp_all_clean.csv,1
SAGAQGARGDKGEAGE,amp_all_clean.csv,1
SAGAQGARGDKGEAGEAGER,amp_all_clean.csv,1
SGAPGEAGREG,amp_all_clean.csv,1
SGAPGEAGREGAAG,amp_all_clean.csv,1
VAGAPGALG,amp_all_clean.csv,1
VGATGPKGSRG,amp_all_clean.csv,1
AGPAGPAGAR,amp_all_clean.csv,1
AGPPGADGQAGA,amp_all_clean.csv,1
AGPPGADGQAGAKGEPGDS,amp_all_clean.csv,1
AGRPGEPGPAGPPGPTGE,amp_all_clean.csv,1
AKGEPGDSGAKGDAG,amp_all_clean.csv,1
AKGETGPAGAPG,amp_all_clean.csv,1
APDPFRHY,amp_all_clean.csv,1
APGEAGREGAAG,amp_all_clean.csv,1
APGEKGESGPAGPGGPTG,amp_all_clean.csv,1
APGEKGESGPAGPGGPTGS,amp_all_clean.csv,1
APGFPGGPGA,amp_all_clean.csv,1
ARGSPGSPGNDGAKGETGPAG,amp_all_clean.csv,1
ASGPAGPRGPAGPAGSSGKD,amp_all_clean.csv,1
ASGPAGPRGPAGPAGSSGKDGVSG,amp_all_clean.csv,1
EKGESGPAGPGGPT,amp_all_clean.csv,1
GAAGDAGKPGERGVA,amp_all_clean.csv,1
GAAGPKGGPGE,amp_all_clean.csv,1
GADGQAGAKGEPG,amp_all_clean.csv,1
GAKGDAGSPGPAGPTG,amp_all_clean.csv,1
GARGDKGEAGEAGE,amp_all_clean.csv,1
GDRGESGPAG,amp_all_clean.csv,1
GEPGDSGAKGDAGSPGPAGPTG,amp_all_clean.csv,1
GEPGPGGVQ,amp_all_clean.csv,1
GEVGPAGGRGSDGPQGA,amp_all_clean.csv,1
GFPGADGAAGPKG,amp_all_clean.csv,1
GFPGPKGAAGDAGKP,amp_all_clean.csv,1
GGDGAPGKDGIR,amp_all_clean.csv,1
GGPGATGPAGA,amp_all_clean.csv,1
GHRGFTGL,amp_all_clean.csv,1
GIAGQRGIVG,amp_all_clean.csv,1
GPAGPAGPAG,amp_all_clean.csv,1
GPAGPAGSSGK,amp_all_clean.csv,1
GPAGPRGPAGPAG,amp_all_clean.csv,1
GPMGPRGPPGPA,amp_all_clean.csv,1
GPMGPRGPPGPAG,amp_all_clean.csv,1
GPRGPPGPAG,amp_all_clean.csv,1
GSAGAQGARGDKGEAGE,amp_all_clean.csv,1
GSPGERGESGPPGPAG,amp_all_clean.csv,1
GSPGSPGNDGAKGETGPAG,amp_all_clean.csv,1
KGDAGSPGPAGPTG,amp_all_clean.csv,1
KNGDRGESGPAGPAGPAGPA,amp_all_clean.csv,1
KNGDRGESGPAGPAGPAGPAG,amp_all_clean.csv,1
KNGDRGESGPAGPAGPAGPAGA,amp_all_clean.csv,1
KNGDRGESGPAGPAGPAGPAGAR,amp_all_clean.csv,1
LPGPTGEPGKQGPGGPSGE,amp_all_clean.csv,1
MSAPGPMGPMGPRGPPGPAG,amp_all_clean.csv,1
MSAPGPMGPMGPRGPPGPAGSN,amp_all_clean.csv,1
NGDRGESGPAGPAGPAGPAGA,amp_all_clean.csv,1
PAGPAGQDGRAGPPGPSGARG,amp_all_clean.csv,1
PGPTGEPGKQGPGGPSGE,amp_all_clean.csv,1
RGDKGEAGEAGE,amp_all_clean.csv,1
RGEGGPAGAPGF,amp_all_clean.csv,1
RGESGPAGPAGPAGPAGA,amp_all_clean.csv,1
RGSAGAQGARGDKGEAGE,amp_all_clean.csv,1
RGSAGAQGARGDKGEAGEA,amp_all_clean.csv,1
RGSPGSPGNDGAKGETGPAG,amp_all_clean.csv,1
SGAPGEAGREGAAGN,amp_all_clean.csv,1
SGAPGEAGREGAAGNEGAPGRD,amp_all_clean.csv,1
SGPAGPRGPAGPA,amp_all_clean.csv,1
SGPPGPAG,amp_all_clean.csv,1
SRGERGFPGERGGPGATGPAG,amp_all_clean.csv,1
VKGGDGAPGKDGIRG,amp_all_clean.csv,1
VKGGDGAPGKDGIRGM,amp_all_clean.csv,1
GVRPDGFAHIRDFVSRIVRRLNIGPSKV,amp_all_clean.csv,1
FYLKTYRSQAPVLDAIRRLRLRGGS,amp_all_clean.csv,1
FFLKDFSTKRQIIDAINKVVYKGGR,amp_all_clean.csv,1
VTTEIRFADSKPKSVLLDKIKNLQVALTSK,amp_all_clean.csv,1
GPLGAAGP,amp_all_clean.csv,1
MTGTQGEAGR,amp_all_clean.csv,1
VTTEIRFADSKRKSVLLDKIKNLQVALTSK,amp_all_clean.csv,1
KPEILNLVKRMKIKTGKALN,amp_all_clean.csv,1
GFAHIRDFVSRIVRRLNIGP,amp_all_clean.csv,1
QAPVLDAIRRLRLRGGSPLN,amp_all_clean.csv,1
KGFESKVDAILNRISQMHRV,amp_all_clean.csv,1
RKVAVFFSNTPTRASPQLRE,amp_all_clean.csv,1
VAAKPVATKMAVRPPVAVKP,amp_all_clean.csv,1
AAKPVATKPEVPRPQAAKPA,amp_all_clean.csv,1
TTKPVTTTKPVTTTTKPVTT,amp_all_clean.csv,1
YDRLIKESRRQKTRVFAVVI,amp_all_clean.csv,1
EQNFHKARRFVEQVARRLTL,amp_all_clean.csv,1
VVHAINAIVRSPRGGARRHA,amp_all_clean.csv,1
LRLKPYGALVDKVKSFTKRF,amp_all_clean.csv,1
FTKRFIDNLRDRYYRCDRNL,amp_all_clean.csv,1
RDALKSSVDAVKYFGKGTYT,amp_all_clean.csv,1
TKRFAKRLAERFLTAGRTDP,amp_all_clean.csv,1
LELHVRRELHRLRRDVSHLQLTRRQQRR,amp_all_clean.csv,1
TRRRVRRTSRLVAKRALLLCILLYCT,amp_all_clean.csv,1
LRSPGISRFRRKIAKRSIKTL,amp_all_clean.csv,1
SPEYPEHMRWKRSLSRKAKRKP,amp_all_clean.csv,1
GFDILLGLDVNKKVKKRIQLSPKKIKGYEV,amp_all_clean.csv,1
