sequence,source_file,source_class,label,record_id,source_header,original_length,window_start,windowed
DNSCTPKPSCFF,AMPlify_non_AMP_train_imbalanced.fa,real_non_amp_amplify,0,trNEGATIVE02539,trNEGATIVE02539,12,0,False
MFLGPGGAGGQAFDQAR,AMPlify_non_AMP_train_imbalanced.fa,real_non_amp_amplify,0,trNEGATIVE02032,trNEGATIVE02032,17,0,False
AKKRAGNGCFGLKLDRIGSMSGLGC,AMPlify_non_AMP_test_imbalanced.fa,real_non_amp_amplify,0,teNEGATIVE00161,teNEGATIVE00161,25,0,False
FLSALLGMLKNL,AMPlify_non_AMP_train_imbalanced.fa,real_non_amp_amplify,0,trNEGATIVE00025,trNEGATIVE00025,12,0,False
TDPDADKGEFLAEGGGVR,AMPlify_non_AMP_train_imbalanced.fa,real_non_amp_amplify,0,trNEGATIVE01534,trNEGATIVE01534,18,0,False
QGGAPWNPIPP,AMPlify_non_AMP_train_imbalanced.fa,real_non_amp_amplify,0,trNEGATIVE01769,trNEGATIVE01769,11,0,False
LRDYANRVINGGPVEAAGPPA,AMPlify_non_AMP_train_imbalanced.fa,real_non_amp_amplify,0,trNEGATIVE00248,trNEGATIVE00248,21,0,False
RMAGRNRTEFYKLLSRHELDANDFKE,AMPlify_non_AMP_train_imbalanced.fa,real_non_amp_amplify,0,trNEGATIVE00212,trNEGATIVE00212,26,0,False
DTEGRMKKEHYH,AMPlify_non_AMP_test_imbalanced.fa,real_non_amp_amplify_window,0,teNEGATIVE13378,teNEGATIVE13378,199,54,True
MGDCGCSGASSCNCGSGCSCSNCGSK,AMPlify_non_AMP_train_imbalanced.fa,real_non_amp_amplify,0,trNEGATIVE02424,trNEGATIVE02424,26,0,False
NPVVRITNGAIRGQN,AMPlify_non_AMP_train_imbalanced.fa,real_non_amp_amplify,0,trNEGATIVE00752,trNEGATIVE00752,15,0,False
GDRNFLRF,AMPlify_non_AMP_train_imbalanced.fa,real_non_amp_amplify,0,trNEGATIVE38847,trNEGATIVE38847,8,0,False
QSSFHSWG,AMPlify_non_AMP_train_imbalanced.fa,real_non_amp_amplify,0,trNEGATIVE87307,trNEGATIVE87307,8,0,False
MTRCISKKMLLEVDALSLIYSPHLYMS,AMPlify_non_AMP_train_imbalanced.fa,real_non_amp_amplify,0,trNEGATIVE00365,trNEGATIVE00365,27,0,False
SETGNTVTVKGFSPLR,AMPlify_non_AMP_train_imbalanced.fa,real_non_amp_amplify,0,trNEGATIVE02429,trNEGATIVE02429,16,0,False
NLIQFANMIGCANHGSR,AMPlify_non_AMP_train_imbalanced.fa,real_non_amp_amplify,0,trNEGATIVE02008,trNEGATIVE02008,17,0,False
AGEGLSSPFWSLAAPQRF,AMPlify_non_AMP_train_imbalanced.fa,real_non_amp_amplify,0,trNEGATIVE01754,trNEGATIVE01754,18,0,False
EELRPEVLPDVSE,AMPlify_non_AMP_train_imbalanced.fa,real_non_amp_amplify,0,trNEGATIVE01449,trNEGATIVE01449,13,0,False
EDSLSDWERVYLPIDPGVVL,AMPlify_non_AMP_train_imbalanced.fa,real_non_amp_amplify,0,trNEGATIVE02959,trNEGATIVE02959,20,0,False
DVSLPAEGFR,AMPlify_non_AMP_test_imbalanced.fa,real_non_amp_amplify,0,teNEGATIVE13734,teNEGATIVE13734,10,0,False
LAAGKVEDSD,AMPlify_non_AMP_train_imbalanced.fa,real_non_amp_amplify,0,trNEGATIVE99043,trNEGATIVE99043,10,0,False
AYTVTLYLQG,AMPlify_non_AMP_test_imbalanced.fa,real_non_amp_amplify,0,teNEGATIVE06545,teNEGATIVE06545,10,0,False
NYTIGNDNVLTEPLSEIKTAGLMYKMGVQ,AMPlify_non_AMP_train_imbalanced.fa,real_non_amp_amplify,0,trNEGATIVE02197,trNEGATIVE02197,29,0,False
RCCGYKMCHPC,AMPlify_non_AMP_train_imbalanced.fa,real_non_amp_amplify,0,trNEGATIVE00474,trNEGATIVE00474,11,0,False
MKLAILGAGCYRTDAASGI,AMPlify_non_AMP_test_imbalanced.fa,real_non_amp_amplify,0,teNEGATIVE00640,teNEGATIVE00640,19,0,False
SSEAAPEEKVAILGA,AMPlify_non_AMP_train_imbalanced.fa,real_non_amp_amplify,0,trNEGATIVE02599,trNEGATIVE02599,15,0,False
TYKKPPFNGSIF,AMPlify_non_AMP_train_imbalanced.fa,real_non_amp_amplify,0,trNEGATIVE01704,trNEGATIVE01704,12,0,False
GCCSDPRCRYRC,AMPlify_non_AMP_train_imbalanced.fa,real_non_amp_amplify,0,trNEGATIVE02565,trNEGATIVE02565,12,0,False
SDIGISEPNFLRF,AMPlify_non_AMP_train_imbalanced.fa,real_non_amp_amplify,0,trNEGATIVE02094,trNEGATIVE02094,13,0,False
RICLNQQSSEPQTTEICPDGEDTCY,AMPlify_non_AMP_test_imbalanced.fa,real_non_amp_amplify,0,teNEGATIVE00789,teNEGATIVE00789,25,0,False
SYFVAAAQLL,AMPlify_non_AMP_train_imbalanced.fa,real_non_amp_amplify_window,0,trNEGATIVE36956,trNEGATIVE36956,176,54,True
MINGWTGNILRINLTTGAIS,AMPlify_non_AMP_train_imbalanced.fa,real_non_amp_amplify,0,trNEGATIVE00716,trNEGATIVE00716,20,0,False
NLINFMEMIRYTIP,AMPlify_non_AMP_test_imbalanced.fa,real_non_amp_amplify,0,teNEGATIVE00686,teNEGATIVE00686,14,0,False
RDWRREQERRQERR,AMPlify_non_AMP_train_imbalanced.fa,real_non_amp_amplify,0,trNEGATIVE01454,trNEGATIVE01454,14,0,False
PDMYAFGL,AMPlify_non_AMP_train_imbalanced.fa,real_non_amp_amplify,0,trNEGATIVE39742,trNEGATIVE39742,8,0,False
VDTVVRKNVDSL,AMPlify_non_AMP_train_imbalanced.fa,real_non_amp_amplify,0,trNEGATIVE03104,trNEGATIVE03104,12,0,False
GTQTNAPWGLARLIS,AMPlify_non_AMP_train_imbalanced.fa,real_non_amp_amplify,0,trNEGATIVE02814,trNEGATIVE02814,15,0,False
DCPSDWSNHEGHCYRVFNEWMNWAD,AMPlify_non_AMP_train_imbalanced.fa,real_non_amp_amplify,0,trNEGATIVE00521,trNEGATIVE00521,25,0,False
FVPFFTQSDIQKMQEKERNKGQ,AMPlify_non_AMP_test_imbalanced.fa,real_non_amp_amplify,0,teNEGATIVE00411,teNEGATIVE00411,22,0,False
TPTHDFMRF,AMPlify_non_AMP_train_imbalanced.fa,real_non_amp_amplify,0,trNEGATIVE01109,trNEGATIVE01109,9,0,False
GKTKGVTSGLIAFPRL,AMPlify_non_AMP_train_imbalanced.fa,real_non_amp_amplify,0,trNEGATIVE01531,trNEGATIVE01531,16,0,False
TQSTGTSQTVEVGLWGGPDN,AMPlify_non_AMP_train_imbalanced.fa,real_non_amp_amplify,0,trNEGATIVE00033,trNEGATIVE00033,20,0,False
LSIEYVTFSELNRAH,AMPlify_non_AMP_train_imbalanced.fa,real_non_amp_amplify_window,0,trNEGATIVE59352,trNEGATIVE59352,108,54,True
CLITNCPRG,AMPlify_non_AMP_train_imbalanced.fa,real_non_amp_amplify,0,trNEGATIVE32860,trNEGATIVE32860,9,0,False
NPVDDHHDDHHDAPIVEHHD,AMPlify_non_AMP_train_imbalanced.fa,real_non_amp_amplify,0,trNEGATIVE00452,trNEGATIVE00452,20,0,False
SDPNFLRF,AMPlify_non_AMP_train_imbalanced.fa,real_non_amp_amplify,0,trNEGATIVE46795,trNEGATIVE46795,8,0,False
AGQDGFMRF,AMPlify_non_AMP_train_imbalanced.fa,real_non_amp_amplify,0,trNEGATIVE01083,trNEGATIVE01083,9,0,False
SPCTCSTCNCAGACNSCSCTSCSH,AMPlify_non_AMP_train_imbalanced.fa,real_non_amp_amplify,0,trNEGATIVE01391,trNEGATIVE01391,24,0,False
MNILHICVTSKWFNIDNKIVDHRP,AMPlify_non_AMP_train_imbalanced.fa,real_non_amp_amplify,0,trNEGATIVE01260,trNEGATIVE01260,24,0,False
HSDGTFTSELSRLRESARLQRLLQGLV,AMPlify_non_AMP_train_imbalanced.fa,real_non_amp_amplify,0,trNEGATIVE01193,trNEGATIVE01193,27,0,False
AGVDPAIPAYVKTNG,AMPlify_non_AMP_test_imbalanced.fa,real_non_amp_amplify,0,teNEGATIVE00526,teNEGATIVE00526,15,0,False
SPAPPACDPRLLNKLLRDDHVLHGRL,AMPlify_non_AMP_train_imbalanced.fa,real_non_amp_amplify,0,trNEGATIVE00631,trNEGATIVE00631,26,0,False
MPSQKSPTKRSPTKRSPQKGGKGAKR,AMPlify_non_AMP_train_imbalanced.fa,real_non_amp_amplify,0,trNEGATIVE01377,trNEGATIVE01377,26,0,False
GCIGRNESQKKDNVYKFKE,AMPlify_non_AMP_train_imbalanced.fa,real_non_amp_amplify,0,trNEGATIVE03306,trNEGATIVE03306,19,0,False
SEIPQPSLDFEQFSNMIQCTIPPGEECLAY,AMPlify_non_AMP_train_imbalanced.fa,real_non_amp_amplify,0,trNEGATIVE02771,trNEGATIVE02771,30,0,False
IDPVNVKKLQCDGDTYKCTADLDFGDGR,AMPlify_non_AMP_train_imbalanced.fa,real_non_amp_amplify,0,trNEGATIVE01885,trNEGATIVE01885,28,0,False
MVWLVWKRSTISRKNKKFFKTIFKKN,AMPlify_non_AMP_train_imbalanced.fa,real_non_amp_amplify,0,trNEGATIVE00921,trNEGATIVE00921,26,0,False
AHRFAAEDFGALDTA,AMPlify_non_AMP_train_imbalanced.fa,real_non_amp_amplify,0,trNEGATIVE00001,trNEGATIVE00001,15,0,False
ANQTYFNFQRFEETN,AMPlify_non_AMP_train_imbalanced.fa,real_non_amp_amplify,0,trNEGATIVE00301,trNEGATIVE00301,15,0,False
SLVQFEKMIKEVAGKNGVPWY,AMPlify_non_AMP_train_imbalanced.fa,real_non_amp_amplify,0,trNEGATIVE00026,trNEGATIVE00026,21,0,False
MEALMAASVAALTI,AMPlify_non_AMP_train_imbalanced.fa,real_non_amp_amplify_window,0,trNEGATIVE73033,trNEGATIVE73033,164,110,True
SPSQDFMRF,AMPlify_non_AMP_train_imbalanced.fa,real_non_amp_amplify,0,trNEGATIVE65485,trNEGATIVE65485,9,0,False
MIEIRFHGRGGQGAV,AMPlify_non_AMP_train_imbalanced.fa,real_non_amp_amplify,0,trNEGATIVE00540,trNEGATIVE00540,15,0,False
AESEAGDASPLVTEVLIGSPPGYVGYTEGG,AMPlify_non_AMP_test_imbalanced.fa,real_non_amp_amplify,0,teNEGATIVE00475,teNEGATIVE00475,30,0,False
CEHSHDGA,AMPlify_non_AMP_test_imbalanced.fa,real_non_amp_amplify,0,teNEGATIVE05849,teNEGATIVE05849,8,0,False
PVPDSSFLRDP,AMPlify_non_AMP_train_imbalanced.fa,real_non_amp_amplify,0,trNEGATIVE03073,trNEGATIVE03073,11,0,False
DSDSAHLIG,AMPlify_non_AMP_train_imbalanced.fa,real_non_amp_amplify,0,trNEGATIVE86191,trNEGATIVE86191,9,0,False
QKKDKKDKF,AMPlify_non_AMP_train_imbalanced.fa,real_non_amp_amplify,0,trNEGATIVE94191,trNEGATIVE94191,9,0,False
RRTVKSAPQ,AMPlify_non_AMP_train_imbalanced.fa,real_non_amp_amplify,0,trNEGATIVE44433,trNEGATIVE44433,9,0,False
VVNTPGHAVSYHVY,AMPlify_non_AMP_test_imbalanced.fa,real_non_amp_amplify,0,teNEGATIVE00093,teNEGATIVE00093,14,0,False
SDTVDIYDAGKILERVII,AMPlify_non_AMP_test_imbalanced.fa,real_non_amp_amplify,0,teNEGATIVE00330,teNEGATIVE00330,18,0,False
GDVQEGEFIAEGGGVR,AMPlify_non_AMP_train_imbalanced.fa,real_non_amp_amplify,0,trNEGATIVE00928,trNEGATIVE00928,16,0,False
MAKINELLRESTTTNSNSIGR,AMPlify_non_AMP_test_imbalanced.fa,real_non_amp_amplify,0,teNEGATIVE00607,teNEGATIVE00607,21,0,False
KKDLTEVTHKVYFDVEIDGKPAGRIVMGLF,AMPlify_non_AMP_train_imbalanced.fa,real_non_amp_amplify,0,trNEGATIVE01840,trNEGATIVE01840,30,0,False
MAAACRCLSLLLLSTCVALLL,AMPlify_non_AMP_train_imbalanced.fa,real_non_amp_amplify,0,trNEGATIVE01574,trNEGATIVE01574,21,0,False
GSNDFMRF,AMPlify_non_AMP_train_imbalanced.fa,real_non_amp_amplify,0,trNEGATIVE12994,trNEGATIVE12994,8,0,False
QVWYDREVTAFVEPG,AMPlify_non_AMP_train_imbalanced.fa,real_non_amp_amplify,0,trNEGATIVE02884,trNEGATIVE02884,15,0,False
AEYPNDVNLTVYWDP,AMPlify_non_AMP_train_imbalanced.fa,real_non_amp_amplify,0,trNEGATIVE01571,trNEGATIVE01571,15,0,False
KTNESFVILGGSM,AMPlify_non_AMP_train_imbalanced.fa,real_non_amp_amplify_window,0,trNEGATIVE21259,trNEGATIVE21259,172,97,True
YKSDSFYGLM,AMPlify_non_AMP_train_imbalanced.fa,real_non_amp_amplify,0,trNEGATIVE00597,trNEGATIVE00597,10,0,False
GYEEREVAETVRELDAA,AMPlify_non_AMP_train_imbalanced.fa,real_non_amp_amplify,0,trNEGATIVE00040,trNEGATIVE00040,17,0,False
AQLVYKHAISTIMPGQPI,AMPlify_non_AMP_train_imbalanced.fa,real_non_amp_amplify_window,0,trNEGATIVE29576,trNEGATIVE29576,79,52,True
EEEDKKEDVGTVVGI,AMPlify_non_AMP_train_imbalanced.fa,real_non_amp_amplify,0,trNEGATIVE01960,trNEGATIVE01960,15,0,False
NSVVLGKKQRFHSWG,AMPlify_non_AMP_test_imbalanced.fa,real_non_amp_amplify,0,teNEGATIVE00371,teNEGATIVE00371,15,0,False
GSSSGLISMPRV,AMPlify_non_AMP_train_imbalanced.fa,real_non_amp_amplify,0,trNEGATIVE01736,trNEGATIVE01736,12,0,False
IYQCMGCCFSRAYPTPARSKKTMLV,AMPlify_non_AMP_test_imbalanced.fa,real_non_amp_amplify_window,0,teNEGATIVE01300,teNEGATIVE01300,120,52,True
MDIVNIAWAALMVVSTSSLSPVAWGRSGL,AMPlify_non_AMP_train_imbalanced.fa,real_non_amp_amplify,0,trNEGATIVE02947,trNEGATIVE02947,29,0,False
CKGKGQSCSKLMYDCCTGSCSRRGKC,AMPlify_non_AMP_train_imbalanced.fa,real_non_amp_amplify,0,trNEGATIVE01242,trNEGATIVE01242,26,0,False
SIKEKICKIIEAKIGKKPPFCP,AMPlify_non_AMP_train_imbalanced.fa,real_non_amp_amplify,0,trNEGATIVE00916,trNEGATIVE00916,22,0,False
ARKFFVGRNWPEL,AMPlify_non_AMP_train_imbalanced.fa,real_non_amp_amplify,0,trNEGATIVE00771,trNEGATIVE00771,13,0,False
FIAGLNGLR,AMPlify_non_AMP_train_imbalanced.fa,real_non_amp_amplify,0,trNEGATIVE75253,trNEGATIVE75253,9,0,False
ADVDFTGIADSIIK,AMPlify_non_AMP_train_imbalanced.fa,real_non_amp_amplify,0,trNEGATIVE02360,trNEGATIVE02360,14,0,False
VNSTYIGYAPIDDPK,AMPlify_non_AMP_test_imbalanced.fa,real_non_amp_amplify,0,teNEGATIVE00045,teNEGATIVE00045,15,0,False
MDIISLGWVFLMVFFSFSLSLVVWARNGL,AMPlify_non_AMP_train_imbalanced.fa,real_non_amp_amplify,0,trNEGATIVE03327,trNEGATIVE03327,29,0,False
GCCSHPACNVNNPHICG,AMPlify_non_AMP_test_imbalanced.fa,real_non_amp_amplify,0,teNEGATIVE00192,teNEGATIVE00192,17,0,False
LFSLVLAG,AMPlify_non_AMP_train_imbalanced.fa,real_non_amp_amplify,0,trNEGATIVE82972,trNEGATIVE82972,8,0,False
VNQSETPVKHIGKVF,AMPlify_non_AMP_train_imbalanced.fa,real_non_amp_amplify,0,trNEGATIVE02653,trNEGATIVE02653,15,0,False
LPDSSFLRL,AMPlify_non_AMP_train_imbalanced.fa,real_non_amp_amplify,0,trNEGATIVE22812,trNEGATIVE22812,9,0,False
DWTYTTWLWWWWWWT,AMPlify_non_AMP_train_imbalanced.fa,real_non_amp_amplify,0,trNEGATIVE03026,trNEGATIVE03026,15,0,False
MVEYLVILSGMFGLALACFFGLRSIKLI,AMPlify_non_AMP_test_imbalanced.fa,real_non_amp_amplify,0,teNEGATIVE00188,teNEGATIVE00188,28,0,False
GTGCSSGCHRVGQQCRCG,AMPlify_non_AMP_train_imbalanced.fa,real_non_amp_amplify,0,trNEGATIVE03157,trNEGATIVE03157,18,0,False
DDIKLSQQYDVLDLFKYMHQ,AMPlify_non_AMP_train_imbalanced.fa,real_non_amp_amplify,0,trNEGATIVE00235,trNEGATIVE00235,20,0,False
NSDEQFDDYGYMRF,AMPlify_non_AMP_train_imbalanced.fa,real_non_amp_amplify,0,trNEGATIVE00469,trNEGATIVE00469,14,0,False
VLYSPDTKVPR,AMPlify_non_AMP_train_imbalanced.fa,real_non_amp_amplify,0,trNEGATIVE01850,trNEGATIVE01850,11,0,False
ARICPRILMKCKKDSDCLAECICQEHGFCG,AMPlify_non_AMP_train_imbalanced.fa,real_non_amp_amplify,0,trNEGATIVE01208,trNEGATIVE01208,30,0,False
MIEEKKELKKR,AMPlify_non_AMP_train_imbalanced.fa,real_non_amp_amplify_window,0,trNEGATIVE21975,trNEGATIVE21975,138,0,True
ADPPIHIASL,AMPlify_non_AMP_train_imbalanced.fa,real_non_amp_amplify,0,trNEGATIVE55708,trNEGATIVE55708,10,0,False
SGQSWRPQGRF,AMPlify_non_AMP_train_imbalanced.fa,real_non_amp_amplify,0,trNEGATIVE00713,trNEGATIVE00713,11,0,False
GRPPGFSPFRID,AMPlify_non_AMP_test_imbalanced.fa,real_non_amp_amplify,0,teNEGATIVE00146,teNEGATIVE00146,12,0,False
QKKDKKDK,AMPlify_non_AMP_train_imbalanced.fa,real_non_amp_amplify,0,trNEGATIVE96243,trNEGATIVE96243,8,0,False
PAASESGFRRDP,AMPlify_non_AMP_train_imbalanced.fa,real_non_amp_amplify,0,trNEGATIVE01497,trNEGATIVE01497,12,0,False
GRCCHPACGKNYSC,AMPlify_non_AMP_train_imbalanced.fa,real_non_amp_amplify,0,trNEGATIVE02299,trNEGATIVE02299,14,0,False
DDCGKLFSGCDTNADCCEGYVCRLWCKLDW,AMPlify_non_AMP_train_imbalanced.fa,real_non_amp_amplify,0,trNEGATIVE01512,trNEGATIVE01512,30,0,False
MTYQTAIDAVRELKA,AMPlify_non_AMP_train_imbalanced.fa,real_non_amp_amplify,0,trNEGATIVE03099,trNEGATIVE03099,15,0,False
MTKKAVVVLWGISQVEGVVNLLQE,AMPlify_non_AMP_train_imbalanced.fa,real_non_amp_amplify,0,trNEGATIVE02480,trNEGATIVE02480,24,0,False
RICPRILMECKADSDCLAQCICEESGFCG,AMPlify_non_AMP_train_imbalanced.fa,real_non_amp_amplify,0,trNEGATIVE02181,trNEGATIVE02181,29,0,False
AKPAKRVAVTGAAGQIAYSLL,AMPlify_non_AMP_train_imbalanced.fa,real_non_amp_amplify,0,trNEGATIVE03322,trNEGATIVE03322,21,0,False
AIGPVDEV,AMPlify_non_AMP_test_imbalanced.fa,real_non_amp_amplify,0,teNEGATIVE08277,teNEGATIVE08277,8,0,False
MDIVSLTWAALMVVFTFSLSLVVWGRSGL,AMPlify_non_AMP_test_imbalanced.fa,real_non_amp_amplify,0,teNEGATIVE00542,teNEGATIVE00542,29,0,False
ECCHPACGKHFSC,AMPlify_non_AMP_train_imbalanced.fa,real_non_amp_amplify,0,trNEGATIVE01705,trNEGATIVE01705,13,0,False
ENFKIKHTEPGLLSMANAGKN,AMPlify_non_AMP_test_imbalanced.fa,real_non_amp_amplify,0,teNEGATIVE00432,teNEGATIVE00432,21,0,False
DFFFDFDR,AMPlify_non_AMP_train_imbalanced.fa,real_non_amp_amplify,0,trNEGATIVE62933,trNEGATIVE62933,8,0,False
MKAIMLVNFCDERGSGR,AMPlify_non_AMP_train_imbalanced.fa,real_non_amp_amplify,0,trNEGATIVE02418,trNEGATIVE02418,17,0,False
VVYTDCTESGQNLCLCE,AMPlify_non_AMP_train_imbalanced.fa,real_non_amp_amplify,0,trNEGATIVE01436,trNEGATIVE01436,17,0,False
SGPGFMGVR,AMPlify_non_AMP_test_imbalanced.fa,real_non_amp_amplify,0,teNEGATIVE12507,teNEGATIVE12507,9,0,False
SHGKQETDEEFDARWVTYFNKSDI,AMPlify_non_AMP_train_imbalanced.fa,real_non_amp_amplify,0,trNEGATIVE02039,trNEGATIVE02039,24,0,False
MAPCSCKSCGTSCAGSCTSCSCGSCSH,AMPlify_non_AMP_train_imbalanced.fa,real_non_amp_amplify,0,trNEGATIVE03276,trNEGATIVE03276,27,0,False
TNVKESEFIAEGAAGR,AMPlify_non_AMP_train_imbalanced.fa,real_non_amp_amplify,0,trNEGATIVE01200,trNEGATIVE01200,16,0,False
MAQDIISTISDLVKWIIDTVNKFTKK,AMPlify_non_AMP_train_imbalanced.fa,real_non_amp_amplify,0,trNEGATIVE02394,trNEGATIVE02394,26,0,False
DVNGGGHTLPQPLYQTTVVL,AMPlify_non_AMP_test_imbalanced.fa,real_non_amp_amplify,0,teNEGATIVE00745,teNEGATIVE00745,20,0,False
TTGVGAIAAVVVVVAGLVTG,AMPlify_non_AMP_test_imbalanced.fa,real_non_amp_amplify_window,0,teNEGATIVE12856,teNEGATIVE12856,199,54,True
LTNKTARFLVNGTSIPEVDFDVGE,AMPlify_non_AMP_test_imbalanced.fa,real_non_amp_amplify,0,teNEGATIVE00176,teNEGATIVE00176,24,0,False
ITACLDPDGWKEPGPLPGISTK,AMPlify_non_AMP_train_imbalanced.fa,real_non_amp_amplify,0,trNEGATIVE00944,trNEGATIVE00944,22,0,False
MMKHVIILVILLVISFQAY,AMPlify_non_AMP_train_imbalanced.fa,real_non_amp_amplify,0,trNEGATIVE02670,trNEGATIVE02670,19,0,False
ATKGSSDNRVLTGV,AMPlify_non_AMP_train_imbalanced.fa,real_non_amp_amplify,0,trNEGATIVE02733,trNEGATIVE02733,14,0,False
KAEEEVEKNKEEAEEEAEKKIAE,AMPlify_non_AMP_test_imbalanced.fa,real_non_amp_amplify,0,teNEGATIVE00117,teNEGATIVE00117,23,0,False
CENTISGCSRADCLLTHRKQGCQKTCGLC,AMPlify_non_AMP_test_imbalanced.fa,real_non_amp_amplify,0,teNEGATIVE00478,teNEGATIVE00478,29,0,False
MLYPLSYMLLWTDSIVEQYKKFYLFRFDL,AMPlify_non_AMP_train_imbalanced.fa,real_non_amp_amplify,0,trNEGATIVE03005,trNEGATIVE03005,29,0,False
FTAAAEAEAAAA,AMPlify_non_AMP_train_imbalanced.fa,real_non_amp_amplify,0,trNEGATIVE00654,trNEGATIVE00654,12,0,False
QFRPSYQIPP,AMPlify_non_AMP_train_imbalanced.fa,real_non_amp_amplify,0,trNEGATIVE00550,trNEGATIVE00550,10,0,False
SFYACTNGCWVKPGGGCQC,AMPlify_non_AMP_test_imbalanced.fa,real_non_amp_amplify,0,teNEGATIVE00078,teNEGATIVE00078,19,0,False
NEQSGKSQTVIVGSWGAKVS,AMPlify_non_AMP_train_imbalanced.fa,real_non_amp_amplify,0,trNEGATIVE02002,trNEGATIVE02002,20,0,False
QGLFTSDQDLYTDSR,AMPlify_non_AMP_train_imbalanced.fa,real_non_amp_amplify,0,trNEGATIVE02588,trNEGATIVE02588,15,0,False
AADDVTVVIGSAAPMSGPQ,AMPlify_non_AMP_test_imbalanced.fa,real_non_amp_amplify,0,teNEGATIVE00691,teNEGATIVE00691,19,0,False
APNQPSDNMIRF,AMPlify_non_AMP_train_imbalanced.fa,real_non_amp_amplify,0,trNEGATIVE03200,trNEGATIVE03200,12,0,False
HYQEVPRQIQEKLIKGQ,AMPlify_non_AMP_train_imbalanced.fa,real_non_amp_amplify,0,trNEGATIVE02387,trNEGATIVE02387,17,0,False
KSTDFDYNNKKANYD,AMPlify_non_AMP_train_imbalanced.fa,real_non_amp_amplify,0,trNEGATIVE03303,trNEGATIVE03303,15,0,False
FPVDEEFQSPFGSRSRGYFLFRPRN,AMPlify_non_AMP_train_imbalanced.fa,real_non_amp_amplify,0,trNEGATIVE02845,trNEGATIVE02845,25,0,False
ANLFTSDQDLYTDSR,AMPlify_non_AMP_train_imbalanced.fa,real_non_amp_amplify,0,trNEGATIVE00036,trNEGATIVE00036,15,0,False
IDVSLLKKVEKAVKINDKKPLKTWS,AMPlify_non_AMP_test_imbalanced.fa,real_non_amp_amplify_window,0,teNEGATIVE22662,teNEGATIVE22662,92,10,True
VVAAGANPVLITRDLVNVLEDAIR,AMPlify_non_AMP_train_imbalanced.fa,real_non_amp_amplify,0,trNEGATIVE01063,trNEGATIVE01063,24,0,False
DMDDFGLGDFDDGR,AMPlify_non_AMP_train_imbalanced.fa,real_non_amp_amplify,0,trNEGATIVE01304,trNEGATIVE01304,14,0,False
FLPILGKILGGLL,AMPlify_non_AMP_train_imbalanced.fa,real_non_amp_amplify,0,trNEGATIVE00423,trNEGATIVE00423,13,0,False
SISAMQFIQR,AMPlify_non_AMP_train_imbalanced.fa,real_non_amp_amplify,0,trNEGATIVE47774,trNEGATIVE47774,10,0,False
GAGEALNAKRQQDVNHLLDLIYDHLHY,AMPlify_non_AMP_test_imbalanced.fa,real_non_amp_amplify,0,teNEGATIVE00829,teNEGATIVE00829,27,0,False
TEIQSFNFNGFVPEN,AMPlify_non_AMP_train_imbalanced.fa,real_non_amp_amplify,0,trNEGATIVE02817,trNEGATIVE02817,15,0,False
SNSKCPDGPDCFVGLM,AMPlify_non_AMP_train_imbalanced.fa,real_non_amp_amplify,0,trNEGATIVE02586,trNEGATIVE02586,16,0,False
NIIDVPCRPCYYRDSSGNCVYDQLGCGA,AMPlify_non_AMP_train_imbalanced.fa,real_non_amp_amplify,0,trNEGATIVE01095,trNEGATIVE01095,28,0,False
LKCEWDGLVGTRGEIAKETIER,AMPlify_non_AMP_train_imbalanced.fa,real_non_amp_amplify,0,trNEGATIVE01473,trNEGATIVE01473,22,0,False
MDILTLGWVSILALFTWSIAMVVWGRNGF,AMPlify_non_AMP_train_imbalanced.fa,real_non_amp_amplify,0,trNEGATIVE00011,trNEGATIVE00011,29,0,False
ADGSDPASSEFLAEGGGVR,AMPlify_non_AMP_test_imbalanced.fa,real_non_amp_amplify,0,teNEGATIVE00631,teNEGATIVE00631,19,0,False
DVNWPLGWPVGGYPG,AMPlify_non_AMP_test_imbalanced.fa,real_non_amp_amplify,0,teNEGATIVE00386,teNEGATIVE00386,15,0,False
YIELAVVADHGIFTKYNSNLNTIR,AMPlify_non_AMP_train_imbalanced.fa,real_non_amp_amplify,0,trNEGATIVE00010,trNEGATIVE00010,24,0,False
MITDFQVYIALMAALLASVLAIRLGATLYQ,AMPlify_non_AMP_train_imbalanced.fa,real_non_amp_amplify,0,trNEGATIVE00232,trNEGATIVE00232,30,0,False
QVRYRQCYFNPISCF,AMPlify_non_AMP_train_imbalanced.fa,real_non_amp_amplify,0,trNEGATIVE03103,trNEGATIVE03103,15,0,False
EVPLDDTGL,AMPlify_non_AMP_train_imbalanced.fa,real_non_amp_amplify,0,trNEGATIVE06627,trNEGATIVE06627,9,0,False
QGRAPHPPIPPAP,AMPlify_non_AMP_train_imbalanced.fa,real_non_amp_amplify,0,trNEGATIVE00604,trNEGATIVE00604,13,0,False
GTGITEEFEEVPVQSRGFGILDVGYR,AMPlify_non_AMP_train_imbalanced.fa,real_non_amp_amplify,0,trNEGATIVE03236,trNEGATIVE03236,26,0,False
YCQKWLWTCDSERKCCEDMVCRLWCKKRL,AMPlify_non_AMP_train_imbalanced.fa,real_non_amp_amplify,0,trNEGATIVE02852,trNEGATIVE02852,29,0,False
ADREPNHFVA,AMPlify_non_AMP_train_imbalanced.fa,real_non_amp_amplify,0,trNEGATIVE97087,trNEGATIVE97087,10,0,False
GCIEIGGDCDGYQEKSYCQCCRNNGFCS,AMPlify_non_AMP_test_imbalanced.fa,real_non_amp_amplify,0,teNEGATIVE00826,teNEGATIVE00826,28,0,False
ELPGLPKGEKEQQEAIEHIDEV,AMPlify_non_AMP_test_imbalanced.fa,real_non_amp_amplify,0,teNEGATIVE00515,teNEGATIVE00515,22,0,False
NQDCRPGWSFYEQNCYKVF,AMPlify_non_AMP_train_imbalanced.fa,real_non_amp_amplify,0,trNEGATIVE02802,trNEGATIVE02802,19,0,False
MHPVLRQMRPQQQAPSQQQPQKALLAP,AMPlify_non_AMP_train_imbalanced.fa,real_non_amp_amplify,0,trNEGATIVE00621,trNEGATIVE00621,27,0,False
VVGGDCIPQVPFLAFLYSEYFC,AMPlify_non_AMP_train_imbalanced.fa,real_non_amp_amplify,0,trNEGATIVE01309,trNEGATIVE01309,22,0,False
APIVSGGYDF,AMPlify_non_AMP_train_imbalanced.fa,real_non_amp_amplify,0,trNEGATIVE86052,trNEGATIVE86052,10,0,False
MSIADLKSRLIKASTS,AMPlify_non_AMP_train_imbalanced.fa,real_non_amp_amplify,0,trNEGATIVE01157,trNEGATIVE01157,16,0,False
ARCEQCPSYCCQSDSPPECDGCE,AMPlify_non_AMP_train_imbalanced.fa,real_non_amp_amplify,0,trNEGATIVE01993,trNEGATIVE01993,23,0,False
QNWPHPPMPPAP,AMPlify_non_AMP_train_imbalanced.fa,real_non_amp_amplify,0,trNEGATIVE01101,trNEGATIVE01101,12,0,False
LQLSYRPRVMIMAVMFVFCINKGYDIY,AMPlify_non_AMP_train_imbalanced.fa,real_non_amp_amplify,0,trNEGATIVE02577,trNEGATIVE02577,27,0,False
MLKYIYMHLSHKYNHILFTYNTRIIS,AMPlify_non_AMP_train_imbalanced.fa,real_non_amp_amplify,0,trNEGATIVE00144,trNEGATIVE00144,26,0,False
MRELIRLVSSAGTGHFYT,AMPlify_non_AMP_test_imbalanced.fa,real_non_amp_amplify,0,teNEGATIVE00499,teNEGATIVE00499,18,0,False
MTPRGFSCLLLPTSETDLPVKRRT,AMPlify_non_AMP_train_imbalanced.fa,real_non_amp_amplify,0,trNEGATIVE02154,trNEGATIVE02154,24,0,False
SPSNSKCPDGPDCFVGLM,AMPlify_non_AMP_train_imbalanced.fa,real_non_amp_amplify,0,trNEGATIVE01388,trNEGATIVE01388,18,0,False
ANQRLPPLSNDPDRCERAFVGNT,AMPlify_non_AMP_train_imbalanced.fa,real_non_amp_amplify,0,trNEGATIVE00634,trNEGATIVE00634,23,0,False
AGGTSGLYAFPRV,AMPlify_non_AMP_train_imbalanced.fa,real_non_amp_amplify,0,trNEGATIVE02265,trNEGATIVE02265,13,0,False
ESIVRPPPVEAKVEETPE,AMPlify_non_AMP_train_imbalanced.fa,real_non_amp_amplify,0,trNEGATIVE02302,trNEGATIVE02302,18,0,False
SKQCCHLAACRFGCTPCCW,AMPlify_non_AMP_train_imbalanced.fa,real_non_amp_amplify,0,trNEGATIVE00118,trNEGATIVE00118,19,0,False
MNRVQFNHHHHHHPD,AMPlify_non_AMP_train_imbalanced.fa,real_non_amp_amplify,0,trNEGATIVE00425,trNEGATIVE00425,15,0,False
RPEEIGAGDQGHMFG,AMPlify_non_AMP_test_imbalanced.fa,real_non_amp_amplify,0,teNEGATIVE00205,teNEGATIVE00205,15,0,False
SLFELGKMILQETGKNPAQSYGAYGCNC,AMPlify_non_AMP_train_imbalanced.fa,real_non_amp_amplify,0,trNEGATIVE02417,trNEGATIVE02417,28,0,False
ECCTHAHCSQGCRPCC,AMPlify_non_AMP_train_imbalanced.fa,real_non_amp_amplify,0,trNEGATIVE02368,trNEGATIVE02368,16,0,False
MDIVSLAWAVLMVVFTFSLSLVVWGRSGL,AMPlify_non_AMP_train_imbalanced.fa,real_non_amp_amplify,0,trNEGATIVE00280,trNEGATIVE00280,29,0,False
DFPIANGERQSPVDIDTKAVVQDPA,AMPlify_non_AMP_test_imbalanced.fa,real_non_amp_amplify,0,teNEGATIVE00306,teNEGATIVE00306,25,0,False
KKCADIDQDCKTSCDCCE,AMPlify_non_AMP_train_imbalanced.fa,real_non_amp_amplify,0,trNEGATIVE03032,trNEGATIVE03032,18,0,False
NLYQFGGMIGCANKGTRSWLSYVNYGCYCG,AMPlify_non_AMP_train_imbalanced.fa,real_non_amp_amplify,0,trNEGATIVE02684,trNEGATIVE02684,30,0,False
GVVDSAIDAETR,AMPlify_non_AMP_train_imbalanced.fa,real_non_amp_amplify,0,trNEGATIVE01258,trNEGATIVE01258,12,0,False
CCGIPNAACHPCVCTGKC,AMPlify_non_AMP_train_imbalanced.fa,real_non_amp_amplify,0,trNEGATIVE00993,trNEGATIVE00993,18,0,False
FTLTNSDVLE,AMPlify_non_AMP_train_imbalanced.fa,real_non_amp_amplify,0,trNEGATIVE00171,trNEGATIVE00171,10,0,False
MADAAVHGHGDHHDTRGFFTRWFMS,AMPlify_non_AMP_train_imbalanced.fa,real_non_amp_amplify,0,trNEGATIVE02911,trNEGATIVE02911,25,0,False
MTDAQVFTILAIALVPAVMALLLGSALARS,AMPlify_non_AMP_test_imbalanced.fa,real_non_amp_amplify,0,teNEGATIVE00322,teNEGATIVE00322,30,0,False
NDWRNAMYPVVPGHE,AMPlify_non_AMP_train_imbalanced.fa,real_non_amp_amplify,0,trNEGATIVE03302,trNEGATIVE03302,15,0,False
QSAPGNEAIPP,AMPlify_non_AMP_train_imbalanced.fa,real_non_amp_amplify,0,trNEGATIVE00471,trNEGATIVE00471,11,0,False
SGSAKVAFSAIRSTNH,AMPlify_non_AMP_train_imbalanced.fa,real_non_amp_amplify,0,trNEGATIVE02477,trNEGATIVE02477,16,0,False
APASGFFGMR,AMPlify_non_AMP_train_imbalanced.fa,real_non_amp_amplify,0,trNEGATIVE00962,trNEGATIVE00962,10,0,False
NYPTQDSTMDKTFANNL,AMPlify_non_AMP_train_imbalanced.fa,real_non_amp_amplify,0,trNEGATIVE01425,trNEGATIVE01425,17,0,False
MCLGVPIKLSKLMKILFNLPQ,AMPlify_non_AMP_train_imbalanced.fa,real_non_amp_amplify,0,trNEGATIVE00047,trNEGATIVE00047,21,0,False
KPRPGQFFGLM,AMPlify_non_AMP_test_imbalanced.fa,real_non_amp_amplify,0,teNEGATIVE00328,teNEGATIVE00328,11,0,False
GCKLTFWKCKNKKECCGWNACALGICMPR,AMPlify_non_AMP_train_imbalanced.fa,real_non_amp_amplify,0,trNEGATIVE01117,trNEGATIVE01117,29,0,False
GGCCSYPPCAVSNPQHC,AMPlify_non_AMP_train_imbalanced.fa,real_non_amp_amplify,0,trNEGATIVE01615,trNEGATIVE01615,17,0,False
MWTKPAYTDLRIGFEVTMYFASR,AMPlify_non_AMP_test_imbalanced.fa,real_non_amp_amplify,0,teNEGATIVE00785,teNEGATIVE00785,23,0,False
MNKNELVSAVAERAGL,AMPlify_non_AMP_test_imbalanced.fa,real_non_amp_amplify,0,teNEGATIVE00201,teNEGATIVE00201,16,0,False
LAGLDTAIILIAFIITASVLAYV,AMPlify_non_AMP_train_imbalanced.fa,real_non_amp_amplify,0,trNEGATIVE01045,trNEGATIVE01045,23,0,False
MGTTTMGVKLDDATRERIKSAASRID,AMPlify_non_AMP_train_imbalanced.fa,real_non_amp_amplify,0,trNEGATIVE00903,trNEGATIVE00903,26,0,False
AMRNALVRF,AMPlify_non_AMP_train_imbalanced.fa,real_non_amp_amplify,0,trNEGATIVE90475,trNEGATIVE90475,9,0,False
AVPDKIDRRESGYV,AMPlify_non_AMP_test_imbalanced.fa,real_non_amp_amplify,0,teNEGATIVE00817,teNEGATIVE00817,14,0,False
GFKNVQLSTARGF,AMPlify_non_AMP_train_imbalanced.fa,real_non_amp_amplify,0,trNEGATIVE02022,trNEGATIVE02022,13,0,False
AVSLVLPQLK,AMPlify_non_AMP_train_imbalanced.fa,real_non_amp_amplify,0,trNEGATIVE00027,trNEGATIVE00027,10,0,False
VGEAFWSAEEQK,AMPlify_non_AMP_train_imbalanced.fa,real_non_amp_amplify,0,trNEGATIVE02403,trNEGATIVE02403,12,0,False
VEIIANDQGNR,AMPlify_non_AMP_train_imbalanced.fa,real_non_amp_amplify,0,trNEGATIVE00959,trNEGATIVE00959,11,0,False
FYAGLILTLVNTFPYNISPASS,AMPlify_non_AMP_train_imbalanced.fa,real_non_amp_amplify,0,trNEGATIVE01849,trNEGATIVE01849,22,0,False
EWEEWLLA,AMPlify_non_AMP_train_imbalanced.fa,real_non_amp_amplify,0,trNEGATIVE02744,trNEGATIVE02744,8,0,False
MALKAVCVLKGAGETSGTVHFEQEDN,AMPlify_non_AMP_train_imbalanced.fa,real_non_amp_amplify,0,trNEGATIVE03313,trNEGATIVE03313,26,0,False
MKIKFVFDLLTPDDILHPSNHVNLIIRPI,AMPlify_non_AMP_test_imbalanced.fa,real_non_amp_amplify,0,teNEGATIVE00218,teNEGATIVE00218,29,0,False
KRTLEGTKRKSIRKSGFRARMATK,AMPlify_non_AMP_train_balanced.fa,real_non_amp_amplify_window,0,trNEGATIVE3161,trNEGATIVE3161,42,2,True
QLTFTPGW,AMPlify_non_AMP_train_imbalanced.fa,real_non_amp_amplify,0,trNEGATIVE40628,trNEGATIVE40628,8,0,False
KPNPERFYAPM,AMPlify_non_AMP_train_imbalanced.fa,real_non_amp_amplify,0,trNEGATIVE01583,trNEGATIVE01583,11,0,False
AEVQDKGEFLAEGGGVR,AMPlify_non_AMP_test_imbalanced.fa,real_non_amp_amplify,0,teNEGATIVE00414,teNEGATIVE00414,17,0,False
QGYGFNEPEQTRNQGGSSWEAP,AMPlify_non_AMP_train_imbalanced.fa,real_non_amp_amplify,0,trNEGATIVE00640,trNEGATIVE00640,22,0,False
RDVAVGSFLPPS,AMPlify_non_AMP_train_imbalanced.fa,real_non_amp_amplify,0,trNEGATIVE00687,trNEGATIVE00687,12,0,False
FLPLLILGSLLMTPPVIQAIHDAQR,AMPlify_non_AMP_train_imbalanced.fa,real_non_amp_amplify,0,trNEGATIVE00478,trNEGATIVE00478,25,0,False
DTHKSEIAHR,AMPlify_non_AMP_train_imbalanced.fa,real_non_amp_amplify,0,trNEGATIVE35463,trNEGATIVE35463,10,0,False
TEFGPSQPFKGAK,AMPlify_non_AMP_train_imbalanced.fa,real_non_amp_amplify,0,trNEGATIVE03154,trNEGATIVE03154,13,0,False
DQAAGVAAIIEIDNIFSESEVISK,AMPlify_non_AMP_train_imbalanced.fa,real_non_amp_amplify,0,trNEGATIVE01036,trNEGATIVE01036,24,0,False
TVKVTVTGAAGQIGYALLFR,AMPlify_non_AMP_train_imbalanced.fa,real_non_amp_amplify,0,trNEGATIVE01108,trNEGATIVE01108,20,0,False
VLDIYEQKLGQTRVLDIYEQK,AMPlify_non_AMP_train_imbalanced.fa,real_non_amp_amplify,0,trNEGATIVE02237,trNEGATIVE02237,21,0,False
MPVCTSRSLQGGKVDTHFPLHVLHSVACDV,AMPlify_non_AMP_test_imbalanced.fa,real_non_amp_amplify,0,teNEGATIVE00297,teNEGATIVE00297,30,0,False
APSMGFQGMR,AMPlify_non_AMP_train_imbalanced.fa,real_non_amp_amplify,0,trNEGATIVE00924,trNEGATIVE00924,10,0,False
SLGSPAVAEPAVIAE,AMPlify_non_AMP_train_imbalanced.fa,real_non_amp_amplify,0,trNEGATIVE03192,trNEGATIVE03192,15,0,False
MTKDEPLEGNVGVLT,AMPlify_non_AMP_test_imbalanced.fa,real_non_amp_amplify,0,teNEGATIVE00359,teNEGATIVE00359,15,0,False
LECNKLVDIAYITCPAGKNL,AMPlify_non_AMP_train_imbalanced.fa,real_non_amp_amplify,0,trNEGATIVE00203,trNEGATIVE00203,20,0,False
GLLSGLGL,AMPlify_non_AMP_train_imbalanced.fa,real_non_amp_amplify,0,trNEGATIVE43884,trNEGATIVE43884,8,0,False
MGEVFAGGFALLVVLFILLIIIGASWLY,AMPlify_non_AMP_test_imbalanced.fa,real_non_amp_amplify,0,teNEGATIVE00786,teNEGATIVE00786,28,0,False
FENKVPEKQKLFQEDNGIPVVLKGGVADA,AMPlify_non_AMP_train_imbalanced.fa,real_non_amp_amplify,0,trNEGATIVE01455,trNEGATIVE01455,29,0,False
GAVGEIQILLNNIASQLNGDQKKADKV,AMPlify_non_AMP_train_imbalanced.fa,real_non_amp_amplify,0,trNEGATIVE00037,trNEGATIVE00037,27,0,False
FCCPFIRYCCW,AMPlify_non_AMP_train_imbalanced.fa,real_non_amp_amplify,0,trNEGATIVE03017,trNEGATIVE03017,11,0,False
AKELLDSDGIILRNGANYYI,AMPlify_non_AMP_test_imbalanced.fa,real_non_amp_amplify,0,teNEGATIVE00690,teNEGATIVE00690,20,0,False
QPPGGSKVILF,AMPlify_non_AMP_train_imbalanced.fa,real_non_amp_amplify,0,trNEGATIVE02291,trNEGATIVE02291,11,0,False
DCIPGGENCDVFRPYRCCSGYCILLLCA,AMPlify_non_AMP_train_imbalanced.fa,real_non_amp_amplify,0,trNEGATIVE01535,trNEGATIVE01535,28,0,False
ALCNCNRIIIPHMCWKKCGKK,AMPlify_non_AMP_train_imbalanced.fa,real_non_amp_amplify,0,trNEGATIVE02803,trNEGATIVE02803,21,0,False
SLGSGGSL,AMPlify_non_AMP_test_imbalanced.fa,real_non_amp_amplify,0,teNEGATIVE11094,teNEGATIVE11094,8,0,False
MAIIIGLEFAQLPMSFGAKYE,AMPlify_non_AMP_train_imbalanced.fa,real_non_amp_amplify,0,trNEGATIVE02910,trNEGATIVE02910,21,0,False
NIVDVPCRDDYYRDSDGNCVCCKFGGA,AMPlify_non_AMP_train_imbalanced.fa,real_non_amp_amplify,0,trNEGATIVE01500,trNEGATIVE01500,27,0,False
DFKCPSEWYAYDQHCYRIIN,AMPlify_non_AMP_train_imbalanced.fa,real_non_amp_amplify,0,trNEGATIVE00032,trNEGATIVE00032,20,0,False
SDCACLHALGHVAR,AMPlify_non_AMP_train_imbalanced.fa,real_non_amp_amplify,0,trNEGATIVE02054,trNEGATIVE02054,14,0,False
FHGGSWYRFPWGY,AMPlify_non_AMP_train_imbalanced.fa,real_non_amp_amplify,0,trNEGATIVE02042,trNEGATIVE02042,13,0,False
GCCGVPSCMAGCRPCC,AMPlify_non_AMP_test_imbalanced.fa,real_non_amp_amplify,0,teNEGATIVE00179,teNEGATIVE00179,16,0,False
AMAGTATVQGQGTR,AMPlify_non_AMP_train_imbalanced.fa,real_non_amp_amplify,0,trNEGATIVE02483,trNEGATIVE02483,14,0,False
PGQDFMRF,AMPlify_non_AMP_test_imbalanced.fa,real_non_amp_amplify,0,teNEGATIVE12720,teNEGATIVE12720,8,0,False
MTINFVFGFHIVTLSICQSF,AMPlify_non_AMP_train_imbalanced.fa,real_non_amp_amplify,0,trNEGATIVE01694,trNEGATIVE01694,20,0,False
EEQIKSSKE,AMPlify_non_AMP_train_imbalanced.fa,real_non_amp_amplify_window,0,trNEGATIVE26471,trNEGATIVE26471,69,14,True
DPCCGYRMCVPC,AMPlify_non_AMP_train_imbalanced.fa,real_non_amp_amplify,0,trNEGATIVE01770,trNEGATIVE01770,12,0,False
TSAEVPATAQGVTHALEGTQ,AMPlify_non_AMP_train_imbalanced.fa,real_non_amp_amplify,0,trNEGATIVE01247,trNEGATIVE01247,20,0,False
AFQTSFVFQRFYETN,AMPlify_non_AMP_test_imbalanced.fa,real_non_amp_amplify,0,teNEGATIVE00128,teNEGATIVE00128,15,0,False
LLAFGLDARILLL,AMPlify_non_AMP_train_imbalanced.fa,real_non_amp_amplify_window,0,trNEGATIVE17087,trNEGATIVE17087,128,39,True
LVSGCADLTALAAR,AMPlify_non_AMP_train_imbalanced.fa,real_non_amp_amplify,0,trNEGATIVE00982,trNEGATIVE00982,14,0,False
FLPKSLFTLVTDKSL,AMPlify_non_AMP_train_imbalanced.fa,real_non_amp_amplify,0,trNEGATIVE00392,trNEGATIVE00392,15,0,False
LNPFRWMINKYREWKNKKN,AMPlify_non_AMP_train_imbalanced.fa,real_non_amp_amplify,0,trNEGATIVE00827,trNEGATIVE00827,19,0,False
MQWTKPAFTDLRIGFEVTMYFEAR,AMPlify_non_AMP_train_imbalanced.fa,real_non_amp_amplify,0,trNEGATIVE01635,trNEGATIVE01635,24,0,False
MDILTLGWVSVLVLFTWSISMVVWGRNGF,AMPlify_non_AMP_train_imbalanced.fa,real_non_amp_amplify,0,trNEGATIVE01932,trNEGATIVE01932,29,0,False
MPIAQIHILEGRSDE,AMPlify_non_AMP_train_imbalanced.fa,real_non_amp_amplify_window,0,trNEGATIVE59430,trNEGATIVE59430,63,0,True
IRCQGSNQCYGHCREKTGCPNGKCID,AMPlify_non_AMP_train_imbalanced.fa,real_non_amp_amplify,0,trNEGATIVE03292,trNEGATIVE03292,26,0,False
QGRPPRPHIPP,AMPlify_non_AMP_train_imbalanced.fa,real_non_amp_amplify,0,trNEGATIVE00388,trNEGATIVE00388,11,0,False
SGLQLLDLSNNREVEML,AMPlify_non_AMP_train_imbalanced.fa,real_non_amp_amplify,0,trNEGATIVE02269,trNEGATIVE02269,17,0,False
EAGEECDCGTPENPCCDAAT,AMPlify_non_AMP_train_imbalanced.fa,real_non_amp_amplify,0,trNEGATIVE00127,trNEGATIVE00127,20,0,False
MADAEDIQPLVCD,AMPlify_non_AMP_test_imbalanced.fa,real_non_amp_amplify,0,teNEGATIVE00164,teNEGATIVE00164,13,0,False
SFSVNPAVEILQHRYMEKVAQNNRNFLNRV,AMPlify_non_AMP_train_imbalanced.fa,real_non_amp_amplify,0,trNEGATIVE02563,trNEGATIVE02563,30,0,False
ALKCQGWVDYCNGNVECCNECVMY,AMPlify_non_AMP_train_imbalanced.fa,real_non_amp_amplify,0,trNEGATIVE00671,trNEGATIVE00671,24,0,False
SLRKMHALGET,AMPlify_non_AMP_train_imbalanced.fa,real_non_amp_amplify,0,trNEGATIVE02349,trNEGATIVE02349,11,0,False
TKSPDCGGILSPSGLSYFA,AMPlify_non_AMP_train_imbalanced.fa,real_non_amp_amplify,0,trNEGATIVE00587,trNEGATIVE00587,19,0,False
AKEKEVTFQ,AMPlify_non_AMP_train_imbalanced.fa,real_non_amp_amplify,0,trNEGATIVE92818,trNEGATIVE92818,9,0,False
CYFRNCPIG,AMPlify_non_AMP_train_imbalanced.fa,real_non_amp_amplify,0,trNEGATIVE54176,trNEGATIVE54176,9,0,False
YSSQLAQVQGLIGNVESQLAEIR,AMPlify_non_AMP_train_imbalanced.fa,real_non_amp_amplify,0,trNEGATIVE01781,trNEGATIVE01781,23,0,False
AEPLASQLKEPIAGGGWWAA,AMPlify_non_AMP_test_imbalanced.fa,real_non_amp_amplify,0,teNEGATIVE00309,teNEGATIVE00309,20,0,False
AAAAPPRRGPSGPDA,AMPlify_non_AMP_test_imbalanced.fa,real_non_amp_amplify,0,teNEGATIVE00695,teNEGATIVE00695,15,0,False
GDTRRQIL,AMPlify_non_AMP_train_imbalanced.fa,real_non_amp_amplify,0,trNEGATIVE32294,trNEGATIVE32294,8,0,False
PYIGLLGTVMGIMLTFMDLG,AMPlify_non_AMP_train_imbalanced.fa,real_non_amp_amplify_window,0,trNEGATIVE35167,trNEGATIVE35167,150,63,True
MLMPKRVKYRREHRGRMKGRAKAVRI,AMPlify_non_AMP_train_imbalanced.fa,real_non_amp_amplify,0,trNEGATIVE03090,trNEGATIVE03090,26,0,False
TKTEGSFLAEGGGVR,AMPlify_non_AMP_train_imbalanced.fa,real_non_amp_amplify,0,trNEGATIVE01143,trNEGATIVE01143,15,0,False
ERRCPRILKQCKRDSDCPGECICMAHGFCG,AMPlify_non_AMP_test_imbalanced.fa,real_non_amp_amplify,0,teNEGATIVE00214,teNEGATIVE00214,30,0,False
MRNYSFGL,AMPlify_non_AMP_train_imbalanced.fa,real_non_amp_amplify,0,trNEGATIVE34442,trNEGATIVE34442,8,0,False
NNRSPQLRLRF,AMPlify_non_AMP_test_imbalanced.fa,real_non_amp_amplify,0,teNEGATIVE00527,teNEGATIVE00527,11,0,False
AYSYVSEYKRLPVYNFGL,AMPlify_non_AMP_train_imbalanced.fa,real_non_amp_amplify,0,trNEGATIVE02622,trNEGATIVE02622,18,0,False
CCAIRLCNVYLCGSCCP,AMPlify_non_AMP_train_imbalanced.fa,real_non_amp_amplify,0,trNEGATIVE01336,trNEGATIVE01336,17,0,False
QVNFSPGWGT,AMPlify_non_AMP_train_imbalanced.fa,real_non_amp_amplify,0,trNEGATIVE01955,trNEGATIVE01955,10,0,False
TLMLEIDF,AMPlify_non_AMP_train_imbalanced.fa,real_non_amp_amplify_window,0,trNEGATIVE07807,trNEGATIVE07807,142,20,True
MITDSQVFIGLVIALVPAILAFKLGLSLYE,AMPlify_non_AMP_train_imbalanced.fa,real_non_amp_amplify,0,trNEGATIVE00971,trNEGATIVE00971,30,0,False
AKGLNKILEKVGEEA,AMPlify_non_AMP_train_imbalanced.fa,real_non_amp_amplify_window,0,trNEGATIVE12647,trNEGATIVE12647,111,29,True
ITCCTRGTCAQHC,AMPlify_non_AMP_test_imbalanced.fa,real_non_amp_amplify,0,teNEGATIVE00750,teNEGATIVE00750,13,0,False
MNEAKSLFTTFLILAFLLFLLYAFYEAAF,AMPlify_non_AMP_train_imbalanced.fa,real_non_amp_amplify,0,trNEGATIVE00116,trNEGATIVE00116,29,0,False
DRPYSFGL,AMPlify_non_AMP_train_imbalanced.fa,real_non_amp_amplify,0,trNEGATIVE59238,trNEGATIVE59238,8,0,False
FKSLTKYSPGRQN,AMPlify_non_AMP_train_imbalanced.fa,real_non_amp_amplify,0,trNEGATIVE01433,trNEGATIVE01433,13,0,False
NCCPIDEESCCS,AMPlify_non_AMP_train_imbalanced.fa,real_non_amp_amplify,0,trNEGATIVE01675,trNEGATIVE01675,12,0,False
AYGEGANVFGKRKETDQFFEISGDGWSGKL,AMPlify_non_AMP_train_imbalanced.fa,real_non_amp_amplify,0,trNEGATIVE01424,trNEGATIVE01424,30,0,False
SGETSGEGNGMWFGPRL,AMPlify_non_AMP_test_imbalanced.fa,real_non_amp_amplify,0,teNEGATIVE00783,teNEGATIVE00783,17,0,False
NLLQIGIMKRCANKRRRPVFHYRDYGCYC,AMPlify_non_AMP_test_imbalanced.fa,real_non_amp_amplify,0,teNEGATIVE00071,teNEGATIVE00071,29,0,False
PTHIKWGD,AMPlify_non_AMP_train_imbalanced.fa,real_non_amp_amplify,0,trNEGATIVE07463,trNEGATIVE07463,8,0,False
HLLQFNKMIKFETRKNAIPFYAF,AMPlify_non_AMP_train_imbalanced.fa,real_non_amp_amplify,0,trNEGATIVE02310,trNEGATIVE02310,23,0,False
MDIVSIGWAALMVVFTFSLSLVVWGRSGL,AMPlify_non_AMP_test_imbalanced.fa,real_non_amp_amplify,0,teNEGATIVE00314,teNEGATIVE00314,29,0,False
ALPTYTPESPADATR,AMPlify_non_AMP_test_imbalanced.fa,real_non_amp_amplify,0,teNEGATIVE00748,teNEGATIVE00748,15,0,False
AGDTSSEAKGMWFGPRL,AMPlify_non_AMP_train_imbalanced.fa,real_non_amp_amplify,0,trNEGATIVE02822,trNEGATIVE02822,17,0,False
AFEIINDIK,AMPlify_non_AMP_train_imbalanced.fa,real_non_amp_amplify,0,trNEGATIVE06420,trNEGATIVE06420,9,0,False
DQPGDVKTHKQYDVNYLFFKI,AMPlify_non_AMP_train_imbalanced.fa,real_non_amp_amplify,0,trNEGATIVE02609,trNEGATIVE02609,21,0,False
MRYISLNTTIITTTETTGYGAG,AMPlify_non_AMP_train_imbalanced.fa,real_non_amp_amplify,0,trNEGATIVE02240,trNEGATIVE02240,22,0,False
SGGEMSNMGHSMEE,AMPlify_non_AMP_train_imbalanced.fa,real_non_amp_amplify,0,trNEGATIVE02246,trNEGATIVE02246,14,0,False
KKCLTKYSAGLQTSQTCPAGQKICFKKW,AMPlify_non_AMP_train_imbalanced.fa,real_non_amp_amplify,0,trNEGATIVE00552,trNEGATIVE00552,28,0,False
KCGVSIPYKISPSTDCSSVK,AMPlify_non_AMP_train_imbalanced.fa,real_non_amp_amplify,0,trNEGATIVE02961,trNEGATIVE02961,20,0,False
DPLNEERRANRYGFGL,AMPlify_non_AMP_train_imbalanced.fa,real_non_amp_amplify,0,trNEGATIVE00518,trNEGATIVE00518,16,0,False
ENFAVGCTPGYQRTADGRCKPTF,AMPlify_non_AMP_train_imbalanced.fa,real_non_amp_amplify,0,trNEGATIVE03281,trNEGATIVE03281,23,0,False
MFSKLAQSSIKAMF,AMPlify_non_AMP_train_imbalanced.fa,real_non_amp_amplify,0,trNEGATIVE02312,trNEGATIVE02312,14,0,False
MLKLHGFSVSNYYNMVKLALLEKG,AMPlify_non_AMP_test_imbalanced.fa,real_non_amp_amplify,0,teNEGATIVE00671,teNEGATIVE00671,24,0,False
CCGVPNAACHPCVCKNTC,AMPlify_non_AMP_train_imbalanced.fa,real_non_amp_amplify,0,trNEGATIVE02430,trNEGATIVE02430,18,0,False
SVAVAGAVIEGASLTFNVLQ,AMPlify_non_AMP_test_imbalanced.fa,real_non_amp_amplify,0,teNEGATIVE00621,teNEGATIVE00621,20,0,False
LPVYNFGL,AMPlify_non_AMP_train_imbalanced.fa,real_non_amp_amplify,0,trNEGATIVE55551,trNEGATIVE55551,8,0,False
IVPFLGPLLGLLT,AMPlify_non_AMP_train_imbalanced.fa,real_non_amp_amplify,0,trNEGATIVE00006,trNEGATIVE00006,13,0,False
GVPSVSTVNVAQKQHDVNFLLFKVYI,AMPlify_non_AMP_train_imbalanced.fa,real_non_amp_amplify,0,trNEGATIVE00720,trNEGATIVE00720,26,0,False
GLRQKVQSLV,AMPlify_non_AMP_train_imbalanced.fa,real_non_amp_amplify,0,trNEGATIVE28194,trNEGATIVE28194,10,0,False
KQRSGESQNIIVGSWGAKVS,AMPlify_non_AMP_test_imbalanced.fa,real_non_amp_amplify,0,teNEGATIVE00681,teNEGATIVE00681,20,0,False
LTCYKGYHDTVVCKP,AMPlify_non_AMP_train_imbalanced.fa,real_non_amp_amplify,0,trNEGATIVE00361,trNEGATIVE00361,15,0,False
ADGSDPAGGEFLAEGGGVR,AMPlify_non_AMP_train_imbalanced.fa,real_non_amp_amplify,0,trNEGATIVE00657,trNEGATIVE00657,19,0,False
LSLHEYMSMELLQEAGVSIP,AMPlify_non_AMP_train_imbalanced.fa,real_non_amp_amplify,0,trNEGATIVE01509,trNEGATIVE01509,20,0,False
LSLQEFLGLWR,AMPlify_non_AMP_test_imbalanced.fa,real_non_amp_amplify,0,teNEGATIVE00761,teNEGATIVE00761,11,0,False
AIANAPLLDTTITDRVFFD,AMPlify_non_AMP_test_imbalanced.fa,real_non_amp_amplify,0,teNEGATIVE00660,teNEGATIVE00660,19,0,False
FENEDEGYFQDPEDCS,AMPlify_non_AMP_train_imbalanced.fa,real_non_amp_amplify,0,trNEGATIVE01285,trNEGATIVE01285,16,0,False
FEDAKKVRFFKSNSETIK,AMPlify_non_AMP_test_imbalanced.fa,real_non_amp_amplify,0,teNEGATIVE00286,teNEGATIVE00286,18,0,False
YIQGYSGDVR,AMPlify_non_AMP_test_imbalanced.fa,real_non_amp_amplify,0,teNEGATIVE00540,teNEGATIVE00540,10,0,False
MAWTKPAYTDLRIGFEVTMYFASR,AMPlify_non_AMP_train_imbalanced.fa,real_non_amp_amplify,0,trNEGATIVE00084,trNEGATIVE00084,24,0,False
PHAYPFLSPEQKKEL,AMPlify_non_AMP_test_imbalanced.fa,real_non_amp_amplify,0,teNEGATIVE00718,teNEGATIVE00718,15,0,False
MNGRPSVFTSQDYLSDHLWRALNA,AMPlify_non_AMP_train_imbalanced.fa,real_non_amp_amplify,0,trNEGATIVE02669,trNEGATIVE02669,24,0,False
GFGFVTFGNEK,AMPlify_non_AMP_test_imbalanced.fa,real_non_amp_amplify,0,teNEGATIVE00362,teNEGATIVE00362,11,0,False
FNAGGHINHSLFWQNLAPASSNEAK,AMPlify_non_AMP_train_imbalanced.fa,real_non_amp_amplify,0,trNEGATIVE02315,trNEGATIVE02315,25,0,False
ATVYNNDGTQVDVGGRFDVALG,AMPlify_non_AMP_train_imbalanced.fa,real_non_amp_amplify,0,trNEGATIVE01379,trNEGATIVE01379,22,0,False
VCCPFGRCHQICQCCER,AMPlify_non_AMP_train_imbalanced.fa,real_non_amp_amplify,0,trNEGATIVE03115,trNEGATIVE03115,17,0,False
RRRRRRRGHRGRRGRGGRRSRGRRRRAA,AMPlify_non_AMP_train_imbalanced.fa,real_non_amp_amplify,0,trNEGATIVE00482,trNEGATIVE00482,28,0,False
QQRFPQRYVQLVITVDHVMN,AMPlify_non_AMP_test_imbalanced.fa,real_non_amp_amplify,0,teNEGATIVE00349,teNEGATIVE00349,20,0,False
MDTKLGLVEEEAAN,AMPlify_non_AMP_train_imbalanced.fa,real_non_amp_amplify,0,trNEGATIVE00456,trNEGATIVE00456,14,0,False
KPEEDWGRES,AMPlify_non_AMP_train_imbalanced.fa,real_non_amp_amplify,0,trNEGATIVE26076,trNEGATIVE26076,10,0,False
GVIAWELQHNEPGRKDSTAG,AMPlify_non_AMP_train_imbalanced.fa,real_non_amp_amplify,0,trNEGATIVE01817,trNEGATIVE01817,20,0,False
PRLNDARNLIRRFERD,AMPlify_non_AMP_train_imbalanced.fa,real_non_amp_amplify_window,0,trNEGATIVE82883,trNEGATIVE82883,90,54,True
KHSLPDLPYDYGA,AMPlify_non_AMP_train_imbalanced.fa,real_non_amp_amplify,0,trNEGATIVE00790,trNEGATIVE00790,13,0,False
EQFDDYGHMRF,AMPlify_non_AMP_train_imbalanced.fa,real_non_amp_amplify,0,trNEGATIVE01527,trNEGATIVE01527,11,0,False
SALAINQPNYSVLKELGLNED,AMPlify_non_AMP_test_imbalanced.fa,real_non_amp_amplify,0,teNEGATIVE00465,teNEGATIVE00465,21,0,False
DCPSDWSPYEGHCYKHFIKWMNNEDAERFC,AMPlify_non_AMP_train_imbalanced.fa,real_non_amp_amplify,0,trNEGATIVE00875,trNEGATIVE00875,30,0,False
GGVGRCIYNCMNSGGGLNFIQCKTMCY,AMPlify_non_AMP_train_imbalanced.fa,real_non_amp_amplify,0,trNEGATIVE01997,trNEGATIVE01997,27,0,False
AVPDKIDPRESGYVTGVKDQ,AMPlify_non_AMP_test_imbalanced.fa,real_non_amp_amplify,0,teNEGATIVE00720,teNEGATIVE00720,20,0,False
GWTLNSAGYLLGPHAIDNHRSFNDKHGLA,AMPlify_non_AMP_train_imbalanced.fa,real_non_amp_amplify,0,trNEGATIVE02751,trNEGATIVE02751,29,0,False
RGSNLTHPLRNIRDLFYVG,AMPlify_non_AMP_train_imbalanced.fa,real_non_amp_amplify,0,trNEGATIVE01900,trNEGATIVE01900,19,0,False
MLTVKIINGDGAIDKHLTLNEKEAFKKTI,AMPlify_non_AMP_train_imbalanced.fa,real_non_amp_amplify,0,trNEGATIVE02598,trNEGATIVE02598,29,0,False
MAAEINMVILAWDLCLLELPY,AMPlify_non_AMP_train_imbalanced.fa,real_non_amp_amplify,0,trNEGATIVE00201,trNEGATIVE00201,21,0,False
EVIAQLTMIAMIGIAGPMIIFLLAVRRGNL,AMPlify_non_AMP_train_imbalanced.fa,real_non_amp_amplify,0,trNEGATIVE01918,trNEGATIVE01918,30,0,False
MTRVQFKHHHHPD,AMPlify_non_AMP_test_imbalanced.fa,real_non_amp_amplify,0,teNEGATIVE00232,teNEGATIVE00232,13,0,False
MERQNVQQQRGKDQRPQRPGASNPRRPNQR,AMPlify_non_AMP_train_imbalanced.fa,real_non_amp_amplify,0,trNEGATIVE03141,trNEGATIVE03141,30,0,False
DLSNLLSRVPNERSN,AMPlify_non_AMP_train_imbalanced.fa,real_non_amp_amplify,0,trNEGATIVE02835,trNEGATIVE02835,15,0,False
QVNFSPNW,AMPlify_non_AMP_train_imbalanced.fa,real_non_amp_amplify,0,trNEGATIVE78250,trNEGATIVE78250,8,0,False
KPEEDWDRTD,AMPlify_non_AMP_train_imbalanced.fa,real_non_amp_amplify,0,trNEGATIVE02551,trNEGATIVE02551,10,0,False
CKGTGKPCSRIAYNCCTGSCRSGKCG,AMPlify_non_AMP_train_imbalanced.fa,real_non_amp_amplify,0,trNEGATIVE00046,trNEGATIVE00046,26,0,False
MDTQGFSCLLLLISEIDLSVKRRI,AMPlify_non_AMP_train_imbalanced.fa,real_non_amp_amplify,0,trNEGATIVE00920,trNEGATIVE00920,24,0,False
ATVYNQDGTQVNVGGRVEVAL,AMPlify_non_AMP_train_imbalanced.fa,real_non_amp_amplify,0,trNEGATIVE02876,trNEGATIVE02876,21,0,False
AKFDKFYGLM,AMPlify_non_AMP_train_imbalanced.fa,real_non_amp_amplify,0,trNEGATIVE81903,trNEGATIVE81903,10,0,False
KLGEFSPTRTYRGHNKKDKKMQKK,AMPlify_non_AMP_test_imbalanced.fa,real_non_amp_amplify,0,teNEGATIVE00102,teNEGATIVE00102,24,0,False
PNIQTKIIEQIWKEHIFQGTVVK,AMPlify_non_AMP_test_imbalanced.fa,real_non_amp_amplify,0,teNEGATIVE00091,teNEGATIVE00091,23,0,False
AVREYHWFVE,AMPlify_non_AMP_train_imbalanced.fa,real_non_amp_amplify,0,trNEGATIVE76803,trNEGATIVE76803,10,0,False
CYIQNCLRV,AMPlify_non_AMP_train_imbalanced.fa,real_non_amp_amplify,0,trNEGATIVE85407,trNEGATIVE85407,9,0,False
MNVQFTVNGRAASIDVPPNTLLVQ,AMPlify_non_AMP_train_imbalanced.fa,real_non_amp_amplify,0,trNEGATIVE00994,trNEGATIVE00994,24,0,False
NYDKPPVEKPPVYKPPVEKPPVYKP,AMPlify_non_AMP_train_imbalanced.fa,real_non_amp_amplify,0,trNEGATIVE01025,trNEGATIVE01025,25,0,False
GLSLSFAPK,AMPlify_non_AMP_train_imbalanced.fa,real_non_amp_amplify,0,trNEGATIVE65180,trNEGATIVE65180,9,0,False
SHTCEICAFAACAGC,AMPlify_non_AMP_train_imbalanced.fa,real_non_amp_amplify,0,trNEGATIVE03228,trNEGATIVE03228,15,0,False
SVLEIGLMLQEETEKNPKTSYSI,AMPlify_non_AMP_test_imbalanced.fa,real_non_amp_amplify,0,teNEGATIVE00680,teNEGATIVE00680,23,0,False
MEDEGAGG,AMPlify_non_AMP_test_imbalanced.fa,real_non_amp_amplify,0,teNEGATIVE23883,teNEGATIVE23883,8,0,False
GSSGLIAMPRV,AMPlify_non_AMP_train_imbalanced.fa,real_non_amp_amplify,0,trNEGATIVE00693,trNEGATIVE00693,11,0,False
SPTEQPYSSAAPLI,AMPlify_non_AMP_train_imbalanced.fa,real_non_amp_amplify,0,trNEGATIVE02141,trNEGATIVE02141,14,0,False
MLPSISFDYIKRPNIVLFSNVLSLSSNI,AMPlify_non_AMP_test_imbalanced.fa,real_non_amp_amplify,0,teNEGATIVE00807,teNEGATIVE00807,28,0,False
GPQQQHRL,AMPlify_non_AMP_train_imbalanced.fa,real_non_amp_amplify,0,trNEGATIVE57165,trNEGATIVE57165,8,0,False
DHAGTVSKAHKQHDVNSVLYKVYEDI,AMPlify_non_AMP_train_imbalanced.fa,real_non_amp_amplify,0,trNEGATIVE00354,trNEGATIVE00354,26,0,False
PSATYFVR,AMPlify_non_AMP_train_imbalanced.fa,real_non_amp_amplify,0,trNEGATIVE95671,trNEGATIVE95671,8,0,False
DCLPCGHDVCC,AMPlify_non_AMP_test_imbalanced.fa,real_non_amp_amplify,0,teNEGATIVE00821,teNEGATIVE00821,11,0,False
NRTFKTNTKCHVKNQCNFLCQ,AMPlify_non_AMP_train_imbalanced.fa,real_non_amp_amplify,0,trNEGATIVE01827,trNEGATIVE01827,21,0,False
ATLTVFFRDN,AMPlify_non_AMP_test_imbalanced.fa,real_non_amp_amplify,0,teNEGATIVE08052,teNEGATIVE08052,10,0,False
GASGLIAFPRL,AMPlify_non_AMP_train_imbalanced.fa,real_non_amp_amplify,0,trNEGATIVE02169,trNEGATIVE02169,11,0,False
MLNAVDAKLTTDFGQR,AMPlify_non_AMP_test_imbalanced.fa,real_non_amp_amplify,0,teNEGATIVE00151,teNEGATIVE00151,16,0,False
YDPSPLQDFCIAD,AMPlify_non_AMP_train_imbalanced.fa,real_non_amp_amplify,0,trNEGATIVE01831,trNEGATIVE01831,13,0,False
SSGGGDGSGMWFGPRL,AMPlify_non_AMP_train_imbalanced.fa,real_non_amp_amplify,0,trNEGATIVE02210,trNEGATIVE02210,16,0,False
GPSMGFHGMR,AMPlify_non_AMP_train_imbalanced.fa,real_non_amp_amplify,0,trNEGATIVE64625,trNEGATIVE64625,10,0,False
MAAYLDPTGQY,AMPlify_non_AMP_train_imbalanced.fa,real_non_amp_amplify,0,trNEGATIVE00794,trNEGATIVE00794,11,0,False
MLASGLLLVALLACLTVMVL,AMPlify_non_AMP_train_imbalanced.fa,real_non_amp_amplify,0,trNEGATIVE01654,trNEGATIVE01654,20,0,False
EPIDLLGKVFVFSKESNVDDVKLLTPQTE,AMPlify_non_AMP_train_imbalanced.fa,real_non_amp_amplify,0,trNEGATIVE00358,trNEGATIVE00358,29,0,False
NLVQFGKMIE,AMPlify_non_AMP_train_imbalanced.fa,real_non_amp_amplify,0,trNEGATIVE02616,trNEGATIVE02616,10,0,False
IVGGYECEAYSKPYQVSINLGY,AMPlify_non_AMP_train_imbalanced.fa,real_non_amp_amplify,0,trNEGATIVE00270,trNEGATIVE00270,22,0,False
NNFSDCFWKYCV,AMPlify_non_AMP_train_imbalanced.fa,real_non_amp_amplify,0,trNEGATIVE01439,trNEGATIVE01439,12,0,False
APALRLRF,AMPlify_non_AMP_train_imbalanced.fa,real_non_amp_amplify,0,trNEGATIVE77931,trNEGATIVE77931,8,0,False
FYEKEGLPAFPMGK,AMPlify_non_AMP_train_imbalanced.fa,real_non_amp_amplify,0,trNEGATIVE03250,trNEGATIVE03250,14,0,False
MVYVMSMVSLLKRLLTVTRWKLQITG,AMPlify_non_AMP_train_imbalanced.fa,real_non_amp_amplify,0,trNEGATIVE03134,trNEGATIVE03134,26,0,False
QLNFSPNW,AMPlify_non_AMP_train_imbalanced.fa,real_non_amp_amplify,0,trNEGATIVE28115,trNEGATIVE28115,8,0,False
SKIKKEIAELLKREGFIRDVE,AMPlify_non_AMP_train_imbalanced.fa,real_non_amp_amplify_window,0,trNEGATIVE93465,trNEGATIVE93465,132,29,True
AQPPQADFL,AMPlify_non_AMP_train_imbalanced.fa,real_non_amp_amplify,0,trNEGATIVE01783,trNEGATIVE01783,9,0,False
MLRYLSLFAVGLATGYAWGWIDGLAASLTV,AMPlify_non_AMP_train_imbalanced.fa,real_non_amp_amplify,0,trNEGATIVE02362,trNEGATIVE02362,30,0,False
AAKIKKGDNVVVLTG,AMPlify_non_AMP_train_imbalanced.fa,real_non_amp_amplify,0,trNEGATIVE00582,trNEGATIVE00582,15,0,False
LENRVAEKQKLFQEDNGLPVHLKGGATDN,AMPlify_non_AMP_train_imbalanced.fa,real_non_amp_amplify,0,trNEGATIVE02532,trNEGATIVE02532,29,0,False
VWNVTNGKRFTTYAI,AMPlify_non_AMP_train_imbalanced.fa,real_non_amp_amplify_window,0,trNEGATIVE48305,trNEGATIVE48305,126,45,True
CCIARQICEGCICCI,AMPlify_non_AMP_train_imbalanced.fa,real_non_amp_amplify,0,trNEGATIVE02455,trNEGATIVE02455,15,0,False
ADKNFLRF,AMPlify_non_AMP_train_imbalanced.fa,real_non_amp_amplify,0,trNEGATIVE03107,trNEGATIVE03107,8,0,False
VKTPITEAIAAADTQG,AMPlify_non_AMP_test_imbalanced.fa,real_non_amp_amplify,0,teNEGATIVE00516,teNEGATIVE00516,16,0,False
NSTMDSLLQLGR,AMPlify_non_AMP_test_imbalanced.fa,real_non_amp_amplify,0,teNEGATIVE00332,teNEGATIVE00332,12,0,False
GRNGKSQSIIVGPWGDRVTN,AMPlify_non_AMP_test_imbalanced.fa,real_non_amp_amplify,0,teNEGATIVE00732,teNEGATIVE00732,20,0,False
IIGGVESRPHSRPYMATLEIT,AMPlify_non_AMP_train_imbalanced.fa,real_non_amp_amplify,0,trNEGATIVE00290,trNEGATIVE00290,21,0,False
WNETSDKDLYTDSR,AMPlify_non_AMP_train_imbalanced.fa,real_non_amp_amplify,0,trNEGATIVE02795,trNEGATIVE02795,14,0,False
QRRCPRIYMECKHDSDCLADCVCLEHGICG,AMPlify_non_AMP_train_imbalanced.fa,real_non_amp_amplify,0,trNEGATIVE01601,trNEGATIVE01601,30,0,False
CCRLACGLGCHPCC,AMPlify_non_AMP_train_imbalanced.fa,real_non_amp_amplify,0,trNEGATIVE00261,trNEGATIVE00261,14,0,False
QCCPTMPECCRI,AMPlify_non_AMP_train_imbalanced.fa,real_non_amp_amplify,0,trNEGATIVE01984,trNEGATIVE01984,12,0,False
SANTKNDFMRF,AMPlify_non_AMP_train_imbalanced.fa,real_non_amp_amplify,0,trNEGATIVE02007,trNEGATIVE02007,11,0,False
RGSNLTHPLRNI,AMPlify_non_AMP_train_imbalanced.fa,real_non_amp_amplify,0,trNEGATIVE00417,trNEGATIVE00417,12,0,False
ARICPRILMKCKKDSDCLAECICEEHGFCG,AMPlify_non_AMP_train_imbalanced.fa,real_non_amp_amplify,0,trNEGATIVE02985,trNEGATIVE02985,30,0,False
SATAAREEYQRKRSQFIEIG,AMPlify_non_AMP_train_imbalanced.fa,real_non_amp_amplify,0,trNEGATIVE01146,trNEGATIVE01146,20,0,False
GSTTAESAALR,AMPlify_non_AMP_train_imbalanced.fa,real_non_amp_amplify,0,trNEGATIVE00527,trNEGATIVE00527,11,0,False
GGETGGEGKGMWFGPRL,AMPlify_non_AMP_train_imbalanced.fa,real_non_amp_amplify,0,trNEGATIVE01742,trNEGATIVE01742,17,0,False
RAHFLPPLLLL,AMPlify_non_AMP_train_imbalanced.fa,real_non_amp_amplify,0,trNEGATIVE01803,trNEGATIVE01803,11,0,False
LGYITCPGSNLGTLR,AMPlify_non_AMP_train_imbalanced.fa,real_non_amp_amplify,0,trNEGATIVE02794,trNEGATIVE02794,15,0,False
AIEVQTVTLIPGD,AMPlify_non_AMP_train_imbalanced.fa,real_non_amp_amplify,0,trNEGATIVE00878,trNEGATIVE00878,13,0,False
MATPGFSCLLLSTSEIDLPMKRRV,AMPlify_non_AMP_train_imbalanced.fa,real_non_amp_amplify,0,trNEGATIVE02730,trNEGATIVE02730,24,0,False
KKNGYAVDSSGKVAE,AMPlify_non_AMP_train_imbalanced.fa,real_non_amp_amplify,0,trNEGATIVE01250,trNEGATIVE01250,15,0,False
MEFGNLTNLDVA,AMPlify_non_AMP_train_imbalanced.fa,real_non_amp_amplify,0,trNEGATIVE00052,trNEGATIVE00052,12,0,False
GSSFCDSKCAVRCSKAGVQD,AMPlify_non_AMP_train_imbalanced.fa,real_non_amp_amplify,0,trNEGATIVE00695,trNEGATIVE00695,20,0,False
GSNTECFWKYCV,AMPlify_non_AMP_train_imbalanced.fa,real_non_amp_amplify,0,trNEGATIVE00434,trNEGATIVE00434,12,0,False
GYGDRNFLRF,AMPlify_non_AMP_train_imbalanced.fa,real_non_amp_amplify,0,trNEGATIVE02189,trNEGATIVE02189,10,0,False
SPATMGFAGVR,AMPlify_non_AMP_train_imbalanced.fa,real_non_amp_amplify,0,trNEGATIVE00381,trNEGATIVE00381,11,0,False
EQFDEEFDIT,AMPlify_non_AMP_train_imbalanced.fa,real_non_amp_amplify,0,trNEGATIVE00227,trNEGATIVE00227,10,0,False
SLEDIEHEVEELLR,AMPlify_non_AMP_train_imbalanced.fa,real_non_amp_amplify,0,trNEGATIVE02225,trNEGATIVE02225,14,0,False
KDGYLVGSDGCKYSCLTRPG,AMPlify_non_AMP_train_imbalanced.fa,real_non_amp_amplify,0,trNEGATIVE02582,trNEGATIVE02582,20,0,False
SITKIKAREILD,AMPlify_non_AMP_train_imbalanced.fa,real_non_amp_amplify,0,trNEGATIVE01457,trNEGATIVE01457,12,0,False
NYIYSGHNYHQ,AMPlify_non_AMP_test_imbalanced.fa,real_non_amp_amplify,0,teNEGATIVE00017,teNEGATIVE00017,11,0,False
MFSLSNSQYTCQDYISDHIWKTSSH,AMPlify_non_AMP_train_imbalanced.fa,real_non_amp_amplify,0,trNEGATIVE00443,trNEGATIVE00443,25,0,False
RALATQLPVIPRSQVTFLAPVTRPEK,AMPlify_non_AMP_test_imbalanced.fa,real_non_amp_amplify,0,teNEGATIVE00226,teNEGATIVE00226,26,0,False
ADYLQLAR,AMPlify_non_AMP_train_imbalanced.fa,real_non_amp_amplify,0,trNEGATIVE45196,trNEGATIVE45196,8,0,False
HPGYGGATASVDRRKRQRLSRAASAWLARH,AMPlify_non_AMP_train_imbalanced.fa,real_non_amp_amplify_window,0,trNEGATIVE66193,trNEGATIVE66193,121,64,True
PAWLVDCPCVGDDVNFILTRGQK,AMPlify_non_AMP_train_imbalanced.fa,real_non_amp_amplify,0,trNEGATIVE02777,trNEGATIVE02777,23,0,False
VKRCCDEEECSSACWPCCWG,AMPlify_non_AMP_train_imbalanced.fa,real_non_amp_amplify,0,trNEGATIVE00777,trNEGATIVE00777,20,0,False
MIRVARESFALVSVIGFVWMMCTVANLVA,AMPlify_non_AMP_test_imbalanced.fa,real_non_amp_amplify,0,teNEGATIVE00381,teNEGATIVE00381,29,0,False
SCLEYGHSCWGAH,AMPlify_non_AMP_train_imbalanced.fa,real_non_amp_amplify,0,trNEGATIVE03081,trNEGATIVE03081,13,0,False
DVAGLVPAKDSPAFQKRAAAAVNTTAD,AMPlify_non_AMP_train_imbalanced.fa,real_non_amp_amplify,0,trNEGATIVE02750,trNEGATIVE02750,27,0,False
VARSLLIFEVQQPFLFLL,AMPlify_non_AMP_train_imbalanced.fa,real_non_amp_amplify,0,trNEGATIVE00464,trNEGATIVE00464,18,0,False
DHLPHDVYSPRL,AMPlify_non_AMP_train_imbalanced.fa,real_non_amp_amplify,0,trNEGATIVE02443,trNEGATIVE02443,12,0,False
ENFAGGCTPGYQRTADGRCKATF,AMPlify_non_AMP_train_imbalanced.fa,real_non_amp_amplify,0,trNEGATIVE00202,trNEGATIVE00202,23,0,False
YGLAADNVLDAR,AMPlify_non_AMP_test_imbalanced.fa,real_non_amp_amplify,0,teNEGATIVE00189,teNEGATIVE00189,12,0,False
SDNNQQGKSAQQGGY,AMPlify_non_AMP_train_imbalanced.fa,real_non_amp_amplify,0,trNEGATIVE00648,trNEGATIVE00648,15,0,False
LQAIGVEFDLILTSPLVRAQQTAQIL,AMPlify_non_AMP_train_imbalanced.fa,real_non_amp_amplify_window,0,trNEGATIVE87413,trNEGATIVE87413,164,39,True
MSDINAIRAPILMLAILPCVGDDIEVLR,AMPlify_non_AMP_train_imbalanced.fa,real_non_amp_amplify,0,trNEGATIVE00929,trNEGATIVE00929,28,0,False
AGEPKLDAGV,AMPlify_non_AMP_train_imbalanced.fa,real_non_amp_amplify,0,trNEGATIVE21202,trNEGATIVE21202,10,0,False
AGPYSFGL,AMPlify_non_AMP_train_imbalanced.fa,real_non_amp_amplify,0,trNEGATIVE80561,trNEGATIVE80561,8,0,False
MSTDLKFSLVTTIIVLGLIVAVGLTAALH,AMPlify_non_AMP_train_imbalanced.fa,real_non_amp_amplify,0,trNEGATIVE01999,trNEGATIVE01999,29,0,False
FKVDEEFQGPIVSQNRRYFLFRPRN,AMPlify_non_AMP_train_imbalanced.fa,real_non_amp_amplify,0,trNEGATIVE01040,trNEGATIVE01040,25,0,False
ERVCCGYPMSCKSRACKPSYCC,AMPlify_non_AMP_train_imbalanced.fa,real_non_amp_amplify,0,trNEGATIVE01731,trNEGATIVE01731,22,0,False
INNKKTHIRCRRCG,AMPlify_non_AMP_train_imbalanced.fa,real_non_amp_amplify_window,0,trNEGATIVE48946,trNEGATIVE48946,54,10,True
LSTDIVAPPV,AMPlify_non_AMP_train_imbalanced.fa,real_non_amp_amplify,0,trNEGATIVE03174,trNEGATIVE03174,10,0,False
ADYLQLTRA,AMPlify_non_AMP_train_imbalanced.fa,real_non_amp_amplify,0,trNEGATIVE09075,trNEGATIVE09075,9,0,False
TQSTGTSQTIAVGLWGGPDN,AMPlify_non_AMP_train_imbalanced.fa,real_non_amp_amplify,0,trNEGATIVE02475,trNEGATIVE02475,20,0,False
MELCWLTTIHGS,AMPlify_non_AMP_train_imbalanced.fa,real_non_amp_amplify,0,trNEGATIVE01416,trNEGATIVE01416,12,0,False
MIPAQFTYRRVSSVDEALAAVAEHGD,AMPlify_non_AMP_train_imbalanced.fa,real_non_amp_amplify,0,trNEGATIVE01562,trNEGATIVE01562,26,0,False
AKSILLGEEGRHSMQAGVDKLANTVKVTLG,AMPlify_non_AMP_train_imbalanced.fa,real_non_amp_amplify,0,trNEGATIVE02857,trNEGATIVE02857,30,0,False
PGGYGAILRYKQHERTFSAGY,AMPlify_non_AMP_train_imbalanced.fa,real_non_amp_amplify_window,0,trNEGATIVE60624,trNEGATIVE60624,158,18,True
MDIVSLGWAFLMVVFSFSLSLVVWGRNGL,AMPlify_non_AMP_train_imbalanced.fa,real_non_amp_amplify,0,trNEGATIVE01341,trNEGATIVE01341,29,0,False
EGSGSGETSGMWFGPRL,AMPlify_non_AMP_train_imbalanced.fa,real_non_amp_amplify,0,trNEGATIVE00018,trNEGATIVE00018,17,0,False
PALIPFPRV,AMPlify_non_AMP_train_imbalanced.fa,real_non_amp_amplify,0,trNEGATIVE45071,trNEGATIVE45071,9,0,False
PQTETKASVGFKAGVK,AMPlify_non_AMP_train_imbalanced.fa,real_non_amp_amplify,0,trNEGATIVE01131,trNEGATIVE01131,16,0,False
MESIEQRVKKIVAEQLGVAEAEIKA,AMPlify_non_AMP_train_imbalanced.fa,real_non_amp_amplify,0,trNEGATIVE02287,trNEGATIVE02287,25,0,False
MKFYTIKLPKFLGGIVRAMLGSFRKD,AMPlify_non_AMP_test_imbalanced.fa,real_non_amp_amplify,0,teNEGATIVE00210,teNEGATIVE00210,26,0,False
MDYLITFYHSPQTNS,AMPlify_non_AMP_test_imbalanced.fa,real_non_amp_amplify,0,teNEGATIVE00804,teNEGATIVE00804,15,0,False
GGHGHQHQQQHQGHGQ,AMPlify_non_AMP_test_imbalanced.fa,real_non_amp_amplify_window,0,teNEGATIVE11755,teNEGATIVE11755,133,34,True
AKSDVAELKPR,AMPlify_non_AMP_train_imbalanced.fa,real_non_amp_amplify,0,trNEGATIVE02061,trNEGATIVE02061,11,0,False
MKKCAFVSDFDGTISKQDFY,AMPlify_non_AMP_train_imbalanced.fa,real_non_amp_amplify,0,trNEGATIVE00983,trNEGATIVE00983,20,0,False
VKKVAIIGAGVSGLASIRS,AMPlify_non_AMP_train_imbalanced.fa,real_non_amp_amplify,0,trNEGATIVE00062,trNEGATIVE00062,19,0,False
ALVLIAFAQVLQQCP,AMPlify_non_AMP_train_imbalanced.fa,real_non_amp_amplify,0,trNEGATIVE00108,trNEGATIVE00108,15,0,False
TATTRRRGRPPGFSPFR,AMPlify_non_AMP_train_imbalanced.fa,real_non_amp_amplify,0,trNEGATIVE03125,trNEGATIVE03125,17,0,False
DASFHSWG,AMPlify_non_AMP_test_imbalanced.fa,real_non_amp_amplify,0,teNEGATIVE15878,teNEGATIVE15878,8,0,False
SMPSLRLRF,AMPlify_non_AMP_train_imbalanced.fa,real_non_amp_amplify,0,trNEGATIVE83599,trNEGATIVE83599,9,0,False
ALVSADGDSWFAR,AMPlify_non_AMP_train_imbalanced.fa,real_non_amp_amplify,0,trNEGATIVE00852,trNEGATIVE00852,13,0,False
AGVWTVWGTI,AMPlify_non_AMP_train_imbalanced.fa,real_non_amp_amplify,0,trNEGATIVE02728,trNEGATIVE02728,10,0,False
MNEYLLPK,AMPlify_non_AMP_train_imbalanced.fa,real_non_amp_amplify,0,trNEGATIVE65692,trNEGATIVE65692,8,0,False
GPSQDFMRF,AMPlify_non_AMP_train_imbalanced.fa,real_non_amp_amplify,0,trNEGATIVE37526,trNEGATIVE37526,9,0,False
GSSGLIPFPRV,AMPlify_non_AMP_train_imbalanced.fa,real_non_amp_amplify,0,trNEGATIVE00003,trNEGATIVE00003,11,0,False
MIGIADVKLLNLGMLFPFVEVES,AMPlify_non_AMP_train_imbalanced.fa,real_non_amp_amplify,0,trNEGATIVE01122,trNEGATIVE01122,23,0,False
YEYSVYREIIGSGHIIAR,AMPlify_non_AMP_train_imbalanced.fa,real_non_amp_amplify,0,trNEGATIVE00919,trNEGATIVE00919,18,0,False
APLSGFYGVR,AMPlify_non_AMP_train_imbalanced.fa,real_non_amp_amplify,0,trNEGATIVE90788,trNEGATIVE90788,10,0,False
QNWPSPKVPP,AMPlify_non_AMP_train_imbalanced.fa,real_non_amp_amplify,0,trNEGATIVE81301,trNEGATIVE81301,10,0,False
SAIDPNPDTPDSE,AMPlify_non_AMP_train_imbalanced.fa,real_non_amp_amplify,0,trNEGATIVE00351,trNEGATIVE00351,13,0,False
SLLEFGMMILEE,AMPlify_non_AMP_train_imbalanced.fa,real_non_amp_amplify,0,trNEGATIVE00655,trNEGATIVE00655,12,0,False
QGAVGSVQIPVVEVDELPEGYD,AMPlify_non_AMP_train_imbalanced.fa,real_non_amp_amplify_window,0,trNEGATIVE33391,trNEGATIVE33391,111,87,True
RLSKKPGKVKE,AMPlify_non_AMP_train_imbalanced.fa,real_non_amp_amplify,0,trNEGATIVE00561,trNEGATIVE00561,11,0,False
GCCSPWNCIQLRACPCCPN,AMPlify_non_AMP_train_imbalanced.fa,real_non_amp_amplify,0,trNEGATIVE00696,trNEGATIVE00696,19,0,False
ANNPGARKAIRKIEARTEVN,AMPlify_non_AMP_test_imbalanced.fa,real_non_amp_amplify,0,teNEGATIVE00158,teNEGATIVE00158,20,0,False
GWTLNSAGYLLGPHGIDGHRTLSDKHGLA,AMPlify_non_AMP_train_imbalanced.fa,real_non_amp_amplify,0,trNEGATIVE01171,trNEGATIVE01171,29,0,False
MPEPAKSAPKKGSTRTAAKGGKKRRKSRK,AMPlify_non_AMP_test_imbalanced.fa,real_non_amp_amplify,0,teNEGATIVE00713,teNEGATIVE00713,29,0,False
YGVGLGKDHTLFAKVDGVVKFETKGA,AMPlify_non_AMP_test_imbalanced.fa,real_non_amp_amplify_window,0,teNEGATIVE20289,teNEGATIVE20289,85,48,True
GGGGTSGLFAFPRV,AMPlify_non_AMP_test_imbalanced.fa,real_non_amp_amplify,0,teNEGATIVE00491,teNEGATIVE00491,14,0,False
YAEVPSPAAQAPTAD,AMPlify_non_AMP_train_imbalanced.fa,real_non_amp_amplify,0,trNEGATIVE02996,trNEGATIVE02996,15,0,False
KPSGCGEQNMINFYPNVL,AMPlify_non_AMP_train_imbalanced.fa,real_non_amp_amplify,0,trNEGATIVE00639,trNEGATIVE00639,18,0,False
AAQEGETLTVEETV,AMPlify_non_AMP_train_imbalanced.fa,real_non_amp_amplify,0,trNEGATIVE03131,trNEGATIVE03131,14,0,False
GTIAYELVCNMPLR,AMPlify_non_AMP_train_imbalanced.fa,real_non_amp_amplify_window,0,trNEGATIVE53451,trNEGATIVE53451,166,145,True
EGANSNEAKGMWFGPRL,AMPlify_non_AMP_train_imbalanced.fa,real_non_amp_amplify,0,trNEGATIVE03140,trNEGATIVE03140,17,0,False
THPSVLPFIKQLIGTMDSVRGLPR,AMPlify_non_AMP_train_imbalanced.fa,real_non_amp_amplify,0,trNEGATIVE00545,trNEGATIVE00545,24,0,False
ARRRRRSSRPQRRRRRRRHGRRRRGRR,AMPlify_non_AMP_test_imbalanced.fa,real_non_amp_amplify,0,teNEGATIVE00253,teNEGATIVE00253,27,0,False
ADKEESLRLAEMLRS,AMPlify_non_AMP_train_imbalanced.fa,real_non_amp_amplify_window,0,trNEGATIVE88450,trNEGATIVE88450,167,61,True
KAVVLGKAGGTAELPCQASQ,AMPlify_non_AMP_test_imbalanced.fa,real_non_amp_amplify,0,teNEGATIVE00530,teNEGATIVE00530,20,0,False
QARPRHPKIPP,AMPlify_non_AMP_test_imbalanced.fa,real_non_amp_amplify,0,teNEGATIVE00599,teNEGATIVE00599,11,0,False
ALVEDPQMQKYHKH,AMPlify_non_AMP_test_imbalanced.fa,real_non_amp_amplify,0,teNEGATIVE00318,teNEGATIVE00318,14,0,False
ITAKPAKTPT,AMPlify_non_AMP_train_imbalanced.fa,real_non_amp_amplify,0,trNEGATIVE83412,trNEGATIVE83412,10,0,False
GSGADCFWKYCV,AMPlify_non_AMP_train_imbalanced.fa,real_non_amp_amplify,0,trNEGATIVE00638,trNEGATIVE00638,12,0,False
MSGRGKGGKGLGKGGAKRHRKVLRD,AMPlify_non_AMP_train_imbalanced.fa,real_non_amp_amplify,0,trNEGATIVE03284,trNEGATIVE03284,25,0,False
DDLHPFNENNMYYGCKGLSNSNKFED,AMPlify_non_AMP_train_imbalanced.fa,real_non_amp_amplify,0,trNEGATIVE02992,trNEGATIVE02992,26,0,False
SLGGKPDLRPCYPPCHYIPRPKPR,AMPlify_non_AMP_train_imbalanced.fa,real_non_amp_amplify,0,trNEGATIVE02848,trNEGATIVE02848,24,0,False
MAWKAPKIVEVPCGMEINMYVSATRK,AMPlify_non_AMP_train_imbalanced.fa,real_non_amp_amplify,0,trNEGATIVE00484,trNEGATIVE00484,26,0,False
DDDDLEGFSE,AMPlify_non_AMP_train_imbalanced.fa,real_non_amp_amplify,0,trNEGATIVE00039,trNEGATIVE00039,10,0,False
DDCGTLFSGCDTSKDCCEGYVCHLWCKYK,AMPlify_non_AMP_train_imbalanced.fa,real_non_amp_amplify,0,trNEGATIVE00585,trNEGATIVE00585,29,0,False
QGGPPRPQIPP,AMPlify_non_AMP_train_imbalanced.fa,real_non_amp_amplify,0,trNEGATIVE01000,trNEGATIVE01000,11,0,False
QLTFTSSWG,AMPlify_non_AMP_train_imbalanced.fa,real_non_amp_amplify,0,trNEGATIVE47939,trNEGATIVE47939,9,0,False
TPGQDFMRF,AMPlify_non_AMP_train_imbalanced.fa,real_non_amp_amplify,0,trNEGATIVE46896,trNEGATIVE46896,9,0,False
NAAVAGAVIEGATLTFEVLQ,AMPlify_non_AMP_train_imbalanced.fa,real_non_amp_amplify,0,trNEGATIVE00421,trNEGATIVE00421,20,0,False
SGLQFAVLDGQGFLPFPRV,AMPlify_non_AMP_train_imbalanced.fa,real_non_amp_amplify,0,trNEGATIVE00775,trNEGATIVE00775,19,0,False
MANTQNISIWWWAR,AMPlify_non_AMP_train_imbalanced.fa,real_non_amp_amplify,0,trNEGATIVE01221,trNEGATIVE01221,14,0,False
GGPAGKQNAVNQLLVLIYDPKSYKD,AMPlify_non_AMP_train_imbalanced.fa,real_non_amp_amplify,0,trNEGATIVE01962,trNEGATIVE01962,25,0,False
PDQLVQDLVEERLEQADAKSGWILDGFPR,AMPlify_non_AMP_train_imbalanced.fa,real_non_amp_amplify_window,0,trNEGATIVE78620,trNEGATIVE78620,184,60,True
HLKYKDPEQG,AMPlify_non_AMP_train_imbalanced.fa,real_non_amp_amplify,0,trNEGATIVE33483,trNEGATIVE33483,10,0,False
MKTKFVFDLLTPDDILHPSNHVNLIIRPI,AMPlify_non_AMP_train_imbalanced.fa,real_non_amp_amplify,0,trNEGATIVE01520,trNEGATIVE01520,29,0,False
QLWPRPHIPP,AMPlify_non_AMP_train_imbalanced.fa,real_non_amp_amplify,0,trNEGATIVE02487,trNEGATIVE02487,10,0,False
TPEHQRYIELFLVVDSGMFMKYNGNSDKI,AMPlify_non_AMP_train_imbalanced.fa,real_non_amp_amplify,0,trNEGATIVE01888,trNEGATIVE01888,29,0,False
APAMGFQGVR,AMPlify_non_AMP_train_imbalanced.fa,real_non_amp_amplify,0,trNEGATIVE01408,trNEGATIVE01408,10,0,False
SAPGQDFMRF,AMPlify_non_AMP_train_imbalanced.fa,real_non_amp_amplify,0,trNEGATIVE39833,trNEGATIVE39833,10,0,False
ITFSKIYRSCKSDSDCGNQKCARGRCV,AMPlify_non_AMP_train_imbalanced.fa,real_non_amp_amplify,0,trNEGATIVE01802,trNEGATIVE01802,27,0,False
KFKVVTTFTVIQDIAQNVAGDAAT,AMPlify_non_AMP_train_imbalanced.fa,real_non_amp_amplify,0,trNEGATIVE02205,trNEGATIVE02205,24,0,False
AIKVFHIVAETGIHARPAT,AMPlify_non_AMP_test_imbalanced.fa,real_non_amp_amplify,0,teNEGATIVE00462,teNEGATIVE00462,19,0,False
DGPAQKQNTVNQLLVLIYLYK,AMPlify_non_AMP_train_imbalanced.fa,real_non_amp_amplify,0,trNEGATIVE02895,trNEGATIVE02895,21,0,False
KPCCSIHDSSCCGI,AMPlify_non_AMP_train_imbalanced.fa,real_non_amp_amplify,0,trNEGATIVE02019,trNEGATIVE02019,14,0,False
IVGGVSVAIE,AMPlify_non_AMP_train_imbalanced.fa,real_non_amp_amplify,0,trNEGATIVE28204,trNEGATIVE28204,10,0,False
RCCPMPGCFAGPFCPCC,AMPlify_non_AMP_train_imbalanced.fa,real_non_amp_amplify,0,trNEGATIVE02624,trNEGATIVE02624,17,0,False
VLAGISREDTEAD,AMPlify_non_AMP_train_imbalanced.fa,real_non_amp_amplify_window,0,trNEGATIVE35423,trNEGATIVE35423,149,28,True
GALVAAYGLYDGFLTL,AMPlify_non_AMP_test_imbalanced.fa,real_non_amp_amplify,0,teNEGATIVE00195,teNEGATIVE00195,16,0,False
DGDDGDGD,AMPlify_non_AMP_train_imbalanced.fa,real_non_amp_amplify,0,trNEGATIVE13444,trNEGATIVE13444,8,0,False
VGCEECPMHCKGKNAVPTCDNGVCNCNA,AMPlify_non_AMP_train_imbalanced.fa,real_non_amp_amplify,0,trNEGATIVE02913,trNEGATIVE02913,28,0,False
LAEQAERYEEMVEFMEK,AMPlify_non_AMP_train_imbalanced.fa,real_non_amp_amplify,0,trNEGATIVE00500,trNEGATIVE00500,17,0,False
MTRSLKKNPFVANHLLNKIDKLNT,AMPlify_non_AMP_train_imbalanced.fa,real_non_amp_amplify,0,trNEGATIVE01440,trNEGATIVE01440,24,0,False
TQLEAACPNVVSCADILALAAR,AMPlify_non_AMP_test_imbalanced.fa,real_non_amp_amplify,0,teNEGATIVE00139,teNEGATIVE00139,22,0,False
MAPRGFSCLLLSTSEIDLPVKRLLSSVF,AMPlify_non_AMP_train_imbalanced.fa,real_non_amp_amplify,0,trNEGATIVE02366,trNEGATIVE02366,28,0,False
FIGDIWSGIQG,AMPlify_non_AMP_train_imbalanced.fa,real_non_amp_amplify,0,trNEGATIVE02743,trNEGATIVE02743,11,0,False
APGQDFMRF,AMPlify_non_AMP_train_imbalanced.fa,real_non_amp_amplify,0,trNEGATIVE01889,trNEGATIVE01889,9,0,False
LKCNKLVPLFYKTCP,AMPlify_non_AMP_train_imbalanced.fa,real_non_amp_amplify,0,trNEGATIVE01313,trNEGATIVE01313,15,0,False
MHIVVCIKQVPDSAQIRV,AMPlify_non_AMP_train_imbalanced.fa,real_non_amp_amplify,0,trNEGATIVE00059,trNEGATIVE00059,18,0,False
ADGSDPVGGESLPDTGGAR,AMPlify_non_AMP_train_imbalanced.fa,real_non_amp_amplify,0,trNEGATIVE02439,trNEGATIVE02439,19,0,False
MAKFELPNLPTADDAL,AMPlify_non_AMP_train_imbalanced.fa,real_non_amp_amplify,0,trNEGATIVE01698,trNEGATIVE01698,16,0,False
MTDTQVFVALLLALVPAVLAYRLGTELYR,AMPlify_non_AMP_train_imbalanced.fa,real_non_amp_amplify,0,trNEGATIVE02933,trNEGATIVE02933,29,0,False
STNAAQASMVAPFTGLKSA,AMPlify_non_AMP_train_imbalanced.fa,real_non_amp_amplify_window,0,trNEGATIVE64600,trNEGATIVE64600,180,13,True
NIQIICCKHTPKCCT,AMPlify_non_AMP_train_imbalanced.fa,real_non_amp_amplify,0,trNEGATIVE01097,trNEGATIVE01097,15,0,False
DVPSANANANNQRTAAAKPQANAEASS,AMPlify_non_AMP_train_imbalanced.fa,real_non_amp_amplify,0,trNEGATIVE02223,trNEGATIVE02223,27,0,False
EVLYIPVTTDA,AMPlify_non_AMP_train_imbalanced.fa,real_non_amp_amplify,0,trNEGATIVE02671,trNEGATIVE02671,11,0,False
VIGGAEENINEHRSL,AMPlify_non_AMP_train_imbalanced.fa,real_non_amp_amplify,0,trNEGATIVE03225,trNEGATIVE03225,15,0,False
ATGQYAFGL,AMPlify_non_AMP_train_imbalanced.fa,real_non_amp_amplify,0,trNEGATIVE56802,trNEGATIVE56802,9,0,False
MKKAERGASPKQIKPHRYYLLAVH,AMPlify_non_AMP_train_imbalanced.fa,real_non_amp_amplify,0,trNEGATIVE00843,trNEGATIVE00843,24,0,False
TFDVCYEQLFFVGGNWK,AMPlify_non_AMP_train_imbalanced.fa,real_non_amp_amplify,0,trNEGATIVE01895,trNEGATIVE01895,17,0,False
EAEYNPDITVRDAIKLAEKALKSS,AMPlify_non_AMP_train_imbalanced.fa,real_non_amp_amplify_window,0,trNEGATIVE37850,trNEGATIVE37850,196,142,True
AWVDWEDQILQDTVPLVNFVRMI,AMPlify_non_AMP_test_imbalanced.fa,real_non_amp_amplify,0,teNEGATIVE00336,teNEGATIVE00336,23,0,False
GDSEVPGMWFGPRL,AMPlify_non_AMP_train_imbalanced.fa,real_non_amp_amplify,0,trNEGATIVE00150,trNEGATIVE00150,14,0,False
AVFVILTNVYT,AMPlify_non_AMP_train_imbalanced.fa,real_non_amp_amplify,0,trNEGATIVE01385,trNEGATIVE01385,11,0,False
MLLHRLSKFCKIERDIVYIS,AMPlify_non_AMP_train_imbalanced.fa,real_non_amp_amplify,0,trNEGATIVE03000,trNEGATIVE03000,20,0,False
DCPSDWSPYEGHCYK,AMPlify_non_AMP_train_imbalanced.fa,real_non_amp_amplify,0,trNEGATIVE01246,trNEGATIVE01246,15,0,False
ISALFDEYEPLNDAD,AMPlify_non_AMP_train_imbalanced.fa,real_non_amp_amplify,0,trNEGATIVE00414,trNEGATIVE00414,15,0,False
KDGYLMGADGCKLCVLTAPYDYCACE,AMPlify_non_AMP_train_imbalanced.fa,real_non_amp_amplify,0,trNEGATIVE03282,trNEGATIVE03282,26,0,False
LEDNGRTHWAVLVA,AMPlify_non_AMP_test_imbalanced.fa,real_non_amp_amplify,0,teNEGATIVE00219,teNEGATIVE00219,14,0,False
VARGGKTKGRRG,AMPlify_non_AMP_train_imbalanced.fa,real_non_amp_amplify,0,trNEGATIVE01691,trNEGATIVE01691,12,0,False
HTAADLLR,AMPlify_non_AMP_train_imbalanced.fa,real_non_amp_amplify,0,trNEGATIVE72317,trNEGATIVE72317,8,0,False
GPMEDPLEIIRI,AMPlify_non_AMP_train_imbalanced.fa,real_non_amp_amplify,0,trNEGATIVE01665,trNEGATIVE01665,12,0,False
MAPRGFSCLLLSTSEIDLPMAPVKRRA,AMPlify_non_AMP_test_imbalanced.fa,real_non_amp_amplify,0,teNEGATIVE00020,teNEGATIVE00020,27,0,False
VKSPCEDKIVGV,AMPlify_non_AMP_test_imbalanced.fa,real_non_amp_amplify_window,0,teNEGATIVE19707,teNEGATIVE19707,127,100,True
GSLGEKYAQKAAEVLTSIIP,AMPlify_non_AMP_train_imbalanced.fa,real_non_amp_amplify,0,trNEGATIVE03238,trNEGATIVE03238,20,0,False
PGGGVSGALSSLVQSLVR,AMPlify_non_AMP_test_imbalanced.fa,real_non_amp_amplify,0,teNEGATIVE00032,teNEGATIVE00032,18,0,False
APSDTTIAETLTITEEFFPD,AMPlify_non_AMP_test_imbalanced.fa,real_non_amp_amplify,0,teNEGATIVE00368,teNEGATIVE00368,20,0,False
AGVPFNTKTPYGPT,AMPlify_non_AMP_train_imbalanced.fa,real_non_amp_amplify,0,trNEGATIVE00343,trNEGATIVE00343,14,0,False
MREKWKKKRSRRLRRKRRKMRARSK,AMPlify_non_AMP_train_imbalanced.fa,real_non_amp_amplify,0,trNEGATIVE01248,trNEGATIVE01248,25,0,False
ASGENQAELKLATHNVYML,AMPlify_non_AMP_train_imbalanced.fa,real_non_amp_amplify,0,trNEGATIVE01544,trNEGATIVE01544,19,0,False
GFGMLFKFL,AMPlify_non_AMP_train_imbalanced.fa,real_non_amp_amplify,0,trNEGATIVE49669,trNEGATIVE49669,9,0,False
EAEPKPFNPVCYEPKEVGPCKAYVP,AMPlify_non_AMP_train_imbalanced.fa,real_non_amp_amplify,0,trNEGATIVE00154,trNEGATIVE00154,25,0,False
KRMLSNRESARRSRMRKQK,AMPlify_non_AMP_train_imbalanced.fa,real_non_amp_amplify,0,trNEGATIVE02811,trNEGATIVE02811,19,0,False
AGDVIYIVR,AMPlify_non_AMP_test_imbalanced.fa,real_non_amp_amplify,0,teNEGATIVE21820,teNEGATIVE21820,9,0,False
KPENENEEALHE,AMPlify_non_AMP_train_imbalanced.fa,real_non_amp_amplify,0,trNEGATIVE02083,trNEGATIVE02083,12,0,False
LVLPEVYDQDGHPLRIGQRYIINNP,AMPlify_non_AMP_test_imbalanced.fa,real_non_amp_amplify,0,teNEGATIVE00623,teNEGATIVE00623,25,0,False
GLLSSLGLNL,AMPlify_non_AMP_train_imbalanced.fa,real_non_amp_amplify,0,trNEGATIVE02467,trNEGATIVE02467,10,0,False
AAAELSLVQLESLREVCEQ,AMPlify_non_AMP_train_imbalanced.fa,real_non_amp_amplify,0,trNEGATIVE02186,trNEGATIVE02186,19,0,False
TGDMSGEGKGMWFGPRL,AMPlify_non_AMP_train_imbalanced.fa,real_non_amp_amplify,0,trNEGATIVE02398,trNEGATIVE02398,17,0,False
QPPTPPEHRFPGLM,AMPlify_non_AMP_train_imbalanced.fa,real_non_amp_amplify,0,trNEGATIVE02614,trNEGATIVE02614,14,0,False
MIINHNMSAMFAQRTLGVTNNAIGKDME,AMPlify_non_AMP_train_imbalanced.fa,real_non_amp_amplify,0,trNEGATIVE01484,trNEGATIVE01484,28,0,False
MSRLFFVCRKVR,AMPlify_non_AMP_train_imbalanced.fa,real_non_amp_amplify,0,trNEGATIVE00023,trNEGATIVE00023,12,0,False
VSGTSYADYLR,AMPlify_non_AMP_train_imbalanced.fa,real_non_amp_amplify,0,trNEGATIVE00017,trNEGATIVE00017,11,0,False
GRCCDVPNACSGRWCRDHAQCC,AMPlify_non_AMP_train_imbalanced.fa,real_non_amp_amplify,0,trNEGATIVE00728,trNEGATIVE00728,22,0,False
DEGPYKMEHFRWGSPRKD,AMPlify_non_AMP_train_imbalanced.fa,real_non_amp_amplify,0,trNEGATIVE00977,trNEGATIVE00977,18,0,False
VFEIAPSAK,AMPlify_non_AMP_train_imbalanced.fa,real_non_amp_amplify,0,trNEGATIVE90478,trNEGATIVE90478,9,0,False
QLHVNKARRVYIL,AMPlify_non_AMP_test_imbalanced.fa,real_non_amp_amplify,0,teNEGATIVE00157,teNEGATIVE00157,13,0,False
EAIKRARNIALLPI,AMPlify_non_AMP_train_imbalanced.fa,real_non_amp_amplify_window,0,trNEGATIVE66822,trNEGATIVE66822,92,71,True
GPMGWVPVFYRF,AMPlify_non_AMP_train_imbalanced.fa,real_non_amp_amplify,0,trNEGATIVE00870,trNEGATIVE00870,12,0,False
APQPYAFGL,AMPlify_non_AMP_train_imbalanced.fa,real_non_amp_amplify,0,trNEGATIVE63989,trNEGATIVE63989,9,0,False
VVKQGLLAGRIPGL,AMPlify_non_AMP_train_imbalanced.fa,real_non_amp_amplify,0,trNEGATIVE02339,trNEGATIVE02339,14,0,False
SVAVAGAIIKGAALTFNVLQ,AMPlify_non_AMP_train_imbalanced.fa,real_non_amp_amplify,0,trNEGATIVE01609,trNEGATIVE01609,20,0,False
SVFDEYLEKSKANK,AMPlify_non_AMP_train_imbalanced.fa,real_non_amp_amplify,0,trNEGATIVE01957,trNEGATIVE01957,14,0,False
TQAGSQNPNDLSPGP,AMPlify_non_AMP_train_imbalanced.fa,real_non_amp_amplify,0,trNEGATIVE01567,trNEGATIVE01567,15,0,False
DRVYVHPFHL,AMPlify_non_AMP_train_imbalanced.fa,real_non_amp_amplify,0,trNEGATIVE42694,trNEGATIVE42694,10,0,False
DSSVLTSEYPR,AMPlify_non_AMP_train_imbalanced.fa,real_non_amp_amplify,0,trNEGATIVE00012,trNEGATIVE00012,11,0,False
MRWEKPSYNDMRFGFEVTMYIYNR,AMPlify_non_AMP_train_imbalanced.fa,real_non_amp_amplify,0,trNEGATIVE03239,trNEGATIVE03239,24,0,False
QQWPPGHHIPP,AMPlify_non_AMP_train_imbalanced.fa,real_non_amp_amplify,0,trNEGATIVE00110,trNEGATIVE00110,11,0,False
KLSYDDKVFENVEFTPRL,AMPlify_non_AMP_train_imbalanced.fa,real_non_amp_amplify,0,trNEGATIVE00420,trNEGATIVE00420,18,0,False
GVPTVNAV,AMPlify_non_AMP_train_imbalanced.fa,real_non_amp_amplify,0,trNEGATIVE00225,trNEGATIVE00225,8,0,False
PLATMKEYLATSSVNEGTSKES,AMPlify_non_AMP_train_imbalanced.fa,real_non_amp_amplify_window,0,trNEGATIVE25517,trNEGATIVE25517,147,68,True
IRCTGSKECYSPCYKATGCPNAKC,AMPlify_non_AMP_train_imbalanced.fa,real_non_amp_amplify,0,trNEGATIVE02844,trNEGATIVE02844,24,0,False
YLSDVAKGVICGLGAKGYDYALDFAISELQ,AMPlify_non_AMP_train_imbalanced.fa,real_non_amp_amplify_window,0,trNEGATIVE98624,trNEGATIVE98624,154,114,True
GDCPWKPWC,AMPlify_non_AMP_train_imbalanced.fa,real_non_amp_amplify,0,trNEGATIVE52784,trNEGATIVE52784,9,0,False
YDIPEPFRWDESFKVFYE,AMPlify_non_AMP_train_imbalanced.fa,real_non_amp_amplify,0,trNEGATIVE01357,trNEGATIVE01357,18,0,False
EFLKDYIDRKSRVAVHNRIKDLKTLGFKIE,AMPlify_non_AMP_train_imbalanced.fa,real_non_amp_amplify_window,0,trNEGATIVE101792,trNEGATIVE101792,131,81,True
GAYGQGQNIGQLFVNILIFLFY,AMPlify_non_AMP_test_imbalanced.fa,real_non_amp_amplify,0,teNEGATIVE00366,teNEGATIVE00366,22,0,False
NLMQFELLIMKVAGRSGIVWYSD,AMPlify_non_AMP_train_imbalanced.fa,real_non_amp_amplify,0,trNEGATIVE01836,trNEGATIVE01836,23,0,False
GLPGESGAVGPAGPIGSR,AMPlify_non_AMP_train_imbalanced.fa,real_non_amp_amplify,0,trNEGATIVE02556,trNEGATIVE02556,18,0,False
KCDVDIRK,AMPlify_non_AMP_test_imbalanced.fa,real_non_amp_amplify,0,teNEGATIVE17143,teNEGATIVE17143,8,0,False
CSVVDLAR,AMPlify_non_AMP_train_imbalanced.fa,real_non_amp_amplify,0,trNEGATIVE85335,trNEGATIVE85335,8,0,False
GSSGGLITFGRT,AMPlify_non_AMP_train_imbalanced.fa,real_non_amp_amplify,0,trNEGATIVE01323,trNEGATIVE01323,12,0,False
QKKDKKDRFY,AMPlify_non_AMP_train_imbalanced.fa,real_non_amp_amplify,0,trNEGATIVE13111,trNEGATIVE13111,10,0,False
VVGGDECNINEHRSLVAIF,AMPlify_non_AMP_test_imbalanced.fa,real_non_amp_amplify,0,teNEGATIVE00643,teNEGATIVE00643,19,0,False
NYDKNFYEDTLP,AMPlify_non_AMP_train_imbalanced.fa,real_non_amp_amplify,0,trNEGATIVE03117,trNEGATIVE03117,12,0,False
NLQYLKNMIKCTNTRHWLSFTNYGCYCG,AMPlify_non_AMP_train_imbalanced.fa,real_non_amp_amplify,0,trNEGATIVE02409,trNEGATIVE02409,28,0,False
MATPLVDPAK,AMPlify_non_AMP_train_imbalanced.fa,real_non_amp_amplify,0,trNEGATIVE00874,trNEGATIVE00874,10,0,False
SGGAQGQQTEIEI,AMPlify_non_AMP_train_imbalanced.fa,real_non_amp_amplify_window,0,trNEGATIVE79135,trNEGATIVE79135,197,125,True
VIGGDECNINEHRFL,AMPlify_non_AMP_train_imbalanced.fa,real_non_amp_amplify,0,trNEGATIVE01750,trNEGATIVE01750,15,0,False
HSQGTFTSDYSKYLDSRRAQDFVQWLMNT,AMPlify_non_AMP_train_imbalanced.fa,real_non_amp_amplify,0,trNEGATIVE01743,trNEGATIVE01743,29,0,False
MSDELIHVVIALGLVISFGLGAITAGVLR,AMPlify_non_AMP_train_imbalanced.fa,real_non_amp_amplify,0,trNEGATIVE00976,trNEGATIVE00976,29,0,False
DCCPCPAGAVRCRFACC,AMPlify_non_AMP_train_imbalanced.fa,real_non_amp_amplify,0,trNEGATIVE02395,trNEGATIVE02395,17,0,False
GLVSNLGI,AMPlify_non_AMP_test_imbalanced.fa,real_non_amp_amplify,0,teNEGATIVE02068,teNEGATIVE02068,8,0,False
VIGGSDTTIGQYPHQLSLR,AMPlify_non_AMP_train_imbalanced.fa,real_non_amp_amplify,0,trNEGATIVE02834,trNEGATIVE02834,19,0,False
MICYSHKTPQPSATIGCEEKTCYKKSVRKL,AMPlify_non_AMP_train_imbalanced.fa,real_non_amp_amplify,0,trNEGATIVE02810,trNEGATIVE02810,30,0,False
VVVTLASGLEMCDTTTDGGGWTIFQ,AMPlify_non_AMP_train_imbalanced.fa,real_non_amp_amplify,0,trNEGATIVE03298,trNEGATIVE03298,25,0,False
NSTMNSLLQLGR,AMPlify_non_AMP_train_imbalanced.fa,real_non_amp_amplify,0,trNEGATIVE01677,trNEGATIVE01677,12,0,False
LKRDDIDIILINQNCAEL,AMPlify_non_AMP_train_imbalanced.fa,real_non_amp_amplify_window,0,trNEGATIVE24453,trNEGATIVE24453,124,59,True
DMHDFFVGLM,AMPlify_non_AMP_train_imbalanced.fa,real_non_amp_amplify,0,trNEGATIVE01627,trNEGATIVE01627,10,0,False
TLTSFGEWR,AMPlify_non_AMP_train_imbalanced.fa,real_non_amp_amplify,0,trNEGATIVE33572,trNEGATIVE33572,9,0,False
QGCCNGPKGCSSKWCRDHARCC,AMPlify_non_AMP_train_imbalanced.fa,real_non_amp_amplify,0,trNEGATIVE00736,trNEGATIVE00736,22,0,False
GNKATQSQVQTAMFMYIVFQGVLMYIGYR,AMPlify_non_AMP_train_imbalanced.fa,real_non_amp_amplify_window,0,trNEGATIVE77194,trNEGATIVE77194,190,128,True
DTRPPGFTPFR,AMPlify_non_AMP_train_imbalanced.fa,real_non_amp_amplify,0,trNEGATIVE01032,trNEGATIVE01032,11,0,False
GLISNLGI,AMPlify_non_AMP_test_imbalanced.fa,real_non_amp_amplify,0,teNEGATIVE20680,teNEGATIVE20680,8,0,False
MGRIGVLTGNAGEIR,AMPlify_non_AMP_train_imbalanced.fa,real_non_amp_amplify,0,trNEGATIVE01145,trNEGATIVE01145,15,0,False
GGCDGDRQDM,AMPlify_non_AMP_train_imbalanced.fa,real_non_amp_amplify,0,trNEGATIVE59471,trNEGATIVE59471,10,0,False
AEYTLPDLGWDYAASGPG,AMPlify_non_AMP_train_imbalanced.fa,real_non_amp_amplify,0,trNEGATIVE02194,trNEGATIVE02194,18,0,False
AEYFQHWGQGTLVTVSS,AMPlify_non_AMP_test_imbalanced.fa,real_non_amp_amplify,0,teNEGATIVE00741,teNEGATIVE00741,17,0,False
CKGKGASCSRTMYNCCSGSCNRGKCG,AMPlify_non_AMP_train_imbalanced.fa,real_non_amp_amplify,0,trNEGATIVE02073,trNEGATIVE02073,26,0,False
ASEPTALGLPRIFPGLM,AMPlify_non_AMP_train_imbalanced.fa,real_non_amp_amplify,0,trNEGATIVE01491,trNEGATIVE01491,17,0,False
GASGLIPFPRL,AMPlify_non_AMP_train_imbalanced.fa,real_non_amp_amplify,0,trNEGATIVE01298,trNEGATIVE01298,11,0,False
SPALADEHNDNFLRF,AMPlify_non_AMP_train_imbalanced.fa,real_non_amp_amplify,0,trNEGATIVE00551,trNEGATIVE00551,15,0,False
GPETAFLRL,AMPlify_non_AMP_train_imbalanced.fa,real_non_amp_amplify,0,trNEGATIVE66993,trNEGATIVE66993,9,0,False
FRGRTVARGPLSIARLGPR,AMPlify_non_AMP_train_imbalanced.fa,real_non_amp_amplify_window,0,trNEGATIVE56056,trNEGATIVE56056,182,119,True
MLFKKISKFVGWLSGSSVGSITSKTHE,AMPlify_non_AMP_train_imbalanced.fa,real_non_amp_amplify,0,trNEGATIVE02507,trNEGATIVE02507,27,0,False
WCASGCRKKRHGGCSC,AMPlify_non_AMP_train_imbalanced.fa,real_non_amp_amplify,0,trNEGATIVE00832,trNEGATIVE00832,16,0,False
YNSSLIIE,AMPlify_non_AMP_test_imbalanced.fa,real_non_amp_amplify_window,0,teNEGATIVE14488,teNEGATIVE14488,67,48,True
THSGGACNSHDQCCNAFCSTATRTCV,AMPlify_non_AMP_train_imbalanced.fa,real_non_amp_amplify,0,trNEGATIVE03021,trNEGATIVE03021,26,0,False
GADFYSWG,AMPlify_non_AMP_train_imbalanced.fa,real_non_amp_amplify,0,trNEGATIVE34182,trNEGATIVE34182,8,0,False
MRDKWRKKRVRRLKRKRRKMRARSK,AMPlify_non_AMP_train_imbalanced.fa,real_non_amp_amplify,0,trNEGATIVE02509,trNEGATIVE02509,25,0,False
SDRNFLRF,AMPlify_non_AMP_train_imbalanced.fa,real_non_amp_amplify,0,trNEGATIVE72999,trNEGATIVE72999,8,0,False
MELILNKEYRLVIIVLISVYYRYRFFLLLF,AMPlify_non_AMP_train_imbalanced.fa,real_non_amp_amplify,0,trNEGATIVE02567,trNEGATIVE02567,30,0,False
TGTRARYQRQLSRAVKRARYLSLLPYTDH,AMPlify_non_AMP_train_imbalanced.fa,real_non_amp_amplify_window,0,trNEGATIVE100175,trNEGATIVE100175,75,44,True
NPNPVPIPLVDIDYL,AMPlify_non_AMP_train_imbalanced.fa,real_non_amp_amplify,0,trNEGATIVE00643,trNEGATIVE00643,15,0,False
AQNVIAPNTLSNSIRMLGSQSPLIQAYG,AMPlify_non_AMP_test_imbalanced.fa,real_non_amp_amplify,0,teNEGATIVE00149,teNEGATIVE00149,28,0,False
MQVNLRCSE,AMPlify_non_AMP_test_imbalanced.fa,real_non_amp_amplify,0,teNEGATIVE00431,teNEGATIVE00431,9,0,False
FYSAPTRDNVFEL,AMPlify_non_AMP_test_imbalanced.fa,real_non_amp_amplify,0,teNEGATIVE00545,teNEGATIVE00545,13,0,False
RCCGYKFCYIC,AMPlify_non_AMP_test_imbalanced.fa,real_non_amp_amplify,0,teNEGATIVE00272,teNEGATIVE00272,11,0,False
SPHYNFGL,AMPlify_non_AMP_train_imbalanced.fa,real_non_amp_amplify,0,trNEGATIVE44866,trNEGATIVE44866,8,0,False
LRCTFGRTVK,AMPlify_non_AMP_train_imbalanced.fa,real_non_amp_amplify,0,trNEGATIVE31841,trNEGATIVE31841,10,0,False
GLTDQKSAPPGL,AMPlify_non_AMP_train_imbalanced.fa,real_non_amp_amplify,0,trNEGATIVE00979,trNEGATIVE00979,12,0,False
MALPLLEYKPT,AMPlify_non_AMP_test_imbalanced.fa,real_non_amp_amplify,0,teNEGATIVE00059,teNEGATIVE00059,11,0,False
RICPRIWMECKRDSDCMAQCICVDGHCG,AMPlify_non_AMP_test_imbalanced.fa,real_non_amp_amplify,0,teNEGATIVE00288,teNEGATIVE00288,28,0,False
MLHHMTSRANLLLLRRGGSQRS,AMPlify_non_AMP_train_imbalanced.fa,real_non_amp_amplify,0,trNEGATIVE00370,trNEGATIVE00370,22,0,False
VSCEDCPDHCSTQKARAKCDNDKCVCEPI,AMPlify_non_AMP_train_imbalanced.fa,real_non_amp_amplify,0,trNEGATIVE02201,trNEGATIVE02201,29,0,False
PYDRISSSAFSDF,AMPlify_non_AMP_train_imbalanced.fa,real_non_amp_amplify,0,trNEGATIVE01861,trNEGATIVE01861,13,0,False
QAVLGAGLPCNTTTSPIIKVCASGMK,AMPlify_non_AMP_train_imbalanced.fa,real_non_amp_amplify,0,trNEGATIVE01734,trNEGATIVE01734,26,0,False
GCPWDSWC,AMPlify_non_AMP_train_imbalanced.fa,real_non_amp_amplify,0,trNEGATIVE81785,trNEGATIVE81785,8,0,False
MVKLRLKRCGRK,AMPlify_non_AMP_train_imbalanced.fa,real_non_amp_amplify,0,trNEGATIVE00341,trNEGATIVE00341,12,0,False
VAAGRPRF,AMPlify_non_AMP_test_imbalanced.fa,real_non_amp_amplify,0,teNEGATIVE13033,teNEGATIVE13033,8,0,False
MQLFHLCLIISCSCPTVQASKLCLGWL,AMPlify_non_AMP_test_imbalanced.fa,real_non_amp_amplify,0,teNEGATIVE00058,teNEGATIVE00058,27,0,False
GGGSNFGQFAGGLLDR,AMPlify_non_AMP_train_imbalanced.fa,real_non_amp_amplify,0,trNEGATIVE01924,trNEGATIVE01924,16,0,False
PYLLNLPPEK,AMPlify_non_AMP_train_imbalanced.fa,real_non_amp_amplify,0,trNEGATIVE00593,trNEGATIVE00593,10,0,False
QKKDRFLGLM,AMPlify_non_AMP_train_imbalanced.fa,real_non_amp_amplify,0,trNEGATIVE100161,trNEGATIVE100161,10,0,False
ATYTLPEPPYDYAAL,AMPlify_non_AMP_train_imbalanced.fa,real_non_amp_amplify,0,trNEGATIVE01832,trNEGATIVE01832,15,0,False
ACGSCRKKCKGPGKCINGRCKCY,AMPlify_non_AMP_train_imbalanced.fa,real_non_amp_amplify,0,trNEGATIVE01331,trNEGATIVE01331,23,0,False
SQEEVQKMTDAAI,AMPlify_non_AMP_test_imbalanced.fa,real_non_amp_amplify_window,0,teNEGATIVE21306,teNEGATIVE21306,185,155,True
TDMLAVSVSSTDAIGHKYGT,AMPlify_non_AMP_train_imbalanced.fa,real_non_amp_amplify,0,trNEGATIVE02428,trNEGATIVE02428,20,0,False
MIKPDGVQRGLVGEIISRGDFAIDIGR,AMPlify_non_AMP_train_imbalanced.fa,real_non_amp_amplify,0,trNEGATIVE02502,trNEGATIVE02502,27,0,False
QNWPHPPMPP,AMPlify_non_AMP_train_imbalanced.fa,real_non_amp_amplify,0,trNEGATIVE00337,trNEGATIVE00337,10,0,False
EAAGLLAFPRT,AMPlify_non_AMP_train_imbalanced.fa,real_non_amp_amplify,0,trNEGATIVE01494,trNEGATIVE01494,11,0,False
GYRKPPFNGSIF,AMPlify_non_AMP_train_imbalanced.fa,real_non_amp_amplify,0,trNEGATIVE00053,trNEGATIVE00053,12,0,False
MQLVLAAKYIGAAIATIGLIGADDKTSNM,AMPlify_non_AMP_test_imbalanced.fa,real_non_amp_amplify,0,teNEGATIVE00608,teNEGATIVE00608,29,0,False
MDTVSIAWAALMVIFTFSISLVVWGRNGL,AMPlify_non_AMP_train_imbalanced.fa,real_non_amp_amplify,0,trNEGATIVE01070,trNEGATIVE01070,29,0,False
MNPCSSNCSCGASCTCSGCSSHKK,AMPlify_non_AMP_train_imbalanced.fa,real_non_amp_amplify,0,trNEGATIVE02311,trNEGATIVE02311,24,0,False
GCVLLPWC,AMPlify_non_AMP_test_imbalanced.fa,real_non_amp_amplify,0,teNEGATIVE02500,teNEGATIVE02500,8,0,False
VIGGDECNINEHRFLVALYDPDGFLSGGIL,AMPlify_non_AMP_test_imbalanced.fa,real_non_amp_amplify,0,teNEGATIVE00136,teNEGATIVE00136,30,0,False
GRDAYIADSENCTYT,AMPlify_non_AMP_train_imbalanced.fa,real_non_amp_amplify,0,trNEGATIVE00080,trNEGATIVE00080,15,0,False
QELASFHSVSKGFMGECGFR,AMPlify_non_AMP_train_imbalanced.fa,real_non_amp_amplify,0,trNEGATIVE00342,trNEGATIVE00342,20,0,False
RVCPRILMECKKDSDCLAECVCLEHGYCG,AMPlify_non_AMP_train_imbalanced.fa,real_non_amp_amplify,0,trNEGATIVE00950,trNEGATIVE00950,29,0,False
KMLGVVAKKPMSDYE,AMPlify_non_AMP_train_imbalanced.fa,real_non_amp_amplify,0,trNEGATIVE00147,trNEGATIVE00147,15,0,False
FQPSLVLDTAKILLDNYTFPESLMG,AMPlify_non_AMP_train_imbalanced.fa,real_non_amp_amplify,0,trNEGATIVE00656,trNEGATIVE00656,25,0,False
RGDKDIFTVHDILKARGEI,AMPlify_non_AMP_train_imbalanced.fa,real_non_amp_amplify,0,trNEGATIVE01883,trNEGATIVE01883,19,0,False
DSPAGVSDAQKQ,AMPlify_non_AMP_train_imbalanced.fa,real_non_amp_amplify,0,trNEGATIVE03111,trNEGATIVE03111,12,0,False
LTYDEIQSKGGSTGYDNAVALPAGGR,AMPlify_non_AMP_train_imbalanced.fa,real_non_amp_amplify,0,trNEGATIVE01135,trNEGATIVE01135,26,0,False
MDLSFTLSVVTA,AMPlify_non_AMP_test_imbalanced.fa,real_non_amp_amplify,0,teNEGATIVE00776,teNEGATIVE00776,12,0,False
MIERELGNWKDFIEVMLRK,AMPlify_non_AMP_train_imbalanced.fa,real_non_amp_amplify,0,trNEGATIVE00369,trNEGATIVE00369,19,0,False
RLKVIPEKLKDVKLVCTDVFGDN,AMPlify_non_AMP_train_imbalanced.fa,real_non_amp_amplify,0,trNEGATIVE03019,trNEGATIVE03019,23,0,False
SDYLQLARG,AMPlify_non_AMP_test_imbalanced.fa,real_non_amp_amplify,0,teNEGATIVE00772,teNEGATIVE00772,9,0,False
MKTISRQAYADMFGPTTGDRLRLADTELFL,AMPlify_non_AMP_train_imbalanced.fa,real_non_amp_amplify,0,trNEGATIVE02891,trNEGATIVE02891,30,0,False
DGDMSGEGKGMWFGPRL,AMPlify_non_AMP_train_imbalanced.fa,real_non_amp_amplify,0,trNEGATIVE02434,trNEGATIVE02434,17,0,False
MSYIVRFTGLLLLNAFIVRGRPVGGIQH,AMPlify_non_AMP_train_imbalanced.fa,real_non_amp_amplify,0,trNEGATIVE02211,trNEGATIVE02211,28,0,False
MTWTTPAYTELRLGFEITMYIANR,AMPlify_non_AMP_train_imbalanced.fa,real_non_amp_amplify,0,trNEGATIVE02704,trNEGATIVE02704,24,0,False
PAPESNFVRDP,AMPlify_non_AMP_train_imbalanced.fa,real_non_amp_amplify,0,trNEGATIVE03054,trNEGATIVE03054,11,0,False
MNNSCLSQSTQWWWRAN,AMPlify_non_AMP_train_imbalanced.fa,real_non_amp_amplify,0,trNEGATIVE00731,trNEGATIVE00731,17,0,False
MTPHDEEVDSSD,AMPlify_non_AMP_train_imbalanced.fa,real_non_amp_amplify,0,trNEGATIVE00997,trNEGATIVE00997,12,0,False
MIDKAIIVLGALIALLELIRFLLQLLN,AMPlify_non_AMP_train_imbalanced.fa,real_non_amp_amplify,0,trNEGATIVE01518,trNEGATIVE01518,27,0,False
RWDVDQCIYYCLNGVVGYSYTECQTMCT,AMPlify_non_AMP_train_imbalanced.fa,real_non_amp_amplify,0,trNEGATIVE01415,trNEGATIVE01415,28,0,False
TSSLFPHPRL,AMPlify_non_AMP_test_imbalanced.fa,real_non_amp_amplify,0,teNEGATIVE14250,teNEGATIVE14250,10,0,False
PASDSGFLRDP,AMPlify_non_AMP_train_imbalanced.fa,real_non_amp_amplify,0,trNEGATIVE01243,trNEGATIVE01243,11,0,False
MISDSQIFVALLFALVSAVLAIRLGTDLYQ,AMPlify_non_AMP_train_imbalanced.fa,real_non_amp_amplify,0,trNEGATIVE01261,trNEGATIVE01261,30,0,False
DDSMEEVVTVFIRTGSSLKA,AMPlify_non_AMP_train_imbalanced.fa,real_non_amp_amplify,0,trNEGATIVE00413,trNEGATIVE00413,20,0,False
MLVGMTEMVN,AMPlify_non_AMP_train_imbalanced.fa,real_non_amp_amplify,0,trNEGATIVE01366,trNEGATIVE01366,10,0,False
MTTKFVFDLLAPDDILHPSNHVNLIIRPI,AMPlify_non_AMP_train_imbalanced.fa,real_non_amp_amplify,0,trNEGATIVE02329,trNEGATIVE02329,29,0,False
NCPYCVVYCCPPAYCEASGCRPP,AMPlify_non_AMP_train_imbalanced.fa,real_non_amp_amplify,0,trNEGATIVE01428,trNEGATIVE01428,23,0,False
CTCKDMTDKECLYFCHQDIIW,AMPlify_non_AMP_test_imbalanced.fa,real_non_amp_amplify,0,teNEGATIVE00687,teNEGATIVE00687,21,0,False
SLSIMEPIR,AMPlify_non_AMP_test_imbalanced.fa,real_non_amp_amplify,0,teNEGATIVE08835,teNEGATIVE08835,9,0,False
LPVMVIFGLSFPPIFLELLISLALFFVVR,AMPlify_non_AMP_train_imbalanced.fa,real_non_amp_amplify_window,0,trNEGATIVE41584,trNEGATIVE41584,67,3,True
KPKCGLCRYRCCSGGCSSGKCVNGACDCS,AMPlify_non_AMP_test_imbalanced.fa,real_non_amp_amplify,0,teNEGATIVE00781,teNEGATIVE00781,29,0,False
FVLPFDVLDSGRDLDRGWPYA,AMPlify_non_AMP_train_imbalanced.fa,real_non_amp_amplify,0,trNEGATIVE01469,trNEGATIVE01469,21,0,False
QDGKSSFQKEGGGVR,AMPlify_non_AMP_train_imbalanced.fa,real_non_amp_amplify,0,trNEGATIVE00735,trNEGATIVE00735,15,0,False
VDSEDLIEAFKIYVEDDNEHLQGSVD,AMPlify_non_AMP_test_imbalanced.fa,real_non_amp_amplify,0,teNEGATIVE00351,teNEGATIVE00351,26,0,False
MVELKFLIAFFLAFTAGILAIKLGQALYDC,AMPlify_non_AMP_test_imbalanced.fa,real_non_amp_amplify,0,teNEGATIVE00698,teNEGATIVE00698,30,0,False
APVENQGSFPKMFPRGSHWAVGHLM,AMPlify_non_AMP_train_imbalanced.fa,real_non_amp_amplify,0,trNEGATIVE00931,trNEGATIVE00931,25,0,False
SDRELHRSKAAYFF,AMPlify_non_AMP_train_imbalanced.fa,real_non_amp_amplify,0,trNEGATIVE01935,trNEGATIVE01935,14,0,False
AGLLVYPRL,AMPlify_non_AMP_train_imbalanced.fa,real_non_amp_amplify,0,trNEGATIVE94291,trNEGATIVE94291,9,0,False
LIPTIILILGWGYQPERLPASYYFLFYTLL,AMPlify_non_AMP_train_imbalanced.fa,real_non_amp_amplify_window,0,trNEGATIVE13768,trNEGATIVE13768,71,24,True
SHDKPDHIRLFELKKDDLLISVHNA,AMPlify_non_AMP_train_imbalanced.fa,real_non_amp_amplify,0,trNEGATIVE02966,trNEGATIVE02966,25,0,False
PTSQPRGDPTGPKE,AMPlify_non_AMP_train_imbalanced.fa,real_non_amp_amplify,0,trNEGATIVE00072,trNEGATIVE00072,14,0,False
AFCCPSGWSAYDQ,AMPlify_non_AMP_train_imbalanced.fa,real_non_amp_amplify,0,trNEGATIVE02142,trNEGATIVE02142,13,0,False
MQLFHLCLIIFCSCPTVQASKLCLGWL,AMPlify_non_AMP_train_imbalanced.fa,real_non_amp_amplify,0,trNEGATIVE00984,trNEGATIVE00984,27,0,False
TRSGGACNSHNQCCDDFCSTATSTCI,AMPlify_non_AMP_test_imbalanced.fa,real_non_amp_amplify,0,teNEGATIVE00170,teNEGATIVE00170,26,0,False
LQPGLEYQYRYSARV,AMPlify_non_AMP_train_imbalanced.fa,real_non_amp_amplify,0,trNEGATIVE03293,trNEGATIVE03293,15,0,False
MDIVGITWAALMVVFTFSLSLVVWGRSGL,AMPlify_non_AMP_test_imbalanced.fa,real_non_amp_amplify,0,teNEGATIVE00263,teNEGATIVE00263,29,0,False
DCQPCGHNVCC,AMPlify_non_AMP_train_imbalanced.fa,real_non_amp_amplify,0,trNEGATIVE01987,trNEGATIVE01987,11,0,False
GADPGCQDVVTPVQ,AMPlify_non_AMP_train_imbalanced.fa,real_non_amp_amplify,0,trNEGATIVE02488,trNEGATIVE02488,14,0,False
MARIAGVNIPTGKRVPI,AMPlify_non_AMP_train_imbalanced.fa,real_non_amp_amplify,0,trNEGATIVE02397,trNEGATIVE02397,17,0,False
RATVNGLPA,AMPlify_non_AMP_train_imbalanced.fa,real_non_amp_amplify,0,trNEGATIVE92217,trNEGATIVE92217,9,0,False
ANIVGGIEYSINNASICSVGFSVTR,AMPlify_non_AMP_test_imbalanced.fa,real_non_amp_amplify,0,teNEGATIVE00029,teNEGATIVE00029,25,0,False
NQDCLSDWSFYEQYCYKVF,AMPlify_non_AMP_test_imbalanced.fa,real_non_amp_amplify,0,teNEGATIVE00284,teNEGATIVE00284,19,0,False
QKKDKDRFYGLM,AMPlify_non_AMP_train_imbalanced.fa,real_non_amp_amplify,0,trNEGATIVE00732,trNEGATIVE00732,12,0,False
VATVSLPR,AMPlify_non_AMP_train_imbalanced.fa,real_non_amp_amplify,0,trNEGATIVE101675,trNEGATIVE101675,8,0,False
GGPYAFGL,AMPlify_non_AMP_train_imbalanced.fa,real_non_amp_amplify,0,trNEGATIVE71919,trNEGATIVE71919,8,0,False
QYADCSEIYNDGFK,AMPlify_non_AMP_train_imbalanced.fa,real_non_amp_amplify,0,trNEGATIVE02651,trNEGATIVE02651,14,0,False
APSQSTVTALLTSCVSYIDDQ,AMPlify_non_AMP_train_imbalanced.fa,real_non_amp_amplify,0,trNEGATIVE00236,trNEGATIVE00236,21,0,False
INWLKLGKKVSAIL,AMPlify_non_AMP_test_imbalanced.fa,real_non_amp_amplify,0,teNEGATIVE00528,teNEGATIVE00528,14,0,False
LPTGPNNPTTLDNSSII,AMPlify_non_AMP_train_imbalanced.fa,real_non_amp_amplify,0,trNEGATIVE00428,trNEGATIVE00428,17,0,False
RKRHPDCDKAADTRI,AMPlify_non_AMP_train_imbalanced.fa,real_non_amp_amplify,0,trNEGATIVE02829,trNEGATIVE02829,15,0,False
MIPAAFDYVAPSTVDEAVQAL,AMPlify_non_AMP_train_imbalanced.fa,real_non_amp_amplify,0,trNEGATIVE02132,trNEGATIVE02132,21,0,False
HSEGTFSNDYSKYLETRRAQDFVQWLKNS,AMPlify_non_AMP_test_imbalanced.fa,real_non_amp_amplify,0,teNEGATIVE00485,teNEGATIVE00485,29,0,False
MCMLSWFISTSPLKEYCGGKRNLQRNNF,AMPlify_non_AMP_test_imbalanced.fa,real_non_amp_amplify,0,teNEGATIVE00794,teNEGATIVE00794,28,0,False
AELTSCFPVDHECDGGASNCNCCGDDVYCA,AMPlify_non_AMP_train_imbalanced.fa,real_non_amp_amplify,0,trNEGATIVE02118,trNEGATIVE02118,30,0,False
AQPPQQADFL,AMPlify_non_AMP_test_imbalanced.fa,real_non_amp_amplify,0,teNEGATIVE11520,teNEGATIVE11520,10,0,False
KQCTSNMCSADCSPGCCIIDKLEWCTCDC,AMPlify_non_AMP_train_imbalanced.fa,real_non_amp_amplify,0,trNEGATIVE02053,trNEGATIVE02053,29,0,False
CYINNCPVG,AMPlify_non_AMP_train_imbalanced.fa,real_non_amp_amplify,0,trNEGATIVE61028,trNEGATIVE61028,9,0,False
KTGVNKPELLPKEETTVIDV,AMPlify_non_AMP_train_imbalanced.fa,real_non_amp_amplify,0,trNEGATIVE00517,trNEGATIVE00517,20,0,False
PAWLVDCPCVGDDVNRLLTRGER,AMPlify_non_AMP_test_imbalanced.fa,real_non_amp_amplify,0,teNEGATIVE00398,teNEGATIVE00398,23,0,False
GFGSLFKFL,AMPlify_non_AMP_train_imbalanced.fa,real_non_amp_amplify,0,trNEGATIVE72083,trNEGATIVE72083,9,0,False
TEVTFKVGEGSSGKS,AMPlify_non_AMP_train_imbalanced.fa,real_non_amp_amplify,0,trNEGATIVE02975,trNEGATIVE02975,15,0,False
AYGEAANVFGAPK,AMPlify_non_AMP_test_imbalanced.fa,real_non_amp_amplify,0,teNEGATIVE00084,teNEGATIVE00084,13,0,False
TNRNFLRF,AMPlify_non_AMP_train_imbalanced.fa,real_non_amp_amplify,0,trNEGATIVE34956,trNEGATIVE34956,8,0,False
FLNPFRWMINKYREWKNKKN,AMPlify_non_AMP_train_imbalanced.fa,real_non_amp_amplify,0,trNEGATIVE01809,trNEGATIVE01809,20,0,False
SVINTQIKPFKTQAFKNGKFIEVTE,AMPlify_non_AMP_train_imbalanced.fa,real_non_amp_amplify,0,trNEGATIVE00424,trNEGATIVE00424,25,0,False
FLFQPQRF,AMPlify_non_AMP_train_imbalanced.fa,real_non_amp_amplify,0,trNEGATIVE00778,trNEGATIVE00778,8,0,False
KDDYPVDTAK,AMPlify_non_AMP_train_imbalanced.fa,real_non_amp_amplify,0,trNEGATIVE02675,trNEGATIVE02675,10,0,False
VIGGDECNINEHPFLA,AMPlify_non_AMP_train_imbalanced.fa,real_non_amp_amplify,0,trNEGATIVE00064,trNEGATIVE00064,16,0,False
GFIGDIWSGIQG,AMPlify_non_AMP_train_imbalanced.fa,real_non_amp_amplify,0,trNEGATIVE02160,trNEGATIVE02160,12,0,False
SGLQFAVLDGQGFIPFPRV,AMPlify_non_AMP_train_imbalanced.fa,real_non_amp_amplify,0,trNEGATIVE02440,trNEGATIVE02440,19,0,False
PSYKLHYFDLRAAGE,AMPlify_non_AMP_train_imbalanced.fa,real_non_amp_amplify,0,trNEGATIVE00074,trNEGATIVE00074,15,0,False
DMYSKSTAAMSTYAGILTDQVLSMLKGEE,AMPlify_non_AMP_train_imbalanced.fa,real_non_amp_amplify,0,trNEGATIVE01577,trNEGATIVE01577,29,0,False
ALGDQLLSVFVDHTLVDEVA,AMPlify_non_AMP_train_imbalanced.fa,real_non_amp_amplify,0,trNEGATIVE02438,trNEGATIVE02438,20,0,False
YAIAGRPRF,AMPlify_non_AMP_train_imbalanced.fa,real_non_amp_amplify,0,trNEGATIVE18104,trNEGATIVE18104,9,0,False
ADDSDPVGGEFLAEGGGVR,AMPlify_non_AMP_train_imbalanced.fa,real_non_amp_amplify,0,trNEGATIVE01580,trNEGATIVE01580,19,0,False
APACVGFQGMR,AMPlify_non_AMP_train_imbalanced.fa,real_non_amp_amplify,0,trNEGATIVE01979,trNEGATIVE01979,11,0,False
QVNFTPGW,AMPlify_non_AMP_train_imbalanced.fa,real_non_amp_amplify,0,trNEGATIVE66976,trNEGATIVE66976,8,0,False
NNQLNASHK,AMPlify_non_AMP_test_imbalanced.fa,real_non_amp_amplify,0,teNEGATIVE03480,teNEGATIVE03480,9,0,False
HSDLPSGVYDPAQA,AMPlify_non_AMP_train_imbalanced.fa,real_non_amp_amplify,0,trNEGATIVE00109,trNEGATIVE00109,14,0,False
EDHPVHNRGEYSVCDSVNVWV,AMPlify_non_AMP_test_imbalanced.fa,real_non_amp_amplify,0,teNEGATIVE00568,teNEGATIVE00568,21,0,False
IVGGAECVPY,AMPlify_non_AMP_train_imbalanced.fa,real_non_amp_amplify,0,trNEGATIVE44084,trNEGATIVE44084,10,0,False
AGLFAQPRL,AMPlify_non_AMP_train_imbalanced.fa,real_non_amp_amplify,0,trNEGATIVE68704,trNEGATIVE68704,9,0,False
MMKLLIIVVLLVISFPAY,AMPlify_non_AMP_test_imbalanced.fa,real_non_amp_amplify,0,teNEGATIVE00400,teNEGATIVE00400,18,0,False
MIIGAVEAGGTKFVDGVGNEKGEIFER,AMPlify_non_AMP_train_imbalanced.fa,real_non_amp_amplify,0,trNEGATIVE01623,trNEGATIVE01623,27,0,False
PAWLVDCPCVGDDINRLLTRGEK,AMPlify_non_AMP_train_imbalanced.fa,real_non_amp_amplify,0,trNEGATIVE00744,trNEGATIVE00744,23,0,False
LKCNKLIPLAYKTCPAGKNLCYKMYMVATP,AMPlify_non_AMP_train_imbalanced.fa,real_non_amp_amplify,0,trNEGATIVE02793,trNEGATIVE02793,30,0,False
MDILSLGWAALMASFTFSLSLVVWGRNGF,AMPlify_non_AMP_train_imbalanced.fa,real_non_amp_amplify,0,trNEGATIVE01471,trNEGATIVE01471,29,0,False
VKAAAEYVRLIRSAQKNAEYAGLAPEKM,AMPlify_non_AMP_train_imbalanced.fa,real_non_amp_amplify_window,0,trNEGATIVE37388,trNEGATIVE37388,157,87,True
YQTSSPGSNITIGPL,AMPlify_non_AMP_train_imbalanced.fa,real_non_amp_amplify,0,trNEGATIVE01345,trNEGATIVE01345,15,0,False
MDTVSLAWAALMVVFTFSLSLVVWGRSGL,AMPlify_non_AMP_train_imbalanced.fa,real_non_amp_amplify,0,trNEGATIVE02623,trNEGATIVE02623,29,0,False
AYPAAHQGYPAHVGYARVGYGGYPSYGYPA,AMPlify_non_AMP_train_imbalanced.fa,real_non_amp_amplify,0,trNEGATIVE03069,trNEGATIVE03069,30,0,False
GANDFMRF,AMPlify_non_AMP_train_imbalanced.fa,real_non_amp_amplify,0,trNEGATIVE33032,trNEGATIVE33032,8,0,False
MKWETPTATDLRFGFEITMYVSAR,AMPlify_non_AMP_train_imbalanced.fa,real_non_amp_amplify,0,trNEGATIVE02977,trNEGATIVE02977,24,0,False
KDFCHLPPKPGPCRAAI,AMPlify_non_AMP_train_imbalanced.fa,real_non_amp_amplify,0,trNEGATIVE01898,trNEGATIVE01898,17,0,False
CYIQNCPVG,AMPlify_non_AMP_train_imbalanced.fa,real_non_amp_amplify,0,trNEGATIVE53708,trNEGATIVE53708,9,0,False
ISPLTGTNGEIR,AMPlify_non_AMP_train_imbalanced.fa,real_non_amp_amplify,0,trNEGATIVE02033,trNEGATIVE02033,12,0,False
GCCGPYPNAACHPCGCKVGRPPYCDRPSGG,AMPlify_non_AMP_train_imbalanced.fa,real_non_amp_amplify,0,trNEGATIVE03329,trNEGATIVE03329,30,0,False
MKTKFVFDLLAPDDILHPSNHVNLIIRLI,AMPlify_non_AMP_train_imbalanced.fa,real_non_amp_amplify,0,trNEGATIVE02119,trNEGATIVE02119,29,0,False
KDGYPVDNANCKYE,AMPlify_non_AMP_train_imbalanced.fa,real_non_amp_amplify,0,trNEGATIVE00943,trNEGATIVE00943,14,0,False
AAKPLDKSSSSLHHGYSKVHVP,AMPlify_non_AMP_train_imbalanced.fa,real_non_amp_amplify,0,trNEGATIVE00751,trNEGATIVE00751,22,0,False
SRPYSFGL,AMPlify_non_AMP_train_imbalanced.fa,real_non_amp_amplify,0,trNEGATIVE55983,trNEGATIVE55983,8,0,False
MAWNTPKVTEIPLGAEINSYVCGEKK,AMPlify_non_AMP_train_imbalanced.fa,real_non_amp_amplify,0,trNEGATIVE01264,trNEGATIVE01264,26,0,False
MCDILLNVLNIVFIGIAIILVIIC,AMPlify_non_AMP_train_imbalanced.fa,real_non_amp_amplify,0,trNEGATIVE02955,trNEGATIVE02955,24,0,False
QGLIPFPRV,AMPlify_non_AMP_train_imbalanced.fa,real_non_amp_amplify,0,trNEGATIVE60618,trNEGATIVE60618,9,0,False
LQQAEARR,AMPlify_non_AMP_test_imbalanced.fa,real_non_amp_amplify,0,teNEGATIVE00244,teNEGATIVE00244,8,0,False
MLQMRATLAFLGQTLTYNTSCQRRQK,AMPlify_non_AMP_train_imbalanced.fa,real_non_amp_amplify,0,trNEGATIVE00029,trNEGATIVE00029,26,0,False
ISVDELSNYNF,AMPlify_non_AMP_train_imbalanced.fa,real_non_amp_amplify,0,trNEGATIVE01325,trNEGATIVE01325,11,0,False
IKNGYPRDS,AMPlify_non_AMP_train_imbalanced.fa,real_non_amp_amplify,0,trNEGATIVE03297,trNEGATIVE03297,9,0,False
FDDLMLLLCCRQGPVCFIPLNEWPCSRM,AMPlify_non_AMP_train_imbalanced.fa,real_non_amp_amplify,0,trNEGATIVE00410,trNEGATIVE00410,28,0,False
VIKFLMVMQKHGYIGEFEYVDDHRSG,AMPlify_non_AMP_test_imbalanced.fa,real_non_amp_amplify_window,0,teNEGATIVE21605,teNEGATIVE21605,130,33,True
GCCHIIACRMGCSPCCW,AMPlify_non_AMP_train_imbalanced.fa,real_non_amp_amplify,0,trNEGATIVE00210,trNEGATIVE00210,17,0,False
MVPVPVHHMADELLRNGPDTVI,AMPlify_non_AMP_train_imbalanced.fa,real_non_amp_amplify,0,trNEGATIVE01890,trNEGATIVE01890,22,0,False
GCCPFPACTHHIICRCC,AMPlify_non_AMP_train_imbalanced.fa,real_non_amp_amplify,0,trNEGATIVE02257,trNEGATIVE02257,17,0,False
LDTDLQGTMPEVYASERAAFL,AMPlify_non_AMP_train_imbalanced.fa,real_non_amp_amplify,0,trNEGATIVE02195,trNEGATIVE02195,21,0,False
GHGGASNYVRL,AMPlify_non_AMP_train_imbalanced.fa,real_non_amp_amplify,0,trNEGATIVE00313,trNEGATIVE00313,11,0,False
IMYDCCSGSCSGYTGRC,AMPlify_non_AMP_test_imbalanced.fa,real_non_amp_amplify,0,teNEGATIVE00835,teNEGATIVE00835,17,0,False
ARTDNFVRL,AMPlify_non_AMP_train_imbalanced.fa,real_non_amp_amplify,0,trNEGATIVE23249,trNEGATIVE23249,9,0,False
ALAGDHFFRF,AMPlify_non_AMP_train_imbalanced.fa,real_non_amp_amplify,0,trNEGATIVE01667,trNEGATIVE01667,10,0,False
RLHQNGMPFSPRL,AMPlify_non_AMP_train_imbalanced.fa,real_non_amp_amplify,0,trNEGATIVE01617,trNEGATIVE01617,13,0,False
MIFVATSLSCRWWWPVM,AMPlify_non_AMP_train_imbalanced.fa,real_non_amp_amplify,0,trNEGATIVE00961,trNEGATIVE00961,17,0,False
MLTYTGTVINVQTFAAKPDP,AMPlify_non_AMP_train_imbalanced.fa,real_non_amp_amplify,0,trNEGATIVE01161,trNEGATIVE01161,20,0,False
NAPWAQIDEV,AMPlify_non_AMP_train_imbalanced.fa,real_non_amp_amplify,0,trNEGATIVE86138,trNEGATIVE86138,10,0,False
DYCCRRPPCTLIC,AMPlify_non_AMP_train_imbalanced.fa,real_non_amp_amplify,0,trNEGATIVE02013,trNEGATIVE02013,13,0,False
MKNLRNRSFLTLLDFSRQEVEFLLTLSEDL,AMPlify_non_AMP_train_imbalanced.fa,real_non_amp_amplify,0,trNEGATIVE00666,trNEGATIVE00666,30,0,False
QSPKDAYPYDISELVKDAYPYDISELVK,AMPlify_non_AMP_train_imbalanced.fa,real_non_amp_amplify,0,trNEGATIVE00668,trNEGATIVE00668,28,0,False
DGRCCHPACAKHFNC,AMPlify_non_AMP_train_imbalanced.fa,real_non_amp_amplify,0,trNEGATIVE02337,trNEGATIVE02337,15,0,False
MRKPSAFHACNIIFLPLVKCASATIMLN,AMPlify_non_AMP_train_imbalanced.fa,real_non_amp_amplify,0,trNEGATIVE03273,trNEGATIVE03273,28,0,False
PAPDSSFIRDP,AMPlify_non_AMP_train_imbalanced.fa,real_non_amp_amplify,0,trNEGATIVE02774,trNEGATIVE02774,11,0,False
CCGPTACVAGCKPCC,AMPlify_non_AMP_train_imbalanced.fa,real_non_amp_amplify,0,trNEGATIVE00745,trNEGATIVE00745,15,0,False
MVKIGINEFGRIGRLAFRRIYEL,AMPlify_non_AMP_test_imbalanced.fa,real_non_amp_amplify,0,teNEGATIVE00295,teNEGATIVE00295,23,0,False
GDCGCSGASSCTCASGQCTCSGCGK,AMPlify_non_AMP_train_imbalanced.fa,real_non_amp_amplify,0,trNEGATIVE02924,trNEGATIVE02924,25,0,False
MELGLEPADDFKEKLIKLSA,AMPlify_non_AMP_train_imbalanced.fa,real_non_amp_amplify,0,trNEGATIVE01123,trNEGATIVE01123,20,0,False
NAPPNLTLR,AMPlify_non_AMP_train_imbalanced.fa,real_non_amp_amplify,0,trNEGATIVE02938,trNEGATIVE02938,9,0,False
TPPQPADNFIRF,AMPlify_non_AMP_train_imbalanced.fa,real_non_amp_amplify,0,trNEGATIVE02635,trNEGATIVE02635,12,0,False
SNPNFILTLVNNVPYTIWPA,AMPlify_non_AMP_train_imbalanced.fa,real_non_amp_amplify,0,trNEGATIVE03162,trNEGATIVE03162,20,0,False
PFCNAFTGC,AMPlify_non_AMP_train_imbalanced.fa,real_non_amp_amplify,0,trNEGATIVE02097,trNEGATIVE02097,9,0,False
ESECPWHPWC,AMPlify_non_AMP_train_imbalanced.fa,real_non_amp_amplify,0,trNEGATIVE81304,trNEGATIVE81304,10,0,False
AFVKGSAQRVAHGY,AMPlify_non_AMP_train_imbalanced.fa,real_non_amp_amplify,0,trNEGATIVE00512,trNEGATIVE00512,14,0,False
DCCHNTQLPFIYKTCPEGCNL,AMPlify_non_AMP_train_imbalanced.fa,real_non_amp_amplify,0,trNEGATIVE00041,trNEGATIVE00041,21,0,False
LAGTVPLANK,AMPlify_non_AMP_train_imbalanced.fa,real_non_amp_amplify,0,trNEGATIVE88322,trNEGATIVE88322,10,0,False
FLFFAFPHPL,AMPlify_non_AMP_train_imbalanced.fa,real_non_amp_amplify,0,trNEGATIVE69821,trNEGATIVE69821,10,0,False
LGYLGTCPTNIGTGLR,AMPlify_non_AMP_train_imbalanced.fa,real_non_amp_amplify,0,trNEGATIVE00097,trNEGATIVE00097,16,0,False
GFGCYRSCWKAGHDEETCKKECS,AMPlify_non_AMP_train_imbalanced.fa,real_non_amp_amplify,0,trNEGATIVE00963,trNEGATIVE00963,23,0,False
MFFKIDLKNHPYLIRLKKQEE,AMPlify_non_AMP_train_imbalanced.fa,real_non_amp_amplify,0,trNEGATIVE00106,trNEGATIVE00106,21,0,False
GSTSECFWKYCV,AMPlify_non_AMP_test_imbalanced.fa,real_non_amp_amplify,0,teNEGATIVE00665,teNEGATIVE00665,12,0,False
KPAPEPAPEPAPEAAPEA,AMPlify_non_AMP_train_imbalanced.fa,real_non_amp_amplify,0,trNEGATIVE00612,trNEGATIVE00612,18,0,False
YYEEYVDGQGMVVR,AMPlify_non_AMP_train_imbalanced.fa,real_non_amp_amplify,0,trNEGATIVE00750,trNEGATIVE00750,14,0,False
TMCYSHTTTSRAILTNCGENSCYRKSRVHP,AMPlify_non_AMP_train_imbalanced.fa,real_non_amp_amplify,0,trNEGATIVE00065,trNEGATIVE00065,30,0,False
GLVGEIISRGDFAIDIGR,AMPlify_non_AMP_train_imbalanced.fa,real_non_amp_amplify,0,trNEGATIVE02659,trNEGATIVE02659,18,0,False
KLGEFAVTRTFKGH,AMPlify_non_AMP_train_imbalanced.fa,real_non_amp_amplify_window,0,trNEGATIVE22039,trNEGATIVE22039,89,67,True
ALSVPVFAVAPLNKK,AMPlify_non_AMP_test_imbalanced.fa,real_non_amp_amplify,0,teNEGATIVE00517,teNEGATIVE00517,15,0,False
GLLGAWMTSGQFKPVPQI,AMPlify_non_AMP_train_imbalanced.fa,real_non_amp_amplify_window,0,trNEGATIVE88708,trNEGATIVE88708,141,58,True
GKVVCTGAKSVDAVHDA,AMPlify_non_AMP_test_imbalanced.fa,real_non_amp_amplify_window,0,teNEGATIVE13687,teNEGATIVE13687,186,61,True
ANEAKVVLVADNVQGDN,AMPlify_non_AMP_train_imbalanced.fa,real_non_amp_amplify,0,trNEGATIVE01441,trNEGATIVE01441,17,0,False
MDILTLGWVGLLGLFTYSIAMVVWGRHGM,AMPlify_non_AMP_test_imbalanced.fa,real_non_amp_amplify,0,teNEGATIVE00338,teNEGATIVE00338,29,0,False
MDPAGPDNDERFTYDYYRLRVVGLIVAAVL,AMPlify_non_AMP_test_imbalanced.fa,real_non_amp_amplify,0,teNEGATIVE00454,teNEGATIVE00454,30,0,False
RIGRYLKKGKYAKRVGAGAPVYLAAVLE,AMPlify_non_AMP_train_imbalanced.fa,real_non_amp_amplify_window,0,trNEGATIVE42990,trNEGATIVE42990,132,29,True
DINGGGATLPQKLYQTSGVLT,AMPlify_non_AMP_train_imbalanced.fa,real_non_amp_amplify,0,trNEGATIVE01983,trNEGATIVE01983,21,0,False
GLLAFPRV,AMPlify_non_AMP_train_imbalanced.fa,real_non_amp_amplify,0,trNEGATIVE94361,trNEGATIVE94361,8,0,False
TNSKEGEFIAEGGGVR,AMPlify_non_AMP_train_imbalanced.fa,real_non_amp_amplify,0,trNEGATIVE01427,trNEGATIVE01427,16,0,False
AVWQFREMIKCTIPPSDDLLDF,AMPlify_non_AMP_train_imbalanced.fa,real_non_amp_amplify,0,trNEGATIVE01995,trNEGATIVE01995,22,0,False
RYNDAVLRHLVIKTKKA,AMPlify_non_AMP_train_imbalanced.fa,real_non_amp_amplify_window,0,trNEGATIVE57979,trNEGATIVE57979,124,78,True
GGSSGLISMPRV,AMPlify_non_AMP_train_imbalanced.fa,real_non_amp_amplify,0,trNEGATIVE02123,trNEGATIVE02123,12,0,False
MRDVTVVATSKFNIVKNRIKAERWVKI,AMPlify_non_AMP_train_imbalanced.fa,real_non_amp_amplify,0,trNEGATIVE00092,trNEGATIVE00092,27,0,False
DLLTTIKRVKESMKRRT,AMPlify_non_AMP_train_imbalanced.fa,real_non_amp_amplify,0,trNEGATIVE01642,trNEGATIVE01642,17,0,False
TSGLIAFPRL,AMPlify_non_AMP_train_imbalanced.fa,real_non_amp_amplify,0,trNEGATIVE52376,trNEGATIVE52376,10,0,False
QNAHPSPKVPP,AMPlify_non_AMP_train_imbalanced.fa,real_non_amp_amplify,0,trNEGATIVE01608,trNEGATIVE01608,11,0,False
GPLTILHINDVHAAFEQFNT,AMPlify_non_AMP_train_imbalanced.fa,real_non_amp_amplify,0,trNEGATIVE01841,trNEGATIVE01841,20,0,False
GIYCIFEGGTPDDR,AMPlify_non_AMP_train_imbalanced.fa,real_non_amp_amplify,0,trNEGATIVE00217,trNEGATIVE00217,14,0,False
ASLFNAPRV,AMPlify_non_AMP_train_imbalanced.fa,real_non_amp_amplify,0,trNEGATIVE03539,trNEGATIVE03539,9,0,False
QKKDKKDR,AMPlify_non_AMP_train_imbalanced.fa,real_non_amp_amplify,0,trNEGATIVE05464,trNEGATIVE05464,8,0,False
EDAYKFTTW,AMPlify_non_AMP_train_imbalanced.fa,real_non_amp_amplify,0,trNEGATIVE53007,trNEGATIVE53007,9,0,False
SITKIKAREIL,AMPlify_non_AMP_train_imbalanced.fa,real_non_amp_amplify,0,trNEGATIVE00792,trNEGATIVE00792,11,0,False
VMYYSLPRPV,AMPlify_non_AMP_test_imbalanced.fa,real_non_amp_amplify,0,teNEGATIVE09088,teNEGATIVE09088,10,0,False
VPATIPLTITNDSGG,AMPlify_non_AMP_train_imbalanced.fa,real_non_amp_amplify,0,trNEGATIVE03205,trNEGATIVE03205,15,0,False
IAAHRGPVLRGWYP,AMPlify_non_AMP_train_imbalanced.fa,real_non_amp_amplify_window,0,trNEGATIVE51693,trNEGATIVE51693,155,116,True
FFGDFGNISSAAAITGNPK,AMPlify_non_AMP_train_imbalanced.fa,real_non_amp_amplify,0,trNEGATIVE01030,trNEGATIVE01030,19,0,False
TPNRDFMRF,AMPlify_non_AMP_train_imbalanced.fa,real_non_amp_amplify,0,trNEGATIVE59019,trNEGATIVE59019,9,0,False
ARAVGIDLGTTNAVVAVLEG,AMPlify_non_AMP_train_imbalanced.fa,real_non_amp_amplify,0,trNEGATIVE02498,trNEGATIVE02498,20,0,False
DEPPQTPWDRVKDLVTVYVE,AMPlify_non_AMP_train_imbalanced.fa,real_non_amp_amplify,0,trNEGATIVE02292,trNEGATIVE02292,20,0,False
ALAQLLSLAR,AMPlify_non_AMP_train_imbalanced.fa,real_non_amp_amplify,0,trNEGATIVE00193,trNEGATIVE00193,10,0,False
MIRIISRANSVTSSNEVNRLVTGQIPHD,AMPlify_non_AMP_train_imbalanced.fa,real_non_amp_amplify,0,trNEGATIVE00783,trNEGATIVE00783,28,0,False
SFSVNPAVDILQHRYMEKVAQNNRNFLNRV,AMPlify_non_AMP_test_imbalanced.fa,real_non_amp_amplify,0,teNEGATIVE00251,teNEGATIVE00251,30,0,False
TRSGGACNSHNQCCDDFCSTATSTCV,AMPlify_non_AMP_train_imbalanced.fa,real_non_amp_amplify,0,trNEGATIVE01514,trNEGATIVE01514,26,0,False
SVKSEVDNFDKHLKAESAPFNNE,AMPlify_non_AMP_test_imbalanced.fa,real_non_amp_amplify,0,teNEGATIVE00113,teNEGATIVE00113,23,0,False
SPVISYDKT,AMPlify_non_AMP_train_imbalanced.fa,real_non_amp_amplify,0,trNEGATIVE88410,trNEGATIVE88410,9,0,False
ILGGDGYSTKTPLPTVKRHERRSVVNE,AMPlify_non_AMP_train_imbalanced.fa,real_non_amp_amplify_window,0,trNEGATIVE74000,trNEGATIVE74000,151,124,True
AYERQFYPGATSVAENNIGH,AMPlify_non_AMP_train_imbalanced.fa,real_non_amp_amplify,0,trNEGATIVE00952,trNEGATIVE00952,20,0,False
TKKDGEEKVA,AMPlify_non_AMP_train_imbalanced.fa,real_non_amp_amplify,0,trNEGATIVE27067,trNEGATIVE27067,10,0,False
GHKLGEFAPTRTFRGHKKEDKKVKR,AMPlify_non_AMP_train_imbalanced.fa,real_non_amp_amplify,0,trNEGATIVE02973,trNEGATIVE02973,25,0,False
SQRGLRKILGKRQRLLAYLSKKNR,AMPlify_non_AMP_train_imbalanced.fa,real_non_amp_amplify_window,0,trNEGATIVE77109,trNEGATIVE77109,88,46,True
CYIQNCPRG,AMPlify_non_AMP_train_imbalanced.fa,real_non_amp_amplify,0,trNEGATIVE36287,trNEGATIVE36287,9,0,False
TSTVFSDGQR,AMPlify_non_AMP_test_imbalanced.fa,real_non_amp_amplify,0,teNEGATIVE00108,teNEGATIVE00108,10,0,False
MLLLKHGRIEILDQNTMYG,AMPlify_non_AMP_train_imbalanced.fa,real_non_amp_amplify,0,trNEGATIVE01662,trNEGATIVE01662,19,0,False
SKCRIGKDGFYSVTCTEKENLCFTQF,AMPlify_non_AMP_train_imbalanced.fa,real_non_amp_amplify,0,trNEGATIVE00182,trNEGATIVE00182,26,0,False
IYVRPTKDELLYCGEFRELGQPDKKCRC,AMPlify_non_AMP_train_imbalanced.fa,real_non_amp_amplify,0,trNEGATIVE02880,trNEGATIVE02880,28,0,False
KAEEEVEKNKEEAEEKAEKKIAE,AMPlify_non_AMP_test_imbalanced.fa,real_non_amp_amplify,0,teNEGATIVE00087,teNEGATIVE00087,23,0,False
AVLDTALSGIDKVLHGSIDAHKAD,AMPlify_non_AMP_test_imbalanced.fa,real_non_amp_amplify,0,teNEGATIVE00281,teNEGATIVE00281,24,0,False
DQCTYCGIYCCPPKFCTSSGCRSP,AMPlify_non_AMP_train_imbalanced.fa,real_non_amp_amplify,0,trNEGATIVE01640,trNEGATIVE01640,24,0,False
YYTVLFGVSRALGLPLERPK,AMPlify_non_AMP_train_imbalanced.fa,real_non_amp_amplify,0,trNEGATIVE00936,trNEGATIVE00936,20,0,False
VSCEDCPEHCSTQKAQAKCDNDKCVCEPI,AMPlify_non_AMP_train_imbalanced.fa,real_non_amp_amplify,0,trNEGATIVE01905,trNEGATIVE01905,29,0,False
SDPAGGEFLAEGGGVR,AMPlify_non_AMP_test_imbalanced.fa,real_non_amp_amplify,0,teNEGATIVE00563,teNEGATIVE00563,16,0,False
ASVHEFLVK,AMPlify_non_AMP_train_imbalanced.fa,real_non_amp_amplify,0,trNEGATIVE97838,trNEGATIVE97838,9,0,False
MTASMRLK,AMPlify_non_AMP_test_imbalanced.fa,real_non_amp_amplify,0,teNEGATIVE00006,teNEGATIVE00006,8,0,False
LPYPVNCKTECECVMCGLGIICKQCYYQQ,AMPlify_non_AMP_train_imbalanced.fa,real_non_amp_amplify,0,trNEGATIVE02541,trNEGATIVE02541,29,0,False
CNGRPCECFAKI,AMPlify_non_AMP_train_imbalanced.fa,real_non_amp_amplify_window,0,trNEGATIVE20771,trNEGATIVE20771,51,21,True
GFRDGSADRISHGF,AMPlify_non_AMP_test_imbalanced.fa,real_non_amp_amplify,0,teNEGATIVE00759,teNEGATIVE00759,14,0,False
DPAFNSWG,AMPlify_non_AMP_train_imbalanced.fa,real_non_amp_amplify,0,trNEGATIVE56871,trNEGATIVE56871,8,0,False
DCCPIAGCPFGCTICC,AMPlify_non_AMP_train_imbalanced.fa,real_non_amp_amplify,0,trNEGATIVE00445,trNEGATIVE00445,16,0,False
SCQKWMWLCDEERKCCEDMVCKLWCK,AMPlify_non_AMP_test_imbalanced.fa,real_non_amp_amplify,0,teNEGATIVE00809,teNEGATIVE00809,26,0,False
FINTIKLLIEKYREWKNKQSS,AMPlify_non_AMP_train_imbalanced.fa,real_non_amp_amplify,0,trNEGATIVE01833,trNEGATIVE01833,21,0,False
AVPQSIDWRDYGAVNEVKNQNPCGSCW,AMPlify_non_AMP_train_imbalanced.fa,real_non_amp_amplify,0,trNEGATIVE01921,trNEGATIVE01921,27,0,False
VQIFVRDNNVDQALKALK,AMPlify_non_AMP_train_imbalanced.fa,real_non_amp_amplify,0,trNEGATIVE02621,trNEGATIVE02621,18,0,False
LPSFLYAEMVGYNIL,AMPlify_non_AMP_train_imbalanced.fa,real_non_amp_amplify,0,trNEGATIVE01419,trNEGATIVE01419,15,0,False
YGEPKLDAGV,AMPlify_non_AMP_train_imbalanced.fa,real_non_amp_amplify,0,trNEGATIVE00956,trNEGATIVE00956,10,0,False
MLADVFEKIMGD,AMPlify_non_AMP_train_imbalanced.fa,real_non_amp_amplify,0,trNEGATIVE02369,trNEGATIVE02369,12,0,False
ILGLLKGISALLS,AMPlify_non_AMP_train_imbalanced.fa,real_non_amp_amplify,0,trNEGATIVE02804,trNEGATIVE02804,13,0,False
AGLPTEEKPPLL,AMPlify_non_AMP_train_imbalanced.fa,real_non_amp_amplify,0,trNEGATIVE02248,trNEGATIVE02248,12,0,False
VIGGDECNINEHRFLAALYD,AMPlify_non_AMP_train_imbalanced.fa,real_non_amp_amplify,0,trNEGATIVE01231,trNEGATIVE01231,20,0,False
KIANGSGSEQDIAEAKI,AMPlify_non_AMP_train_imbalanced.fa,real_non_amp_amplify,0,trNEGATIVE00734,trNEGATIVE00734,17,0,False
MEILTLGWVSLLVVFTWSIAMVVWGRNGL,AMPlify_non_AMP_train_imbalanced.fa,real_non_amp_amplify,0,trNEGATIVE02533,trNEGATIVE02533,29,0,False
GVIELTKMIVQEMGKNALTSYSL,AMPlify_non_AMP_train_imbalanced.fa,real_non_amp_amplify,0,trNEGATIVE02648,trNEGATIVE02648,23,0,False
LNPFRWVINKYREWKNKKDS,AMPlify_non_AMP_train_imbalanced.fa,real_non_amp_amplify,0,trNEGATIVE02806,trNEGATIVE02806,20,0,False
APQAGFYGVR,AMPlify_non_AMP_train_imbalanced.fa,real_non_amp_amplify,0,trNEGATIVE45742,trNEGATIVE45742,10,0,False
DRIPVICEKVDKSD,AMPlify_non_AMP_train_imbalanced.fa,real_non_amp_amplify_window,0,trNEGATIVE49032,trNEGATIVE49032,121,26,True
FLAKKLAKHLAKKQAES,AMPlify_non_AMP_test_imbalanced.fa,real_non_amp_amplify,0,teNEGATIVE00448,teNEGATIVE00448,17,0,False
DVLELTDENFESRVSSDTG,AMPlify_non_AMP_test_imbalanced.fa,real_non_amp_amplify,0,teNEGATIVE00813,teNEGATIVE00813,19,0,False
LCLEGMMLSLFILAALTI,AMPlify_non_AMP_train_imbalanced.fa,real_non_amp_amplify_window,0,trNEGATIVE81993,trNEGATIVE81993,98,30,True
DKNAYGIDLIL,AMPlify_non_AMP_train_imbalanced.fa,real_non_amp_amplify,0,trNEGATIVE00407,trNEGATIVE00407,11,0,False
MGQEQDTPWIL,AMPlify_non_AMP_train_imbalanced.fa,real_non_amp_amplify,0,trNEGATIVE01085,trNEGATIVE01085,11,0,False
MLHLIGFDKLYSYNMVKLALLEKGVPFTEV,AMPlify_non_AMP_train_imbalanced.fa,real_non_amp_amplify,0,trNEGATIVE00653,trNEGATIVE00653,30,0,False
DGVTDPLEVNVVK,AMPlify_non_AMP_train_imbalanced.fa,real_non_amp_amplify,0,trNEGATIVE01737,trNEGATIVE01737,13,0,False
AKEKIHINIVVIGHV,AMPlify_non_AMP_train_imbalanced.fa,real_non_amp_amplify,0,trNEGATIVE01614,trNEGATIVE01614,15,0,False
GCCSRPPCIANNPDIC,AMPlify_non_AMP_test_imbalanced.fa,real_non_amp_amplify,0,teNEGATIVE00677,teNEGATIVE00677,16,0,False
AAVPSGASTGVYEALELRFRAPVEPY,AMPlify_non_AMP_train_imbalanced.fa,real_non_amp_amplify,0,trNEGATIVE00195,trNEGATIVE00195,26,0,False
TKQTLKVLITGAAGQIGYSL,AMPlify_non_AMP_test_imbalanced.fa,real_non_amp_amplify,0,teNEGATIVE00506,teNEGATIVE00506,20,0,False
DPSFNSWG,AMPlify_non_AMP_train_imbalanced.fa,real_non_amp_amplify,0,trNEGATIVE81474,trNEGATIVE81474,8,0,False
YSQVARPRF,AMPlify_non_AMP_train_imbalanced.fa,real_non_amp_amplify,0,trNEGATIVE63884,trNEGATIVE63884,9,0,False
PKRTKYRKPHRVS,AMPlify_non_AMP_train_imbalanced.fa,real_non_amp_amplify_window,0,trNEGATIVE55837,trNEGATIVE55837,137,3,True
NSELINAILGSPTLMGEV,AMPlify_non_AMP_train_imbalanced.fa,real_non_amp_amplify,0,trNEGATIVE02416,trNEGATIVE02416,18,0,False
NVCHGSDSVESANKEIDLWFK,AMPlify_non_AMP_train_imbalanced.fa,real_non_amp_amplify,0,trNEGATIVE01582,trNEGATIVE01582,21,0,False
GASGLISFPRV,AMPlify_non_AMP_train_imbalanced.fa,real_non_amp_amplify,0,trNEGATIVE02882,trNEGATIVE02882,11,0,False
RQRHRDCDKPPDKTN,AMPlify_non_AMP_train_imbalanced.fa,real_non_amp_amplify,0,trNEGATIVE00893,trNEGATIVE00893,15,0,False
MRFLFFLPPSFITSFLYLALYSFPVPYCII,AMPlify_non_AMP_train_imbalanced.fa,real_non_amp_amplify,0,trNEGATIVE01202,trNEGATIVE01202,30,0,False
NYQYSPPPPPKKKYY,AMPlify_non_AMP_test_imbalanced.fa,real_non_amp_amplify,0,teNEGATIVE00819,teNEGATIVE00819,15,0,False
YVMGHFRWDKF,AMPlify_non_AMP_train_imbalanced.fa,real_non_amp_amplify,0,trNEGATIVE02497,trNEGATIVE02497,11,0,False
GSLTGLISMPRT,AMPlify_non_AMP_train_imbalanced.fa,real_non_amp_amplify,0,trNEGATIVE02422,trNEGATIVE02422,12,0,False
TDPDADEGEFLAEGGGVR,AMPlify_non_AMP_train_imbalanced.fa,real_non_amp_amplify,0,trNEGATIVE02005,trNEGATIVE02005,18,0,False
ATQRLPPLSTEPNR,AMPlify_non_AMP_train_imbalanced.fa,real_non_amp_amplify,0,trNEGATIVE01800,trNEGATIVE01800,14,0,False
GRCCEGPNGCSSRWCKDHARCC,AMPlify_non_AMP_train_imbalanced.fa,real_non_amp_amplify,0,trNEGATIVE01170,trNEGATIVE01170,22,0,False
GFCAEAGIKCNDIHCCGNLKCKAVGSNRV,AMPlify_non_AMP_train_imbalanced.fa,real_non_amp_amplify,0,trNEGATIVE03036,trNEGATIVE03036,29,0,False
DGAETPGAAASLWFGPRV,AMPlify_non_AMP_train_imbalanced.fa,real_non_amp_amplify,0,trNEGATIVE03038,trNEGATIVE03038,18,0,False
MPLEVLGHLSKAFLFLARNNEHSHKKYNQ,AMPlify_non_AMP_train_imbalanced.fa,real_non_amp_amplify,0,trNEGATIVE02665,trNEGATIVE02665,29,0,False
GPAAVVRLLGK,AMPlify_non_AMP_train_imbalanced.fa,real_non_amp_amplify,0,trNEGATIVE00644,trNEGATIVE00644,11,0,False
ELVSNASDALDKLR,AMPlify_non_AMP_train_imbalanced.fa,real_non_amp_amplify,0,trNEGATIVE01147,trNEGATIVE01147,14,0,False
GFKNVALSTARGF,AMPlify_non_AMP_train_imbalanced.fa,real_non_amp_amplify,0,trNEGATIVE03047,trNEGATIVE03047,13,0,False
AVQLLEVNPEIAQNS,AMPlify_non_AMP_test_imbalanced.fa,real_non_amp_amplify,0,teNEGATIVE00380,teNEGATIVE00380,15,0,False
IYTYVIGRG,AMPlify_non_AMP_test_imbalanced.fa,real_non_amp_amplify,0,teNEGATIVE00190,teNEGATIVE00190,9,0,False
EKDCYHERDC,AMPlify_non_AMP_train_imbalanced.fa,real_non_amp_amplify,0,trNEGATIVE02341,trNEGATIVE02341,10,0,False
WLINYARLRNEKV,AMPlify_non_AMP_train_imbalanced.fa,real_non_amp_amplify_window,0,trNEGATIVE86567,trNEGATIVE86567,155,101,True
MDLLSLGWSSLMVMFSFSLALVVWGRNGF,AMPlify_non_AMP_train_imbalanced.fa,real_non_amp_amplify,0,trNEGATIVE03202,trNEGATIVE03202,29,0,False
MPGIAFKGKDMVKAIQFLEIVVPCHCTT,AMPlify_non_AMP_train_imbalanced.fa,real_non_amp_amplify,0,trNEGATIVE02612,trNEGATIVE02612,28,0,False
GPSSSAFFGMR,AMPlify_non_AMP_train_imbalanced.fa,real_non_amp_amplify,0,trNEGATIVE01678,trNEGATIVE01678,11,0,False
IIGGYECKPHSQPWQAFLVDNK,AMPlify_non_AMP_test_imbalanced.fa,real_non_amp_amplify,0,teNEGATIVE00495,teNEGATIVE00495,22,0,False
YYVDLQNR,AMPlify_non_AMP_train_imbalanced.fa,real_non_amp_amplify,0,trNEGATIVE64984,trNEGATIVE64984,8,0,False
TVKCGGCNRKCCPGGCRSGKCINGKCQCY,AMPlify_non_AMP_train_imbalanced.fa,real_non_amp_amplify,0,trNEGATIVE00793,trNEGATIVE00793,29,0,False
FALESFWDGKGNASAHAMEMTK,AMPlify_non_AMP_train_imbalanced.fa,real_non_amp_amplify,0,trNEGATIVE02450,trNEGATIVE02450,22,0,False
RGSNLTIHPLRNIKDLVYLGNMGIG,AMPlify_non_AMP_train_imbalanced.fa,real_non_amp_amplify,0,trNEGATIVE00679,trNEGATIVE00679,25,0,False
MSGCGCASTGTCHCGKDCTCAGCPHK,AMPlify_non_AMP_train_imbalanced.fa,real_non_amp_amplify,0,trNEGATIVE02161,trNEGATIVE02161,26,0,False
FYYGLKKLHFCSF,AMPlify_non_AMP_train_imbalanced.fa,real_non_amp_amplify_window,0,trNEGATIVE35264,trNEGATIVE35264,109,16,True
GSSGMISFPRT,AMPlify_non_AMP_train_imbalanced.fa,real_non_amp_amplify,0,trNEGATIVE03171,trNEGATIVE03171,11,0,False
ADYLQLARA,AMPlify_non_AMP_train_imbalanced.fa,real_non_amp_amplify,0,trNEGATIVE46849,trNEGATIVE46849,9,0,False
DEPDGVPTTQKQ,AMPlify_non_AMP_train_imbalanced.fa,real_non_amp_amplify,0,trNEGATIVE02294,trNEGATIVE02294,12,0,False
YEITGVKEELAREAFARAAAK,AMPlify_non_AMP_train_imbalanced.fa,real_non_amp_amplify_window,0,trNEGATIVE79764,trNEGATIVE79764,137,103,True
QGPSPRHPIPP,AMPlify_non_AMP_train_imbalanced.fa,real_non_amp_amplify,0,trNEGATIVE00231,trNEGATIVE00231,11,0,False
RGFFYNPKGIVEQCCHRPCNIRVLE,AMPlify_non_AMP_train_imbalanced.fa,real_non_amp_amplify_window,0,trNEGATIVE95163,trNEGATIVE95163,50,21,True
ETISFNFNQFQQND,AMPlify_non_AMP_train_imbalanced.fa,real_non_amp_amplify,0,trNEGATIVE02555,trNEGATIVE02555,14,0,False
NNVDKLNGDW,AMPlify_non_AMP_train_imbalanced.fa,real_non_amp_amplify,0,trNEGATIVE03075,trNEGATIVE03075,10,0,False
VIGGDECNINEHRFLVALYDGLSGTFLCGG,AMPlify_non_AMP_train_imbalanced.fa,real_non_amp_amplify,0,trNEGATIVE00707,trNEGATIVE00707,30,0,False
AISGLTPCKESKQFAKREKQ,AMPlify_non_AMP_train_imbalanced.fa,real_non_amp_amplify,0,trNEGATIVE00141,trNEGATIVE00141,20,0,False
MREIEHIPPP,AMPlify_non_AMP_train_imbalanced.fa,real_non_amp_amplify,0,trNEGATIVE102499,trNEGATIVE102499,10,0,False
QTPGCCWHPACGKNRC,AMPlify_non_AMP_train_imbalanced.fa,real_non_amp_amplify,0,trNEGATIVE00918,trNEGATIVE00918,16,0,False
MSPLKAVAVLTGADVKGVVQFT,AMPlify_non_AMP_train_imbalanced.fa,real_non_amp_amplify,0,trNEGATIVE00755,trNEGATIVE00755,22,0,False
ARPPGFSPFRIV,AMPlify_non_AMP_train_imbalanced.fa,real_non_amp_amplify,0,trNEGATIVE03221,trNEGATIVE03221,12,0,False
EDKYTDKYDNINLDE,AMPlify_non_AMP_train_imbalanced.fa,real_non_amp_amplify,0,trNEGATIVE00714,trNEGATIVE00714,15,0,False
GGSGSGETSGMWFGPRL,AMPlify_non_AMP_train_imbalanced.fa,real_non_amp_amplify,0,trNEGATIVE02769,trNEGATIVE02769,17,0,False
VIGGDECNIN,AMPlify_non_AMP_test_imbalanced.fa,real_non_amp_amplify,0,teNEGATIVE22305,teNEGATIVE22305,10,0,False
QDVVHSFLRF,AMPlify_non_AMP_test_imbalanced.fa,real_non_amp_amplify,0,teNEGATIVE18881,teNEGATIVE18881,10,0,False
FDKNQPWGVIRDLNVVNFKR,AMPlify_non_AMP_test_imbalanced.fa,real_non_amp_amplify,0,teNEGATIVE00264,teNEGATIVE00264,20,0,False
SVQFKPRL,AMPlify_non_AMP_test_imbalanced.fa,real_non_amp_amplify,0,teNEGATIVE09982,teNEGATIVE09982,8,0,False
MSWTKPAYTDLRIGFEVTMYFASR,AMPlify_non_AMP_train_imbalanced.fa,real_non_amp_amplify,0,trNEGATIVE00346,trNEGATIVE00346,24,0,False
APDFSTLELIPDKLKEFGNTLEEKARMA,AMPlify_non_AMP_train_imbalanced.fa,real_non_amp_amplify,0,trNEGATIVE01328,trNEGATIVE01328,28,0,False
MTHIVRFIGLLLLNASSLRGRRVSGIQH,AMPlify_non_AMP_train_imbalanced.fa,real_non_amp_amplify,0,trNEGATIVE01179,trNEGATIVE01179,28,0,False
AATAATPATAATPATAARA,AMPlify_non_AMP_train_imbalanced.fa,real_non_amp_amplify,0,trNEGATIVE02285,trNEGATIVE02285,19,0,False
APTDMYSFGL,AMPlify_non_AMP_test_imbalanced.fa,real_non_amp_amplify,0,teNEGATIVE14917,teNEGATIVE14917,10,0,False
SFQCELVFAK,AMPlify_non_AMP_test_imbalanced.fa,real_non_amp_amplify,0,teNEGATIVE24036,teNEGATIVE24036,10,0,False
GYSSASKIIFGSGTRLSIRP,AMPlify_non_AMP_train_imbalanced.fa,real_non_amp_amplify,0,trNEGATIVE03286,trNEGATIVE03286,20,0,False
IVGGQEATPHTWVHQVALFI,AMPlify_non_AMP_test_imbalanced.fa,real_non_amp_amplify,0,teNEGATIVE00447,teNEGATIVE00447,20,0,False
ASEALVEIKPGEIGMVSGIPDEHLRRFVVI,AMPlify_non_AMP_train_imbalanced.fa,real_non_amp_amplify,0,trNEGATIVE00019,trNEGATIVE00019,30,0,False
ATTDSPATLTGVI,AMPlify_non_AMP_train_imbalanced.fa,real_non_amp_amplify,0,trNEGATIVE00332,trNEGATIVE00332,13,0,False
DKYIALGEWAGCFGIKEKDIDKDLVI,AMPlify_non_AMP_train_imbalanced.fa,real_non_amp_amplify,0,trNEGATIVE01263,trNEGATIVE01263,26,0,False
FEDGKKVRFFKSNKETIK,AMPlify_non_AMP_train_imbalanced.fa,real_non_amp_amplify,0,trNEGATIVE02214,trNEGATIVE02214,18,0,False
MVKAVTVLNSSEGPHGIVYFAQEGDGPTTV,AMPlify_non_AMP_train_imbalanced.fa,real_non_amp_amplify,0,trNEGATIVE01136,trNEGATIVE01136,30,0,False
APFSLATA,AMPlify_non_AMP_train_imbalanced.fa,real_non_amp_amplify,0,trNEGATIVE93652,trNEGATIVE93652,8,0,False
ALVPLRLLLDHAAENG,AMPlify_non_AMP_train_imbalanced.fa,real_non_amp_amplify,0,trNEGATIVE02412,trNEGATIVE02412,16,0,False
KAKEAVENVKEKANDVIDKFK,AMPlify_non_AMP_test_imbalanced.fa,real_non_amp_amplify_window,0,teNEGATIVE25522,teNEGATIVE25522,63,37,True
GSFVNPTTPIR,AMPlify_non_AMP_train_imbalanced.fa,real_non_amp_amplify,0,trNEGATIVE00591,trNEGATIVE00591,11,0,False
MENEHQYSGARCSGQAAYVAKRQECAK,AMPlify_non_AMP_train_imbalanced.fa,real_non_amp_amplify,0,trNEGATIVE03189,trNEGATIVE03189,27,0,False
VSKGDLGLVVRCLP,AMPlify_non_AMP_train_imbalanced.fa,real_non_amp_amplify_window,0,trNEGATIVE13845,trNEGATIVE13845,65,49,True
GGCCSHPACFASNPDYC,AMPlify_non_AMP_train_imbalanced.fa,real_non_amp_amplify,0,trNEGATIVE00684,trNEGATIVE00684,17,0,False
GSSGLIPMPRV,AMPlify_non_AMP_train_imbalanced.fa,real_non_amp_amplify,0,trNEGATIVE02828,trNEGATIVE02828,11,0,False
ELPVNFYALNLTADNINIGY,AMPlify_non_AMP_train_imbalanced.fa,real_non_amp_amplify,0,trNEGATIVE01650,trNEGATIVE01650,20,0,False
SKDNQKNYIPLIVPFAT,AMPlify_non_AMP_train_imbalanced.fa,real_non_amp_amplify,0,trNEGATIVE02059,trNEGATIVE02059,17,0,False
ADTGEGEFLAEGGGVR,AMPlify_non_AMP_train_imbalanced.fa,real_non_amp_amplify,0,trNEGATIVE02327,trNEGATIVE02327,16,0,False
RHAGSAHTF,AMPlify_non_AMP_train_imbalanced.fa,real_non_amp_amplify,0,trNEGATIVE01604,trNEGATIVE01604,9,0,False
QLNYSPDW,AMPlify_non_AMP_train_imbalanced.fa,real_non_amp_amplify,0,trNEGATIVE36054,trNEGATIVE36054,8,0,False
ASNVPKELVEKGQNRV,AMPlify_non_AMP_train_imbalanced.fa,real_non_amp_amplify,0,trNEGATIVE02792,trNEGATIVE02792,16,0,False
ADNPGDDGN,AMPlify_non_AMP_train_imbalanced.fa,real_non_amp_amplify,0,trNEGATIVE50086,trNEGATIVE50086,9,0,False
AEIDFSGIPEDIIKQIKETNAKPPA,AMPlify_non_AMP_train_imbalanced.fa,real_non_amp_amplify,0,trNEGATIVE02721,trNEGATIVE02721,25,0,False
IAIFNAYTPLPFAD,AMPlify_non_AMP_train_imbalanced.fa,real_non_amp_amplify,0,trNEGATIVE00024,trNEGATIVE00024,14,0,False
LDVELTVEER,AMPlify_non_AMP_train_imbalanced.fa,real_non_amp_amplify,0,trNEGATIVE01990,trNEGATIVE01990,10,0,False
DCCIIAGCPFGCTICC,AMPlify_non_AMP_test_imbalanced.fa,real_non_amp_amplify,0,teNEGATIVE00820,teNEGATIVE00820,16,0,False
ALPCPYGCPLRCCHMTDGVCLRNKQGC,AMPlify_non_AMP_train_imbalanced.fa,real_non_amp_amplify,0,trNEGATIVE02392,trNEGATIVE02392,27,0,False
VATSEPNRYFNPYSYVELIITVDHS,AMPlify_non_AMP_train_imbalanced.fa,real_non_amp_amplify,0,trNEGATIVE01749,trNEGATIVE01749,25,0,False
GLCCPMRWSSSEG,AMPlify_non_AMP_test_imbalanced.fa,real_non_amp_amplify,0,teNEGATIVE00021,teNEGATIVE00021,13,0,False
SDIRAKLLEVLESGVVNGKWT,AMPlify_non_AMP_test_imbalanced.fa,real_non_amp_amplify_window,0,teNEGATIVE10083,teNEGATIVE10083,150,17,True
VAAIQTVLG,AMPlify_non_AMP_train_imbalanced.fa,real_non_amp_amplify,0,trNEGATIVE18603,trNEGATIVE18603,9,0,False
PYDRISNSAFSDF,AMPlify_non_AMP_train_imbalanced.fa,real_non_amp_amplify,0,trNEGATIVE03331,trNEGATIVE03331,13,0,False
QKKDKKDRF,AMPlify_non_AMP_train_imbalanced.fa,real_non_amp_amplify,0,trNEGATIVE02611,trNEGATIVE02611,9,0,False
GSSGIIPFPRV,AMPlify_non_AMP_train_imbalanced.fa,real_non_amp_amplify,0,trNEGATIVE00121,trNEGATIVE00121,11,0,False
ECCHRQLLCCLRFV,AMPlify_non_AMP_test_imbalanced.fa,real_non_amp_amplify,0,teNEGATIVE00470,teNEGATIVE00470,14,0,False
ANFPTVSLNTVGITRQIPQDFMNAV,AMPlify_non_AMP_train_imbalanced.fa,real_non_amp_amplify,0,trNEGATIVE00314,trNEGATIVE00314,25,0,False
AEAAGLLPFPRV,AMPlify_non_AMP_train_imbalanced.fa,real_non_amp_amplify,0,trNEGATIVE00196,trNEGATIVE00196,12,0,False
NVTELIGNTPLVELI,AMPlify_non_AMP_train_imbalanced.fa,real_non_amp_amplify,0,trNEGATIVE02922,trNEGATIVE02922,15,0,False
YMVIQGEPGAVIRLGDYLIDQGL,AMPlify_non_AMP_train_imbalanced.fa,real_non_amp_amplify,0,trNEGATIVE02500,trNEGATIVE02500,23,0,False
QVRFRQCYFNPISCF,AMPlify_non_AMP_train_imbalanced.fa,real_non_amp_amplify,0,trNEGATIVE01014,trNEGATIVE01014,15,0,False
ATFFDPQPRLLAD,AMPlify_non_AMP_train_imbalanced.fa,real_non_amp_amplify,0,trNEGATIVE02584,trNEGATIVE02584,13,0,False
RRKQFHVLLSTI,AMPlify_non_AMP_train_imbalanced.fa,real_non_amp_amplify_window,0,trNEGATIVE72969,trNEGATIVE72969,199,160,True
YPDGFDGEAV,AMPlify_non_AMP_train_imbalanced.fa,real_non_amp_amplify,0,trNEGATIVE40096,trNEGATIVE40096,10,0,False
YGGTPPFV,AMPlify_non_AMP_train_imbalanced.fa,real_non_amp_amplify,0,trNEGATIVE11751,trNEGATIVE11751,8,0,False
HAKDVVFGGEARARMVEGVNILANA,AMPlify_non_AMP_train_imbalanced.fa,real_non_amp_amplify,0,trNEGATIVE02230,trNEGATIVE02230,25,0,False
APWLVPSQITTCCGYNPGTMCPSCMCTNTC,AMPlify_non_AMP_train_imbalanced.fa,real_non_amp_amplify,0,trNEGATIVE02766,trNEGATIVE02766,30,0,False
TLASYIRARRLTKAAVELRLTKK,AMPlify_non_AMP_train_imbalanced.fa,real_non_amp_amplify_window,0,trNEGATIVE58458,trNEGATIVE58458,138,71,True
GASGLIAFPRV,AMPlify_non_AMP_test_imbalanced.fa,real_non_amp_amplify,0,teNEGATIVE00308,teNEGATIVE00308,11,0,False
VAPFPHGKLVTYKYIADVKAGVDPSLV,AMPlify_non_AMP_train_imbalanced.fa,real_non_amp_amplify,0,trNEGATIVE02778,trNEGATIVE02778,27,0,False
TPSQDFMRF,AMPlify_non_AMP_test_imbalanced.fa,real_non_amp_amplify,0,teNEGATIVE09522,teNEGATIVE09522,9,0,False
DGCPPHPVPGMHPCMCTNTC,AMPlify_non_AMP_train_imbalanced.fa,real_non_amp_amplify,0,trNEGATIVE01460,trNEGATIVE01460,20,0,False
TPQQDFMRF,AMPlify_non_AMP_test_imbalanced.fa,real_non_amp_amplify,0,teNEGATIVE03507,teNEGATIVE03507,9,0,False
TIEEVLNLPPYVVAA,AMPlify_non_AMP_train_imbalanced.fa,real_non_amp_amplify,0,trNEGATIVE03084,trNEGATIVE03084,15,0,False
LMYYTLPRPV,AMPlify_non_AMP_train_imbalanced.fa,real_non_amp_amplify,0,trNEGATIVE00825,trNEGATIVE00825,10,0,False
TPDHQRYVELFIVVDHGMYTKYNGD,AMPlify_non_AMP_train_imbalanced.fa,real_non_amp_amplify,0,trNEGATIVE00798,trNEGATIVE00798,25,0,False
SFDSSVLTK,AMPlify_non_AMP_train_imbalanced.fa,real_non_amp_amplify,0,trNEGATIVE40133,trNEGATIVE40133,9,0,False
FRLSPAARNILEKHSLDASQGTATGPR,AMPlify_non_AMP_test_imbalanced.fa,real_non_amp_amplify,0,teNEGATIVE00427,teNEGATIVE00427,27,0,False
NSGGGEGSGMWFGPRL,AMPlify_non_AMP_train_imbalanced.fa,real_non_amp_amplify,0,trNEGATIVE00850,trNEGATIVE00850,16,0,False
SHYAEGPGKN,AMPlify_non_AMP_train_imbalanced.fa,real_non_amp_amplify,0,trNEGATIVE56930,trNEGATIVE56930,10,0,False
LLGMIPVAISAINLMKL,AMPlify_non_AMP_train_imbalanced.fa,real_non_amp_amplify,0,trNEGATIVE02411,trNEGATIVE02411,17,0,False
GSSGLISVPRV,AMPlify_non_AMP_train_imbalanced.fa,real_non_amp_amplify,0,trNEGATIVE00966,trNEGATIVE00966,11,0,False
VAGKSFVPIALGRQSKQTPF,AMPlify_non_AMP_test_imbalanced.fa,real_non_amp_amplify,0,teNEGATIVE00464,teNEGATIVE00464,20,0,False
VVSQYHELVVQARLSEQELEFR,AMPlify_non_AMP_train_imbalanced.fa,real_non_amp_amplify,0,trNEGATIVE00711,trNEGATIVE00711,22,0,False
NGRRYTTYGCSPPVT,AMPlify_non_AMP_train_imbalanced.fa,real_non_amp_amplify,0,trNEGATIVE02988,trNEGATIVE02988,15,0,False
RRRRRRRRHRRRRGRRGRRSRGRR,AMPlify_non_AMP_train_imbalanced.fa,real_non_amp_amplify,0,trNEGATIVE01686,trNEGATIVE01686,24,0,False
ERGCPRILKQCKQDSDCPGECICMAHGFCG,AMPlify_non_AMP_train_imbalanced.fa,real_non_amp_amplify,0,trNEGATIVE00911,trNEGATIVE00911,30,0,False
MKDVDQIFDALDCHILREYLILLFYD,AMPlify_non_AMP_train_imbalanced.fa,real_non_amp_amplify,0,trNEGATIVE03196,trNEGATIVE03196,26,0,False
PAPETNYLRDP,AMPlify_non_AMP_train_imbalanced.fa,real_non_amp_amplify,0,trNEGATIVE01220,trNEGATIVE01220,11,0,False
KPTADFDYIVVGAGNAGNVVAYRTVQAL,AMPlify_non_AMP_test_imbalanced.fa,real_non_amp_amplify,0,teNEGATIVE00292,teNEGATIVE00292,28,0,False
VIHDDAREWDSSL,AMPlify_non_AMP_train_imbalanced.fa,real_non_amp_amplify_window,0,trNEGATIVE06125,trNEGATIVE06125,188,85,True
RDVDVGSFLPKSPSDPSMVL,AMPlify_non_AMP_train_imbalanced.fa,real_non_amp_amplify,0,trNEGATIVE02472,trNEGATIVE02472,20,0,False
DSDSAFLIG,AMPlify_non_AMP_train_imbalanced.fa,real_non_amp_amplify,0,trNEGATIVE32536,trNEGATIVE32536,9,0,False
QGRPPGPPIPP,AMPlify_non_AMP_train_imbalanced.fa,real_non_amp_amplify,0,trNEGATIVE02788,trNEGATIVE02788,11,0,False
AADIFAKFKTSMEVK,AMPlify_non_AMP_train_imbalanced.fa,real_non_amp_amplify,0,trNEGATIVE02641,trNEGATIVE02641,15,0,False
ADSRKPIWI,AMPlify_non_AMP_train_imbalanced.fa,real_non_amp_amplify,0,trNEGATIVE01396,trNEGATIVE01396,9,0,False
QLYENKSRRPYIL,AMPlify_non_AMP_test_imbalanced.fa,real_non_amp_amplify,0,teNEGATIVE00423,teNEGATIVE00423,13,0,False
ELLETPTHVLRFWESKFPQIKPVKR,AMPlify_non_AMP_train_imbalanced.fa,real_non_amp_amplify_window,0,trNEGATIVE46247,trNEGATIVE46247,63,15,True
GPETAFFRL,AMPlify_non_AMP_train_imbalanced.fa,real_non_amp_amplify,0,trNEGATIVE01016,trNEGATIVE01016,9,0,False
MPRKGPAPK,AMPlify_non_AMP_train_imbalanced.fa,real_non_amp_amplify,0,trNEGATIVE04931,trNEGATIVE04931,9,0,False
QTLIPMPRL,AMPlify_non_AMP_train_imbalanced.fa,real_non_amp_amplify,0,trNEGATIVE54712,trNEGATIVE54712,9,0,False
TPSDGFMGMR,AMPlify_non_AMP_train_imbalanced.fa,real_non_amp_amplify,0,trNEGATIVE41704,trNEGATIVE41704,10,0,False
DYYGSPTPLNQLASISVPE,AMPlify_non_AMP_test_imbalanced.fa,real_non_amp_amplify_window,0,teNEGATIVE19953,teNEGATIVE19953,185,42,True
GNYYGYCRVHLNTAY,AMPlify_non_AMP_train_imbalanced.fa,real_non_amp_amplify,0,trNEGATIVE01724,trNEGATIVE01724,15,0,False
GFIMEFAENLILRRMEDPK,AMPlify_non_AMP_train_imbalanced.fa,real_non_amp_amplify,0,trNEGATIVE01907,trNEGATIVE01907,19,0,False
QWFGPYPPVNYIN,AMPlify_non_AMP_test_imbalanced.fa,real_non_amp_amplify,0,teNEGATIVE00754,teNEGATIVE00754,13,0,False
DDDDDDHTIEHFETF,AMPlify_non_AMP_train_imbalanced.fa,real_non_amp_amplify,0,trNEGATIVE02196,trNEGATIVE02196,15,0,False
GRGASSNYVRL,AMPlify_non_AMP_train_imbalanced.fa,real_non_amp_amplify,0,trNEGATIVE00796,trNEGATIVE00796,11,0,False
QLAELKYVI,AMPlify_non_AMP_train_imbalanced.fa,real_non_amp_amplify,0,trNEGATIVE49354,trNEGATIVE49354,9,0,False
VPPVYADLGKGARDLFSKGYNYGFSKL,AMPlify_non_AMP_train_imbalanced.fa,real_non_amp_amplify,0,trNEGATIVE00987,trNEGATIVE00987,27,0,False
MKIILWAVLIIFLIGLLVVTGVFKMIF,AMPlify_non_AMP_train_imbalanced.fa,real_non_amp_amplify,0,trNEGATIVE00877,trNEGATIVE00877,27,0,False
QKKDKKDRFPNGLV,AMPlify_non_AMP_train_imbalanced.fa,real_non_amp_amplify,0,trNEGATIVE02984,trNEGATIVE02984,14,0,False
TALPQLRLPATSRILCAGVLEGGIDTCNR,AMPlify_non_AMP_train_imbalanced.fa,real_non_amp_amplify,0,trNEGATIVE02184,trNEGATIVE02184,29,0,False
IVGGTAADISQFPHQLSLQTT,AMPlify_non_AMP_test_imbalanced.fa,real_non_amp_amplify,0,teNEGATIVE00683,teNEGATIVE00683,21,0,False
IPLDTIAGYKE,AMPlify_non_AMP_test_imbalanced.fa,real_non_amp_amplify,0,teNEGATIVE00026,teNEGATIVE00026,11,0,False
MEIDVLGWVALLVVFTWSIAMVVWGRNGL,AMPlify_non_AMP_train_imbalanced.fa,real_non_amp_amplify,0,trNEGATIVE01201,trNEGATIVE01201,29,0,False
QTCCGSKVFCC,AMPlify_non_AMP_train_imbalanced.fa,real_non_amp_amplify,0,trNEGATIVE01871,trNEGATIVE01871,11,0,False
AQVMKELQECK,AMPlify_non_AMP_train_imbalanced.fa,real_non_amp_amplify_window,0,trNEGATIVE50536,trNEGATIVE50536,178,135,True
AAAGDNFMRF,AMPlify_non_AMP_train_imbalanced.fa,real_non_amp_amplify,0,trNEGATIVE79185,trNEGATIVE79185,10,0,False
YFDPFSLDVWDPFQA,AMPlify_non_AMP_test_imbalanced.fa,real_non_amp_amplify,0,teNEGATIVE00593,teNEGATIVE00593,15,0,False
AGESSNEAKGMWFGPRL,AMPlify_non_AMP_train_imbalanced.fa,real_non_amp_amplify,0,trNEGATIVE03016,trNEGATIVE03016,17,0,False
MPGKVQDFFLCSLLLCIVSAGWCG,AMPlify_non_AMP_test_imbalanced.fa,real_non_amp_amplify,0,teNEGATIVE00434,teNEGATIVE00434,24,0,False
ADRELHRSKA,AMPlify_non_AMP_test_imbalanced.fa,real_non_amp_amplify,0,teNEGATIVE23344,teNEGATIVE23344,10,0,False
MDMVSLAWAALMVVFTFSLSLVVWGRSGL,AMPlify_non_AMP_train_imbalanced.fa,real_non_amp_amplify,0,trNEGATIVE03323,trNEGATIVE03323,29,0,False
GMNLVFVGAEVAPWSKTGGLGDVLA,AMPlify_non_AMP_test_imbalanced.fa,real_non_amp_amplify,0,teNEGATIVE00234,teNEGATIVE00234,25,0,False
MSKNTKSKNNGIRKYNAKTEVKLVYFK,AMPlify_non_AMP_test_imbalanced.fa,real_non_amp_amplify,0,teNEGATIVE00073,teNEGATIVE00073,27,0,False
IHSKPPREQL,AMPlify_non_AMP_train_imbalanced.fa,real_non_amp_amplify,0,trNEGATIVE87415,trNEGATIVE87415,10,0,False
NDPCEEVCLQHTGNVKACEEACQ,AMPlify_non_AMP_test_imbalanced.fa,real_non_amp_amplify,0,teNEGATIVE00325,teNEGATIVE00325,23,0,False
APLEDEDDLELLEKVKRDRKKRLERQGAIN,AMPlify_non_AMP_train_imbalanced.fa,real_non_amp_amplify,0,trNEGATIVE01663,trNEGATIVE01663,30,0,False
ENFSGGCVAGYMRTPDGRCKPTFYQ,AMPlify_non_AMP_train_imbalanced.fa,real_non_amp_amplify,0,trNEGATIVE01766,trNEGATIVE01766,25,0,False
MVTMVKKWLLLMTFMAGCRGMIY,AMPlify_non_AMP_test_imbalanced.fa,real_non_amp_amplify,0,teNEGATIVE00393,teNEGATIVE00393,23,0,False
GYFLFRPRN,AMPlify_non_AMP_test_imbalanced.fa,real_non_amp_amplify,0,teNEGATIVE13285,teNEGATIVE13285,9,0,False
MKRISTTITTTITTTITITITTGNGAG,AMPlify_non_AMP_train_imbalanced.fa,real_non_amp_amplify,0,trNEGATIVE01459,trNEGATIVE01459,27,0,False
AHQLPMGTLCNFYEWYRRDD,AMPlify_non_AMP_train_imbalanced.fa,real_non_amp_amplify,0,trNEGATIVE00538,trNEGATIVE00538,20,0,False
IYSRLTVSPTGTLNR,AMPlify_non_AMP_train_imbalanced.fa,real_non_amp_amplify,0,trNEGATIVE02868,trNEGATIVE02868,15,0,False
QRPEYPVWREKGAV,AMPlify_non_AMP_train_imbalanced.fa,real_non_amp_amplify,0,trNEGATIVE01105,trNEGATIVE01105,14,0,False
DRVYVHPFYL,AMPlify_non_AMP_test_imbalanced.fa,real_non_amp_amplify,0,teNEGATIVE12799,teNEGATIVE12799,10,0,False
SNSLFEEVRPIVNGMDCKLG,AMPlify_non_AMP_train_imbalanced.fa,real_non_amp_amplify,0,trNEGATIVE02763,trNEGATIVE02763,20,0,False
GKCGDINAPCKAECDCCGYTTCDCYWGN,AMPlify_non_AMP_train_imbalanced.fa,real_non_amp_amplify,0,trNEGATIVE00675,trNEGATIVE00675,28,0,False
NDQCLVIEIL,AMPlify_non_AMP_train_imbalanced.fa,real_non_amp_amplify,0,trNEGATIVE00406,trNEGATIVE00406,10,0,False
ADGSDPASGEFLTEGGGVR,AMPlify_non_AMP_test_imbalanced.fa,real_non_amp_amplify,0,teNEGATIVE00352,teNEGATIVE00352,19,0,False
SQISLRGS,AMPlify_non_AMP_train_imbalanced.fa,real_non_amp_amplify,0,trNEGATIVE00863,trNEGATIVE00863,8,0,False
AYRKPPFNGSIF,AMPlify_non_AMP_train_imbalanced.fa,real_non_amp_amplify,0,trNEGATIVE03256,trNEGATIVE03256,12,0,False
DEPDGVPTRQKQ,AMPlify_non_AMP_test_imbalanced.fa,real_non_amp_amplify,0,teNEGATIVE00041,teNEGATIVE00041,12,0,False
GYQVDCVSYNYDNVNENLAQQFVDTQG,AMPlify_non_AMP_train_imbalanced.fa,real_non_amp_amplify,0,trNEGATIVE03105,trNEGATIVE03105,27,0,False
FVVETENQLMSQGGRYYILPVIYGKGGGLG,AMPlify_non_AMP_test_imbalanced.fa,real_non_amp_amplify,0,teNEGATIVE00258,teNEGATIVE00258,30,0,False
MVKQIEFKYAFQEALNSAGDK,AMPlify_non_AMP_train_imbalanced.fa,real_non_amp_amplify,0,trNEGATIVE01689,trNEGATIVE01689,21,0,False
MDILTLGWVSVLTLFTYSIAMVVWGRHGM,AMPlify_non_AMP_test_imbalanced.fa,real_non_amp_amplify,0,teNEGATIVE00369,teNEGATIVE00369,29,0,False
EPVKKKDLKKATVPL,AMPlify_non_AMP_train_imbalanced.fa,real_non_amp_amplify,0,trNEGATIVE00805,trNEGATIVE00805,15,0,False
GGCCSHPACAANNQDYC,AMPlify_non_AMP_train_imbalanced.fa,real_non_amp_amplify,0,trNEGATIVE00942,trNEGATIVE00942,17,0,False
NLVQFELLIMKVAKRSGLLSYSA,AMPlify_non_AMP_test_imbalanced.fa,real_non_amp_amplify,0,teNEGATIVE00605,teNEGATIVE00605,23,0,False
AHSDAVTPLPARSKV,AMPlify_non_AMP_train_imbalanced.fa,real_non_amp_amplify,0,trNEGATIVE02813,trNEGATIVE02813,15,0,False
AEPNVTVTGAAGQIGYALLFRI,AMPlify_non_AMP_test_imbalanced.fa,real_non_amp_amplify,0,teNEGATIVE00832,teNEGATIVE00832,22,0,False
DCLPGWSSHEGHCYKVFNQEMYWADAEKFC,AMPlify_non_AMP_train_imbalanced.fa,real_non_amp_amplify,0,trNEGATIVE02935,trNEGATIVE02935,30,0,False
IVRRACCSDRRCRWRCG,AMPlify_non_AMP_train_imbalanced.fa,real_non_amp_amplify,0,trNEGATIVE00403,trNEGATIVE00403,17,0,False
ACGPGCSGSCRQKGDRIKCINGSCHCYP,AMPlify_non_AMP_train_imbalanced.fa,real_non_amp_amplify,0,trNEGATIVE01162,trNEGATIVE01162,28,0,False
ANDPDFPYTVQANRP,AMPlify_non_AMP_train_imbalanced.fa,real_non_amp_amplify,0,trNEGATIVE01295,trNEGATIVE01295,15,0,False
MTVKIAQKKVLPVIGRAAALCGSCYPCSCM,AMPlify_non_AMP_train_imbalanced.fa,real_non_amp_amplify,0,trNEGATIVE00045,trNEGATIVE00045,30,0,False
NKLKPSQWISL,AMPlify_non_AMP_train_imbalanced.fa,real_non_amp_amplify,0,trNEGATIVE01673,trNEGATIVE01673,11,0,False
AIGGLSRSFPVEAFE,AMPlify_non_AMP_train_imbalanced.fa,real_non_amp_amplify,0,trNEGATIVE01061,trNEGATIVE01061,15,0,False
GHACYRNCWREGNDEETCKERCG,AMPlify_non_AMP_train_imbalanced.fa,real_non_amp_amplify,0,trNEGATIVE01728,trNEGATIVE01728,23,0,False
EYIPFIHEWV,AMPlify_non_AMP_test_imbalanced.fa,real_non_amp_amplify,0,teNEGATIVE00039,teNEGATIVE00039,10,0,False
EPFCNKRDDISSPRTGVDIPSFILPGLNL,AMPlify_non_AMP_train_imbalanced.fa,real_non_amp_amplify_window,0,trNEGATIVE71067,trNEGATIVE71067,99,64,True
AVSCFKACMKKRGIPFVCSVDC,AMPlify_non_AMP_train_imbalanced.fa,real_non_amp_amplify,0,trNEGATIVE03163,trNEGATIVE03163,22,0,False
ELIGAANRDTKSFSINRKDAKERVAKAAR,AMPlify_non_AMP_train_imbalanced.fa,real_non_amp_amplify,0,trNEGATIVE01175,trNEGATIVE01175,29,0,False
DPMPAEDIVDLAYES,AMPlify_non_AMP_train_imbalanced.fa,real_non_amp_amplify,0,trNEGATIVE01057,trNEGATIVE01057,15,0,False
NFSCPPDWYAYD,AMPlify_non_AMP_train_imbalanced.fa,real_non_amp_amplify,0,trNEGATIVE01392,trNEGATIVE01392,12,0,False
PFDRISSSAFSDF,AMPlify_non_AMP_train_imbalanced.fa,real_non_amp_amplify,0,trNEGATIVE02940,trNEGATIVE02940,13,0,False
VLLESHARDLSSLEK,AMPlify_non_AMP_test_imbalanced.fa,real_non_amp_amplify_window,0,teNEGATIVE11725,teNEGATIVE11725,59,43,True
MSQASSSPGEGPSSEAAAISEAEAASGS,AMPlify_non_AMP_train_imbalanced.fa,real_non_amp_amplify,0,trNEGATIVE02490,trNEGATIVE02490,28,0,False
AKDGNQSAIIGNIL,AMPlify_non_AMP_test_imbalanced.fa,real_non_amp_amplify_window,0,teNEGATIVE19037,teNEGATIVE19037,151,40,True
VLLDGNGEVVQNGGTYYLLP,AMPlify_non_AMP_train_imbalanced.fa,real_non_amp_amplify,0,trNEGATIVE02576,trNEGATIVE02576,20,0,False
KKDGYPVEYDRAY,AMPlify_non_AMP_train_imbalanced.fa,real_non_amp_amplify,0,trNEGATIVE00528,trNEGATIVE00528,13,0,False
MALNLQDKQAIVAEVSEVAKG,AMPlify_non_AMP_test_imbalanced.fa,real_non_amp_amplify,0,teNEGATIVE00282,teNEGATIVE00282,21,0,False
MMCPRILMKCKHDSDCLPGCVCLEHIEYCG,AMPlify_non_AMP_test_imbalanced.fa,real_non_amp_amplify,0,teNEGATIVE00601,teNEGATIVE00601,30,0,False
MVQLVDLARCVSF,AMPlify_non_AMP_train_imbalanced.fa,real_non_amp_amplify,0,trNEGATIVE01670,trNEGATIVE01670,13,0,False
KFNYASVMQVPRIEKITLNMGVGEALTDK,AMPlify_non_AMP_train_imbalanced.fa,real_non_amp_amplify_window,0,trNEGATIVE29285,trNEGATIVE29285,179,18,True
MVKTPITEAIAAADTQGRFLS,AMPlify_non_AMP_test_imbalanced.fa,real_non_amp_amplify,0,teNEGATIVE00708,teNEGATIVE00708,21,0,False
GPDSTFLRL,AMPlify_non_AMP_train_imbalanced.fa,real_non_amp_amplify,0,trNEGATIVE100908,trNEGATIVE100908,9,0,False
CAAFGSFCGLPGLVDCCSGRCFIVCLL,AMPlify_non_AMP_train_imbalanced.fa,real_non_amp_amplify,0,trNEGATIVE02052,trNEGATIVE02052,27,0,False
KLSGCFGFKLDRIGTMSGLGC,AMPlify_non_AMP_train_imbalanced.fa,real_non_amp_amplify,0,trNEGATIVE00128,trNEGATIVE00128,21,0,False
SASGSGESSGMWFGPRL,AMPlify_non_AMP_test_imbalanced.fa,real_non_amp_amplify,0,teNEGATIVE00035,teNEGATIVE00035,17,0,False
QNECPWKPWC,AMPlify_non_AMP_train_imbalanced.fa,real_non_amp_amplify,0,trNEGATIVE11028,trNEGATIVE11028,10,0,False
TVAACNSPKVGLDSDAELVR,AMPlify_non_AMP_train_imbalanced.fa,real_non_amp_amplify,0,trNEGATIVE01793,trNEGATIVE01793,20,0,False
PVLAAASWALFNIGRLALQQFNKIASR,AMPlify_non_AMP_train_imbalanced.fa,real_non_amp_amplify,0,trNEGATIVE00703,trNEGATIVE00703,27,0,False
SKTPIRVAVTGAAGNIGYHLLFRIA,AMPlify_non_AMP_train_imbalanced.fa,real_non_amp_amplify,0,trNEGATIVE00516,trNEGATIVE00516,25,0,False
KASSSAPKGWTHHGSRFTFHRGSM,AMPlify_non_AMP_train_imbalanced.fa,real_non_amp_amplify,0,trNEGATIVE01286,trNEGATIVE01286,24,0,False
MRNLQPNMSRWAFFAKSVGTWNKSSCRS,AMPlify_non_AMP_train_imbalanced.fa,real_non_amp_amplify,0,trNEGATIVE03066,trNEGATIVE03066,28,0,False
REVCELNPDCDELADHIGFQEAYR,AMPlify_non_AMP_train_imbalanced.fa,real_non_amp_amplify,0,trNEGATIVE02932,trNEGATIVE02932,24,0,False
NLYQFKNMIQCTTKRSVLEFMEYGCYC,AMPlify_non_AMP_train_imbalanced.fa,real_non_amp_amplify,0,trNEGATIVE02643,trNEGATIVE02643,27,0,False
QARPRPGPKIPP,AMPlify_non_AMP_train_imbalanced.fa,real_non_amp_amplify,0,trNEGATIVE01394,trNEGATIVE01394,12,0,False
MKNRVYESLTTVFSVLVVSSFLYIWFATY,AMPlify_non_AMP_train_imbalanced.fa,real_non_amp_amplify,0,trNEGATIVE02226,trNEGATIVE02226,29,0,False
RLLGNVLVRVLACNFGPEFTPQVQAAFQK,AMPlify_non_AMP_test_imbalanced.fa,real_non_amp_amplify_window,0,teNEGATIVE06192,teNEGATIVE06192,146,103,True
KVIDVKCTSPKQCLPPCKAQFGD,AMPlify_non_AMP_train_imbalanced.fa,real_non_amp_amplify,0,trNEGATIVE00429,trNEGATIVE00429,23,0,False
MWISYLGFLIFYFILAAASYKILKRIKWI,AMPlify_non_AMP_test_imbalanced.fa,real_non_amp_amplify,0,teNEGATIVE00476,teNEGATIVE00476,29,0,False
SLLQFNKMIKFETRKNAIPFYAF,AMPlify_non_AMP_train_imbalanced.fa,real_non_amp_amplify,0,trNEGATIVE02350,trNEGATIVE02350,23,0,False
GAGGALFVHRD,AMPlify_non_AMP_train_imbalanced.fa,real_non_amp_amplify,0,trNEGATIVE03220,trNEGATIVE03220,11,0,False
VQPPHSHGDNFYIWT,AMPlify_non_AMP_train_imbalanced.fa,real_non_amp_amplify,0,trNEGATIVE01774,trNEGATIVE01774,15,0,False
ESQKVQGDVIGVDLGTTYSCVA,AMPlify_non_AMP_test_imbalanced.fa,real_non_amp_amplify,0,teNEGATIVE00150,teNEGATIVE00150,22,0,False
GCPWMPWC,AMPlify_non_AMP_train_imbalanced.fa,real_non_amp_amplify,0,trNEGATIVE19610,trNEGATIVE19610,8,0,False
QNRHPPIPPAP,AMPlify_non_AMP_train_imbalanced.fa,real_non_amp_amplify,0,trNEGATIVE01018,trNEGATIVE01018,11,0,False
SAPSQDFMRF,AMPlify_non_AMP_train_imbalanced.fa,real_non_amp_amplify,0,trNEGATIVE01950,trNEGATIVE01950,10,0,False
TICYNHLTIRSEVTEICIICDDDYYF,AMPlify_non_AMP_test_imbalanced.fa,real_non_amp_amplify,0,teNEGATIVE00342,teNEGATIVE00342,26,0,False
ATPFGGSSYEGH,AMPlify_non_AMP_test_imbalanced.fa,real_non_amp_amplify,0,teNEGATIVE00469,teNEGATIVE00469,12,0,False
GLIDVRCYDSSQCE,AMPlify_non_AMP_train_imbalanced.fa,real_non_amp_amplify,0,trNEGATIVE02157,trNEGATIVE02157,14,0,False
VVGGKPAKLGAWPWMVALGF,AMPlify_non_AMP_train_imbalanced.fa,real_non_amp_amplify,0,trNEGATIVE02010,trNEGATIVE02010,20,0,False
SPLEQFSILMLIPM,AMPlify_non_AMP_train_imbalanced.fa,real_non_amp_amplify,0,trNEGATIVE00164,trNEGATIVE00164,14,0,False
GPQQENMMEE,AMPlify_non_AMP_test_imbalanced.fa,real_non_amp_amplify,0,teNEGATIVE09355,teNEGATIVE09355,10,0,False
MKLIAKTRILNTLVFSAAGK,AMPlify_non_AMP_train_imbalanced.fa,real_non_amp_amplify,0,trNEGATIVE00145,trNEGATIVE00145,20,0,False
GCCRFPCPDSCRSLCC,AMPlify_non_AMP_train_imbalanced.fa,real_non_amp_amplify,0,trNEGATIVE02056,trNEGATIVE02056,16,0,False
QGPWMEEEEAAYGWMDF,AMPlify_non_AMP_train_imbalanced.fa,real_non_amp_amplify,0,trNEGATIVE01426,trNEGATIVE01426,17,0,False
FGGFTGARKSARKLANQ,AMPlify_non_AMP_train_imbalanced.fa,real_non_amp_amplify,0,trNEGATIVE01287,trNEGATIVE01287,17,0,False
MRNIKVKPFLN,AMPlify_non_AMP_test_imbalanced.fa,real_non_amp_amplify,0,teNEGATIVE00547,teNEGATIVE00547,11,0,False
MKIFLYLLRKKIAEVWIFQNPANFLSL,AMPlify_non_AMP_test_imbalanced.fa,real_non_amp_amplify,0,teNEGATIVE00262,teNEGATIVE00262,27,0,False
VSDVPNNDDRFTY,AMPlify_non_AMP_train_imbalanced.fa,real_non_amp_amplify,0,trNEGATIVE01526,trNEGATIVE01526,13,0,False
MSISFPKMQHLIVMTTIGDKKVNNNIILFL,AMPlify_non_AMP_train_imbalanced.fa,real_non_amp_amplify,0,trNEGATIVE00390,trNEGATIVE00390,30,0,False
KYPLEKFQNIG,AMPlify_non_AMP_train_imbalanced.fa,real_non_amp_amplify,0,trNEGATIVE00022,trNEGATIVE00022,11,0,False
TIMSHNVP,AMPlify_non_AMP_train_imbalanced.fa,real_non_amp_amplify,0,trNEGATIVE80369,trNEGATIVE80369,8,0,False
QWAQWPRPQIPP,AMPlify_non_AMP_train_imbalanced.fa,real_non_amp_amplify,0,trNEGATIVE02559,trNEGATIVE02559,12,0,False
QERRAMGFVGMR,AMPlify_non_AMP_train_imbalanced.fa,real_non_amp_amplify,0,trNEGATIVE01660,trNEGATIVE01660,12,0,False
STIEVRNNSPYYSVD,AMPlify_non_AMP_train_imbalanced.fa,real_non_amp_amplify,0,trNEGATIVE01747,trNEGATIVE01747,15,0,False
MSGYGTSFALIVVLFILLIIVGTAFVGGY,AMPlify_non_AMP_test_imbalanced.fa,real_non_amp_amplify,0,teNEGATIVE00519,teNEGATIVE00519,29,0,False
EASGETFVAENDACKCGSDCKCNPCTCK,AMPlify_non_AMP_train_imbalanced.fa,real_non_amp_amplify,0,trNEGATIVE02861,trNEGATIVE02861,28,0,False
SPALDDEHNDNFLRL,AMPlify_non_AMP_train_imbalanced.fa,real_non_amp_amplify,0,trNEGATIVE00156,trNEGATIVE00156,15,0,False
ALFEESTVSAEPR,AMPlify_non_AMP_train_imbalanced.fa,real_non_amp_amplify,0,trNEGATIVE02772,trNEGATIVE02772,13,0,False
QWPDPSSDIPP,AMPlify_non_AMP_train_imbalanced.fa,real_non_amp_amplify,0,trNEGATIVE02047,trNEGATIVE02047,11,0,False
MAKEQQVQANDLQEKLIAVNRVAK,AMPlify_non_AMP_test_imbalanced.fa,real_non_amp_amplify,0,teNEGATIVE00587,teNEGATIVE00587,24,0,False
VSTAPYGAWQSPID,AMPlify_non_AMP_test_imbalanced.fa,real_non_amp_amplify,0,teNEGATIVE00049,teNEGATIVE00049,14,0,False
TDVDHVFLRF,AMPlify_non_AMP_train_imbalanced.fa,real_non_amp_amplify,0,trNEGATIVE53510,trNEGATIVE53510,10,0,False
MRAKWRKKRVRRLKRKRRKTRARSK,AMPlify_non_AMP_train_imbalanced.fa,real_non_amp_amplify,0,trNEGATIVE01777,trNEGATIVE01777,25,0,False
MQRPRPPRPLSYSRSSEEAFLEA,AMPlify_non_AMP_train_imbalanced.fa,real_non_amp_amplify,0,trNEGATIVE01393,trNEGATIVE01393,23,0,False
QASTDYDDEDESTVPEAR,AMPlify_non_AMP_train_imbalanced.fa,real_non_amp_amplify,0,trNEGATIVE03166,trNEGATIVE03166,18,0,False
MTLDVFTKVVSQADSRG,AMPlify_non_AMP_train_imbalanced.fa,real_non_amp_amplify,0,trNEGATIVE00069,trNEGATIVE00069,17,0,False
SNKKDYQKEIVDKHNALRRSVK,AMPlify_non_AMP_train_imbalanced.fa,real_non_amp_amplify,0,trNEGATIVE02529,trNEGATIVE02529,22,0,False
QGGWPRPGPEIPP,AMPlify_non_AMP_test_imbalanced.fa,real_non_amp_amplify,0,teNEGATIVE00083,teNEGATIVE00083,13,0,False
AVNVNTNVSAMTAQRYLNQA,AMPlify_non_AMP_train_imbalanced.fa,real_non_amp_amplify,0,trNEGATIVE01760,trNEGATIVE01760,20,0,False
NLVQLGKMIFQETGKNPATSYGL,AMPlify_non_AMP_test_imbalanced.fa,real_non_amp_amplify,0,teNEGATIVE00753,teNEGATIVE00753,23,0,False
CKPASIKIRLNSTADTGFYV,AMPlify_non_AMP_test_imbalanced.fa,real_non_amp_amplify,0,teNEGATIVE00725,teNEGATIVE00725,20,0,False
GFYDHELEGLRVIHEGEDIGEVT,AMPlify_non_AMP_test_imbalanced.fa,real_non_amp_amplify_window,0,teNEGATIVE12073,teNEGATIVE12073,171,97,True
EEQEQEQEQDTKMA,AMPlify_non_AMP_train_imbalanced.fa,real_non_amp_amplify,0,trNEGATIVE00566,trNEGATIVE00566,14,0,False
SGTSPLLPAITFILD,AMPlify_non_AMP_train_imbalanced.fa,real_non_amp_amplify,0,trNEGATIVE00672,trNEGATIVE00672,15,0,False
MTKNKFVLLRYLCLFCTNIDQIDFNSVLK,AMPlify_non_AMP_train_imbalanced.fa,real_non_amp_amplify,0,trNEGATIVE02168,trNEGATIVE02168,29,0,False
WLRMASGLTDYR,AMPlify_non_AMP_train_imbalanced.fa,real_non_amp_amplify,0,trNEGATIVE02030,trNEGATIVE02030,12,0,False
GGNDFMRF,AMPlify_non_AMP_train_imbalanced.fa,real_non_amp_amplify,0,trNEGATIVE93614,trNEGATIVE93614,8,0,False
AYDPDPYKRYSAEHTFFLL,AMPlify_non_AMP_train_imbalanced.fa,real_non_amp_amplify,0,trNEGATIVE02449,trNEGATIVE02449,19,0,False
ITFSKIYRSCKSNSVCGNQKCVRGRCV,AMPlify_non_AMP_train_imbalanced.fa,real_non_amp_amplify,0,trNEGATIVE00881,trNEGATIVE00881,27,0,False
GSHWAVGHLM,AMPlify_non_AMP_train_imbalanced.fa,real_non_amp_amplify,0,trNEGATIVE01476,trNEGATIVE01476,10,0,False
NSELINSILGLPKVMNEA,AMPlify_non_AMP_train_imbalanced.fa,real_non_amp_amplify,0,trNEGATIVE01352,trNEGATIVE01352,18,0,False
HAEGTYTSDVSSYLQDQAAKEFVSWLKTGR,AMPlify_non_AMP_train_imbalanced.fa,real_non_amp_amplify,0,trNEGATIVE02348,trNEGATIVE02348,30,0,False
MAVKAISGCDKDQELI,AMPlify_non_AMP_train_imbalanced.fa,real_non_amp_amplify,0,trNEGATIVE00163,trNEGATIVE00163,16,0,False
MFKPGYSEAKKPKITDEFSYKQT,AMPlify_non_AMP_train_imbalanced.fa,real_non_amp_amplify,0,trNEGATIVE00347,trNEGATIVE00347,23,0,False
MRAKWRKKRVRRLKRKRRKVRARSK,AMPlify_non_AMP_train_imbalanced.fa,real_non_amp_amplify,0,trNEGATIVE00501,trNEGATIVE00501,25,0,False
MSKRVEVLLTQLPRPTA,AMPlify_non_AMP_train_imbalanced.fa,real_non_amp_amplify,0,trNEGATIVE03110,trNEGATIVE03110,17,0,False
VNDGYLDNGLQEGDFE,AMPlify_non_AMP_test_imbalanced.fa,real_non_amp_amplify,0,teNEGATIVE00276,teNEGATIVE00276,16,0,False
MLYANPNTESSPVGFRKKYDNFI,AMPlify_non_AMP_train_imbalanced.fa,real_non_amp_amplify,0,trNEGATIVE00948,trNEGATIVE00948,23,0,False
ECKWYLGTCSKDGDCCKHLQCHSNYE,AMPlify_non_AMP_train_imbalanced.fa,real_non_amp_amplify,0,trNEGATIVE00439,trNEGATIVE00439,26,0,False
KFGKVLKFLAKTLAKHLAKKQAQS,AMPlify_non_AMP_train_imbalanced.fa,real_non_amp_amplify,0,trNEGATIVE01645,trNEGATIVE01645,24,0,False
VVGGDECNINEHRSLALMYA,AMPlify_non_AMP_test_imbalanced.fa,real_non_amp_amplify,0,teNEGATIVE00066,teNEGATIVE00066,20,0,False
EKGYNPYVR,AMPlify_non_AMP_train_imbalanced.fa,real_non_amp_amplify,0,trNEGATIVE64891,trNEGATIVE64891,9,0,False
ASCTERKHDCTKDRHSCCRG,AMPlify_non_AMP_train_imbalanced.fa,real_non_amp_amplify,0,trNEGATIVE00386,trNEGATIVE00386,20,0,False
GSGGSGEANGMWFGPRL,AMPlify_non_AMP_test_imbalanced.fa,real_non_amp_amplify,0,teNEGATIVE00799,teNEGATIVE00799,17,0,False
IEMAEGGNDNIGNESIK,AMPlify_non_AMP_train_imbalanced.fa,real_non_amp_amplify,0,trNEGATIVE01810,trNEGATIVE01810,17,0,False
QGLISFPRV,AMPlify_non_AMP_train_imbalanced.fa,real_non_amp_amplify,0,trNEGATIVE62657,trNEGATIVE62657,9,0,False
DPHHDFMRF,AMPlify_non_AMP_train_imbalanced.fa,real_non_amp_amplify,0,trNEGATIVE51942,trNEGATIVE51942,9,0,False
HGGYKPTDK,AMPlify_non_AMP_train_imbalanced.fa,real_non_amp_amplify,0,trNEGATIVE97857,trNEGATIVE97857,9,0,False
DDCGGLFSGCDSNADCCEGYVCRLWCKYKL,AMPlify_non_AMP_train_imbalanced.fa,real_non_amp_amplify,0,trNEGATIVE01218,trNEGATIVE01218,30,0,False
NLLQFGYMIRCANGRSRPVW,AMPlify_non_AMP_train_imbalanced.fa,real_non_amp_amplify,0,trNEGATIVE01120,trNEGATIVE01120,20,0,False
GTSGLISFPRT,AMPlify_non_AMP_train_imbalanced.fa,real_non_amp_amplify,0,trNEGATIVE01103,trNEGATIVE01103,11,0,False
AILELPQSPNVFHPEKPSAVG,AMPlify_non_AMP_train_imbalanced.fa,real_non_amp_amplify,0,trNEGATIVE02699,trNEGATIVE02699,21,0,False
VALGGCLPTVQLGR,AMPlify_non_AMP_train_imbalanced.fa,real_non_amp_amplify,0,trNEGATIVE02143,trNEGATIVE02143,14,0,False
CCAPSACRLGCRPCCR,AMPlify_non_AMP_test_imbalanced.fa,real_non_amp_amplify,0,teNEGATIVE00667,teNEGATIVE00667,16,0,False
AENRERVMVQ,AMPlify_non_AMP_train_imbalanced.fa,real_non_amp_amplify,0,trNEGATIVE90015,trNEGATIVE90015,10,0,False
MDILSLGWAALMAMFTFSIAMVVWGRNGF,AMPlify_non_AMP_train_imbalanced.fa,real_non_amp_amplify,0,trNEGATIVE03011,trNEGATIVE03011,29,0,False
DTHKSEIAHRQPDLG,AMPlify_non_AMP_train_imbalanced.fa,real_non_amp_amplify,0,trNEGATIVE01700,trNEGATIVE01700,15,0,False
NGAPQPFVRF,AMPlify_non_AMP_train_imbalanced.fa,real_non_amp_amplify,0,trNEGATIVE43267,trNEGATIVE43267,10,0,False
GPDSSFLRL,AMPlify_non_AMP_train_imbalanced.fa,real_non_amp_amplify,0,trNEGATIVE59034,trNEGATIVE59034,9,0,False
ALIFATLSAAYIGEALE,AMPlify_non_AMP_test_imbalanced.fa,real_non_amp_amplify,0,teNEGATIVE00664,teNEGATIVE00664,17,0,False
PKVSPRWPPIPP,AMPlify_non_AMP_train_imbalanced.fa,real_non_amp_amplify,0,trNEGATIVE00200,trNEGATIVE00200,12,0,False
EAPVGFTPPELDPSTPSPIFGGSTGGLLR,AMPlify_non_AMP_train_imbalanced.fa,real_non_amp_amplify,0,trNEGATIVE00250,trNEGATIVE00250,29,0,False
ARVPFYRYYK,AMPlify_non_AMP_train_imbalanced.fa,real_non_amp_amplify,0,trNEGATIVE01602,trNEGATIVE01602,10,0,False
MLIYYLQSEKVLFFLYIFLLNFKLRIL,AMPlify_non_AMP_train_imbalanced.fa,real_non_amp_amplify,0,trNEGATIVE01051,trNEGATIVE01051,27,0,False
LRNVEQQCRADALVERAQELIHGQQ,AMPlify_non_AMP_train_imbalanced.fa,real_non_amp_amplify,0,trNEGATIVE02454,trNEGATIVE02454,25,0,False
SGDTSSQAKGMWFGPRL,AMPlify_non_AMP_train_imbalanced.fa,real_non_amp_amplify,0,trNEGATIVE00873,trNEGATIVE00873,17,0,False
SCCARNPACRHNHPCV,AMPlify_non_AMP_train_imbalanced.fa,real_non_amp_amplify,0,trNEGATIVE01696,trNEGATIVE01696,16,0,False
HKQGDFVLRVGAASVVPNDS,AMPlify_non_AMP_train_imbalanced.fa,real_non_amp_amplify,0,trNEGATIVE01068,trNEGATIVE01068,20,0,False
EQATLIDFGKLNADIVPDKNGGMTQ,AMPlify_non_AMP_train_imbalanced.fa,real_non_amp_amplify,0,trNEGATIVE01022,trNEGATIVE01022,25,0,False
APYQKRNI,AMPlify_non_AMP_test_imbalanced.fa,real_non_amp_amplify,0,teNEGATIVE22994,teNEGATIVE22994,8,0,False
VTAKAVAAAEAASSAR,AMPlify_non_AMP_train_imbalanced.fa,real_non_amp_amplify,0,trNEGATIVE01758,trNEGATIVE01758,16,0,False
GVTSNPAIFQKAISTSNAYNDQFR,AMPlify_non_AMP_test_imbalanced.fa,real_non_amp_amplify,0,teNEGATIVE00657,teNEGATIVE00657,24,0,False
MNFFLRWCYAVAI,AMPlify_non_AMP_train_imbalanced.fa,real_non_amp_amplify,0,trNEGATIVE02950,trNEGATIVE02950,13,0,False
MKFNNAGAQGRDRGYIYSEPEFGRTRQVFY,AMPlify_non_AMP_train_imbalanced.fa,real_non_amp_amplify,0,trNEGATIVE02678,trNEGATIVE02678,30,0,False
PNYKLTYFNLRGRAEISRYLFAYAGIKY,AMPlify_non_AMP_train_imbalanced.fa,real_non_amp_amplify,0,trNEGATIVE02017,trNEGATIVE02017,28,0,False
GLWDDLKAAAKKVVSSLASAAIEKL,AMPlify_non_AMP_train_imbalanced.fa,real_non_amp_amplify,0,trNEGATIVE00747,trNEGATIVE00747,25,0,False
YDPSPLQDFCVAD,AMPlify_non_AMP_train_imbalanced.fa,real_non_amp_amplify,0,trNEGATIVE00939,trNEGATIVE00939,13,0,False
AEKLEPVLPLIV,AMPlify_non_AMP_train_imbalanced.fa,real_non_amp_amplify,0,trNEGATIVE02028,trNEGATIVE02028,12,0,False
MDILALGWVSVLALFTWSIAMVVWGRNGF,AMPlify_non_AMP_test_imbalanced.fa,real_non_amp_amplify,0,teNEGATIVE00082,teNEGATIVE00082,29,0,False
VDACYEACMHHHMNSDDCIEACKNPVPP,AMPlify_non_AMP_train_imbalanced.fa,real_non_amp_amplify,0,trNEGATIVE03049,trNEGATIVE03049,28,0,False
MWTKPAFEDIRLGFEITMYAAVE,AMPlify_non_AMP_train_imbalanced.fa,real_non_amp_amplify,0,trNEGATIVE00091,trNEGATIVE00091,23,0,False
QTFQYSRGWTN,AMPlify_non_AMP_train_imbalanced.fa,real_non_amp_amplify,0,trNEGATIVE03146,trNEGATIVE03146,11,0,False
QEDIEAGKQKSATCTACHGQEGNST,AMPlify_non_AMP_train_imbalanced.fa,real_non_amp_amplify,0,trNEGATIVE03231,trNEGATIVE03231,25,0,False
WFDPLRITETTTGSVTLK,AMPlify_non_AMP_train_imbalanced.fa,real_non_amp_amplify,0,trNEGATIVE01180,trNEGATIVE01180,18,0,False
KARLELRLSNAAQPHRNRKR,AMPlify_non_AMP_train_imbalanced.fa,real_non_amp_amplify_window,0,trNEGATIVE98357,trNEGATIVE98357,45,8,True
ISDFDEYEPLNDADNNEVLDF,AMPlify_non_AMP_train_imbalanced.fa,real_non_amp_amplify,0,trNEGATIVE02207,trNEGATIVE02207,21,0,False
APSMGFMGMR,AMPlify_non_AMP_train_imbalanced.fa,real_non_amp_amplify,0,trNEGATIVE72089,trNEGATIVE72089,10,0,False
GGCCSHPACQNNPDYC,AMPlify_non_AMP_train_imbalanced.fa,real_non_amp_amplify,0,trNEGATIVE02942,trNEGATIVE02942,16,0,False
RGSNLTHPLRNIGDLFYVGN,AMPlify_non_AMP_train_imbalanced.fa,real_non_amp_amplify,0,trNEGATIVE02041,trNEGATIVE02041,20,0,False
HEEQITQPSATNDEA,AMPlify_non_AMP_train_imbalanced.fa,real_non_amp_amplify,0,trNEGATIVE02076,trNEGATIVE02076,15,0,False
SKDNYKNYIPLIVPFAT,AMPlify_non_AMP_train_imbalanced.fa,real_non_amp_amplify,0,trNEGATIVE00603,trNEGATIVE00603,17,0,False
DQSCPWCGFTCCLPNYCQGLTCTVI,AMPlify_non_AMP_train_imbalanced.fa,real_non_amp_amplify,0,trNEGATIVE02279,trNEGATIVE02279,25,0,False
FKAVRGERLVYSVKWEGGGKITTRIL,AMPlify_non_AMP_train_imbalanced.fa,real_non_amp_amplify,0,trNEGATIVE03006,trNEGATIVE03006,26,0,False
VVSCADILAVAAR,AMPlify_non_AMP_train_imbalanced.fa,real_non_amp_amplify,0,trNEGATIVE01872,trNEGATIVE01872,13,0,False
GRGGSSNYVRL,AMPlify_non_AMP_train_imbalanced.fa,real_non_amp_amplify,0,trNEGATIVE02171,trNEGATIVE02171,11,0,False
MDIINIAWAALMVIFTFSLSLVVWGRSGL,AMPlify_non_AMP_train_imbalanced.fa,real_non_amp_amplify,0,trNEGATIVE03193,trNEGATIVE03193,29,0,False
SYPNKQPYGPSGFWM,AMPlify_non_AMP_test_imbalanced.fa,real_non_amp_amplify,0,teNEGATIVE00269,teNEGATIVE00269,15,0,False
IVGGMEATPHSWPHQVA,AMPlify_non_AMP_train_imbalanced.fa,real_non_amp_amplify,0,trNEGATIVE02296,trNEGATIVE02296,17,0,False
LKCNKLVPLF,AMPlify_non_AMP_train_imbalanced.fa,real_non_amp_amplify,0,trNEGATIVE27652,trNEGATIVE27652,10,0,False
SLNTKNDFMRF,AMPlify_non_AMP_train_imbalanced.fa,real_non_amp_amplify,0,trNEGATIVE01936,trNEGATIVE01936,11,0,False
MRKYEIMYIIRPDMD,AMPlify_non_AMP_train_imbalanced.fa,real_non_amp_amplify,0,trNEGATIVE02242,trNEGATIVE02242,15,0,False
MDFNISGIGNVS,AMPlify_non_AMP_train_imbalanced.fa,real_non_amp_amplify,0,trNEGATIVE00697,trNEGATIVE00697,12,0,False
QKKDKKDRFYGLM,AMPlify_non_AMP_train_imbalanced.fa,real_non_amp_amplify,0,trNEGATIVE00892,trNEGATIVE00892,13,0,False
ATSAAQGAALDESVRKVLKP,AMPlify_non_AMP_train_imbalanced.fa,real_non_amp_amplify,0,trNEGATIVE02592,trNEGATIVE02592,20,0,False
ATVVAPKYTAIKPLGDRVLVK,AMPlify_non_AMP_train_imbalanced.fa,real_non_amp_amplify,0,trNEGATIVE03061,trNEGATIVE03061,21,0,False
FAVGTESIAKTFSEALDTTKISDVLSK,AMPlify_non_AMP_train_imbalanced.fa,real_non_amp_amplify,0,trNEGATIVE01824,trNEGATIVE01824,27,0,False
ELISNSSDALDKTNNSLTIIDSGIGMTK,AMPlify_non_AMP_train_imbalanced.fa,real_non_amp_amplify,0,trNEGATIVE01219,trNEGATIVE01219,28,0,False
DAPGGASDAQKQ,AMPlify_non_AMP_train_imbalanced.fa,real_non_amp_amplify,0,trNEGATIVE00797,trNEGATIVE00797,12,0,False
MMYLMPLLIVIVGCLALHCSDDDMPDGHA,AMPlify_non_AMP_train_imbalanced.fa,real_non_amp_amplify,0,trNEGATIVE01132,trNEGATIVE01132,29,0,False
NEQSGKSQTVIVGPWGAQVST,AMPlify_non_AMP_train_imbalanced.fa,real_non_amp_amplify,0,trNEGATIVE02865,trNEGATIVE02865,21,0,False
DSPGGASDAQKQ,AMPlify_non_AMP_train_imbalanced.fa,real_non_amp_amplify,0,trNEGATIVE00589,trNEGATIVE00589,12,0,False
NGERAPGSKKAPSGFLGTR,AMPlify_non_AMP_train_imbalanced.fa,real_non_amp_amplify,0,trNEGATIVE01073,trNEGATIVE01073,19,0,False
CCSTNCAVCIPCCP,AMPlify_non_AMP_train_imbalanced.fa,real_non_amp_amplify,0,trNEGATIVE03247,trNEGATIVE03247,14,0,False
SETSKADRVGFKIEDGKKLRIFK,AMPlify_non_AMP_train_imbalanced.fa,real_non_amp_amplify_window,0,trNEGATIVE89366,trNEGATIVE89366,104,75,True
GVTGFGFDLVRYLFAGVVDGR,AMPlify_non_AMP_test_imbalanced.fa,real_non_amp_amplify,0,teNEGATIVE00008,teNEGATIVE00008,21,0,False
QDGTISVDGVISTKVDGT,AMPlify_non_AMP_test_imbalanced.fa,real_non_amp_amplify_window,0,teNEGATIVE22411,teNEGATIVE22411,116,69,True
ENFAGGCTPGYQRTADGRCKPTF,AMPlify_non_AMP_test_imbalanced.fa,real_non_amp_amplify,0,teNEGATIVE00648,teNEGATIVE00648,23,0,False
VVAFERAK,AMPlify_non_AMP_train_imbalanced.fa,real_non_amp_amplify,0,trNEGATIVE61863,trNEGATIVE61863,8,0,False
DGCCIAKQCC,AMPlify_non_AMP_train_imbalanced.fa,real_non_amp_amplify,0,trNEGATIVE03031,trNEGATIVE03031,10,0,False
MNNTEFYDRLGVSKDASQDEIKKA,AMPlify_non_AMP_train_imbalanced.fa,real_non_amp_amplify,0,trNEGATIVE00649,trNEGATIVE00649,24,0,False
FKGGGPYGQGVTRG,AMPlify_non_AMP_train_imbalanced.fa,real_non_amp_amplify,0,trNEGATIVE02060,trNEGATIVE02060,14,0,False
GASGLIPVMRN,AMPlify_non_AMP_train_imbalanced.fa,real_non_amp_amplify,0,trNEGATIVE02263,trNEGATIVE02263,11,0,False
MATGGFGCLLLLIREIDLSVKRQI,AMPlify_non_AMP_test_imbalanced.fa,real_non_amp_amplify,0,teNEGATIVE00247,teNEGATIVE00247,24,0,False
VSYNSKFLAATVQAEPVVLDA,AMPlify_non_AMP_train_imbalanced.fa,real_non_amp_amplify,0,trNEGATIVE00459,trNEGATIVE00459,21,0,False
NSELINSILGLPKVMNDA,AMPlify_non_AMP_train_imbalanced.fa,real_non_amp_amplify,0,trNEGATIVE01210,trNEGATIVE01210,18,0,False
AKIIGIDGLTTNSWVAVLESDKVHV,AMPlify_non_AMP_train_imbalanced.fa,real_non_amp_amplify,0,trNEGATIVE01819,trNEGATIVE01819,25,0,False
YKDQGLEILAFPCNQFG,AMPlify_non_AMP_test_imbalanced.fa,real_non_amp_amplify,0,teNEGATIVE00385,teNEGATIVE00385,17,0,False
VETDKATVGF,AMPlify_non_AMP_train_imbalanced.fa,real_non_amp_amplify,0,trNEGATIVE90471,trNEGATIVE90471,10,0,False
LLCISCCVSITECCQLMSGCAVEIKS,AMPlify_non_AMP_test_imbalanced.fa,real_non_amp_amplify,0,teNEGATIVE00557,teNEGATIVE00557,26,0,False
QSDDYGHMRF,AMPlify_non_AMP_train_imbalanced.fa,real_non_amp_amplify,0,trNEGATIVE89641,trNEGATIVE89641,10,0,False
LKPDEELQGPGGVLSRGYFVFRPRN,AMPlify_non_AMP_train_imbalanced.fa,real_non_amp_amplify,0,trNEGATIVE01116,trNEGATIVE01116,25,0,False
GLYCCQPKPNGQMMCNRWCEINSRCCGRR,AMPlify_non_AMP_train_imbalanced.fa,real_non_amp_amplify,0,trNEGATIVE00448,trNEGATIVE00448,29,0,False
TTVYDAEGSKVDFDGSLRIIV,AMPlify_non_AMP_test_imbalanced.fa,real_non_amp_amplify,0,teNEGATIVE00126,teNEGATIVE00126,21,0,False
ELLSEINR,AMPlify_non_AMP_train_imbalanced.fa,real_non_amp_amplify,0,trNEGATIVE48746,trNEGATIVE48746,8,0,False
DLARNLGLVDIDDEYDEDSDKEKPIFNV,AMPlify_non_AMP_train_imbalanced.fa,real_non_amp_amplify,0,trNEGATIVE01445,trNEGATIVE01445,28,0,False
MSELSAAPLRPGKTQESEKGIYYAREGCVS,AMPlify_non_AMP_train_imbalanced.fa,real_non_amp_amplify,0,trNEGATIVE02925,trNEGATIVE02925,30,0,False
GIEKIISRSMFDQMLKHRNNPASFG,AMPlify_non_AMP_train_imbalanced.fa,real_non_amp_amplify,0,trNEGATIVE01842,trNEGATIVE01842,25,0,False
MYKLLIINP,AMPlify_non_AMP_train_imbalanced.fa,real_non_amp_amplify,0,trNEGATIVE66314,trNEGATIVE66314,9,0,False
KPNPERFYGLM,AMPlify_non_AMP_train_imbalanced.fa,real_non_amp_amplify,0,trNEGATIVE03009,trNEGATIVE03009,11,0,False
MLLVIGSKNLSSTNM,AMPlify_non_AMP_train_imbalanced.fa,real_non_amp_amplify,0,trNEGATIVE02899,trNEGATIVE02899,15,0,False
KLQELRMWSMLKKWILMFILDFPTR,AMPlify_non_AMP_train_imbalanced.fa,real_non_amp_amplify,0,trNEGATIVE03074,trNEGATIVE03074,25,0,False
VGCEECPAHCKGKNAKPTCDDGVCNCNV,AMPlify_non_AMP_train_imbalanced.fa,real_non_amp_amplify,0,trNEGATIVE00304,trNEGATIVE00304,28,0,False
RCCGYKFCHIC,AMPlify_non_AMP_test_imbalanced.fa,real_non_amp_amplify,0,teNEGATIVE00757,teNEGATIVE00757,11,0,False
MTTRGFSCLLLLIREIDLSAKRRI,AMPlify_non_AMP_train_imbalanced.fa,real_non_amp_amplify,0,trNEGATIVE00462,trNEGATIVE00462,24,0,False
QGWAWPRPQIPP,AMPlify_non_AMP_train_imbalanced.fa,real_non_amp_amplify,0,trNEGATIVE01941,trNEGATIVE01941,12,0,False
MAKEKIRIRLKAYDHR,AMPlify_non_AMP_test_imbalanced.fa,real_non_amp_amplify,0,teNEGATIVE00492,teNEGATIVE00492,16,0,False
MQTLPKERRY,AMPlify_non_AMP_train_imbalanced.fa,real_non_amp_amplify,0,trNEGATIVE69983,trNEGATIVE69983,10,0,False
MVQRGSKVKILRPESYVYNEVGTVAS,AMPlify_non_AMP_test_imbalanced.fa,real_non_amp_amplify,0,teNEGATIVE00586,teNEGATIVE00586,26,0,False
RDSNVTILPLRNMKD,AMPlify_non_AMP_train_imbalanced.fa,real_non_amp_amplify,0,trNEGATIVE02655,trNEGATIVE02655,15,0,False
CSTCLDKP,AMPlify_non_AMP_train_imbalanced.fa,real_non_amp_amplify,0,trNEGATIVE01270,trNEGATIVE01270,8,0,False
GCPWEPWC,AMPlify_non_AMP_train_imbalanced.fa,real_non_amp_amplify,0,trNEGATIVE86574,trNEGATIVE86574,8,0,False
QNWPRPQIPP,AMPlify_non_AMP_train_imbalanced.fa,real_non_amp_amplify,0,trNEGATIVE47592,trNEGATIVE47592,10,0,False
AQENETNESGSID,AMPlify_non_AMP_train_imbalanced.fa,real_non_amp_amplify,0,trNEGATIVE00838,trNEGATIVE00838,13,0,False
QSHISKARRPYIL,AMPlify_non_AMP_train_imbalanced.fa,real_non_amp_amplify,0,trNEGATIVE02775,trNEGATIVE02775,13,0,False
MDLIFPLVGSLLLVICVMVGVAFLTLL,AMPlify_non_AMP_test_imbalanced.fa,real_non_amp_amplify,0,teNEGATIVE00694,teNEGATIVE00694,27,0,False
TVIDVKCTSPKQCLPPCAKQ,AMPlify_non_AMP_test_imbalanced.fa,real_non_amp_amplify,0,teNEGATIVE00430,teNEGATIVE00430,20,0,False
CSCADMTDKECLYFCHQDVIW,AMPlify_non_AMP_train_imbalanced.fa,real_non_amp_amplify,0,trNEGATIVE02800,trNEGATIVE02800,21,0,False
PQVGLIPFPRV,AMPlify_non_AMP_train_imbalanced.fa,real_non_amp_amplify,0,trNEGATIVE02999,trNEGATIVE02999,11,0,False
GHAKKDKKIQKK,AMPlify_non_AMP_train_imbalanced.fa,real_non_amp_amplify,0,trNEGATIVE01271,trNEGATIVE01271,12,0,False
NLYQFKNMIHCTVPSRPWWHFADYGCYCGR,AMPlify_non_AMP_train_imbalanced.fa,real_non_amp_amplify,0,trNEGATIVE00620,trNEGATIVE00620,30,0,False
VVGCPWQPWC,AMPlify_non_AMP_train_imbalanced.fa,real_non_amp_amplify,0,trNEGATIVE02252,trNEGATIVE02252,10,0,False
DFGHIQYVAAYR,AMPlify_non_AMP_test_imbalanced.fa,real_non_amp_amplify,0,teNEGATIVE00133,teNEGATIVE00133,12,0,False
MNKKSIRNVNLKGKRVFDRV,AMPlify_non_AMP_train_imbalanced.fa,real_non_amp_amplify,0,trNEGATIVE01062,trNEGATIVE01062,20,0,False
GWTLNSAGYLLGPHAIDNHRSFHDKHGLA,AMPlify_non_AMP_train_imbalanced.fa,real_non_amp_amplify,0,trNEGATIVE01024,trNEGATIVE01024,29,0,False
AEFGPSQPFKGAK,AMPlify_non_AMP_train_imbalanced.fa,real_non_amp_amplify,0,trNEGATIVE01904,trNEGATIVE01904,13,0,False
GRKKGVQFDEGAPDDFDPNNPYKKDVAFL,AMPlify_non_AMP_test_imbalanced.fa,real_non_amp_amplify,0,teNEGATIVE00300,teNEGATIVE00300,29,0,False
SDNSVVLRYGDGEYSYPVVD,AMPlify_non_AMP_train_imbalanced.fa,real_non_amp_amplify,0,trNEGATIVE00213,trNEGATIVE00213,20,0,False
KPEEDWGHK,AMPlify_non_AMP_train_imbalanced.fa,real_non_amp_amplify,0,trNEGATIVE46703,trNEGATIVE46703,9,0,False
MFDKTRLPYVALDVL,AMPlify_non_AMP_train_imbalanced.fa,real_non_amp_amplify,0,trNEGATIVE02346,trNEGATIVE02346,15,0,False
QNQPPDFANPFIIPQNAA,AMPlify_non_AMP_train_imbalanced.fa,real_non_amp_amplify,0,trNEGATIVE01121,trNEGATIVE01121,18,0,False
VGTRVVRIEDQQLITQGGTYVEDL,AMPlify_non_AMP_train_imbalanced.fa,real_non_amp_amplify,0,trNEGATIVE00308,trNEGATIVE00308,24,0,False
SEAENDLMNKLFTAYNPKVRPAEK,AMPlify_non_AMP_train_imbalanced.fa,real_non_amp_amplify,0,trNEGATIVE01575,trNEGATIVE01575,24,0,False
MALNLQDKQAIVAEVSEVAKGALS,AMPlify_non_AMP_train_imbalanced.fa,real_non_amp_amplify,0,trNEGATIVE03113,trNEGATIVE03113,24,0,False
LSLTPTPGVLHK,AMPlify_non_AMP_train_imbalanced.fa,real_non_amp_amplify,0,trNEGATIVE03180,trNEGATIVE03180,12,0,False
GCWICWGPNACCRGSVCHDYCPS,AMPlify_non_AMP_train_imbalanced.fa,real_non_amp_amplify,0,trNEGATIVE03184,trNEGATIVE03184,23,0,False
QSPGCCWNPACVKNRC,AMPlify_non_AMP_train_imbalanced.fa,real_non_amp_amplify,0,trNEGATIVE00481,trNEGATIVE00481,16,0,False
GVLFASGQNLARTLIEFLLR,AMPlify_non_AMP_train_imbalanced.fa,real_non_amp_amplify,0,trNEGATIVE00442,trNEGATIVE00442,20,0,False
VPSSFRTTITDAQLRG,AMPlify_non_AMP_train_imbalanced.fa,real_non_amp_amplify,0,trNEGATIVE00706,trNEGATIVE00706,16,0,False
AAGQDFMRF,AMPlify_non_AMP_train_imbalanced.fa,real_non_amp_amplify,0,trNEGATIVE79707,trNEGATIVE79707,9,0,False
CKGKGASCRRTSYDCCTGSCRSGKCG,AMPlify_non_AMP_train_imbalanced.fa,real_non_amp_amplify,0,trNEGATIVE01009,trNEGATIVE01009,26,0,False
LICFICFSPTAH,AMPlify_non_AMP_train_imbalanced.fa,real_non_amp_amplify,0,trNEGATIVE02164,trNEGATIVE02164,12,0,False
SPPFTSDQDLYTDSR,AMPlify_non_AMP_train_imbalanced.fa,real_non_amp_amplify,0,trNEGATIVE00758,trNEGATIVE00758,15,0,False
DEGPKSDCKP,AMPlify_non_AMP_train_imbalanced.fa,real_non_amp_amplify,0,trNEGATIVE50873,trNEGATIVE50873,10,0,False
MNRISTTTITTITITTGNGAG,AMPlify_non_AMP_train_imbalanced.fa,real_non_amp_amplify,0,trNEGATIVE00926,trNEGATIVE00926,21,0,False
QLTFSPDW,AMPlify_non_AMP_train_imbalanced.fa,real_non_amp_amplify,0,trNEGATIVE10156,trNEGATIVE10156,8,0,False
QHWSLCHAPG,AMPlify_non_AMP_train_imbalanced.fa,real_non_amp_amplify,0,trNEGATIVE00427,trNEGATIVE00427,10,0,False
AVPPRYGYTRG,AMPlify_non_AMP_train_imbalanced.fa,real_non_amp_amplify,0,trNEGATIVE01988,trNEGATIVE01988,11,0,False
GPPYDFGM,AMPlify_non_AMP_train_imbalanced.fa,real_non_amp_amplify,0,trNEGATIVE91863,trNEGATIVE91863,8,0,False
MIINNNISALNANRQLNLTGNSMTK,AMPlify_non_AMP_train_imbalanced.fa,real_non_amp_amplify,0,trNEGATIVE01821,trNEGATIVE01821,25,0,False
SANAKNDFMRF,AMPlify_non_AMP_train_imbalanced.fa,real_non_amp_amplify,0,trNEGATIVE01761,trNEGATIVE01761,11,0,False
ASEDTAEAAAPSA,AMPlify_non_AMP_test_imbalanced.fa,real_non_amp_amplify,0,teNEGATIVE00824,teNEGATIVE00824,13,0,False
HSDAVFTDNYSRFRKQMAAKKYLNS,AMPlify_non_AMP_train_imbalanced.fa,real_non_amp_amplify,0,trNEGATIVE00082,trNEGATIVE00082,25,0,False
MSAGVITGVLLVFLLLGYLVYALINAEAF,AMPlify_non_AMP_train_imbalanced.fa,real_non_amp_amplify,0,trNEGATIVE00415,trNEGATIVE00415,29,0,False
YCQKWMWTCDSARKCCEGLVCRLWCKKII,AMPlify_non_AMP_train_imbalanced.fa,real_non_amp_amplify,0,trNEGATIVE00885,trNEGATIVE00885,29,0,False
QRWPSPKVPP,AMPlify_non_AMP_train_imbalanced.fa,real_non_amp_amplify,0,trNEGATIVE00985,trNEGATIVE00985,10,0,False
MSKVIETKQQVVTEIADKLRA,AMPlify_non_AMP_train_imbalanced.fa,real_non_amp_amplify,0,trNEGATIVE02288,trNEGATIVE02288,21,0,False
ITCLSDINSK,AMPlify_non_AMP_train_imbalanced.fa,real_non_amp_amplify,0,trNEGATIVE41791,trNEGATIVE41791,10,0,False
IIGGREARPNSHPYMAFLLIQSPEGL,AMPlify_non_AMP_train_imbalanced.fa,real_non_amp_amplify,0,trNEGATIVE02572,trNEGATIVE02572,26,0,False
MLNERFSILVLLLILLTFSLG,AMPlify_non_AMP_train_imbalanced.fa,real_non_amp_amplify,0,trNEGATIVE01291,trNEGATIVE01291,21,0,False
AGPRFIRF,AMPlify_non_AMP_train_imbalanced.fa,real_non_amp_amplify,0,trNEGATIVE01852,trNEGATIVE01852,8,0,False
RSVCSNGCRPKPFGGCSC,AMPlify_non_AMP_train_imbalanced.fa,real_non_amp_amplify,0,trNEGATIVE02786,trNEGATIVE02786,18,0,False
IKPNKPVMAFGLVTLSLCVAYI,AMPlify_non_AMP_train_imbalanced.fa,real_non_amp_amplify_window,0,trNEGATIVE09190,trNEGATIVE09190,97,42,True
HSDAVFTDNYSRIRKQMAVKKYINSLLA,AMPlify_non_AMP_train_imbalanced.fa,real_non_amp_amplify,0,trNEGATIVE03172,trNEGATIVE03172,28,0,False
LVSVSPAFNGNYFVE,AMPlify_non_AMP_test_imbalanced.fa,real_non_amp_amplify,0,teNEGATIVE00243,teNEGATIVE00243,15,0,False
TAANVKIFNTEEVQNFINLL,AMPlify_non_AMP_train_imbalanced.fa,real_non_amp_amplify,0,trNEGATIVE01303,trNEGATIVE01303,20,0,False
MLDIISLGWGSLLAIFSFSIALVVWGRNGF,AMPlify_non_AMP_train_imbalanced.fa,real_non_amp_amplify,0,trNEGATIVE01301,trNEGATIVE01301,30,0,False
AMASSLLSGWGGPTTLLVAPM,AMPlify_non_AMP_test_imbalanced.fa,real_non_amp_amplify,0,teNEGATIVE00693,teNEGATIVE00693,21,0,False
KSAAEVQNTQQAIIPAQEKANLGNQNIMA,AMPlify_non_AMP_train_imbalanced.fa,real_non_amp_amplify,0,trNEGATIVE03088,trNEGATIVE03088,29,0,False
MLSLIFYLRFPSYIRG,AMPlify_non_AMP_train_imbalanced.fa,real_non_amp_amplify,0,trNEGATIVE00543,trNEGATIVE00543,16,0,False
GYNRSFLRF,AMPlify_non_AMP_test_imbalanced.fa,real_non_amp_amplify,0,teNEGATIVE12939,teNEGATIVE12939,9,0,False
SGLQFAVLDGQGFIPFSRV,AMPlify_non_AMP_train_imbalanced.fa,real_non_amp_amplify,0,trNEGATIVE00107,trNEGATIVE00107,19,0,False
RELLMGIFEKNGTGKTAAFVIPLLQK,AMPlify_non_AMP_train_imbalanced.fa,real_non_amp_amplify,0,trNEGATIVE02003,trNEGATIVE02003,26,0,False
LPEQDFMRF,AMPlify_non_AMP_train_imbalanced.fa,real_non_amp_amplify,0,trNEGATIVE62157,trNEGATIVE62157,9,0,False
ELCCPMERSS,AMPlify_non_AMP_test_imbalanced.fa,real_non_amp_amplify,0,teNEGATIVE00917,teNEGATIVE00917,10,0,False
NQCPQAYSYAK,AMPlify_non_AMP_train_imbalanced.fa,real_non_amp_amplify,0,trNEGATIVE01289,trNEGATIVE01289,11,0,False
APQANSFYVGAKAGD,AMPlify_non_AMP_train_imbalanced.fa,real_non_amp_amplify,0,trNEGATIVE03259,trNEGATIVE03259,15,0,False
QQWPRDPAPIPP,AMPlify_non_AMP_test_imbalanced.fa,real_non_amp_amplify,0,teNEGATIVE00010,teNEGATIVE00010,12,0,False
QTCVSCVNFGNGFCGDNCGNSWACSGC,AMPlify_non_AMP_train_imbalanced.fa,real_non_amp_amplify,0,trNEGATIVE00221,trNEGATIVE00221,27,0,False
MADENTPVMPEEVPAVEGVGM,AMPlify_non_AMP_test_imbalanced.fa,real_non_amp_amplify,0,teNEGATIVE00484,teNEGATIVE00484,21,0,False
MDIVSLAWAGLMVVFTFSLSLVVWGRSGL,AMPlify_non_AMP_train_imbalanced.fa,real_non_amp_amplify,0,trNEGATIVE00114,trNEGATIVE00114,29,0,False
GPVEIYYLQSADAKG,AMPlify_non_AMP_test_imbalanced.fa,real_non_amp_amplify,0,teNEGATIVE00581,teNEGATIVE00581,15,0,False
VIGGDICNINEHNFLVALYE,AMPlify_non_AMP_test_imbalanced.fa,real_non_amp_amplify,0,teNEGATIVE00090,teNEGATIVE00090,20,0,False
VTIGKEGTLT,AMPlify_non_AMP_train_imbalanced.fa,real_non_amp_amplify,0,trNEGATIVE48314,trNEGATIVE48314,10,0,False
LTPETASFPR,AMPlify_non_AMP_train_imbalanced.fa,real_non_amp_amplify,0,trNEGATIVE35673,trNEGATIVE35673,10,0,False
APPQPSDNFIRF,AMPlify_non_AMP_train_imbalanced.fa,real_non_amp_amplify,0,trNEGATIVE00102,trNEGATIVE00102,12,0,False
RDPTGCEVDQVIMVKRHGERYPSPSAGK,AMPlify_non_AMP_train_imbalanced.fa,real_non_amp_amplify,0,trNEGATIVE00567,trNEGATIVE00567,28,0,False
GYIAYVHQNELVKR,AMPlify_non_AMP_test_imbalanced.fa,real_non_amp_amplify,0,teNEGATIVE00196,teNEGATIVE00196,14,0,False
MLNIALHGYSLSKSAMDSRLTRKQSKSCT,AMPlify_non_AMP_train_imbalanced.fa,real_non_amp_amplify,0,trNEGATIVE01806,trNEGATIVE01806,29,0,False
PQLGLPFPRV,AMPlify_non_AMP_train_imbalanced.fa,real_non_amp_amplify,0,trNEGATIVE74639,trNEGATIVE74639,10,0,False
SGSGVRSAKKGGKAQGGQAGVGYKGSTEPG,AMPlify_non_AMP_train_imbalanced.fa,real_non_amp_amplify,0,trNEGATIVE01434,trNEGATIVE01434,30,0,False
VDFDSESPRRPEIQ,AMPlify_non_AMP_train_imbalanced.fa,real_non_amp_amplify,0,trNEGATIVE02250,trNEGATIVE02250,14,0,False
SCNNSCQQHSQCASHCVCLLNKCRTVN,AMPlify_non_AMP_train_imbalanced.fa,real_non_amp_amplify,0,trNEGATIVE02354,trNEGATIVE02354,27,0,False
SNGSNIDVAGAVNTLVETAGKLFQ,AMPlify_non_AMP_train_imbalanced.fa,real_non_amp_amplify,0,trNEGATIVE00258,trNEGATIVE00258,24,0,False
EAFPGQST,AMPlify_non_AMP_train_imbalanced.fa,real_non_amp_amplify,0,trNEGATIVE76318,trNEGATIVE76318,8,0,False
CYINNCPLG,AMPlify_non_AMP_test_imbalanced.fa,real_non_amp_amplify,0,teNEGATIVE22154,teNEGATIVE22154,9,0,False
MAQDAITAV,AMPlify_non_AMP_train_imbalanced.fa,real_non_amp_amplify,0,trNEGATIVE79098,trNEGATIVE79098,9,0,False
NLMQFELLIMKVAGRSGIVWYSDY,AMPlify_non_AMP_train_imbalanced.fa,real_non_amp_amplify,0,trNEGATIVE01543,trNEGATIVE01543,24,0,False
ACGSCRKKCKGSGKCINGRCKCY,AMPlify_non_AMP_train_imbalanced.fa,real_non_amp_amplify,0,trNEGATIVE02690,trNEGATIVE02690,23,0,False
SEGGQDFWL,AMPlify_non_AMP_train_imbalanced.fa,real_non_amp_amplify,0,trNEGATIVE45531,trNEGATIVE45531,9,0,False
CKGKGAPCTRLMYDCCHGSCSSSKGRCG,AMPlify_non_AMP_test_imbalanced.fa,real_non_amp_amplify,0,teNEGATIVE00018,teNEGATIVE00018,28,0,False
DCLPGWSVYEGRCYKVFNQKTWKAAEKFC,AMPlify_non_AMP_train_imbalanced.fa,real_non_amp_amplify,0,trNEGATIVE01581,trNEGATIVE01581,29,0,False
QLTFTPGWGY,AMPlify_non_AMP_train_imbalanced.fa,real_non_amp_amplify,0,trNEGATIVE14302,trNEGATIVE14302,10,0,False
DFTGVKFDNTIGCGKG,AMPlify_non_AMP_train_imbalanced.fa,real_non_amp_amplify,0,trNEGATIVE02918,trNEGATIVE02918,16,0,False
AQPSMRLRF,AMPlify_non_AMP_train_imbalanced.fa,real_non_amp_amplify,0,trNEGATIVE40019,trNEGATIVE40019,9,0,False
MWTKPAYTDLRIGFEVTMYFANR,AMPlify_non_AMP_train_imbalanced.fa,real_non_amp_amplify,0,trNEGATIVE00595,trNEGATIVE00595,23,0,False
AVHGQFATL,AMPlify_non_AMP_train_imbalanced.fa,real_non_amp_amplify,0,trNEGATIVE01511,trNEGATIVE01511,9,0,False
CFVRNCPTG,AMPlify_non_AMP_train_imbalanced.fa,real_non_amp_amplify,0,trNEGATIVE15927,trNEGATIVE15927,9,0,False
IYGGYQADEIEIDDEKYIFVDF,AMPlify_non_AMP_test_imbalanced.fa,real_non_amp_amplify_window,0,teNEGATIVE12821,teNEGATIVE12821,92,60,True
MSPQTETKAKVGFQAGVKDYKLTYYT,AMPlify_non_AMP_train_imbalanced.fa,real_non_amp_amplify,0,trNEGATIVE01082,trNEGATIVE01082,26,0,False
SGGKKIKVDKPLGLGGGLTVDIDA,AMPlify_non_AMP_train_imbalanced.fa,real_non_amp_amplify,0,trNEGATIVE02976,trNEGATIVE02976,24,0,False
PSSQPRGDPTGPKE,AMPlify_non_AMP_train_imbalanced.fa,real_non_amp_amplify,0,trNEGATIVE02318,trNEGATIVE02318,14,0,False
FKGGGPYGQGVTRGQDLSGKDF,AMPlify_non_AMP_test_imbalanced.fa,real_non_amp_amplify,0,teNEGATIVE00062,teNEGATIVE00062,22,0,False
KVQVEMTPYDLTK,AMPlify_non_AMP_train_imbalanced.fa,real_non_amp_amplify_window,0,trNEGATIVE53300,trNEGATIVE53300,72,51,True
ETFTVKMGGDAGTLQ,AMPlify_non_AMP_train_imbalanced.fa,real_non_amp_amplify,0,trNEGATIVE02841,trNEGATIVE02841,15,0,False
GAVSGLLTNLGL,AMPlify_non_AMP_train_imbalanced.fa,real_non_amp_amplify,0,trNEGATIVE01128,trNEGATIVE01128,12,0,False
AIVGRPRF,AMPlify_non_AMP_train_imbalanced.fa,real_non_amp_amplify,0,trNEGATIVE01039,trNEGATIVE01039,8,0,False
QHWSYGLQPG,AMPlify_non_AMP_test_imbalanced.fa,real_non_amp_amplify,0,teNEGATIVE12000,teNEGATIVE12000,10,0,False
HKNIWKRKGYSIAL,AMPlify_non_AMP_test_imbalanced.fa,real_non_amp_amplify_window,0,teNEGATIVE11439,teNEGATIVE11439,55,15,True
GCPRILMRCKQDSDCLAGCVCGPNGFCGSP,AMPlify_non_AMP_train_imbalanced.fa,real_non_amp_amplify,0,trNEGATIVE03248,trNEGATIVE03248,30,0,False
RICPRILMECSSDSDCLAECICLEQDGFCG,AMPlify_non_AMP_test_imbalanced.fa,real_non_amp_amplify,0,teNEGATIVE00048,teNEGATIVE00048,30,0,False
GSSGLISMPRV,AMPlify_non_AMP_train_imbalanced.fa,real_non_amp_amplify,0,trNEGATIVE03299,trNEGATIVE03299,11,0,False
MAEAFYILIGFLIMAAIIVMAVLYLENHS,AMPlify_non_AMP_train_imbalanced.fa,real_non_amp_amplify,0,trNEGATIVE01508,trNEGATIVE01508,29,0,False
QIIEANLALRR,AMPlify_non_AMP_train_imbalanced.fa,real_non_amp_amplify,0,trNEGATIVE00289,trNEGATIVE00289,11,0,False
LSSQVRLPMSLRVATAPAPARVSV,AMPlify_non_AMP_train_imbalanced.fa,real_non_amp_amplify_window,0,trNEGATIVE25609,trNEGATIVE25609,139,5,True
NTFYCCELCCNPACAGCY,AMPlify_non_AMP_train_imbalanced.fa,real_non_amp_amplify,0,trNEGATIVE01826,trNEGATIVE01826,18,0,False
VGQDATISFK,AMPlify_non_AMP_train_imbalanced.fa,real_non_amp_amplify,0,trNEGATIVE01293,trNEGATIVE01293,10,0,False
MIRQKIFVFIVKSRRNSICPAIRRKEDY,AMPlify_non_AMP_test_imbalanced.fa,real_non_amp_amplify,0,teNEGATIVE00051,teNEGATIVE00051,28,0,False
TRTPVNVTVTGAAGQIGYAL,AMPlify_non_AMP_train_imbalanced.fa,real_non_amp_amplify,0,trNEGATIVE02425,trNEGATIVE02425,20,0,False
EGDFTPRL,AMPlify_non_AMP_train_imbalanced.fa,real_non_amp_amplify,0,trNEGATIVE47865,trNEGATIVE47865,8,0,False
RFYEMLQVYGSTLKALVH,AMPlify_non_AMP_train_imbalanced.fa,real_non_amp_amplify_window,0,trNEGATIVE26480,trNEGATIVE26480,156,95,True
GPNGKSQSIIVGPWGDRVTN,AMPlify_non_AMP_train_imbalanced.fa,real_non_amp_amplify,0,trNEGATIVE01184,trNEGATIVE01184,20,0,False
GCCSLPPCAANNPDYC,AMPlify_non_AMP_test_imbalanced.fa,real_non_amp_amplify,0,teNEGATIVE00254,teNEGATIVE00254,16,0,False
KFLSGGFKEIVCHRYCAKGIAKEFCNCPD,AMPlify_non_AMP_train_imbalanced.fa,real_non_amp_amplify,0,trNEGATIVE03201,trNEGATIVE03201,29,0,False
MFTFAILLLCVQGCLIQ,AMPlify_non_AMP_train_imbalanced.fa,real_non_amp_amplify,0,trNEGATIVE01417,trNEGATIVE01417,17,0,False
FAKRYVELVIVA,AMPlify_non_AMP_train_imbalanced.fa,real_non_amp_amplify,0,trNEGATIVE03311,trNEGATIVE03311,12,0,False
MSGRGKGGKGLGKGGAKR,AMPlify_non_AMP_train_imbalanced.fa,real_non_amp_amplify,0,trNEGATIVE03020,trNEGATIVE03020,18,0,False
NPASGFFGMR,AMPlify_non_AMP_train_imbalanced.fa,real_non_amp_amplify,0,trNEGATIVE00446,trNEGATIVE00446,10,0,False
VKVYNQFGTKVELGVSMRIF,AMPlify_non_AMP_test_imbalanced.fa,real_non_amp_amplify,0,teNEGATIVE00106,teNEGATIVE00106,20,0,False
FYDTTCPK,AMPlify_non_AMP_train_imbalanced.fa,real_non_amp_amplify,0,trNEGATIVE35210,trNEGATIVE35210,8,0,False
NLYQFKNMIEEAATGT,AMPlify_non_AMP_test_imbalanced.fa,real_non_amp_amplify,0,teNEGATIVE00326,teNEGATIVE00326,16,0,False
DLVALSGAHTIGQAR,AMPlify_non_AMP_train_imbalanced.fa,real_non_amp_amplify,0,trNEGATIVE02738,trNEGATIVE02738,15,0,False
AYAQWVIIII,AMPlify_non_AMP_train_imbalanced.fa,real_non_amp_amplify,0,trNEGATIVE02636,trNEGATIVE02636,10,0,False
QKKDKKDKFYGLF,AMPlify_non_AMP_train_imbalanced.fa,real_non_amp_amplify,0,trNEGATIVE01011,trNEGATIVE01011,13,0,False
GCCGSFACRFGCVPCCV,AMPlify_non_AMP_train_imbalanced.fa,real_non_amp_amplify,0,trNEGATIVE00676,trNEGATIVE00676,17,0,False
GPLNAQHQS,AMPlify_non_AMP_train_imbalanced.fa,real_non_amp_amplify,0,trNEGATIVE17320,trNEGATIVE17320,9,0,False
SLGGKPDLRPCHPPCHYIPRPKPR,AMPlify_non_AMP_train_imbalanced.fa,real_non_amp_amplify,0,trNEGATIVE00119,trNEGATIVE00119,24,0,False
GMYTHEGSDP,AMPlify_non_AMP_train_imbalanced.fa,real_non_amp_amplify,0,trNEGATIVE57601,trNEGATIVE57601,10,0,False
GCCSDPRCKHQC,AMPlify_non_AMP_train_imbalanced.fa,real_non_amp_amplify,0,trNEGATIVE01669,trNEGATIVE01669,12,0,False
IIDFIPQIE,AMPlify_non_AMP_test_imbalanced.fa,real_non_amp_amplify,0,teNEGATIVE22425,teNEGATIVE22425,9,0,False
IKFLSDIEVTTVDERLTTVQAERMLIEEAD,AMPlify_non_AMP_train_imbalanced.fa,real_non_amp_amplify_window,0,trNEGATIVE36890,trNEGATIVE36890,140,81,True
YCQEFLWTCDEERKCCGDMVCRLWCKKRL,AMPlify_non_AMP_train_imbalanced.fa,real_non_amp_amplify,0,trNEGATIVE02714,trNEGATIVE02714,29,0,False
ASPYAFGL,AMPlify_non_AMP_train_imbalanced.fa,real_non_amp_amplify,0,trNEGATIVE87945,trNEGATIVE87945,8,0,False
AQRSPSLRLRF,AMPlify_non_AMP_train_imbalanced.fa,real_non_amp_amplify,0,trNEGATIVE01111,trNEGATIVE01111,11,0,False
ANPICPKIPNPTIRISGRNDLCVDVK,AMPlify_non_AMP_train_imbalanced.fa,real_non_amp_amplify,0,trNEGATIVE00136,trNEGATIVE00136,26,0,False
ALAGTIIAGASLTFKILDEV,AMPlify_non_AMP_train_imbalanced.fa,real_non_amp_amplify,0,trNEGATIVE02863,trNEGATIVE02863,20,0,False
APKDDTWYTGAKLGWSQYHDT,AMPlify_non_AMP_train_imbalanced.fa,real_non_amp_amplify,0,trNEGATIVE02649,trNEGATIVE02649,21,0,False
MRITVNVDGTSYTDEVEPRTLLVH,AMPlify_non_AMP_train_imbalanced.fa,real_non_amp_amplify,0,trNEGATIVE00709,trNEGATIVE00709,24,0,False
AMTEELEAVENNGVR,AMPlify_non_AMP_train_imbalanced.fa,real_non_amp_amplify,0,trNEGATIVE01037,trNEGATIVE01037,15,0,False
SGHTKIKVAVDT,AMPlify_non_AMP_train_imbalanced.fa,real_non_amp_amplify,0,trNEGATIVE00120,trNEGATIVE00120,12,0,False
VERYAFGL,AMPlify_non_AMP_train_imbalanced.fa,real_non_amp_amplify,0,trNEGATIVE29591,trNEGATIVE29591,8,0,False
SCIKHGDFCDGDNDDCQCCRDNGF,AMPlify_non_AMP_train_imbalanced.fa,real_non_amp_amplify,0,trNEGATIVE02511,trNEGATIVE02511,24,0,False
QVSLKYPEGKMYSFGL,AMPlify_non_AMP_train_imbalanced.fa,real_non_amp_amplify,0,trNEGATIVE00209,trNEGATIVE00209,16,0,False
SCSGRDSRCPPVCCMGLMCSRGKCVSIYGE,AMPlify_non_AMP_train_imbalanced.fa,real_non_amp_amplify,0,trNEGATIVE00479,trNEGATIVE00479,30,0,False
LVGAEIDYKEDLEGAQFVIKNPN,AMPlify_non_AMP_train_imbalanced.fa,real_non_amp_amplify_window,0,trNEGATIVE27949,trNEGATIVE27949,121,85,True
SPPSQDFMRF,AMPlify_non_AMP_test_imbalanced.fa,real_non_amp_amplify,0,teNEGATIVE24495,teNEGATIVE24495,10,0,False
MWPFPSDK,AMPlify_non_AMP_train_imbalanced.fa,real_non_amp_amplify,0,trNEGATIVE07474,trNEGATIVE07474,8,0,False
MDIVSLAWAALMIVFTFSLSLVVWGRSGL,AMPlify_non_AMP_train_imbalanced.fa,real_non_amp_amplify,0,trNEGATIVE02436,trNEGATIVE02436,29,0,False
MDITSIAWGALMVVFTFSLSLVVWGRSGL,AMPlify_non_AMP_test_imbalanced.fa,real_non_amp_amplify,0,teNEGATIVE00649,teNEGATIVE00649,29,0,False
VDEQLPRTIMNIFEK,AMPlify_non_AMP_train_imbalanced.fa,real_non_amp_amplify,0,trNEGATIVE02400,trNEGATIVE02400,15,0,False
ETLFDPCSTQDIKKVGV,AMPlify_non_AMP_train_imbalanced.fa,real_non_amp_amplify,0,trNEGATIVE00622,trNEGATIVE00622,17,0,False
IISPPVCGNELLEEGEECDCGTPEN,AMPlify_non_AMP_train_imbalanced.fa,real_non_amp_amplify,0,trNEGATIVE03212,trNEGATIVE03212,25,0,False
VKMELDGGVASNSR,AMPlify_non_AMP_train_imbalanced.fa,real_non_amp_amplify,0,trNEGATIVE01182,trNEGATIVE01182,14,0,False
SCSSGCSDCNSDSCQCTLNQFTNSDSCCC,AMPlify_non_AMP_train_imbalanced.fa,real_non_amp_amplify,0,trNEGATIVE01916,trNEGATIVE01916,29,0,False
KEQPEFVPY,AMPlify_non_AMP_train_imbalanced.fa,real_non_amp_amplify,0,trNEGATIVE83176,trNEGATIVE83176,9,0,False
EFSPTRKFGGHGDDKKKKK,AMPlify_non_AMP_train_imbalanced.fa,real_non_amp_amplify,0,trNEGATIVE00143,trNEGATIVE00143,19,0,False
LWTRDYAGVYEAIRGFDWSQDAK,AMPlify_non_AMP_train_imbalanced.fa,real_non_amp_amplify,0,trNEGATIVE00475,trNEGATIVE00475,23,0,False
GGLGRCIYNCMNSGGGLSFIQCKTMCY,AMPlify_non_AMP_train_imbalanced.fa,real_non_amp_amplify,0,trNEGATIVE01165,trNEGATIVE01165,27,0,False
SVTADNASETKVREIGQEKSS,AMPlify_non_AMP_test_imbalanced.fa,real_non_amp_amplify,0,teNEGATIVE00220,teNEGATIVE00220,21,0,False
MDKLAAGGLYLLFLLLAGIIVTH,AMPlify_non_AMP_train_imbalanced.fa,real_non_amp_amplify,0,trNEGATIVE02043,trNEGATIVE02043,23,0,False
MKKTTIIMMGVAIIVVLGTELGWW,AMPlify_non_AMP_train_imbalanced.fa,real_non_amp_amplify,0,trNEGATIVE00374,trNEGATIVE00374,24,0,False
SSGGGEGSGMWFGPRL,AMPlify_non_AMP_train_imbalanced.fa,real_non_amp_amplify,0,trNEGATIVE03235,trNEGATIVE03235,16,0,False
MLPRKYKPAYKKQAHRVKSNPQPAYTFQ,AMPlify_non_AMP_test_imbalanced.fa,real_non_amp_amplify,0,teNEGATIVE00384,teNEGATIVE00384,28,0,False
ATIEVYNILPYYYYVSKAWSWNGN,AMPlify_non_AMP_train_imbalanced.fa,real_non_amp_amplify,0,trNEGATIVE02585,trNEGATIVE02585,24,0,False
QNARIAVVYFAGY,AMPlify_non_AMP_train_imbalanced.fa,real_non_amp_amplify,0,trNEGATIVE00857,trNEGATIVE00857,13,0,False
MLMPKRTKYR,AMPlify_non_AMP_train_imbalanced.fa,real_non_amp_amplify,0,trNEGATIVE74051,trNEGATIVE74051,10,0,False
MRAKWRKKRMRGLKRKRRKMRQRSK,AMPlify_non_AMP_train_imbalanced.fa,real_non_amp_amplify,0,trNEGATIVE02666,trNEGATIVE02666,25,0,False
VAAVQASAWQQVAAGVD,AMPlify_non_AMP_train_imbalanced.fa,real_non_amp_amplify_window,0,trNEGATIVE34780,trNEGATIVE34780,137,94,True
SLLQFEMMIMEVAKRSGIFWYSA,AMPlify_non_AMP_test_imbalanced.fa,real_non_amp_amplify,0,teNEGATIVE00555,teNEGATIVE00555,23,0,False
MELSLLLFLALLLGLLLLLF,AMPlify_non_AMP_train_imbalanced.fa,real_non_amp_amplify,0,trNEGATIVE02634,trNEGATIVE02634,20,0,False
NLLQFENMIRNVAGRSGIWWYSD,AMPlify_non_AMP_test_imbalanced.fa,real_non_amp_amplify,0,teNEGATIVE00343,teNEGATIVE00343,23,0,False
VAIIIYSMYGHIAKYGNFPGQWK,AMPlify_non_AMP_train_imbalanced.fa,real_non_amp_amplify,0,trNEGATIVE01306,trNEGATIVE01306,23,0,False
CCGVPNAACHPCVCTGKC,AMPlify_non_AMP_train_imbalanced.fa,real_non_amp_amplify,0,trNEGATIVE01362,trNEGATIVE01362,18,0,False
MERQVFIRLRHRLEADP,AMPlify_non_AMP_train_imbalanced.fa,real_non_amp_amplify,0,trNEGATIVE03210,trNEGATIVE03210,17,0,False
QWGQHPNIPP,AMPlify_non_AMP_train_imbalanced.fa,real_non_amp_amplify,0,trNEGATIVE21588,trNEGATIVE21588,10,0,False
WDCLTGWVEYPLVLEWRQFEQSKQLTENG,AMPlify_non_AMP_test_imbalanced.fa,real_non_amp_amplify_window,0,teNEGATIVE08806,teNEGATIVE08806,90,38,True
GCCGKYPNAACHPCGCTVGRPPYCDRPSGG,AMPlify_non_AMP_train_imbalanced.fa,real_non_amp_amplify,0,trNEGATIVE01382,trNEGATIVE01382,30,0,False
SVVDGWTTFR,AMPlify_non_AMP_train_imbalanced.fa,real_non_amp_amplify,0,trNEGATIVE72383,trNEGATIVE72383,10,0,False
GSSGLIPFGRT,AMPlify_non_AMP_train_imbalanced.fa,real_non_amp_amplify,0,trNEGATIVE01953,trNEGATIVE01953,11,0,False
GGIYIAASVGLSMAAV,AMPlify_non_AMP_train_imbalanced.fa,real_non_amp_amplify_window,0,trNEGATIVE87334,trNEGATIVE87334,125,98,True
MDIISLAWAALMVVFTFSLSLVVWGRSGL,AMPlify_non_AMP_train_imbalanced.fa,real_non_amp_amplify,0,trNEGATIVE02967,trNEGATIVE02967,29,0,False
SCSCKRNFLCC,AMPlify_non_AMP_train_imbalanced.fa,real_non_amp_amplify,0,trNEGATIVE01908,trNEGATIVE01908,11,0,False
CCSQDCLVCIPCCPN,AMPlify_non_AMP_train_imbalanced.fa,real_non_amp_amplify,0,trNEGATIVE01843,trNEGATIVE01843,15,0,False
GDDVLSACCD,AMPlify_non_AMP_train_imbalanced.fa,real_non_amp_amplify,0,trNEGATIVE00222,trNEGATIVE00222,10,0,False
HDRPKFCYLPADPGECMA,AMPlify_non_AMP_test_imbalanced.fa,real_non_amp_amplify,0,teNEGATIVE00202,teNEGATIVE00202,18,0,False
MVPYRNPRHQHVASVLRSGG,AMPlify_non_AMP_train_imbalanced.fa,real_non_amp_amplify,0,trNEGATIVE01837,trNEGATIVE01837,20,0,False
FLPLILGKLVKGLL,AMPlify_non_AMP_train_imbalanced.fa,real_non_amp_amplify,0,trNEGATIVE00303,trNEGATIVE00303,14,0,False
NPQQDFMRF,AMPlify_non_AMP_train_imbalanced.fa,real_non_amp_amplify,0,trNEGATIVE52527,trNEGATIVE52527,9,0,False
RPPGFTPFRKA,AMPlify_non_AMP_train_imbalanced.fa,real_non_amp_amplify,0,trNEGATIVE02331,trNEGATIVE02331,11,0,False
TQACRINSGNVPSELDLRSLRTVTPIRMQG,AMPlify_non_AMP_train_imbalanced.fa,real_non_amp_amplify,0,trNEGATIVE00665,trNEGATIVE00665,30,0,False
AVTSSVADTTTVVRDDF,AMPlify_non_AMP_train_imbalanced.fa,real_non_amp_amplify,0,trNEGATIVE01472,trNEGATIVE01472,17,0,False
GKLYFNQEKQELICKADRLAFPLRD,AMPlify_non_AMP_train_imbalanced.fa,real_non_amp_amplify_window,0,trNEGATIVE76147,trNEGATIVE76147,60,15,True
ADVPGNYPLNSYGASYYCTI,AMPlify_non_AMP_train_imbalanced.fa,real_non_amp_amplify,0,trNEGATIVE00856,trNEGATIVE00856,20,0,False
VTFVEGGPMKYSLIEGDALANK,AMPlify_non_AMP_train_imbalanced.fa,real_non_amp_amplify,0,trNEGATIVE01238,trNEGATIVE01238,22,0,False
TQRLANFLIHSSNNFGAIFSPPN,AMPlify_non_AMP_train_imbalanced.fa,real_non_amp_amplify,0,trNEGATIVE03165,trNEGATIVE03165,23,0,False
QGGLPRPGPEIPP,AMPlify_non_AMP_train_imbalanced.fa,real_non_amp_amplify,0,trNEGATIVE00004,trNEGATIVE00004,13,0,False
MDIITLGWVGVLSVFTLSIAFVVWGRHGM,AMPlify_non_AMP_test_imbalanced.fa,real_non_amp_amplify,0,teNEGATIVE00002,teNEGATIVE00002,29,0,False
VVGGDECNINEHRFLVALYY,AMPlify_non_AMP_test_imbalanced.fa,real_non_amp_amplify,0,teNEGATIVE00678,teNEGATIVE00678,20,0,False
ADVPGNYPLDKNGNRYY,AMPlify_non_AMP_train_imbalanced.fa,real_non_amp_amplify,0,trNEGATIVE00515,trNEGATIVE00515,17,0,False
GSSGGMIPFPRV,AMPlify_non_AMP_train_imbalanced.fa,real_non_amp_amplify,0,trNEGATIVE02523,trNEGATIVE02523,12,0,False
GPNPGFSPFR,AMPlify_non_AMP_train_imbalanced.fa,real_non_amp_amplify,0,trNEGATIVE89133,trNEGATIVE89133,10,0,False
YDASLKPNLQIPQKNIPNNDAVNIK,AMPlify_non_AMP_test_imbalanced.fa,real_non_amp_amplify,0,teNEGATIVE00703,teNEGATIVE00703,25,0,False
TSSGCPNFESLVR,AMPlify_non_AMP_train_imbalanced.fa,real_non_amp_amplify,0,trNEGATIVE01815,trNEGATIVE01815,13,0,False
AEYDVSDADIEAFYQ,AMPlify_non_AMP_train_imbalanced.fa,real_non_amp_amplify,0,trNEGATIVE02236,trNEGATIVE02236,15,0,False
ISAVKEMTVRDALNSA,AMPlify_non_AMP_test_imbalanced.fa,real_non_amp_amplify,0,teNEGATIVE00591,teNEGATIVE00591,16,0,False
ESIASFQGVLDGKYD,AMPlify_non_AMP_train_imbalanced.fa,real_non_amp_amplify,0,trNEGATIVE01884,trNEGATIVE01884,15,0,False
FMKVIDPGTKWCGPGNKAADDTDNGKN,AMPlify_non_AMP_test_imbalanced.fa,real_non_amp_amplify,0,teNEGATIVE00787,teNEGATIVE00787,27,0,False
LQVDYLVLEVA,AMPlify_non_AMP_train_imbalanced.fa,real_non_amp_amplify,0,trNEGATIVE01762,trNEGATIVE01762,11,0,False
MIYDSQVYTVLLIALLASVLAIRLGSTLYQ,AMPlify_non_AMP_train_imbalanced.fa,real_non_amp_amplify,0,trNEGATIVE02745,trNEGATIVE02745,30,0,False
PSSQPRGDPTGQEEPKKKVEKKTTTDPFD,AMPlify_non_AMP_train_imbalanced.fa,real_non_amp_amplify,0,trNEGATIVE00208,trNEGATIVE00208,29,0,False
ECWSQAADCSDGHCCAGRSFSKNCRPYGGD,AMPlify_non_AMP_train_imbalanced.fa,real_non_amp_amplify,0,trNEGATIVE01611,trNEGATIVE01611,30,0,False
AEVYNKDGNKLDIYGKAVGLHYFS,AMPlify_non_AMP_train_imbalanced.fa,real_non_amp_amplify,0,trNEGATIVE02203,trNEGATIVE02203,24,0,False
QKNDKKDRFYGLM,AMPlify_non_AMP_train_imbalanced.fa,real_non_amp_amplify,0,trNEGATIVE02259,trNEGATIVE02259,13,0,False
ALPNQQTVDYPSFKSNYNFEKPFLYLAR,AMPlify_non_AMP_test_imbalanced.fa,real_non_amp_amplify,0,teNEGATIVE00160,teNEGATIVE00160,28,0,False
LTPNTLSDLNSK,AMPlify_non_AMP_train_imbalanced.fa,real_non_amp_amplify,0,trNEGATIVE00845,trNEGATIVE00845,12,0,False
MADAEDIQPLVCDNGTG,AMPlify_non_AMP_train_imbalanced.fa,real_non_amp_amplify,0,trNEGATIVE00153,trNEGATIVE00153,17,0,False
EVHNFACLGKPDPGGCAHYIYRRYYYV,AMPlify_non_AMP_test_imbalanced.fa,real_non_amp_amplify,0,teNEGATIVE00324,teNEGATIVE00324,27,0,False
NLLQFGFMIRCANKRRRPVWPYEESGC,AMPlify_non_AMP_train_imbalanced.fa,real_non_amp_amplify,0,trNEGATIVE01064,trNEGATIVE01064,27,0,False
AKLDETLTMLKALTDAKGVPGNEREARDVM,AMPlify_non_AMP_train_imbalanced.fa,real_non_amp_amplify,0,trNEGATIVE02920,trNEGATIVE02920,30,0,False
SKYESEGVARSEELQEVHQAFADAGRKPI,AMPlify_non_AMP_test_imbalanced.fa,real_non_amp_amplify,0,teNEGATIVE00726,teNEGATIVE00726,29,0,False
AKDVRFGADVRALMLQGVDVLADA,AMPlify_non_AMP_test_imbalanced.fa,real_non_amp_amplify,0,teNEGATIVE00092,teNEGATIVE00092,24,0,False
SQPSMRLRF,AMPlify_non_AMP_test_imbalanced.fa,real_non_amp_amplify,0,teNEGATIVE02418,teNEGATIVE02418,9,0,False
KDETDDMKMETDIKRNKKT,AMPlify_non_AMP_train_imbalanced.fa,real_non_amp_amplify_window,0,trNEGATIVE27096,trNEGATIVE27096,127,64,True
EPSQLRVAKVTGGAASKL,AMPlify_non_AMP_test_imbalanced.fa,real_non_amp_amplify_window,0,teNEGATIVE21050,teNEGATIVE21050,123,26,True
QTSFTPRL,AMPlify_non_AMP_test_imbalanced.fa,real_non_amp_amplify,0,teNEGATIVE04056,teNEGATIVE04056,8,0,False
RKSAGKPKN,AMPlify_non_AMP_train_imbalanced.fa,real_non_amp_amplify,0,trNEGATIVE57276,trNEGATIVE57276,9,0,False
GSPKYCHLPADPGPC,AMPlify_non_AMP_test_imbalanced.fa,real_non_amp_amplify,0,teNEGATIVE00722,teNEGATIVE00722,15,0,False
APTAFYGVR,AMPlify_non_AMP_train_imbalanced.fa,real_non_amp_amplify,0,trNEGATIVE71332,trNEGATIVE71332,9,0,False
DAHGSGNAHKQQDINHLLD,AMPlify_non_AMP_test_imbalanced.fa,real_non_amp_amplify,0,teNEGATIVE00721,teNEGATIVE00721,19,0,False
GKITFYEDRNFQGRCYECSTDCPDLSPYFS,AMPlify_non_AMP_test_imbalanced.fa,real_non_amp_amplify,0,teNEGATIVE00013,teNEGATIVE00013,30,0,False
ADDDLEGFSEEDLKAIKEHRAGLAA,AMPlify_non_AMP_train_imbalanced.fa,real_non_amp_amplify,0,trNEGATIVE00273,trNEGATIVE00273,25,0,False
EDDHHHHHHHHHGVGGGGGGGGGG,AMPlify_non_AMP_test_imbalanced.fa,real_non_amp_amplify,0,teNEGATIVE00793,teNEGATIVE00793,24,0,False
TIFLQQQQQQQQQQQ,AMPlify_non_AMP_train_imbalanced.fa,real_non_amp_amplify,0,trNEGATIVE02179,trNEGATIVE02179,15,0,False
AQTPVKVTVTGAAGQIGYALLFRI,AMPlify_non_AMP_test_imbalanced.fa,real_non_amp_amplify,0,teNEGATIVE00227,teNEGATIVE00227,24,0,False
GRGGPSNYVRL,AMPlify_non_AMP_train_imbalanced.fa,real_non_amp_amplify,0,trNEGATIVE02893,trNEGATIVE02893,11,0,False
MGDISPLTGTNGQIR,AMPlify_non_AMP_train_imbalanced.fa,real_non_amp_amplify,0,trNEGATIVE02471,trNEGATIVE02471,15,0,False
SNKKNYQKEIVDKHNALRRSVK,AMPlify_non_AMP_train_imbalanced.fa,real_non_amp_amplify,0,trNEGATIVE03241,trNEGATIVE03241,22,0,False
LNVGDSVIAIECRPLSKTKSFRLKTIVATG,AMPlify_non_AMP_test_imbalanced.fa,real_non_amp_amplify_window,0,teNEGATIVE11826,teNEGATIVE11826,83,51,True
QLTFSSGWGN,AMPlify_non_AMP_train_imbalanced.fa,real_non_amp_amplify,0,trNEGATIVE23520,trNEGATIVE23520,10,0,False
MFEISFYIALKNFNSLGILKMWRFI,AMPlify_non_AMP_test_imbalanced.fa,real_non_amp_amplify,0,teNEGATIVE00436,teNEGATIVE00436,25,0,False
KEEAKVLGTVIGIDLGTQYL,AMPlify_non_AMP_train_imbalanced.fa,real_non_amp_amplify,0,trNEGATIVE03173,trNEGATIVE03173,20,0,False
KRPPGWSPLR,AMPlify_non_AMP_train_imbalanced.fa,real_non_amp_amplify,0,trNEGATIVE00124,trNEGATIVE00124,10,0,False
NLFQFAEMIVKMTGKEAVH,AMPlify_non_AMP_train_imbalanced.fa,real_non_amp_amplify,0,trNEGATIVE02980,trNEGATIVE02980,19,0,False
VVGGDECNINDHRSLVRIF,AMPlify_non_AMP_train_imbalanced.fa,real_non_amp_amplify,0,trNEGATIVE03253,trNEGATIVE03253,19,0,False
TEFATNDGGQR,AMPlify_non_AMP_train_imbalanced.fa,real_non_amp_amplify,0,trNEGATIVE01173,trNEGATIVE01173,11,0,False
KECCTHPACHVSHPELCG,AMPlify_non_AMP_test_imbalanced.fa,real_non_amp_amplify,0,teNEGATIVE00299,teNEGATIVE00299,18,0,False
DKNKKPIRVGGRRPPGFTPFR,AMPlify_non_AMP_train_imbalanced.fa,real_non_amp_amplify,0,trNEGATIVE02505,trNEGATIVE02505,21,0,False
NLYQFKNMIQCTVPS,AMPlify_non_AMP_train_imbalanced.fa,real_non_amp_amplify,0,trNEGATIVE00357,trNEGATIVE00357,15,0,False
SPAFNSWG,AMPlify_non_AMP_train_imbalanced.fa,real_non_amp_amplify,0,trNEGATIVE01119,trNEGATIVE01119,8,0,False
TRRFDDVLDEVKGFFEVH,AMPlify_non_AMP_test_imbalanced.fa,real_non_amp_amplify,0,teNEGATIVE00507,teNEGATIVE00507,18,0,False
DDLFNINAGIVKLFGVTTLDVVR,AMPlify_non_AMP_train_imbalanced.fa,real_non_amp_amplify,0,trNEGATIVE00795,trNEGATIVE00795,23,0,False
MAITAAASRLGTEPF,AMPlify_non_AMP_train_imbalanced.fa,real_non_amp_amplify,0,trNEGATIVE01311,trNEGATIVE01311,15,0,False
TESLVLSPAPAKPKRA,AMPlify_non_AMP_test_imbalanced.fa,real_non_amp_amplify,0,teNEGATIVE00124,teNEGATIVE00124,16,0,False
FLPMIAKLLGGLL,AMPlify_non_AMP_train_imbalanced.fa,real_non_amp_amplify,0,trNEGATIVE01358,trNEGATIVE01358,13,0,False
MKATFVLHGWWRTS,AMPlify_non_AMP_train_imbalanced.fa,real_non_amp_amplify,0,trNEGATIVE00835,trNEGATIVE00835,14,0,False
PPPPPGPPPNP,AMPlify_non_AMP_train_imbalanced.fa,real_non_amp_amplify,0,trNEGATIVE01307,trNEGATIVE01307,11,0,False
ACVPVYKECWYPQKPCCEDRVCQCSFGMTN,AMPlify_non_AMP_train_imbalanced.fa,real_non_amp_amplify,0,trNEGATIVE01767,trNEGATIVE01767,30,0,False
VATSEQFNKTFIELVIVVD,AMPlify_non_AMP_train_imbalanced.fa,real_non_amp_amplify,0,trNEGATIVE01404,trNEGATIVE01404,19,0,False
SASSGESSGMWFGPRL,AMPlify_non_AMP_train_imbalanced.fa,real_non_amp_amplify,0,trNEGATIVE00172,trNEGATIVE00172,16,0,False
VVSCADILTLAAR,AMPlify_non_AMP_train_imbalanced.fa,real_non_amp_amplify,0,trNEGATIVE01466,trNEGATIVE01466,13,0,False
DHMSHDVYSPRL,AMPlify_non_AMP_train_imbalanced.fa,real_non_amp_amplify,0,trNEGATIVE00083,trNEGATIVE00083,12,0,False
AEELVKPYNGDPFVGHLSTP,AMPlify_non_AMP_train_imbalanced.fa,real_non_amp_amplify,0,trNEGATIVE03271,trNEGATIVE03271,20,0,False
MKFGLFFQNFLSENQSSE,AMPlify_non_AMP_train_imbalanced.fa,real_non_amp_amplify,0,trNEGATIVE01596,trNEGATIVE01596,18,0,False
PYDRISGSAFSDF,AMPlify_non_AMP_train_imbalanced.fa,real_non_amp_amplify,0,trNEGATIVE00787,trNEGATIVE00787,13,0,False
STRTPEFLGLDNQCGVWA,AMPlify_non_AMP_test_imbalanced.fa,real_non_amp_amplify,0,teNEGATIVE00167,teNEGATIVE00167,18,0,False
SNRSPSLRLRF,AMPlify_non_AMP_train_imbalanced.fa,real_non_amp_amplify,0,trNEGATIVE01554,trNEGATIVE01554,11,0,False
SIQVIVVTDGERGLIYPPLSNIR,AMPlify_non_AMP_test_imbalanced.fa,real_non_amp_amplify,0,teNEGATIVE00311,teNEGATIVE00311,23,0,False
DPNATIIMLGTGTGIAPFR,AMPlify_non_AMP_train_imbalanced.fa,real_non_amp_amplify,0,trNEGATIVE01807,trNEGATIVE01807,19,0,False
ASLVTSFEEA,AMPlify_non_AMP_train_imbalanced.fa,real_non_amp_amplify,0,trNEGATIVE04041,trNEGATIVE04041,10,0,False
RICPRILMECKADSDCLAQCICQESGFCG,AMPlify_non_AMP_train_imbalanced.fa,real_non_amp_amplify,0,trNEGATIVE00968,trNEGATIVE00968,29,0,False
LPSIGHYY,AMPlify_non_AMP_test_imbalanced.fa,real_non_amp_amplify,0,teNEGATIVE00717,teNEGATIVE00717,8,0,False
MALNLQDKQAIVAEVSEVAK,AMPlify_non_AMP_test_imbalanced.fa,real_non_amp_amplify,0,teNEGATIVE00604,teNEGATIVE00604,20,0,False
DPLGSTEEFSR,AMPlify_non_AMP_train_imbalanced.fa,real_non_amp_amplify,0,trNEGATIVE00294,trNEGATIVE00294,11,0,False
MSSLWWCFVWLISIPVICLTFTFVMRLL,AMPlify_non_AMP_train_imbalanced.fa,real_non_amp_amplify,0,trNEGATIVE02916,trNEGATIVE02916,28,0,False
QAKSQGGSN,AMPlify_non_AMP_test_imbalanced.fa,real_non_amp_amplify,0,teNEGATIVE16166,teNEGATIVE16166,9,0,False
AATAATPATAATPARA,AMPlify_non_AMP_train_imbalanced.fa,real_non_amp_amplify,0,trNEGATIVE01816,trNEGATIVE01816,16,0,False
VGLVFNPYNR,AMPlify_non_AMP_train_imbalanced.fa,real_non_amp_amplify,0,trNEGATIVE02489,trNEGATIVE02489,10,0,False
DNPSSTPPLR,AMPlify_non_AMP_train_imbalanced.fa,real_non_amp_amplify,0,trNEGATIVE03254,trNEGATIVE03254,10,0,False
SPVPEDDRGDNFVRL,AMPlify_non_AMP_test_imbalanced.fa,real_non_amp_amplify,0,teNEGATIVE00715,teNEGATIVE00715,15,0,False
MGHLVLVRHYVLVLLLIELMQLLLGSLGLS,AMPlify_non_AMP_train_imbalanced.fa,real_non_amp_amplify,0,trNEGATIVE01302,trNEGATIVE01302,30,0,False
SPASGFFGMR,AMPlify_non_AMP_train_imbalanced.fa,real_non_amp_amplify,0,trNEGATIVE70319,trNEGATIVE70319,10,0,False
MSIADLKSRLIKASTSKMTAEL,AMPlify_non_AMP_train_imbalanced.fa,real_non_amp_amplify,0,trNEGATIVE02267,trNEGATIVE02267,22,0,False
AFANTGVEIVSIDTYLFSLYDEDK,AMPlify_non_AMP_train_imbalanced.fa,real_non_amp_amplify,0,trNEGATIVE00168,trNEGATIVE00168,24,0,False
MKYNPRVSSNRRKS,AMPlify_non_AMP_train_imbalanced.fa,real_non_amp_amplify,0,trNEGATIVE00889,trNEGATIVE00889,14,0,False
KPSPDRFYGLM,AMPlify_non_AMP_train_imbalanced.fa,real_non_amp_amplify,0,trNEGATIVE00489,trNEGATIVE00489,11,0,False
SDMYSFGL,AMPlify_non_AMP_train_imbalanced.fa,real_non_amp_amplify,0,trNEGATIVE58731,trNEGATIVE58731,8,0,False
QVNFSTGW,AMPlify_non_AMP_train_imbalanced.fa,real_non_amp_amplify,0,trNEGATIVE20464,trNEGATIVE20464,8,0,False
SAALAGTIIDGASLGFDILNKV,AMPlify_non_AMP_test_imbalanced.fa,real_non_amp_amplify,0,teNEGATIVE00731,teNEGATIVE00731,22,0,False
KHTLPDLPYDFGALQPHISAEIM,AMPlify_non_AMP_train_imbalanced.fa,real_non_amp_amplify,0,trNEGATIVE00575,trNEGATIVE00575,23,0,False
QLWPRPQIPP,AMPlify_non_AMP_train_imbalanced.fa,real_non_amp_amplify,0,trNEGATIVE01477,trNEGATIVE01477,10,0,False
HSDGLFTSEYSKMRGNAQVQKFIQNLM,AMPlify_non_AMP_train_imbalanced.fa,real_non_amp_amplify,0,trNEGATIVE01847,trNEGATIVE01847,27,0,False
TPASGFFGMR,AMPlify_non_AMP_train_imbalanced.fa,real_non_amp_amplify,0,trNEGATIVE64632,trNEGATIVE64632,10,0,False
KPNQDFMRF,AMPlify_non_AMP_train_imbalanced.fa,real_non_amp_amplify,0,trNEGATIVE72273,trNEGATIVE72273,9,0,False
MEHSHWFRKMSSLHQEFVCFLFWPLT,AMPlify_non_AMP_train_imbalanced.fa,real_non_amp_amplify,0,trNEGATIVE02762,trNEGATIVE02762,26,0,False
MNERVKQVASALVDAIQKTLTEQRV,AMPlify_non_AMP_train_imbalanced.fa,real_non_amp_amplify,0,trNEGATIVE00999,trNEGATIVE00999,25,0,False
DDPTSTFTCPGGSDYK,AMPlify_non_AMP_test_imbalanced.fa,real_non_amp_amplify,0,teNEGATIVE00609,teNEGATIVE00609,16,0,False
AESGFQPVVDRKGD,AMPlify_non_AMP_train_imbalanced.fa,real_non_amp_amplify,0,trNEGATIVE03181,trNEGATIVE03181,14,0,False
DEPEYAEAIREYQLKYGKI,AMPlify_non_AMP_train_imbalanced.fa,real_non_amp_amplify,0,trNEGATIVE01564,trNEGATIVE01564,19,0,False
TSTLSWLDEITMEELERNPY,AMPlify_non_AMP_train_imbalanced.fa,real_non_amp_amplify,0,trNEGATIVE02011,trNEGATIVE02011,20,0,False
FHGHTKDSKKNIKK,AMPlify_non_AMP_train_imbalanced.fa,real_non_amp_amplify,0,trNEGATIVE03170,trNEGATIVE03170,14,0,False
MGSLESERFVVDVAASNLDK,AMPlify_non_AMP_train_imbalanced.fa,real_non_amp_amplify,0,trNEGATIVE01294,trNEGATIVE01294,20,0,False
MRAKWRKKRMRRLKRKRRKMRARSK,AMPlify_non_AMP_train_imbalanced.fa,real_non_amp_amplify,0,trNEGATIVE03279,trNEGATIVE03279,25,0,False
ATGWSAFFIDGKWTEAKK,AMPlify_non_AMP_test_imbalanced.fa,real_non_amp_amplify,0,teNEGATIVE00331,teNEGATIVE00331,18,0,False
EITKFPKDQQNLIGQG,AMPlify_non_AMP_train_imbalanced.fa,real_non_amp_amplify,0,trNEGATIVE02783,trNEGATIVE02783,16,0,False
VGTALGSLAEELNGYNRKKGGFSFRF,AMPlify_non_AMP_train_imbalanced.fa,real_non_amp_amplify,0,trNEGATIVE02934,trNEGATIVE02934,26,0,False
DVEKNAPYECGFE,AMPlify_non_AMP_train_imbalanced.fa,real_non_amp_amplify_window,0,trNEGATIVE55928,trNEGATIVE55928,119,35,True
PAELADYDAIIIGTATRYGMMAAQMK,AMPlify_non_AMP_train_imbalanced.fa,real_non_amp_amplify_window,0,trNEGATIVE97903,trNEGATIVE97903,199,62,True
TAIRKCNPRT,AMPlify_non_AMP_train_imbalanced.fa,real_non_amp_amplify,0,trNEGATIVE11093,trNEGATIVE11093,10,0,False
APAPSGGGSAPLAKIYPRGSHWAVGHLM,AMPlify_non_AMP_train_imbalanced.fa,real_non_amp_amplify,0,trNEGATIVE00830,trNEGATIVE00830,28,0,False
PQISRQEYGGLFGPT,AMPlify_non_AMP_test_imbalanced.fa,real_non_amp_amplify,0,teNEGATIVE00762,teNEGATIVE00762,15,0,False
MSDTATRVQKIVVEHLGVESDKVTQE,AMPlify_non_AMP_train_imbalanced.fa,real_non_amp_amplify,0,trNEGATIVE02779,trNEGATIVE02779,26,0,False
TVTPEQDRYLQVKKY,AMPlify_non_AMP_test_imbalanced.fa,real_non_amp_amplify,0,teNEGATIVE00265,teNEGATIVE00265,15,0,False
ATSGPMGWLPVFYRF,AMPlify_non_AMP_train_imbalanced.fa,real_non_amp_amplify,0,trNEGATIVE02650,trNEGATIVE02650,15,0,False
YKVDEDLQGAGGIQSRGYFFFRPRN,AMPlify_non_AMP_train_imbalanced.fa,real_non_amp_amplify,0,trNEGATIVE01008,trNEGATIVE01008,25,0,False
LPLDDLSDT,AMPlify_non_AMP_train_imbalanced.fa,real_non_amp_amplify,0,trNEGATIVE97297,trNEGATIVE97297,9,0,False
SVALQVTVDAVSGSAKEKITAAGTVTELV,AMPlify_non_AMP_train_imbalanced.fa,real_non_amp_amplify,0,trNEGATIVE01572,trNEGATIVE01572,29,0,False
DLLTAIKRVKESMKRRT,AMPlify_non_AMP_train_imbalanced.fa,real_non_amp_amplify,0,trNEGATIVE00842,trNEGATIVE00842,17,0,False
MDIVSIAWAALMVVFSFSLSLVVWGRSGL,AMPlify_non_AMP_train_imbalanced.fa,real_non_amp_amplify,0,trNEGATIVE02531,trNEGATIVE02531,29,0,False
QVIAITGSASGIGAA,AMPlify_non_AMP_train_imbalanced.fa,real_non_amp_amplify,0,trNEGATIVE02377,trNEGATIVE02377,15,0,False
HSEGTFSSDYSKYLDSRRAKDFVQWLMST,AMPlify_non_AMP_train_imbalanced.fa,real_non_amp_amplify,0,trNEGATIVE01282,trNEGATIVE01282,29,0,False
YCQKWMWTCDSKRKCCEDMVCQLWCKKRL,AMPlify_non_AMP_train_imbalanced.fa,real_non_amp_amplify,0,trNEGATIVE01453,trNEGATIVE01453,29,0,False
EAEPHSRI,AMPlify_non_AMP_train_imbalanced.fa,real_non_amp_amplify,0,trNEGATIVE70692,trNEGATIVE70692,8,0,False
AKKTILDLKD,AMPlify_non_AMP_train_imbalanced.fa,real_non_amp_amplify,0,trNEGATIVE31950,trNEGATIVE31950,10,0,False
SIYVGNLSYD,AMPlify_non_AMP_train_imbalanced.fa,real_non_amp_amplify,0,trNEGATIVE02534,trNEGATIVE02534,10,0,False
EDTGTFEEGHGGVR,AMPlify_non_AMP_train_imbalanced.fa,real_non_amp_amplify,0,trNEGATIVE00592,trNEGATIVE00592,14,0,False
AKDNFLRF,AMPlify_non_AMP_test_imbalanced.fa,real_non_amp_amplify,0,teNEGATIVE05814,teNEGATIVE05814,8,0,False
QLTFTPNW,AMPlify_non_AMP_train_imbalanced.fa,real_non_amp_amplify,0,trNEGATIVE39271,trNEGATIVE39271,8,0,False
FDDYGHMRF,AMPlify_non_AMP_train_imbalanced.fa,real_non_amp_amplify,0,trNEGATIVE02736,trNEGATIVE02736,9,0,False
AGEPANNEDRFNY,AMPlify_non_AMP_train_imbalanced.fa,real_non_amp_amplify,0,trNEGATIVE02427,trNEGATIVE02427,13,0,False
ARGPQLRLRF,AMPlify_non_AMP_test_imbalanced.fa,real_non_amp_amplify,0,teNEGATIVE00701,teNEGATIVE00701,10,0,False
MGLQQEISLQPWCHHPAESCQTTT,AMPlify_non_AMP_test_imbalanced.fa,real_non_amp_amplify_window,0,teNEGATIVE23526,teNEGATIVE23526,181,0,True
GYEDEDEDRPFYALGLGKRPRTYSFGL,AMPlify_non_AMP_train_imbalanced.fa,real_non_amp_amplify,0,trNEGATIVE00544,trNEGATIVE00544,27,0,False
MDETIVTDKGVAEFSFFKF,AMPlify_non_AMP_train_imbalanced.fa,real_non_amp_amplify,0,trNEGATIVE03024,trNEGATIVE03024,19,0,False
LRLDLSNLR,AMPlify_non_AMP_test_imbalanced.fa,real_non_amp_amplify,0,teNEGATIVE13307,teNEGATIVE13307,9,0,False
CCGPTACIAGCKPCC,AMPlify_non_AMP_train_imbalanced.fa,real_non_amp_amplify,0,trNEGATIVE00466,trNEGATIVE00466,15,0,False
LKMGVVLFIFLVLFTLA,AMPlify_non_AMP_train_imbalanced.fa,real_non_amp_amplify_window,0,trNEGATIVE08747,trNEGATIVE08747,71,1,True
KCCMRPICTCPCCIG,AMPlify_non_AMP_train_imbalanced.fa,real_non_amp_amplify,0,trNEGATIVE02986,trNEGATIVE02986,15,0,False
MSDINTARLPLSSPMLLPCVGDDILMV,AMPlify_non_AMP_train_imbalanced.fa,real_non_amp_amplify,0,trNEGATIVE01178,trNEGATIVE01178,27,0,False
CPRRRVCIRCSQHH,AMPlify_non_AMP_train_imbalanced.fa,real_non_amp_amplify_window,0,trNEGATIVE88509,trNEGATIVE88509,103,89,True
AQVESVCPGVVSC,AMPlify_non_AMP_train_imbalanced.fa,real_non_amp_amplify,0,trNEGATIVE03179,trNEGATIVE03179,13,0,False
MNRLKEIFQKEITPALVSKF,AMPlify_non_AMP_test_imbalanced.fa,real_non_amp_amplify,0,teNEGATIVE00241,teNEGATIVE00241,20,0,False
EIQNAGLYAILR,AMPlify_non_AMP_train_imbalanced.fa,real_non_amp_amplify,0,trNEGATIVE02606,trNEGATIVE02606,12,0,False
MYSYIYKALLYHGYEKFDLDIWEYFNK,AMPlify_non_AMP_train_imbalanced.fa,real_non_amp_amplify,0,trNEGATIVE01896,trNEGATIVE01896,27,0,False
NFDEIDRSGFGFN,AMPlify_non_AMP_train_imbalanced.fa,real_non_amp_amplify,0,trNEGATIVE02735,trNEGATIVE02735,13,0,False
DSVGSTTAHKQQNINHLLDK,AMPlify_non_AMP_train_imbalanced.fa,real_non_amp_amplify,0,trNEGATIVE03186,trNEGATIVE03186,20,0,False
IVGGTEVTPGEIPYQLSLQD,AMPlify_non_AMP_test_imbalanced.fa,real_non_amp_amplify,0,teNEGATIVE00409,teNEGATIVE00409,20,0,False
VIGGVECDINEHRFL,AMPlify_non_AMP_train_imbalanced.fa,real_non_amp_amplify,0,trNEGATIVE02799,trNEGATIVE02799,15,0,False
GGGSSGETNGMWFGPRL,AMPlify_non_AMP_train_imbalanced.fa,real_non_amp_amplify,0,trNEGATIVE01044,trNEGATIVE01044,17,0,False
MWYLLWFVGILLMCSLSTLVLVWLDPRLKS,AMPlify_non_AMP_train_imbalanced.fa,real_non_amp_amplify,0,trNEGATIVE00265,trNEGATIVE00265,30,0,False
VYGMLFKFL,AMPlify_non_AMP_test_imbalanced.fa,real_non_amp_amplify,0,teNEGATIVE22906,teNEGATIVE22906,9,0,False
MMISTFHDGQLRFSNVYRLTLMIFRL,AMPlify_non_AMP_test_imbalanced.fa,real_non_amp_amplify,0,teNEGATIVE00230,teNEGATIVE00230,26,0,False
MDLSRIPPQPKAGILNVLIEIPAGS,AMPlify_non_AMP_train_imbalanced.fa,real_non_amp_amplify,0,trNEGATIVE00800,trNEGATIVE00800,25,0,False
MGIIYLILFLIVIYLLYRILDVLEQK,AMPlify_non_AMP_train_imbalanced.fa,real_non_amp_amplify,0,trNEGATIVE00682,trNEGATIVE00682,26,0,False
GAKERNNAEAVRERLEEI,AMPlify_non_AMP_train_imbalanced.fa,real_non_amp_amplify,0,trNEGATIVE01710,trNEGATIVE01710,18,0,False
KNGTVKWFNAEKGFGFITSED,AMPlify_non_AMP_train_imbalanced.fa,real_non_amp_amplify,0,trNEGATIVE02718,trNEGATIVE02718,21,0,False
GGSSGLISVPRV,AMPlify_non_AMP_train_imbalanced.fa,real_non_amp_amplify,0,trNEGATIVE01198,trNEGATIVE01198,12,0,False
STHTSDFLKL,AMPlify_non_AMP_train_imbalanced.fa,real_non_amp_amplify,0,trNEGATIVE00757,trNEGATIVE00757,10,0,False
IGSFIINPR,AMPlify_non_AMP_train_imbalanced.fa,real_non_amp_amplify,0,trNEGATIVE37155,trNEGATIVE37155,9,0,False
VTIGPVCELPKEVGGPCRGHIIPRY,AMPlify_non_AMP_test_imbalanced.fa,real_non_amp_amplify,0,teNEGATIVE00456,teNEGATIVE00456,25,0,False
VVGGDECNINEHPFLV,AMPlify_non_AMP_train_imbalanced.fa,real_non_amp_amplify,0,trNEGATIVE01277,trNEGATIVE01277,16,0,False
VEWSDSERKTLVSVWGKI,AMPlify_non_AMP_train_imbalanced.fa,real_non_amp_amplify,0,trNEGATIVE00048,trNEGATIVE00048,18,0,False
VHGNKGADAALAALEVLDLFDRAL,AMPlify_non_AMP_train_imbalanced.fa,real_non_amp_amplify_window,0,trNEGATIVE29167,trNEGATIVE29167,164,130,True
TPLWSLMQDLMM,AMPlify_non_AMP_train_imbalanced.fa,real_non_amp_amplify,0,trNEGATIVE01790,trNEGATIVE01790,12,0,False
IILELAAVDSASGKLLINGNFK,AMPlify_non_AMP_train_imbalanced.fa,real_non_amp_amplify,0,trNEGATIVE01504,trNEGATIVE01504,22,0,False
AFNLRNRNFLKLLDFTPREIQYMIDLAIDL,AMPlify_non_AMP_train_imbalanced.fa,real_non_amp_amplify,0,trNEGATIVE02353,trNEGATIVE02353,30,0,False
RDLFEKKLELHQGHLV,AMPlify_non_AMP_train_imbalanced.fa,real_non_amp_amplify_window,0,trNEGATIVE16241,trNEGATIVE16241,173,57,True
DGGEPAAPLWFGPRV,AMPlify_non_AMP_train_imbalanced.fa,real_non_amp_amplify,0,trNEGATIVE00335,trNEGATIVE00335,15,0,False
MDIISLGWAGLMTMFTFSLALVVWARNGF,AMPlify_non_AMP_train_imbalanced.fa,real_non_amp_amplify,0,trNEGATIVE01845,trNEGATIVE01845,29,0,False
FGNQQQLKSVADIVINHR,AMPlify_non_AMP_train_imbalanced.fa,real_non_amp_amplify,0,trNEGATIVE02402,trNEGATIVE02402,18,0,False
GSLVKLVSTLLSLVPSLMKG,AMPlify_non_AMP_train_imbalanced.fa,real_non_amp_amplify,0,trNEGATIVE03147,trNEGATIVE03147,20,0,False
SAPAAAAPANSAEDVQQTKANLIAQ,AMPlify_non_AMP_train_imbalanced.fa,real_non_amp_amplify_window,0,trNEGATIVE65261,trNEGATIVE65261,108,6,True
KLQLPTLDDPVPIGIAPAIT,AMPlify_non_AMP_train_imbalanced.fa,real_non_amp_amplify,0,trNEGATIVE02462,trNEGATIVE02462,20,0,False
IEYPRDARYHSPLLFTV,AMPlify_non_AMP_train_imbalanced.fa,real_non_amp_amplify_window,0,trNEGATIVE100661,trNEGATIVE100661,128,69,True
GKEGYPTDKRGCKLTCFFT,AMPlify_non_AMP_train_imbalanced.fa,real_non_amp_amplify,0,trNEGATIVE00458,trNEGATIVE00458,19,0,False
INWKAIIEAAKQAL,AMPlify_non_AMP_train_imbalanced.fa,real_non_amp_amplify,0,trNEGATIVE02890,trNEGATIVE02890,14,0,False
YDGTNCKPGVCWEPKPGY,AMPlify_non_AMP_train_imbalanced.fa,real_non_amp_amplify,0,trNEGATIVE01150,trNEGATIVE01150,18,0,False
TNTPEDDRYLQDYVYI,AMPlify_non_AMP_train_imbalanced.fa,real_non_amp_amplify,0,trNEGATIVE03148,trNEGATIVE03148,16,0,False
KKDGYLVNKYTGCKVNCYKLGENKFCNRE,AMPlify_non_AMP_train_imbalanced.fa,real_non_amp_amplify,0,trNEGATIVE02273,trNEGATIVE02273,29,0,False
PAPDSSFLRDP,AMPlify_non_AMP_train_imbalanced.fa,real_non_amp_amplify,0,trNEGATIVE01319,trNEGATIVE01319,11,0,False
MDIISIGWVSLMVVFTFSISLVVWGRSGL,AMPlify_non_AMP_test_imbalanced.fa,real_non_amp_amplify,0,teNEGATIVE00033,teNEGATIVE00033,29,0,False
ESGGSGEANGMWFGPRL,AMPlify_non_AMP_train_imbalanced.fa,real_non_amp_amplify,0,trNEGATIVE01093,trNEGATIVE01093,17,0,False
CYIQNCPRGGKRSYPDTAVPQCIPCGP,AMPlify_non_AMP_test_imbalanced.fa,real_non_amp_amplify,0,teNEGATIVE00137,teNEGATIVE00137,27,0,False
APVPGGQGTVLDKMYPRGNHWAVGHLM,AMPlify_non_AMP_train_imbalanced.fa,real_non_amp_amplify,0,trNEGATIVE02481,trNEGATIVE02481,27,0,False
RIKIGLFDQLSRL,AMPlify_non_AMP_train_imbalanced.fa,real_non_amp_amplify,0,trNEGATIVE02093,trNEGATIVE02093,13,0,False
MSHTVKIYD,AMPlify_non_AMP_test_imbalanced.fa,real_non_amp_amplify,0,teNEGATIVE00043,teNEGATIVE00043,9,0,False
CCSQDCRVCIPCCPY,AMPlify_non_AMP_train_imbalanced.fa,real_non_amp_amplify,0,trNEGATIVE01390,trNEGATIVE01390,15,0,False
AEVTLSALEQLGASEVDLVTLKQAGLVGE,AMPlify_non_AMP_train_imbalanced.fa,real_non_amp_amplify_window,0,trNEGATIVE05067,trNEGATIVE05067,143,74,True
KGDIMVFPR,AMPlify_non_AMP_train_imbalanced.fa,real_non_amp_amplify,0,trNEGATIVE02447,trNEGATIVE02447,9,0,False
MEKGYYDLES,AMPlify_non_AMP_test_imbalanced.fa,real_non_amp_amplify,0,teNEGATIVE00488,teNEGATIVE00488,10,0,False
SEDCTPWTATPITVLAGCRDYVGEQ,AMPlify_non_AMP_train_imbalanced.fa,real_non_amp_amplify,0,trNEGATIVE03182,trNEGATIVE03182,25,0,False
MSGGYSNGFALLVVLFILLIIVGAAYIY,AMPlify_non_AMP_train_imbalanced.fa,real_non_amp_amplify,0,trNEGATIVE01229,trNEGATIVE01229,28,0,False
MEFSPRAAELTTLLESRISNFYTNI,AMPlify_non_AMP_train_imbalanced.fa,real_non_amp_amplify,0,trNEGATIVE00503,trNEGATIVE00503,25,0,False
FFVPPAFFPP,AMPlify_non_AMP_test_imbalanced.fa,real_non_amp_amplify,0,teNEGATIVE00736,teNEGATIVE00736,10,0,False
MSDIEQRIKQAVAEQLGMRAEEIKNE,AMPlify_non_AMP_train_imbalanced.fa,real_non_amp_amplify,0,trNEGATIVE02046,trNEGATIVE02046,26,0,False
LTCYKGYRDTV,AMPlify_non_AMP_train_imbalanced.fa,real_non_amp_amplify,0,trNEGATIVE00284,trNEGATIVE00284,11,0,False
AKTFKYIILG,AMPlify_non_AMP_test_imbalanced.fa,real_non_amp_amplify,0,teNEGATIVE00635,teNEGATIVE00635,10,0,False
GPSAFLRL,AMPlify_non_AMP_train_imbalanced.fa,real_non_amp_amplify,0,trNEGATIVE41398,trNEGATIVE41398,8,0,False
FENKVPEKQKLFQEDNGIPVHLKG,AMPlify_non_AMP_train_imbalanced.fa,real_non_amp_amplify,0,trNEGATIVE02128,trNEGATIVE02128,24,0,False
SRNKSVEIDISSE,AMPlify_non_AMP_train_imbalanced.fa,real_non_amp_amplify_window,0,trNEGATIVE03589,trNEGATIVE03589,124,94,True
ACCVYKICYPC,AMPlify_non_AMP_train_imbalanced.fa,real_non_amp_amplify,0,trNEGATIVE03025,trNEGATIVE03025,11,0,False
MTRVQFKHHHHHHHPD,AMPlify_non_AMP_test_imbalanced.fa,real_non_amp_amplify,0,teNEGATIVE00334,teNEGATIVE00334,16,0,False
NGRCCHPACARKYNC,AMPlify_non_AMP_test_imbalanced.fa,real_non_amp_amplify,0,teNEGATIVE00302,teNEGATIVE00302,15,0,False
AKLDFDRSKEHVNVGTIGVH,AMPlify_non_AMP_train_imbalanced.fa,real_non_amp_amplify,0,trNEGATIVE01005,trNEGATIVE01005,20,0,False
IKVIQRGKVRRAKLYYLRDR,AMPlify_non_AMP_test_imbalanced.fa,real_non_amp_amplify_window,0,teNEGATIVE20538,teNEGATIVE20538,120,85,True
RNEEERLINHLFKERGYNKELRPAQT,AMPlify_non_AMP_test_imbalanced.fa,real_non_amp_amplify,0,teNEGATIVE00088,teNEGATIVE00088,26,0,False
TDVGFDGWR,AMPlify_non_AMP_train_imbalanced.fa,real_non_amp_amplify,0,trNEGATIVE98517,trNEGATIVE98517,9,0,False
DSDSAQNLIG,AMPlify_non_AMP_train_imbalanced.fa,real_non_amp_amplify,0,trNEGATIVE00338,trNEGATIVE00338,10,0,False
MKRSYKTLPTYFFSFFGPFKERAVFLLVL,AMPlify_non_AMP_train_imbalanced.fa,real_non_amp_amplify,0,trNEGATIVE01159,trNEGATIVE01159,29,0,False
EQFEDYGHMRF,AMPlify_non_AMP_test_imbalanced.fa,real_non_amp_amplify,0,teNEGATIVE00446,teNEGATIVE00446,11,0,False
EGCCSNPACRTNHPEVCD,AMPlify_non_AMP_train_imbalanced.fa,real_non_amp_amplify,0,trNEGATIVE01172,trNEGATIVE01172,18,0,False
AAVSLLQNKLAYDGFLSK,AMPlify_non_AMP_train_imbalanced.fa,real_non_amp_amplify,0,trNEGATIVE02283,trNEGATIVE02283,18,0,False
GGPYSYGL,AMPlify_non_AMP_train_imbalanced.fa,real_non_amp_amplify,0,trNEGATIVE63658,trNEGATIVE63658,8,0,False
GCCSDPRCKHEC,AMPlify_non_AMP_test_imbalanced.fa,real_non_amp_amplify,0,teNEGATIVE00510,teNEGATIVE00510,12,0,False
GCCSPWNCIQLRACGCC,AMPlify_non_AMP_test_imbalanced.fa,real_non_amp_amplify,0,teNEGATIVE00135,teNEGATIVE00135,17,0,False
SVNTKNDFMRF,AMPlify_non_AMP_train_imbalanced.fa,real_non_amp_amplify,0,trNEGATIVE02108,trNEGATIVE02108,11,0,False
MDSVTIAWAALMAISTFSLSLVVRGRSGL,AMPlify_non_AMP_train_imbalanced.fa,real_non_amp_amplify,0,trNEGATIVE02382,trNEGATIVE02382,29,0,False
KCCMRPICMCPCC,AMPlify_non_AMP_train_imbalanced.fa,real_non_amp_amplify,0,trNEGATIVE01181,trNEGATIVE01181,13,0,False
RCCGEGASCPRYFRNSQICSCC,AMPlify_non_AMP_train_imbalanced.fa,real_non_amp_amplify,0,trNEGATIVE02746,trNEGATIVE02746,22,0,False
MLIGEAVLAVVTVAVVAYLTYVMMYPTRF,AMPlify_non_AMP_train_imbalanced.fa,real_non_amp_amplify,0,trNEGATIVE01444,trNEGATIVE01444,29,0,False
IVGGTEVTPGEIPYQLSFQD,AMPlify_non_AMP_train_imbalanced.fa,real_non_amp_amplify,0,trNEGATIVE01364,trNEGATIVE01364,20,0,False
MYAFSYSTPRTLDEVSAAS,AMPlify_non_AMP_train_imbalanced.fa,real_non_amp_amplify,0,trNEGATIVE01002,trNEGATIVE01002,19,0,False
MSSSHIFIGETIGT,AMPlify_non_AMP_train_imbalanced.fa,real_non_amp_amplify,0,trNEGATIVE01305,trNEGATIVE01305,14,0,False
LHSNLEYQYRYSGRVASGIP,AMPlify_non_AMP_train_imbalanced.fa,real_non_amp_amplify,0,trNEGATIVE01281,trNEGATIVE01281,20,0,False
VSCEDCPDHCSTQKARAKCDNDKCVCEPK,AMPlify_non_AMP_train_imbalanced.fa,real_non_amp_amplify,0,trNEGATIVE00563,trNEGATIVE00563,29,0,False
QGCCNVPNGCSGRWCRDHAQCC,AMPlify_non_AMP_train_imbalanced.fa,real_non_amp_amplify,0,trNEGATIVE02156,trNEGATIVE02156,22,0,False
QTFHYSQGWTN,AMPlify_non_AMP_train_imbalanced.fa,real_non_amp_amplify,0,trNEGATIVE01835,trNEGATIVE01835,11,0,False
MVKTVAVMVGSLRKDSLAHKLMKVLQK,AMPlify_non_AMP_train_imbalanced.fa,real_non_amp_amplify,0,trNEGATIVE03300,trNEGATIVE03300,27,0,False
MRFYFYSQAVDESGVTR,AMPlify_non_AMP_train_imbalanced.fa,real_non_amp_amplify,0,trNEGATIVE01560,trNEGATIVE01560,17,0,False
ATRGAKVSFGEFGLKAI,AMPlify_non_AMP_train_imbalanced.fa,real_non_amp_amplify_window,0,trNEGATIVE96269,trNEGATIVE96269,138,20,True
GAVPAAQFSPRL,AMPlify_non_AMP_train_imbalanced.fa,real_non_amp_amplify,0,trNEGATIVE02479,trNEGATIVE02479,12,0,False
MIYSTEVVNMNM,AMPlify_non_AMP_train_imbalanced.fa,real_non_amp_amplify,0,trNEGATIVE00880,trNEGATIVE00880,12,0,False
GLLGLGYGGY,AMPlify_non_AMP_test_imbalanced.fa,real_non_amp_amplify,0,teNEGATIVE14590,teNEGATIVE14590,10,0,False
DPAFRLPTTTRPRHYQAAIPDFSAGA,AMPlify_non_AMP_train_imbalanced.fa,real_non_amp_amplify,0,trNEGATIVE00613,trNEGATIVE00613,26,0,False
VVNGKPTRTNVGRMVSLKYRNKHI,AMPlify_non_AMP_train_imbalanced.fa,real_non_amp_amplify,0,trNEGATIVE02280,trNEGATIVE02280,24,0,False
GRAENFLRL,AMPlify_non_AMP_train_imbalanced.fa,real_non_amp_amplify,0,trNEGATIVE17795,trNEGATIVE17795,9,0,False
IRCTGSKECYSPSY,AMPlify_non_AMP_train_imbalanced.fa,real_non_amp_amplify,0,trNEGATIVE00299,trNEGATIVE00299,14,0,False
KGFMTPERAAEFNFR,AMPlify_non_AMP_train_imbalanced.fa,real_non_amp_amplify,0,trNEGATIVE02503,trNEGATIVE02503,15,0,False
MTPPENKNLVQENKELIQEVLKA,AMPlify_non_AMP_train_imbalanced.fa,real_non_amp_amplify,0,trNEGATIVE01207,trNEGATIVE01207,23,0,False
RGSNLTIHPLRNIRDIFYVGNITIG,AMPlify_non_AMP_train_imbalanced.fa,real_non_amp_amplify,0,trNEGATIVE02979,trNEGATIVE02979,25,0,False
MNLVDIAILILKLIVAALQLLDAVLKYLK,AMPlify_non_AMP_train_imbalanced.fa,real_non_amp_amplify,0,trNEGATIVE02881,trNEGATIVE02881,29,0,False
GTLIGQDYK,AMPlify_non_AMP_train_imbalanced.fa,real_non_amp_amplify,0,trNEGATIVE11808,trNEGATIVE11808,9,0,False
VRYADENVRTKEAKKK,AMPlify_non_AMP_train_imbalanced.fa,real_non_amp_amplify,0,trNEGATIVE01595,trNEGATIVE01595,16,0,False
GVDSSFLRL,AMPlify_non_AMP_train_imbalanced.fa,real_non_amp_amplify,0,trNEGATIVE00205,trNEGATIVE00205,9,0,False
WTFGQGTKVEIK,AMPlify_non_AMP_test_imbalanced.fa,real_non_amp_amplify,0,teNEGATIVE00522,teNEGATIVE00522,12,0,False
MKKARRSPSRRKGARLWYVGGSQF,AMPlify_non_AMP_test_imbalanced.fa,real_non_amp_amplify,0,teNEGATIVE00374,teNEGATIVE00374,24,0,False
VWDETSIYRPFCSKRCQLIDLGEWA,AMPlify_non_AMP_train_imbalanced.fa,real_non_amp_amplify_window,0,trNEGATIVE41829,trNEGATIVE41829,64,17,True
DDNGKPYVLPSVRTCGFDFTGAVEDISK,AMPlify_non_AMP_train_imbalanced.fa,real_non_amp_amplify,0,trNEGATIVE02138,trNEGATIVE02138,28,0,False
SGADTTFLTK,AMPlify_non_AMP_train_imbalanced.fa,real_non_amp_amplify,0,trNEGATIVE22460,trNEGATIVE22460,10,0,False
EVVRSNNFDPSKLSGKWYSILLASDRKE,AMPlify_non_AMP_train_imbalanced.fa,real_non_amp_amplify,0,trNEGATIVE00667,trNEGATIVE00667,28,0,False
MSFSKFHCGKLMSLKLADLRTMFEALEK,AMPlify_non_AMP_train_imbalanced.fa,real_non_amp_amplify,0,trNEGATIVE02293,trNEGATIVE02293,28,0,False
FQYDSQYDGF,AMPlify_non_AMP_test_imbalanced.fa,real_non_amp_amplify,0,teNEGATIVE22838,teNEGATIVE22838,10,0,False
VSDSQNSQDGLDPE,AMPlify_non_AMP_train_imbalanced.fa,real_non_amp_amplify,0,trNEGATIVE02878,trNEGATIVE02878,14,0,False
AYVSQSGAPWGLGRISHK,AMPlify_non_AMP_train_imbalanced.fa,real_non_amp_amplify,0,trNEGATIVE01591,trNEGATIVE01591,18,0,False
CLIQDCPEG,AMPlify_non_AMP_train_imbalanced.fa,real_non_amp_amplify,0,trNEGATIVE28613,trNEGATIVE28613,9,0,False
MYFHSFLDTFSKYLGSTSCPLLRLSR,AMPlify_non_AMP_train_imbalanced.fa,real_non_amp_amplify,0,trNEGATIVE02607,trNEGATIVE02607,26,0,False
TDVKESEFIAEGAVGR,AMPlify_non_AMP_test_imbalanced.fa,real_non_amp_amplify,0,teNEGATIVE00594,teNEGATIVE00594,16,0,False
APQEPNQFQLLKYH,AMPlify_non_AMP_test_imbalanced.fa,real_non_amp_amplify,0,teNEGATIVE00377,teNEGATIVE00377,14,0,False
CCDWDWCDHICTCCGG,AMPlify_non_AMP_train_imbalanced.fa,real_non_amp_amplify,0,trNEGATIVE02040,trNEGATIVE02040,16,0,False
DEVKIVLD,AMPlify_non_AMP_test_imbalanced.fa,real_non_amp_amplify,0,teNEGATIVE20270,teNEGATIVE20270,8,0,False
RGSNLTTHPLRNIKDLVVYM,AMPlify_non_AMP_train_imbalanced.fa,real_non_amp_amplify,0,trNEGATIVE01353,trNEGATIVE01353,20,0,False
MKKPVLKPFASLEIKVDPPITIGETSLGLR,AMPlify_non_AMP_train_imbalanced.fa,real_non_amp_amplify,0,trNEGATIVE01786,trNEGATIVE01786,30,0,False
MAPRGFSCLLLLTSEIDLPVKRRA,AMPlify_non_AMP_train_imbalanced.fa,real_non_amp_amplify,0,trNEGATIVE02086,trNEGATIVE02086,24,0,False
FLTVLGNDKEVENTFKALDKA,AMPlify_non_AMP_train_imbalanced.fa,real_non_amp_amplify_window,0,trNEGATIVE78801,trNEGATIVE78801,116,49,True
SGLLINQPKYSWLKELGL,AMPlify_non_AMP_train_imbalanced.fa,real_non_amp_amplify,0,trNEGATIVE00315,trNEGATIVE00315,18,0,False
APLTNEYLNHLCHKC,AMPlify_non_AMP_train_imbalanced.fa,real_non_amp_amplify,0,trNEGATIVE03033,trNEGATIVE03033,15,0,False
RIPSTEEVVVRTESG,AMPlify_non_AMP_test_imbalanced.fa,real_non_amp_amplify,0,teNEGATIVE00277,teNEGATIVE00277,15,0,False
DTARLQWH,AMPlify_non_AMP_train_imbalanced.fa,real_non_amp_amplify,0,trNEGATIVE30487,trNEGATIVE30487,8,0,False
SVIELGKMILQETGKNPVTHYGA,AMPlify_non_AMP_train_imbalanced.fa,real_non_amp_amplify,0,trNEGATIVE00263,trNEGATIVE00263,23,0,False
MALPSALWWPG,AMPlify_non_AMP_train_imbalanced.fa,real_non_amp_amplify,0,trNEGATIVE01013,trNEGATIVE01013,11,0,False
APVMGFQGMR,AMPlify_non_AMP_train_imbalanced.fa,real_non_amp_amplify,0,trNEGATIVE25430,trNEGATIVE25430,10,0,False
RPPGWSPFR,AMPlify_non_AMP_train_imbalanced.fa,real_non_amp_amplify,0,trNEGATIVE52925,trNEGATIVE52925,9,0,False
MKLLCWQKSIHGS,AMPlify_non_AMP_train_imbalanced.fa,real_non_amp_amplify,0,trNEGATIVE00184,trNEGATIVE00184,13,0,False
MVSEAIAALKEREGSSEFAIGKKKE,AMPlify_non_AMP_train_imbalanced.fa,real_non_amp_amplify,0,trNEGATIVE00123,trNEGATIVE00123,25,0,False
ECCRYVDCRRGCTPCC,AMPlify_non_AMP_train_imbalanced.fa,real_non_amp_amplify,0,trNEGATIVE01599,trNEGATIVE01599,16,0,False
HVGGDECNINEHRSLVAIFVFTEFF,AMPlify_non_AMP_train_imbalanced.fa,real_non_amp_amplify,0,trNEGATIVE01626,trNEGATIVE01626,25,0,False
GGGGGSGETSGMWFGPRL,AMPlify_non_AMP_train_imbalanced.fa,real_non_amp_amplify,0,trNEGATIVE03296,trNEGATIVE03296,18,0,False
APVAQEGN,AMPlify_non_AMP_test_imbalanced.fa,real_non_amp_amplify,0,teNEGATIVE06726,teNEGATIVE06726,8,0,False
MDIVSFAWAALMVVFTFSLSLVVWGRSGL,AMPlify_non_AMP_train_imbalanced.fa,real_non_amp_amplify,0,trNEGATIVE01787,trNEGATIVE01787,29,0,False
PAEEKGDDVSNNGVQNQGYKS,AMPlify_non_AMP_train_imbalanced.fa,real_non_amp_amplify_window,0,trNEGATIVE83876,trNEGATIVE83876,97,68,True
MISDTQIFVALILALFSFVLAIRLGTSLY,AMPlify_non_AMP_train_imbalanced.fa,real_non_amp_amplify,0,trNEGATIVE00183,trNEGATIVE00183,29,0,False
DQGFNSWG,AMPlify_non_AMP_train_imbalanced.fa,real_non_amp_amplify,0,trNEGATIVE72481,trNEGATIVE72481,8,0,False
EAAGLLPFPRL,AMPlify_non_AMP_train_imbalanced.fa,real_non_amp_amplify,0,trNEGATIVE00972,trNEGATIVE00972,11,0,False
SVAALAAQGLLYNAPK,AMPlify_non_AMP_test_imbalanced.fa,real_non_amp_amplify,0,teNEGATIVE00428,teNEGATIVE00428,16,0,False
QGCCGEPNLCFTRWCRNNARCCRQQ,AMPlify_non_AMP_train_imbalanced.fa,real_non_amp_amplify,0,trNEGATIVE01071,trNEGATIVE01071,25,0,False
QVTFSRDWSP,AMPlify_non_AMP_train_imbalanced.fa,real_non_amp_amplify,0,trNEGATIVE02235,trNEGATIVE02235,10,0,False
GVYVIEEDVATYTIK,AMPlify_non_AMP_test_imbalanced.fa,real_non_amp_amplify,0,teNEGATIVE00451,teNEGATIVE00451,15,0,False
QERRQSPE,AMPlify_non_AMP_test_imbalanced.fa,real_non_amp_amplify,0,teNEGATIVE22521,teNEGATIVE22521,8,0,False
SHGSHETDEEF,AMPlify_non_AMP_train_imbalanced.fa,real_non_amp_amplify,0,trNEGATIVE00223,trNEGATIVE00223,11,0,False
LGIYSDAGTQTCSK,AMPlify_non_AMP_train_imbalanced.fa,real_non_amp_amplify,0,trNEGATIVE01561,trNEGATIVE01561,14,0,False
QKVAVRLKEVVYTLSPHQQN,AMPlify_non_AMP_train_imbalanced.fa,real_non_amp_amplify,0,trNEGATIVE00535,trNEGATIVE00535,20,0,False
VVGADNCNFN,AMPlify_non_AMP_test_imbalanced.fa,real_non_amp_amplify,0,teNEGATIVE00629,teNEGATIVE00629,10,0,False
GGNKGKQMQDQSGQHPQVIQT,AMPlify_non_AMP_train_imbalanced.fa,real_non_amp_amplify_window,0,trNEGATIVE15507,trNEGATIVE15507,47,23,True
DRVYVHPFSL,AMPlify_non_AMP_train_imbalanced.fa,real_non_amp_amplify,0,trNEGATIVE30746,trNEGATIVE30746,10,0,False
AFLTLTPGSHVDSYVEA,AMPlify_non_AMP_train_imbalanced.fa,real_non_amp_amplify,0,trNEGATIVE01134,trNEGATIVE01134,17,0,False
MRLKELFDAQMEYFGEVFEKTEWPYW,AMPlify_non_AMP_test_imbalanced.fa,real_non_amp_amplify,0,teNEGATIVE00237,teNEGATIVE00237,26,0,False
QQGEGGPYGGLSPLRFS,AMPlify_non_AMP_train_imbalanced.fa,real_non_amp_amplify,0,trNEGATIVE02245,trNEGATIVE02245,17,0,False
AGLPPEEKPKLCDAACE,AMPlify_non_AMP_train_imbalanced.fa,real_non_amp_amplify,0,trNEGATIVE02272,trNEGATIVE02272,17,0,False
DKNKKPIWMAGFPGFTPIR,AMPlify_non_AMP_train_imbalanced.fa,real_non_amp_amplify,0,trNEGATIVE01998,trNEGATIVE01998,19,0,False
SLVQFEMMIMEVAKRSGLLWYSA,AMPlify_non_AMP_train_imbalanced.fa,real_non_amp_amplify,0,trNEGATIVE03130,trNEGATIVE03130,23,0,False
DRVYIHPF,AMPlify_non_AMP_train_imbalanced.fa,real_non_amp_amplify,0,trNEGATIVE72941,trNEGATIVE72941,8,0,False
ASSGLISMPRV,AMPlify_non_AMP_train_imbalanced.fa,real_non_amp_amplify,0,trNEGATIVE01585,trNEGATIVE01585,11,0,False
ESAGLIPFPRV,AMPlify_non_AMP_train_imbalanced.fa,real_non_amp_amplify,0,trNEGATIVE02034,trNEGATIVE02034,11,0,False
HPIQNLFQPSLVLDM,AMPlify_non_AMP_train_imbalanced.fa,real_non_amp_amplify,0,trNEGATIVE03242,trNEGATIVE03242,15,0,False
EITVEPVRHPKKDPSEAE,AMPlify_non_AMP_train_imbalanced.fa,real_non_amp_amplify,0,trNEGATIVE01996,trNEGATIVE01996,18,0,False
RHHRKRIGHTIKQLAKLVKHIHEY,AMPlify_non_AMP_test_imbalanced.fa,real_non_amp_amplify,0,teNEGATIVE00132,teNEGATIVE00132,24,0,False
GFKDGAADRISHGF,AMPlify_non_AMP_train_imbalanced.fa,real_non_amp_amplify,0,trNEGATIVE01638,trNEGATIVE01638,14,0,False
EGGGNRGDPSGVC,AMPlify_non_AMP_train_imbalanced.fa,real_non_amp_amplify,0,trNEGATIVE01744,trNEGATIVE01744,13,0,False
MTQRPWSKLQRKTHNIAALKIIARRSE,AMPlify_non_AMP_train_imbalanced.fa,real_non_amp_amplify,0,trNEGATIVE02219,trNEGATIVE02219,27,0,False
LDEFRVYSDDANKYKISIPQD,AMPlify_non_AMP_train_imbalanced.fa,real_non_amp_amplify,0,trNEGATIVE02741,trNEGATIVE02741,21,0,False
KRNGCCNCSSKWCRDHSRCCGR,AMPlify_non_AMP_train_imbalanced.fa,real_non_amp_amplify,0,trNEGATIVE00632,trNEGATIVE00632,22,0,False
DVHSNTGIFGIHTS,AMPlify_non_AMP_train_imbalanced.fa,real_non_amp_amplify,0,trNEGATIVE00259,trNEGATIVE00259,14,0,False
GAAILTNDNAMDALQDL,AMPlify_non_AMP_train_imbalanced.fa,real_non_amp_amplify,0,trNEGATIVE02303,trNEGATIVE02303,17,0,False
GGGGSGETSGMWFGPRL,AMPlify_non_AMP_train_imbalanced.fa,real_non_amp_amplify,0,trNEGATIVE02676,trNEGATIVE02676,17,0,False
MDAVLSVQGASAPVKKKSFFS,AMPlify_non_AMP_test_imbalanced.fa,real_non_amp_amplify,0,teNEGATIVE00714,teNEGATIVE00714,21,0,False
VGGLIAYDNIEISQIPVGDGVTLC,AMPlify_non_AMP_train_imbalanced.fa,real_non_amp_amplify,0,trNEGATIVE00541,trNEGATIVE00541,24,0,False
MKKSIRRSGGKSKGARLWYVGGTQY,AMPlify_non_AMP_train_imbalanced.fa,real_non_amp_amplify,0,trNEGATIVE02127,trNEGATIVE02127,25,0,False
QGGWPRNPIPP,AMPlify_non_AMP_train_imbalanced.fa,real_non_amp_amplify,0,trNEGATIVE00617,trNEGATIVE00617,11,0,False
HSDAVFTDSYTRLLKQMAMRKYLDSILN,AMPlify_non_AMP_train_imbalanced.fa,real_non_amp_amplify,0,trNEGATIVE00699,trNEGATIVE00699,28,0,False
MNNPVCLDDWLIGFKSLCCTLAVIALLII,AMPlify_non_AMP_train_imbalanced.fa,real_non_amp_amplify,0,trNEGATIVE00910,trNEGATIVE00910,29,0,False
MDIITFGWVAVAAFFALSIAFVVWGRNGM,AMPlify_non_AMP_train_imbalanced.fa,real_non_amp_amplify,0,trNEGATIVE00520,trNEGATIVE00520,29,0,False
MITVPHVVNLNLTGQWRENGGQI,AMPlify_non_AMP_test_imbalanced.fa,real_non_amp_amplify,0,teNEGATIVE00239,teNEGATIVE00239,23,0,False
CKQAGESCDIFSQNCCVGTCAFICIE,AMPlify_non_AMP_train_imbalanced.fa,real_non_amp_amplify,0,trNEGATIVE00837,trNEGATIVE00837,26,0,False
ARARLGVRRFRRKR,AMPlify_non_AMP_test_imbalanced.fa,real_non_amp_amplify,0,teNEGATIVE00628,teNEGATIVE00628,14,0,False
HKINSFVGLM,AMPlify_non_AMP_test_imbalanced.fa,real_non_amp_amplify,0,teNEGATIVE18334,teNEGATIVE18334,10,0,False
GHNKKDKKMQKK,AMPlify_non_AMP_train_imbalanced.fa,real_non_amp_amplify,0,trNEGATIVE02278,trNEGATIVE02278,12,0,False
MKLLILFLAALGAASARIRGHTIKG,AMPlify_non_AMP_train_imbalanced.fa,real_non_amp_amplify,0,trNEGATIVE02915,trNEGATIVE02915,25,0,False
LGALGCVFPELLSGNGVKFGYA,AMPlify_non_AMP_train_imbalanced.fa,real_non_amp_amplify,0,trNEGATIVE02562,trNEGATIVE02562,22,0,False
GGEEQFDDYGHMRF,AMPlify_non_AMP_test_imbalanced.fa,real_non_amp_amplify,0,teNEGATIVE00553,teNEGATIVE00553,14,0,False
MKVYTDIFTRDEFLSDSYPM,AMPlify_non_AMP_train_imbalanced.fa,real_non_amp_amplify,0,trNEGATIVE01228,trNEGATIVE01228,20,0,False
NLFQFGEMILEKTGKEA,AMPlify_non_AMP_train_imbalanced.fa,real_non_amp_amplify,0,trNEGATIVE02752,trNEGATIVE02752,17,0,False
DAHNEDEEHAEGS,AMPlify_non_AMP_train_imbalanced.fa,real_non_amp_amplify,0,trNEGATIVE03204,trNEGATIVE03204,13,0,False
ALTEQASKVALTADL,AMPlify_non_AMP_test_imbalanced.fa,real_non_amp_amplify,0,teNEGATIVE00574,teNEGATIVE00574,15,0,False
HVVAAITALKERGGSSHQALKKYKAAN,AMPlify_non_AMP_test_imbalanced.fa,real_non_amp_amplify,0,teNEGATIVE00267,teNEGATIVE00267,27,0,False
CLSPGSSCSPTSYNCCRSCNPYSRKC,AMPlify_non_AMP_test_imbalanced.fa,real_non_amp_amplify,0,teNEGATIVE00163,teNEGATIVE00163,26,0,False
LKCYSSRTETMTCPEGKDKCEKYAV,AMPlify_non_AMP_test_imbalanced.fa,real_non_amp_amplify,0,teNEGATIVE00712,teNEGATIVE00712,25,0,False
HSDAVFTDNYSRFRKQMAVKKYLNSVLT,AMPlify_non_AMP_test_imbalanced.fa,real_non_amp_amplify,0,teNEGATIVE00171,teNEGATIVE00171,28,0,False
VTVYDAEGTKVQVDGSLRLVE,AMPlify_non_AMP_test_imbalanced.fa,real_non_amp_amplify,0,teNEGATIVE00638,teNEGATIVE00638,21,0,False
TKFAILLESFTPFVSTP,AMPlify_non_AMP_train_imbalanced.fa,real_non_amp_amplify_window,0,trNEGATIVE12464,trNEGATIVE12464,116,35,True
TKCPTCQNDTCSNKI,AMPlify_non_AMP_train_imbalanced.fa,real_non_amp_amplify,0,trNEGATIVE00602,trNEGATIVE00602,15,0,False
HSEPGGAY,AMPlify_non_AMP_test_imbalanced.fa,real_non_amp_amplify,0,teNEGATIVE15570,teNEGATIVE15570,8,0,False
EQGVGGDDGL,AMPlify_non_AMP_train_imbalanced.fa,real_non_amp_amplify,0,trNEGATIVE01168,trNEGATIVE01168,10,0,False
SPALDDERNDNFIRL,AMPlify_non_AMP_train_imbalanced.fa,real_non_amp_amplify,0,trNEGATIVE00784,trNEGATIVE00784,15,0,False
KIVINVGLGEAVQ,AMPlify_non_AMP_train_imbalanced.fa,real_non_amp_amplify_window,0,trNEGATIVE100410,trNEGATIVE100410,180,32,True
GLSRSCFGVKLDRIGSMSGLGC,AMPlify_non_AMP_train_imbalanced.fa,real_non_amp_amplify,0,trNEGATIVE02627,trNEGATIVE02627,22,0,False
SPPAPFVPVPIN,AMPlify_non_AMP_train_imbalanced.fa,real_non_amp_amplify,0,trNEGATIVE01094,trNEGATIVE01094,12,0,False
RATVAQPR,AMPlify_non_AMP_train_imbalanced.fa,real_non_amp_amplify,0,trNEGATIVE03091,trNEGATIVE03091,8,0,False
QPEESVFFA,AMPlify_non_AMP_train_imbalanced.fa,real_non_amp_amplify,0,trNEGATIVE37596,trNEGATIVE37596,9,0,False
NCPYCVVYCCPPAYCQASGCRPP,AMPlify_non_AMP_test_imbalanced.fa,real_non_amp_amplify,0,teNEGATIVE00769,teNEGATIVE00769,23,0,False
DEDNVLLT,AMPlify_non_AMP_train_imbalanced.fa,real_non_amp_amplify,0,trNEGATIVE15073,trNEGATIVE15073,8,0,False
SNDVSWHEWKRMYNKEYNGA,AMPlify_non_AMP_test_imbalanced.fa,real_non_amp_amplify,0,teNEGATIVE00184,teNEGATIVE00184,20,0,False
NVQLDPFFQEQQQYYPQQQAFFLLQQQQN,AMPlify_non_AMP_train_imbalanced.fa,real_non_amp_amplify,0,trNEGATIVE02066,trNEGATIVE02066,29,0,False
QLFQPPFR,AMPlify_non_AMP_train_imbalanced.fa,real_non_amp_amplify,0,trNEGATIVE95377,trNEGATIVE95377,8,0,False
GICPRILMECKRDSDCLAQCVCKRQGYCG,AMPlify_non_AMP_train_imbalanced.fa,real_non_amp_amplify,0,trNEGATIVE00869,trNEGATIVE00869,29,0,False
DLYGNIVLSGGSTMF,AMPlify_non_AMP_train_imbalanced.fa,real_non_amp_amplify,0,trNEGATIVE00382,trNEGATIVE00382,15,0,False
GSSGLISFPRT,AMPlify_non_AMP_train_imbalanced.fa,real_non_amp_amplify,0,trNEGATIVE03004,trNEGATIVE03004,11,0,False
PKDSMLLLQVPVY,AMPlify_non_AMP_train_imbalanced.fa,real_non_amp_amplify,0,trNEGATIVE01547,trNEGATIVE01547,13,0,False
MVINNNISAINAQRTLKFRQVDLKK,AMPlify_non_AMP_train_imbalanced.fa,real_non_amp_amplify,0,trNEGATIVE00310,trNEGATIVE00310,25,0,False
QSVPTFTPRL,AMPlify_non_AMP_train_imbalanced.fa,real_non_amp_amplify,0,trNEGATIVE01276,trNEGATIVE01276,10,0,False
QHWSHGLSPG,AMPlify_non_AMP_train_imbalanced.fa,real_non_amp_amplify,0,trNEGATIVE84920,trNEGATIVE84920,10,0,False
SIPASQKANLGNQMIMAVACYQN,AMPlify_non_AMP_train_imbalanced.fa,real_non_amp_amplify,0,trNEGATIVE02419,trNEGATIVE02419,23,0,False
VDDTTPLSEETMMRIGGYMV,AMPlify_non_AMP_test_imbalanced.fa,real_non_amp_amplify,0,teNEGATIVE00275,teNEGATIVE00275,20,0,False
EEGGRPPPPI,AMPlify_non_AMP_train_imbalanced.fa,real_non_amp_amplify,0,trNEGATIVE66288,trNEGATIVE66288,10,0,False
AAASDNFMRF,AMPlify_non_AMP_train_imbalanced.fa,real_non_amp_amplify,0,trNEGATIVE25909,trNEGATIVE25909,10,0,False
ISGKPARTPT,AMPlify_non_AMP_train_imbalanced.fa,real_non_amp_amplify,0,trNEGATIVE90320,trNEGATIVE90320,10,0,False
TQVTVEYVNEGGAMV,AMPlify_non_AMP_train_imbalanced.fa,real_non_amp_amplify,0,trNEGATIVE00609,trNEGATIVE00609,15,0,False
MVLVKTIKKLDGFIECLLMLNYKFLY,AMPlify_non_AMP_train_imbalanced.fa,real_non_amp_amplify,0,trNEGATIVE01141,trNEGATIVE01141,26,0,False
CKGKGASCHRTSYDCCTGSCNRGKC,AMPlify_non_AMP_train_imbalanced.fa,real_non_amp_amplify,0,trNEGATIVE00058,trNEGATIVE00058,25,0,False
MQTFSLLVAYKIFTDGTETKRVHASKAKHA,AMPlify_non_AMP_train_imbalanced.fa,real_non_amp_amplify,0,trNEGATIVE01432,trNEGATIVE01432,30,0,False
MWTKPSYTDLRIGFEVTLYFANR,AMPlify_non_AMP_train_imbalanced.fa,real_non_amp_amplify,0,trNEGATIVE00419,trNEGATIVE00419,23,0,False
TLNKVYKFDRDRRFL,AMPlify_non_AMP_test_imbalanced.fa,real_non_amp_amplify,0,teNEGATIVE00064,teNEGATIVE00064,15,0,False
NLLQFAFMIRQANKRRRPVIPYEEYGLYYM,AMPlify_non_AMP_train_imbalanced.fa,real_non_amp_amplify,0,trNEGATIVE01475,trNEGATIVE01475,30,0,False
NLLQFNKMIKIMTKKNAIPFYSS,AMPlify_non_AMP_train_imbalanced.fa,real_non_amp_amplify,0,trNEGATIVE02264,trNEGATIVE02264,23,0,False
APSGFMGMR,AMPlify_non_AMP_train_imbalanced.fa,real_non_amp_amplify,0,trNEGATIVE73795,trNEGATIVE73795,9,0,False
VVGGDECNINEHRSL,AMPlify_non_AMP_train_imbalanced.fa,real_non_amp_amplify,0,trNEGATIVE01429,trNEGATIVE01429,15,0,False
MDIVSIAWAALMVVFTFSLSLVVWGRSGL,AMPlify_non_AMP_train_imbalanced.fa,real_non_amp_amplify,0,trNEGATIVE02020,trNEGATIVE02020,29,0,False
MSSGGLLLLLGLLTLCAELTPVSSKDRH,AMPlify_non_AMP_train_imbalanced.fa,real_non_amp_amplify,0,trNEGATIVE01522,trNEGATIVE01522,28,0,False
KPDPEAVLIV,AMPlify_non_AMP_train_imbalanced.fa,real_non_amp_amplify,0,trNEGATIVE80488,trNEGATIVE80488,10,0,False
LSPTQDFMRF,AMPlify_non_AMP_train_imbalanced.fa,real_non_amp_amplify,0,trNEGATIVE41261,trNEGATIVE41261,10,0,False
MSQNTKGKLSLVGLSLMI,AMPlify_non_AMP_train_imbalanced.fa,real_non_amp_amplify,0,trNEGATIVE03059,trNEGATIVE03059,18,0,False
WDAYDCIQFCMRPEMRHTYAQCLSICT,AMPlify_non_AMP_train_imbalanced.fa,real_non_amp_amplify,0,trNEGATIVE00267,trNEGATIVE00267,27,0,False
CCHSSWCKHLC,AMPlify_non_AMP_train_imbalanced.fa,real_non_amp_amplify,0,trNEGATIVE03255,trNEGATIVE03255,11,0,False
TRICCGCYWNGSKDVCSQSCC,AMPlify_non_AMP_train_imbalanced.fa,real_non_amp_amplify,0,trNEGATIVE01618,trNEGATIVE01618,21,0,False
NLAPLDLQTPTAFDNNYYK,AMPlify_non_AMP_test_imbalanced.fa,real_non_amp_amplify,0,teNEGATIVE00636,teNEGATIVE00636,19,0,False
DDPTSTFTCPGGSNYK,AMPlify_non_AMP_train_imbalanced.fa,real_non_amp_amplify,0,trNEGATIVE01546,trNEGATIVE01546,16,0,False
MKHIQIRNSDMDWHIAANNLG,AMPlify_non_AMP_train_imbalanced.fa,real_non_amp_amplify,0,trNEGATIVE00138,trNEGATIVE00138,21,0,False
FRGHDKKDKKIQKK,AMPlify_non_AMP_test_imbalanced.fa,real_non_amp_amplify,0,teNEGATIVE00505,teNEGATIVE00505,14,0,False
AESKKGFLPVIDKKDGYTFLYPFGGQEVSI,AMPlify_non_AMP_test_imbalanced.fa,real_non_amp_amplify,0,teNEGATIVE00679,teNEGATIVE00679,30,0,False
KDDHCKDLGSIDDDE,AMPlify_non_AMP_train_imbalanced.fa,real_non_amp_amplify,0,trNEGATIVE01406,trNEGATIVE01406,15,0,False
TDSIKETIKETVNHQAEWPY,AMPlify_non_AMP_test_imbalanced.fa,real_non_amp_amplify,0,teNEGATIVE00710,teNEGATIVE00710,20,0,False
MKIIGLIGGIGSGKTTVAQLFVDEGFPLVD,AMPlify_non_AMP_train_imbalanced.fa,real_non_amp_amplify,0,trNEGATIVE01245,trNEGATIVE01245,30,0,False
NGPNGKSQSIIVGPWGDRVTN,AMPlify_non_AMP_train_imbalanced.fa,real_non_amp_amplify,0,trNEGATIVE02862,trNEGATIVE02862,21,0,False
DEGCLPDDSSRT,AMPlify_non_AMP_train_imbalanced.fa,real_non_amp_amplify,0,trNEGATIVE02347,trNEGATIVE02347,12,0,False
GNLVRKSVEHLTQE,AMPlify_non_AMP_train_imbalanced.fa,real_non_amp_amplify,0,trNEGATIVE02960,trNEGATIVE02960,14,0,False
SGCCSNPACRVNNPNIC,AMPlify_non_AMP_train_imbalanced.fa,real_non_amp_amplify,0,trNEGATIVE01968,trNEGATIVE01968,17,0,False
MKVKVDADACIGCGVCVELCP,AMPlify_non_AMP_test_imbalanced.fa,real_non_amp_amplify,0,teNEGATIVE00617,teNEGATIVE00617,21,0,False
SNTKQPTPLGGVIFA,AMPlify_non_AMP_test_imbalanced.fa,real_non_amp_amplify,0,teNEGATIVE00524,teNEGATIVE00524,15,0,False
FGVLAVTSR,AMPlify_non_AMP_train_imbalanced.fa,real_non_amp_amplify,0,trNEGATIVE65146,trNEGATIVE65146,9,0,False
RQRHPDCDKPPDTGN,AMPlify_non_AMP_train_imbalanced.fa,real_non_amp_amplify,0,trNEGATIVE01869,trNEGATIVE01869,15,0,False
MPKSPSKSSPRKGSPRKASPKRGGKGAKRA,AMPlify_non_AMP_test_imbalanced.fa,real_non_amp_amplify,0,teNEGATIVE00578,teNEGATIVE00578,30,0,False
VEQDPYEIVIKQLERAAQYMEISE,AMPlify_non_AMP_train_imbalanced.fa,real_non_amp_amplify,0,trNEGATIVE00461,trNEGATIVE00461,24,0,False
LDVELTVEERNLLSVGYKDSTLIMQLLR,AMPlify_non_AMP_train_imbalanced.fa,real_non_amp_amplify,0,trNEGATIVE00625,trNEGATIVE00625,28,0,False
PIFTFASNVPADTITGFFL,AMPlify_non_AMP_train_imbalanced.fa,real_non_amp_amplify,0,trNEGATIVE01525,trNEGATIVE01525,19,0,False
VGCEECPAHCKGKNAIPTCDDGVCNCNV,AMPlify_non_AMP_train_imbalanced.fa,real_non_amp_amplify,0,trNEGATIVE02631,trNEGATIVE02631,28,0,False
NHQLTQENERLTQK,AMPlify_non_AMP_train_imbalanced.fa,real_non_amp_amplify,0,trNEGATIVE01755,trNEGATIVE01755,14,0,False
GYPRKTVDVFTFTN,AMPlify_non_AMP_test_imbalanced.fa,real_non_amp_amplify,0,teNEGATIVE00077,teNEGATIVE00077,14,0,False
MGQGAVEGQLFYNVQ,AMPlify_non_AMP_test_imbalanced.fa,real_non_amp_amplify,0,teNEGATIVE00795,teNEGATIVE00795,15,0,False
YGGFMKSWNERSQKPLLTLFKNVIIKDGQQ,AMPlify_non_AMP_train_imbalanced.fa,real_non_amp_amplify,0,trNEGATIVE01149,trNEGATIVE01149,30,0,False
SDPEAPGIWFGPRL,AMPlify_non_AMP_test_imbalanced.fa,real_non_amp_amplify,0,teNEGATIVE00376,teNEGATIVE00376,14,0,False
MKYFFMGISFMVIVWAGTFALMI,AMPlify_non_AMP_train_imbalanced.fa,real_non_amp_amplify,0,trNEGATIVE00909,trNEGATIVE00909,23,0,False
QGRHPPIPPAP,AMPlify_non_AMP_train_imbalanced.fa,real_non_amp_amplify,0,trNEGATIVE02707,trNEGATIVE02707,11,0,False
DEQSGISQTVIVGPWGAKVS,AMPlify_non_AMP_test_imbalanced.fa,real_non_amp_amplify,0,teNEGATIVE00391,teNEGATIVE00391,20,0,False
VLDELTADR,AMPlify_non_AMP_train_imbalanced.fa,real_non_amp_amplify,0,trNEGATIVE26369,trNEGATIVE26369,9,0,False
GPPLLPPLP,AMPlify_non_AMP_train_imbalanced.fa,real_non_amp_amplify,0,trNEGATIVE85863,trNEGATIVE85863,9,0,False
EDFDSQCVPTADPGPCKAYIPMWWYNVLS,AMPlify_non_AMP_train_imbalanced.fa,real_non_amp_amplify,0,trNEGATIVE03332,trNEGATIVE03332,29,0,False
SPANSVWS,AMPlify_non_AMP_test_imbalanced.fa,real_non_amp_amplify,0,teNEGATIVE20639,teNEGATIVE20639,8,0,False
MMWTKPEVTEMRFGFEVTMYVCNR,AMPlify_non_AMP_train_imbalanced.fa,real_non_amp_amplify,0,trNEGATIVE00718,trNEGATIVE00718,24,0,False
SKSLFYQKQYDNINE,AMPlify_non_AMP_train_imbalanced.fa,real_non_amp_amplify,0,trNEGATIVE00020,trNEGATIVE00020,15,0,False
MKIKFSRGARFSATFSFDKYPFLLYEVVR,AMPlify_non_AMP_train_imbalanced.fa,real_non_amp_amplify,0,trNEGATIVE00178,trNEGATIVE00178,29,0,False
EDGSDAVSGEFLAEGGGVR,AMPlify_non_AMP_train_imbalanced.fa,real_non_amp_amplify,0,trNEGATIVE02116,trNEGATIVE02116,19,0,False
TETQSFNFNVFEPEN,AMPlify_non_AMP_train_imbalanced.fa,real_non_amp_amplify,0,trNEGATIVE01402,trNEGATIVE01402,15,0,False
TDPLWQLPGAHLEQYLS,AMPlify_non_AMP_train_imbalanced.fa,real_non_amp_amplify,0,trNEGATIVE00782,trNEGATIVE00782,17,0,False
HSDAIFTDNYSRFRKQMAVKKYLNSVLT,AMPlify_non_AMP_train_imbalanced.fa,real_non_amp_amplify,0,trNEGATIVE00146,trNEGATIVE00146,28,0,False
MCICKNGKPLPGFIGKICRKICMMQQTH,AMPlify_non_AMP_train_imbalanced.fa,real_non_amp_amplify,0,trNEGATIVE01087,trNEGATIVE01087,28,0,False
MNSVQFKNHHHHHHPD,AMPlify_non_AMP_test_imbalanced.fa,real_non_amp_amplify,0,teNEGATIVE00402,teNEGATIVE00402,16,0,False
CCNWPCSFGCIPCCY,AMPlify_non_AMP_train_imbalanced.fa,real_non_amp_amplify,0,trNEGATIVE01846,trNEGATIVE01846,15,0,False
AWQDLNAGW,AMPlify_non_AMP_train_imbalanced.fa,real_non_amp_amplify,0,trNEGATIVE68378,trNEGATIVE68378,9,0,False
QTCCGYRMCVPC,AMPlify_non_AMP_train_imbalanced.fa,real_non_amp_amplify,0,trNEGATIVE02081,trNEGATIVE02081,12,0,False
MWGLNRWLTFTMLILLITSHCCYWNKR,AMPlify_non_AMP_train_imbalanced.fa,real_non_amp_amplify,0,trNEGATIVE02381,trNEGATIVE02381,27,0,False
YDKKVDSIILFGVNG,AMPlify_non_AMP_test_imbalanced.fa,real_non_amp_amplify,0,teNEGATIVE00280,teNEGATIVE00280,15,0,False
VLADVYNVEPETLR,AMPlify_non_AMP_train_imbalanced.fa,real_non_amp_amplify,0,trNEGATIVE01003,trNEGATIVE01003,14,0,False
MTIDKNWLNRSNKDPGRSLRFTHQPV,AMPlify_non_AMP_train_imbalanced.fa,real_non_amp_amplify,0,trNEGATIVE00408,trNEGATIVE00408,26,0,False
MEPDPTPLPRRRLKLFR,AMPlify_non_AMP_test_imbalanced.fa,real_non_amp_amplify,0,teNEGATIVE00285,teNEGATIVE00285,17,0,False
GRRCPRIYMECKRDADCLADCVCLQHGICG,AMPlify_non_AMP_train_imbalanced.fa,real_non_amp_amplify,0,trNEGATIVE01212,trNEGATIVE01212,30,0,False
AAPKATVRWCTISS,AMPlify_non_AMP_train_imbalanced.fa,real_non_amp_amplify,0,trNEGATIVE00416,trNEGATIVE00416,14,0,False
QWPRPQIPP,AMPlify_non_AMP_train_imbalanced.fa,real_non_amp_amplify,0,trNEGATIVE95017,trNEGATIVE95017,9,0,False
GGPSQKQKQHKVNLVNIKVYI,AMPlify_non_AMP_train_imbalanced.fa,real_non_amp_amplify,0,trNEGATIVE02664,trNEGATIVE02664,21,0,False
YRRRQCPPWCSGEPCRKGTC,AMPlify_non_AMP_train_imbalanced.fa,real_non_amp_amplify,0,trNEGATIVE00761,trNEGATIVE00761,20,0,False
SIKDKICKIIQAQCGKKLPFT,AMPlify_non_AMP_test_imbalanced.fa,real_non_amp_amplify,0,teNEGATIVE00805,teNEGATIVE00805,21,0,False
DDKCSIGCKGSATAPTFLNGH,AMPlify_non_AMP_test_imbalanced.fa,real_non_amp_amplify,0,teNEGATIVE00389,teNEGATIVE00389,21,0,False
GCCSYPPCFATNSGYC,AMPlify_non_AMP_train_imbalanced.fa,real_non_amp_amplify,0,trNEGATIVE01568,trNEGATIVE01568,16,0,False
ADYLRLARA,AMPlify_non_AMP_train_imbalanced.fa,real_non_amp_amplify,0,trNEGATIVE02144,trNEGATIVE02144,9,0,False
MQNQRIRIR,AMPlify_non_AMP_train_imbalanced.fa,real_non_amp_amplify,0,trNEGATIVE90300,trNEGATIVE90300,9,0,False
SDDDGTVVLTTSGPI,AMPlify_non_AMP_test_imbalanced.fa,real_non_amp_amplify,0,teNEGATIVE00412,teNEGATIVE00412,15,0,False
VTVAPRFRRISLASKLCNTLETMTDV,AMPlify_non_AMP_train_imbalanced.fa,real_non_amp_amplify_window,0,trNEGATIVE55481,trNEGATIVE55481,195,80,True
GKAFDDGAFTGIREINLSINKETAIGD,AMPlify_non_AMP_test_imbalanced.fa,real_non_amp_amplify,0,teNEGATIVE00329,teNEGATIVE00329,27,0,False
AEIDFSGIPEDIIKEIKETNAKPPA,AMPlify_non_AMP_train_imbalanced.fa,real_non_amp_amplify,0,trNEGATIVE00967,trNEGATIVE00967,25,0,False
FNALGLSTRDLVALSGAHTIGQAR,AMPlify_non_AMP_train_imbalanced.fa,real_non_amp_amplify,0,trNEGATIVE00286,trNEGATIVE00286,24,0,False
DEAVVHDSYAFDKNQLIPVGARAE,AMPlify_non_AMP_train_imbalanced.fa,real_non_amp_amplify,0,trNEGATIVE02364,trNEGATIVE02364,24,0,False
AVVFDPQPALWAEADTQLEP,AMPlify_non_AMP_train_imbalanced.fa,real_non_amp_amplify,0,trNEGATIVE00161,trNEGATIVE00161,20,0,False
DMYSDNLGLCDN,AMPlify_non_AMP_test_imbalanced.fa,real_non_amp_amplify,0,teNEGATIVE00197,teNEGATIVE00197,12,0,False
DDCTTYCYGVHCCPPAFKCAASGCVRNN,AMPlify_non_AMP_test_imbalanced.fa,real_non_amp_amplify,0,teNEGATIVE00763,teNEGATIVE00763,28,0,False
FDAFTTGF,AMPlify_non_AMP_train_imbalanced.fa,real_non_amp_amplify,0,trNEGATIVE21336,trNEGATIVE21336,8,0,False
IEPERQEEEEEETRQRVRRGQVRQQQQ,AMPlify_non_AMP_train_imbalanced.fa,real_non_amp_amplify,0,trNEGATIVE00548,trNEGATIVE00548,27,0,False
QHWSDYFKPG,AMPlify_non_AMP_train_imbalanced.fa,real_non_amp_amplify,0,trNEGATIVE29320,trNEGATIVE29320,10,0,False
SEKITVFQKNFQVTENSSHFV,AMPlify_non_AMP_test_imbalanced.fa,real_non_amp_amplify,0,teNEGATIVE00626,teNEGATIVE00626,21,0,False
SEINGDWNTIALSAD,AMPlify_non_AMP_train_imbalanced.fa,real_non_amp_amplify,0,trNEGATIVE00300,trNEGATIVE00300,15,0,False
MIFNDLIGNNNIGD,AMPlify_non_AMP_train_imbalanced.fa,real_non_amp_amplify,0,trNEGATIVE02098,trNEGATIVE02098,14,0,False
ADGQYSQLQD,AMPlify_non_AMP_train_imbalanced.fa,real_non_amp_amplify_window,0,trNEGATIVE07944,trNEGATIVE07944,169,145,True
ANNAGARKAIRKIEARTEVN,AMPlify_non_AMP_train_imbalanced.fa,real_non_amp_amplify,0,trNEGATIVE03321,trNEGATIVE03321,20,0,False
MIKSELVQIVAARNPHLYHRDVENIVNAFL,AMPlify_non_AMP_train_imbalanced.fa,real_non_amp_amplify,0,trNEGATIVE02755,trNEGATIVE02755,30,0,False
QGGAGWPPIPP,AMPlify_non_AMP_train_imbalanced.fa,real_non_amp_amplify,0,trNEGATIVE01140,trNEGATIVE01140,11,0,False
IEHNAEEIRKTAIRTAVQNTAQQTK,AMPlify_non_AMP_train_imbalanced.fa,real_non_amp_amplify,0,trNEGATIVE02537,trNEGATIVE02537,25,0,False
MGNISPLTGTNGEIR,AMPlify_non_AMP_train_imbalanced.fa,real_non_amp_amplify,0,trNEGATIVE01100,trNEGATIVE01100,15,0,False
ESLPLAAFHQVDVYTAK,AMPlify_non_AMP_train_imbalanced.fa,real_non_amp_amplify,0,trNEGATIVE01299,trNEGATIVE01299,17,0,False
MIREPRIREPRSLA,AMPlify_non_AMP_train_imbalanced.fa,real_non_amp_amplify,0,trNEGATIVE00556,trNEGATIVE00556,14,0,False
MRNISLTTTIITTTDTTGNGAG,AMPlify_non_AMP_train_imbalanced.fa,real_non_amp_amplify,0,trNEGATIVE01195,trNEGATIVE01195,22,0,False
EQLIELVGPWKTVYIVHFNGET,AMPlify_non_AMP_train_imbalanced.fa,real_non_amp_amplify,0,trNEGATIVE01603,trNEGATIVE01603,22,0,False
VTVYDAEGTKVQIDGSLRVEL,AMPlify_non_AMP_train_imbalanced.fa,real_non_amp_amplify,0,trNEGATIVE01486,trNEGATIVE01486,21,0,False
VEWTDAERKAIASL,AMPlify_non_AMP_train_imbalanced.fa,real_non_amp_amplify,0,trNEGATIVE01315,trNEGATIVE01315,14,0,False
MSKGYVWVVDDDSSIRWVMEKTSPLPT,AMPlify_non_AMP_train_imbalanced.fa,real_non_amp_amplify,0,trNEGATIVE00760,trNEGATIVE00760,27,0,False
VAIRIIWSDIQD,AMPlify_non_AMP_test_imbalanced.fa,real_non_amp_amplify,0,teNEGATIVE00350,teNEGATIVE00350,12,0,False
FDESFGFQGPSTYEKTPLGEPA,AMPlify_non_AMP_train_imbalanced.fa,real_non_amp_amplify,0,trNEGATIVE02628,trNEGATIVE02628,22,0,False
LKCNKLVPLFYKTCPAGKNLCYKMFMVSNK,AMPlify_non_AMP_train_imbalanced.fa,real_non_amp_amplify,0,trNEGATIVE00327,trNEGATIVE00327,30,0,False
GKCGEINGSCDECYGGSVTCDCY,AMPlify_non_AMP_test_imbalanced.fa,real_non_amp_amplify,0,teNEGATIVE00727,teNEGATIVE00727,23,0,False
GCMKEYCAGQCRGKVSQDYCLKHCKCIPR,AMPlify_non_AMP_test_imbalanced.fa,real_non_amp_amplify,0,teNEGATIVE00086,teNEGATIVE00086,29,0,False
ARQLNPSDQELQSPQQLYPQQPYPQQPY,AMPlify_non_AMP_train_imbalanced.fa,real_non_amp_amplify,0,trNEGATIVE02238,trNEGATIVE02238,28,0,False
NAIPGNYYRWPYAKVPYVID,AMPlify_non_AMP_test_imbalanced.fa,real_non_amp_amplify,0,teNEGATIVE00444,teNEGATIVE00444,20,0,False
GRREDDYDNLQL,AMPlify_non_AMP_train_imbalanced.fa,real_non_amp_amplify,0,trNEGATIVE00506,trNEGATIVE00506,12,0,False
NPVLPCPVGSLYK,AMPlify_non_AMP_train_imbalanced.fa,real_non_amp_amplify,0,trNEGATIVE00228,trNEGATIVE00228,13,0,False
QYVKDPDKQVVARIFLDLQLVQR,AMPlify_non_AMP_train_imbalanced.fa,real_non_amp_amplify,0,trNEGATIVE01418,trNEGATIVE01418,23,0,False
FTPEDFISAPRRGEAIPDPKGELAVF,AMPlify_non_AMP_train_imbalanced.fa,real_non_amp_amplify,0,trNEGATIVE02307,trNEGATIVE02307,26,0,False
VVSLSIPR,AMPlify_non_AMP_train_imbalanced.fa,real_non_amp_amplify,0,trNEGATIVE59968,trNEGATIVE59968,8,0,False
TFVSSQVSGPR,AMPlify_non_AMP_test_imbalanced.fa,real_non_amp_amplify,0,teNEGATIVE00655,teNEGATIVE00655,11,0,False
SDYLQLAR,AMPlify_non_AMP_train_imbalanced.fa,real_non_amp_amplify,0,trNEGATIVE26758,trNEGATIVE26758,8,0,False
MKTKAAVLFETHKPFEIVELEL,AMPlify_non_AMP_train_imbalanced.fa,real_non_amp_amplify,0,trNEGATIVE00031,trNEGATIVE00031,22,0,False
MNLNAYFEAYQAIFPFLLEAFLRKEQKV,AMPlify_non_AMP_train_imbalanced.fa,real_non_amp_amplify,0,trNEGATIVE02458,trNEGATIVE02458,28,0,False
KRRPPGFTPFR,AMPlify_non_AMP_train_imbalanced.fa,real_non_amp_amplify,0,trNEGATIVE02383,trNEGATIVE02383,11,0,False
MTDAQVFTILAIALVPAVMAALLGSALARS,AMPlify_non_AMP_test_imbalanced.fa,real_non_amp_amplify,0,teNEGATIVE00570,teNEGATIVE00570,30,0,False
NSEDGSPYPGPGQQPNCCKWPIVTCCNR,AMPlify_non_AMP_test_imbalanced.fa,real_non_amp_amplify,0,teNEGATIVE00823,teNEGATIVE00823,28,0,False
MTLRHYFFLQDYKRNVENLPFYKNQATLQ,AMPlify_non_AMP_train_imbalanced.fa,real_non_amp_amplify,0,trNEGATIVE01268,trNEGATIVE01268,29,0,False
EAAGLLAFPRV,AMPlify_non_AMP_test_imbalanced.fa,real_non_amp_amplify,0,teNEGATIVE00689,teNEGATIVE00689,11,0,False
AKAGVNKPELLP,AMPlify_non_AMP_train_imbalanced.fa,real_non_amp_amplify,0,trNEGATIVE01880,trNEGATIVE01880,12,0,False
FVPIFTHSELQKIREKERNKGQ,AMPlify_non_AMP_train_imbalanced.fa,real_non_amp_amplify,0,trNEGATIVE00169,trNEGATIVE00169,22,0,False
SGLQFAVLDGQGFLPFSRV,AMPlify_non_AMP_train_imbalanced.fa,real_non_amp_amplify,0,trNEGATIVE03046,trNEGATIVE03046,19,0,False
NNYCKIKCRSGIHTLCKYGTSSKP,AMPlify_non_AMP_train_imbalanced.fa,real_non_amp_amplify,0,trNEGATIVE01600,trNEGATIVE01600,24,0,False
ARQRLTNIKL,AMPlify_non_AMP_test_imbalanced.fa,real_non_amp_amplify_window,0,teNEGATIVE04743,teNEGATIVE04743,118,52,True
MAPPRTSTS,AMPlify_non_AMP_train_imbalanced.fa,real_non_amp_amplify,0,trNEGATIVE37327,trNEGATIVE37327,9,0,False
AQLQNPVGYELQHK,AMPlify_non_AMP_train_imbalanced.fa,real_non_amp_amplify,0,trNEGATIVE02590,trNEGATIVE02590,14,0,False
RHHRKRIGHTVKQLAKLVKHIHEY,AMPlify_non_AMP_train_imbalanced.fa,real_non_amp_amplify,0,trNEGATIVE02453,trNEGATIVE02453,24,0,False
NVDFNSESTRRKKKQNEIVDLHNSLRRTVN,AMPlify_non_AMP_test_imbalanced.fa,real_non_amp_amplify,0,teNEGATIVE00493,teNEGATIVE00493,30,0,False
RQQPFVPRL,AMPlify_non_AMP_train_imbalanced.fa,real_non_amp_amplify,0,trNEGATIVE99994,trNEGATIVE99994,9,0,False
VLYQAVNVFSMDVIDVNSAAPKTCD,AMPlify_non_AMP_test_imbalanced.fa,real_non_amp_amplify,0,teNEGATIVE00067,teNEGATIVE00067,25,0,False
ELVTLSGAHTIGQAR,AMPlify_non_AMP_train_imbalanced.fa,real_non_amp_amplify,0,trNEGATIVE01092,trNEGATIVE01092,15,0,False
LTCLTKMVECIQLPLDVEDSSDTLCC,AMPlify_non_AMP_train_imbalanced.fa,real_non_amp_amplify,0,trNEGATIVE01510,trNEGATIVE01510,26,0,False
GRGGASNYVRL,AMPlify_non_AMP_train_imbalanced.fa,real_non_amp_amplify,0,trNEGATIVE00733,trNEGATIVE00733,11,0,False
SGQYSFGL,AMPlify_non_AMP_test_imbalanced.fa,real_non_amp_amplify,0,teNEGATIVE13528,teNEGATIVE13528,8,0,False
SGGGNVIMNQMNKRNHAKD,AMPlify_non_AMP_train_imbalanced.fa,real_non_amp_amplify,0,trNEGATIVE02208,trNEGATIVE02208,19,0,False
KPCCSIHDNSCCGI,AMPlify_non_AMP_test_imbalanced.fa,real_non_amp_amplify,0,teNEGATIVE00633,teNEGATIVE00633,14,0,False
AFVQEPLPY,AMPlify_non_AMP_train_imbalanced.fa,real_non_amp_amplify,0,trNEGATIVE52855,trNEGATIVE52855,9,0,False
RDCCTPPKKCKDRRCKPLKCCA,AMPlify_non_AMP_train_imbalanced.fa,real_non_amp_amplify,0,trNEGATIVE03007,trNEGATIVE03007,22,0,False
GWTLNSAGYLLGPHAVDNHRSFNDKHGFT,AMPlify_non_AMP_train_imbalanced.fa,real_non_amp_amplify,0,trNEGATIVE02478,trNEGATIVE02478,29,0,False
AAVPEAAAEATAEAAPVSEF,AMPlify_non_AMP_test_imbalanced.fa,real_non_amp_amplify,0,teNEGATIVE00751,teNEGATIVE00751,20,0,False
EPPPWVPV,AMPlify_non_AMP_test_imbalanced.fa,real_non_amp_amplify,0,teNEGATIVE06951,teNEGATIVE06951,8,0,False
CIIRNCPRG,AMPlify_non_AMP_train_imbalanced.fa,real_non_amp_amplify,0,trNEGATIVE21819,trNEGATIVE21819,9,0,False
SGGGKEAAETFNRVESHPRPDA,AMPlify_non_AMP_train_imbalanced.fa,real_non_amp_amplify,0,trNEGATIVE00432,trNEGATIVE00432,22,0,False
CHYIFNTC,AMPlify_non_AMP_test_imbalanced.fa,real_non_amp_amplify,0,teNEGATIVE00375,teNEGATIVE00375,8,0,False
AGPVSKLVSGIGL,AMPlify_non_AMP_train_imbalanced.fa,real_non_amp_amplify,0,trNEGATIVE02626,trNEGATIVE02626,13,0,False
VKIGTYELLKGDFSV,AMPlify_non_AMP_train_imbalanced.fa,real_non_amp_amplify,0,trNEGATIVE00685,trNEGATIVE00685,15,0,False
QLTFTPNWGT,AMPlify_non_AMP_train_imbalanced.fa,real_non_amp_amplify,0,trNEGATIVE03063,trNEGATIVE03063,10,0,False
MSAWMSAGFS,AMPlify_non_AMP_train_imbalanced.fa,real_non_amp_amplify,0,trNEGATIVE60837,trNEGATIVE60837,10,0,False
CCSRHCWVCIPCCPN,AMPlify_non_AMP_train_imbalanced.fa,real_non_amp_amplify,0,trNEGATIVE00607,trNEGATIVE00607,15,0,False
QDPYVDFLK,AMPlify_non_AMP_train_imbalanced.fa,real_non_amp_amplify,0,trNEGATIVE25534,trNEGATIVE25534,9,0,False
VEVATVKNCGKKLLATPR,AMPlify_non_AMP_train_imbalanced.fa,real_non_amp_amplify,0,trNEGATIVE00477,trNEGATIVE00477,18,0,False
AEVFKSEEGSVDFYGQLRPA,AMPlify_non_AMP_test_imbalanced.fa,real_non_amp_amplify,0,teNEGATIVE00007,teNEGATIVE00007,20,0,False
MNFKYIKKDG,AMPlify_non_AMP_test_imbalanced.fa,real_non_amp_amplify,0,teNEGATIVE19608,teNEGATIVE19608,10,0,False
MSILPVIFLPIFFYSSFVQTFNASECIDKG,AMPlify_non_AMP_train_imbalanced.fa,real_non_amp_amplify,0,trNEGATIVE02637,trNEGATIVE02637,30,0,False
DCCYGRVNGCNPKMADKNYE,AMPlify_non_AMP_train_imbalanced.fa,real_non_amp_amplify,0,trNEGATIVE01796,trNEGATIVE01796,20,0,False
VILLDKIANLGNLGDQVSV,AMPlify_non_AMP_test_imbalanced.fa,real_non_amp_amplify_window,0,teNEGATIVE04262,teNEGATIVE04262,149,2,True
PFNVGGLDKFGTLN,AMPlify_non_AMP_train_imbalanced.fa,real_non_amp_amplify,0,trNEGATIVE03030,trNEGATIVE03030,14,0,False
KEGYIVNYHTGCKYTCAKLGDNDYCLRECK,AMPlify_non_AMP_train_imbalanced.fa,real_non_amp_amplify,0,trNEGATIVE02209,trNEGATIVE02209,30,0,False
KEGYLLGSRG,AMPlify_non_AMP_train_imbalanced.fa,real_non_amp_amplify,0,trNEGATIVE00674,trNEGATIVE00674,10,0,False
VHWSAEEKQL,AMPlify_non_AMP_test_imbalanced.fa,real_non_amp_amplify,0,teNEGATIVE16277,teNEGATIVE16277,10,0,False
ENFSGGCIPGYMRTADGRCKPTY,AMPlify_non_AMP_train_imbalanced.fa,real_non_amp_amplify,0,trNEGATIVE02825,trNEGATIVE02825,23,0,False
SGLLMNFGEQHVNVAQ,AMPlify_non_AMP_train_imbalanced.fa,real_non_amp_amplify,0,trNEGATIVE03206,trNEGATIVE03206,16,0,False
GSTGLIPFGRT,AMPlify_non_AMP_train_imbalanced.fa,real_non_amp_amplify,0,trNEGATIVE02380,trNEGATIVE02380,11,0,False
QDSGDGWPQQPFVPRL,AMPlify_non_AMP_train_imbalanced.fa,real_non_amp_amplify,0,trNEGATIVE02939,trNEGATIVE02939,16,0,False
AELTSCFPVG,AMPlify_non_AMP_train_imbalanced.fa,real_non_amp_amplify,0,trNEGATIVE01610,trNEGATIVE01610,10,0,False
FINTIRLLINKYREWKNKKDS,AMPlify_non_AMP_train_imbalanced.fa,real_non_amp_amplify,0,trNEGATIVE03195,trNEGATIVE03195,21,0,False
RGSNLTSLPLQNVIDLFYVGNITIG,AMPlify_non_AMP_train_imbalanced.fa,real_non_amp_amplify,0,trNEGATIVE03052,trNEGATIVE03052,25,0,False
KKMKDTDSEEEIREAFRVFDKDGNGFI,AMPlify_non_AMP_train_imbalanced.fa,real_non_amp_amplify,0,trNEGATIVE01524,trNEGATIVE01524,27,0,False
IVVRDNNVEQALRALKKKMQREGL,AMPlify_non_AMP_train_imbalanced.fa,real_non_amp_amplify_window,0,trNEGATIVE28435,trNEGATIVE28435,69,3,True
VSAKPARTPT,AMPlify_non_AMP_train_imbalanced.fa,real_non_amp_amplify,0,trNEGATIVE88145,trNEGATIVE88145,10,0,False
GEDEYAEGIREYQLIHGKI,AMPlify_non_AMP_train_imbalanced.fa,real_non_amp_amplify,0,trNEGATIVE03053,trNEGATIVE03053,19,0,False
SFKKGLFLGTILGGA,AMPlify_non_AMP_test_imbalanced.fa,real_non_amp_amplify,0,teNEGATIVE00235,teNEGATIVE00235,15,0,False
KVFFEERFEDGWENRWVKKD,AMPlify_non_AMP_test_imbalanced.fa,real_non_amp_amplify,0,teNEGATIVE00460,teNEGATIVE00460,20,0,False
DQGTACTGEHAHSFCLNGGTCRHIQQLGE,AMPlify_non_AMP_train_imbalanced.fa,real_non_amp_amplify,0,trNEGATIVE02067,trNEGATIVE02067,29,0,False
GQNFTSDKDLYTDSR,AMPlify_non_AMP_test_imbalanced.fa,real_non_amp_amplify,0,teNEGATIVE00496,teNEGATIVE00496,15,0,False
CYFNNCPVG,AMPlify_non_AMP_train_imbalanced.fa,real_non_amp_amplify,0,trNEGATIVE74957,trNEGATIVE74957,9,0,False
NPLFGIAGEDGPTGPSGIVGQ,AMPlify_non_AMP_train_imbalanced.fa,real_non_amp_amplify,0,trNEGATIVE01934,trNEGATIVE01934,21,0,False
QWPRPTPQIPP,AMPlify_non_AMP_train_imbalanced.fa,real_non_amp_amplify,0,trNEGATIVE00895,trNEGATIVE00895,11,0,False
VVDIVDTFRNNIQGATK,AMPlify_non_AMP_train_imbalanced.fa,real_non_amp_amplify,0,trNEGATIVE00468,trNEGATIVE00468,17,0,False
MAWKTPRYDETPVGMEINMYACAKRK,AMPlify_non_AMP_train_imbalanced.fa,real_non_amp_amplify,0,trNEGATIVE01047,trNEGATIVE01047,26,0,False
AVAVGDRILFGKWSGTEV,AMPlify_non_AMP_test_imbalanced.fa,real_non_amp_amplify_window,0,teNEGATIVE16439,teNEGATIVE16439,95,57,True
QNAHPSPK,AMPlify_non_AMP_test_imbalanced.fa,real_non_amp_amplify,0,teNEGATIVE21489,teNEGATIVE21489,8,0,False
FLPIIAKLVSGLL,AMPlify_non_AMP_train_imbalanced.fa,real_non_amp_amplify,0,trNEGATIVE00523,trNEGATIVE00523,13,0,False
SGGGDGSGMWFGPRL,AMPlify_non_AMP_test_imbalanced.fa,real_non_amp_amplify,0,teNEGATIVE00441,teNEGATIVE00441,15,0,False
VGCEEDPMHCKGKQAKPTCCNGVCNCNV,AMPlify_non_AMP_test_imbalanced.fa,real_non_amp_amplify,0,teNEGATIVE00115,teNEGATIVE00115,28,0,False
FGTAAVFWVLIPVGLLGGAILLKL,AMPlify_non_AMP_train_imbalanced.fa,real_non_amp_amplify_window,0,trNEGATIVE02217,trNEGATIVE02217,32,5,True
MKIADQFHDELCRLAAINFEAHVLHG,AMPlify_non_AMP_train_imbalanced.fa,real_non_amp_amplify,0,trNEGATIVE03027,trNEGATIVE03027,26,0,False
EYPVVFVKGLFPGKG,AMPlify_non_AMP_train_imbalanced.fa,real_non_amp_amplify,0,trNEGATIVE02847,trNEGATIVE02847,15,0,False
KAWFVLSMRAVGGLFVDLWTSVAKTVKGWL,AMPlify_non_AMP_test_imbalanced.fa,real_non_amp_amplify,0,teNEGATIVE00038,teNEGATIVE00038,30,0,False
VSTLLPVVAAEEPA,AMPlify_non_AMP_train_imbalanced.fa,real_non_amp_amplify,0,trNEGATIVE00437,trNEGATIVE00437,14,0,False
QHYSLEWKPG,AMPlify_non_AMP_train_imbalanced.fa,real_non_amp_amplify,0,trNEGATIVE98046,trNEGATIVE98046,10,0,False
ACVPVYEECGTPKKRCCEERPCK,AMPlify_non_AMP_train_imbalanced.fa,real_non_amp_amplify,0,trNEGATIVE03240,trNEGATIVE03240,23,0,False
ARSDNFVRL,AMPlify_non_AMP_train_imbalanced.fa,real_non_amp_amplify,0,trNEGATIVE89709,trNEGATIVE89709,9,0,False
MDIVSLAWASLMVVFTFSLSLVVWGRSGL,AMPlify_non_AMP_train_imbalanced.fa,real_non_amp_amplify,0,trNEGATIVE00306,trNEGATIVE00306,29,0,False
DPPFAPRM,AMPlify_non_AMP_train_imbalanced.fa,real_non_amp_amplify,0,trNEGATIVE68469,trNEGATIVE68469,8,0,False
GSSGMIPFPRV,AMPlify_non_AMP_test_imbalanced.fa,real_non_amp_amplify,0,teNEGATIVE00222,teNEGATIVE00222,11,0,False
VIEVVYLRTPFSAGNATT,AMPlify_non_AMP_train_imbalanced.fa,real_non_amp_amplify,0,trNEGATIVE03199,trNEGATIVE03199,18,0,False
VGVCCGYKLCHPC,AMPlify_non_AMP_train_imbalanced.fa,real_non_amp_amplify,0,trNEGATIVE00773,trNEGATIVE00773,13,0,False
HSQGTFTSDYSKYLDSRRAQDFVQWLMST,AMPlify_non_AMP_test_imbalanced.fa,real_non_amp_amplify,0,teNEGATIVE00283,teNEGATIVE00283,29,0,False
TRSGGACNSHDQCCINFCRKATSTCM,AMPlify_non_AMP_train_imbalanced.fa,real_non_amp_amplify,0,trNEGATIVE02545,trNEGATIVE02545,26,0,False
MKVTFQGNEVTLQGKEVKVG,AMPlify_non_AMP_train_imbalanced.fa,real_non_amp_amplify,0,trNEGATIVE03178,trNEGATIVE03178,20,0,False
SVVAAYMV,AMPlify_non_AMP_train_imbalanced.fa,real_non_amp_amplify,0,trNEGATIVE70195,trNEGATIVE70195,8,0,False
QESGEVIIEIPR,AMPlify_non_AMP_train_imbalanced.fa,real_non_amp_amplify,0,trNEGATIVE00457,trNEGATIVE00457,12,0,False
MKRIGVLTSGGDSPGMNAAIRAVVR,AMPlify_non_AMP_train_imbalanced.fa,real_non_amp_amplify,0,trNEGATIVE00802,trNEGATIVE00802,25,0,False
MRSYEMNIETAEELSAVNDILASIGEPPVS,AMPlify_non_AMP_train_imbalanced.fa,real_non_amp_amplify,0,trNEGATIVE02994,trNEGATIVE02994,30,0,False
LGAEISSLTLEEAR,AMPlify_non_AMP_train_imbalanced.fa,real_non_amp_amplify,0,trNEGATIVE00902,trNEGATIVE00902,14,0,False
MKPALRDFIAIVQERLASVTA,AMPlify_non_AMP_train_imbalanced.fa,real_non_amp_amplify,0,trNEGATIVE00380,trNEGATIVE00380,21,0,False
AYGESANVFGAP,AMPlify_non_AMP_train_imbalanced.fa,real_non_amp_amplify,0,trNEGATIVE01855,trNEGATIVE01855,12,0,False
FVNTIRLLINKAREWNNKQSS,AMPlify_non_AMP_train_imbalanced.fa,real_non_amp_amplify,0,trNEGATIVE01225,trNEGATIVE01225,21,0,False
GCMPEYCAGQCRGKVSQDYCLKNCRCIR,AMPlify_non_AMP_train_imbalanced.fa,real_non_amp_amplify,0,trNEGATIVE00103,trNEGATIVE00103,28,0,False
MNQKHLLRFIKKSYQVDADRVVYSTK,AMPlify_non_AMP_train_imbalanced.fa,real_non_amp_amplify,0,trNEGATIVE02284,trNEGATIVE02284,26,0,False
SINNTGGSGNRRLDKNGFAGQ,AMPlify_non_AMP_train_imbalanced.fa,real_non_amp_amplify,0,trNEGATIVE01676,trNEGATIVE01676,21,0,False
VPGGDECNINEHRSL,AMPlify_non_AMP_train_imbalanced.fa,real_non_amp_amplify,0,trNEGATIVE02515,trNEGATIVE02515,15,0,False
HSDGTFTSELSRLRDSARLQRLLQGLV,AMPlify_non_AMP_train_imbalanced.fa,real_non_amp_amplify,0,trNEGATIVE00094,trNEGATIVE00094,27,0,False
KPRPQQFIGLM,AMPlify_non_AMP_train_imbalanced.fa,real_non_amp_amplify,0,trNEGATIVE00935,trNEGATIVE00935,11,0,False
SVQDNFIRF,AMPlify_non_AMP_train_imbalanced.fa,real_non_amp_amplify,0,trNEGATIVE30080,trNEGATIVE30080,9,0,False
QKTLIFGHKNPDTDTI,AMPlify_non_AMP_train_imbalanced.fa,real_non_amp_amplify,0,trNEGATIVE00779,trNEGATIVE00779,16,0,False
LENGLLRKPPMG,AMPlify_non_AMP_train_imbalanced.fa,real_non_amp_amplify,0,trNEGATIVE01227,trNEGATIVE01227,12,0,False
LEIADLAQYVVDLTAR,AMPlify_non_AMP_test_imbalanced.fa,real_non_amp_amplify,0,teNEGATIVE00576,teNEGATIVE00576,16,0,False
APSSMGFMGMR,AMPlify_non_AMP_train_imbalanced.fa,real_non_amp_amplify,0,trNEGATIVE00925,trNEGATIVE00925,11,0,False
HEDNAGIAVYWGQDAREGDLVTACN,AMPlify_non_AMP_test_imbalanced.fa,real_non_amp_amplify,0,teNEGATIVE00812,teNEGATIVE00812,25,0,False
GGISIWQLLIIALIVILLFGTKKLRSLG,AMPlify_non_AMP_train_imbalanced.fa,real_non_amp_amplify_window,0,trNEGATIVE84459,trNEGATIVE84459,79,1,True
GSPGLIPFGRS,AMPlify_non_AMP_train_imbalanced.fa,real_non_amp_amplify,0,trNEGATIVE00014,trNEGATIVE00014,11,0,False
MYAVKIDGRLPIEVTELL,AMPlify_non_AMP_train_imbalanced.fa,real_non_amp_amplify_window,0,trNEGATIVE09030,trNEGATIVE09030,102,72,True
SENTGAIGKVFPRGNHWAVGHLM,AMPlify_non_AMP_test_imbalanced.fa,real_non_amp_amplify,0,teNEGATIVE00716,teNEGATIVE00716,23,0,False
QAIVSKARRPYIL,AMPlify_non_AMP_train_imbalanced.fa,real_non_amp_amplify,0,trNEGATIVE01643,trNEGATIVE01643,13,0,False
ADTGDGDFITEGGGVR,AMPlify_non_AMP_train_imbalanced.fa,real_non_amp_amplify,0,trNEGATIVE01529,trNEGATIVE01529,16,0,False
MPGLDSPAAVRRAAMDLLAR,AMPlify_non_AMP_train_imbalanced.fa,real_non_amp_amplify,0,trNEGATIVE01464,trNEGATIVE01464,20,0,False
CYIQSCPIG,AMPlify_non_AMP_train_imbalanced.fa,real_non_amp_amplify,0,trNEGATIVE98590,trNEGATIVE98590,9,0,False
PAKQVAFAEHAREKMLRGVNVLA,AMPlify_non_AMP_train_imbalanced.fa,real_non_amp_amplify,0,trNEGATIVE01451,trNEGATIVE01451,23,0,False
INKYREWKNKKN,AMPlify_non_AMP_train_imbalanced.fa,real_non_amp_amplify,0,trNEGATIVE00894,trNEGATIVE00894,12,0,False
MAPRGFSCLLLSTSEIDLPVKRRA,AMPlify_non_AMP_train_imbalanced.fa,real_non_amp_amplify,0,trNEGATIVE01717,trNEGATIVE01717,24,0,False
KDGYLVGTDGCKYGCFTRPGHFCANEECL,AMPlify_non_AMP_train_imbalanced.fa,real_non_amp_amplify,0,trNEGATIVE02345,trNEGATIVE02345,29,0,False
MKLCWQKSIHGS,AMPlify_non_AMP_train_imbalanced.fa,real_non_amp_amplify,0,trNEGATIVE00367,trNEGATIVE00367,12,0,False
MPGKVQDFFLCSLLLRIVSAGWCD,AMPlify_non_AMP_train_imbalanced.fa,real_non_amp_amplify,0,trNEGATIVE00139,trNEGATIVE00139,24,0,False
QHWSHDWKPG,AMPlify_non_AMP_train_imbalanced.fa,real_non_amp_amplify,0,trNEGATIVE73873,trNEGATIVE73873,10,0,False
ADTGEGDFLAEGGGVR,AMPlify_non_AMP_train_imbalanced.fa,real_non_amp_amplify,0,trNEGATIVE00652,trNEGATIVE00652,16,0,False
AYELPELPYAYDA,AMPlify_non_AMP_test_imbalanced.fa,real_non_amp_amplify,0,teNEGATIVE00502,teNEGATIVE00502,13,0,False
GGETGSDAKAMWFGPRL,AMPlify_non_AMP_train_imbalanced.fa,real_non_amp_amplify,0,trNEGATIVE00872,trNEGATIVE00872,17,0,False
DDCTTYCYGVHCCPPAFKCAASPSCKQT,AMPlify_non_AMP_train_imbalanced.fa,real_non_amp_amplify,0,trNEGATIVE01332,trNEGATIVE01332,28,0,False
LPPCCTPPKKHCPAPACKYKPCCKS,AMPlify_non_AMP_train_imbalanced.fa,real_non_amp_amplify,0,trNEGATIVE01942,trNEGATIVE01942,25,0,False
GGNTECFWKYCV,AMPlify_non_AMP_train_imbalanced.fa,real_non_amp_amplify,0,trNEGATIVE02818,trNEGATIVE02818,12,0,False
MTRVQFKQHHHHHHPD,AMPlify_non_AMP_train_imbalanced.fa,real_non_amp_amplify,0,trNEGATIVE00435,trNEGATIVE00435,16,0,False
YQKSSPGSNITT,AMPlify_non_AMP_train_imbalanced.fa,real_non_amp_amplify,0,trNEGATIVE02520,trNEGATIVE02520,12,0,False
DISVVGGTGDFLMAR,AMPlify_non_AMP_train_imbalanced.fa,real_non_amp_amplify,0,trNEGATIVE02589,trNEGATIVE02589,15,0,False
FAQLLNDLK,AMPlify_non_AMP_train_imbalanced.fa,real_non_amp_amplify,0,trNEGATIVE43820,trNEGATIVE43820,9,0,False
SHDVNINIQFGFENPQQVVD,AMPlify_non_AMP_train_imbalanced.fa,real_non_amp_amplify,0,trNEGATIVE02554,trNEGATIVE02554,20,0,False
MALNLQDKQAIVAEVSEVAKGAL,AMPlify_non_AMP_train_imbalanced.fa,real_non_amp_amplify,0,trNEGATIVE01666,trNEGATIVE01666,23,0,False
GLRDFNVAVRASNGKYWTRRPESGTLV,AMPlify_non_AMP_train_imbalanced.fa,real_non_amp_amplify,0,trNEGATIVE03151,trNEGATIVE03151,27,0,False
GLGNNAFLGVR,AMPlify_non_AMP_train_imbalanced.fa,real_non_amp_amplify,0,trNEGATIVE03143,trNEGATIVE03143,11,0,False
ADEGFSATVRNGAV,AMPlify_non_AMP_train_imbalanced.fa,real_non_amp_amplify,0,trNEGATIVE01541,trNEGATIVE01541,14,0,False
SMIRGPRAAFGTLIGQ,AMPlify_non_AMP_train_imbalanced.fa,real_non_amp_amplify_window,0,trNEGATIVE41923,trNEGATIVE41923,155,2,True
ENGQLDGVIDPK,AMPlify_non_AMP_train_imbalanced.fa,real_non_amp_amplify,0,trNEGATIVE00216,trNEGATIVE00216,12,0,False
LYSLLTEK,AMPlify_non_AMP_train_imbalanced.fa,real_non_amp_amplify,0,trNEGATIVE86980,trNEGATIVE86980,8,0,False
SDYLQLART,AMPlify_non_AMP_train_imbalanced.fa,real_non_amp_amplify,0,trNEGATIVE37804,trNEGATIVE37804,9,0,False
VVGGEVARAHSWPWQISLQY,AMPlify_non_AMP_test_imbalanced.fa,real_non_amp_amplify,0,teNEGATIVE00111,teNEGATIVE00111,20,0,False
TDVLGLPAK,AMPlify_non_AMP_train_imbalanced.fa,real_non_amp_amplify,0,trNEGATIVE00700,trNEGATIVE00700,9,0,False
NTEAFFGQGTRLTVV,AMPlify_non_AMP_test_imbalanced.fa,real_non_amp_amplify,0,teNEGATIVE00800,teNEGATIVE00800,15,0,False
DITEVIAAGR,AMPlify_non_AMP_test_imbalanced.fa,real_non_amp_amplify,0,teNEGATIVE00724,teNEGATIVE00724,10,0,False
LGSLDEYAR,AMPlify_non_AMP_test_imbalanced.fa,real_non_amp_amplify,0,teNEGATIVE13045,teNEGATIVE13045,9,0,False
SPALDDEHNDNFLRF,AMPlify_non_AMP_train_imbalanced.fa,real_non_amp_amplify,0,trNEGATIVE02615,trNEGATIVE02615,15,0,False
EDPVRFNLG,AMPlify_non_AMP_train_imbalanced.fa,real_non_amp_amplify,0,trNEGATIVE65138,trNEGATIVE65138,9,0,False
KQFTKCELSQVLKDMDGYGGIALP,AMPlify_non_AMP_train_imbalanced.fa,real_non_amp_amplify,0,trNEGATIVE02758,trNEGATIVE02758,24,0,False
AGGADNFMRF,AMPlify_non_AMP_test_imbalanced.fa,real_non_amp_amplify,0,teNEGATIVE04228,teNEGATIVE04228,10,0,False
GHADNFMRF,AMPlify_non_AMP_train_imbalanced.fa,real_non_amp_amplify,0,trNEGATIVE34954,trNEGATIVE34954,9,0,False
MKFLCWQKSIHGS,AMPlify_non_AMP_train_imbalanced.fa,real_non_amp_amplify,0,trNEGATIVE00691,trNEGATIVE00691,13,0,False
TYNNNLIR,AMPlify_non_AMP_train_imbalanced.fa,real_non_amp_amplify,0,trNEGATIVE00824,trNEGATIVE00824,8,0,False
HDVYGGDYRITGDDGHS,AMPlify_non_AMP_test_imbalanced.fa,real_non_amp_amplify,0,teNEGATIVE00134,teNEGATIVE00134,17,0,False
FFTTFDKDNDDQQNDN,AMPlify_non_AMP_train_imbalanced.fa,real_non_amp_amplify,0,trNEGATIVE02153,trNEGATIVE02153,16,0,False
GYGFLTTDD,AMPlify_non_AMP_train_imbalanced.fa,real_non_amp_amplify,0,trNEGATIVE00257,trNEGATIVE00257,9,0,False
QARPPHPPIPPAP,AMPlify_non_AMP_train_imbalanced.fa,real_non_amp_amplify,0,trNEGATIVE00322,trNEGATIVE00322,13,0,False
FLNPFRWVINKYREWKNKKDS,AMPlify_non_AMP_train_imbalanced.fa,real_non_amp_amplify,0,trNEGATIVE00992,trNEGATIVE00992,21,0,False
APKNIVLFGATGMTGQVTLGQALE,AMPlify_non_AMP_train_imbalanced.fa,real_non_amp_amplify,0,trNEGATIVE00826,trNEGATIVE00826,24,0,False
KPEEDWGHR,AMPlify_non_AMP_train_imbalanced.fa,real_non_amp_amplify,0,trNEGATIVE23350,trNEGATIVE23350,9,0,False
HDRPKFCYLPADPGECLAHMRSF,AMPlify_non_AMP_test_imbalanced.fa,real_non_amp_amplify,0,teNEGATIVE00615,teNEGATIVE00615,23,0,False
YLGPTADSTMDQTFANN,AMPlify_non_AMP_train_imbalanced.fa,real_non_amp_amplify,0,trNEGATIVE03287,trNEGATIVE03287,17,0,False
RYCPSGCRKKPYGGGCSC,AMPlify_non_AMP_train_imbalanced.fa,real_non_amp_amplify,0,trNEGATIVE00455,trNEGATIVE00455,18,0,False
EGKAIGLAKPRMDST,AMPlify_non_AMP_train_imbalanced.fa,real_non_amp_amplify,0,trNEGATIVE01569,trNEGATIVE01569,15,0,False
DRYERGDVNLDLKGF,AMPlify_non_AMP_train_imbalanced.fa,real_non_amp_amplify,0,trNEGATIVE02304,trNEGATIVE02304,15,0,False
MRINTNINSM,AMPlify_non_AMP_train_imbalanced.fa,real_non_amp_amplify,0,trNEGATIVE00162,trNEGATIVE00162,10,0,False
SASGGAGESSGMWFGPRL,AMPlify_non_AMP_train_imbalanced.fa,real_non_amp_amplify,0,trNEGATIVE03324,trNEGATIVE03324,18,0,False
SIVPLGLPVPIGPIVVGPR,AMPlify_non_AMP_train_imbalanced.fa,real_non_amp_amplify,0,trNEGATIVE01649,trNEGATIVE01649,19,0,False
APSLRLRF,AMPlify_non_AMP_train_imbalanced.fa,real_non_amp_amplify,0,trNEGATIVE00765,trNEGATIVE00765,8,0,False
TPEHQRYVELFIVVDHGM,AMPlify_non_AMP_train_imbalanced.fa,real_non_amp_amplify,0,trNEGATIVE02618,trNEGATIVE02618,18,0,False
EEGGSPPPVVI,AMPlify_non_AMP_train_imbalanced.fa,real_non_amp_amplify,0,trNEGATIVE02693,trNEGATIVE02693,11,0,False
EWCGTNSDCGEGECCTGGSFNRH,AMPlify_non_AMP_train_imbalanced.fa,real_non_amp_amplify,0,trNEGATIVE01838,trNEGATIVE01838,23,0,False
GEPEVAKWAEGLREKAASN,AMPlify_non_AMP_train_imbalanced.fa,real_non_amp_amplify,0,trNEGATIVE02600,trNEGATIVE02600,19,0,False
NACSSDLNSK,AMPlify_non_AMP_train_imbalanced.fa,real_non_amp_amplify,0,trNEGATIVE31506,trNEGATIVE31506,10,0,False
MIAPIFAELAKTVGADKDGLPTLVAK,AMPlify_non_AMP_train_imbalanced.fa,real_non_amp_amplify,0,trNEGATIVE00879,trNEGATIVE00879,26,0,False
DEPDGVPTHQKQ,AMPlify_non_AMP_test_imbalanced.fa,real_non_amp_amplify,0,teNEGATIVE00458,teNEGATIVE00458,12,0,False
AGQDNFMRF,AMPlify_non_AMP_train_imbalanced.fa,real_non_amp_amplify,0,trNEGATIVE38567,trNEGATIVE38567,9,0,False
NYDKNFLRF,AMPlify_non_AMP_train_imbalanced.fa,real_non_amp_amplify,0,trNEGATIVE58585,trNEGATIVE58585,9,0,False
GVDSSFVRL,AMPlify_non_AMP_train_imbalanced.fa,real_non_amp_amplify,0,trNEGATIVE02801,trNEGATIVE02801,9,0,False
GEVFAFPR,AMPlify_non_AMP_train_imbalanced.fa,real_non_amp_amplify,0,trNEGATIVE65340,trNEGATIVE65340,8,0,False
CCDRIACRFGCVPCCT,AMPlify_non_AMP_test_imbalanced.fa,real_non_amp_amplify,0,teNEGATIVE00544,teNEGATIVE00544,16,0,False
QGRPPHPPIPPAP,AMPlify_non_AMP_train_imbalanced.fa,real_non_amp_amplify,0,trNEGATIVE02815,trNEGATIVE02815,13,0,False
STDHSTENTIENETEDVTKTE,AMPlify_non_AMP_train_imbalanced.fa,real_non_amp_amplify_window,0,trNEGATIVE32707,trNEGATIVE32707,150,20,True
MNQKHLLRFIKKSYRVDADRVVYDAK,AMPlify_non_AMP_train_imbalanced.fa,real_non_amp_amplify,0,trNEGATIVE00998,trNEGATIVE00998,26,0,False
YGLAGDHVLDAR,AMPlify_non_AMP_train_imbalanced.fa,real_non_amp_amplify,0,trNEGATIVE00534,trNEGATIVE00534,12,0,False
MSHIVRFTGLLLLNAFIVRGRPVGGIQH,AMPlify_non_AMP_train_imbalanced.fa,real_non_amp_amplify,0,trNEGATIVE03309,trNEGATIVE03309,28,0,False
MSEARNLFTTFGILAILLFFLYLIYAVL,AMPlify_non_AMP_train_imbalanced.fa,real_non_amp_amplify,0,trNEGATIVE00814,trNEGATIVE00814,28,0,False
MRVNKESLQMNTYISLHGWWRTSLLRAV,AMPlify_non_AMP_train_imbalanced.fa,real_non_amp_amplify,0,trNEGATIVE02379,trNEGATIVE02379,28,0,False
LPLYNFGL,AMPlify_non_AMP_train_imbalanced.fa,real_non_amp_amplify,0,trNEGATIVE19870,trNEGATIVE19870,8,0,False
QKKDKKDRFYGLF,AMPlify_non_AMP_test_imbalanced.fa,real_non_amp_amplify,0,teNEGATIVE00065,teNEGATIVE00065,13,0,False
EAAGLIPFPRVG,AMPlify_non_AMP_train_imbalanced.fa,real_non_amp_amplify,0,trNEGATIVE01808,trNEGATIVE01808,12,0,False
GEEEYQKMLENLREAEVKKNA,AMPlify_non_AMP_train_imbalanced.fa,real_non_amp_amplify,0,trNEGATIVE01154,trNEGATIVE01154,21,0,False
GVTFHDDDLIPF,AMPlify_non_AMP_train_imbalanced.fa,real_non_amp_amplify,0,trNEGATIVE01913,trNEGATIVE01913,12,0,False
RGSNLTHPL,AMPlify_non_AMP_test_imbalanced.fa,real_non_amp_amplify,0,teNEGATIVE00204,teNEGATIVE00204,9,0,False
PDYLQLARA,AMPlify_non_AMP_train_imbalanced.fa,real_non_amp_amplify,0,trNEGATIVE66235,trNEGATIVE66235,9,0,False
MTLSLINRSTACIQAVEQKYCRVPLPENNR,AMPlify_non_AMP_train_imbalanced.fa,real_non_amp_amplify,0,trNEGATIVE02579,trNEGATIVE02579,30,0,False
DPPFSPRL,AMPlify_non_AMP_train_imbalanced.fa,real_non_amp_amplify,0,trNEGATIVE100546,trNEGATIVE100546,8,0,False
MWTKPKFEEMRLGFEVTLYISNR,AMPlify_non_AMP_train_imbalanced.fa,real_non_amp_amplify,0,trNEGATIVE00937,trNEGATIVE00937,23,0,False
AYTGQTGAPWGLA,AMPlify_non_AMP_train_imbalanced.fa,real_non_amp_amplify,0,trNEGATIVE01420,trNEGATIVE01420,13,0,False
ECCNPACGRHYSCGK,AMPlify_non_AMP_train_imbalanced.fa,real_non_amp_amplify,0,trNEGATIVE01232,trNEGATIVE01232,15,0,False
LGICFASMPR,AMPlify_non_AMP_train_imbalanced.fa,real_non_amp_amplify,0,trNEGATIVE28862,trNEGATIVE28862,10,0,False
FKCMSEWYW,AMPlify_non_AMP_test_imbalanced.fa,real_non_amp_amplify,0,teNEGATIVE02207,teNEGATIVE02207,9,0,False
METFCYMKWPVRHHKSRRVSH,AMPlify_non_AMP_train_imbalanced.fa,real_non_amp_amplify,0,trNEGATIVE02070,trNEGATIVE02070,21,0,False
VGCEECPMHCKGKKALPTCDYGCECND,AMPlify_non_AMP_train_imbalanced.fa,real_non_amp_amplify,0,trNEGATIVE00645,trNEGATIVE00645,27,0,False
GGETSGETKGMWFGPRL,AMPlify_non_AMP_train_imbalanced.fa,real_non_amp_amplify,0,trNEGATIVE00934,trNEGATIVE00934,17,0,False
DASNAQKQHDVNFLL,AMPlify_non_AMP_train_imbalanced.fa,real_non_amp_amplify,0,trNEGATIVE02569,trNEGATIVE02569,15,0,False
SCKRECSGSKRQK,AMPlify_non_AMP_train_imbalanced.fa,real_non_amp_amplify,0,trNEGATIVE00218,trNEGATIVE00218,13,0,False
RPSFNSWG,AMPlify_non_AMP_train_imbalanced.fa,real_non_amp_amplify,0,trNEGATIVE03129,trNEGATIVE03129,8,0,False
DSIDYSKVPGNWRTI,AMPlify_non_AMP_train_imbalanced.fa,real_non_amp_amplify,0,trNEGATIVE02190,trNEGATIVE02190,15,0,False
PRRRTRRASRPVRRRRPRRVSRRRRARRRR,AMPlify_non_AMP_train_imbalanced.fa,real_non_amp_amplify,0,trNEGATIVE00271,trNEGATIVE00271,30,0,False
GWTLNSAGYLLGPHAVDNHRSLNDKHGLA,AMPlify_non_AMP_train_imbalanced.fa,real_non_amp_amplify,0,trNEGATIVE00690,trNEGATIVE00690,29,0,False
GPPCCLYGSCRPFPGCYNALCCRK,AMPlify_non_AMP_train_imbalanced.fa,real_non_amp_amplify,0,trNEGATIVE00970,trNEGATIVE00970,24,0,False
MQMQEKGWKIIIEEQ,AMPlify_non_AMP_train_imbalanced.fa,real_non_amp_amplify,0,trNEGATIVE01765,trNEGATIVE01765,15,0,False
FGCCREDRCREIDCD,AMPlify_non_AMP_train_imbalanced.fa,real_non_amp_amplify_window,0,trNEGATIVE35209,trNEGATIVE35209,74,59,True
AEVLMDFPQLTMTLPDGREESVMKLTTLVA,AMPlify_non_AMP_train_imbalanced.fa,real_non_amp_amplify,0,trNEGATIVE01556,trNEGATIVE01556,30,0,False
MDSVSVNQIL,AMPlify_non_AMP_train_imbalanced.fa,real_non_amp_amplify,0,trNEGATIVE02468,trNEGATIVE02468,10,0,False
MWLILFAIVATLGLMVADDNIWPDC,AMPlify_non_AMP_train_imbalanced.fa,real_non_amp_amplify,0,trNEGATIVE01622,trNEGATIVE01622,25,0,False
TKTEEGEFISEGGGVR,AMPlify_non_AMP_train_imbalanced.fa,real_non_amp_amplify,0,trNEGATIVE02018,trNEGATIVE02018,16,0,False
TDGKEGEFIAEGGGVR,AMPlify_non_AMP_test_imbalanced.fa,real_non_amp_amplify,0,teNEGATIVE00162,teNEGATIVE00162,16,0,False
ATCSASQLSPCLGAI,AMPlify_non_AMP_train_imbalanced.fa,real_non_amp_amplify,0,trNEGATIVE00353,trNEGATIVE00353,15,0,False
VDPAQVSGSWRTAAIASD,AMPlify_non_AMP_train_imbalanced.fa,real_non_amp_amplify,0,trNEGATIVE00043,trNEGATIVE00043,18,0,False
TLASAIASAR,AMPlify_non_AMP_test_imbalanced.fa,real_non_amp_amplify,0,teNEGATIVE23330,teNEGATIVE23330,10,0,False
MNRLLQRQLFLENLLVGVNSTFHQM,AMPlify_non_AMP_train_imbalanced.fa,real_non_amp_amplify,0,trNEGATIVE02807,trNEGATIVE02807,25,0,False
CCGVPNAACPPCVCNKTCG,AMPlify_non_AMP_train_imbalanced.fa,real_non_amp_amplify,0,trNEGATIVE00142,trNEGATIVE00142,19,0,False
EVRPFPEVYERIA,AMPlify_non_AMP_train_imbalanced.fa,real_non_amp_amplify,0,trNEGATIVE02071,trNEGATIVE02071,13,0,False
PSNLSYWWGFGPLAGICLVIQIVTGVF,AMPlify_non_AMP_train_imbalanced.fa,real_non_amp_amplify_window,0,trNEGATIVE33180,trNEGATIVE33180,89,28,True
DGRTPALRLRF,AMPlify_non_AMP_train_imbalanced.fa,real_non_amp_amplify,0,trNEGATIVE02522,trNEGATIVE02522,11,0,False
DCLPDWFHYEGHCYRVFDEPKKWADAEKFC,AMPlify_non_AMP_train_imbalanced.fa,real_non_amp_amplify,0,trNEGATIVE02696,trNEGATIVE02696,30,0,False
MDIVSLAWAALMVVFTFSLSLVVWGRSGL,AMPlify_non_AMP_train_imbalanced.fa,real_non_amp_amplify,0,trNEGATIVE01671,trNEGATIVE01671,29,0,False
TIVCGENNSCLKELC,AMPlify_non_AMP_test_imbalanced.fa,real_non_amp_amplify_window,0,teNEGATIVE19825,teNEGATIVE19825,138,87,True
ICPRILMPCSSDSDCLAECICLENGFCG,AMPlify_non_AMP_test_imbalanced.fa,real_non_amp_amplify,0,teNEGATIVE00075,teNEGATIVE00075,28,0,False
MFAGLPSLSHEQQQKAVERI,AMPlify_non_AMP_train_imbalanced.fa,real_non_amp_amplify,0,trNEGATIVE02731,trNEGATIVE02731,20,0,False
MTESALKADFTDYLLNVKAIVEFVK,AMPlify_non_AMP_train_imbalanced.fa,real_non_amp_amplify_window,0,trNEGATIVE38934,trNEGATIVE38934,80,10,True
WDVNDCIHFCLIGVVGRSYTECHTMCT,AMPlify_non_AMP_train_imbalanced.fa,real_non_amp_amplify,0,trNEGATIVE02136,trNEGATIVE02136,27,0,False
FGETSGETKGMWFGPRL,AMPlify_non_AMP_test_imbalanced.fa,real_non_amp_amplify,0,teNEGATIVE00728,teNEGATIVE00728,17,0,False
SHGKVETDEEFDARWVTYFS,AMPlify_non_AMP_train_imbalanced.fa,real_non_amp_amplify,0,trNEGATIVE01763,trNEGATIVE01763,20,0,False
SNKKDYRKEIVDKHNALSRSVKPTASNM,AMPlify_non_AMP_train_imbalanced.fa,real_non_amp_amplify,0,trNEGATIVE03018,trNEGATIVE03018,28,0,False
MLGFLPLP,AMPlify_non_AMP_train_imbalanced.fa,real_non_amp_amplify,0,trNEGATIVE02110,trNEGATIVE02110,8,0,False
GTGKFLRRRAFRNHLLDHKTPKQK,AMPlify_non_AMP_train_imbalanced.fa,real_non_amp_amplify_window,0,trNEGATIVE73125,trNEGATIVE73125,65,17,True
HPLMLRRPIMLDEKRLQIGFNDEE,AMPlify_non_AMP_train_imbalanced.fa,real_non_amp_amplify_window,0,trNEGATIVE41334,trNEGATIVE41334,131,85,True
NGGTSGLFAFPRV,AMPlify_non_AMP_train_imbalanced.fa,real_non_amp_amplify,0,trNEGATIVE00524,trNEGATIVE00524,13,0,False
HQKYNPFRFVELVLVVDKAM,AMPlify_non_AMP_train_imbalanced.fa,real_non_amp_amplify,0,trNEGATIVE01113,trNEGATIVE01113,20,0,False
VTVYENEGTKVDFDGNLRLLL,AMPlify_non_AMP_test_imbalanced.fa,real_non_amp_amplify,0,teNEGATIVE00525,teNEGATIVE00525,21,0,False
KRTKAPFSRVVKFSIDEIRN,AMPlify_non_AMP_train_imbalanced.fa,real_non_amp_amplify,0,trNEGATIVE02025,trNEGATIVE02025,20,0,False
DAAEPWQLGFQDAATPIMQGIIDLHH,AMPlify_non_AMP_train_imbalanced.fa,real_non_amp_amplify,0,trNEGATIVE03291,trNEGATIVE03291,26,0,False
MKHSEKNEIASHELPTTPLDPVLAAGRES,AMPlify_non_AMP_train_imbalanced.fa,real_non_amp_amplify,0,trNEGATIVE00049,trNEGATIVE00049,29,0,False
YEDAYALQYCPR,AMPlify_non_AMP_train_imbalanced.fa,real_non_amp_amplify,0,trNEGATIVE01799,trNEGATIVE01799,12,0,False
MIDDSQIFVALLFALVSAVLAIRLGKELYQ,AMPlify_non_AMP_train_imbalanced.fa,real_non_amp_amplify,0,trNEGATIVE03251,trNEGATIVE03251,30,0,False
RGCPRILMRCKRDSDCLAGCVCQKNGYCG,AMPlify_non_AMP_train_imbalanced.fa,real_non_amp_amplify,0,trNEGATIVE01789,trNEGATIVE01789,29,0,False
NCPAGCRSQGCCM,AMPlify_non_AMP_train_imbalanced.fa,real_non_amp_amplify,0,trNEGATIVE03257,trNEGATIVE03257,13,0,False
LGSAPITEEAIATPPSAETKLVPVGYGIKK,AMPlify_non_AMP_train_imbalanced.fa,real_non_amp_amplify,0,trNEGATIVE01639,trNEGATIVE01639,30,0,False
SASPGLPKGEKEQQEAIEHIDE,AMPlify_non_AMP_train_imbalanced.fa,real_non_amp_amplify,0,trNEGATIVE01012,trNEGATIVE01012,22,0,False
ARTQPGNIAPVGDFTLYPNAPRQGHIVA,AMPlify_non_AMP_test_imbalanced.fa,real_non_amp_amplify,0,teNEGATIVE00168,teNEGATIVE00168,28,0,False
ILCINVAGRRIC,AMPlify_non_AMP_train_imbalanced.fa,real_non_amp_amplify,0,trNEGATIVE01693,trNEGATIVE01693,12,0,False
APGDRIYVHPF,AMPlify_non_AMP_train_imbalanced.fa,real_non_amp_amplify,0,trNEGATIVE02710,trNEGATIVE02710,11,0,False
EEVQETVNLKYEYSVYR,AMPlify_non_AMP_train_imbalanced.fa,real_non_amp_amplify,0,trNEGATIVE00560,trNEGATIVE00560,17,0,False
AEPRDQFK,AMPlify_non_AMP_train_imbalanced.fa,real_non_amp_amplify,0,trNEGATIVE28112,trNEGATIVE28112,8,0,False
TGVNYGQLGNNLP,AMPlify_non_AMP_train_imbalanced.fa,real_non_amp_amplify,0,trNEGATIVE01191,trNEGATIVE01191,13,0,False
EPTPRSFNGDKVFRV,AMPlify_non_AMP_train_imbalanced.fa,real_non_amp_amplify,0,trNEGATIVE01265,trNEGATIVE01265,15,0,False
AEEQSFSSTKFSTDQPNLILQGDA,AMPlify_non_AMP_train_imbalanced.fa,real_non_amp_amplify,0,trNEGATIVE02930,trNEGATIVE02930,24,0,False
TKRQKLVQKYAAKRLEFK,AMPlify_non_AMP_train_imbalanced.fa,real_non_amp_amplify_window,0,trNEGATIVE16743,trNEGATIVE16743,100,10,True
YNPASNQCQGF,AMPlify_non_AMP_train_imbalanced.fa,real_non_amp_amplify,0,trNEGATIVE01720,trNEGATIVE01720,11,0,False
GCRQCGGGCNKHGKCINGKCKCY,AMPlify_non_AMP_train_imbalanced.fa,real_non_amp_amplify,0,trNEGATIVE01026,trNEGATIVE01026,23,0,False
MKWAAPIVSEICVGMEVTSYESAEIDTFN,AMPlify_non_AMP_train_imbalanced.fa,real_non_amp_amplify,0,trNEGATIVE03057,trNEGATIVE03057,29,0,False
DECCAIPLCAKIFPGRCP,AMPlify_non_AMP_train_imbalanced.fa,real_non_amp_amplify,0,trNEGATIVE02642,trNEGATIVE02642,18,0,False
TPQIQKPAPQFSKTALLPDE,AMPlify_non_AMP_train_imbalanced.fa,real_non_amp_amplify,0,trNEGATIVE02516,trNEGATIVE02516,20,0,False
FLSGLVGALAKMF,AMPlify_non_AMP_train_imbalanced.fa,real_non_amp_amplify,0,trNEGATIVE02058,trNEGATIVE02058,13,0,False
MNNSTKFCFSRFRTGN,AMPlify_non_AMP_train_imbalanced.fa,real_non_amp_amplify,0,trNEGATIVE00411,trNEGATIVE00411,16,0,False
FANTIRLLINKVREWKNKQSS,AMPlify_non_AMP_train_imbalanced.fa,real_non_amp_amplify,0,trNEGATIVE02286,trNEGATIVE02286,21,0,False
AELPQGLWVRPRLG,AMPlify_non_AMP_train_imbalanced.fa,real_non_amp_amplify,0,trNEGATIVE00328,trNEGATIVE00328,14,0,False
AGPYAFGL,AMPlify_non_AMP_train_imbalanced.fa,real_non_amp_amplify,0,trNEGATIVE07797,trNEGATIVE07797,8,0,False
KSPPQALNKPLPAPSAPSL,AMPlify_non_AMP_train_imbalanced.fa,real_non_amp_amplify,0,trNEGATIVE02114,trNEGATIVE02114,19,0,False
NIQIICCKHTPACCT,AMPlify_non_AMP_train_imbalanced.fa,real_non_amp_amplify,0,trNEGATIVE01167,trNEGATIVE01167,15,0,False
MDLITITWASVMVAFTFSLSLVVWGRSGL,AMPlify_non_AMP_train_imbalanced.fa,real_non_amp_amplify,0,trNEGATIVE03145,trNEGATIVE03145,29,0,False
MTDCRYLIKRVIKIIIAVLQLILLFL,AMPlify_non_AMP_test_imbalanced.fa,real_non_amp_amplify,0,teNEGATIVE00734,teNEGATIVE00734,26,0,False
GSASGLISMPRV,AMPlify_non_AMP_train_imbalanced.fa,real_non_amp_amplify,0,trNEGATIVE00698,trNEGATIVE00698,12,0,False
QLASDDYGHMRF,AMPlify_non_AMP_train_imbalanced.fa,real_non_amp_amplify,0,trNEGATIVE03082,trNEGATIVE03082,12,0,False
KDALEHTGFAPK,AMPlify_non_AMP_train_imbalanced.fa,real_non_amp_amplify,0,trNEGATIVE00646,trNEGATIVE00646,12,0,False
MQLTPPEVEK,AMPlify_non_AMP_train_imbalanced.fa,real_non_amp_amplify,0,trNEGATIVE59188,trNEGATIVE59188,10,0,False
RDCCTPPRKCKDRRCKPMKCCA,AMPlify_non_AMP_train_imbalanced.fa,real_non_amp_amplify,0,trNEGATIVE02024,trNEGATIVE02024,22,0,False
ADGSDPASSDFLAEGGGVR,AMPlify_non_AMP_train_imbalanced.fa,real_non_amp_amplify,0,trNEGATIVE01658,trNEGATIVE01658,19,0,False
MRLNYSRCYYSSQRRRQSLPKRFPLI,AMPlify_non_AMP_train_imbalanced.fa,real_non_amp_amplify,0,trNEGATIVE00485,trNEGATIVE00485,26,0,False
SLVSLNEPKDEIYMESQP,AMPlify_non_AMP_train_imbalanced.fa,real_non_amp_amplify,0,trNEGATIVE00242,trNEGATIVE00242,18,0,False
QDVDHVFLRF,AMPlify_non_AMP_test_imbalanced.fa,real_non_amp_amplify,0,teNEGATIVE00490,teNEGATIVE00490,10,0,False
SLSINTNTSEMIALQTLDA,AMPlify_non_AMP_test_imbalanced.fa,real_non_amp_amplify,0,teNEGATIVE00100,teNEGATIVE00100,19,0,False
APGDLLWSDEFDGAAGSAPNP,AMPlify_non_AMP_train_imbalanced.fa,real_non_amp_amplify,0,trNEGATIVE02239,trNEGATIVE02239,21,0,False
MREAICIHIGQAGYQIGNACSQLFC,AMPlify_non_AMP_train_imbalanced.fa,real_non_amp_amplify,0,trNEGATIVE02679,trNEGATIVE02679,25,0,False
DPCYEVCLQQHGNVKECEEACKHPVEY,AMPlify_non_AMP_test_imbalanced.fa,real_non_amp_amplify,0,teNEGATIVE00438,teNEGATIVE00438,27,0,False
FPIDDDDKIVGGYTNR,AMPlify_non_AMP_train_imbalanced.fa,real_non_amp_amplify,0,trNEGATIVE02306,trNEGATIVE02306,16,0,False
GSSGLISFPRN,AMPlify_non_AMP_train_imbalanced.fa,real_non_amp_amplify,0,trNEGATIVE00570,trNEGATIVE00570,11,0,False
LFFKGEKKL,AMPlify_non_AMP_train_imbalanced.fa,real_non_amp_amplify,0,trNEGATIVE02816,trNEGATIVE02816,9,0,False
AKTGILDSDGPTVAGNSLSGT,AMPlify_non_AMP_train_imbalanced.fa,real_non_amp_amplify,0,trNEGATIVE02378,trNEGATIVE02378,21,0,False
SVAVAGAVIEGATLTFNVLQ,AMPlify_non_AMP_train_imbalanced.fa,real_non_amp_amplify,0,trNEGATIVE01854,trNEGATIVE01854,20,0,False
SDPEVPGMWFGPRL,AMPlify_non_AMP_train_imbalanced.fa,real_non_amp_amplify,0,trNEGATIVE03315,trNEGATIVE03315,14,0,False
IPLDPVAGYKEPA,AMPlify_non_AMP_train_imbalanced.fa,real_non_amp_amplify,0,trNEGATIVE00529,trNEGATIVE00529,13,0,False
SIFVLPDLPYAKDALPKISAKTFDFGK,AMPlify_non_AMP_train_imbalanced.fa,real_non_amp_amplify,0,trNEGATIVE01088,trNEGATIVE01088,27,0,False
MTLIKYKRKNIQFYKKIIANGYAK,AMPlify_non_AMP_train_imbalanced.fa,real_non_amp_amplify,0,trNEGATIVE02917,trNEGATIVE02917,24,0,False
AGTADCFWKYCV,AMPlify_non_AMP_train_imbalanced.fa,real_non_amp_amplify,0,trNEGATIVE01017,trNEGATIVE01017,12,0,False
CCELPCHGCVPCCWP,AMPlify_non_AMP_train_imbalanced.fa,real_non_amp_amplify,0,trNEGATIVE00098,trNEGATIVE00098,15,0,False
VATFTLPDLPYDYGALEPAV,AMPlify_non_AMP_train_imbalanced.fa,real_non_amp_amplify,0,trNEGATIVE03234,trNEGATIVE03234,20,0,False
MDIISLGWAGVMTMFTFSLALVVWGRNGF,AMPlify_non_AMP_test_imbalanced.fa,real_non_amp_amplify,0,teNEGATIVE00372,teNEGATIVE00372,29,0,False
VTVYDAEGTKVQLDGSIRLVM,AMPlify_non_AMP_train_imbalanced.fa,real_non_amp_amplify,0,trNEGATIVE00704,trNEGATIVE00704,21,0,False
MENGKVHVASMSGLSMPHMNEMLEK,AMPlify_non_AMP_train_imbalanced.fa,real_non_amp_amplify,0,trNEGATIVE03126,trNEGATIVE03126,25,0,False
GLVPPADKY,AMPlify_non_AMP_train_imbalanced.fa,real_non_amp_amplify,0,trNEGATIVE59895,trNEGATIVE59895,9,0,False
GTLKGIPTDDEQATGLERRT,AMPlify_non_AMP_train_imbalanced.fa,real_non_amp_amplify,0,trNEGATIVE02330,trNEGATIVE02330,20,0,False
VVGGAECKIDGHRCLALLY,AMPlify_non_AMP_test_imbalanced.fa,real_non_amp_amplify,0,teNEGATIVE00208,teNEGATIVE00208,19,0,False
QVNFTPSW,AMPlify_non_AMP_train_imbalanced.fa,real_non_amp_amplify,0,trNEGATIVE56371,trNEGATIVE56371,8,0,False
QLGPPPRPQIPP,AMPlify_non_AMP_train_imbalanced.fa,real_non_amp_amplify,0,trNEGATIVE00255,trNEGATIVE00255,12,0,False
VDPGESTFIDEGATGR,AMPlify_non_AMP_test_imbalanced.fa,real_non_amp_amplify,0,teNEGATIVE00155,teNEGATIVE00155,16,0,False
PLPTTRGNPTGPKESKKEVESKTETDPFAW,AMPlify_non_AMP_train_imbalanced.fa,real_non_amp_amplify,0,trNEGATIVE01074,trNEGATIVE01074,30,0,False
AEVLMDFPQLTMTLPDGREESVMKRTTLVA,AMPlify_non_AMP_train_imbalanced.fa,real_non_amp_amplify,0,trNEGATIVE02740,trNEGATIVE02740,30,0,False
MARRGFSCLLLSTTATDLPVKRRT,AMPlify_non_AMP_train_imbalanced.fa,real_non_amp_amplify,0,trNEGATIVE02695,trNEGATIVE02695,24,0,False
SNVCFNACMKISSSQKTCQILC,AMPlify_non_AMP_train_imbalanced.fa,real_non_amp_amplify,0,trNEGATIVE03333,trNEGATIVE03333,22,0,False
IINDFTNLVNQVEPLK,AMPlify_non_AMP_train_imbalanced.fa,real_non_amp_amplify,0,trNEGATIVE02247,trNEGATIVE02247,16,0,False
LAKRADICQPGKTSQRACET,AMPlify_non_AMP_train_imbalanced.fa,real_non_amp_amplify,0,trNEGATIVE00307,trNEGATIVE00307,20,0,False
VVGGDECNINE,AMPlify_non_AMP_train_imbalanced.fa,real_non_amp_amplify,0,trNEGATIVE02921,trNEGATIVE02921,11,0,False
GCPWDPWC,AMPlify_non_AMP_train_imbalanced.fa,real_non_amp_amplify,0,trNEGATIVE38705,trNEGATIVE38705,8,0,False
GPSSGFFGMR,AMPlify_non_AMP_test_imbalanced.fa,real_non_amp_amplify,0,teNEGATIVE20244,teNEGATIVE20244,10,0,False
MMIPGHFDYHRPKSV,AMPlify_non_AMP_test_imbalanced.fa,real_non_amp_amplify,0,teNEGATIVE00719,teNEGATIVE00719,15,0,False
SADQPNSIPPRERKAGCKNFYWKGLTSC,AMPlify_non_AMP_train_imbalanced.fa,real_non_amp_amplify,0,trNEGATIVE01680,trNEGATIVE01680,28,0,False
EAAGLISFPRV,AMPlify_non_AMP_train_imbalanced.fa,real_non_amp_amplify,0,trNEGATIVE01322,trNEGATIVE01322,11,0,False
VSGVADER,AMPlify_non_AMP_train_imbalanced.fa,real_non_amp_amplify,0,trNEGATIVE02275,trNEGATIVE02275,8,0,False
LTYEMAQKPHHIGVRKSWLTWHSQNLE,AMPlify_non_AMP_test_imbalanced.fa,real_non_amp_amplify_window,0,teNEGATIVE11364,teNEGATIVE11364,164,39,True
TNTPEQQCYLQAKCYIEFYVVV,AMPlify_non_AMP_train_imbalanced.fa,real_non_amp_amplify,0,trNEGATIVE02660,trNEGATIVE02660,22,0,False
MDIVGIAWAALMVVFTFSLSLVVWGRSGL,AMPlify_non_AMP_test_imbalanced.fa,real_non_amp_amplify,0,teNEGATIVE00503,teNEGATIVE00503,29,0,False
GPSSGFFGTR,AMPlify_non_AMP_train_imbalanced.fa,real_non_amp_amplify,0,trNEGATIVE41451,trNEGATIVE41451,10,0,False
GECCTDCAQTAAANYC,AMPlify_non_AMP_train_imbalanced.fa,real_non_amp_amplify,0,trNEGATIVE02335,trNEGATIVE02335,16,0,False
MYVLQEINPGITS,AMPlify_non_AMP_train_imbalanced.fa,real_non_amp_amplify,0,trNEGATIVE02421,trNEGATIVE02421,13,0,False
QVNFTPNWGT,AMPlify_non_AMP_train_imbalanced.fa,real_non_amp_amplify,0,trNEGATIVE61667,trNEGATIVE61667,10,0,False
MENVMSWFNIDFEIKSDNNIDKTLL,AMPlify_non_AMP_test_imbalanced.fa,real_non_amp_amplify,0,teNEGATIVE00474,teNEGATIVE00474,25,0,False
MVGRYRFEFILIILILCALITARFYLS,AMPlify_non_AMP_train_imbalanced.fa,real_non_amp_amplify,0,trNEGATIVE03168,trNEGATIVE03168,27,0,False
GGESSNEAKGMWFGPRL,AMPlify_non_AMP_train_imbalanced.fa,real_non_amp_amplify,0,trNEGATIVE01050,trNEGATIVE01050,17,0,False
SVDFDSESPRKPEIQ,AMPlify_non_AMP_test_imbalanced.fa,real_non_amp_amplify,0,teNEGATIVE00112,teNEGATIVE00112,15,0,False
YSRLIAGLKKASI,AMPlify_non_AMP_train_imbalanced.fa,real_non_amp_amplify_window,0,trNEGATIVE77736,trNEGATIVE77736,118,75,True
DVVASSTAHKQQDINHLLDK,AMPlify_non_AMP_train_imbalanced.fa,real_non_amp_amplify,0,trNEGATIVE02102,trNEGATIVE02102,20,0,False
GPDSAFLRL,AMPlify_non_AMP_train_imbalanced.fa,real_non_amp_amplify,0,trNEGATIVE39338,trNEGATIVE39338,9,0,False
CEGHSHDHGA,AMPlify_non_AMP_train_imbalanced.fa,real_non_amp_amplify,0,trNEGATIVE40649,trNEGATIVE40649,10,0,False
RGSNLTIHPLRNTNDIDY,AMPlify_non_AMP_train_imbalanced.fa,real_non_amp_amplify,0,trNEGATIVE01879,trNEGATIVE01879,18,0,False
PAPESSFIRDP,AMPlify_non_AMP_test_imbalanced.fa,real_non_amp_amplify,0,teNEGATIVE00248,teNEGATIVE00248,11,0,False
HLLQFNKMIKFETGKNAIPFYAF,AMPlify_non_AMP_train_imbalanced.fa,real_non_amp_amplify,0,trNEGATIVE02386,trNEGATIVE02386,23,0,False
APANSVWS,AMPlify_non_AMP_test_imbalanced.fa,real_non_amp_amplify,0,teNEGATIVE18425,teNEGATIVE18425,8,0,False
CYIQNCPLG,AMPlify_non_AMP_train_imbalanced.fa,real_non_amp_amplify,0,trNEGATIVE72658,trNEGATIVE72658,9,0,False
ITKDFDALMKYIKRI,AMPlify_non_AMP_train_imbalanced.fa,real_non_amp_amplify,0,trNEGATIVE00494,trNEGATIVE00494,15,0,False
ANAKVPSHTISNPF,AMPlify_non_AMP_train_imbalanced.fa,real_non_amp_amplify,0,trNEGATIVE00969,trNEGATIVE00969,14,0,False
SLQAATEWLKANNQRGFLGEMGAGSNAD,AMPlify_non_AMP_test_imbalanced.fa,real_non_amp_amplify,0,teNEGATIVE00252,teNEGATIVE00252,28,0,False
SHGKQETDEEFDANL,AMPlify_non_AMP_train_imbalanced.fa,real_non_amp_amplify,0,trNEGATIVE01338,trNEGATIVE01338,15,0,False
HKLDSFIGLM,AMPlify_non_AMP_train_imbalanced.fa,real_non_amp_amplify,0,trNEGATIVE02724,trNEGATIVE02724,10,0,False
RICPRILMECSSDSDCLAECICLENGFCG,AMPlify_non_AMP_train_imbalanced.fa,real_non_amp_amplify,0,trNEGATIVE01019,trNEGATIVE01019,29,0,False
ASDVTLNSFAEDVTVGECCDCVDLTTVY,AMPlify_non_AMP_test_imbalanced.fa,real_non_amp_amplify,0,teNEGATIVE00567,teNEGATIVE00567,28,0,False
IALQSPAGAARIRDYLYNELSK,AMPlify_non_AMP_train_imbalanced.fa,real_non_amp_amplify,0,trNEGATIVE03233,trNEGATIVE03233,22,0,False
SGKPTFIRF,AMPlify_non_AMP_train_imbalanced.fa,real_non_amp_amplify,0,trNEGATIVE78749,trNEGATIVE78749,9,0,False
HSQGSFTSDYSKYLDSKQAKDFVIWLMNT,AMPlify_non_AMP_train_imbalanced.fa,real_non_amp_amplify,0,trNEGATIVE03330,trNEGATIVE03330,29,0,False
VTVVQYRSTNASSGYLNLRVYLLDTGLR,AMPlify_non_AMP_test_imbalanced.fa,real_non_amp_amplify,0,teNEGATIVE00069,teNEGATIVE00069,28,0,False
EAAGLLPFPRV,AMPlify_non_AMP_train_imbalanced.fa,real_non_amp_amplify,0,trNEGATIVE02953,trNEGATIVE02953,11,0,False
SLIQFETLIMKVAGQSGMFSYSA,AMPlify_non_AMP_train_imbalanced.fa,real_non_amp_amplify,0,trNEGATIVE01917,trNEGATIVE01917,23,0,False
MIYDSQIYTVLCIALLAGILAIRLGSTLYE,AMPlify_non_AMP_test_imbalanced.fa,real_non_amp_amplify,0,teNEGATIVE00256,teNEGATIVE00256,30,0,False
DFIGSSTNVIMVASTTLMLF,AMPlify_non_AMP_train_imbalanced.fa,real_non_amp_amplify,0,trNEGATIVE02048,trNEGATIVE02048,20,0,False
AHVEVPNSLY,AMPlify_non_AMP_train_imbalanced.fa,real_non_amp_amplify,0,trNEGATIVE12412,trNEGATIVE12412,10,0,False
CAGIGSFCGLPGLVDCCSDRCFIVCLP,AMPlify_non_AMP_train_imbalanced.fa,real_non_amp_amplify,0,trNEGATIVE01086,trNEGATIVE01086,27,0,False
AFELPALPYAKDALEPHISA,AMPlify_non_AMP_train_imbalanced.fa,real_non_amp_amplify,0,trNEGATIVE00834,trNEGATIVE00834,20,0,False
VSVVGTVR,AMPlify_non_AMP_train_imbalanced.fa,real_non_amp_amplify,0,trNEGATIVE03261,trNEGATIVE03261,8,0,False
GVCCGVSFCYPC,AMPlify_non_AMP_train_imbalanced.fa,real_non_amp_amplify,0,trNEGATIVE00801,trNEGATIVE00801,12,0,False
LKVPDLPLPE,AMPlify_non_AMP_train_imbalanced.fa,real_non_amp_amplify,0,trNEGATIVE36835,trNEGATIVE36835,10,0,False
WAGGDASGE,AMPlify_non_AMP_train_imbalanced.fa,real_non_amp_amplify,0,trNEGATIVE69235,trNEGATIVE69235,9,0,False
TIIGAPCRKCEHLDRSGNCVRDWSCGQEV,AMPlify_non_AMP_train_imbalanced.fa,real_non_amp_amplify,0,trNEGATIVE02905,trNEGATIVE02905,29,0,False
DRVYIHPFHLLVYS,AMPlify_non_AMP_test_imbalanced.fa,real_non_amp_amplify,0,teNEGATIVE00575,teNEGATIVE00575,14,0,False
MATQGFSCLLLSVSEIDLSMKRQYKQIR,AMPlify_non_AMP_train_imbalanced.fa,real_non_amp_amplify,0,trNEGATIVE00085,trNEGATIVE00085,28,0,False
TRCKGKGAPCRKTMYDCCSGSCGRRGKCG,AMPlify_non_AMP_test_imbalanced.fa,real_non_amp_amplify,0,teNEGATIVE00566,teNEGATIVE00566,29,0,False
SHAKVETDEE,AMPlify_non_AMP_train_imbalanced.fa,real_non_amp_amplify,0,trNEGATIVE02199,trNEGATIVE02199,10,0,False
IWVGISYKIHSLYFQ,AMPlify_non_AMP_train_imbalanced.fa,real_non_amp_amplify,0,trNEGATIVE01114,trNEGATIVE01114,15,0,False
CSKGGVGRGYGIG,AMPlify_non_AMP_train_imbalanced.fa,real_non_amp_amplify,0,trNEGATIVE01684,trNEGATIVE01684,13,0,False
IWSGIQSAF,AMPlify_non_AMP_test_imbalanced.fa,real_non_amp_amplify,0,teNEGATIVE11451,teNEGATIVE11451,9,0,False
RGLKAKFQKLIGKRALYICKSTKESRVVT,AMPlify_non_AMP_train_imbalanced.fa,real_non_amp_amplify_window,0,trNEGATIVE38392,trNEGATIVE38392,101,29,True
MDVAEYAAHDATGLAELIREGQVSACEV,AMPlify_non_AMP_test_imbalanced.fa,real_non_amp_amplify,0,teNEGATIVE00081,teNEGATIVE00081,28,0,False
MTATILVADDDAAIRTVLNQALSRAG,AMPlify_non_AMP_train_imbalanced.fa,real_non_amp_amplify,0,trNEGATIVE03109,trNEGATIVE03109,26,0,False
SKSSSPCFGGKLDRIGSYSGLGCNSRK,AMPlify_non_AMP_train_imbalanced.fa,real_non_amp_amplify,0,trNEGATIVE02026,trNEGATIVE02026,27,0,False
NLLQFNKMIKIMTKKNAFPFYTS,AMPlify_non_AMP_train_imbalanced.fa,real_non_amp_amplify,0,trNEGATIVE00930,trNEGATIVE00930,23,0,False
MDILSLGWSALMVVFTFSLALVVWGRNGF,AMPlify_non_AMP_test_imbalanced.fa,real_non_amp_amplify,0,teNEGATIVE00549,teNEGATIVE00549,29,0,False
GCCGAFACRFGCTPCC,AMPlify_non_AMP_train_imbalanced.fa,real_non_amp_amplify,0,trNEGATIVE01876,trNEGATIVE01876,16,0,False
DVIGPQAQVTLANQD,AMPlify_non_AMP_train_imbalanced.fa,real_non_amp_amplify,0,trNEGATIVE01438,trNEGATIVE01438,15,0,False
GGETSGEGKGMWFGPRL,AMPlify_non_AMP_train_imbalanced.fa,real_non_amp_amplify,0,trNEGATIVE00372,trNEGATIVE00372,17,0,False
VIGGDECNINEHRSLALVY,AMPlify_non_AMP_train_imbalanced.fa,real_non_amp_amplify,0,trNEGATIVE03136,trNEGATIVE03136,19,0,False
MAYRGFKTSRVVKHRVRRRWFNHRRRYR,AMPlify_non_AMP_test_imbalanced.fa,real_non_amp_amplify,0,teNEGATIVE00175,teNEGATIVE00175,28,0,False
MKNPRVHEIATAMIDAVRKVLVDHQ,AMPlify_non_AMP_train_imbalanced.fa,real_non_amp_amplify,0,trNEGATIVE02543,trNEGATIVE02543,25,0,False
KNWAVLVAGSNGWPNYRHHA,AMPlify_non_AMP_test_imbalanced.fa,real_non_amp_amplify,0,teNEGATIVE00320,teNEGATIVE00320,20,0,False
MSILPLVHAMANVRGDIEYLTEA,AMPlify_non_AMP_train_imbalanced.fa,real_non_amp_amplify,0,trNEGATIVE01312,trNEGATIVE01312,23,0,False
RCAHGTYYSNDSQQCLLNCCWWGGGDHCCR,AMPlify_non_AMP_train_imbalanced.fa,real_non_amp_amplify,0,trNEGATIVE00397,trNEGATIVE00397,30,0,False
MWKKPAFIDLRLGLEVTLYISNR,AMPlify_non_AMP_train_imbalanced.fa,real_non_amp_amplify,0,trNEGATIVE02937,trNEGATIVE02937,23,0,False
YGETAAVYVAVESR,AMPlify_non_AMP_train_imbalanced.fa,real_non_amp_amplify,0,trNEGATIVE03267,trNEGATIVE03267,14,0,False
QKKDRFLGLF,AMPlify_non_AMP_test_imbalanced.fa,real_non_amp_amplify,0,teNEGATIVE17337,teNEGATIVE17337,10,0,False
SGLQFAVMDGQGFLPFPRV,AMPlify_non_AMP_train_imbalanced.fa,real_non_amp_amplify,0,trNEGATIVE00005,trNEGATIVE00005,19,0,False
AYGGDGGAYYEWSPA,AMPlify_non_AMP_test_imbalanced.fa,real_non_amp_amplify,0,teNEGATIVE00290,teNEGATIVE00290,15,0,False
DTLKSEKNADFKDLY,AMPlify_non_AMP_train_imbalanced.fa,real_non_amp_amplify,0,trNEGATIVE02869,trNEGATIVE02869,15,0,False
AELPQGLWVRPRL,AMPlify_non_AMP_train_imbalanced.fa,real_non_amp_amplify,0,trNEGATIVE00821,trNEGATIVE00821,13,0,False
KDALEHTGFAPKKDGEEHVEWNYN,AMPlify_non_AMP_train_imbalanced.fa,real_non_amp_amplify,0,trNEGATIVE02281,trNEGATIVE02281,24,0,False
RCLFWSVCP,AMPlify_non_AMP_train_imbalanced.fa,real_non_amp_amplify,0,trNEGATIVE102682,trNEGATIVE102682,9,0,False
MIKVPLPDVIFVAHRNKHTRQGNITQTKY,AMPlify_non_AMP_train_imbalanced.fa,real_non_amp_amplify,0,trNEGATIVE02224,trNEGATIVE02224,29,0,False
GLGNNAFVGVR,AMPlify_non_AMP_train_imbalanced.fa,real_non_amp_amplify,0,trNEGATIVE00628,trNEGATIVE00628,11,0,False
GFGALFKFL,AMPlify_non_AMP_test_imbalanced.fa,real_non_amp_amplify,0,teNEGATIVE02272,teNEGATIVE02272,9,0,False
DIIMSTNTFSEEAEALLKEALETYLKEFA,AMPlify_non_AMP_train_imbalanced.fa,real_non_amp_amplify,0,trNEGATIVE00253,trNEGATIVE00253,29,0,False
QANQDFMRF,AMPlify_non_AMP_test_imbalanced.fa,real_non_amp_amplify,0,teNEGATIVE00560,teNEGATIVE00560,9,0,False
NLYQFKEMIRYTIP,AMPlify_non_AMP_train_imbalanced.fa,real_non_amp_amplify,0,trNEGATIVE02836,trNEGATIVE02836,14,0,False
AITLEKIFLPNNLVGWLDGRSS,AMPlify_non_AMP_train_imbalanced.fa,real_non_amp_amplify_window,0,trNEGATIVE87034,trNEGATIVE87034,193,90,True
SNTSHQDFHSFYGTNLMIGG,AMPlify_non_AMP_test_imbalanced.fa,real_non_amp_amplify,0,teNEGATIVE00156,teNEGATIVE00156,20,0,False
PVLQVVRDIHGDILTPDSRYIL,AMPlify_non_AMP_train_imbalanced.fa,real_non_amp_amplify,0,trNEGATIVE02929,trNEGATIVE02929,22,0,False
AEVPMPLRQLTMTLPDGREESVMERTTLVA,AMPlify_non_AMP_train_imbalanced.fa,real_non_amp_amplify,0,trNEGATIVE02313,trNEGATIVE02313,30,0,False
YSLRARPRF,AMPlify_non_AMP_train_imbalanced.fa,real_non_amp_amplify,0,trNEGATIVE01129,trNEGATIVE01129,9,0,False
AGEDVSHELEEKEKALANHSE,AMPlify_non_AMP_train_imbalanced.fa,real_non_amp_amplify,0,trNEGATIVE00739,trNEGATIVE00739,21,0,False
HSQGTFTSDYSKHLDSRYAQEFVQWLMNT,AMPlify_non_AMP_train_imbalanced.fa,real_non_amp_amplify,0,trNEGATIVE02270,trNEGATIVE02270,29,0,False
PFDRISNSAFSDF,AMPlify_non_AMP_train_imbalanced.fa,real_non_amp_amplify,0,trNEGATIVE02343,trNEGATIVE02343,13,0,False
PSIQGDAVRV,AMPlify_non_AMP_train_imbalanced.fa,real_non_amp_amplify_window,0,trNEGATIVE53799,trNEGATIVE53799,163,123,True
MVGNFPGANYSRDTRRAEIDIQIDIQKI,AMPlify_non_AMP_train_imbalanced.fa,real_non_amp_amplify,0,trNEGATIVE02437,trNEGATIVE02437,28,0,False
SQISLRGSNLTI,AMPlify_non_AMP_train_imbalanced.fa,real_non_amp_amplify,0,trNEGATIVE03317,trNEGATIVE03317,12,0,False
AETVQYYNSYSDASIASMAIVDSGK,AMPlify_non_AMP_train_imbalanced.fa,real_non_amp_amplify,0,trNEGATIVE00650,trNEGATIVE00650,25,0,False
ASGQDFMRF,AMPlify_non_AMP_train_imbalanced.fa,real_non_amp_amplify,0,trNEGATIVE51541,trNEGATIVE51541,9,0,False
QLNFSPGW,AMPlify_non_AMP_test_imbalanced.fa,real_non_amp_amplify,0,teNEGATIVE11556,teNEGATIVE11556,8,0,False
VSCADILTMATRQFDNVYYKNLQQGK,AMPlify_non_AMP_test_imbalanced.fa,real_non_amp_amplify,0,teNEGATIVE00810,teNEGATIVE00810,26,0,False
QGRPLGPPIPP,AMPlify_non_AMP_train_imbalanced.fa,real_non_amp_amplify,0,trNEGATIVE01279,trNEGATIVE01279,11,0,False
GDAAAQPEK,AMPlify_non_AMP_test_imbalanced.fa,real_non_amp_amplify,0,teNEGATIVE01303,teNEGATIVE01303,9,0,False
EILEYSGDGQVEVSDEQLAEAEHASQIEAQ,AMPlify_non_AMP_train_imbalanced.fa,real_non_amp_amplify_window,0,trNEGATIVE96374,trNEGATIVE96374,83,45,True
AAVTCIFMTLFGLSLGFALLKVQGE,AMPlify_non_AMP_test_imbalanced.fa,real_non_amp_amplify,0,teNEGATIVE00323,teNEGATIVE00323,25,0,False
MQLFHLCLVISCSCPTVQASKLCLGWL,AMPlify_non_AMP_train_imbalanced.fa,real_non_amp_amplify,0,trNEGATIVE03320,trNEGATIVE03320,27,0,False
TPPAGPDVGPR,AMPlify_non_AMP_train_imbalanced.fa,real_non_amp_amplify,0,trNEGATIVE01230,trNEGATIVE01230,11,0,False
DGGRNFLRF,AMPlify_non_AMP_train_imbalanced.fa,real_non_amp_amplify,0,trNEGATIVE98067,trNEGATIVE98067,9,0,False
NGRCCHPACAKYFSCGR,AMPlify_non_AMP_test_imbalanced.fa,real_non_amp_amplify,0,teNEGATIVE00743,teNEGATIVE00743,17,0,False
APVSVGGGTVLAKMYPRGNHWAVGHLM,AMPlify_non_AMP_train_imbalanced.fa,real_non_amp_amplify,0,trNEGATIVE01894,trNEGATIVE01894,27,0,False
DGDDYKFGHFRWSVPL,AMPlify_non_AMP_train_imbalanced.fa,real_non_amp_amplify,0,trNEGATIVE00132,trNEGATIVE00132,16,0,False
IDAFQDTLYTHTLRTYLGRPWK,AMPlify_non_AMP_test_imbalanced.fa,real_non_amp_amplify,0,teNEGATIVE00822,teNEGATIVE00822,22,0,False
MRVKLFQLRGMLSGSRIL,AMPlify_non_AMP_test_imbalanced.fa,real_non_amp_amplify,0,teNEGATIVE00737,teNEGATIVE00737,18,0,False
RICPRILMECSSDSDCLAECICLEQGFCG,AMPlify_non_AMP_train_imbalanced.fa,real_non_amp_amplify,0,trNEGATIVE01613,trNEGATIVE01613,29,0,False
LDLTPGSHVDSYVEA,AMPlify_non_AMP_train_imbalanced.fa,real_non_amp_amplify,0,trNEGATIVE00651,trNEGATIVE00651,15,0,False
IDTLPNTMFRVQL,AMPlify_non_AMP_train_imbalanced.fa,real_non_amp_amplify_window,0,trNEGATIVE25293,trNEGATIVE25293,72,13,True
IVDYCPAGCR,AMPlify_non_AMP_train_imbalanced.fa,real_non_amp_amplify,0,trNEGATIVE01764,trNEGATIVE01764,10,0,False
EKGKEILGKI,AMPlify_non_AMP_train_imbalanced.fa,real_non_amp_amplify,0,trNEGATIVE27691,trNEGATIVE27691,10,0,False
VHYHDCFVR,AMPlify_non_AMP_train_imbalanced.fa,real_non_amp_amplify,0,trNEGATIVE80132,trNEGATIVE80132,9,0,False
ARYGKSPYLYPLGY,AMPlify_non_AMP_train_imbalanced.fa,real_non_amp_amplify,0,trNEGATIVE03065,trNEGATIVE03065,14,0,False
AGDKPGDALLDEWLG,AMPlify_non_AMP_train_imbalanced.fa,real_non_amp_amplify,0,trNEGATIVE00274,trNEGATIVE00274,15,0,False
CYISNCPQG,AMPlify_non_AMP_train_imbalanced.fa,real_non_amp_amplify,0,trNEGATIVE19026,trNEGATIVE19026,9,0,False
RSCPRIWMECTRDSDCMAKCICVAGHCG,AMPlify_non_AMP_train_imbalanced.fa,real_non_amp_amplify,0,trNEGATIVE00571,trNEGATIVE00571,28,0,False
ISAEAPLYAEVGMPALSPTMT,AMPlify_non_AMP_train_imbalanced.fa,real_non_amp_amplify,0,trNEGATIVE03108,trNEGATIVE03108,21,0,False
LGEFAPTRTYRGHDKKDNKKDNKKGQKK,AMPlify_non_AMP_test_imbalanced.fa,real_non_amp_amplify,0,teNEGATIVE00142,teNEGATIVE00142,28,0,False
DLMQFETLIMKIAGRSGVWIYGSYGCYCG,AMPlify_non_AMP_test_imbalanced.fa,real_non_amp_amplify,0,teNEGATIVE00480,teNEGATIVE00480,29,0,False
EVEMLGDELRTLNQNLGLMR,AMPlify_non_AMP_test_imbalanced.fa,real_non_amp_amplify,0,teNEGATIVE00193,teNEGATIVE00193,20,0,False
SSSGLISMPRV,AMPlify_non_AMP_train_imbalanced.fa,real_non_amp_amplify,0,trNEGATIVE01910,trNEGATIVE01910,11,0,False
DRVKKIVVEHLGVDEEKV,AMPlify_non_AMP_train_imbalanced.fa,real_non_amp_amplify_window,0,trNEGATIVE86133,trNEGATIVE86133,77,5,True
GEEERKAMAELEAKKAQEALKA,AMPlify_non_AMP_train_imbalanced.fa,real_non_amp_amplify,0,trNEGATIVE02150,trNEGATIVE02150,22,0,False
QNCCNGGCSSKWCKGHARCC,AMPlify_non_AMP_train_imbalanced.fa,real_non_amp_amplify,0,trNEGATIVE03310,trNEGATIVE03310,20,0,False
KDGYLPGNEGCKY,AMPlify_non_AMP_train_imbalanced.fa,real_non_amp_amplify,0,trNEGATIVE00882,trNEGATIVE00882,13,0,False
SGGGEGSGMWFGPRL,AMPlify_non_AMP_train_imbalanced.fa,real_non_amp_amplify,0,trNEGATIVE03114,trNEGATIVE03114,15,0,False
LICYNDHGYTGKTTETCENGETTCYEKSR,AMPlify_non_AMP_train_imbalanced.fa,real_non_amp_amplify,0,trNEGATIVE02029,trNEGATIVE02029,29,0,False
IRNADMVEKGTVRVTATNIT,AMPlify_non_AMP_train_imbalanced.fa,real_non_amp_amplify_window,0,trNEGATIVE25360,trNEGATIVE25360,132,12,True
QHWSYGWLPG,AMPlify_non_AMP_train_imbalanced.fa,real_non_amp_amplify,0,trNEGATIVE13742,trNEGATIVE13742,10,0,False
FGTYGHPRPRFYYNP,AMPlify_non_AMP_train_imbalanced.fa,real_non_amp_amplify,0,trNEGATIVE02176,trNEGATIVE02176,15,0,False
AEAAAAPAPAAAPA,AMPlify_non_AMP_train_imbalanced.fa,real_non_amp_amplify,0,trNEGATIVE01163,trNEGATIVE01163,14,0,False
EQQQQQQPQNRRFRE,AMPlify_non_AMP_train_imbalanced.fa,real_non_amp_amplify,0,trNEGATIVE00430,trNEGATIVE00430,15,0,False
MADEALQHTFFA,AMPlify_non_AMP_train_imbalanced.fa,real_non_amp_amplify,0,trNEGATIVE00509,trNEGATIVE00509,12,0,False
DCCGVKLEMCHPCLCDNSCKNYGK,AMPlify_non_AMP_train_imbalanced.fa,real_non_amp_amplify,0,trNEGATIVE01007,trNEGATIVE01007,24,0,False
MPFSPDIAYSINYALGKYFFHRISHFLESA,AMPlify_non_AMP_train_imbalanced.fa,real_non_amp_amplify,0,trNEGATIVE01860,trNEGATIVE01860,30,0,False
GNWCCSARVCC,AMPlify_non_AMP_train_imbalanced.fa,real_non_amp_amplify,0,trNEGATIVE01054,trNEGATIVE01054,11,0,False
KTAIRNIANLCPPKPEMKGI,AMPlify_non_AMP_train_imbalanced.fa,real_non_amp_amplify_window,0,trNEGATIVE60025,trNEGATIVE60025,83,33,True
RICPRILMECKADSDCLAQCICQENGFCG,AMPlify_non_AMP_test_imbalanced.fa,real_non_amp_amplify,0,teNEGATIVE00513,teNEGATIVE00513,29,0,False
MDILSLGWAALMTMFTFSLALTVWARNGF,AMPlify_non_AMP_train_imbalanced.fa,real_non_amp_amplify,0,trNEGATIVE00813,trNEGATIVE00813,29,0,False
DAIVALKDRNGSSMQAIKKY,AMPlify_non_AMP_train_imbalanced.fa,real_non_amp_amplify_window,0,trNEGATIVE61148,trNEGATIVE61148,47,8,True
RSCCPCYWGGCPWGQNCYPEGCSGPKV,AMPlify_non_AMP_train_imbalanced.fa,real_non_amp_amplify,0,trNEGATIVE01403,trNEGATIVE01403,27,0,False
DVGPSTLANN,AMPlify_non_AMP_train_imbalanced.fa,real_non_amp_amplify,0,trNEGATIVE04378,trNEGATIVE04378,10,0,False
YGIHCNTLL,AMPlify_non_AMP_train_imbalanced.fa,real_non_amp_amplify,0,trNEGATIVE42679,trNEGATIVE42679,9,0,False
GPSTDLVIGNKGFDGGIDSAILR,AMPlify_non_AMP_train_imbalanced.fa,real_non_amp_amplify,0,trNEGATIVE01646,trNEGATIVE01646,23,0,False
NLYQFGNMIQCTIPGSNPLL,AMPlify_non_AMP_train_imbalanced.fa,real_non_amp_amplify,0,trNEGATIVE00508,trNEGATIVE00508,20,0,False
VELQNRLSDESQ,AMPlify_non_AMP_train_imbalanced.fa,real_non_amp_amplify,0,trNEGATIVE03208,trNEGATIVE03208,12,0,False
HAGDLGNIVAGSDGV,AMPlify_non_AMP_train_imbalanced.fa,real_non_amp_amplify,0,trNEGATIVE02000,trNEGATIVE02000,15,0,False
TTPQEVLSRIKDQGIKLIDLKFI,AMPlify_non_AMP_train_imbalanced.fa,real_non_amp_amplify,0,trNEGATIVE02027,trNEGATIVE02027,23,0,False
AKTIAYDEEARRGLERGLNSLADAVKVT,AMPlify_non_AMP_train_imbalanced.fa,real_non_amp_amplify,0,trNEGATIVE01632,trNEGATIVE01632,28,0,False
CCKYGWTCLLGCSPCGC,AMPlify_non_AMP_train_imbalanced.fa,real_non_amp_amplify,0,trNEGATIVE00214,trNEGATIVE00214,17,0,False
DECCAIPFCAKIFPGRCP,AMPlify_non_AMP_train_imbalanced.fa,real_non_amp_amplify,0,trNEGATIVE02045,trNEGATIVE02045,18,0,False
GSFFATPDDRH,AMPlify_non_AMP_train_imbalanced.fa,real_non_amp_amplify,0,trNEGATIVE03316,trNEGATIVE03316,11,0,False
LGTGLGVDQN,AMPlify_non_AMP_train_imbalanced.fa,real_non_amp_amplify,0,trNEGATIVE12374,trNEGATIVE12374,10,0,False
ARPYSFGL,AMPlify_non_AMP_train_imbalanced.fa,real_non_amp_amplify,0,trNEGATIVE45434,trNEGATIVE45434,8,0,False
DVPASIDWREYGYVTEVKD,AMPlify_non_AMP_train_imbalanced.fa,real_non_amp_amplify,0,trNEGATIVE02909,trNEGATIVE02909,19,0,False
PAWLVDCPCVGDDVNRLLARGEK,AMPlify_non_AMP_train_imbalanced.fa,real_non_amp_amplify,0,trNEGATIVE00013,trNEGATIVE00013,23,0,False
VVGGDECNINEHRFL,AMPlify_non_AMP_train_imbalanced.fa,real_non_amp_amplify,0,trNEGATIVE01104,trNEGATIVE01104,15,0,False
MKKAWWKEGVVYQIY,AMPlify_non_AMP_train_imbalanced.fa,real_non_amp_amplify,0,trNEGATIVE00531,trNEGATIVE00531,15,0,False
DLWSWGQMIQETGLLPSYTTY,AMPlify_non_AMP_test_imbalanced.fa,real_non_amp_amplify,0,teNEGATIVE00573,teNEGATIVE00573,21,0,False
GVGCSSGCHKVGGQCRCG,AMPlify_non_AMP_train_imbalanced.fa,real_non_amp_amplify,0,trNEGATIVE01222,trNEGATIVE01222,18,0,False
MSNFHNEHVMQFYRNNLKTKGVFGRQ,AMPlify_non_AMP_train_imbalanced.fa,real_non_amp_amplify,0,trNEGATIVE01688,trNEGATIVE01688,26,0,False
MEWYPEAAANAERYTQIVWYK,AMPlify_non_AMP_train_imbalanced.fa,real_non_amp_amplify,0,trNEGATIVE01107,trNEGATIVE01107,21,0,False
NLLQFNKMIKVETGKNAIPFYAF,AMPlify_non_AMP_train_imbalanced.fa,real_non_amp_amplify,0,trNEGATIVE00576,trNEGATIVE00576,23,0,False
SCCNAGFCRFGCTPCCY,AMPlify_non_AMP_train_imbalanced.fa,real_non_amp_amplify,0,trNEGATIVE01851,trNEGATIVE01851,17,0,False
PVQSVFSATRCGAN,AMPlify_non_AMP_train_imbalanced.fa,real_non_amp_amplify,0,trNEGATIVE01498,trNEGATIVE01498,14,0,False
IANVFAVDIHPAAR,AMPlify_non_AMP_train_imbalanced.fa,real_non_amp_amplify,0,trNEGATIVE01470,trNEGATIVE01470,14,0,False
QPSQDFMRF,AMPlify_non_AMP_train_imbalanced.fa,real_non_amp_amplify,0,trNEGATIVE00702,trNEGATIVE00702,9,0,False
EGLLQLPSDK,AMPlify_non_AMP_train_imbalanced.fa,real_non_amp_amplify,0,trNEGATIVE33684,trNEGATIVE33684,10,0,False
ENFAGGCATGYLRTADGRCKPTF,AMPlify_non_AMP_train_imbalanced.fa,real_non_amp_amplify,0,trNEGATIVE00433,trNEGATIVE00433,23,0,False
KVPVDDQFRRVNNGGATDTR,AMPlify_non_AMP_test_imbalanced.fa,real_non_amp_amplify,0,teNEGATIVE00702,teNEGATIVE00702,20,0,False
IEEVDAIERAVL,AMPlify_non_AMP_test_imbalanced.fa,real_non_amp_amplify_window,0,teNEGATIVE18915,teNEGATIVE18915,157,89,True
GDVVANPESVELK,AMPlify_non_AMP_train_imbalanced.fa,real_non_amp_amplify,0,trNEGATIVE03043,trNEGATIVE03043,13,0,False
MFFKWISKFIRRLSKCGIKSITSKAYK,AMPlify_non_AMP_test_imbalanced.fa,real_non_amp_amplify,0,teNEGATIVE00834,teNEGATIVE00834,27,0,False
GWTLNSAGYLLGPHAIDNHRSFNEKHGIA,AMPlify_non_AMP_train_imbalanced.fa,real_non_amp_amplify,0,trNEGATIVE02090,trNEGATIVE02090,29,0,False
LEEQSFSFTKFSTDQQNLILQAHY,AMPlify_non_AMP_train_imbalanced.fa,real_non_amp_amplify,0,trNEGATIVE03139,trNEGATIVE03139,24,0,False
GYEVIDTIK,AMPlify_non_AMP_train_imbalanced.fa,real_non_amp_amplify,0,trNEGATIVE03190,trNEGATIVE03190,9,0,False
HTAGFIPRL,AMPlify_non_AMP_test_imbalanced.fa,real_non_amp_amplify,0,teNEGATIVE14273,teNEGATIVE14273,9,0,False
CCDDSECSTSCWPCCY,AMPlify_non_AMP_test_imbalanced.fa,real_non_amp_amplify,0,teNEGATIVE00341,teNEGATIVE00341,16,0,False
MGQFFAYATVITVKENDHVA,AMPlify_non_AMP_train_imbalanced.fa,real_non_amp_amplify,0,trNEGATIVE01598,trNEGATIVE01598,20,0,False
AAGLFQFPRV,AMPlify_non_AMP_train_imbalanced.fa,real_non_amp_amplify,0,trNEGATIVE41563,trNEGATIVE41563,10,0,False
GPESAFLRL,AMPlify_non_AMP_train_imbalanced.fa,real_non_amp_amplify,0,trNEGATIVE72737,trNEGATIVE72737,9,0,False
NSKQPVHIFTTKK,AMPlify_non_AMP_train_imbalanced.fa,real_non_amp_amplify_window,0,trNEGATIVE88203,trNEGATIVE88203,77,13,True
YRRRRRRGRRGRRRRGRRRRSRGRRRAHGG,AMPlify_non_AMP_train_imbalanced.fa,real_non_amp_amplify,0,trNEGATIVE02958,trNEGATIVE02958,30,0,False
CKGKGASCRKTMYDCCRGSCRSGRC,AMPlify_non_AMP_test_imbalanced.fa,real_non_amp_amplify,0,teNEGATIVE00616,teNEGATIVE00616,25,0,False
CDAPTHYCTNYWECCSGYCEHSHCW,AMPlify_non_AMP_train_imbalanced.fa,real_non_amp_amplify,0,trNEGATIVE00841,trNEGATIVE00841,25,0,False
SSANPQITRKRHKINSFVGLM,AMPlify_non_AMP_train_imbalanced.fa,real_non_amp_amplify,0,trNEGATIVE01752,trNEGATIVE01752,21,0,False
ISGLIYEETRIFLENVIR,AMPlify_non_AMP_train_imbalanced.fa,real_non_amp_amplify,0,trNEGATIVE00606,trNEGATIVE00606,18,0,False
HSNVAATILPRSGLGHKHGIV,AMPlify_non_AMP_train_imbalanced.fa,real_non_amp_amplify_window,0,trNEGATIVE09644,trNEGATIVE09644,152,60,True
CCAFPQWCGAGCIVPCC,AMPlify_non_AMP_test_imbalanced.fa,real_non_amp_amplify,0,teNEGATIVE00663,teNEGATIVE00663,17,0,False
VIGGDECNINEHRSL,AMPlify_non_AMP_train_imbalanced.fa,real_non_amp_amplify,0,trNEGATIVE01055,trNEGATIVE01055,15,0,False
LCEKFKVQRLVELNCVD,AMPlify_non_AMP_train_imbalanced.fa,real_non_amp_amplify,0,trNEGATIVE01072,trNEGATIVE01072,17,0,False
KEICFPRLGCFSDDAPWAGIAQRPL,AMPlify_non_AMP_train_imbalanced.fa,real_non_amp_amplify,0,trNEGATIVE00389,trNEGATIVE00389,25,0,False
DINGGGATLPQALYQTSGVL,AMPlify_non_AMP_test_imbalanced.fa,real_non_amp_amplify,0,teNEGATIVE00746,teNEGATIVE00746,20,0,False
LGSPFGGFDTLGSNR,AMPlify_non_AMP_train_imbalanced.fa,real_non_amp_amplify,0,trNEGATIVE00526,trNEGATIVE00526,15,0,False
HNPASFIGLM,AMPlify_non_AMP_test_imbalanced.fa,real_non_amp_amplify,0,teNEGATIVE00130,teNEGATIVE00130,10,0,False
EDGSGEFLAEGGGVR,AMPlify_non_AMP_train_imbalanced.fa,real_non_amp_amplify,0,trNEGATIVE02837,trNEGATIVE02837,15,0,False
CCMALCSRYHCLPCC,AMPlify_non_AMP_train_imbalanced.fa,real_non_amp_amplify,0,trNEGATIVE00465,trNEGATIVE00465,15,0,False
MDPTVGWIALLAFFVVSIALVVWGRNGF,AMPlify_non_AMP_train_imbalanced.fa,real_non_amp_amplify,0,trNEGATIVE00806,trNEGATIVE00806,28,0,False
CAVVDVPFGGAKAGVK,AMPlify_non_AMP_test_imbalanced.fa,real_non_amp_amplify,0,teNEGATIVE00030,teNEGATIVE00030,16,0,False
QLHVNKARRPYIL,AMPlify_non_AMP_train_imbalanced.fa,real_non_amp_amplify,0,trNEGATIVE01776,trNEGATIVE01776,13,0,False
MRWQEMGYIFYPRKLR,AMPlify_non_AMP_train_imbalanced.fa,real_non_amp_amplify,0,trNEGATIVE00371,trNEGATIVE00371,16,0,False
MITDSQIFFALCIALTAAVLAIGLGRQLYV,AMPlify_non_AMP_train_imbalanced.fa,real_non_amp_amplify,0,trNEGATIVE01297,trNEGATIVE01297,30,0,False
AGCKNFFWKTFTSC,AMPlify_non_AMP_train_imbalanced.fa,real_non_amp_amplify,0,trNEGATIVE02390,trNEGATIVE02390,14,0,False
GNALGKEGLKAI,AMPlify_non_AMP_train_imbalanced.fa,real_non_amp_amplify,0,trNEGATIVE03128,trNEGATIVE03128,12,0,False
TPNSYILQQFENPANPKLIVAIFPSFGER,AMPlify_non_AMP_test_imbalanced.fa,real_non_amp_amplify,0,teNEGATIVE00037,teNEGATIVE00037,29,0,False
TETTEGDFIAEGGGVR,AMPlify_non_AMP_train_imbalanced.fa,real_non_amp_amplify,0,trNEGATIVE03314,trNEGATIVE03314,16,0,False
MISDIQIMVALFAALFTGILALRLGTELYK,AMPlify_non_AMP_train_imbalanced.fa,real_non_amp_amplify,0,trNEGATIVE02006,trNEGATIVE02006,30,0,False
VCCGYKLCHPC,AMPlify_non_AMP_test_imbalanced.fa,real_non_amp_amplify,0,teNEGATIVE00729,teNEGATIVE00729,11,0,False
MKITPLGDNVVIKKLLATA,AMPlify_non_AMP_train_imbalanced.fa,real_non_amp_amplify,0,trNEGATIVE00076,trNEGATIVE00076,19,0,False
MHSNNSRQILIPHQNENMFLTELY,AMPlify_non_AMP_train_imbalanced.fa,real_non_amp_amplify,0,trNEGATIVE00727,trNEGATIVE00727,24,0,False
AEPVEPWS,AMPlify_non_AMP_train_imbalanced.fa,real_non_amp_amplify,0,trNEGATIVE70188,trNEGATIVE70188,8,0,False
LKDAQSRITK,AMPlify_non_AMP_train_imbalanced.fa,real_non_amp_amplify,0,trNEGATIVE96691,trNEGATIVE96691,10,0,False
KPRPHQFFGLM,AMPlify_non_AMP_train_imbalanced.fa,real_non_amp_amplify,0,trNEGATIVE02051,trNEGATIVE02051,11,0,False
HHDHHAAVGGGGGGGGGA,AMPlify_non_AMP_test_imbalanced.fa,real_non_amp_amplify,0,teNEGATIVE00582,teNEGATIVE00582,18,0,False
AFCCPSGWSAYDQNCY,AMPlify_non_AMP_train_imbalanced.fa,real_non_amp_amplify,0,trNEGATIVE00402,trNEGATIVE00402,16,0,False
QKCCTGKKGSCSGRACKNLRCCA,AMPlify_non_AMP_train_imbalanced.fa,real_non_amp_amplify,0,trNEGATIVE00324,trNEGATIVE00324,23,0,False
TRRTAFLFDELSLWHSASQYALILPVGG,AMPlify_non_AMP_train_imbalanced.fa,real_non_amp_amplify,0,trNEGATIVE01927,trNEGATIVE01927,28,0,False
KNWAVLVAGSDGLPNYRHHADV,AMPlify_non_AMP_train_imbalanced.fa,real_non_amp_amplify,0,trNEGATIVE00901,trNEGATIVE00901,22,0,False
DASFSSWG,AMPlify_non_AMP_test_imbalanced.fa,real_non_amp_amplify,0,teNEGATIVE08403,teNEGATIVE08403,8,0,False
DSGSSRDPGASSGGC,AMPlify_non_AMP_train_imbalanced.fa,real_non_amp_amplify,0,trNEGATIVE00088,trNEGATIVE00088,15,0,False
STAGDTHLGGEDF,AMPlify_non_AMP_train_imbalanced.fa,real_non_amp_amplify,0,trNEGATIVE02137,trNEGATIVE02137,13,0,False
SDLTWTYQSPGDPTNSKN,AMPlify_non_AMP_train_imbalanced.fa,real_non_amp_amplify,0,trNEGATIVE01262,trNEGATIVE01262,18,0,False
ADETCTDLTILTTQYIAGDFD,AMPlify_non_AMP_train_imbalanced.fa,real_non_amp_amplify,0,trNEGATIVE02538,trNEGATIVE02538,21,0,False
QWAQWPRPTPQIPP,AMPlify_non_AMP_train_imbalanced.fa,real_non_amp_amplify,0,trNEGATIVE01606,trNEGATIVE01606,14,0,False
GCCHLLACRFGCSPCCW,AMPlify_non_AMP_train_imbalanced.fa,real_non_amp_amplify,0,trNEGATIVE02079,trNEGATIVE02079,17,0,False
RPRPQQFFGLM,AMPlify_non_AMP_train_imbalanced.fa,real_non_amp_amplify,0,trNEGATIVE01370,trNEGATIVE01370,11,0,False
AAALSQAADNLR,AMPlify_non_AMP_train_imbalanced.fa,real_non_amp_amplify,0,trNEGATIVE00708,trNEGATIVE00708,12,0,False
MNEQSMKPYVIGLDLGGTNSVFGIV,AMPlify_non_AMP_train_imbalanced.fa,real_non_amp_amplify,0,trNEGATIVE02001,trNEGATIVE02001,25,0,False
GSGFSSWG,AMPlify_non_AMP_train_imbalanced.fa,real_non_amp_amplify,0,trNEGATIVE16309,trNEGATIVE16309,8,0,False
NNPPCCSGYVCEGVYCAVDV,AMPlify_non_AMP_test_imbalanced.fa,real_non_amp_amplify,0,teNEGATIVE00361,teNEGATIVE00361,20,0,False
YAIVARPRF,AMPlify_non_AMP_train_imbalanced.fa,real_non_amp_amplify,0,trNEGATIVE04329,trNEGATIVE04329,9,0,False
YSQVSRPRF,AMPlify_non_AMP_train_imbalanced.fa,real_non_amp_amplify,0,trNEGATIVE01947,trNEGATIVE01947,9,0,False
AVSCGQVDTALTPCL,AMPlify_non_AMP_test_imbalanced.fa,real_non_amp_amplify,0,teNEGATIVE00079,teNEGATIVE00079,15,0,False
SLINTEVKPFQATAYHNGQFVEVNE,AMPlify_non_AMP_train_imbalanced.fa,real_non_amp_amplify,0,trNEGATIVE01532,trNEGATIVE01532,25,0,False
QAPWPDTISPP,AMPlify_non_AMP_train_imbalanced.fa,real_non_amp_amplify,0,trNEGATIVE01347,trNEGATIVE01347,11,0,False
KKIEEEAAAAGATAE,AMPlify_non_AMP_train_imbalanced.fa,real_non_amp_amplify,0,trNEGATIVE01300,trNEGATIVE01300,15,0,False
EDDHDHHHHHHHHHHHHGVGGGGGGGGGGA,AMPlify_non_AMP_test_imbalanced.fa,real_non_amp_amplify,0,teNEGATIVE00455,teNEGATIVE00455,30,0,False
MFKMKFGDTLPRSDFGTGGNKQAPGLELG,AMPlify_non_AMP_train_imbalanced.fa,real_non_amp_amplify,0,trNEGATIVE00846,trNEGATIVE00846,29,0,False
RDFTHTIIDNSDLFSESRNTRLG,AMPlify_non_AMP_train_imbalanced.fa,real_non_amp_amplify,0,trNEGATIVE02232,trNEGATIVE02232,23,0,False
SAKDVKFGDSARSMMIAGVNVIAD,AMPlify_non_AMP_train_imbalanced.fa,real_non_amp_amplify,0,trNEGATIVE01354,trNEGATIVE01354,24,0,False
MIYSTEVSNMAGV,AMPlify_non_AMP_train_imbalanced.fa,real_non_amp_amplify,0,trNEGATIVE00860,trNEGATIVE00860,13,0,False
CKSPGTPCSRGMRDCCTSCLLYSNKCRRY,AMPlify_non_AMP_train_imbalanced.fa,real_non_amp_amplify,0,trNEGATIVE01624,trNEGATIVE01624,29,0,False
NHYSYSSPPPPPVVSSPPPPYYYYSPPPPV,AMPlify_non_AMP_train_imbalanced.fa,real_non_amp_amplify,0,trNEGATIVE01768,trNEGATIVE01768,30,0,False
MRAKWKKKRMRRLKRKRRKMRQRSK,AMPlify_non_AMP_train_imbalanced.fa,real_non_amp_amplify,0,trNEGATIVE02166,trNEGATIVE02166,25,0,False
NFQRDVEITWGDMRR,AMPlify_non_AMP_train_imbalanced.fa,real_non_amp_amplify,0,trNEGATIVE01902,trNEGATIVE01902,15,0,False
ADVPGNYPLDSYGNCYPCTILGDNQYCI,AMPlify_non_AMP_train_imbalanced.fa,real_non_amp_amplify,0,trNEGATIVE03207,trNEGATIVE03207,28,0,False
GDDVKSACCDTCLCTKSNPPICRCVDIRET,AMPlify_non_AMP_train_imbalanced.fa,real_non_amp_amplify,0,trNEGATIVE02466,trNEGATIVE02466,30,0,False
DLVFYCPKCTAERQTACPKL,AMPlify_non_AMP_train_imbalanced.fa,real_non_amp_amplify,0,trNEGATIVE02320,trNEGATIVE02320,20,0,False
DGDALLKPCKLGDMQKLSSA,AMPlify_non_AMP_test_imbalanced.fa,real_non_amp_amplify,0,teNEGATIVE00561,teNEGATIVE00561,20,0,False
IDASTATGDSPVFTATIK,AMPlify_non_AMP_train_imbalanced.fa,real_non_amp_amplify,0,trNEGATIVE03023,trNEGATIVE03023,18,0,False
CCKQSCTTCMPCCW,AMPlify_non_AMP_train_imbalanced.fa,real_non_amp_amplify,0,trNEGATIVE02415,trNEGATIVE02415,14,0,False
SADPNFLRF,AMPlify_non_AMP_test_imbalanced.fa,real_non_amp_amplify,0,teNEGATIVE00415,teNEGATIVE00415,9,0,False
TKATEGEFLAEGGGVR,AMPlify_non_AMP_test_imbalanced.fa,real_non_amp_amplify,0,teNEGATIVE00585,teNEGATIVE00585,16,0,False
YYKYKYKY,AMPlify_non_AMP_train_imbalanced.fa,real_non_amp_amplify_window,0,trNEGATIVE17211,trNEGATIVE17211,160,140,True
MDIVNIAWAALMVVSTFSLTLVVWGRSGL,AMPlify_non_AMP_train_imbalanced.fa,real_non_amp_amplify,0,trNEGATIVE02605,trNEGATIVE02605,29,0,False
IVRRGCCSDPRCAWRCG,AMPlify_non_AMP_test_imbalanced.fa,real_non_amp_amplify,0,teNEGATIVE00784,teNEGATIVE00784,17,0,False
GNTKKAVPGFYGTR,AMPlify_non_AMP_train_imbalanced.fa,real_non_amp_amplify,0,trNEGATIVE02165,trNEGATIVE02165,14,0,False
MQWTTPSYTDLRFGFEITMYIANR,AMPlify_non_AMP_train_imbalanced.fa,real_non_amp_amplify,0,trNEGATIVE01711,trNEGATIVE01711,24,0,False
QGWPGPKVPP,AMPlify_non_AMP_test_imbalanced.fa,real_non_amp_amplify,0,teNEGATIVE09614,teNEGATIVE09614,10,0,False
KFADENFQLKH,AMPlify_non_AMP_train_imbalanced.fa,real_non_amp_amplify,0,trNEGATIVE01570,trNEGATIVE01570,11,0,False
FLNPFRWVINKYR,AMPlify_non_AMP_train_imbalanced.fa,real_non_amp_amplify,0,trNEGATIVE02065,trNEGATIVE02065,13,0,False
YNFNVYTSCTARRK,AMPlify_non_AMP_train_imbalanced.fa,real_non_amp_amplify,0,trNEGATIVE00658,trNEGATIVE00658,14,0,False
MLSKSNNTLFNHDCSLSFCKEKVYSKLLV,AMPlify_non_AMP_train_imbalanced.fa,real_non_amp_amplify,0,trNEGATIVE00111,trNEGATIVE00111,29,0,False
GSSGLISMTRV,AMPlify_non_AMP_train_imbalanced.fa,real_non_amp_amplify,0,trNEGATIVE03176,trNEGATIVE03176,11,0,False
GADVAHKQQSVNHLLYLVTSHYPSLDYSLL,AMPlify_non_AMP_test_imbalanced.fa,real_non_amp_amplify,0,teNEGATIVE00119,teNEGATIVE00119,30,0,False
EQSAGFREYIDFFDGYSLTY,AMPlify_non_AMP_test_imbalanced.fa,real_non_amp_amplify,0,teNEGATIVE00019,teNEGATIVE00019,20,0,False
APSLGFHGVR,AMPlify_non_AMP_train_imbalanced.fa,real_non_amp_amplify,0,trNEGATIVE01690,trNEGATIVE01690,10,0,False
ANPTFGFTPLGLSSDAN,AMPlify_non_AMP_test_imbalanced.fa,real_non_amp_amplify,0,teNEGATIVE00595,teNEGATIVE00595,17,0,False
MTRRYWNIDLE,AMPlify_non_AMP_test_imbalanced.fa,real_non_amp_amplify,0,teNEGATIVE00105,teNEGATIVE00105,11,0,False
AVDFSKVPTATAGPCKG,AMPlify_non_AMP_train_imbalanced.fa,real_non_amp_amplify,0,trNEGATIVE02888,trNEGATIVE02888,17,0,False
EGGSSGEASGMWFGPRL,AMPlify_non_AMP_train_imbalanced.fa,real_non_amp_amplify,0,trNEGATIVE01695,trNEGATIVE01695,17,0,False
EDGSDPASGDFLAEGGGVR,AMPlify_non_AMP_train_imbalanced.fa,real_non_amp_amplify,0,trNEGATIVE00608,trNEGATIVE00608,19,0,False
SPSLDDERNDNFVRL,AMPlify_non_AMP_train_imbalanced.fa,real_non_amp_amplify,0,trNEGATIVE01343,trNEGATIVE01343,15,0,False
VGCEECPMHCKGKHAVPTCDDGVCNCNV,AMPlify_non_AMP_test_imbalanced.fa,real_non_amp_amplify,0,teNEGATIVE00307,teNEGATIVE00307,28,0,False
IWGIGCNPCVGDEVTALITRGEA,AMPlify_non_AMP_train_imbalanced.fa,real_non_amp_amplify,0,trNEGATIVE00054,trNEGATIVE00054,23,0,False
MPFKLFDVSKPIPERKEHTYVKHCGDP,AMPlify_non_AMP_test_imbalanced.fa,real_non_amp_amplify,0,teNEGATIVE00600,teNEGATIVE00600,27,0,False
AGPSATTGVWFGPRL,AMPlify_non_AMP_train_imbalanced.fa,real_non_amp_amplify,0,trNEGATIVE01945,trNEGATIVE01945,15,0,False
QFNEYGHMRF,AMPlify_non_AMP_train_imbalanced.fa,real_non_amp_amplify,0,trNEGATIVE15765,trNEGATIVE15765,10,0,False
TDTKESDFLAEGGGVR,AMPlify_non_AMP_train_imbalanced.fa,real_non_amp_amplify,0,trNEGATIVE01970,trNEGATIVE01970,16,0,False
GAVSGLLTNL,AMPlify_non_AMP_train_imbalanced.fa,real_non_amp_amplify,0,trNEGATIVE02389,trNEGATIVE02389,10,0,False
NVQLDPFFQEQQQYYQQQQAFFL,AMPlify_non_AMP_train_imbalanced.fa,real_non_amp_amplify,0,trNEGATIVE01818,trNEGATIVE01818,23,0,False
FRLDEEFQGPIASQVRRQFLFRPRN,AMPlify_non_AMP_train_imbalanced.fa,real_non_amp_amplify,0,trNEGATIVE02484,trNEGATIVE02484,25,0,False
KAKCAEIDQDCKTSCDCCKGACTCY,AMPlify_non_AMP_train_imbalanced.fa,real_non_amp_amplify,0,trNEGATIVE01507,trNEGATIVE01507,25,0,False
LMRKDVDTLTD,AMPlify_non_AMP_test_imbalanced.fa,real_non_amp_amplify,0,teNEGATIVE00097,teNEGATIVE00097,11,0,False
NRPYSFGL,AMPlify_non_AMP_test_imbalanced.fa,real_non_amp_amplify,0,teNEGATIVE03533,teNEGATIVE03533,8,0,False
ACEVTQLAVCASAILGGTKPSGECCGNL,AMPlify_non_AMP_train_imbalanced.fa,real_non_amp_amplify,0,trNEGATIVE02289,trNEGATIVE02289,28,0,False
ICIGYLSNNSTDKVDTIIESNVTVTSSVE,AMPlify_non_AMP_test_imbalanced.fa,real_non_amp_amplify_window,0,teNEGATIVE14475,teNEGATIVE14475,100,18,True
MHLSTLPNVPWPNRSFTTKRPPLPNMSFSW,AMPlify_non_AMP_train_imbalanced.fa,real_non_amp_amplify,0,trNEGATIVE00185,trNEGATIVE00185,30,0,False
QRMCPKILMKCKQDSDCLLDCVCLKEGFCG,AMPlify_non_AMP_train_imbalanced.fa,real_non_amp_amplify,0,trNEGATIVE02359,trNEGATIVE02359,30,0,False
DFWLTEKDLIPKLFKVLAPR,AMPlify_non_AMP_test_imbalanced.fa,real_non_amp_amplify_window,0,teNEGATIVE18147,teNEGATIVE18147,176,76,True
GRTFFVGGNW,AMPlify_non_AMP_train_imbalanced.fa,real_non_amp_amplify,0,trNEGATIVE34295,trNEGATIVE34295,10,0,False
KQATCSIPYEYSNGKFKRTLYYSNGVYANS,AMPlify_non_AMP_test_imbalanced.fa,real_non_amp_amplify,0,teNEGATIVE00711,teNEGATIVE00711,30,0,False
SPQAKKRIRRNDRRAEVNTARMSR,AMPlify_non_AMP_test_imbalanced.fa,real_non_amp_amplify_window,0,teNEGATIVE04383,teNEGATIVE04383,86,3,True
EYDDMYTEKRPKVYAFGL,AMPlify_non_AMP_train_imbalanced.fa,real_non_amp_amplify,0,trNEGATIVE01718,trNEGATIVE01718,18,0,False
MADQLTEEQIAEF,AMPlify_non_AMP_train_imbalanced.fa,real_non_amp_amplify,0,trNEGATIVE03191,trNEGATIVE03191,13,0,False
MKRNDKILHYRGLN,AMPlify_non_AMP_train_imbalanced.fa,real_non_amp_amplify,0,trNEGATIVE01966,trNEGATIVE01966,14,0,False
LLSTLTDTSIKEAVATDKAP,AMPlify_non_AMP_train_imbalanced.fa,real_non_amp_amplify,0,trNEGATIVE00616,trNEGATIVE00616,20,0,False
RCCTGKKGSCSGRACKNLKCCA,AMPlify_non_AMP_train_imbalanced.fa,real_non_amp_amplify,0,trNEGATIVE01733,trNEGATIVE01733,22,0,False
HSDGTLTSELSRLRDRARLQRLLQGLL,AMPlify_non_AMP_train_imbalanced.fa,real_non_amp_amplify,0,trNEGATIVE02277,trNEGATIVE02277,27,0,False
DCCGVKLEMCHPCLCDNSCKKSGK,AMPlify_non_AMP_train_imbalanced.fa,real_non_amp_amplify,0,trNEGATIVE01886,trNEGATIVE01886,24,0,False
IGDIWSGIQG,AMPlify_non_AMP_train_imbalanced.fa,real_non_amp_amplify,0,trNEGATIVE10142,trNEGATIVE10142,10,0,False
AQAATPAADGKKKISIDTR,AMPlify_non_AMP_train_imbalanced.fa,real_non_amp_amplify,0,trNEGATIVE03093,trNEGATIVE03093,19,0,False
VSHNNFLRF,AMPlify_non_AMP_train_imbalanced.fa,real_non_amp_amplify,0,trNEGATIVE95107,trNEGATIVE95107,9,0,False
MPLNIQNIIIIINSSLIIILFSSIFFFQLT,AMPlify_non_AMP_test_imbalanced.fa,real_non_amp_amplify,0,teNEGATIVE00076,teNEGATIVE00076,30,0,False
SPTQDFMRF,AMPlify_non_AMP_test_imbalanced.fa,real_non_amp_amplify,0,teNEGATIVE13036,teNEGATIVE13036,9,0,False
GPPYQPLVPR,AMPlify_non_AMP_train_imbalanced.fa,real_non_amp_amplify,0,trNEGATIVE39548,trNEGATIVE39548,10,0,False
KCCMRPICTCPCCIGP,AMPlify_non_AMP_train_imbalanced.fa,real_non_amp_amplify,0,trNEGATIVE01897,trNEGATIVE01897,16,0,False
PDVDHVFLRF,AMPlify_non_AMP_train_imbalanced.fa,real_non_amp_amplify,0,trNEGATIVE77729,trNEGATIVE77729,10,0,False
NEQSGISQTVIVGPWGAQVT,AMPlify_non_AMP_test_imbalanced.fa,real_non_amp_amplify,0,teNEGATIVE00335,teNEGATIVE00335,20,0,False
HSEGTFTSDYSKYLDNRRAKDFVQWLMNT,AMPlify_non_AMP_train_imbalanced.fa,real_non_amp_amplify,0,trNEGATIVE01235,trNEGATIVE01235,29,0,False
SVYYGSIEAGGTKFVLAIADEHFNI,AMPlify_non_AMP_train_imbalanced.fa,real_non_amp_amplify,0,trNEGATIVE03092,trNEGATIVE03092,25,0,False
KRKCGLCKYRCCSGG,AMPlify_non_AMP_train_imbalanced.fa,real_non_amp_amplify,0,trNEGATIVE01081,trNEGATIVE01081,15,0,False
TDTEFEAAGGGVR,AMPlify_non_AMP_train_imbalanced.fa,real_non_amp_amplify,0,trNEGATIVE03252,trNEGATIVE03252,13,0,False
ANPEVRNNLP,AMPlify_non_AMP_train_imbalanced.fa,real_non_amp_amplify,0,trNEGATIVE60758,trNEGATIVE60758,10,0,False
MKRISTTITTTITITTGNGAG,AMPlify_non_AMP_train_imbalanced.fa,real_non_amp_amplify,0,trNEGATIVE02549,trNEGATIVE02549,21,0,False
FQPSLVLDMAQVLLDNYTFPENLM,AMPlify_non_AMP_train_imbalanced.fa,real_non_amp_amplify,0,trNEGATIVE03076,trNEGATIVE03076,24,0,False
TVLKTDAQCNCEAFKALSLP,AMPlify_non_AMP_train_imbalanced.fa,real_non_amp_amplify,0,trNEGATIVE00748,trNEGATIVE00748,20,0,False
TNDSAGDGTTTASVLAR,AMPlify_non_AMP_test_imbalanced.fa,real_non_amp_amplify,0,teNEGATIVE00114,teNEGATIVE00114,17,0,False
ANDLVDDK,AMPlify_non_AMP_test_imbalanced.fa,real_non_amp_amplify,0,teNEGATIVE15840,teNEGATIVE15840,8,0,False
HSQGTFTSDYSKYLDTRRAQDFVQWLMST,AMPlify_non_AMP_train_imbalanced.fa,real_non_amp_amplify,0,trNEGATIVE00079,trNEGATIVE00079,29,0,False
CVTGAPGCVGGGRL,AMPlify_non_AMP_train_imbalanced.fa,real_non_amp_amplify,0,trNEGATIVE02393,trNEGATIVE02393,14,0,False
FLVALYTFR,AMPlify_non_AMP_train_imbalanced.fa,real_non_amp_amplify,0,trNEGATIVE72744,trNEGATIVE72744,9,0,False
MATRRFSCLLLSTSEIDLSVKRRI,AMPlify_non_AMP_test_imbalanced.fa,real_non_amp_amplify,0,teNEGATIVE00238,teNEGATIVE00238,24,0,False
FTAASQTLEAGR,AMPlify_non_AMP_train_imbalanced.fa,real_non_amp_amplify,0,trNEGATIVE00488,trNEGATIVE00488,12,0,False
MIIKTLKMSARKRN,AMPlify_non_AMP_train_imbalanced.fa,real_non_amp_amplify,0,trNEGATIVE02613,trNEGATIVE02613,14,0,False
MGQEQGIPWIL,AMPlify_non_AMP_train_imbalanced.fa,real_non_amp_amplify,0,trNEGATIVE03039,trNEGATIVE03039,11,0,False
GFGEDIAMKQHQVNSLLDILFVF,AMPlify_non_AMP_test_imbalanced.fa,real_non_amp_amplify,0,teNEGATIVE00433,teNEGATIVE00433,23,0,False
MANIKSAIKRAKTSEK,AMPlify_non_AMP_train_imbalanced.fa,real_non_amp_amplify,0,trNEGATIVE02431,trNEGATIVE02431,16,0,False
CPRILMKCKLDTDCFPTCTCRPSGFCG,AMPlify_non_AMP_train_imbalanced.fa,real_non_amp_amplify,0,trNEGATIVE00287,trNEGATIVE00287,27,0,False
SNTSHQDFHLFYGDNGMPVH,AMPlify_non_AMP_test_imbalanced.fa,real_non_amp_amplify,0,teNEGATIVE00685,teNEGATIVE00685,20,0,False
LKSELKEDKE,AMPlify_non_AMP_train_imbalanced.fa,real_non_amp_amplify,0,trNEGATIVE00862,trNEGATIVE00862,10,0,False
DYMGWMDF,AMPlify_non_AMP_train_imbalanced.fa,real_non_amp_amplify,0,trNEGATIVE23218,trNEGATIVE23218,8,0,False
SIVLRGKAPFR,AMPlify_non_AMP_train_imbalanced.fa,real_non_amp_amplify,0,trNEGATIVE02130,trNEGATIVE02130,11,0,False
DNLKKRRRCADDD,AMPlify_non_AMP_train_imbalanced.fa,real_non_amp_amplify,0,trNEGATIVE00717,trNEGATIVE00717,13,0,False
KADAVFAFQLR,AMPlify_non_AMP_train_imbalanced.fa,real_non_amp_amplify,0,trNEGATIVE01708,trNEGATIVE01708,11,0,False
CFIRNCPP,AMPlify_non_AMP_train_imbalanced.fa,real_non_amp_amplify,0,trNEGATIVE51710,trNEGATIVE51710,8,0,False
WVDADLNGLR,AMPlify_non_AMP_train_imbalanced.fa,real_non_amp_amplify,0,trNEGATIVE09727,trNEGATIVE09727,10,0,False
EMVALSGSHTIGQAR,AMPlify_non_AMP_train_imbalanced.fa,real_non_amp_amplify,0,trNEGATIVE00539,trNEGATIVE00539,15,0,False
AINSESGVRSVVPQPCNALPNQGPEK,AMPlify_non_AMP_train_imbalanced.fa,real_non_amp_amplify,0,trNEGATIVE01405,trNEGATIVE01405,26,0,False
PAPESGFIRDP,AMPlify_non_AMP_train_imbalanced.fa,real_non_amp_amplify,0,trNEGATIVE02812,trNEGATIVE02812,11,0,False
IWSGIQGAF,AMPlify_non_AMP_train_imbalanced.fa,real_non_amp_amplify,0,trNEGATIVE02647,trNEGATIVE02647,9,0,False
QVNFSPGW,AMPlify_non_AMP_test_imbalanced.fa,real_non_amp_amplify,0,teNEGATIVE14336,teNEGATIVE14336,8,0,False
TEEGEFLHEGGGVR,AMPlify_non_AMP_train_imbalanced.fa,real_non_amp_amplify,0,trNEGATIVE02206,trNEGATIVE02206,14,0,False
RQLNPSSQELQSPQQSYLQQPYPQNPYL,AMPlify_non_AMP_train_imbalanced.fa,real_non_amp_amplify,0,trNEGATIVE00167,trNEGATIVE00167,28,0,False
STRCQGRGASCRKTMYNCCSGSCNRGRCG,AMPlify_non_AMP_test_imbalanced.fa,real_non_amp_amplify,0,teNEGATIVE00758,teNEGATIVE00758,29,0,False
SPTLDDEHNDNFVRL,AMPlify_non_AMP_train_imbalanced.fa,real_non_amp_amplify,0,trNEGATIVE00764,trNEGATIVE00764,15,0,False
MNIVDIAWAALMVVFTFSLSLVVWGRSGL,AMPlify_non_AMP_train_imbalanced.fa,real_non_amp_amplify,0,trNEGATIVE02202,trNEGATIVE02202,29,0,False
SPAFQAQKQAKVNDVLDKLY,AMPlify_non_AMP_train_imbalanced.fa,real_non_amp_amplify,0,trNEGATIVE01148,trNEGATIVE01148,20,0,False
MDFIIDIIKKIVGLFTGK,AMPlify_non_AMP_train_imbalanced.fa,real_non_amp_amplify,0,trNEGATIVE00812,trNEGATIVE00812,18,0,False
TSFTLYMR,AMPlify_non_AMP_train_imbalanced.fa,real_non_amp_amplify,0,trNEGATIVE31456,trNEGATIVE31456,8,0,False
DRTPALRLRF,AMPlify_non_AMP_train_imbalanced.fa,real_non_amp_amplify,0,trNEGATIVE29744,trNEGATIVE29744,10,0,False
MDSKAVLKGMLEKAYRIEAGFEKRG,AMPlify_non_AMP_train_imbalanced.fa,real_non_amp_amplify,0,trNEGATIVE01174,trNEGATIVE01174,25,0,False
FNPCPYSDDTVKMIILTRENKKHDF,AMPlify_non_AMP_train_imbalanced.fa,real_non_amp_amplify,0,trNEGATIVE02602,trNEGATIVE02602,25,0,False
MKYINCVYNINYKLKPHSHYK,AMPlify_non_AMP_train_imbalanced.fa,real_non_amp_amplify,0,trNEGATIVE01805,trNEGATIVE01805,21,0,False
NGIKLQGQIESFDQYVVLLRNTVTQMV,AMPlify_non_AMP_train_imbalanced.fa,real_non_amp_amplify_window,0,trNEGATIVE85834,trNEGATIVE85834,78,28,True
ENFAGGCIPGYMRTADGRCKPTY,AMPlify_non_AMP_train_imbalanced.fa,real_non_amp_amplify,0,trNEGATIVE01545,trNEGATIVE01545,23,0,False
SPGALEDEHNDNFLRF,AMPlify_non_AMP_test_imbalanced.fa,real_non_amp_amplify,0,teNEGATIVE00672,teNEGATIVE00672,16,0,False
MGKGDRRTRRGKIWRGTYGKYRPRKKK,AMPlify_non_AMP_train_imbalanced.fa,real_non_amp_amplify,0,trNEGATIVE00810,trNEGATIVE00810,27,0,False
NMYLPPVPPPPVVPTF,AMPlify_non_AMP_train_imbalanced.fa,real_non_amp_amplify,0,trNEGATIVE03335,trNEGATIVE03335,16,0,False
TCLARDELCGASFLSNFLCCDGLCLLICV,AMPlify_non_AMP_train_imbalanced.fa,real_non_amp_amplify,0,trNEGATIVE00900,trNEGATIVE00900,29,0,False
SVDFDSESPR,AMPlify_non_AMP_train_imbalanced.fa,real_non_amp_amplify,0,trNEGATIVE01679,trNEGATIVE01679,10,0,False
QNGPRPIGIPP,AMPlify_non_AMP_train_imbalanced.fa,real_non_amp_amplify,0,trNEGATIVE01078,trNEGATIVE01078,11,0,False
ARGYDFGL,AMPlify_non_AMP_train_imbalanced.fa,real_non_amp_amplify,0,trNEGATIVE44854,trNEGATIVE44854,8,0,False
PAWLVDCPCVGDDISRLLTRGEK,AMPlify_non_AMP_train_imbalanced.fa,real_non_amp_amplify,0,trNEGATIVE00129,trNEGATIVE00129,23,0,False
NLAQFGFMIRCANGGSRSALDYADYGC,AMPlify_non_AMP_train_imbalanced.fa,real_non_amp_amplify,0,trNEGATIVE01413,trNEGATIVE01413,27,0,False
VNRILKHGKKSLAYQIIYRA,AMPlify_non_AMP_train_imbalanced.fa,real_non_amp_amplify_window,0,trNEGATIVE29679,trNEGATIVE29679,155,26,True
ETDLLLDDSLVSLFGNRR,AMPlify_non_AMP_train_imbalanced.fa,real_non_amp_amplify,0,trNEGATIVE00207,trNEGATIVE00207,18,0,False
VIGGDECNINEHRFLVALYDF,AMPlify_non_AMP_train_imbalanced.fa,real_non_amp_amplify,0,trNEGATIVE00279,trNEGATIVE00279,21,0,False
GLGPRPLRF,AMPlify_non_AMP_train_imbalanced.fa,real_non_amp_amplify,0,trNEGATIVE79106,trNEGATIVE79106,9,0,False
TTAIEPFISLGDK,AMPlify_non_AMP_train_imbalanced.fa,real_non_amp_amplify,0,trNEGATIVE00486,trNEGATIVE00486,13,0,False
DPAFSSWG,AMPlify_non_AMP_train_imbalanced.fa,real_non_amp_amplify,0,trNEGATIVE76347,trNEGATIVE76347,8,0,False
MPKIIEAVYENGVFKPLQKVDLREGERE,AMPlify_non_AMP_train_imbalanced.fa,real_non_amp_amplify,0,trNEGATIVE01584,trNEGATIVE01584,28,0,False
SFREQCVPGREITYECLNACAEYAVRQ,AMPlify_non_AMP_train_imbalanced.fa,real_non_amp_amplify,0,trNEGATIVE02451,trNEGATIVE02451,27,0,False
MMKLVIILIVLLLVSFAAY,AMPlify_non_AMP_train_imbalanced.fa,real_non_amp_amplify,0,trNEGATIVE00375,trNEGATIVE00375,19,0,False
CTMLNVLTGTQEGLR,AMPlify_non_AMP_test_imbalanced.fa,real_non_amp_amplify,0,teNEGATIVE00477,teNEGATIVE00477,15,0,False
AQITLTNKASYTVTPPAQANAADA,AMPlify_non_AMP_train_imbalanced.fa,real_non_amp_amplify,0,trNEGATIVE00125,trNEGATIVE00125,24,0,False
MAWTAPKITEVPLGAEINSYVCGQKK,AMPlify_non_AMP_train_imbalanced.fa,real_non_amp_amplify,0,trNEGATIVE03318,trNEGATIVE03318,26,0,False
GCGGVCAYGESCPSSCNTCYSAQCTAQ,AMPlify_non_AMP_train_imbalanced.fa,real_non_amp_amplify,0,trNEGATIVE00586,trNEGATIVE00586,27,0,False
YGLAADHVLDAR,AMPlify_non_AMP_train_imbalanced.fa,real_non_amp_amplify,0,trNEGATIVE01775,trNEGATIVE01775,12,0,False
VAGRSVVKIAEGYL,AMPlify_non_AMP_train_imbalanced.fa,real_non_amp_amplify,0,trNEGATIVE02997,trNEGATIVE02997,14,0,False
GSTGLIPFGRP,AMPlify_non_AMP_train_imbalanced.fa,real_non_amp_amplify,0,trNEGATIVE01961,trNEGATIVE01961,11,0,False
LSVNYQWLVR,AMPlify_non_AMP_test_imbalanced.fa,real_non_amp_amplify,0,teNEGATIVE03259,teNEGATIVE03259,10,0,False
DCPSDWSPYEGHCYRVFTEPQNWADAEKFC,AMPlify_non_AMP_train_imbalanced.fa,real_non_amp_amplify,0,trNEGATIVE02367,trNEGATIVE02367,30,0,False
SESEVPGMWFGPRL,AMPlify_non_AMP_train_imbalanced.fa,real_non_amp_amplify,0,trNEGATIVE02297,trNEGATIVE02297,14,0,False
INWLKLGKAVIDAL,AMPlify_non_AMP_train_imbalanced.fa,real_non_amp_amplify,0,trNEGATIVE03217,trNEGATIVE03217,14,0,False
TWEECCKNPGCRNNHVDRCRGQV,AMPlify_non_AMP_train_imbalanced.fa,real_non_amp_amplify,0,trNEGATIVE01501,trNEGATIVE01501,23,0,False
LICFNDFSPTARTLEYCQIGITTYNPS,AMPlify_non_AMP_train_imbalanced.fa,real_non_amp_amplify,0,trNEGATIVE02300,trNEGATIVE02300,27,0,False
YSKNATYLITVLLFSFVAMLLIIP,AMPlify_non_AMP_train_imbalanced.fa,real_non_amp_amplify_window,0,trNEGATIVE86307,trNEGATIVE86307,77,3,True
MSQSKYRQL,AMPlify_non_AMP_train_imbalanced.fa,real_non_amp_amplify,0,trNEGATIVE01830,trNEGATIVE01830,9,0,False
VDRRTPVKLNASGTP,AMPlify_non_AMP_test_imbalanced.fa,real_non_amp_amplify_window,0,teNEGATIVE07810,teNEGATIVE07810,92,20,True
LFEENGGAL,AMPlify_non_AMP_train_imbalanced.fa,real_non_amp_amplify,0,trNEGATIVE01280,trNEGATIVE01280,9,0,False
LVDERMSTEGTGLSLGLSNN,AMPlify_non_AMP_train_imbalanced.fa,real_non_amp_amplify,0,trNEGATIVE03266,trNEGATIVE03266,20,0,False
TKDEGTFIAEGGGVR,AMPlify_non_AMP_train_imbalanced.fa,real_non_amp_amplify,0,trNEGATIVE00965,trNEGATIVE00965,15,0,False
CKGKGASCRRTSYDCCTGSCRLGRC,AMPlify_non_AMP_train_imbalanced.fa,real_non_amp_amplify,0,trNEGATIVE03040,trNEGATIVE03040,25,0,False
DPGFSSWG,AMPlify_non_AMP_train_imbalanced.fa,real_non_amp_amplify,0,trNEGATIVE68381,trNEGATIVE68381,8,0,False
MKRGYEVVRDPHLNK,AMPlify_non_AMP_train_imbalanced.fa,real_non_amp_amplify,0,trNEGATIVE00601,trNEGATIVE00601,15,0,False
SPTVIALRVVEALSPR,AMPlify_non_AMP_train_imbalanced.fa,real_non_amp_amplify,0,trNEGATIVE00174,trNEGATIVE00174,16,0,False
KEGYLFGSRG,AMPlify_non_AMP_train_imbalanced.fa,real_non_amp_amplify,0,trNEGATIVE92097,trNEGATIVE92097,10,0,False
NEESDLIADKFTNYNKLIRPAKH,AMPlify_non_AMP_test_imbalanced.fa,real_non_amp_amplify,0,teNEGATIVE00675,teNEGATIVE00675,23,0,False
AIGPVADLHI,AMPlify_non_AMP_train_imbalanced.fa,real_non_amp_amplify,0,trNEGATIVE09508,trNEGATIVE09508,10,0,False
PCCSKLHDNSCCGL,AMPlify_non_AMP_train_imbalanced.fa,real_non_amp_amplify,0,trNEGATIVE02797,trNEGATIVE02797,14,0,False
MIFDGKVAIITGGGKAKSIGYGIAVAYAK,AMPlify_non_AMP_train_imbalanced.fa,real_non_amp_amplify,0,trNEGATIVE00173,trNEGATIVE00173,29,0,False
SEDETRLVKNLFSGYNKVVRPVNH,AMPlify_non_AMP_test_imbalanced.fa,real_non_amp_amplify,0,teNEGATIVE00442,teNEGATIVE00442,24,0,False
MQWDEAIHGS,AMPlify_non_AMP_train_imbalanced.fa,real_non_amp_amplify,0,trNEGATIVE45322,trNEGATIVE45322,10,0,False
GDDVKSACCDTCLCTKSNPPTCRCVDVGET,AMPlify_non_AMP_train_imbalanced.fa,real_non_amp_amplify,0,trNEGATIVE00907,trNEGATIVE00907,30,0,False
ARRRRRHASTKLKRRRRRRRHGKKSHK,AMPlify_non_AMP_train_imbalanced.fa,real_non_amp_amplify,0,trNEGATIVE03301,trNEGATIVE03301,27,0,False
VIGGDECNINEHRSLVAIFDS,AMPlify_non_AMP_train_imbalanced.fa,real_non_amp_amplify,0,trNEGATIVE01160,trNEGATIVE01160,21,0,False
MKRQDLPRSRSLRSCE,AMPlify_non_AMP_train_imbalanced.fa,real_non_amp_amplify,0,trNEGATIVE02875,trNEGATIVE02875,16,0,False
AVGDDTPQLY,AMPlify_non_AMP_test_imbalanced.fa,real_non_amp_amplify,0,teNEGATIVE09541,teNEGATIVE09541,10,0,False
QDLDHVFMRF,AMPlify_non_AMP_train_imbalanced.fa,real_non_amp_amplify,0,trNEGATIVE98045,trNEGATIVE98045,10,0,False
QPSKDAFIGLM,AMPlify_non_AMP_train_imbalanced.fa,real_non_amp_amplify,0,trNEGATIVE02357,trNEGATIVE02357,11,0,False
MRFCWQKSIHGS,AMPlify_non_AMP_train_imbalanced.fa,real_non_amp_amplify,0,trNEGATIVE02761,trNEGATIVE02761,12,0,False
EREQLRDQVYDAMAE,AMPlify_non_AMP_train_imbalanced.fa,real_non_amp_amplify,0,trNEGATIVE00190,trNEGATIVE00190,15,0,False
DNWWPKPPHQGPRPPRPRPKP,AMPlify_non_AMP_test_imbalanced.fa,real_non_amp_amplify,0,teNEGATIVE00085,teNEGATIVE00085,21,0,False
GFCCPSGWSSYDR,AMPlify_non_AMP_train_imbalanced.fa,real_non_amp_amplify,0,trNEGATIVE03094,trNEGATIVE03094,13,0,False
HSQGTFTNDYTKYQDSRRAQDFVQWLMSN,AMPlify_non_AMP_train_imbalanced.fa,real_non_amp_amplify,0,trNEGATIVE01915,trNEGATIVE01915,29,0,False
RIISSVAVAVAGTA,AMPlify_non_AMP_train_imbalanced.fa,real_non_amp_amplify,0,trNEGATIVE01557,trNEGATIVE01557,14,0,False
SCSCQKHFSCCD,AMPlify_non_AMP_test_imbalanced.fa,real_non_amp_amplify,0,teNEGATIVE00101,teNEGATIVE00101,12,0,False
TPEHQRYVELFIVVD,AMPlify_non_AMP_train_imbalanced.fa,real_non_amp_amplify,0,trNEGATIVE01565,trNEGATIVE01565,15,0,False
GFDVIDTIK,AMPlify_non_AMP_train_imbalanced.fa,real_non_amp_amplify,0,trNEGATIVE27271,trNEGATIVE27271,9,0,False
MLVLYRKRFSGFRFYFLSIFKYII,AMPlify_non_AMP_test_imbalanced.fa,real_non_amp_amplify,0,teNEGATIVE00523,teNEGATIVE00523,24,0,False
EQCQDMAGGAR,AMPlify_non_AMP_test_imbalanced.fa,real_non_amp_amplify,0,teNEGATIVE00471,teNEGATIVE00471,11,0,False
MADIVSAGWAFLMVSFTFSLSLVVWGRSGL,AMPlify_non_AMP_train_imbalanced.fa,real_non_amp_amplify,0,trNEGATIVE02981,trNEGATIVE02981,30,0,False
DEGGTQYTPRL,AMPlify_non_AMP_train_imbalanced.fa,real_non_amp_amplify,0,trNEGATIVE02767,trNEGATIVE02767,11,0,False
VQGMVYCDTCRSANALGFMR,AMPlify_non_AMP_train_imbalanced.fa,real_non_amp_amplify,0,trNEGATIVE02107,trNEGATIVE02107,20,0,False
MMKLVIILVVLLLLSFPTY,AMPlify_non_AMP_train_imbalanced.fa,real_non_amp_amplify,0,trNEGATIVE02465,trNEGATIVE02465,19,0,False
GSSGLIAFPRL,AMPlify_non_AMP_train_imbalanced.fa,real_non_amp_amplify,0,trNEGATIVE00030,trNEGATIVE00030,11,0,False
MDILSISWAFLMVVFTFSLSLVVWGRSGL,AMPlify_non_AMP_test_imbalanced.fa,real_non_amp_amplify,0,teNEGATIVE00022,teNEGATIVE00022,29,0,False
DHLSHDVYSPRL,AMPlify_non_AMP_train_imbalanced.fa,real_non_amp_amplify,0,trNEGATIVE02688,trNEGATIVE02688,12,0,False
ENFVGGCTPGYQRTADGRCKPTF,AMPlify_non_AMP_test_imbalanced.fa,real_non_amp_amplify,0,teNEGATIVE00740,teNEGATIVE00740,23,0,False
AQGDNPDKDTDGN,AMPlify_non_AMP_train_imbalanced.fa,real_non_amp_amplify,0,trNEGATIVE00126,trNEGATIVE00126,13,0,False
YCQKWMWTCDSERKCCEGMVCRLWCKKKLW,AMPlify_non_AMP_test_imbalanced.fa,real_non_amp_amplify,0,teNEGATIVE00802,teNEGATIVE00802,30,0,False
MGGVGKTKRMRRLKRKRRKMRQRSK,AMPlify_non_AMP_train_imbalanced.fa,real_non_amp_amplify,0,trNEGATIVE02765,trNEGATIVE02765,25,0,False
VAGKSFVPIAAGRQ,AMPlify_non_AMP_train_imbalanced.fa,real_non_amp_amplify,0,trNEGATIVE02987,trNEGATIVE02987,14,0,False
RGSNLTIHPLRNIIDLFYVG,AMPlify_non_AMP_train_imbalanced.fa,real_non_amp_amplify,0,trNEGATIVE01462,trNEGATIVE01462,20,0,False
VIGGDECDINEHPFL,AMPlify_non_AMP_train_imbalanced.fa,real_non_amp_amplify,0,trNEGATIVE00447,trNEGATIVE00447,15,0,False
LSAMLEDTENWLYEELSLTQDPVV,AMPlify_non_AMP_train_imbalanced.fa,real_non_amp_amplify,0,trNEGATIVE02956,trNEGATIVE02956,24,0,False
NLIQLSNMIKCAIPGSRPLFQYTDYGCY,AMPlify_non_AMP_train_imbalanced.fa,real_non_amp_amplify,0,trNEGATIVE03294,trNEGATIVE03294,28,0,False
RVSNLTIHPLRNIIDLRYVG,AMPlify_non_AMP_test_imbalanced.fa,real_non_amp_amplify,0,teNEGATIVE00497,teNEGATIVE00497,20,0,False
AVGNEVFANR,AMPlify_non_AMP_train_imbalanced.fa,real_non_amp_amplify,0,trNEGATIVE02322,trNEGATIVE02322,10,0,False
WCKQSGEMCNVLDQNCCDGYCIVFVCT,AMPlify_non_AMP_train_imbalanced.fa,real_non_amp_amplify,0,trNEGATIVE02898,trNEGATIVE02898,27,0,False
IVGGFTIGIDTVPY,AMPlify_non_AMP_train_imbalanced.fa,real_non_amp_amplify,0,trNEGATIVE02948,trNEGATIVE02948,14,0,False
MAQDIISTIGDLVKWIIDTVNKFTKK,AMPlify_non_AMP_train_imbalanced.fa,real_non_amp_amplify,0,trNEGATIVE00460,trNEGATIVE00460,26,0,False
LAKTVPLNDGTNFPIFGG,AMPlify_non_AMP_train_imbalanced.fa,real_non_amp_amplify,0,trNEGATIVE01516,trNEGATIVE01516,18,0,False
EQQCTPGQTKKEDCNNCTSGD,AMPlify_non_AMP_train_imbalanced.fa,real_non_amp_amplify,0,trNEGATIVE01080,trNEGATIVE01080,21,0,False
CYISNCPIG,AMPlify_non_AMP_train_imbalanced.fa,real_non_amp_amplify,0,trNEGATIVE02717,trNEGATIVE02717,9,0,False
RHGCCKGPKGCSSRECRPQHCC,AMPlify_non_AMP_train_imbalanced.fa,real_non_amp_amplify,0,trNEGATIVE01629,trNEGATIVE01629,22,0,False
SANPALAPRERKAGCKNFFWKTFTSC,AMPlify_non_AMP_train_imbalanced.fa,real_non_amp_amplify,0,trNEGATIVE01065,trNEGATIVE01065,26,0,False
MDIVSLAWAALMVVFSFSLSLVVWGRSGL,AMPlify_non_AMP_train_imbalanced.fa,real_non_amp_amplify,0,trNEGATIVE00980,trNEGATIVE00980,29,0,False
VDTSRLFLTVVNNPPTVV,AMPlify_non_AMP_train_imbalanced.fa,real_non_amp_amplify,0,trNEGATIVE00572,trNEGATIVE00572,18,0,False
TTKPVPSGSPWYGPDRVKNRELEVIHSR,AMPlify_non_AMP_test_imbalanced.fa,real_non_amp_amplify,0,teNEGATIVE00483,teNEGATIVE00483,28,0,False
SGSIIHSMEANVGYSPDKSQNMVLMGGLK,AMPlify_non_AMP_train_imbalanced.fa,real_non_amp_amplify,0,trNEGATIVE02261,trNEGATIVE02261,29,0,False
MKQGINGFARRGRL,AMPlify_non_AMP_train_imbalanced.fa,real_non_amp_amplify,0,trNEGATIVE02356,trNEGATIVE02356,14,0,False
EHDPSAPGNGYC,AMPlify_non_AMP_train_imbalanced.fa,real_non_amp_amplify,0,trNEGATIVE01906,trNEGATIVE01906,12,0,False
AYSNLNYLRF,AMPlify_non_AMP_train_imbalanced.fa,real_non_amp_amplify,0,trNEGATIVE01656,trNEGATIVE01656,10,0,False
NLMQFETLIMKVAGRSGVWYYGS,AMPlify_non_AMP_train_imbalanced.fa,real_non_amp_amplify,0,trNEGATIVE02016,trNEGATIVE02016,23,0,False
ADLIQRRQRSEFQSDIKGILYTVIKKNPDL,AMPlify_non_AMP_train_imbalanced.fa,real_non_amp_amplify,0,trNEGATIVE00546,trNEGATIVE00546,30,0,False
DCCWPGRPDCCAP,AMPlify_non_AMP_train_imbalanced.fa,real_non_amp_amplify,0,trNEGATIVE03123,trNEGATIVE03123,13,0,False
IIAGTARSMGITVEG,AMPlify_non_AMP_train_imbalanced.fa,real_non_amp_amplify,0,trNEGATIVE01929,trNEGATIVE01929,15,0,False
KKDGYPIQENGCKY,AMPlify_non_AMP_train_imbalanced.fa,real_non_amp_amplify,0,trNEGATIVE01681,trNEGATIVE01681,14,0,False
GPSGFYGVR,AMPlify_non_AMP_train_imbalanced.fa,real_non_amp_amplify,0,trNEGATIVE50993,trNEGATIVE50993,9,0,False
MNAAIFRFFFYFST,AMPlify_non_AMP_test_imbalanced.fa,real_non_amp_amplify,0,teNEGATIVE00080,teNEGATIVE00080,14,0,False
VIDVNDEW,AMPlify_non_AMP_test_imbalanced.fa,real_non_amp_amplify,0,teNEGATIVE00333,teNEGATIVE00333,8,0,False
IIGGDECNINEHRFL,AMPlify_non_AMP_train_imbalanced.fa,real_non_amp_amplify,0,trNEGATIVE01954,trNEGATIVE01954,15,0,False
SRDIVSVYDD,AMPlify_non_AMP_train_imbalanced.fa,real_non_amp_amplify,0,trNEGATIVE63054,trNEGATIVE63054,10,0,False
GSTGLISFGRT,AMPlify_non_AMP_train_imbalanced.fa,real_non_amp_amplify,0,trNEGATIVE01745,trNEGATIVE01745,11,0,False
MNPNCARCGKIVYPTEKVNCLDKFWHKACF,AMPlify_non_AMP_train_imbalanced.fa,real_non_amp_amplify,0,trNEGATIVE01822,trNEGATIVE01822,30,0,False
SIPLPSLNFEQFGNMIQCTI,AMPlify_non_AMP_train_imbalanced.fa,real_non_amp_amplify,0,trNEGATIVE03187,trNEGATIVE03187,20,0,False
ISDDIQSIIQGIF,AMPlify_non_AMP_test_imbalanced.fa,real_non_amp_amplify,0,teNEGATIVE00009,teNEGATIVE00009,13,0,False
GLLPKVKLVPEQISFILSTRENR,AMPlify_non_AMP_train_imbalanced.fa,real_non_amp_amplify,0,trNEGATIVE01118,trNEGATIVE01118,23,0,False
ENFAGGCATGFLRTADGRCKPTF,AMPlify_non_AMP_train_imbalanced.fa,real_non_amp_amplify,0,trNEGATIVE03164,trNEGATIVE03164,23,0,False
FQSGVLSPTISPNYSHDMNSM,AMPlify_non_AMP_train_imbalanced.fa,real_non_amp_amplify_window,0,trNEGATIVE71277,trNEGATIVE71277,199,146,True
MSKRAMKKIIPLITLFVVTLVG,AMPlify_non_AMP_train_imbalanced.fa,real_non_amp_amplify,0,trNEGATIVE03028,trNEGATIVE03028,22,0,False
DDETTFPCNSGRCACLPEDSHSYTCQSP,AMPlify_non_AMP_test_imbalanced.fa,real_non_amp_amplify,0,teNEGATIVE00231,teNEGATIVE00231,28,0,False
QVNFSPGWG,AMPlify_non_AMP_train_imbalanced.fa,real_non_amp_amplify,0,trNEGATIVE36811,trNEGATIVE36811,9,0,False
GCCHPSTCHVRKGCSRCCS,AMPlify_non_AMP_train_imbalanced.fa,real_non_amp_amplify,0,trNEGATIVE03138,trNEGATIVE03138,19,0,False
APEESPKRAPSGFLGVR,AMPlify_non_AMP_train_imbalanced.fa,real_non_amp_amplify,0,trNEGATIVE02241,trNEGATIVE02241,17,0,False
APLMGFQGVR,AMPlify_non_AMP_train_imbalanced.fa,real_non_amp_amplify,0,trNEGATIVE14267,trNEGATIVE14267,10,0,False
MRAKWRKKRMRRLKRKRRKMRQRSK,AMPlify_non_AMP_test_imbalanced.fa,real_non_amp_amplify,0,teNEGATIVE00625,teNEGATIVE00625,25,0,False
ACLDIGNSCRED,AMPlify_non_AMP_test_imbalanced.fa,real_non_amp_amplify,0,teNEGATIVE00420,teNEGATIVE00420,12,0,False
LVPFRPRL,AMPlify_non_AMP_train_imbalanced.fa,real_non_amp_amplify,0,trNEGATIVE97057,trNEGATIVE97057,8,0,False
MATRGFSCLLLVISEIDLSVKRWV,AMPlify_non_AMP_train_imbalanced.fa,real_non_amp_amplify,0,trNEGATIVE03289,trNEGATIVE03289,24,0,False
GYEEREIAETVRELEEA,AMPlify_non_AMP_train_imbalanced.fa,real_non_amp_amplify,0,trNEGATIVE00947,trNEGATIVE00947,17,0,False
NRQPSKYGLEETI,AMPlify_non_AMP_train_imbalanced.fa,real_non_amp_amplify,0,trNEGATIVE03232,trNEGATIVE03232,13,0,False
NIVDVPCRDDYYRDSSGNGVYDQLGGCGAA,AMPlify_non_AMP_train_imbalanced.fa,real_non_amp_amplify,0,trNEGATIVE00866,trNEGATIVE00866,30,0,False
MLKSEVSKQISMPLTAPAF,AMPlify_non_AMP_train_imbalanced.fa,real_non_amp_amplify,0,trNEGATIVE01759,trNEGATIVE01759,19,0,False
MKKVHVLGAGTMGAGI,AMPlify_non_AMP_test_imbalanced.fa,real_non_amp_amplify,0,teNEGATIVE00612,teNEGATIVE00612,16,0,False
TPLKESTCYLPKETGPCVGYFFRYY,AMPlify_non_AMP_train_imbalanced.fa,real_non_amp_amplify,0,trNEGATIVE00364,trNEGATIVE00364,25,0,False
PAGHGARARTRDLFAR,AMPlify_non_AMP_train_imbalanced.fa,real_non_amp_amplify,0,trNEGATIVE03288,trNEGATIVE03288,16,0,False
LQPKLEYQYKYHGIVALGIPSYKTQFYDAH,AMPlify_non_AMP_test_imbalanced.fa,real_non_amp_amplify,0,teNEGATIVE00316,teNEGATIVE00316,30,0,False
TMYGLHIDDVIGELRGENELLVIVGAG,AMPlify_non_AMP_train_imbalanced.fa,real_non_amp_amplify_window,0,trNEGATIVE13044,trNEGATIVE13044,178,88,True
EATVDMPLD,AMPlify_non_AMP_train_imbalanced.fa,real_non_amp_amplify,0,trNEGATIVE01234,trNEGATIVE01234,9,0,False
ALKDEFEEHAEKAKTLPENTSNENKLILYG,AMPlify_non_AMP_train_imbalanced.fa,real_non_amp_amplify,0,trNEGATIVE01555,trNEGATIVE01555,30,0,False
RGSNLTIHPLRNIRD,AMPlify_non_AMP_train_imbalanced.fa,real_non_amp_amplify,0,trNEGATIVE03022,trNEGATIVE03022,15,0,False
MDLIPDLAVETWLLLAVTLV,AMPlify_non_AMP_train_imbalanced.fa,real_non_amp_amplify,0,trNEGATIVE00754,trNEGATIVE00754,20,0,False
VIGGDECNINEHPFLVLVYY,AMPlify_non_AMP_train_imbalanced.fa,real_non_amp_amplify,0,trNEGATIVE00028,trNEGATIVE00028,20,0,False
ETVPYMFEN,AMPlify_non_AMP_test_imbalanced.fa,real_non_amp_amplify,0,teNEGATIVE18462,teNEGATIVE18462,9,0,False
TDRNFLRL,AMPlify_non_AMP_train_imbalanced.fa,real_non_amp_amplify,0,trNEGATIVE85023,trNEGATIVE85023,8,0,False
GSSGLIPMGRV,AMPlify_non_AMP_train_imbalanced.fa,real_non_amp_amplify,0,trNEGATIVE01043,trNEGATIVE01043,11,0,False
ITAGFISSSANTVYVKKGDVMVFPR,AMPlify_non_AMP_train_imbalanced.fa,real_non_amp_amplify,0,trNEGATIVE01719,trNEGATIVE01719,25,0,False
SYAMEHFRWGKPV,AMPlify_non_AMP_train_imbalanced.fa,real_non_amp_amplify,0,trNEGATIVE02831,trNEGATIVE02831,13,0,False
GHAKGDKKVSKK,AMPlify_non_AMP_test_imbalanced.fa,real_non_amp_amplify,0,teNEGATIVE00147,teNEGATIVE00147,12,0,False
GSGASGSMPATTS,AMPlify_non_AMP_train_imbalanced.fa,real_non_amp_amplify,0,trNEGATIVE02727,trNEGATIVE02727,13,0,False
QVKAMKQLGDYITNLK,AMPlify_non_AMP_train_imbalanced.fa,real_non_amp_amplify_window,0,trNEGATIVE06042,trNEGATIVE06042,176,137,True
CKCPSCNFNDVTENCKCCIFRQP,AMPlify_non_AMP_train_imbalanced.fa,real_non_amp_amplify,0,trNEGATIVE01375,trNEGATIVE01375,23,0,False
DLAGEIHGLSNVK,AMPlify_non_AMP_test_imbalanced.fa,real_non_amp_amplify,0,teNEGATIVE00739,teNEGATIVE00739,13,0,False
QGLIAFPRV,AMPlify_non_AMP_train_imbalanced.fa,real_non_amp_amplify,0,trNEGATIVE54022,trNEGATIVE54022,9,0,False
DVNGGWSCATTVDAKFRPNGCTD,AMPlify_non_AMP_train_imbalanced.fa,real_non_amp_amplify,0,trNEGATIVE02945,trNEGATIVE02945,23,0,False
MKAIFVLKGWWRTS,AMPlify_non_AMP_train_imbalanced.fa,real_non_amp_amplify,0,trNEGATIVE03224,trNEGATIVE03224,14,0,False
MKLRKILKSMFNNYCKTFKDVPPGNMFR,AMPlify_non_AMP_train_imbalanced.fa,real_non_amp_amplify,0,trNEGATIVE00519,trNEGATIVE00519,28,0,False
MLGFLVLP,AMPlify_non_AMP_train_imbalanced.fa,real_non_amp_amplify,0,trNEGATIVE35137,trNEGATIVE35137,8,0,False
MQYISLNTTIITTTETTGYGAG,AMPlify_non_AMP_test_imbalanced.fa,real_non_amp_amplify,0,teNEGATIVE00011,teNEGATIVE00011,22,0,False
NDPEVPGMWFGPRL,AMPlify_non_AMP_train_imbalanced.fa,real_non_amp_amplify,0,trNEGATIVE01725,trNEGATIVE01725,14,0,False
ATFDIVNQCTFT,AMPlify_non_AMP_train_imbalanced.fa,real_non_amp_amplify,0,trNEGATIVE00330,trNEGATIVE00330,12,0,False
MAILTLGWVSLLVVFTWSIAMVVWGRNGL,AMPlify_non_AMP_train_imbalanced.fa,real_non_amp_amplify,0,trNEGATIVE00157,trNEGATIVE00157,29,0,False
MRRAVILVLDRAGPV,AMPlify_non_AMP_train_imbalanced.fa,real_non_amp_amplify,0,trNEGATIVE01042,trNEGATIVE01042,15,0,False
TKSQTHVPIRPNKLVLKVQKDRATN,AMPlify_non_AMP_train_imbalanced.fa,real_non_amp_amplify,0,trNEGATIVE01410,trNEGATIVE01410,25,0,False
ASGPCFPNPCQNDGECHVIDDSHR,AMPlify_non_AMP_train_imbalanced.fa,real_non_amp_amplify,0,trNEGATIVE01588,trNEGATIVE01588,24,0,False
LPASVDWRKEGAVLPIRHQGQCG,AMPlify_non_AMP_train_imbalanced.fa,real_non_amp_amplify,0,trNEGATIVE02198,trNEGATIVE02198,23,0,False
ASNQDFMRF,AMPlify_non_AMP_test_imbalanced.fa,real_non_amp_amplify,0,teNEGATIVE01542,teNEGATIVE01542,9,0,False
NSELINAILGSPTLFGEV,AMPlify_non_AMP_train_imbalanced.fa,real_non_amp_amplify,0,trNEGATIVE01659,trNEGATIVE01659,18,0,False
MYIFITHFFTEYVILKYLLPI,AMPlify_non_AMP_train_imbalanced.fa,real_non_amp_amplify,0,trNEGATIVE00664,trNEGATIVE00664,21,0,False
VGCEECPMHCKGKNAKPTCDNGVCNCNV,AMPlify_non_AMP_train_imbalanced.fa,real_non_amp_amplify,0,trNEGATIVE02351,trNEGATIVE02351,28,0,False
TPTAFYGVR,AMPlify_non_AMP_train_imbalanced.fa,real_non_amp_amplify,0,trNEGATIVE42263,trNEGATIVE42263,9,0,False
SPPFAPRL,AMPlify_non_AMP_train_imbalanced.fa,real_non_amp_amplify,0,trNEGATIVE57724,trNEGATIVE57724,8,0,False
GAQFSSWG,AMPlify_non_AMP_train_imbalanced.fa,real_non_amp_amplify,0,trNEGATIVE93266,trNEGATIVE93266,8,0,False
MKHIPFFFAFFFTFP,AMPlify_non_AMP_test_imbalanced.fa,real_non_amp_amplify,0,teNEGATIVE00298,teNEGATIVE00298,15,0,False
THLFQPSLVLDMAKVLLDN,AMPlify_non_AMP_train_imbalanced.fa,real_non_amp_amplify,0,trNEGATIVE02004,trNEGATIVE02004,19,0,False
GEAANVMGAPK,AMPlify_non_AMP_train_imbalanced.fa,real_non_amp_amplify,0,trNEGATIVE00605,trNEGATIVE00605,11,0,False
RKTAGKPKN,AMPlify_non_AMP_train_imbalanced.fa,real_non_amp_amplify,0,trNEGATIVE87852,trNEGATIVE87852,9,0,False
VRPYLVAFYESH,AMPlify_non_AMP_train_imbalanced.fa,real_non_amp_amplify,0,trNEGATIVE01188,trNEGATIVE01188,12,0,False
TSHGGGKAGKSKLLDVNY,AMPlify_non_AMP_train_imbalanced.fa,real_non_amp_amplify,0,trNEGATIVE03334,trNEGATIVE03334,18,0,False
NLIQLSNMIKCAIPGSQPLF,AMPlify_non_AMP_test_imbalanced.fa,real_non_amp_amplify,0,teNEGATIVE00270,teNEGATIVE00270,20,0,False
VSGSGIMAKRVVVDA,AMPlify_non_AMP_train_imbalanced.fa,real_non_amp_amplify,0,trNEGATIVE01515,trNEGATIVE01515,15,0,False
GFDVVDNIK,AMPlify_non_AMP_test_imbalanced.fa,real_non_amp_amplify,0,teNEGATIVE05225,teNEGATIVE05225,9,0,False
APLQPGGSPALTKIYPRGSHWAVGHLM,AMPlify_non_AMP_train_imbalanced.fa,real_non_amp_amplify,0,trNEGATIVE03137,trNEGATIVE03137,27,0,False
GCTPEYCSMWCKVKVSQNYCVKNCKCPGR,AMPlify_non_AMP_train_imbalanced.fa,real_non_amp_amplify,0,trNEGATIVE03135,trNEGATIVE03135,29,0,False
GCCPPQWCGPGCTSPCC,AMPlify_non_AMP_train_imbalanced.fa,real_non_amp_amplify,0,trNEGATIVE03290,trNEGATIVE03290,17,0,False
MDIISLGWSSLLVVFTFSLSLVVWGRNGF,AMPlify_non_AMP_train_imbalanced.fa,real_non_amp_amplify,0,trNEGATIVE02276,trNEGATIVE02276,29,0,False
GCVLYPWC,AMPlify_non_AMP_train_imbalanced.fa,real_non_amp_amplify,0,trNEGATIVE82495,trNEGATIVE82495,8,0,False
VPASGFFGMR,AMPlify_non_AMP_train_imbalanced.fa,real_non_amp_amplify,0,trNEGATIVE30383,trNEGATIVE30383,10,0,False
ADGSDPAGGEFLEAGGGVR,AMPlify_non_AMP_test_imbalanced.fa,real_non_amp_amplify,0,teNEGATIVE00768,teNEGATIVE00768,19,0,False
APSSGFFGTR,AMPlify_non_AMP_train_imbalanced.fa,real_non_amp_amplify,0,trNEGATIVE03051,trNEGATIVE03051,10,0,False
HECCKKGFCDPGCDCCDQ,AMPlify_non_AMP_train_imbalanced.fa,real_non_amp_amplify,0,trNEGATIVE01490,trNEGATIVE01490,18,0,False
MPIIGVPRCLENPFCAPAKFPLSVKKKIRI,AMPlify_non_AMP_train_imbalanced.fa,real_non_amp_amplify,0,trNEGATIVE02021,trNEGATIVE02021,30,0,False
MWTKPSFTDLRLGFEVTLYFANR,AMPlify_non_AMP_train_imbalanced.fa,real_non_amp_amplify,0,trNEGATIVE02147,trNEGATIVE02147,23,0,False
FRGHAKGDKKNQKK,AMPlify_non_AMP_train_imbalanced.fa,real_non_amp_amplify,0,trNEGATIVE00002,trNEGATIVE00002,14,0,False
MINQVSVYRQPPVLSGCRQVKTI,AMPlify_non_AMP_test_imbalanced.fa,real_non_amp_amplify,0,teNEGATIVE00541,teNEGATIVE00541,23,0,False
GFPGKSLIF,AMPlify_non_AMP_train_imbalanced.fa,real_non_amp_amplify,0,trNEGATIVE02887,trNEGATIVE02887,9,0,False
MDPEPTPLPRWRIFLFR,AMPlify_non_AMP_train_imbalanced.fa,real_non_amp_amplify,0,trNEGATIVE02125,trNEGATIVE02125,17,0,False
MSHDLDPTGTY,AMPlify_non_AMP_test_imbalanced.fa,real_non_amp_amplify,0,teNEGATIVE00704,teNEGATIVE00704,11,0,False
KFCPEGKCV,AMPlify_non_AMP_train_imbalanced.fa,real_non_amp_amplify,0,trNEGATIVE39421,trNEGATIVE39421,9,0,False
YGEPIGVETLTK,AMPlify_non_AMP_train_imbalanced.fa,real_non_amp_amplify,0,trNEGATIVE01223,trNEGATIVE01223,12,0,False
MLVGKKVQTF,AMPlify_non_AMP_test_imbalanced.fa,real_non_amp_amplify,0,teNEGATIVE08092,teNEGATIVE08092,10,0,False
SGLDSLSGATFGGNR,AMPlify_non_AMP_train_imbalanced.fa,real_non_amp_amplify,0,trNEGATIVE02673,trNEGATIVE02673,15,0,False
SFSESLAAAR,AMPlify_non_AMP_train_imbalanced.fa,real_non_amp_amplify,0,trNEGATIVE93717,trNEGATIVE93717,10,0,False
FCCPVIRYCCW,AMPlify_non_AMP_train_imbalanced.fa,real_non_amp_amplify,0,trNEGATIVE02991,trNEGATIVE02991,11,0,False
EGFQLMDRGTFDEIGR,AMPlify_non_AMP_train_imbalanced.fa,real_non_amp_amplify,0,trNEGATIVE01349,trNEGATIVE01349,16,0,False
EDGYLLNRDTGCKVSCGTCRYCND,AMPlify_non_AMP_train_imbalanced.fa,real_non_amp_amplify,0,trNEGATIVE00904,trNEGATIVE00904,24,0,False
ACKPKNNLCAITEMAECCSGFCLIYRCS,AMPlify_non_AMP_test_imbalanced.fa,real_non_amp_amplify,0,teNEGATIVE00589,teNEGATIVE00589,28,0,False
YCCHPACGKNFDC,AMPlify_non_AMP_train_imbalanced.fa,real_non_amp_amplify,0,trNEGATIVE02075,trNEGATIVE02075,13,0,False
AVFMYPWSVLFKRLGIFGVVEMGLFI,AMPlify_non_AMP_train_imbalanced.fa,real_non_amp_amplify_window,0,trNEGATIVE81710,trNEGATIVE81710,118,73,True
SQTQSFNFNKFEQNK,AMPlify_non_AMP_train_imbalanced.fa,real_non_amp_amplify,0,trNEGATIVE02854,trNEGATIVE02854,15,0,False
MHLNESLIYLFLETSCVAGAHFESLLD,AMPlify_non_AMP_train_imbalanced.fa,real_non_amp_amplify,0,trNEGATIVE02295,trNEGATIVE02295,27,0,False
LVVELAPMEIR,AMPlify_non_AMP_train_imbalanced.fa,real_non_amp_amplify,0,trNEGATIVE02908,trNEGATIVE02908,11,0,False
GRADNFLRL,AMPlify_non_AMP_train_imbalanced.fa,real_non_amp_amplify,0,trNEGATIVE96036,trNEGATIVE96036,9,0,False
SLVELGKMILQETGKNPVTYGAY,AMPlify_non_AMP_train_imbalanced.fa,real_non_amp_amplify,0,trNEGATIVE02192,trNEGATIVE02192,23,0,False
NEVDIVGALNADLTQFL,AMPlify_non_AMP_test_imbalanced.fa,real_non_amp_amplify,0,teNEGATIVE00245,teNEGATIVE00245,17,0,False
GGETGNDAKAMWFGPRL,AMPlify_non_AMP_train_imbalanced.fa,real_non_amp_amplify,0,trNEGATIVE02121,trNEGATIVE02121,17,0,False
QKKDKKDKFYGLM,AMPlify_non_AMP_train_imbalanced.fa,real_non_amp_amplify,0,trNEGATIVE00884,trNEGATIVE00884,13,0,False
AIGPVADLH,AMPlify_non_AMP_train_imbalanced.fa,real_non_amp_amplify,0,trNEGATIVE92685,trNEGATIVE92685,9,0,False
MGQLNVLTGSKGEIR,AMPlify_non_AMP_train_imbalanced.fa,real_non_amp_amplify,0,trNEGATIVE02218,trNEGATIVE02218,15,0,False
GLPGYFGVN,AMPlify_non_AMP_train_imbalanced.fa,real_non_amp_amplify,0,trNEGATIVE46159,trNEGATIVE46159,9,0,False
DVVSPPVCGN,AMPlify_non_AMP_train_imbalanced.fa,real_non_amp_amplify,0,trNEGATIVE02316,trNEGATIVE02316,10,0,False
SAQGQDFMRF,AMPlify_non_AMP_train_imbalanced.fa,real_non_amp_amplify,0,trNEGATIVE93595,trNEGATIVE93595,10,0,False
RWAEIVCRSPSCNECCEWHTCFAPED,AMPlify_non_AMP_train_imbalanced.fa,real_non_amp_amplify,0,trNEGATIVE00499,trNEGATIVE00499,26,0,False
NSGMINSILGIPRVMTEA,AMPlify_non_AMP_train_imbalanced.fa,real_non_amp_amplify,0,trNEGATIVE03060,trNEGATIVE03060,18,0,False
APRSMRRSSDCFGSRIDRIGAQSGMGCGRF,AMPlify_non_AMP_train_imbalanced.fa,real_non_amp_amplify,0,trNEGATIVE02564,trNEGATIVE02564,30,0,False
GLVPNLLNNLGL,AMPlify_non_AMP_train_imbalanced.fa,real_non_amp_amplify,0,trNEGATIVE01395,trNEGATIVE01395,12,0,False
TSMGFQGVR,AMPlify_non_AMP_train_imbalanced.fa,real_non_amp_amplify,0,trNEGATIVE100122,trNEGATIVE100122,9,0,False
GNGNGNNGLKKYETCY,AMPlify_non_AMP_train_imbalanced.fa,real_non_amp_amplify_window,0,trNEGATIVE97138,trNEGATIVE97138,113,95,True
SSNKLTTSWG,AMPlify_non_AMP_test_imbalanced.fa,real_non_amp_amplify,0,teNEGATIVE17393,teNEGATIVE17393,10,0,False
WLSGVDKIRGVNLGSAFIIE,AMPlify_non_AMP_test_imbalanced.fa,real_non_amp_amplify,0,teNEGATIVE00473,teNEGATIVE00473,20,0,False
ARTGFGVLKPAMQGYPGLVLPR,AMPlify_non_AMP_test_imbalanced.fa,real_non_amp_amplify,0,teNEGATIVE00327,teNEGATIVE00327,22,0,False
MRAKWRKKRTRRLKRKRRKVRARSK,AMPlify_non_AMP_train_imbalanced.fa,real_non_amp_amplify,0,trNEGATIVE00009,trNEGATIVE00009,25,0,False
MKAPSGAFLLGVYSMDTHILR,AMPlify_non_AMP_train_imbalanced.fa,real_non_amp_amplify,0,trNEGATIVE03095,trNEGATIVE03095,21,0,False
TKKTENISNFINNYHSDVINEVEESITNNR,AMPlify_non_AMP_train_imbalanced.fa,real_non_amp_amplify_window,0,trNEGATIVE96633,trNEGATIVE96633,123,8,True
SEVGALVFQPKTRF,AMPlify_non_AMP_train_imbalanced.fa,real_non_amp_amplify,0,trNEGATIVE00311,trNEGATIVE00311,14,0,False
MRSFDQGSTRAPARERCRRQRPEGRSAQR,AMPlify_non_AMP_train_imbalanced.fa,real_non_amp_amplify,0,trNEGATIVE01795,trNEGATIVE01795,29,0,False
GNAPAADMVLKAPGDAKMTKTAVP,AMPlify_non_AMP_train_imbalanced.fa,real_non_amp_amplify,0,trNEGATIVE01333,trNEGATIVE01333,24,0,False
SRLPPATRDKLADEITFFPA,AMPlify_non_AMP_test_imbalanced.fa,real_non_amp_amplify,0,teNEGATIVE00744,teNEGATIVE00744,20,0,False
AKEKEVTFQSGGPT,AMPlify_non_AMP_train_imbalanced.fa,real_non_amp_amplify,0,trNEGATIVE02734,trNEGATIVE02734,14,0,False
GGSSGLIAFPRL,AMPlify_non_AMP_train_imbalanced.fa,real_non_amp_amplify,0,trNEGATIVE00819,trNEGATIVE00819,12,0,False
YDDGSYKPHIYGF,AMPlify_non_AMP_test_imbalanced.fa,real_non_amp_amplify,0,teNEGATIVE00271,teNEGATIVE00271,13,0,False
CCPPVIWCC,AMPlify_non_AMP_train_imbalanced.fa,real_non_amp_amplify,0,trNEGATIVE30215,trNEGATIVE30215,9,0,False
MAATFALHGWWRTS,AMPlify_non_AMP_train_imbalanced.fa,real_non_amp_amplify,0,trNEGATIVE03097,trNEGATIVE03097,14,0,False
MTAFASLREPLVLANLKIKVHIYRMKR,AMPlify_non_AMP_train_imbalanced.fa,real_non_amp_amplify,0,trNEGATIVE02216,trNEGATIVE02216,27,0,False
GSSGLIPMGRT,AMPlify_non_AMP_train_imbalanced.fa,real_non_amp_amplify,0,trNEGATIVE02423,trNEGATIVE02423,11,0,False
IIGGDECNINEHPFLVALYDA,AMPlify_non_AMP_train_imbalanced.fa,real_non_amp_amplify,0,trNEGATIVE03087,trNEGATIVE03087,21,0,False
QHWSHGWLPG,AMPlify_non_AMP_train_imbalanced.fa,real_non_amp_amplify,0,trNEGATIVE15991,trNEGATIVE15991,10,0,False
MMRLVIILIVLLLISFSAY,AMPlify_non_AMP_train_imbalanced.fa,real_non_amp_amplify,0,trNEGATIVE00767,trNEGATIVE00767,19,0,False
GLTQKDLVALSGAHTIGKAR,AMPlify_non_AMP_train_imbalanced.fa,real_non_amp_amplify,0,trNEGATIVE00262,trNEGATIVE00262,20,0,False
AVNGGPATLPEYQI,AMPlify_non_AMP_train_imbalanced.fa,real_non_amp_amplify,0,trNEGATIVE01856,trNEGATIVE01856,14,0,False
DLPSGWSSYEGH,AMPlify_non_AMP_test_imbalanced.fa,real_non_amp_amplify,0,teNEGATIVE00774,teNEGATIVE00774,12,0,False
MNKQRFLFAAKISGIHFLLSLTVAALLAGL,AMPlify_non_AMP_train_imbalanced.fa,real_non_amp_amplify,0,trNEGATIVE01259,trNEGATIVE01259,30,0,False
MKAIMVLFYVMTLTIIGSFSMLLQKAKERQ,AMPlify_non_AMP_train_imbalanced.fa,real_non_amp_amplify,0,trNEGATIVE01834,trNEGATIVE01834,30,0,False
AAGQDNFMRF,AMPlify_non_AMP_train_imbalanced.fa,real_non_amp_amplify,0,trNEGATIVE00816,trNEGATIVE00816,10,0,False
MATIYKVTLINETEG,AMPlify_non_AMP_train_imbalanced.fa,real_non_amp_amplify,0,trNEGATIVE00179,trNEGATIVE00179,15,0,False
MKVFVLNGPNLGRLGKREPA,AMPlify_non_AMP_train_imbalanced.fa,real_non_amp_amplify,0,trNEGATIVE02323,trNEGATIVE02323,20,0,False
IWGIGCNPCVGDEVAALLTRGEA,AMPlify_non_AMP_test_imbalanced.fa,real_non_amp_amplify,0,teNEGATIVE00457,teNEGATIVE00457,23,0,False
ILNRCCNDDN,AMPlify_non_AMP_test_imbalanced.fa,real_non_amp_amplify,0,teNEGATIVE09951,teNEGATIVE09951,10,0,False
SPAFDDEHNDNFLRL,AMPlify_non_AMP_train_imbalanced.fa,real_non_amp_amplify,0,trNEGATIVE02833,trNEGATIVE02833,15,0,False
SDDDGTVVLTTSGPIRGKRLQVGSAAVTAF,AMPlify_non_AMP_test_imbalanced.fa,real_non_amp_amplify,0,teNEGATIVE00261,teNEGATIVE00261,30,0,False
QHWSHGWYPG,AMPlify_non_AMP_train_imbalanced.fa,real_non_amp_amplify,0,trNEGATIVE66312,trNEGATIVE66312,10,0,False
RSLCSNGCRPKPFGGCSC,AMPlify_non_AMP_train_imbalanced.fa,real_non_amp_amplify,0,trNEGATIVE02460,trNEGATIVE02460,18,0,False
MAPRGFSCLLLSTSEIDLPVKRRT,AMPlify_non_AMP_train_imbalanced.fa,real_non_amp_amplify,0,trNEGATIVE01967,trNEGATIVE01967,24,0,False
NLYQFKNMIKCTNTRMWWSFTNAGCYDG,AMPlify_non_AMP_train_imbalanced.fa,real_non_amp_amplify,0,trNEGATIVE00490,trNEGATIVE00490,28,0,False
VIGGTNASPGEIPWQLSQQRQSGSW,AMPlify_non_AMP_train_imbalanced.fa,real_non_amp_amplify,0,trNEGATIVE01965,trNEGATIVE01965,25,0,False
CKPPGSPCRVSSYNCCSSCKSYNKKCG,AMPlify_non_AMP_train_imbalanced.fa,real_non_amp_amplify,0,trNEGATIVE02305,trNEGATIVE02305,27,0,False
MNRIGMITTIITTTITTGNGAG,AMPlify_non_AMP_train_imbalanced.fa,real_non_amp_amplify,0,trNEGATIVE02823,trNEGATIVE02823,22,0,False
VGKFPLLANSR,AMPlify_non_AMP_train_imbalanced.fa,real_non_amp_amplify,0,trNEGATIVE01360,trNEGATIVE01360,11,0,False
SGSNLTTV,AMPlify_non_AMP_train_imbalanced.fa,real_non_amp_amplify,0,trNEGATIVE88593,trNEGATIVE88593,8,0,False
DSSESNEIDDVLFLGRRDANSFMKYPQLGN,AMPlify_non_AMP_train_imbalanced.fa,real_non_amp_amplify,0,trNEGATIVE00152,trNEGATIVE00152,30,0,False
MPNISEIIDSINRRSMAEIIT,AMPlify_non_AMP_train_imbalanced.fa,real_non_amp_amplify,0,trNEGATIVE01579,trNEGATIVE01579,21,0,False
EACYPPGTFCGIKPGLCCSELCLPAVCVG,AMPlify_non_AMP_train_imbalanced.fa,real_non_amp_amplify,0,trNEGATIVE01607,trNEGATIVE01607,29,0,False
WDVNDCIHFCLIGVVERSYTECHTMCT,AMPlify_non_AMP_train_imbalanced.fa,real_non_amp_amplify,0,trNEGATIVE02158,trNEGATIVE02158,27,0,False
