sequence,length,collagen_motif_score,collagen_gxy_frame,glycine_frame_fraction,gxy_triplet_fraction,xy_proline_fraction,glycine_fraction,proline_fraction,record_id,start,label
EGQVEG,6,0.475,1,0.5,1.0,0.0,0.3333333333333333,0.0,Ovis_aries_collagen_like_alpha_1_example,24,0
EVPEGE,6,0.42500000000000004,1,0.5,0.0,0.5,0.16666666666666666,0.16666666666666666,Ovis_aries_collagen_like_alpha_1_example,84,0
DGSEGP,6,0.8,1,1.0,1.0,0.0,0.3333333333333333,0.16666666666666666,Ovis_aries_collagen_like_alpha_1_example,96,0
PGPPGP,6,1.0,1,1.0,1.0,1.0,0.3333333333333333,0.6666666666666666,Ovis_aries_collagen_like_alpha_1_example,108,0
PGSPGK,6,0.9,1,1.0,1.0,0.5,0.3333333333333333,0.3333333333333333,Ovis_aries_collagen_like_alpha_1_example,120,0
QGPRGE,6,0.9,1,1.0,1.0,0.5,0.3333333333333333,0.16666666666666666,Ovis_aries_collagen_like_alpha_1_example,132,0
RGPPGA,6,1.0,1,1.0,1.0,1.0,0.3333333333333333,0.3333333333333333,Ovis_aries_collagen_like_alpha_1_example,144,0
DGLNGL,6,0.8,1,1.0,1.0,0.0,0.3333333333333333,0.0,Ovis_aries_collagen_like_alpha_1_example,156,0
PGPRGR,6,0.9,1,1.0,1.0,0.5,0.3333333333333333,0.3333333333333333,Ovis_aries_collagen_like_alpha_1_example,168,0
PGADGP,6,0.8,1,1.0,1.0,0.0,0.3333333333333333,0.3333333333333333,Ovis_aries_collagen_like_alpha_1_example,192,0
PGPQGI,6,0.9,1,1.0,1.0,0.5,0.3333333333333333,0.3333333333333333,Ovis_aries_collagen_like_alpha_1_example,204,0
VGLPGQ,6,0.9,1,1.0,1.0,0.5,0.3333333333333333,0.16666666666666666,Ovis_aries_collagen_like_alpha_1_example,216,0
PGTAGL,6,0.8,1,1.0,1.0,0.0,0.3333333333333333,0.16666666666666666,Ovis_aries_collagen_like_alpha_1_example,228,0
RGFSGL,6,0.8,1,1.0,1.0,0.0,0.3333333333333333,0.0,Ovis_aries_collagen_like_alpha_1_example,240,0
AGPAGP,6,0.9,1,1.0,1.0,0.5,0.3333333333333333,0.3333333333333333,Ovis_aries_collagen_like_alpha_1_example,252,0
PGENGA,6,0.8,1,1.0,1.0,0.0,0.3333333333333333,0.16666666666666666,Ovis_aries_collagen_like_alpha_1_example,264,0
RGPPGP,6,1.0,1,1.0,1.0,1.0,0.3333333333333333,0.5,Ovis_aries_collagen_like_alpha_1_example,276,0
DGEAGK,6,0.8,1,1.0,1.0,0.0,0.3333333333333333,0.0,Ovis_aries_collagen_like_alpha_1_example,288,0
EGQVEGQ,7,0.4,1,0.5,0.5,0.0,0.2857142857142857,0.0,Ovis_aries_collagen_like_alpha_1_example,24,0
EVPEGEC,7,0.45,1,0.5,0.5,0.25,0.14285714285714285,0.14285714285714285,Ovis_aries_collagen_like_alpha_1_example,84,0
DGSEGPQ,7,0.8500000000000001,1,1.0,1.0,0.25,0.2857142857142857,0.14285714285714285,Ovis_aries_collagen_like_alpha_1_example,96,0
PGPPGPP,7,1.0,1,1.0,1.0,1.0,0.2857142857142857,0.7142857142857143,Ovis_aries_collagen_like_alpha_1_example,108,0
PGSPGKD,7,0.8500000000000001,1,1.0,1.0,0.25,0.2857142857142857,0.2857142857142857,Ovis_aries_collagen_like_alpha_1_example,120,0
QGPRGEP,7,0.9,1,1.0,1.0,0.5,0.2857142857142857,0.2857142857142857,Ovis_aries_collagen_like_alpha_1_example,132,0
RGPPGAP,7,0.9500000000000001,1,1.0,1.0,0.75,0.2857142857142857,0.42857142857142855,Ovis_aries_collagen_like_alpha_1_example,144,0
DGLNGLP,7,0.8500000000000001,1,1.0,1.0,0.25,0.2857142857142857,0.14285714285714285,Ovis_aries_collagen_like_alpha_1_example,156,0
PGPRGRT,7,0.8500000000000001,1,1.0,1.0,0.25,0.2857142857142857,0.2857142857142857,Ovis_aries_collagen_like_alpha_1_example,168,0
PGPPGPA,7,0.9500000000000001,1,1.0,1.0,0.75,0.2857142857142857,0.5714285714285714,Ovis_aries_collagen_like_alpha_1_example,180,0
PGADGPA,7,0.8500000000000001,1,1.0,1.0,0.25,0.2857142857142857,0.2857142857142857,Ovis_aries_collagen_like_alpha_1_example,192,0
PGPQGIA,7,0.8500000000000001,1,1.0,1.0,0.25,0.2857142857142857,0.2857142857142857,Ovis_aries_collagen_like_alpha_1_example,204,0
VGLPGQR,7,0.8500000000000001,1,1.0,1.0,0.25,0.2857142857142857,0.14285714285714285,Ovis_aries_collagen_like_alpha_1_example,216,0
PGTAGLP,7,0.8500000000000001,1,1.0,1.0,0.25,0.2857142857142857,0.2857142857142857,Ovis_aries_collagen_like_alpha_1_example,228,0
RGFSGLD,7,0.8,1,1.0,1.0,0.0,0.2857142857142857,0.0,Ovis_aries_collagen_like_alpha_1_example,240,0
AGPAGPK,7,0.9,1,1.0,1.0,0.5,0.2857142857142857,0.2857142857142857,Ovis_aries_collagen_like_alpha_1_example,252,0
PGENGAP,7,0.8500000000000001,1,1.0,1.0,0.25,0.2857142857142857,0.2857142857142857,Ovis_aries_collagen_like_alpha_1_example,264,0
RGPPGPP,7,1.0,1,1.0,1.0,1.0,0.2857142857142857,0.5714285714285714,Ovis_aries_collagen_like_alpha_1_example,276,0
DGEAGKP,7,0.8500000000000001,1,1.0,1.0,0.25,0.2857142857142857,0.14285714285714285,Ovis_aries_collagen_like_alpha_1_example,288,0
RGPPGPQ,7,0.9500000000000001,1,1.0,1.0,0.75,0.2857142857142857,0.42857142857142855,Ovis_aries_collagen_like_alpha_1_example,300,0
EGQVEGQD,8,0.4,2,0.5,0.5,0.0,0.25,0.0,Ovis_aries_collagen_like_alpha_1_example,24,0
CVCDNGKV,8,0.4,2,0.5,0.5,0.0,0.125,0.0,Ovis_aries_collagen_like_alpha_1_example,60,0
DGSEGPQG,8,0.8500000000000001,1,1.0,1.0,0.25,0.375,0.125,Ovis_aries_collagen_like_alpha_1_example,96,0
PGPPGPPG,8,1.0,1,1.0,1.0,1.0,0.375,0.625,Ovis_aries_collagen_like_alpha_1_example,108,0
PGSPGKDG,8,0.8500000000000001,1,1.0,1.0,0.25,0.375,0.25,Ovis_aries_collagen_like_alpha_1_example,120,0
QGPRGEPG,8,0.9,1,1.0,1.0,0.5,0.375,0.25,Ovis_aries_collagen_like_alpha_1_example,132,0
RGPPGAPG,8,0.9500000000000001,1,1.0,1.0,0.75,0.375,0.375,Ovis_aries_collagen_like_alpha_1_example,144,0
DGLNGLPG,8,0.8500000000000001,1,1.0,1.0,0.25,0.375,0.125,Ovis_aries_collagen_like_alpha_1_example,156,0
PGPRGRTG,8,0.8500000000000001,1,1.0,1.0,0.25,0.375,0.25,Ovis_aries_collagen_like_alpha_1_example,168,0
PGPPGPAG,8,0.9500000000000001,1,1.0,1.0,0.75,0.375,0.5,Ovis_aries_collagen_like_alpha_1_example,180,0
PGADGPAG,8,0.8500000000000001,1,1.0,1.0,0.25,0.375,0.25,Ovis_aries_collagen_like_alpha_1_example,192,0
PGPQGIAG,8,0.8500000000000001,1,1.0,1.0,0.25,0.375,0.25,Ovis_aries_collagen_like_alpha_1_example,204,0
VGLPGQRG,8,0.8500000000000001,1,1.0,1.0,0.25,0.375,0.125,Ovis_aries_collagen_like_alpha_1_example,216,0
PGTAGLPG,8,0.8500000000000001,1,1.0,1.0,0.25,0.375,0.25,Ovis_aries_collagen_like_alpha_1_example,228,0
RGFSGLDG,8,0.8,1,1.0,1.0,0.0,0.375,0.0,Ovis_aries_collagen_like_alpha_1_example,240,0
AGPAGPKG,8,0.9,1,1.0,1.0,0.5,0.375,0.25,Ovis_aries_collagen_like_alpha_1_example,252,0
PGENGAPG,8,0.8500000000000001,1,1.0,1.0,0.25,0.375,0.25,Ovis_aries_collagen_like_alpha_1_example,264,0
RGPPGPPG,8,1.0,1,1.0,1.0,1.0,0.375,0.5,Ovis_aries_collagen_like_alpha_1_example,276,0
DGEAGKPG,8,0.8500000000000001,1,1.0,1.0,0.25,0.375,0.125,Ovis_aries_collagen_like_alpha_1_example,288,0
RGPPGPQG,8,0.9500000000000001,1,1.0,1.0,0.75,0.375,0.375,Ovis_aries_collagen_like_alpha_1_example,300,0
DGSEGPQGP,9,0.8500000000000001,1,1.0,1.0,0.25,0.3333333333333333,0.2222222222222222,Ovis_aries_collagen_like_alpha_1_example,96,0
PGSPGKDGE,9,0.8500000000000001,1,1.0,1.0,0.25,0.3333333333333333,0.2222222222222222,Ovis_aries_collagen_like_alpha_1_example,120,0
QGPRGEPGP,9,0.9,1,1.0,1.0,0.5,0.3333333333333333,0.3333333333333333,Ovis_aries_collagen_like_alpha_1_example,132,0
RGPPGAPGA,9,0.9500000000000001,1,1.0,1.0,0.75,0.3333333333333333,0.3333333333333333,Ovis_aries_collagen_like_alpha_1_example,144,0
DGLNGLPGP,9,0.8500000000000001,1,1.0,1.0,0.25,0.3333333333333333,0.2222222222222222,Ovis_aries_collagen_like_alpha_1_example,156,0
PGPRGRTGE,9,0.8500000000000001,1,1.0,1.0,0.25,0.3333333333333333,0.2222222222222222,Ovis_aries_collagen_like_alpha_1_example,168,0
PGPPGPAGE,9,0.9500000000000001,1,1.0,1.0,0.75,0.3333333333333333,0.4444444444444444,Ovis_aries_collagen_like_alpha_1_example,180,0
PGADGPAGA,9,0.8500000000000001,1,1.0,1.0,0.25,0.3333333333333333,0.2222222222222222,Ovis_aries_collagen_like_alpha_1_example,192,0
PGPQGIAGQ,9,0.8500000000000001,1,1.0,1.0,0.25,0.3333333333333333,0.2222222222222222,Ovis_aries_collagen_like_alpha_1_example,204,0
VGLPGQRGE,9,0.8500000000000001,1,1.0,1.0,0.25,0.3333333333333333,0.1111111111111111,Ovis_aries_collagen_like_alpha_1_example,216,0
PGTAGLPGM,9,0.8500000000000001,1,1.0,1.0,0.25,0.3333333333333333,0.2222222222222222,Ovis_aries_collagen_like_alpha_1_example,228,0
RGFSGLDGA,9,0.8,1,1.0,1.0,0.0,0.3333333333333333,0.0,Ovis_aries_collagen_like_alpha_1_example,240,0
AGPAGPKGE,9,0.9,1,1.0,1.0,0.5,0.3333333333333333,0.2222222222222222,Ovis_aries_collagen_like_alpha_1_example,252,0
PGENGAPGQ,9,0.8500000000000001,1,1.0,1.0,0.25,0.3333333333333333,0.2222222222222222,Ovis_aries_collagen_like_alpha_1_example,264,0
RGPPGPPGK,9,1.0,1,1.0,1.0,1.0,0.3333333333333333,0.4444444444444444,Ovis_aries_collagen_like_alpha_1_example,276,0
DGEAGKPGR,9,0.8500000000000001,1,1.0,1.0,0.25,0.3333333333333333,0.1111111111111111,Ovis_aries_collagen_like_alpha_1_example,288,0
RGPPGPQGA,9,0.9500000000000001,1,1.0,1.0,0.75,0.3333333333333333,0.3333333333333333,Ovis_aries_collagen_like_alpha_1_example,300,0
DGSEGPQGPR,10,0.8666666666666667,1,1.0,1.0,0.3333333333333333,0.3,0.2,Ovis_aries_collagen_like_alpha_1_example,96,0
PGSPGKDGEA,10,0.8333333333333334,1,1.0,1.0,0.16666666666666666,0.3,0.2,Ovis_aries_collagen_like_alpha_1_example,120,0
QGPRGEPGPQ,10,0.9,1,1.0,1.0,0.5,0.3,0.3,Ovis_aries_collagen_like_alpha_1_example,132,0
RGPPGAPGAP,10,0.9333333333333333,1,1.0,1.0,0.6666666666666666,0.3,0.4,Ovis_aries_collagen_like_alpha_1_example,144,0
DGLNGLPGPI,10,0.8666666666666667,1,1.0,1.0,0.3333333333333333,0.3,0.2,Ovis_aries_collagen_like_alpha_1_example,156,0
PGPRGRTGEP,10,0.8666666666666667,1,1.0,1.0,0.3333333333333333,0.3,0.3,Ovis_aries_collagen_like_alpha_1_example,168,0
PGPPGPAGEK,10,0.9,1,1.0,1.0,0.5,0.3,0.4,Ovis_aries_collagen_like_alpha_1_example,180,0
PGADGPAGAP,10,0.8666666666666667,1,1.0,1.0,0.3333333333333333,0.3,0.3,Ovis_aries_collagen_like_alpha_1_example,192,0
PGPQGIAGQR,10,0.8333333333333334,1,1.0,1.0,0.16666666666666666,0.3,0.2,Ovis_aries_collagen_like_alpha_1_example,204,0
VGLPGQRGER,10,0.8333333333333334,1,1.0,1.0,0.16666666666666666,0.3,0.1,Ovis_aries_collagen_like_alpha_1_example,216,0
PGTAGLPGMK,10,0.8333333333333334,1,1.0,1.0,0.16666666666666666,0.3,0.2,Ovis_aries_collagen_like_alpha_1_example,228,0
RGFSGLDGAK,10,0.8,1,1.0,1.0,0.0,0.3,0.0,Ovis_aries_collagen_like_alpha_1_example,240,0
AGPAGPKGEP,10,0.9,1,1.0,1.0,0.5,0.3,0.3,Ovis_aries_collagen_like_alpha_1_example,252,0
PGENGAPGQM,10,0.8333333333333334,1,1.0,1.0,0.16666666666666666,0.3,0.2,Ovis_aries_collagen_like_alpha_1_example,264,0
RGPPGPPGKN,10,0.9333333333333333,1,1.0,1.0,0.6666666666666666,0.3,0.4,Ovis_aries_collagen_like_alpha_1_example,276,0
DGEAGKPGRP,10,0.8666666666666667,1,1.0,1.0,0.3333333333333333,0.3,0.2,Ovis_aries_collagen_like_alpha_1_example,288,0
RGPPGPQGAR,10,0.9,1,1.0,1.0,0.5,0.3,0.3,Ovis_aries_collagen_like_alpha_1_example,300,0
DGSEGPQGPRG,11,0.8666666666666667,1,1.0,1.0,0.3333333333333333,0.36363636363636365,0.18181818181818182,Ovis_aries_collagen_like_alpha_1_example,96,0
PGSPGKDGEAG,11,0.8333333333333334,1,1.0,1.0,0.16666666666666666,0.36363636363636365,0.18181818181818182,Ovis_aries_collagen_like_alpha_1_example,120,0
QGPRGEPGPQG,11,0.9,1,1.0,1.0,0.5,0.36363636363636365,0.2727272727272727,Ovis_aries_collagen_like_alpha_1_example,132,0
RGPPGAPGAPG,11,0.9333333333333333,1,1.0,1.0,0.6666666666666666,0.36363636363636365,0.36363636363636365,Ovis_aries_collagen_like_alpha_1_example,144,0
DGLNGLPGPIG,11,0.8666666666666667,1,1.0,1.0,0.3333333333333333,0.36363636363636365,0.18181818181818182,Ovis_aries_collagen_like_alpha_1_example,156,0
PGPRGRTGEPG,11,0.8666666666666667,1,1.0,1.0,0.3333333333333333,0.36363636363636365,0.2727272727272727,Ovis_aries_collagen_like_alpha_1_example,168,0
PGPPGPAGEKG,11,0.9,1,1.0,1.0,0.5,0.36363636363636365,0.36363636363636365,Ovis_aries_collagen_like_alpha_1_example,180,0
PGADGPAGAPG,11,0.8666666666666667,1,1.0,1.0,0.3333333333333333,0.36363636363636365,0.2727272727272727,Ovis_aries_collagen_like_alpha_1_example,192,0
PGPQGIAGQRG,11,0.8333333333333334,1,1.0,1.0,0.16666666666666666,0.36363636363636365,0.18181818181818182,Ovis_aries_collagen_like_alpha_1_example,204,0
VGLPGQRGERG,11,0.8333333333333334,1,1.0,1.0,0.16666666666666666,0.36363636363636365,0.09090909090909091,Ovis_aries_collagen_like_alpha_1_example,216,0
PGTAGLPGMKG,11,0.8333333333333334,1,1.0,1.0,0.16666666666666666,0.36363636363636365,0.18181818181818182,Ovis_aries_collagen_like_alpha_1_example,228,0
RGFSGLDGAKG,11,0.8,1,1.0,1.0,0.0,0.36363636363636365,0.0,Ovis_aries_collagen_like_alpha_1_example,240,0
AGPAGPKGEPG,11,0.9,1,1.0,1.0,0.5,0.36363636363636365,0.2727272727272727,Ovis_aries_collagen_like_alpha_1_example,252,0
PGENGAPGQMG,11,0.8333333333333334,1,1.0,1.0,0.16666666666666666,0.36363636363636365,0.18181818181818182,Ovis_aries_collagen_like_alpha_1_example,264,0
RGPPGPPGKNG,11,0.9333333333333333,1,1.0,1.0,0.6666666666666666,0.36363636363636365,0.36363636363636365,Ovis_aries_collagen_like_alpha_1_example,276,0
DGEAGKPGRPG,11,0.8666666666666667,1,1.0,1.0,0.3333333333333333,0.36363636363636365,0.18181818181818182,Ovis_aries_collagen_like_alpha_1_example,288,0
RGPPGPQGARG,11,0.9,1,1.0,1.0,0.5,0.36363636363636365,0.2727272727272727,Ovis_aries_collagen_like_alpha_1_example,300,0
DGSEGPQGPRGP,12,0.8666666666666667,1,1.0,1.0,0.3333333333333333,0.3333333333333333,0.25,Ovis_aries_collagen_like_alpha_1_example,96,0
PGSPGKDGEAGA,12,0.8333333333333334,1,1.0,1.0,0.16666666666666666,0.3333333333333333,0.16666666666666666,Ovis_aries_collagen_like_alpha_1_example,120,0
QGPRGEPGPQGP,12,0.9,1,1.0,1.0,0.5,0.3333333333333333,0.3333333333333333,Ovis_aries_collagen_like_alpha_1_example,132,0
RGPPGAPGAPGK,12,0.9333333333333333,1,1.0,1.0,0.6666666666666666,0.3333333333333333,0.3333333333333333,Ovis_aries_collagen_like_alpha_1_example,144,0
DGLNGLPGPIGP,12,0.8666666666666667,1,1.0,1.0,0.3333333333333333,0.3333333333333333,0.25,Ovis_aries_collagen_like_alpha_1_example,156,0
PGPRGRTGEPGP,12,0.8666666666666667,1,1.0,1.0,0.3333333333333333,0.3333333333333333,0.3333333333333333,Ovis_aries_collagen_like_alpha_1_example,168,0
PGPPGPAGEKGS,12,0.9,1,1.0,1.0,0.5,0.3333333333333333,0.3333333333333333,Ovis_aries_collagen_like_alpha_1_example,180,0
PGADGPAGAPGT,12,0.8666666666666667,1,1.0,1.0,0.3333333333333333,0.3333333333333333,0.25,Ovis_aries_collagen_like_alpha_1_example,192,0
PGPQGIAGQRGV,12,0.8333333333333334,1,1.0,1.0,0.16666666666666666,0.3333333333333333,0.16666666666666666,Ovis_aries_collagen_like_alpha_1_example,204,0
VGLPGQRGERGL,12,0.8333333333333334,1,1.0,1.0,0.16666666666666666,0.3333333333333333,0.08333333333333333,Ovis_aries_collagen_like_alpha_1_example,216,0
PGTAGLPGMKGH,12,0.8333333333333334,1,1.0,1.0,0.16666666666666666,0.3333333333333333,0.16666666666666666,Ovis_aries_collagen_like_alpha_1_example,228,0
RGFSGLDGAKGD,12,0.8,1,1.0,1.0,0.0,0.3333333333333333,0.0,Ovis_aries_collagen_like_alpha_1_example,240,0
AGPAGPKGEPGS,12,0.9,1,1.0,1.0,0.5,0.3333333333333333,0.25,Ovis_aries_collagen_like_alpha_1_example,252,0
PGENGAPGQMGP,12,0.8333333333333334,1,1.0,1.0,0.16666666666666666,0.3333333333333333,0.25,Ovis_aries_collagen_like_alpha_1_example,264,0
RGPPGPPGKNGD,12,0.9333333333333333,1,1.0,1.0,0.6666666666666666,0.3333333333333333,0.3333333333333333,Ovis_aries_collagen_like_alpha_1_example,276,0
DGEAGKPGRPGE,12,0.8666666666666667,1,1.0,1.0,0.3333333333333333,0.3333333333333333,0.16666666666666666,Ovis_aries_collagen_like_alpha_1_example,288,0
RGPPGPQGARGL,12,0.9,1,1.0,1.0,0.5,0.3333333333333333,0.25,Ovis_aries_collagen_like_alpha_1_example,300,0
DGSEGPQGPRGPP,13,0.9,1,1.0,1.0,0.5,0.3076923076923077,0.3076923076923077,Ovis_aries_collagen_like_alpha_1_example,96,0
PGSPGKDGEAGAQ,13,0.8250000000000001,1,1.0,1.0,0.125,0.3076923076923077,0.15384615384615385,Ovis_aries_collagen_like_alpha_1_example,120,0
QGPRGEPGPQGPR,13,0.9,1,1.0,1.0,0.5,0.3076923076923077,0.3076923076923077,Ovis_aries_collagen_like_alpha_1_example,132,0
RGPPGAPGAPGKD,13,0.9,1,1.0,1.0,0.5,0.3076923076923077,0.3076923076923077,Ovis_aries_collagen_like_alpha_1_example,144,0
DGLNGLPGPIGPP,13,0.9,1,1.0,1.0,0.5,0.3076923076923077,0.3076923076923077,Ovis_aries_collagen_like_alpha_1_example,156,0
PGPRGRTGEPGPP,13,0.9,1,1.0,1.0,0.5,0.3076923076923077,0.38461538461538464,Ovis_aries_collagen_like_alpha_1_example,168,0
PGPPGPAGEKGSP,13,0.9,1,1.0,1.0,0.5,0.3076923076923077,0.38461538461538464,Ovis_aries_collagen_like_alpha_1_example,180,0
PGADGPAGAPGTP,13,0.8750000000000001,1,1.0,1.0,0.375,0.3076923076923077,0.3076923076923077,Ovis_aries_collagen_like_alpha_1_example,192,0
PGPQGIAGQRGVV,13,0.8250000000000001,1,1.0,1.0,0.125,0.3076923076923077,0.15384615384615385,Ovis_aries_collagen_like_alpha_1_example,204,0
VGLPGQRGERGLP,13,0.8500000000000001,1,1.0,1.0,0.25,0.3076923076923077,0.15384615384615385,Ovis_aries_collagen_like_alpha_1_example,216,0
PGTAGLPGMKGHR,13,0.8250000000000001,1,1.0,1.0,0.125,0.3076923076923077,0.15384615384615385,Ovis_aries_collagen_like_alpha_1_example,228,0
RGFSGLDGAKGDA,13,0.8,1,1.0,1.0,0.0,0.3076923076923077,0.0,Ovis_aries_collagen_like_alpha_1_example,240,0
AGPAGPKGEPGSP,13,0.9,1,1.0,1.0,0.5,0.3076923076923077,0.3076923076923077,Ovis_aries_collagen_like_alpha_1_example,252,0
PGENGAPGQMGPR,13,0.8500000000000001,1,1.0,1.0,0.25,0.3076923076923077,0.23076923076923078,Ovis_aries_collagen_like_alpha_1_example,264,0
RGPPGPPGKNGDD,13,0.9,1,1.0,1.0,0.5,0.3076923076923077,0.3076923076923077,Ovis_aries_collagen_like_alpha_1_example,276,0
DGEAGKPGRPGER,13,0.8500000000000001,1,1.0,1.0,0.25,0.3076923076923077,0.15384615384615385,Ovis_aries_collagen_like_alpha_1_example,288,0
RGPPGPQGARGLP,13,0.9,1,1.0,1.0,0.5,0.3076923076923077,0.3076923076923077,Ovis_aries_collagen_like_alpha_1_example,300,0
EVPEGECCPVCPDG,14,0.3725,1,0.4,0.25,0.375,0.14285714285714285,0.21428571428571427,Ovis_aries_collagen_like_alpha_1_example,84,0
DGSEGPQGPRGPPG,14,0.9,1,1.0,1.0,0.5,0.35714285714285715,0.2857142857142857,Ovis_aries_collagen_like_alpha_1_example,96,0
PGSPGKDGEAGAQG,14,0.8250000000000001,1,1.0,1.0,0.125,0.35714285714285715,0.14285714285714285,Ovis_aries_collagen_like_alpha_1_example,120,0
QGPRGEPGPQGPRG,14,0.9,1,1.0,1.0,0.5,0.35714285714285715,0.2857142857142857,Ovis_aries_collagen_like_alpha_1_example,132,0
RGPPGAPGAPGKDG,14,0.9,1,1.0,1.0,0.5,0.35714285714285715,0.2857142857142857,Ovis_aries_collagen_like_alpha_1_example,144,0
DGLNGLPGPIGPPG,14,0.9,1,1.0,1.0,0.5,0.35714285714285715,0.2857142857142857,Ovis_aries_collagen_like_alpha_1_example,156,0
PGPRGRTGEPGPPG,14,0.9,1,1.0,1.0,0.5,0.35714285714285715,0.35714285714285715,Ovis_aries_collagen_like_alpha_1_example,168,0
PGPPGPAGEKGSPG,14,0.9,1,1.0,1.0,0.5,0.35714285714285715,0.35714285714285715,Ovis_aries_collagen_like_alpha_1_example,180,0
PGADGPAGAPGTPG,14,0.8750000000000001,1,1.0,1.0,0.375,0.35714285714285715,0.2857142857142857,Ovis_aries_collagen_like_alpha_1_example,192,0
PGPQGIAGQRGVVG,14,0.8250000000000001,1,1.0,1.0,0.125,0.35714285714285715,0.14285714285714285,Ovis_aries_collagen_like_alpha_1_example,204,0
VGLPGQRGERGLPG,14,0.8500000000000001,1,1.0,1.0,0.25,0.35714285714285715,0.14285714285714285,Ovis_aries_collagen_like_alpha_1_example,216,0
PGTAGLPGMKGHRG,14,0.8250000000000001,1,1.0,1.0,0.125,0.35714285714285715,0.14285714285714285,Ovis_aries_collagen_like_alpha_1_example,228,0
RGFSGLDGAKGDAG,14,0.8,1,1.0,1.0,0.0,0.35714285714285715,0.0,Ovis_aries_collagen_like_alpha_1_example,240,0
AGPAGPKGEPGSPG,14,0.9,1,1.0,1.0,0.5,0.35714285714285715,0.2857142857142857,Ovis_aries_collagen_like_alpha_1_example,252,0
PGENGAPGQMGPRG,14,0.8500000000000001,1,1.0,1.0,0.25,0.35714285714285715,0.21428571428571427,Ovis_aries_collagen_like_alpha_1_example,264,0
RGPPGPPGKNGDDG,14,0.9,1,1.0,1.0,0.5,0.35714285714285715,0.2857142857142857,Ovis_aries_collagen_like_alpha_1_example,276,0
DGEAGKPGRPGERG,14,0.8500000000000001,1,1.0,1.0,0.25,0.35714285714285715,0.14285714285714285,Ovis_aries_collagen_like_alpha_1_example,288,0
RGPPGPQGARGLPG,14,0.9,1,1.0,1.0,0.5,0.35714285714285715,0.2857142857142857,Ovis_aries_collagen_like_alpha_1_example,300,0
EVPEGECCPVCPDGS,15,0.3725,1,0.4,0.25,0.375,0.13333333333333333,0.2,Ovis_aries_collagen_like_alpha_1_example,84,0
DGSEGPQGPRGPPGP,15,0.9,1,1.0,1.0,0.5,0.3333333333333333,0.3333333333333333,Ovis_aries_collagen_like_alpha_1_example,96,0
PGSPGKDGEAGAQGP,15,0.8250000000000001,1,1.0,1.0,0.125,0.3333333333333333,0.2,Ovis_aries_collagen_like_alpha_1_example,120,0
QGPRGEPGPQGPRGP,15,0.9,1,1.0,1.0,0.5,0.3333333333333333,0.3333333333333333,Ovis_aries_collagen_like_alpha_1_example,132,0
RGPPGAPGAPGKDGL,15,0.9,1,1.0,1.0,0.5,0.3333333333333333,0.26666666666666666,Ovis_aries_collagen_like_alpha_1_example,144,0
DGLNGLPGPIGPPGP,15,0.9,1,1.0,1.0,0.5,0.3333333333333333,0.3333333333333333,Ovis_aries_collagen_like_alpha_1_example,156,0
PGPRGRTGEPGPPGP,15,0.9,1,1.0,1.0,0.5,0.3333333333333333,0.4,Ovis_aries_collagen_like_alpha_1_example,168,0
PGPPGPAGEKGSPGA,15,0.9,1,1.0,1.0,0.5,0.3333333333333333,0.3333333333333333,Ovis_aries_collagen_like_alpha_1_example,180,0
PGADGPAGAPGTPGP,15,0.8750000000000001,1,1.0,1.0,0.375,0.3333333333333333,0.3333333333333333,Ovis_aries_collagen_like_alpha_1_example,192,0
PGPQGIAGQRGVVGL,15,0.8250000000000001,1,1.0,1.0,0.125,0.3333333333333333,0.13333333333333333,Ovis_aries_collagen_like_alpha_1_example,204,0
VGLPGQRGERGLPGT,15,0.8500000000000001,1,1.0,1.0,0.25,0.3333333333333333,0.13333333333333333,Ovis_aries_collagen_like_alpha_1_example,216,0
PGTAGLPGMKGHRGF,15,0.8250000000000001,1,1.0,1.0,0.125,0.3333333333333333,0.13333333333333333,Ovis_aries_collagen_like_alpha_1_example,228,0
RGFSGLDGAKGDAGP,15,0.8,1,1.0,1.0,0.0,0.3333333333333333,0.06666666666666667,Ovis_aries_collagen_like_alpha_1_example,240,0
AGPAGPKGEPGSPGE,15,0.9,1,1.0,1.0,0.5,0.3333333333333333,0.26666666666666666,Ovis_aries_collagen_like_alpha_1_example,252,0
PGENGAPGQMGPRGP,15,0.8500000000000001,1,1.0,1.0,0.25,0.3333333333333333,0.26666666666666666,Ovis_aries_collagen_like_alpha_1_example,264,0
RGPPGPPGKNGDDGE,15,0.9,1,1.0,1.0,0.5,0.3333333333333333,0.26666666666666666,Ovis_aries_collagen_like_alpha_1_example,276,0
DGEAGKPGRPGERGP,15,0.8500000000000001,1,1.0,1.0,0.25,0.3333333333333333,0.2,Ovis_aries_collagen_like_alpha_1_example,288,0
RGPPGPQGARGLPGT,15,0.9,1,1.0,1.0,0.5,0.3333333333333333,0.26666666666666666,Ovis_aries_collagen_like_alpha_1_example,300,0
EVPEGECCPVCPDGSE,16,0.38,1,0.4,0.4,0.3,0.125,0.1875,Ovis_aries_collagen_like_alpha_1_example,84,0
DGSEGPQGPRGPPGPP,16,0.92,1,1.0,1.0,0.6,0.3125,0.375,Ovis_aries_collagen_like_alpha_1_example,96,0
PGSPGKDGEAGAQGPR,16,0.8400000000000001,1,1.0,1.0,0.2,0.3125,0.1875,Ovis_aries_collagen_like_alpha_1_example,120,0
QGPRGEPGPQGPRGPP,16,0.92,1,1.0,1.0,0.6,0.3125,0.375,Ovis_aries_collagen_like_alpha_1_example,132,0
RGPPGAPGAPGKDGLN,16,0.88,1,1.0,1.0,0.4,0.3125,0.25,Ovis_aries_collagen_like_alpha_1_example,144,0
DGLNGLPGPIGPPGPR,16,0.9,1,1.0,1.0,0.5,0.3125,0.3125,Ovis_aries_collagen_like_alpha_1_example,156,0
PGPRGRTGEPGPPGPP,16,0.92,1,1.0,1.0,0.6,0.3125,0.4375,Ovis_aries_collagen_like_alpha_1_example,168,0
PGPPGPAGEKGSPGAD,16,0.88,1,1.0,1.0,0.4,0.3125,0.3125,Ovis_aries_collagen_like_alpha_1_example,180,0
PGADGPAGAPGTPGPQ,16,0.88,1,1.0,1.0,0.4,0.3125,0.3125,Ovis_aries_collagen_like_alpha_1_example,192,0
PGPQGIAGQRGVVGLP,16,0.8400000000000001,1,1.0,1.0,0.2,0.3125,0.1875,Ovis_aries_collagen_like_alpha_1_example,204,0
VGLPGQRGERGLPGTA,16,0.8400000000000001,1,1.0,1.0,0.2,0.3125,0.125,Ovis_aries_collagen_like_alpha_1_example,216,0
PGTAGLPGMKGHRGFS,16,0.8200000000000001,1,1.0,1.0,0.1,0.3125,0.125,Ovis_aries_collagen_like_alpha_1_example,228,0
RGFSGLDGAKGDAGPA,16,0.8200000000000001,1,1.0,1.0,0.1,0.3125,0.0625,Ovis_aries_collagen_like_alpha_1_example,240,0
AGPAGPKGEPGSPGEN,16,0.88,1,1.0,1.0,0.4,0.3125,0.25,Ovis_aries_collagen_like_alpha_1_example,252,0
PGENGAPGQMGPRGPP,16,0.88,1,1.0,1.0,0.4,0.3125,0.3125,Ovis_aries_collagen_like_alpha_1_example,264,0
RGPPGPPGKNGDDGEA,16,0.88,1,1.0,1.0,0.4,0.3125,0.25,Ovis_aries_collagen_like_alpha_1_example,276,0
DGEAGKPGRPGERGPP,16,0.88,1,1.0,1.0,0.4,0.3125,0.25,Ovis_aries_collagen_like_alpha_1_example,288,0
RGPPGPQGARGLPGTA,16,0.88,1,1.0,1.0,0.4,0.3125,0.25,Ovis_aries_collagen_like_alpha_1_example,300,0
EVPEGECCPVCPDGSEG,17,0.445,1,0.5,0.4,0.3,0.17647058823529413,0.17647058823529413,Ovis_aries_collagen_like_alpha_1_example,84,0
DGSEGPQGPRGPPGPPG,17,0.92,1,1.0,1.0,0.6,0.35294117647058826,0.35294117647058826,Ovis_aries_collagen_like_alpha_1_example,96,0
PGSPGKDGEAGAQGPRG,17,0.8400000000000001,1,1.0,1.0,0.2,0.35294117647058826,0.17647058823529413,Ovis_aries_collagen_like_alpha_1_example,120,0
QGPRGEPGPQGPRGPPG,17,0.92,1,1.0,1.0,0.6,0.35294117647058826,0.35294117647058826,Ovis_aries_collagen_like_alpha_1_example,132,0
RGPPGAPGAPGKDGLNG,17,0.88,1,1.0,1.0,0.4,0.35294117647058826,0.23529411764705882,Ovis_aries_collagen_like_alpha_1_example,144,0
DGLNGLPGPIGPPGPRG,17,0.9,1,1.0,1.0,0.5,0.35294117647058826,0.29411764705882354,Ovis_aries_collagen_like_alpha_1_example,156,0
PGPRGRTGEPGPPGPPG,17,0.92,1,1.0,1.0,0.6,0.35294117647058826,0.4117647058823529,Ovis_aries_collagen_like_alpha_1_example,168,0
PGPPGPAGEKGSPGADG,17,0.88,1,1.0,1.0,0.4,0.35294117647058826,0.29411764705882354,Ovis_aries_collagen_like_alpha_1_example,180,0
PGADGPAGAPGTPGPQG,17,0.88,1,1.0,1.0,0.4,0.35294117647058826,0.29411764705882354,Ovis_aries_collagen_like_alpha_1_example,192,0
PGPQGIAGQRGVVGLPG,17,0.8400000000000001,1,1.0,1.0,0.2,0.35294117647058826,0.17647058823529413,Ovis_aries_collagen_like_alpha_1_example,204,0
VGLPGQRGERGLPGTAG,17,0.8400000000000001,1,1.0,1.0,0.2,0.35294117647058826,0.11764705882352941,Ovis_aries_collagen_like_alpha_1_example,216,0
PGTAGLPGMKGHRGFSG,17,0.8200000000000001,1,1.0,1.0,0.1,0.35294117647058826,0.11764705882352941,Ovis_aries_collagen_like_alpha_1_example,228,0
RGFSGLDGAKGDAGPAG,17,0.8200000000000001,1,1.0,1.0,0.1,0.35294117647058826,0.058823529411764705,Ovis_aries_collagen_like_alpha_1_example,240,0
AGPAGPKGEPGSPGENG,17,0.88,1,1.0,1.0,0.4,0.35294117647058826,0.23529411764705882,Ovis_aries_collagen_like_alpha_1_example,252,0
PGENGAPGQMGPRGPPG,17,0.88,1,1.0,1.0,0.4,0.35294117647058826,0.29411764705882354,Ovis_aries_collagen_like_alpha_1_example,264,0
RGPPGPPGKNGDDGEAG,17,0.88,1,1.0,1.0,0.4,0.35294117647058826,0.23529411764705882,Ovis_aries_collagen_like_alpha_1_example,276,0
DGEAGKPGRPGERGPPG,17,0.88,1,1.0,1.0,0.4,0.35294117647058826,0.23529411764705882,Ovis_aries_collagen_like_alpha_1_example,288,0
RGPPGPQGARGLPGTAG,17,0.88,1,1.0,1.0,0.4,0.35294117647058826,0.23529411764705882,Ovis_aries_collagen_like_alpha_1_example,300,0
EVPEGECCPVCPDGSEGP,18,0.445,1,0.5,0.4,0.3,0.16666666666666666,0.2222222222222222,Ovis_aries_collagen_like_alpha_1_example,84,0
DGSEGPQGPRGPPGPPGP,18,0.92,1,1.0,1.0,0.6,0.3333333333333333,0.3888888888888889,Ovis_aries_collagen_like_alpha_1_example,96,0
PGSPGKDGEAGAQGPRGE,18,0.8400000000000001,1,1.0,1.0,0.2,0.3333333333333333,0.16666666666666666,Ovis_aries_collagen_like_alpha_1_example,120,0
QGPRGEPGPQGPRGPPGA,18,0.92,1,1.0,1.0,0.6,0.3333333333333333,0.3333333333333333,Ovis_aries_collagen_like_alpha_1_example,132,0
RGPPGAPGAPGKDGLNGL,18,0.88,1,1.0,1.0,0.4,0.3333333333333333,0.2222222222222222,Ovis_aries_collagen_like_alpha_1_example,144,0
DGLNGLPGPIGPPGPRGR,18,0.9,1,1.0,1.0,0.5,0.3333333333333333,0.2777777777777778,Ovis_aries_collagen_like_alpha_1_example,156,0
PGPRGRTGEPGPPGPPGP,18,0.92,1,1.0,1.0,0.6,0.3333333333333333,0.4444444444444444,Ovis_aries_collagen_like_alpha_1_example,168,0
PGPPGPAGEKGSPGADGP,18,0.88,1,1.0,1.0,0.4,0.3333333333333333,0.3333333333333333,Ovis_aries_collagen_like_alpha_1_example,180,0
PGADGPAGAPGTPGPQGI,18,0.88,1,1.0,1.0,0.4,0.3333333333333333,0.2777777777777778,Ovis_aries_collagen_like_alpha_1_example,192,0
PGPQGIAGQRGVVGLPGQ,18,0.8400000000000001,1,1.0,1.0,0.2,0.3333333333333333,0.16666666666666666,Ovis_aries_collagen_like_alpha_1_example,204,0
VGLPGQRGERGLPGTAGL,18,0.8400000000000001,1,1.0,1.0,0.2,0.3333333333333333,0.1111111111111111,Ovis_aries_collagen_like_alpha_1_example,216,0
PGTAGLPGMKGHRGFSGL,18,0.8200000000000001,1,1.0,1.0,0.1,0.3333333333333333,0.1111111111111111,Ovis_aries_collagen_like_alpha_1_example,228,0
RGFSGLDGAKGDAGPAGP,18,0.8200000000000001,1,1.0,1.0,0.1,0.3333333333333333,0.1111111111111111,Ovis_aries_collagen_like_alpha_1_example,240,0
AGPAGPKGEPGSPGENGA,18,0.88,1,1.0,1.0,0.4,0.3333333333333333,0.2222222222222222,Ovis_aries_collagen_like_alpha_1_example,252,0
PGENGAPGQMGPRGPPGP,18,0.88,1,1.0,1.0,0.4,0.3333333333333333,0.3333333333333333,Ovis_aries_collagen_like_alpha_1_example,264,0
RGPPGPPGKNGDDGEAGK,18,0.88,1,1.0,1.0,0.4,0.3333333333333333,0.2222222222222222,Ovis_aries_collagen_like_alpha_1_example,276,0
DGEAGKPGRPGERGPPGP,18,0.88,1,1.0,1.0,0.4,0.3333333333333333,0.2777777777777778,Ovis_aries_collagen_like_alpha_1_example,288,0
RGPPGPQGARGLPGTAGL,18,0.88,1,1.0,1.0,0.4,0.3333333333333333,0.2222222222222222,Ovis_aries_collagen_like_alpha_1_example,300,0
EVPEGECCPVCPDGSEGPQ,19,0.4666666666666667,1,0.5,0.5,0.3333333333333333,0.15789473684210525,0.21052631578947367,Ovis_aries_collagen_like_alpha_1_example,84,0
DGSEGPQGPRGPPGPPGPP,19,0.9333333333333333,1,1.0,1.0,0.6666666666666666,0.3157894736842105,0.42105263157894735,Ovis_aries_collagen_like_alpha_1_example,96,0
PGPPGPPGPPGPPGSPGKD,19,0.9500000000000001,1,1.0,1.0,0.75,0.3157894736842105,0.5263157894736842,Ovis_aries_collagen_like_alpha_1_example,108,0
PGSPGKDGEAGAQGPRGEP,19,0.8500000000000001,1,1.0,1.0,0.25,0.3157894736842105,0.21052631578947367,Ovis_aries_collagen_like_alpha_1_example,120,0
QGPRGEPGPQGPRGPPGAP,19,0.9166666666666667,1,1.0,1.0,0.5833333333333334,0.3157894736842105,0.3684210526315789,Ovis_aries_collagen_like_alpha_1_example,132,0
RGPPGAPGAPGKDGLNGLP,19,0.8833333333333334,1,1.0,1.0,0.4166666666666667,0.3157894736842105,0.2631578947368421,Ovis_aries_collagen_like_alpha_1_example,144,0
DGLNGLPGPIGPPGPRGRT,19,0.8833333333333334,1,1.0,1.0,0.4166666666666667,0.3157894736842105,0.2631578947368421,Ovis_aries_collagen_like_alpha_1_example,156,0
PGPRGRTGEPGPPGPPGPA,19,0.9166666666666667,1,1.0,1.0,0.5833333333333334,0.3157894736842105,0.42105263157894735,Ovis_aries_collagen_like_alpha_1_example,168,0
PGPPGPAGEKGSPGADGPA,19,0.8833333333333334,1,1.0,1.0,0.4166666666666667,0.3157894736842105,0.3157894736842105,Ovis_aries_collagen_like_alpha_1_example,180,0
PGADGPAGAPGTPGPQGIA,19,0.8666666666666667,1,1.0,1.0,0.3333333333333333,0.3157894736842105,0.2631578947368421,Ovis_aries_collagen_like_alpha_1_example,192,0
PGPQGIAGQRGVVGLPGQR,19,0.8333333333333334,1,1.0,1.0,0.16666666666666666,0.3157894736842105,0.15789473684210525,Ovis_aries_collagen_like_alpha_1_example,204,0
VGLPGQRGERGLPGTAGLP,19,0.8500000000000001,1,1.0,1.0,0.25,0.3157894736842105,0.15789473684210525,Ovis_aries_collagen_like_alpha_1_example,216,0
PGTAGLPGMKGHRGFSGLD,19,0.8166666666666668,1,1.0,1.0,0.08333333333333333,0.3157894736842105,0.10526315789473684,Ovis_aries_collagen_like_alpha_1_example,228,0
RGFSGLDGAKGDAGPAGPK,19,0.8333333333333334,1,1.0,1.0,0.16666666666666666,0.3157894736842105,0.10526315789473684,Ovis_aries_collagen_like_alpha_1_example,240,0
AGPAGPKGEPGSPGENGAP,19,0.8833333333333334,1,1.0,1.0,0.4166666666666667,0.3157894736842105,0.2631578947368421,Ovis_aries_collagen_like_alpha_1_example,252,0
PGENGAPGQMGPRGPPGPP,19,0.9,1,1.0,1.0,0.5,0.3157894736842105,0.3684210526315789,Ovis_aries_collagen_like_alpha_1_example,264,0
RGPPGPPGKNGDDGEAGKP,19,0.8833333333333334,1,1.0,1.0,0.4166666666666667,0.3157894736842105,0.2631578947368421,Ovis_aries_collagen_like_alpha_1_example,276,0
DGEAGKPGRPGERGPPGPQ,19,0.8833333333333334,1,1.0,1.0,0.4166666666666667,0.3157894736842105,0.2631578947368421,Ovis_aries_collagen_like_alpha_1_example,288,0
RGPPGPQGARGLPGTAGLP,19,0.8833333333333334,1,1.0,1.0,0.4166666666666667,0.3157894736842105,0.2631578947368421,Ovis_aries_collagen_like_alpha_1_example,300,0
EVPEGECCPVCPDGSEGPQG,20,0.513095238095238,1,0.5714285714285714,0.5,0.3333333333333333,0.2,0.2,Ovis_aries_collagen_like_alpha_1_example,84,0
DGSEGPQGPRGPPGPPGPPG,20,0.9333333333333333,1,1.0,1.0,0.6666666666666666,0.35,0.4,Ovis_aries_collagen_like_alpha_1_example,96,0
PGPPGPPGPPGPPGSPGKDG,20,0.9500000000000001,1,1.0,1.0,0.75,0.35,0.5,Ovis_aries_collagen_like_alpha_1_example,108,0
PGSPGKDGEAGAQGPRGEPG,20,0.8500000000000001,1,1.0,1.0,0.25,0.35,0.2,Ovis_aries_collagen_like_alpha_1_example,120,0
QGPRGEPGPQGPRGPPGAPG,20,0.9166666666666667,1,1.0,1.0,0.5833333333333334,0.35,0.35,Ovis_aries_collagen_like_alpha_1_example,132,0
RGPPGAPGAPGKDGLNGLPG,20,0.8833333333333334,1,1.0,1.0,0.4166666666666667,0.35,0.25,Ovis_aries_collagen_like_alpha_1_example,144,0
DGLNGLPGPIGPPGPRGRTG,20,0.8833333333333334,1,1.0,1.0,0.4166666666666667,0.35,0.25,Ovis_aries_collagen_like_alpha_1_example,156,0
PGPRGRTGEPGPPGPPGPAG,20,0.9166666666666667,1,1.0,1.0,0.5833333333333334,0.35,0.4,Ovis_aries_collagen_like_alpha_1_example,168,0
PGPPGPAGEKGSPGADGPAG,20,0.8833333333333334,1,1.0,1.0,0.4166666666666667,0.35,0.3,Ovis_aries_collagen_like_alpha_1_example,180,0
PGADGPAGAPGTPGPQGIAG,20,0.8666666666666667,1,1.0,1.0,0.3333333333333333,0.35,0.25,Ovis_aries_collagen_like_alpha_1_example,192,0
PGPQGIAGQRGVVGLPGQRG,20,0.8333333333333334,1,1.0,1.0,0.16666666666666666,0.35,0.15,Ovis_aries_collagen_like_alpha_1_example,204,0
VGLPGQRGERGLPGTAGLPG,20,0.8500000000000001,1,1.0,1.0,0.25,0.35,0.15,Ovis_aries_collagen_like_alpha_1_example,216,0
PGTAGLPGMKGHRGFSGLDG,20,0.8166666666666668,1,1.0,1.0,0.08333333333333333,0.35,0.1,Ovis_aries_collagen_like_alpha_1_example,228,0
RGFSGLDGAKGDAGPAGPKG,20,0.8333333333333334,1,1.0,1.0,0.16666666666666666,0.35,0.1,Ovis_aries_collagen_like_alpha_1_example,240,0
AGPAGPKGEPGSPGENGAPG,20,0.8833333333333334,1,1.0,1.0,0.4166666666666667,0.35,0.25,Ovis_aries_collagen_like_alpha_1_example,252,0
PGENGAPGQMGPRGPPGPPG,20,0.9,1,1.0,1.0,0.5,0.35,0.35,Ovis_aries_collagen_like_alpha_1_example,264,0
RGPPGPPGKNGDDGEAGKPG,20,0.8833333333333334,1,1.0,1.0,0.4166666666666667,0.35,0.25,Ovis_aries_collagen_like_alpha_1_example,276,0
DGEAGKPGRPGERGPPGPQG,20,0.8833333333333334,1,1.0,1.0,0.4166666666666667,0.35,0.25,Ovis_aries_collagen_like_alpha_1_example,288,0
RGPPGPQGARGLPGTAGLPG,20,0.8833333333333334,1,1.0,1.0,0.4166666666666667,0.35,0.25,Ovis_aries_collagen_like_alpha_1_example,300,0
EVPEGECCPVCPDGSEGPQGP,21,0.513095238095238,1,0.5714285714285714,0.5,0.3333333333333333,0.19047619047619047,0.23809523809523808,Ovis_aries_collagen_like_alpha_1_example,84,0
DGSEGPQGPRGPPGPPGPPGP,21,0.9333333333333333,1,1.0,1.0,0.6666666666666666,0.3333333333333333,0.42857142857142855,Ovis_aries_collagen_like_alpha_1_example,96,0
PGPPGPPGPPGPPGSPGKDGE,21,0.9500000000000001,1,1.0,1.0,0.75,0.3333333333333333,0.47619047619047616,Ovis_aries_collagen_like_alpha_1_example,108,0
PGSPGKDGEAGAQGPRGEPGP,21,0.8500000000000001,1,1.0,1.0,0.25,0.3333333333333333,0.23809523809523808,Ovis_aries_collagen_like_alpha_1_example,120,0
QGPRGEPGPQGPRGPPGAPGA,21,0.9166666666666667,1,1.0,1.0,0.5833333333333334,0.3333333333333333,0.3333333333333333,Ovis_aries_collagen_like_alpha_1_example,132,0
RGPPGAPGAPGKDGLNGLPGP,21,0.8833333333333334,1,1.0,1.0,0.4166666666666667,0.3333333333333333,0.2857142857142857,Ovis_aries_collagen_like_alpha_1_example,144,0
DGLNGLPGPIGPPGPRGRTGE,21,0.8833333333333334,1,1.0,1.0,0.4166666666666667,0.3333333333333333,0.23809523809523808,Ovis_aries_collagen_like_alpha_1_example,156,0
PGPRGRTGEPGPPGPPGPAGE,21,0.9166666666666667,1,1.0,1.0,0.5833333333333334,0.3333333333333333,0.38095238095238093,Ovis_aries_collagen_like_alpha_1_example,168,0
PGPPGPAGEKGSPGADGPAGA,21,0.8833333333333334,1,1.0,1.0,0.4166666666666667,0.3333333333333333,0.2857142857142857,Ovis_aries_collagen_like_alpha_1_example,180,0
PGADGPAGAPGTPGPQGIAGQ,21,0.8666666666666667,1,1.0,1.0,0.3333333333333333,0.3333333333333333,0.23809523809523808,Ovis_aries_collagen_like_alpha_1_example,192,0
PGPQGIAGQRGVVGLPGQRGE,21,0.8333333333333334,1,1.0,1.0,0.16666666666666666,0.3333333333333333,0.14285714285714285,Ovis_aries_collagen_like_alpha_1_example,204,0
VGLPGQRGERGLPGTAGLPGM,21,0.8500000000000001,1,1.0,1.0,0.25,0.3333333333333333,0.14285714285714285,Ovis_aries_collagen_like_alpha_1_example,216,0
PGTAGLPGMKGHRGFSGLDGA,21,0.8166666666666668,1,1.0,1.0,0.08333333333333333,0.3333333333333333,0.09523809523809523,Ovis_aries_collagen_like_alpha_1_example,228,0
RGFSGLDGAKGDAGPAGPKGE,21,0.8333333333333334,1,1.0,1.0,0.16666666666666666,0.3333333333333333,0.09523809523809523,Ovis_aries_collagen_like_alpha_1_example,240,0
AGPAGPKGEPGSPGENGAPGQ,21,0.8833333333333334,1,1.0,1.0,0.4166666666666667,0.3333333333333333,0.23809523809523808,Ovis_aries_collagen_like_alpha_1_example,252,0
PGENGAPGQMGPRGPPGPPGK,21,0.9,1,1.0,1.0,0.5,0.3333333333333333,0.3333333333333333,Ovis_aries_collagen_like_alpha_1_example,264,0
RGPPGPPGKNGDDGEAGKPGR,21,0.8833333333333334,1,1.0,1.0,0.4166666666666667,0.3333333333333333,0.23809523809523808,Ovis_aries_collagen_like_alpha_1_example,276,0
DGEAGKPGRPGERGPPGPQGA,21,0.8833333333333334,1,1.0,1.0,0.4166666666666667,0.3333333333333333,0.23809523809523808,Ovis_aries_collagen_like_alpha_1_example,288,0
RGPPGPQGARGLPGTAGLPGM,21,0.8833333333333334,1,1.0,1.0,0.4166666666666667,0.3333333333333333,0.23809523809523808,Ovis_aries_collagen_like_alpha_1_example,300,0
EVPEGECCPVCPDGSEGPQGPR,22,0.5285714285714286,1,0.5714285714285714,0.5714285714285714,0.35714285714285715,0.18181818181818182,0.22727272727272727,Ovis_aries_collagen_like_alpha_1_example,84,0
DGSEGPQGPRGPPGPPGPPGPP,22,0.942857142857143,1,1.0,1.0,0.7142857142857143,0.3181818181818182,0.45454545454545453,Ovis_aries_collagen_like_alpha_1_example,96,0
PGPPGPPGPPGPPGSPGKDGEA,22,0.9285714285714286,1,1.0,1.0,0.6428571428571429,0.3181818181818182,0.45454545454545453,Ovis_aries_collagen_like_alpha_1_example,108,0
PGSPGKDGEAGAQGPRGEPGPQ,22,0.8571428571428572,1,1.0,1.0,0.2857142857142857,0.3181818181818182,0.22727272727272727,Ovis_aries_collagen_like_alpha_1_example,120,0
QGPRGEPGPQGPRGPPGAPGAP,22,0.9142857142857144,1,1.0,1.0,0.5714285714285714,0.3181818181818182,0.36363636363636365,Ovis_aries_collagen_like_alpha_1_example,132,0
RGPPGAPGAPGKDGLNGLPGPI,22,0.8857142857142858,1,1.0,1.0,0.42857142857142855,0.3181818181818182,0.2727272727272727,Ovis_aries_collagen_like_alpha_1_example,144,0
DGLNGLPGPIGPPGPRGRTGEP,22,0.8857142857142858,1,1.0,1.0,0.42857142857142855,0.3181818181818182,0.2727272727272727,Ovis_aries_collagen_like_alpha_1_example,156,0
PGPRGRTGEPGPPGPPGPAGEK,22,0.9,1,1.0,1.0,0.5,0.3181818181818182,0.36363636363636365,Ovis_aries_collagen_like_alpha_1_example,168,0
PGPPGPAGEKGSPGADGPAGAP,22,0.8857142857142858,1,1.0,1.0,0.42857142857142855,0.3181818181818182,0.3181818181818182,Ovis_aries_collagen_like_alpha_1_example,180,0
PGADGPAGAPGTPGPQGIAGQR,22,0.8571428571428572,1,1.0,1.0,0.2857142857142857,0.3181818181818182,0.22727272727272727,Ovis_aries_collagen_like_alpha_1_example,192,0
PGPQGIAGQRGVVGLPGQRGER,22,0.8285714285714286,1,1.0,1.0,0.14285714285714285,0.3181818181818182,0.13636363636363635,Ovis_aries_collagen_like_alpha_1_example,204,0
VGLPGQRGERGLPGTAGLPGMK,22,0.8428571428571429,1,1.0,1.0,0.21428571428571427,0.3181818181818182,0.13636363636363635,Ovis_aries_collagen_like_alpha_1_example,216,0
PGTAGLPGMKGHRGFSGLDGAK,22,0.8142857142857143,1,1.0,1.0,0.07142857142857142,0.3181818181818182,0.09090909090909091,Ovis_aries_collagen_like_alpha_1_example,228,0
RGFSGLDGAKGDAGPAGPKGEP,22,0.8428571428571429,1,1.0,1.0,0.21428571428571427,0.3181818181818182,0.13636363636363635,Ovis_aries_collagen_like_alpha_1_example,240,0
AGPAGPKGEPGSPGENGAPGQM,22,0.8714285714285714,1,1.0,1.0,0.35714285714285715,0.3181818181818182,0.22727272727272727,Ovis_aries_collagen_like_alpha_1_example,252,0
PGENGAPGQMGPRGPPGPPGKN,22,0.8857142857142858,1,1.0,1.0,0.42857142857142855,0.3181818181818182,0.3181818181818182,Ovis_aries_collagen_like_alpha_1_example,264,0
RGPPGPPGKNGDDGEAGKPGRP,22,0.8857142857142858,1,1.0,1.0,0.42857142857142855,0.3181818181818182,0.2727272727272727,Ovis_aries_collagen_like_alpha_1_example,276,0
DGEAGKPGRPGERGPPGPQGAR,22,0.8714285714285714,1,1.0,1.0,0.35714285714285715,0.3181818181818182,0.22727272727272727,Ovis_aries_collagen_like_alpha_1_example,288,0
RGPPGPQGARGLPGTAGLPGMK,22,0.8714285714285714,1,1.0,1.0,0.35714285714285715,0.3181818181818182,0.22727272727272727,Ovis_aries_collagen_like_alpha_1_example,300,0
EVPEGECCPVCPDGSEGPQGPRG,23,0.5633928571428571,1,0.625,0.5714285714285714,0.35714285714285715,0.21739130434782608,0.21739130434782608,Ovis_aries_collagen_like_alpha_1_example,84,0
DGSEGPQGPRGPPGPPGPPGPPG,23,0.942857142857143,1,1.0,1.0,0.7142857142857143,0.34782608695652173,0.43478260869565216,Ovis_aries_collagen_like_alpha_1_example,96,0
PGPPGPPGPPGPPGSPGKDGEAG,23,0.9285714285714286,1,1.0,1.0,0.6428571428571429,0.34782608695652173,0.43478260869565216,Ovis_aries_collagen_like_alpha_1_example,108,0
PGSPGKDGEAGAQGPRGEPGPQG,23,0.8571428571428572,1,1.0,1.0,0.2857142857142857,0.34782608695652173,0.21739130434782608,Ovis_aries_collagen_like_alpha_1_example,120,0
QGPRGEPGPQGPRGPPGAPGAPG,23,0.9142857142857144,1,1.0,1.0,0.5714285714285714,0.34782608695652173,0.34782608695652173,Ovis_aries_collagen_like_alpha_1_example,132,0
RGPPGAPGAPGKDGLNGLPGPIG,23,0.8857142857142858,1,1.0,1.0,0.42857142857142855,0.34782608695652173,0.2608695652173913,Ovis_aries_collagen_like_alpha_1_example,144,0
DGLNGLPGPIGPPGPRGRTGEPG,23,0.8857142857142858,1,1.0,1.0,0.42857142857142855,0.34782608695652173,0.2608695652173913,Ovis_aries_collagen_like_alpha_1_example,156,0
PGPRGRTGEPGPPGPPGPAGEKG,23,0.9,1,1.0,1.0,0.5,0.34782608695652173,0.34782608695652173,Ovis_aries_collagen_like_alpha_1_example,168,0
PGPPGPAGEKGSPGADGPAGAPG,23,0.8857142857142858,1,1.0,1.0,0.42857142857142855,0.34782608695652173,0.30434782608695654,Ovis_aries_collagen_like_alpha_1_example,180,0
PGADGPAGAPGTPGPQGIAGQRG,23,0.8571428571428572,1,1.0,1.0,0.2857142857142857,0.34782608695652173,0.21739130434782608,Ovis_aries_collagen_like_alpha_1_example,192,0
PGPQGIAGQRGVVGLPGQRGERG,23,0.8285714285714286,1,1.0,1.0,0.14285714285714285,0.34782608695652173,0.13043478260869565,Ovis_aries_collagen_like_alpha_1_example,204,0
VGLPGQRGERGLPGTAGLPGMKG,23,0.8428571428571429,1,1.0,1.0,0.21428571428571427,0.34782608695652173,0.13043478260869565,Ovis_aries_collagen_like_alpha_1_example,216,0
PGTAGLPGMKGHRGFSGLDGAKG,23,0.8142857142857143,1,1.0,1.0,0.07142857142857142,0.34782608695652173,0.08695652173913043,Ovis_aries_collagen_like_alpha_1_example,228,0
RGFSGLDGAKGDAGPAGPKGEPG,23,0.8428571428571429,1,1.0,1.0,0.21428571428571427,0.34782608695652173,0.13043478260869565,Ovis_aries_collagen_like_alpha_1_example,240,0
AGPAGPKGEPGSPGENGAPGQMG,23,0.8714285714285714,1,1.0,1.0,0.35714285714285715,0.34782608695652173,0.21739130434782608,Ovis_aries_collagen_like_alpha_1_example,252,0
PGENGAPGQMGPRGPPGPPGKNG,23,0.8857142857142858,1,1.0,1.0,0.42857142857142855,0.34782608695652173,0.30434782608695654,Ovis_aries_collagen_like_alpha_1_example,264,0
RGPPGPPGKNGDDGEAGKPGRPG,23,0.8857142857142858,1,1.0,1.0,0.42857142857142855,0.34782608695652173,0.2608695652173913,Ovis_aries_collagen_like_alpha_1_example,276,0
DGEAGKPGRPGERGPPGPQGARG,23,0.8714285714285714,1,1.0,1.0,0.35714285714285715,0.34782608695652173,0.21739130434782608,Ovis_aries_collagen_like_alpha_1_example,288,0
RGPPGPQGARGLPGTAGLPGMKG,23,0.8714285714285714,1,1.0,1.0,0.35714285714285715,0.34782608695652173,0.21739130434782608,Ovis_aries_collagen_like_alpha_1_example,300,0
EVPEGECCPVCPDGSEGPQGPRGP,24,0.5633928571428571,1,0.625,0.5714285714285714,0.35714285714285715,0.20833333333333334,0.25,Ovis_aries_collagen_like_alpha_1_example,84,0
DGSEGPQGPRGPPGPPGPPGPPGP,24,0.942857142857143,1,1.0,1.0,0.7142857142857143,0.3333333333333333,0.4583333333333333,Ovis_aries_collagen_like_alpha_1_example,96,0
PGPPGPPGPPGPPGSPGKDGEAGA,24,0.9285714285714286,1,1.0,1.0,0.6428571428571429,0.3333333333333333,0.4166666666666667,Ovis_aries_collagen_like_alpha_1_example,108,0
PGSPGKDGEAGAQGPRGEPGPQGP,24,0.8571428571428572,1,1.0,1.0,0.2857142857142857,0.3333333333333333,0.25,Ovis_aries_collagen_like_alpha_1_example,120,0
QGPRGEPGPQGPRGPPGAPGAPGK,24,0.9142857142857144,1,1.0,1.0,0.5714285714285714,0.3333333333333333,0.3333333333333333,Ovis_aries_collagen_like_alpha_1_example,132,0
RGPPGAPGAPGKDGLNGLPGPIGP,24,0.8857142857142858,1,1.0,1.0,0.42857142857142855,0.3333333333333333,0.2916666666666667,Ovis_aries_collagen_like_alpha_1_example,144,0
DGLNGLPGPIGPPGPRGRTGEPGP,24,0.8857142857142858,1,1.0,1.0,0.42857142857142855,0.3333333333333333,0.2916666666666667,Ovis_aries_collagen_like_alpha_1_example,156,0
PGPRGRTGEPGPPGPPGPAGEKGS,24,0.9,1,1.0,1.0,0.5,0.3333333333333333,0.3333333333333333,Ovis_aries_collagen_like_alpha_1_example,168,0
PGPPGPAGEKGSPGADGPAGAPGT,24,0.8857142857142858,1,1.0,1.0,0.42857142857142855,0.3333333333333333,0.2916666666666667,Ovis_aries_collagen_like_alpha_1_example,180,0
PGADGPAGAPGTPGPQGIAGQRGV,24,0.8571428571428572,1,1.0,1.0,0.2857142857142857,0.3333333333333333,0.20833333333333334,Ovis_aries_collagen_like_alpha_1_example,192,0
PGPQGIAGQRGVVGLPGQRGERGL,24,0.8285714285714286,1,1.0,1.0,0.14285714285714285,0.3333333333333333,0.125,Ovis_aries_collagen_like_alpha_1_example,204,0
VGLPGQRGERGLPGTAGLPGMKGH,24,0.8428571428571429,1,1.0,1.0,0.21428571428571427,0.3333333333333333,0.125,Ovis_aries_collagen_like_alpha_1_example,216,0
PGTAGLPGMKGHRGFSGLDGAKGD,24,0.8142857142857143,1,1.0,1.0,0.07142857142857142,0.3333333333333333,0.08333333333333333,Ovis_aries_collagen_like_alpha_1_example,228,0
RGFSGLDGAKGDAGPAGPKGEPGS,24,0.8428571428571429,1,1.0,1.0,0.21428571428571427,0.3333333333333333,0.125,Ovis_aries_collagen_like_alpha_1_example,240,0
AGPAGPKGEPGSPGENGAPGQMGP,24,0.8714285714285714,1,1.0,1.0,0.35714285714285715,0.3333333333333333,0.25,Ovis_aries_collagen_like_alpha_1_example,252,0
PGENGAPGQMGPRGPPGPPGKNGD,24,0.8857142857142858,1,1.0,1.0,0.42857142857142855,0.3333333333333333,0.2916666666666667,Ovis_aries_collagen_like_alpha_1_example,264,0
RGPPGPPGKNGDDGEAGKPGRPGE,24,0.8857142857142858,1,1.0,1.0,0.42857142857142855,0.3333333333333333,0.25,Ovis_aries_collagen_like_alpha_1_example,276,0
DGEAGKPGRPGERGPPGPQGARGL,24,0.8714285714285714,1,1.0,1.0,0.35714285714285715,0.3333333333333333,0.20833333333333334,Ovis_aries_collagen_like_alpha_1_example,288,0
RGPPGPQGARGLPGTAGLPGMKGH,24,0.8714285714285714,1,1.0,1.0,0.35714285714285715,0.3333333333333333,0.20833333333333334,Ovis_aries_collagen_like_alpha_1_example,300,0
EVPEGECCPVCPDGSEGPQGPRGPP,25,0.5875,1,0.625,0.625,0.4375,0.2,0.28,Ovis_aries_collagen_like_alpha_1_example,84,0
DGSEGPQGPRGPPGPPGPPGPPGPP,25,0.9500000000000001,1,1.0,1.0,0.75,0.32,0.48,Ovis_aries_collagen_like_alpha_1_example,96,0
PGPPGPPGPPGPPGSPGKDGEAGAQ,25,0.9125000000000001,1,1.0,1.0,0.5625,0.32,0.4,Ovis_aries_collagen_like_alpha_1_example,108,0
PGSPGKDGEAGAQGPRGEPGPQGPR,25,0.8625,1,1.0,1.0,0.3125,0.32,0.24,Ovis_aries_collagen_like_alpha_1_example,120,0
QGPRGEPGPQGPRGPPGAPGAPGKD,25,0.9,1,1.0,1.0,0.5,0.32,0.32,Ovis_aries_collagen_like_alpha_1_example,132,0
RGPPGAPGAPGKDGLNGLPGPIGPP,25,0.9,1,1.0,1.0,0.5,0.32,0.32,Ovis_aries_collagen_like_alpha_1_example,144,0
DGLNGLPGPIGPPGPRGRTGEPGPP,25,0.9,1,1.0,1.0,0.5,0.32,0.32,Ovis_aries_collagen_like_alpha_1_example,156,0
PGPRGRTGEPGPPGPPGPAGEKGSP,25,0.9,1,1.0,1.0,0.5,0.32,0.36,Ovis_aries_collagen_like_alpha_1_example,168,0
PGPPGPAGEKGSPGADGPAGAPGTP,25,0.8875000000000001,1,1.0,1.0,0.4375,0.32,0.32,Ovis_aries_collagen_like_alpha_1_example,180,0
PGADGPAGAPGTPGPQGIAGQRGVV,25,0.8500000000000001,1,1.0,1.0,0.25,0.32,0.2,Ovis_aries_collagen_like_alpha_1_example,192,0
PGPQGIAGQRGVVGLPGQRGERGLP,25,0.8375,1,1.0,1.0,0.1875,0.32,0.16,Ovis_aries_collagen_like_alpha_1_example,204,0
VGLPGQRGERGLPGTAGLPGMKGHR,25,0.8375,1,1.0,1.0,0.1875,0.32,0.12,Ovis_aries_collagen_like_alpha_1_example,216,0
PGTAGLPGMKGHRGFSGLDGAKGDA,25,0.8125,1,1.0,1.0,0.0625,0.32,0.08,Ovis_aries_collagen_like_alpha_1_example,228,0
RGFSGLDGAKGDAGPAGPKGEPGSP,25,0.8500000000000001,1,1.0,1.0,0.25,0.32,0.16,Ovis_aries_collagen_like_alpha_1_example,240,0
AGPAGPKGEPGSPGENGAPGQMGPR,25,0.8750000000000001,1,1.0,1.0,0.375,0.32,0.24,Ovis_aries_collagen_like_alpha_1_example,252,0
PGENGAPGQMGPRGPPGPPGKNGDD,25,0.8750000000000001,1,1.0,1.0,0.375,0.32,0.28,Ovis_aries_collagen_like_alpha_1_example,264,0
RGPPGPPGKNGDDGEAGKPGRPGER,25,0.8750000000000001,1,1.0,1.0,0.375,0.32,0.24,Ovis_aries_collagen_like_alpha_1_example,276,0
DGEAGKPGRPGERGPPGPQGARGLP,25,0.8750000000000001,1,1.0,1.0,0.375,0.32,0.24,Ovis_aries_collagen_like_alpha_1_example,288,0
RGPPGPQGARGLPGTAGLPGMKGHR,25,0.8625,1,1.0,1.0,0.3125,0.32,0.2,Ovis_aries_collagen_like_alpha_1_example,300,0
EVPEGECCPVCPDGSEGPQGPRGPPG,26,0.6145833333333334,1,0.6666666666666666,0.625,0.4375,0.23076923076923078,0.2692307692307692,Ovis_aries_collagen_like_alpha_1_example,84,0
DGSEGPQGPRGPPGPPGPPGPPGPPG,26,0.9500000000000001,1,1.0,1.0,0.75,0.34615384615384615,0.46153846153846156,Ovis_aries_collagen_like_alpha_1_example,96,0
PGPPGPPGPPGPPGSPGKDGEAGAQG,26,0.9125000000000001,1,1.0,1.0,0.5625,0.34615384615384615,0.38461538461538464,Ovis_aries_collagen_like_alpha_1_example,108,0
PGSPGKDGEAGAQGPRGEPGPQGPRG,26,0.8625,1,1.0,1.0,0.3125,0.34615384615384615,0.23076923076923078,Ovis_aries_collagen_like_alpha_1_example,120,0
QGPRGEPGPQGPRGPPGAPGAPGKDG,26,0.9,1,1.0,1.0,0.5,0.34615384615384615,0.3076923076923077,Ovis_aries_collagen_like_alpha_1_example,132,0
RGPPGAPGAPGKDGLNGLPGPIGPPG,26,0.9,1,1.0,1.0,0.5,0.34615384615384615,0.3076923076923077,Ovis_aries_collagen_like_alpha_1_example,144,0
DGLNGLPGPIGPPGPRGRTGEPGPPG,26,0.9,1,1.0,1.0,0.5,0.34615384615384615,0.3076923076923077,Ovis_aries_collagen_like_alpha_1_example,156,0
PGPRGRTGEPGPPGPPGPAGEKGSPG,26,0.9,1,1.0,1.0,0.5,0.34615384615384615,0.34615384615384615,Ovis_aries_collagen_like_alpha_1_example,168,0
PGPPGPAGEKGSPGADGPAGAPGTPG,26,0.8875000000000001,1,1.0,1.0,0.4375,0.34615384615384615,0.3076923076923077,Ovis_aries_collagen_like_alpha_1_example,180,0
PGADGPAGAPGTPGPQGIAGQRGVVG,26,0.8500000000000001,1,1.0,1.0,0.25,0.34615384615384615,0.19230769230769232,Ovis_aries_collagen_like_alpha_1_example,192,0
PGPQGIAGQRGVVGLPGQRGERGLPG,26,0.8375,1,1.0,1.0,0.1875,0.34615384615384615,0.15384615384615385,Ovis_aries_collagen_like_alpha_1_example,204,0
VGLPGQRGERGLPGTAGLPGMKGHRG,26,0.8375,1,1.0,1.0,0.1875,0.34615384615384615,0.11538461538461539,Ovis_aries_collagen_like_alpha_1_example,216,0
PGTAGLPGMKGHRGFSGLDGAKGDAG,26,0.8125,1,1.0,1.0,0.0625,0.34615384615384615,0.07692307692307693,Ovis_aries_collagen_like_alpha_1_example,228,0
RGFSGLDGAKGDAGPAGPKGEPGSPG,26,0.8500000000000001,1,1.0,1.0,0.25,0.34615384615384615,0.15384615384615385,Ovis_aries_collagen_like_alpha_1_example,240,0
AGPAGPKGEPGSPGENGAPGQMGPRG,26,0.8750000000000001,1,1.0,1.0,0.375,0.34615384615384615,0.23076923076923078,Ovis_aries_collagen_like_alpha_1_example,252,0
PGENGAPGQMGPRGPPGPPGKNGDDG,26,0.8750000000000001,1,1.0,1.0,0.375,0.34615384615384615,0.2692307692307692,Ovis_aries_collagen_like_alpha_1_example,264,0
RGPPGPPGKNGDDGEAGKPGRPGERG,26,0.8750000000000001,1,1.0,1.0,0.375,0.34615384615384615,0.23076923076923078,Ovis_aries_collagen_like_alpha_1_example,276,0
DGEAGKPGRPGERGPPGPQGARGLPG,26,0.8750000000000001,1,1.0,1.0,0.375,0.34615384615384615,0.23076923076923078,Ovis_aries_collagen_like_alpha_1_example,288,0
RGPPGPQGARGLPGTAGLPGMKGHRG,26,0.8625,1,1.0,1.0,0.3125,0.34615384615384615,0.19230769230769232,Ovis_aries_collagen_like_alpha_1_example,300,0
EVPEGECCPVCPDGSEGPQGPRGPPGP,27,0.6145833333333334,1,0.6666666666666666,0.625,0.4375,0.2222222222222222,0.2962962962962963,Ovis_aries_collagen_like_alpha_1_example,84,0
DGSEGPQGPRGPPGPPGPPGPPGPPGS,27,0.9500000000000001,1,1.0,1.0,0.75,0.3333333333333333,0.4444444444444444,Ovis_aries_collagen_like_alpha_1_example,96,0
PGPPGPPGPPGPPGSPGKDGEAGAQGP,27,0.9125000000000001,1,1.0,1.0,0.5625,0.3333333333333333,0.4074074074074074,Ovis_aries_collagen_like_alpha_1_example,108,0
PGSPGKDGEAGAQGPRGEPGPQGPRGP,27,0.8625,1,1.0,1.0,0.3125,0.3333333333333333,0.25925925925925924,Ovis_aries_collagen_like_alpha_1_example,120,0
QGPRGEPGPQGPRGPPGAPGAPGKDGL,27,0.9,1,1.0,1.0,0.5,0.3333333333333333,0.2962962962962963,Ovis_aries_collagen_like_alpha_1_example,132,0
RGPPGAPGAPGKDGLNGLPGPIGPPGP,27,0.9,1,1.0,1.0,0.5,0.3333333333333333,0.3333333333333333,Ovis_aries_collagen_like_alpha_1_example,144,0
DGLNGLPGPIGPPGPRGRTGEPGPPGP,27,0.9,1,1.0,1.0,0.5,0.3333333333333333,0.3333333333333333,Ovis_aries_collagen_like_alpha_1_example,156,0
PGPRGRTGEPGPPGPPGPAGEKGSPGA,27,0.9,1,1.0,1.0,0.5,0.3333333333333333,0.3333333333333333,Ovis_aries_collagen_like_alpha_1_example,168,0
PGPPGPAGEKGSPGADGPAGAPGTPGP,27,0.8875000000000001,1,1.0,1.0,0.4375,0.3333333333333333,0.3333333333333333,Ovis_aries_collagen_like_alpha_1_example,180,0
PGADGPAGAPGTPGPQGIAGQRGVVGL,27,0.8500000000000001,1,1.0,1.0,0.25,0.3333333333333333,0.18518518518518517,Ovis_aries_collagen_like_alpha_1_example,192,0
PGPQGIAGQRGVVGLPGQRGERGLPGT,27,0.8375,1,1.0,1.0,0.1875,0.3333333333333333,0.14814814814814814,Ovis_aries_collagen_like_alpha_1_example,204,0
VGLPGQRGERGLPGTAGLPGMKGHRGF,27,0.8375,1,1.0,1.0,0.1875,0.3333333333333333,0.1111111111111111,Ovis_aries_collagen_like_alpha_1_example,216,0
PGTAGLPGMKGHRGFSGLDGAKGDAGP,27,0.8125,1,1.0,1.0,0.0625,0.3333333333333333,0.1111111111111111,Ovis_aries_collagen_like_alpha_1_example,228,0
RGFSGLDGAKGDAGPAGPKGEPGSPGE,27,0.8500000000000001,1,1.0,1.0,0.25,0.3333333333333333,0.14814814814814814,Ovis_aries_collagen_like_alpha_1_example,240,0
AGPAGPKGEPGSPGENGAPGQMGPRGP,27,0.8750000000000001,1,1.0,1.0,0.375,0.3333333333333333,0.25925925925925924,Ovis_aries_collagen_like_alpha_1_example,252,0
PGENGAPGQMGPRGPPGPPGKNGDDGE,27,0.8750000000000001,1,1.0,1.0,0.375,0.3333333333333333,0.25925925925925924,Ovis_aries_collagen_like_alpha_1_example,264,0
RGPPGPPGKNGDDGEAGKPGRPGERGP,27,0.8750000000000001,1,1.0,1.0,0.375,0.3333333333333333,0.25925925925925924,Ovis_aries_collagen_like_alpha_1_example,276,0
DGEAGKPGRPGERGPPGPQGARGLPGT,27,0.8750000000000001,1,1.0,1.0,0.375,0.3333333333333333,0.2222222222222222,Ovis_aries_collagen_like_alpha_1_example,288,0
RGPPGPQGARGLPGTAGLPGMKGHRGF,27,0.8625,1,1.0,1.0,0.3125,0.3333333333333333,0.18518518518518517,Ovis_aries_collagen_like_alpha_1_example,300,0
EVPEGECCPVCPDGSEGPQGPRGPPGPP,28,0.6333333333333333,1,0.6666666666666666,0.6666666666666666,0.5,0.21428571428571427,0.32142857142857145,Ovis_aries_collagen_like_alpha_1_example,84,0
DGSEGPQGPRGPPGPPGPPGPPGPPGSP,28,0.9444444444444445,1,1.0,1.0,0.7222222222222222,0.32142857142857145,0.4642857142857143,Ovis_aries_collagen_like_alpha_1_example,96,0
PGPPGPPGPPGPPGSPGKDGEAGAQGPR,28,0.9111111111111112,1,1.0,1.0,0.5555555555555556,0.32142857142857145,0.39285714285714285,Ovis_aries_collagen_like_alpha_1_example,108,0
PGSPGKDGEAGAQGPRGEPGPQGPRGPP,28,0.8777777777777779,1,1.0,1.0,0.3888888888888889,0.32142857142857145,0.2857142857142857,Ovis_aries_collagen_like_alpha_1_example,120,0
QGPRGEPGPQGPRGPPGAPGAPGKDGLN,28,0.888888888888889,1,1.0,1.0,0.4444444444444444,0.32142857142857145,0.2857142857142857,Ovis_aries_collagen_like_alpha_1_example,132,0
RGPPGAPGAPGKDGLNGLPGPIGPPGPR,28,0.9,1,1.0,1.0,0.5,0.32142857142857145,0.32142857142857145,Ovis_aries_collagen_like_alpha_1_example,144,0
DGLNGLPGPIGPPGPRGRTGEPGPPGPP,28,0.9111111111111112,1,1.0,1.0,0.5555555555555556,0.32142857142857145,0.35714285714285715,Ovis_aries_collagen_like_alpha_1_example,156,0
PGPRGRTGEPGPPGPPGPAGEKGSPGAD,28,0.888888888888889,1,1.0,1.0,0.4444444444444444,0.32142857142857145,0.32142857142857145,Ovis_aries_collagen_like_alpha_1_example,168,0
PGPPGPAGEKGSPGADGPAGAPGTPGPQ,28,0.888888888888889,1,1.0,1.0,0.4444444444444444,0.32142857142857145,0.32142857142857145,Ovis_aries_collagen_like_alpha_1_example,180,0
PGADGPAGAPGTPGPQGIAGQRGVVGLP,28,0.8555555555555556,1,1.0,1.0,0.2777777777777778,0.32142857142857145,0.21428571428571427,Ovis_aries_collagen_like_alpha_1_example,192,0
PGPQGIAGQRGVVGLPGQRGERGLPGTA,28,0.8333333333333334,1,1.0,1.0,0.16666666666666666,0.32142857142857145,0.14285714285714285,Ovis_aries_collagen_like_alpha_1_example,204,0
VGLPGQRGERGLPGTAGLPGMKGHRGFS,28,0.8333333333333334,1,1.0,1.0,0.16666666666666666,0.32142857142857145,0.10714285714285714,Ovis_aries_collagen_like_alpha_1_example,216,0
PGTAGLPGMKGHRGFSGLDGAKGDAGPA,28,0.8222222222222223,1,1.0,1.0,0.1111111111111111,0.32142857142857145,0.10714285714285714,Ovis_aries_collagen_like_alpha_1_example,228,0
RGFSGLDGAKGDAGPAGPKGEPGSPGEN,28,0.8444444444444444,1,1.0,1.0,0.2222222222222222,0.32142857142857145,0.14285714285714285,Ovis_aries_collagen_like_alpha_1_example,240,0
AGPAGPKGEPGSPGENGAPGQMGPRGPP,28,0.888888888888889,1,1.0,1.0,0.4444444444444444,0.32142857142857145,0.2857142857142857,Ovis_aries_collagen_like_alpha_1_example,252,0
PGENGAPGQMGPRGPPGPPGKNGDDGEA,28,0.8666666666666667,1,1.0,1.0,0.3333333333333333,0.32142857142857145,0.25,Ovis_aries_collagen_like_alpha_1_example,264,0
RGPPGPPGKNGDDGEAGKPGRPGERGPP,28,0.888888888888889,1,1.0,1.0,0.4444444444444444,0.32142857142857145,0.2857142857142857,Ovis_aries_collagen_like_alpha_1_example,276,0
DGEAGKPGRPGERGPPGPQGARGLPGTA,28,0.8666666666666667,1,1.0,1.0,0.3333333333333333,0.32142857142857145,0.21428571428571427,Ovis_aries_collagen_like_alpha_1_example,288,0
RGPPGPQGARGLPGTAGLPGMKGHRGFS,28,0.8555555555555556,1,1.0,1.0,0.2777777777777778,0.32142857142857145,0.17857142857142858,Ovis_aries_collagen_like_alpha_1_example,300,0
VICDETKNCPGAEVPEGECCPVCPDGSEG,29,0.35444444444444445,1,0.4,0.3333333333333333,0.2222222222222222,0.13793103448275862,0.13793103448275862,Ovis_aries_collagen_like_alpha_1_example,72,0
EVPEGECCPVCPDGSEGPQGPRGPPGPPG,29,0.6549999999999999,1,0.7,0.6666666666666666,0.5,0.2413793103448276,0.3103448275862069,Ovis_aries_collagen_like_alpha_1_example,84,0
PGPPGPPGPPGPPGSPGKDGEAGAQGPRG,29,0.9111111111111112,1,1.0,1.0,0.5555555555555556,0.3448275862068966,0.3793103448275862,Ovis_aries_collagen_like_alpha_1_example,108,0
PGSPGKDGEAGAQGPRGEPGPQGPRGPPG,29,0.8777777777777779,1,1.0,1.0,0.3888888888888889,0.3448275862068966,0.27586206896551724,Ovis_aries_collagen_like_alpha_1_example,120,0
QGPRGEPGPQGPRGPPGAPGAPGKDGLNG,29,0.888888888888889,1,1.0,1.0,0.4444444444444444,0.3448275862068966,0.27586206896551724,Ovis_aries_collagen_like_alpha_1_example,132,0
RGPPGAPGAPGKDGLNGLPGPIGPPGPRG,29,0.9,1,1.0,1.0,0.5,0.3448275862068966,0.3103448275862069,Ovis_aries_collagen_like_alpha_1_example,144,0
DGLNGLPGPIGPPGPRGRTGEPGPPGPPG,29,0.9111111111111112,1,1.0,1.0,0.5555555555555556,0.3448275862068966,0.3448275862068966,Ovis_aries_collagen_like_alpha_1_example,156,0
PGPRGRTGEPGPPGPPGPAGEKGSPGADG,29,0.888888888888889,1,1.0,1.0,0.4444444444444444,0.3448275862068966,0.3103448275862069,Ovis_aries_collagen_like_alpha_1_example,168,0
PGPPGPAGEKGSPGADGPAGAPGTPGPQG,29,0.888888888888889,1,1.0,1.0,0.4444444444444444,0.3448275862068966,0.3103448275862069,Ovis_aries_collagen_like_alpha_1_example,180,0
PGADGPAGAPGTPGPQGIAGQRGVVGLPG,29,0.8555555555555556,1,1.0,1.0,0.2777777777777778,0.3448275862068966,0.20689655172413793,Ovis_aries_collagen_like_alpha_1_example,192,0
PGPQGIAGQRGVVGLPGQRGERGLPGTAG,29,0.8333333333333334,1,1.0,1.0,0.16666666666666666,0.3448275862068966,0.13793103448275862,Ovis_aries_collagen_like_alpha_1_example,204,0
VGLPGQRGERGLPGTAGLPGMKGHRGFSG,29,0.8333333333333334,1,1.0,1.0,0.16666666666666666,0.3448275862068966,0.10344827586206896,Ovis_aries_collagen_like_alpha_1_example,216,0
PGTAGLPGMKGHRGFSGLDGAKGDAGPAG,29,0.8222222222222223,1,1.0,1.0,0.1111111111111111,0.3448275862068966,0.10344827586206896,Ovis_aries_collagen_like_alpha_1_example,228,0
RGFSGLDGAKGDAGPAGPKGEPGSPGENG,29,0.8444444444444444,1,1.0,1.0,0.2222222222222222,0.3448275862068966,0.13793103448275862,Ovis_aries_collagen_like_alpha_1_example,240,0
AGPAGPKGEPGSPGENGAPGQMGPRGPPG,29,0.888888888888889,1,1.0,1.0,0.4444444444444444,0.3448275862068966,0.27586206896551724,Ovis_aries_collagen_like_alpha_1_example,252,0
PGENGAPGQMGPRGPPGPPGKNGDDGEAG,29,0.8666666666666667,1,1.0,1.0,0.3333333333333333,0.3448275862068966,0.2413793103448276,Ovis_aries_collagen_like_alpha_1_example,264,0
RGPPGPPGKNGDDGEAGKPGRPGERGPPG,29,0.888888888888889,1,1.0,1.0,0.4444444444444444,0.3448275862068966,0.27586206896551724,Ovis_aries_collagen_like_alpha_1_example,276,0
DGEAGKPGRPGERGPPGPQGARGLPGTAG,29,0.8666666666666667,1,1.0,1.0,0.3333333333333333,0.3448275862068966,0.20689655172413793,Ovis_aries_collagen_like_alpha_1_example,288,0
RGPPGPQGARGLPGTAGLPGMKGHRGFSG,29,0.8555555555555556,1,1.0,1.0,0.2777777777777778,0.3448275862068966,0.1724137931034483,Ovis_aries_collagen_like_alpha_1_example,300,0
VICDETKNCPGAEVPEGECCPVCPDGSEGP,30,0.35444444444444445,1,0.4,0.3333333333333333,0.2222222222222222,0.13333333333333333,0.16666666666666666,Ovis_aries_collagen_like_alpha_1_example,72,0
EVPEGECCPVCPDGSEGPQGPRGPPGPPGP,30,0.6549999999999999,1,0.7,0.6666666666666666,0.5,0.23333333333333334,0.3333333333333333,Ovis_aries_collagen_like_alpha_1_example,84,0
DGSEGPQGPRGPPGPPGPPGPPGPPGSPGK,30,0.9444444444444445,1,1.0,1.0,0.7222222222222222,0.3333333333333333,0.43333333333333335,Ovis_aries_collagen_like_alpha_1_example,96,0
PGPPGPPGPPGPPGSPGKDGEAGAQGPRGE,30,0.9111111111111112,1,1.0,1.0,0.5555555555555556,0.3333333333333333,0.36666666666666664,Ovis_aries_collagen_like_alpha_1_example,108,0
PGSPGKDGEAGAQGPRGEPGPQGPRGPPGA,30,0.8777777777777779,1,1.0,1.0,0.3888888888888889,0.3333333333333333,0.26666666666666666,Ovis_aries_collagen_like_alpha_1_example,120,0
QGPRGEPGPQGPRGPPGAPGAPGKDGLNGL,30,0.888888888888889,1,1.0,1.0,0.4444444444444444,0.3333333333333333,0.26666666666666666,Ovis_aries_collagen_like_alpha_1_example,132,0
RGPPGAPGAPGKDGLNGLPGPIGPPGPRGR,30,0.9,1,1.0,1.0,0.5,0.3333333333333333,0.3,Ovis_aries_collagen_like_alpha_1_example,144,0
DGLNGLPGPIGPPGPRGRTGEPGPPGPPGP,30,0.9111111111111112,1,1.0,1.0,0.5555555555555556,0.3333333333333333,0.36666666666666664,Ovis_aries_collagen_like_alpha_1_example,156,0
PGPRGRTGEPGPPGPPGPAGEKGSPGADGP,30,0.888888888888889,1,1.0,1.0,0.4444444444444444,0.3333333333333333,0.3333333333333333,Ovis_aries_collagen_like_alpha_1_example,168,0
PGPPGPAGEKGSPGADGPAGAPGTPGPQGI,30,0.888888888888889,1,1.0,1.0,0.4444444444444444,0.3333333333333333,0.3,Ovis_aries_collagen_like_alpha_1_example,180,0
PGADGPAGAPGTPGPQGIAGQRGVVGLPGQ,30,0.8555555555555556,1,1.0,1.0,0.2777777777777778,0.3333333333333333,0.2,Ovis_aries_collagen_like_alpha_1_example,192,0
PGPQGIAGQRGVVGLPGQRGERGLPGTAGL,30,0.8333333333333334,1,1.0,1.0,0.16666666666666666,0.3333333333333333,0.13333333333333333,Ovis_aries_collagen_like_alpha_1_example,204,0
VGLPGQRGERGLPGTAGLPGMKGHRGFSGL,30,0.8333333333333334,1,1.0,1.0,0.16666666666666666,0.3333333333333333,0.1,Ovis_aries_collagen_like_alpha_1_example,216,0
PGTAGLPGMKGHRGFSGLDGAKGDAGPAGP,30,0.8222222222222223,1,1.0,1.0,0.1111111111111111,0.3333333333333333,0.13333333333333333,Ovis_aries_collagen_like_alpha_1_example,228,0
RGFSGLDGAKGDAGPAGPKGEPGSPGENGA,30,0.8444444444444444,1,1.0,1.0,0.2222222222222222,0.3333333333333333,0.13333333333333333,Ovis_aries_collagen_like_alpha_1_example,240,0
AGPAGPKGEPGSPGENGAPGQMGPRGPPGP,30,0.888888888888889,1,1.0,1.0,0.4444444444444444,0.3333333333333333,0.3,Ovis_aries_collagen_like_alpha_1_example,252,0
PGENGAPGQMGPRGPPGPPGKNGDDGEAGK,30,0.8666666666666667,1,1.0,1.0,0.3333333333333333,0.3333333333333333,0.23333333333333334,Ovis_aries_collagen_like_alpha_1_example,264,0
RGPPGPPGKNGDDGEAGKPGRPGERGPPGP,30,0.888888888888889,1,1.0,1.0,0.4444444444444444,0.3333333333333333,0.3,Ovis_aries_collagen_like_alpha_1_example,276,0
DGEAGKPGRPGERGPPGPQGARGLPGTAGL,30,0.8666666666666667,1,1.0,1.0,0.3333333333333333,0.3333333333333333,0.2,Ovis_aries_collagen_like_alpha_1_example,288,0
RGPPGPQGARGLPGTAGLPGMKGHRGFSGL,30,0.8555555555555556,1,1.0,1.0,0.2777777777777778,0.3333333333333333,0.16666666666666666,Ovis_aries_collagen_like_alpha_1_example,300,0
GFPGPK,6,0.9,0,1.0,1.0,0.5,0.3333333333333333,0.3333333333333333,Ovis_aries_collagen_like_alpha_2_example,24,0
GKAGER,6,0.8,0,1.0,1.0,0.0,0.3333333333333333,0.0,Ovis_aries_collagen_like_alpha_2_example,36,0
GAVGPA,6,0.8500000000000001,0,1.0,1.0,0.25,0.3333333333333333,0.16666666666666666,Ovis_aries_collagen_like_alpha_2_example,48,0
GAQGPP,6,0.9,0,1.0,1.0,0.5,0.3333333333333333,0.3333333333333333,Ovis_aries_collagen_like_alpha_2_example,60,0
GPPGLP,6,0.9500000000000001,0,1.0,1.0,0.75,0.3333333333333333,0.5,Ovis_aries_collagen_like_alpha_2_example,72,0
GIPGQP,6,0.9,0,1.0,1.0,0.5,0.3333333333333333,0.3333333333333333,Ovis_aries_collagen_like_alpha_2_example,84,0
GPPGIP,6,0.9500000000000001,0,1.0,1.0,0.75,0.3333333333333333,0.5,Ovis_aries_collagen_like_alpha_2_example,96,0
GLPGPP,6,0.9500000000000001,0,1.0,1.0,0.75,0.3333333333333333,0.5,Ovis_aries_collagen_like_alpha_2_example,108,0
GPPGPP,6,1.0,0,1.0,1.0,1.0,0.3333333333333333,0.6666666666666666,Ovis_aries_collagen_like_alpha_2_example,120,0
GVPGLP,6,0.9,0,1.0,1.0,0.5,0.3333333333333333,0.3333333333333333,Ovis_aries_collagen_like_alpha_2_example,132,0
GENGVP,6,0.8500000000000001,0,1.0,1.0,0.25,0.3333333333333333,0.16666666666666666,Ovis_aries_collagen_like_alpha_2_example,156,0
GIPGEN,6,0.8500000000000001,0,1.0,1.0,0.25,0.3333333333333333,0.16666666666666666,Ovis_aries_collagen_like_alpha_2_example,180,0
GFPGPKG,7,0.9,0,1.0,1.0,0.5,0.42857142857142855,0.2857142857142857,Ovis_aries_collagen_like_alpha_2_example,24,0
GKAGERG,7,0.8,0,1.0,1.0,0.0,0.42857142857142855,0.0,Ovis_aries_collagen_like_alpha_2_example,36,0
GAVGPAG,7,0.8500000000000001,0,1.0,1.0,0.25,0.42857142857142855,0.14285714285714285,Ovis_aries_collagen_like_alpha_2_example,48,0
GAQGPPG,7,0.9,0,1.0,1.0,0.5,0.42857142857142855,0.2857142857142857,Ovis_aries_collagen_like_alpha_2_example,60,0
GPPGLPG,7,0.9500000000000001,0,1.0,1.0,0.75,0.42857142857142855,0.42857142857142855,Ovis_aries_collagen_like_alpha_2_example,72,0
GIPGQPG,7,0.9,0,1.0,1.0,0.5,0.42857142857142855,0.2857142857142857,Ovis_aries_collagen_like_alpha_2_example,84,0
GPPGIPG,7,0.9500000000000001,0,1.0,1.0,0.75,0.42857142857142855,0.42857142857142855,Ovis_aries_collagen_like_alpha_2_example,96,0
GLPGPPG,7,0.9500000000000001,0,1.0,1.0,0.75,0.42857142857142855,0.42857142857142855,Ovis_aries_collagen_like_alpha_2_example,108,0
GPPGPPG,7,1.0,0,1.0,1.0,1.0,0.42857142857142855,0.5714285714285714,Ovis_aries_collagen_like_alpha_2_example,120,0
GVPGLPG,7,0.9,0,1.0,1.0,0.5,0.42857142857142855,0.2857142857142857,Ovis_aries_collagen_like_alpha_2_example,132,0
GENGVPG,7,0.8500000000000001,0,1.0,1.0,0.25,0.42857142857142855,0.14285714285714285,Ovis_aries_collagen_like_alpha_2_example,156,0
GIPGENG,7,0.8500000000000001,0,1.0,1.0,0.25,0.42857142857142855,0.14285714285714285,Ovis_aries_collagen_like_alpha_2_example,180,0
GFPGPKGA,8,0.9,0,1.0,1.0,0.5,0.375,0.25,Ovis_aries_collagen_like_alpha_2_example,24,0
GKAGERGV,8,0.8,0,1.0,1.0,0.0,0.375,0.0,Ovis_aries_collagen_like_alpha_2_example,36,0
GAVGPAGK,8,0.8500000000000001,0,1.0,1.0,0.25,0.375,0.125,Ovis_aries_collagen_like_alpha_2_example,48,0
GAQGPPGP,8,0.9,0,1.0,1.0,0.5,0.375,0.375,Ovis_aries_collagen_like_alpha_2_example,60,0
GPPGLPGP,8,0.9500000000000001,0,1.0,1.0,0.75,0.375,0.5,Ovis_aries_collagen_like_alpha_2_example,72,0
GIPGQPGL,8,0.9,0,1.0,1.0,0.5,0.375,0.25,Ovis_aries_collagen_like_alpha_2_example,84,0
GPPGIPGE,8,0.9500000000000001,0,1.0,1.0,0.75,0.375,0.375,Ovis_aries_collagen_like_alpha_2_example,96,0
GLPGPPGP,8,0.9500000000000001,0,1.0,1.0,0.75,0.375,0.5,Ovis_aries_collagen_like_alpha_2_example,108,0
GPPGPPGI,8,1.0,0,1.0,1.0,1.0,0.375,0.5,Ovis_aries_collagen_like_alpha_2_example,120,0
GVPGLPGP,8,0.9,0,1.0,1.0,0.5,0.375,0.375,Ovis_aries_collagen_like_alpha_2_example,132,0
GENGVPGL,8,0.8500000000000001,0,1.0,1.0,0.25,0.375,0.125,Ovis_aries_collagen_like_alpha_2_example,156,0
GIPGENGV,8,0.8500000000000001,0,1.0,1.0,0.25,0.375,0.125,Ovis_aries_collagen_like_alpha_2_example,180,0
GPPGPPGL,8,1.0,0,1.0,1.0,1.0,0.375,0.5,Ovis_aries_collagen_like_alpha_2_example,192,0
GFPGPKGAA,9,0.8666666666666667,0,1.0,1.0,0.3333333333333333,0.3333333333333333,0.2222222222222222,Ovis_aries_collagen_like_alpha_2_example,24,0
GKAGERGVP,9,0.8333333333333334,0,1.0,1.0,0.16666666666666666,0.3333333333333333,0.1111111111111111,Ovis_aries_collagen_like_alpha_2_example,36,0
GAVGPAGKD,9,0.8333333333333334,0,1.0,1.0,0.16666666666666666,0.3333333333333333,0.1111111111111111,Ovis_aries_collagen_like_alpha_2_example,48,0
GAQGPPGPP,9,0.9333333333333333,0,1.0,1.0,0.6666666666666666,0.3333333333333333,0.4444444444444444,Ovis_aries_collagen_like_alpha_2_example,60,0
GPPGLPGPP,9,0.9666666666666667,0,1.0,1.0,0.8333333333333334,0.3333333333333333,0.5555555555555556,Ovis_aries_collagen_like_alpha_2_example,72,0
GIPGQPGLP,9,0.9,0,1.0,1.0,0.5,0.3333333333333333,0.3333333333333333,Ovis_aries_collagen_like_alpha_2_example,84,0
GPPGIPGEN,9,0.9,0,1.0,1.0,0.5,0.3333333333333333,0.3333333333333333,Ovis_aries_collagen_like_alpha_2_example,96,0
GLPGPPGPP,9,0.9666666666666667,0,1.0,1.0,0.8333333333333334,0.3333333333333333,0.5555555555555556,Ovis_aries_collagen_like_alpha_2_example,108,0
GPPGPPGIP,9,0.9666666666666667,0,1.0,1.0,0.8333333333333334,0.3333333333333333,0.5555555555555556,Ovis_aries_collagen_like_alpha_2_example,120,0
GVPGLPGPP,9,0.9333333333333333,0,1.0,1.0,0.6666666666666666,0.3333333333333333,0.4444444444444444,Ovis_aries_collagen_like_alpha_2_example,132,0
GENGVPGLP,9,0.8666666666666667,0,1.0,1.0,0.3333333333333333,0.3333333333333333,0.2222222222222222,Ovis_aries_collagen_like_alpha_2_example,156,0
GIPGENGVP,9,0.8666666666666667,0,1.0,1.0,0.3333333333333333,0.3333333333333333,0.2222222222222222,Ovis_aries_collagen_like_alpha_2_example,180,0
GPPGPPGLP,9,0.9666666666666667,0,1.0,1.0,0.8333333333333334,0.3333333333333333,0.5555555555555556,Ovis_aries_collagen_like_alpha_2_example,192,0
LSHASKGQAG,10,0.375,0,0.5,0.3333333333333333,0.0,0.2,0.0,Ovis_aries_collagen_like_alpha_2_example,12,0
GFPGPKGAAG,10,0.8666666666666667,0,1.0,1.0,0.3333333333333333,0.4,0.2,Ovis_aries_collagen_like_alpha_2_example,24,0
GKAGERGVPG,10,0.8333333333333334,0,1.0,1.0,0.16666666666666666,0.4,0.1,Ovis_aries_collagen_like_alpha_2_example,36,0
GAVGPAGKDG,10,0.8333333333333334,0,1.0,1.0,0.16666666666666666,0.4,0.1,Ovis_aries_collagen_like_alpha_2_example,48,0
GAQGPPGPPG,10,0.9333333333333333,0,1.0,1.0,0.6666666666666666,0.4,0.4,Ovis_aries_collagen_like_alpha_2_example,60,0
GPPGLPGPPG,10,0.9666666666666667,0,1.0,1.0,0.8333333333333334,0.4,0.5,Ovis_aries_collagen_like_alpha_2_example,72,0
GIPGQPGLPG,10,0.9,0,1.0,1.0,0.5,0.4,0.3,Ovis_aries_collagen_like_alpha_2_example,84,0
GPPGIPGENG,10,0.9,0,1.0,1.0,0.5,0.4,0.3,Ovis_aries_collagen_like_alpha_2_example,96,0
GLPGPPGPPG,10,0.9666666666666667,0,1.0,1.0,0.8333333333333334,0.4,0.5,Ovis_aries_collagen_like_alpha_2_example,108,0
GPPGPPGIPG,10,0.9666666666666667,0,1.0,1.0,0.8333333333333334,0.4,0.5,Ovis_aries_collagen_like_alpha_2_example,120,0
GVPGLPGPPG,10,0.9333333333333333,0,1.0,1.0,0.6666666666666666,0.4,0.4,Ovis_aries_collagen_like_alpha_2_example,132,0
GENGVPGLPG,10,0.8666666666666667,0,1.0,1.0,0.3333333333333333,0.4,0.2,Ovis_aries_collagen_like_alpha_2_example,156,0
GIPGENGVPG,10,0.8666666666666667,0,1.0,1.0,0.3333333333333333,0.4,0.2,Ovis_aries_collagen_like_alpha_2_example,180,0
GPPGPPGLPG,10,0.9666666666666667,0,1.0,1.0,0.8333333333333334,0.4,0.5,Ovis_aries_collagen_like_alpha_2_example,192,0
LSHASKGQAGV,11,0.375,0,0.5,0.3333333333333333,0.0,0.18181818181818182,0.0,Ovis_aries_collagen_like_alpha_2_example,12,0
GFPGPKGAAGE,11,0.8666666666666667,0,1.0,1.0,0.3333333333333333,0.36363636363636365,0.18181818181818182,Ovis_aries_collagen_like_alpha_2_example,24,0
GKAGERGVPGP,11,0.8333333333333334,0,1.0,1.0,0.16666666666666666,0.36363636363636365,0.18181818181818182,Ovis_aries_collagen_like_alpha_2_example,36,0
GAVGPAGKDGE,11,0.8333333333333334,0,1.0,1.0,0.16666666666666666,0.36363636363636365,0.09090909090909091,Ovis_aries_collagen_like_alpha_2_example,48,0
GAQGPPGPPGP,11,0.9333333333333333,0,1.0,1.0,0.6666666666666666,0.36363636363636365,0.45454545454545453,Ovis_aries_collagen_like_alpha_2_example,60,0
GPPGLPGPPGA,11,0.9666666666666667,0,1.0,1.0,0.8333333333333334,0.36363636363636365,0.45454545454545453,Ovis_aries_collagen_like_alpha_2_example,72,0
GIPGQPGLPGP,11,0.9,0,1.0,1.0,0.5,0.36363636363636365,0.36363636363636365,Ovis_aries_collagen_like_alpha_2_example,84,0
GPPGIPGENGV,11,0.9,0,1.0,1.0,0.5,0.36363636363636365,0.2727272727272727,Ovis_aries_collagen_like_alpha_2_example,96,0
GLPGPPGPPGL,11,0.9666666666666667,0,1.0,1.0,0.8333333333333334,0.36363636363636365,0.45454545454545453,Ovis_aries_collagen_like_alpha_2_example,108,0
GPPGPPGIPGE,11,0.9666666666666667,0,1.0,1.0,0.8333333333333334,0.36363636363636365,0.45454545454545453,Ovis_aries_collagen_like_alpha_2_example,120,0
GVPGLPGPPGP,11,0.9333333333333333,0,1.0,1.0,0.6666666666666666,0.36363636363636365,0.45454545454545453,Ovis_aries_collagen_like_alpha_2_example,132,0
GLPGPPGPPGI,11,0.9666666666666667,0,1.0,1.0,0.8333333333333334,0.36363636363636365,0.45454545454545453,Ovis_aries_collagen_like_alpha_2_example,144,0
GENGVPGLPGP,11,0.8666666666666667,0,1.0,1.0,0.3333333333333333,0.36363636363636365,0.2727272727272727,Ovis_aries_collagen_like_alpha_2_example,156,0
GPPGLPGPPGP,11,0.9666666666666667,0,1.0,1.0,0.8333333333333334,0.36363636363636365,0.5454545454545454,Ovis_aries_collagen_like_alpha_2_example,168,0
GIPGENGVPGL,11,0.8666666666666667,0,1.0,1.0,0.3333333333333333,0.36363636363636365,0.18181818181818182,Ovis_aries_collagen_like_alpha_2_example,180,0
GPPGPPGLPGP,11,0.9666666666666667,0,1.0,1.0,0.8333333333333334,0.36363636363636365,0.5454545454545454,Ovis_aries_collagen_like_alpha_2_example,192,0
LSHASKGQAGVM,12,0.4,0,0.5,0.5,0.0,0.16666666666666666,0.0,Ovis_aries_collagen_like_alpha_2_example,12,0
GFPGPKGAAGEP,12,0.8750000000000001,0,1.0,1.0,0.375,0.3333333333333333,0.25,Ovis_aries_collagen_like_alpha_2_example,24,0
GKAGERGVPGPP,12,0.8750000000000001,0,1.0,1.0,0.375,0.3333333333333333,0.25,Ovis_aries_collagen_like_alpha_2_example,36,0
GAVGPAGKDGEA,12,0.8250000000000001,0,1.0,1.0,0.125,0.3333333333333333,0.08333333333333333,Ovis_aries_collagen_like_alpha_2_example,48,0
GAQGPPGPPGPP,12,0.9500000000000001,0,1.0,1.0,0.75,0.3333333333333333,0.5,Ovis_aries_collagen_like_alpha_2_example,60,0
GPPGLPGPPGAP,12,0.9500000000000001,0,1.0,1.0,0.75,0.3333333333333333,0.5,Ovis_aries_collagen_like_alpha_2_example,72,0
GIPGQPGLPGPP,12,0.925,0,1.0,1.0,0.625,0.3333333333333333,0.4166666666666667,Ovis_aries_collagen_like_alpha_2_example,84,0
GPPGIPGENGVP,12,0.9,0,1.0,1.0,0.5,0.3333333333333333,0.3333333333333333,Ovis_aries_collagen_like_alpha_2_example,96,0
GLPGPPGPPGLP,12,0.9500000000000001,0,1.0,1.0,0.75,0.3333333333333333,0.5,Ovis_aries_collagen_like_alpha_2_example,108,0
GPPGPPGIPGEN,12,0.925,0,1.0,1.0,0.625,0.3333333333333333,0.4166666666666667,Ovis_aries_collagen_like_alpha_2_example,120,0
GVPGLPGPPGPP,12,0.9500000000000001,0,1.0,1.0,0.75,0.3333333333333333,0.5,Ovis_aries_collagen_like_alpha_2_example,132,0
GLPGPPGPPGIP,12,0.9500000000000001,0,1.0,1.0,0.75,0.3333333333333333,0.5,Ovis_aries_collagen_like_alpha_2_example,144,0
GENGVPGLPGPP,12,0.9,0,1.0,1.0,0.5,0.3333333333333333,0.3333333333333333,Ovis_aries_collagen_like_alpha_2_example,156,0
GPPGLPGPPGPP,12,0.9750000000000001,0,1.0,1.0,0.875,0.3333333333333333,0.5833333333333334,Ovis_aries_collagen_like_alpha_2_example,168,0
GIPGENGVPGLP,12,0.8750000000000001,0,1.0,1.0,0.375,0.3333333333333333,0.25,Ovis_aries_collagen_like_alpha_2_example,180,0
GPPGPPGLPGPP,12,0.9750000000000001,0,1.0,1.0,0.875,0.3333333333333333,0.5833333333333334,Ovis_aries_collagen_like_alpha_2_example,192,0
LSHASKGQAGVMG,13,0.465,0,0.6,0.5,0.0,0.23076923076923078,0.0,Ovis_aries_collagen_like_alpha_2_example,12,0
GFPGPKGAAGEPG,13,0.8750000000000001,0,1.0,1.0,0.375,0.38461538461538464,0.23076923076923078,Ovis_aries_collagen_like_alpha_2_example,24,0
GKAGERGVPGPPG,13,0.8750000000000001,0,1.0,1.0,0.375,0.38461538461538464,0.23076923076923078,Ovis_aries_collagen_like_alpha_2_example,36,0
GAVGPAGKDGEAG,13,0.8250000000000001,0,1.0,1.0,0.125,0.38461538461538464,0.07692307692307693,Ovis_aries_collagen_like_alpha_2_example,48,0
GAQGPPGPPGPPG,13,0.9500000000000001,0,1.0,1.0,0.75,0.38461538461538464,0.46153846153846156,Ovis_aries_collagen_like_alpha_2_example,60,0
GPPGLPGPPGAPG,13,0.9500000000000001,0,1.0,1.0,0.75,0.38461538461538464,0.46153846153846156,Ovis_aries_collagen_like_alpha_2_example,72,0
GIPGQPGLPGPPG,13,0.925,0,1.0,1.0,0.625,0.38461538461538464,0.38461538461538464,Ovis_aries_collagen_like_alpha_2_example,84,0
GPPGIPGENGVPG,13,0.9,0,1.0,1.0,0.5,0.38461538461538464,0.3076923076923077,Ovis_aries_collagen_like_alpha_2_example,96,0
GPPGPPGIPGENG,13,0.925,0,1.0,1.0,0.625,0.38461538461538464,0.38461538461538464,Ovis_aries_collagen_like_alpha_2_example,120,0
GVPGLPGPPGPPG,13,0.9500000000000001,0,1.0,1.0,0.75,0.38461538461538464,0.46153846153846156,Ovis_aries_collagen_like_alpha_2_example,132,0
GLPGPPGPPGIPG,13,0.9500000000000001,0,1.0,1.0,0.75,0.38461538461538464,0.46153846153846156,Ovis_aries_collagen_like_alpha_2_example,144,0
GENGVPGLPGPPG,13,0.9,0,1.0,1.0,0.5,0.38461538461538464,0.3076923076923077,Ovis_aries_collagen_like_alpha_2_example,156,0
GIPGENGVPGLPG,13,0.8750000000000001,0,1.0,1.0,0.375,0.38461538461538464,0.23076923076923078,Ovis_aries_collagen_like_alpha_2_example,180,0
LSHASKGQAGVMGF,14,0.465,0,0.6,0.5,0.0,0.21428571428571427,0.0,Ovis_aries_collagen_like_alpha_2_example,12,0
GFPGPKGAAGEPGK,14,0.8750000000000001,0,1.0,1.0,0.375,0.35714285714285715,0.21428571428571427,Ovis_aries_collagen_like_alpha_2_example,24,0
GKAGERGVPGPPGA,14,0.8750000000000001,0,1.0,1.0,0.375,0.35714285714285715,0.21428571428571427,Ovis_aries_collagen_like_alpha_2_example,36,0
GAVGPAGKDGEAGA,14,0.8250000000000001,0,1.0,1.0,0.125,0.35714285714285715,0.07142857142857142,Ovis_aries_collagen_like_alpha_2_example,48,0
GAQGPPGPPGPPGP,14,0.9500000000000001,0,1.0,1.0,0.75,0.35714285714285715,0.5,Ovis_aries_collagen_like_alpha_2_example,60,0
GPPGLPGPPGAPGI,14,0.9500000000000001,0,1.0,1.0,0.75,0.35714285714285715,0.42857142857142855,Ovis_aries_collagen_like_alpha_2_example,72,0
GIPGQPGLPGPPGP,14,0.925,0,1.0,1.0,0.625,0.35714285714285715,0.42857142857142855,Ovis_aries_collagen_like_alpha_2_example,84,0
GPPGIPGENGVPGL,14,0.9,0,1.0,1.0,0.5,0.35714285714285715,0.2857142857142857,Ovis_aries_collagen_like_alpha_2_example,96,0
GPPGPPGIPGENGV,14,0.925,0,1.0,1.0,0.625,0.35714285714285715,0.35714285714285715,Ovis_aries_collagen_like_alpha_2_example,120,0
GVPGLPGPPGPPGL,14,0.9500000000000001,0,1.0,1.0,0.75,0.35714285714285715,0.42857142857142855,Ovis_aries_collagen_like_alpha_2_example,132,0
GLPGPPGPPGIPGE,14,0.9500000000000001,0,1.0,1.0,0.75,0.35714285714285715,0.42857142857142855,Ovis_aries_collagen_like_alpha_2_example,144,0
GENGVPGLPGPPGP,14,0.9,0,1.0,1.0,0.5,0.35714285714285715,0.35714285714285715,Ovis_aries_collagen_like_alpha_2_example,156,0
GPPGLPGPPGPPGI,14,0.9750000000000001,0,1.0,1.0,0.875,0.35714285714285715,0.5,Ovis_aries_collagen_like_alpha_2_example,168,0
GIPGENGVPGLPGP,14,0.8750000000000001,0,1.0,1.0,0.375,0.35714285714285715,0.2857142857142857,Ovis_aries_collagen_like_alpha_2_example,180,0
LSHASKGQAGVMGFP,15,0.5,0,0.6,0.6,0.1,0.2,0.06666666666666667,Ovis_aries_collagen_like_alpha_2_example,12,0
GFPGPKGAAGEPGKA,15,0.86,0,1.0,1.0,0.3,0.3333333333333333,0.2,Ovis_aries_collagen_like_alpha_2_example,24,0
GKAGERGVPGPPGAV,15,0.86,0,1.0,1.0,0.3,0.3333333333333333,0.2,Ovis_aries_collagen_like_alpha_2_example,36,0
GAVGPAGKDGEAGAQ,15,0.8200000000000001,0,1.0,1.0,0.1,0.3333333333333333,0.06666666666666667,Ovis_aries_collagen_like_alpha_2_example,48,0
GAQGPPGPPGPPGPP,15,0.9600000000000001,0,1.0,1.0,0.8,0.3333333333333333,0.5333333333333333,Ovis_aries_collagen_like_alpha_2_example,60,0
GPPGLPGPPGAPGIP,15,0.9400000000000001,0,1.0,1.0,0.7,0.3333333333333333,0.4666666666666667,Ovis_aries_collagen_like_alpha_2_example,72,0
GIPGQPGLPGPPGPP,15,0.9400000000000001,0,1.0,1.0,0.7,0.3333333333333333,0.4666666666666667,Ovis_aries_collagen_like_alpha_2_example,84,0
GPPGIPGENGVPGLP,15,0.9,0,1.0,1.0,0.5,0.3333333333333333,0.3333333333333333,Ovis_aries_collagen_like_alpha_2_example,96,0
GPPGPPGIPGENGVP,15,0.92,0,1.0,1.0,0.6,0.3333333333333333,0.4,Ovis_aries_collagen_like_alpha_2_example,120,0
GVPGLPGPPGPPGLP,15,0.9400000000000001,0,1.0,1.0,0.7,0.3333333333333333,0.4666666666666667,Ovis_aries_collagen_like_alpha_2_example,132,0
GLPGPPGPPGIPGEN,15,0.92,0,1.0,1.0,0.6,0.3333333333333333,0.4,Ovis_aries_collagen_like_alpha_2_example,144,0
GENGVPGLPGPPGPP,15,0.92,0,1.0,1.0,0.6,0.3333333333333333,0.4,Ovis_aries_collagen_like_alpha_2_example,156,0
GPPGLPGPPGPPGIP,15,0.9600000000000001,0,1.0,1.0,0.8,0.3333333333333333,0.5333333333333333,Ovis_aries_collagen_like_alpha_2_example,168,0
GIPGENGVPGLPGPP,15,0.9,0,1.0,1.0,0.5,0.3333333333333333,0.3333333333333333,Ovis_aries_collagen_like_alpha_2_example,180,0
LSHASKGQAGVMGFPG,16,0.5433333333333333,0,0.6666666666666666,0.6,0.1,0.25,0.0625,Ovis_aries_collagen_like_alpha_2_example,12,0
GFPGPKGAAGEPGKAG,16,0.86,0,1.0,1.0,0.3,0.375,0.1875,Ovis_aries_collagen_like_alpha_2_example,24,0
GKAGERGVPGPPGAVG,16,0.86,0,1.0,1.0,0.3,0.375,0.1875,Ovis_aries_collagen_like_alpha_2_example,36,0
GAVGPAGKDGEAGAQG,16,0.8200000000000001,0,1.0,1.0,0.1,0.375,0.0625,Ovis_aries_collagen_like_alpha_2_example,48,0
GAQGPPGPPGPPGPPG,16,0.9600000000000001,0,1.0,1.0,0.8,0.375,0.5,Ovis_aries_collagen_like_alpha_2_example,60,0
GPPGLPGPPGAPGIPG,16,0.9400000000000001,0,1.0,1.0,0.7,0.375,0.4375,Ovis_aries_collagen_like_alpha_2_example,72,0
GIPGQPGLPGPPGPPG,16,0.9400000000000001,0,1.0,1.0,0.7,0.375,0.4375,Ovis_aries_collagen_like_alpha_2_example,84,0
GPPGIPGENGVPGLPG,16,0.9,0,1.0,1.0,0.5,0.375,0.3125,Ovis_aries_collagen_like_alpha_2_example,96,0
GPPGPPGIPGENGVPG,16,0.92,0,1.0,1.0,0.6,0.375,0.375,Ovis_aries_collagen_like_alpha_2_example,120,0
GVPGLPGPPGPPGLPG,16,0.9400000000000001,0,1.0,1.0,0.7,0.375,0.4375,Ovis_aries_collagen_like_alpha_2_example,132,0
GLPGPPGPPGIPGENG,16,0.92,0,1.0,1.0,0.6,0.375,0.375,Ovis_aries_collagen_like_alpha_2_example,144,0
GENGVPGLPGPPGPPG,16,0.92,0,1.0,1.0,0.6,0.375,0.375,Ovis_aries_collagen_like_alpha_2_example,156,0
GPPGLPGPPGPPGIPG,16,0.9600000000000001,0,1.0,1.0,0.8,0.375,0.5,Ovis_aries_collagen_like_alpha_2_example,168,0
GIPGENGVPGLPGPPG,16,0.9,0,1.0,1.0,0.5,0.375,0.3125,Ovis_aries_collagen_like_alpha_2_example,180,0
LSHASKGQAGVMGFPGP,17,0.5433333333333333,0,0.6666666666666666,0.6,0.1,0.23529411764705882,0.11764705882352941,Ovis_aries_collagen_like_alpha_2_example,12,0
GFPGPKGAAGEPGKAGE,17,0.86,0,1.0,1.0,0.3,0.35294117647058826,0.17647058823529413,Ovis_aries_collagen_like_alpha_2_example,24,0
GKAGERGVPGPPGAVGP,17,0.86,0,1.0,1.0,0.3,0.35294117647058826,0.23529411764705882,Ovis_aries_collagen_like_alpha_2_example,36,0
GAVGPAGKDGEAGAQGP,17,0.8200000000000001,0,1.0,1.0,0.1,0.35294117647058826,0.11764705882352941,Ovis_aries_collagen_like_alpha_2_example,48,0
GAQGPPGPPGPPGPPGL,17,0.9600000000000001,0,1.0,1.0,0.8,0.35294117647058826,0.47058823529411764,Ovis_aries_collagen_like_alpha_2_example,60,0
GPPGLPGPPGAPGIPGQ,17,0.9400000000000001,0,1.0,1.0,0.7,0.35294117647058826,0.4117647058823529,Ovis_aries_collagen_like_alpha_2_example,72,0
GIPGQPGLPGPPGPPGI,17,0.9400000000000001,0,1.0,1.0,0.7,0.35294117647058826,0.4117647058823529,Ovis_aries_collagen_like_alpha_2_example,84,0
GPPGIPGENGVPGLPGP,17,0.9,0,1.0,1.0,0.5,0.35294117647058826,0.35294117647058826,Ovis_aries_collagen_like_alpha_2_example,96,0
GPPGPPGIPGENGVPGL,17,0.92,0,1.0,1.0,0.6,0.35294117647058826,0.35294117647058826,Ovis_aries_collagen_like_alpha_2_example,120,0
GLPGPPGPPGIPGENGV,17,0.92,0,1.0,1.0,0.6,0.35294117647058826,0.35294117647058826,Ovis_aries_collagen_like_alpha_2_example,144,0
GENGVPGLPGPPGPPGL,17,0.92,0,1.0,1.0,0.6,0.35294117647058826,0.35294117647058826,Ovis_aries_collagen_like_alpha_2_example,156,0
GPPGLPGPPGPPGIPGE,17,0.9600000000000001,0,1.0,1.0,0.8,0.35294117647058826,0.47058823529411764,Ovis_aries_collagen_like_alpha_2_example,168,0
GIPGENGVPGLPGPPGP,17,0.9,0,1.0,1.0,0.5,0.35294117647058826,0.35294117647058826,Ovis_aries_collagen_like_alpha_2_example,180,0
LSHASKGQAGVMGFPGPK,18,0.5666666666666667,0,0.6666666666666666,0.6666666666666666,0.16666666666666666,0.2222222222222222,0.1111111111111111,Ovis_aries_collagen_like_alpha_2_example,12,0
GFPGPKGAAGEPGKAGER,18,0.8500000000000001,0,1.0,1.0,0.25,0.3333333333333333,0.16666666666666666,Ovis_aries_collagen_like_alpha_2_example,24,0
GKAGERGVPGPPGAVGPA,18,0.8666666666666667,0,1.0,1.0,0.3333333333333333,0.3333333333333333,0.2222222222222222,Ovis_aries_collagen_like_alpha_2_example,36,0
GAVGPAGKDGEAGAQGPP,18,0.8500000000000001,0,1.0,1.0,0.25,0.3333333333333333,0.16666666666666666,Ovis_aries_collagen_like_alpha_2_example,48,0
GAQGPPGPPGPPGPPGLP,18,0.9500000000000001,0,1.0,1.0,0.75,0.3333333333333333,0.5,Ovis_aries_collagen_like_alpha_2_example,60,0
GPPGLPGPPGAPGIPGQP,18,0.9333333333333333,0,1.0,1.0,0.6666666666666666,0.3333333333333333,0.4444444444444444,Ovis_aries_collagen_like_alpha_2_example,72,0
GIPGQPGLPGPPGPPGIP,18,0.9333333333333333,0,1.0,1.0,0.6666666666666666,0.3333333333333333,0.4444444444444444,Ovis_aries_collagen_like_alpha_2_example,84,0
GPPGIPGENGVPGLPGPP,18,0.9166666666666667,0,1.0,1.0,0.5833333333333334,0.3333333333333333,0.3888888888888889,Ovis_aries_collagen_like_alpha_2_example,96,0
GPPGPPGIPGENGVPGLP,18,0.9166666666666667,0,1.0,1.0,0.5833333333333334,0.3333333333333333,0.3888888888888889,Ovis_aries_collagen_like_alpha_2_example,120,0
GLPGPPGPPGIPGENGVP,18,0.9166666666666667,0,1.0,1.0,0.5833333333333334,0.3333333333333333,0.3888888888888889,Ovis_aries_collagen_like_alpha_2_example,144,0
GENGVPGLPGPPGPPGLP,18,0.9166666666666667,0,1.0,1.0,0.5833333333333334,0.3333333333333333,0.3888888888888889,Ovis_aries_collagen_like_alpha_2_example,156,0
GPPGLPGPPGPPGIPGEN,18,0.9333333333333333,0,1.0,1.0,0.6666666666666666,0.3333333333333333,0.4444444444444444,Ovis_aries_collagen_like_alpha_2_example,168,0
GIPGENGVPGLPGPPGPP,18,0.9166666666666667,0,1.0,1.0,0.5833333333333334,0.3333333333333333,0.3888888888888889,Ovis_aries_collagen_like_alpha_2_example,180,0
LSHASKGQAGVMGFPGPKG,19,0.5976190476190476,0,0.7142857142857143,0.6666666666666666,0.16666666666666666,0.2631578947368421,0.10526315789473684,Ovis_aries_collagen_like_alpha_2_example,12,0
GFPGPKGAAGEPGKAGERG,19,0.8500000000000001,0,1.0,1.0,0.25,0.3684210526315789,0.15789473684210525,Ovis_aries_collagen_like_alpha_2_example,24,0
GKAGERGVPGPPGAVGPAG,19,0.8666666666666667,0,1.0,1.0,0.3333333333333333,0.3684210526315789,0.21052631578947367,Ovis_aries_collagen_like_alpha_2_example,36,0
GAVGPAGKDGEAGAQGPPG,19,0.8500000000000001,0,1.0,1.0,0.25,0.3684210526315789,0.15789473684210525,Ovis_aries_collagen_like_alpha_2_example,48,0
GAQGPPGPPGPPGPPGLPG,19,0.9500000000000001,0,1.0,1.0,0.75,0.3684210526315789,0.47368421052631576,Ovis_aries_collagen_like_alpha_2_example,60,0
GPPGLPGPPGAPGIPGQPG,19,0.9333333333333333,0,1.0,1.0,0.6666666666666666,0.3684210526315789,0.42105263157894735,Ovis_aries_collagen_like_alpha_2_example,72,0
GIPGQPGLPGPPGPPGIPG,19,0.9333333333333333,0,1.0,1.0,0.6666666666666666,0.3684210526315789,0.42105263157894735,Ovis_aries_collagen_like_alpha_2_example,84,0
GPPGIPGENGVPGLPGPPG,19,0.9166666666666667,0,1.0,1.0,0.5833333333333334,0.3684210526315789,0.3684210526315789,Ovis_aries_collagen_like_alpha_2_example,96,0
GPPGPPGIPGENGVPGLPG,19,0.9166666666666667,0,1.0,1.0,0.5833333333333334,0.3684210526315789,0.3684210526315789,Ovis_aries_collagen_like_alpha_2_example,120,0
GLPGPPGPPGIPGENGVPG,19,0.9166666666666667,0,1.0,1.0,0.5833333333333334,0.3684210526315789,0.3684210526315789,Ovis_aries_collagen_like_alpha_2_example,144,0
GENGVPGLPGPPGPPGLPG,19,0.9166666666666667,0,1.0,1.0,0.5833333333333334,0.3684210526315789,0.3684210526315789,Ovis_aries_collagen_like_alpha_2_example,156,0
GPPGLPGPPGPPGIPGENG,19,0.9333333333333333,0,1.0,1.0,0.6666666666666666,0.3684210526315789,0.42105263157894735,Ovis_aries_collagen_like_alpha_2_example,168,0
GIPGENGVPGLPGPPGPPG,19,0.9166666666666667,0,1.0,1.0,0.5833333333333334,0.3684210526315789,0.3684210526315789,Ovis_aries_collagen_like_alpha_2_example,180,0
LSHASKGQAGVMGFPGPKGA,20,0.5976190476190476,0,0.7142857142857143,0.6666666666666666,0.16666666666666666,0.25,0.1,Ovis_aries_collagen_like_alpha_2_example,12,0
GFPGPKGAAGEPGKAGERGV,20,0.8500000000000001,0,1.0,1.0,0.25,0.35,0.15,Ovis_aries_collagen_like_alpha_2_example,24,0
GKAGERGVPGPPGAVGPAGK,20,0.8666666666666667,0,1.0,1.0,0.3333333333333333,0.35,0.2,Ovis_aries_collagen_like_alpha_2_example,36,0
GAVGPAGKDGEAGAQGPPGP,20,0.8500000000000001,0,1.0,1.0,0.25,0.35,0.2,Ovis_aries_collagen_like_alpha_2_example,48,0
GAQGPPGPPGPPGPPGLPGP,20,0.9500000000000001,0,1.0,1.0,0.75,0.35,0.5,Ovis_aries_collagen_like_alpha_2_example,60,0
GPPGLPGPPGAPGIPGQPGL,20,0.9333333333333333,0,1.0,1.0,0.6666666666666666,0.35,0.4,Ovis_aries_collagen_like_alpha_2_example,72,0
GIPGQPGLPGPPGPPGIPGE,20,0.9333333333333333,0,1.0,1.0,0.6666666666666666,0.35,0.4,Ovis_aries_collagen_like_alpha_2_example,84,0
GPPGIPGENGVPGLPGPPGP,20,0.9166666666666667,0,1.0,1.0,0.5833333333333334,0.35,0.4,Ovis_aries_collagen_like_alpha_2_example,96,0
GPPGPPGIPGENGVPGLPGP,20,0.9166666666666667,0,1.0,1.0,0.5833333333333334,0.35,0.4,Ovis_aries_collagen_like_alpha_2_example,120,0
GLPGPPGPPGIPGENGVPGL,20,0.9166666666666667,0,1.0,1.0,0.5833333333333334,0.35,0.35,Ovis_aries_collagen_like_alpha_2_example,144,0
GENGVPGLPGPPGPPGLPGP,20,0.9166666666666667,0,1.0,1.0,0.5833333333333334,0.35,0.4,Ovis_aries_collagen_like_alpha_2_example,156,0
GPPGLPGPPGPPGIPGENGV,20,0.9333333333333333,0,1.0,1.0,0.6666666666666666,0.35,0.4,Ovis_aries_collagen_like_alpha_2_example,168,0
GIPGENGVPGLPGPPGPPGL,20,0.9166666666666667,0,1.0,1.0,0.5833333333333334,0.35,0.35,Ovis_aries_collagen_like_alpha_2_example,180,0
GPPGPPGLPGPPGPPGIPGE,20,0.9666666666666667,0,1.0,1.0,0.8333333333333334,0.35,0.5,Ovis_aries_collagen_like_alpha_2_example,192,0
LSHASKGQAGVMGFPGPKGAA,21,0.6,0,0.7142857142857143,0.7142857142857143,0.14285714285714285,0.23809523809523808,0.09523809523809523,Ovis_aries_collagen_like_alpha_2_example,12,0
GFPGPKGAAGEPGKAGERGVP,21,0.8571428571428572,0,1.0,1.0,0.2857142857142857,0.3333333333333333,0.19047619047619047,Ovis_aries_collagen_like_alpha_2_example,24,0
GKAGERGVPGPPGAVGPAGKD,21,0.8571428571428572,0,1.0,1.0,0.2857142857142857,0.3333333333333333,0.19047619047619047,Ovis_aries_collagen_like_alpha_2_example,36,0
GAVGPAGKDGEAGAQGPPGPP,21,0.8714285714285714,0,1.0,1.0,0.35714285714285715,0.3333333333333333,0.23809523809523808,Ovis_aries_collagen_like_alpha_2_example,48,0
GPPGLPGPPGAPGIPGQPGLP,21,0.9285714285714286,0,1.0,1.0,0.6428571428571429,0.3333333333333333,0.42857142857142855,Ovis_aries_collagen_like_alpha_2_example,72,0
GIPGQPGLPGPPGPPGIPGEN,21,0.9142857142857144,0,1.0,1.0,0.5714285714285714,0.3333333333333333,0.38095238095238093,Ovis_aries_collagen_like_alpha_2_example,84,0
GPPGIPGENGVPGLPGPPGPP,21,0.9285714285714286,0,1.0,1.0,0.6428571428571429,0.3333333333333333,0.42857142857142855,Ovis_aries_collagen_like_alpha_2_example,96,0
GPPGPPGIPGENGVPGLPGPP,21,0.9285714285714286,0,1.0,1.0,0.6428571428571429,0.3333333333333333,0.42857142857142855,Ovis_aries_collagen_like_alpha_2_example,120,0
GLPGPPGPPGIPGENGVPGLP,21,0.9142857142857144,0,1.0,1.0,0.5714285714285714,0.3333333333333333,0.38095238095238093,Ovis_aries_collagen_like_alpha_2_example,144,0
GENGVPGLPGPPGPPGLPGPP,21,0.9285714285714286,0,1.0,1.0,0.6428571428571429,0.3333333333333333,0.42857142857142855,Ovis_aries_collagen_like_alpha_2_example,156,0
GPPGLPGPPGPPGIPGENGVP,21,0.9285714285714286,0,1.0,1.0,0.6428571428571429,0.3333333333333333,0.42857142857142855,Ovis_aries_collagen_like_alpha_2_example,168,0
GIPGENGVPGLPGPPGPPGLP,21,0.9142857142857144,0,1.0,1.0,0.5714285714285714,0.3333333333333333,0.38095238095238093,Ovis_aries_collagen_like_alpha_2_example,180,0
GPPGPPGLPGPPGPPGIPGEN,21,0.942857142857143,0,1.0,1.0,0.7142857142857143,0.3333333333333333,0.47619047619047616,Ovis_aries_collagen_like_alpha_2_example,192,0
LSHASKGQAGVMGFPGPKGAAG,22,0.6232142857142857,0,0.75,0.7142857142857143,0.14285714285714285,0.2727272727272727,0.09090909090909091,Ovis_aries_collagen_like_alpha_2_example,12,0
GFPGPKGAAGEPGKAGERGVPG,22,0.8571428571428572,0,1.0,1.0,0.2857142857142857,0.36363636363636365,0.18181818181818182,Ovis_aries_collagen_like_alpha_2_example,24,0
GKAGERGVPGPPGAVGPAGKDG,22,0.8571428571428572,0,1.0,1.0,0.2857142857142857,0.36363636363636365,0.18181818181818182,Ovis_aries_collagen_like_alpha_2_example,36,0
GAVGPAGKDGEAGAQGPPGPPG,22,0.8714285714285714,0,1.0,1.0,0.35714285714285715,0.36363636363636365,0.22727272727272727,Ovis_aries_collagen_like_alpha_2_example,48,0
GPPGLPGPPGAPGIPGQPGLPG,22,0.9285714285714286,0,1.0,1.0,0.6428571428571429,0.36363636363636365,0.4090909090909091,Ovis_aries_collagen_like_alpha_2_example,72,0
GIPGQPGLPGPPGPPGIPGENG,22,0.9142857142857144,0,1.0,1.0,0.5714285714285714,0.36363636363636365,0.36363636363636365,Ovis_aries_collagen_like_alpha_2_example,84,0
GPPGIPGENGVPGLPGPPGPPG,22,0.9285714285714286,0,1.0,1.0,0.6428571428571429,0.36363636363636365,0.4090909090909091,Ovis_aries_collagen_like_alpha_2_example,96,0
GPPGPPGIPGENGVPGLPGPPG,22,0.9285714285714286,0,1.0,1.0,0.6428571428571429,0.36363636363636365,0.4090909090909091,Ovis_aries_collagen_like_alpha_2_example,120,0
GLPGPPGPPGIPGENGVPGLPG,22,0.9142857142857144,0,1.0,1.0,0.5714285714285714,0.36363636363636365,0.36363636363636365,Ovis_aries_collagen_like_alpha_2_example,144,0
GENGVPGLPGPPGPPGLPGPPG,22,0.9285714285714286,0,1.0,1.0,0.6428571428571429,0.36363636363636365,0.4090909090909091,Ovis_aries_collagen_like_alpha_2_example,156,0
GPPGLPGPPGPPGIPGENGVPG,22,0.9285714285714286,0,1.0,1.0,0.6428571428571429,0.36363636363636365,0.4090909090909091,Ovis_aries_collagen_like_alpha_2_example,168,0
GIPGENGVPGLPGPPGPPGLPG,22,0.9142857142857144,0,1.0,1.0,0.5714285714285714,0.36363636363636365,0.36363636363636365,Ovis_aries_collagen_like_alpha_2_example,180,0
GPPGPPGLPGPPGPPGIPGENG,22,0.942857142857143,0,1.0,1.0,0.7142857142857143,0.36363636363636365,0.45454545454545453,Ovis_aries_collagen_like_alpha_2_example,192,0
LSHASKGQAGVMGFPGPKGAAGE,23,0.6232142857142857,0,0.75,0.7142857142857143,0.14285714285714285,0.2608695652173913,0.08695652173913043,Ovis_aries_collagen_like_alpha_2_example,12,0
GFPGPKGAAGEPGKAGERGVPGP,23,0.8571428571428572,0,1.0,1.0,0.2857142857142857,0.34782608695652173,0.21739130434782608,Ovis_aries_collagen_like_alpha_2_example,24,0
GKAGERGVPGPPGAVGPAGKDGE,23,0.8571428571428572,0,1.0,1.0,0.2857142857142857,0.34782608695652173,0.17391304347826086,Ovis_aries_collagen_like_alpha_2_example,36,0
GAVGPAGKDGEAGAQGPPGPPGP,23,0.8714285714285714,0,1.0,1.0,0.35714285714285715,0.34782608695652173,0.2608695652173913,Ovis_aries_collagen_like_alpha_2_example,48,0
GPPGLPGPPGAPGIPGQPGLPGP,23,0.9285714285714286,0,1.0,1.0,0.6428571428571429,0.34782608695652173,0.43478260869565216,Ovis_aries_collagen_like_alpha_2_example,72,0
GIPGQPGLPGPPGPPGIPGENGV,23,0.9142857142857144,0,1.0,1.0,0.5714285714285714,0.34782608695652173,0.34782608695652173,Ovis_aries_collagen_like_alpha_2_example,84,0
GPPGIPGENGVPGLPGPPGPPGL,23,0.9285714285714286,0,1.0,1.0,0.6428571428571429,0.34782608695652173,0.391304347826087,Ovis_aries_collagen_like_alpha_2_example,96,0
GPPGPPGIPGENGVPGLPGPPGP,23,0.9285714285714286,0,1.0,1.0,0.6428571428571429,0.34782608695652173,0.43478260869565216,Ovis_aries_collagen_like_alpha_2_example,120,0
GLPGPPGPPGIPGENGVPGLPGP,23,0.9142857142857144,0,1.0,1.0,0.5714285714285714,0.34782608695652173,0.391304347826087,Ovis_aries_collagen_like_alpha_2_example,144,0
GENGVPGLPGPPGPPGLPGPPGP,23,0.9285714285714286,0,1.0,1.0,0.6428571428571429,0.34782608695652173,0.43478260869565216,Ovis_aries_collagen_like_alpha_2_example,156,0
GPPGLPGPPGPPGIPGENGVPGL,23,0.9285714285714286,0,1.0,1.0,0.6428571428571429,0.34782608695652173,0.391304347826087,Ovis_aries_collagen_like_alpha_2_example,168,0
GIPGENGVPGLPGPPGPPGLPGP,23,0.9142857142857144,0,1.0,1.0,0.5714285714285714,0.34782608695652173,0.391304347826087,Ovis_aries_collagen_like_alpha_2_example,180,0
GPPGPPGLPGPPGPPGIPGENGV,23,0.942857142857143,0,1.0,1.0,0.7142857142857143,0.34782608695652173,0.43478260869565216,Ovis_aries_collagen_like_alpha_2_example,192,0
LSHASKGQAGVMGFPGPKGAAGEP,24,0.6375,0,0.75,0.75,0.1875,0.25,0.125,Ovis_aries_collagen_like_alpha_2_example,12,0
GFPGPKGAAGEPGKAGERGVPGPP,24,0.8750000000000001,0,1.0,1.0,0.375,0.3333333333333333,0.25,Ovis_aries_collagen_like_alpha_2_example,24,0
GKAGERGVPGPPGAVGPAGKDGEA,24,0.8500000000000001,0,1.0,1.0,0.25,0.3333333333333333,0.16666666666666666,Ovis_aries_collagen_like_alpha_2_example,36,0
GAVGPAGKDGEAGAQGPPGPPGPP,24,0.8875000000000001,0,1.0,1.0,0.4375,0.3333333333333333,0.2916666666666667,Ovis_aries_collagen_like_alpha_2_example,48,0
GPPGLPGPPGAPGIPGQPGLPGPP,24,0.9375000000000001,0,1.0,1.0,0.6875,0.3333333333333333,0.4583333333333333,Ovis_aries_collagen_like_alpha_2_example,72,0
GIPGQPGLPGPPGPPGIPGENGVP,24,0.9125000000000001,0,1.0,1.0,0.5625,0.3333333333333333,0.375,Ovis_aries_collagen_like_alpha_2_example,84,0
GPPGIPGENGVPGLPGPPGPPGLP,24,0.925,0,1.0,1.0,0.625,0.3333333333333333,0.4166666666666667,Ovis_aries_collagen_like_alpha_2_example,96,0
GLPGPPGPPGLPGPPGPPGIPGEN,24,0.9375000000000001,0,1.0,1.0,0.6875,0.3333333333333333,0.4583333333333333,Ovis_aries_collagen_like_alpha_2_example,108,0
GPPGPPGIPGENGVPGLPGPPGPP,24,0.9375000000000001,0,1.0,1.0,0.6875,0.3333333333333333,0.4583333333333333,Ovis_aries_collagen_like_alpha_2_example,120,0
GLPGPPGPPGIPGENGVPGLPGPP,24,0.925,0,1.0,1.0,0.625,0.3333333333333333,0.4166666666666667,Ovis_aries_collagen_like_alpha_2_example,144,0
GENGVPGLPGPPGPPGLPGPPGPP,24,0.9375000000000001,0,1.0,1.0,0.6875,0.3333333333333333,0.4583333333333333,Ovis_aries_collagen_like_alpha_2_example,156,0
GPPGLPGPPGPPGIPGENGVPGLP,24,0.925,0,1.0,1.0,0.625,0.3333333333333333,0.4166666666666667,Ovis_aries_collagen_like_alpha_2_example,168,0
GIPGENGVPGLPGPPGPPGLPGPP,24,0.925,0,1.0,1.0,0.625,0.3333333333333333,0.4166666666666667,Ovis_aries_collagen_like_alpha_2_example,180,0
GPPGPPGLPGPPGPPGIPGENGVP,24,0.9375000000000001,0,1.0,1.0,0.6875,0.3333333333333333,0.4583333333333333,Ovis_aries_collagen_like_alpha_2_example,192,0
LSHASKGQAGVMGFPGPKGAAGEPG,25,0.6555555555555554,0,0.7777777777777778,0.75,0.1875,0.28,0.12,Ovis_aries_collagen_like_alpha_2_example,12,0
GFPGPKGAAGEPGKAGERGVPGPPG,25,0.8750000000000001,0,1.0,1.0,0.375,0.36,0.24,Ovis_aries_collagen_like_alpha_2_example,24,0
GKAGERGVPGPPGAVGPAGKDGEAG,25,0.8500000000000001,0,1.0,1.0,0.25,0.36,0.16,Ovis_aries_collagen_like_alpha_2_example,36,0
GAVGPAGKDGEAGAQGPPGPPGPPG,25,0.8875000000000001,0,1.0,1.0,0.4375,0.36,0.28,Ovis_aries_collagen_like_alpha_2_example,48,0
GIPGQPGLPGPPGPPGIPGENGVPG,25,0.9125000000000001,0,1.0,1.0,0.5625,0.36,0.36,Ovis_aries_collagen_like_alpha_2_example,84,0
GPPGIPGENGVPGLPGPPGPPGLPG,25,0.925,0,1.0,1.0,0.625,0.36,0.4,Ovis_aries_collagen_like_alpha_2_example,96,0
GPPGPPGIPGENGVPGLPGPPGPPG,25,0.9375000000000001,0,1.0,1.0,0.6875,0.36,0.44,Ovis_aries_collagen_like_alpha_2_example,120,0
GLPGPPGPPGIPGENGVPGLPGPPG,25,0.925,0,1.0,1.0,0.625,0.36,0.4,Ovis_aries_collagen_like_alpha_2_example,144,0
GPPGLPGPPGPPGIPGENGVPGLPG,25,0.925,0,1.0,1.0,0.625,0.36,0.4,Ovis_aries_collagen_like_alpha_2_example,168,0
GIPGENGVPGLPGPPGPPGLPGPPG,25,0.925,0,1.0,1.0,0.625,0.36,0.4,Ovis_aries_collagen_like_alpha_2_example,180,0
GPPGPPGLPGPPGPPGIPGENGVPG,25,0.9375000000000001,0,1.0,1.0,0.6875,0.36,0.44,Ovis_aries_collagen_like_alpha_2_example,192,0
LSHASKGQAGVMGFPGPKGAAGEPGK,26,0.6555555555555554,0,0.7777777777777778,0.75,0.1875,0.2692307692307692,0.11538461538461539,Ovis_aries_collagen_like_alpha_2_example,12,0
GFPGPKGAAGEPGKAGERGVPGPPGA,26,0.8750000000000001,0,1.0,1.0,0.375,0.34615384615384615,0.23076923076923078,Ovis_aries_collagen_like_alpha_2_example,24,0
GKAGERGVPGPPGAVGPAGKDGEAGA,26,0.8500000000000001,0,1.0,1.0,0.25,0.34615384615384615,0.15384615384615385,Ovis_aries_collagen_like_alpha_2_example,36,0
GAVGPAGKDGEAGAQGPPGPPGPPGP,26,0.8875000000000001,0,1.0,1.0,0.4375,0.34615384615384615,0.3076923076923077,Ovis_aries_collagen_like_alpha_2_example,48,0
GIPGQPGLPGPPGPPGIPGENGVPGL,26,0.9125000000000001,0,1.0,1.0,0.5625,0.34615384615384615,0.34615384615384615,Ovis_aries_collagen_like_alpha_2_example,84,0
GPPGIPGENGVPGLPGPPGPPGLPGP,26,0.925,0,1.0,1.0,0.625,0.34615384615384615,0.4230769230769231,Ovis_aries_collagen_like_alpha_2_example,96,0
GLPGPPGPPGLPGPPGPPGIPGENGV,26,0.9375000000000001,0,1.0,1.0,0.6875,0.34615384615384615,0.4230769230769231,Ovis_aries_collagen_like_alpha_2_example,108,0
GPPGPPGIPGENGVPGLPGPPGPPGL,26,0.9375000000000001,0,1.0,1.0,0.6875,0.34615384615384615,0.4230769230769231,Ovis_aries_collagen_like_alpha_2_example,120,0
GLPGPPGPPGIPGENGVPGLPGPPGP,26,0.925,0,1.0,1.0,0.625,0.34615384615384615,0.4230769230769231,Ovis_aries_collagen_like_alpha_2_example,144,0
GENGVPGLPGPPGPPGLPGPPGPPGI,26,0.9375000000000001,0,1.0,1.0,0.6875,0.34615384615384615,0.4230769230769231,Ovis_aries_collagen_like_alpha_2_example,156,0
GPPGLPGPPGPPGIPGENGVPGLPGP,26,0.925,0,1.0,1.0,0.625,0.34615384615384615,0.4230769230769231,Ovis_aries_collagen_like_alpha_2_example,168,0
GIPGENGVPGLPGPPGPPGLPGPPGP,26,0.925,0,1.0,1.0,0.625,0.34615384615384615,0.4230769230769231,Ovis_aries_collagen_like_alpha_2_example,180,0
GPPGPPGLPGPPGPPGIPGENGVPGL,26,0.9375000000000001,0,1.0,1.0,0.6875,0.34615384615384615,0.4230769230769231,Ovis_aries_collagen_like_alpha_2_example,192,0
LSHASKGQAGVMGFPGPKGAAGEPGKA,27,0.6555555555555556,0,0.7777777777777778,0.7777777777777778,0.16666666666666666,0.25925925925925924,0.1111111111111111,Ovis_aries_collagen_like_alpha_2_example,12,0
GFPGPKGAAGEPGKAGERGVPGPPGAV,27,0.8666666666666667,0,1.0,1.0,0.3333333333333333,0.3333333333333333,0.2222222222222222,Ovis_aries_collagen_like_alpha_2_example,24,0
GKAGERGVPGPPGAVGPAGKDGEAGAQ,27,0.8444444444444444,0,1.0,1.0,0.2222222222222222,0.3333333333333333,0.14814814814814814,Ovis_aries_collagen_like_alpha_2_example,36,0
GAVGPAGKDGEAGAQGPPGPPGPPGPP,27,0.9,0,1.0,1.0,0.5,0.3333333333333333,0.3333333333333333,Ovis_aries_collagen_like_alpha_2_example,48,0
GIPGQPGLPGPPGPPGIPGENGVPGLP,27,0.9111111111111112,0,1.0,1.0,0.5555555555555556,0.3333333333333333,0.37037037037037035,Ovis_aries_collagen_like_alpha_2_example,84,0
GPPGIPGENGVPGLPGPPGPPGLPGPP,27,0.9333333333333333,0,1.0,1.0,0.6666666666666666,0.3333333333333333,0.4444444444444444,Ovis_aries_collagen_like_alpha_2_example,96,0
GLPGPPGPPGLPGPPGPPGIPGENGVP,27,0.9333333333333333,0,1.0,1.0,0.6666666666666666,0.3333333333333333,0.4444444444444444,Ovis_aries_collagen_like_alpha_2_example,108,0
GPPGPPGIPGENGVPGLPGPPGPPGLP,27,0.9333333333333333,0,1.0,1.0,0.6666666666666666,0.3333333333333333,0.4444444444444444,Ovis_aries_collagen_like_alpha_2_example,120,0
GVPGLPGPPGPPGLPGPPGPPGIPGEN,27,0.9333333333333333,0,1.0,1.0,0.6666666666666666,0.3333333333333333,0.4444444444444444,Ovis_aries_collagen_like_alpha_2_example,132,0
GLPGPPGPPGIPGENGVPGLPGPPGPP,27,0.9333333333333333,0,1.0,1.0,0.6666666666666666,0.3333333333333333,0.4444444444444444,Ovis_aries_collagen_like_alpha_2_example,144,0
GENGVPGLPGPPGPPGLPGPPGPPGIP,27,0.9333333333333333,0,1.0,1.0,0.6666666666666666,0.3333333333333333,0.4444444444444444,Ovis_aries_collagen_like_alpha_2_example,156,0
GPPGLPGPPGPPGIPGENGVPGLPGPP,27,0.9333333333333333,0,1.0,1.0,0.6666666666666666,0.3333333333333333,0.4444444444444444,Ovis_aries_collagen_like_alpha_2_example,168,0
GIPGENGVPGLPGPPGPPGLPGPPGPP,27,0.9333333333333333,0,1.0,1.0,0.6666666666666666,0.3333333333333333,0.4444444444444444,Ovis_aries_collagen_like_alpha_2_example,180,0
GPPGPPGLPGPPGPPGIPGENGVPGLP,27,0.9333333333333333,0,1.0,1.0,0.6666666666666666,0.3333333333333333,0.4444444444444444,Ovis_aries_collagen_like_alpha_2_example,192,0
LSHASKGQAGVMGFPGPKGAAGEPGKAG,28,0.67,0,0.8,0.7777777777777778,0.16666666666666666,0.2857142857142857,0.10714285714285714,Ovis_aries_collagen_like_alpha_2_example,12,0
GFPGPKGAAGEPGKAGERGVPGPPGAVG,28,0.8666666666666667,0,1.0,1.0,0.3333333333333333,0.35714285714285715,0.21428571428571427,Ovis_aries_collagen_like_alpha_2_example,24,0
GKAGERGVPGPPGAVGPAGKDGEAGAQG,28,0.8444444444444444,0,1.0,1.0,0.2222222222222222,0.35714285714285715,0.14285714285714285,Ovis_aries_collagen_like_alpha_2_example,36,0
GAVGPAGKDGEAGAQGPPGPPGPPGPPG,28,0.9,0,1.0,1.0,0.5,0.35714285714285715,0.32142857142857145,Ovis_aries_collagen_like_alpha_2_example,48,0
GIPGQPGLPGPPGPPGIPGENGVPGLPG,28,0.9111111111111112,0,1.0,1.0,0.5555555555555556,0.35714285714285715,0.35714285714285715,Ovis_aries_collagen_like_alpha_2_example,84,0
GPPGIPGENGVPGLPGPPGPPGLPGPPG,28,0.9333333333333333,0,1.0,1.0,0.6666666666666666,0.35714285714285715,0.42857142857142855,Ovis_aries_collagen_like_alpha_2_example,96,0
GLPGPPGPPGLPGPPGPPGIPGENGVPG,28,0.9333333333333333,0,1.0,1.0,0.6666666666666666,0.35714285714285715,0.42857142857142855,Ovis_aries_collagen_like_alpha_2_example,108,0
GPPGPPGIPGENGVPGLPGPPGPPGLPG,28,0.9333333333333333,0,1.0,1.0,0.6666666666666666,0.35714285714285715,0.42857142857142855,Ovis_aries_collagen_like_alpha_2_example,120,0
GVPGLPGPPGPPGLPGPPGPPGIPGENG,28,0.9333333333333333,0,1.0,1.0,0.6666666666666666,0.35714285714285715,0.42857142857142855,Ovis_aries_collagen_like_alpha_2_example,132,0
GLPGPPGPPGIPGENGVPGLPGPPGPPG,28,0.9333333333333333,0,1.0,1.0,0.6666666666666666,0.35714285714285715,0.42857142857142855,Ovis_aries_collagen_like_alpha_2_example,144,0
GENGVPGLPGPPGPPGLPGPPGPPGIPG,28,0.9333333333333333,0,1.0,1.0,0.6666666666666666,0.35714285714285715,0.42857142857142855,Ovis_aries_collagen_like_alpha_2_example,156,0
GPPGLPGPPGPPGIPGENGVPGLPGPPG,28,0.9333333333333333,0,1.0,1.0,0.6666666666666666,0.35714285714285715,0.42857142857142855,Ovis_aries_collagen_like_alpha_2_example,168,0
GIPGENGVPGLPGPPGPPGLPGPPGPPG,28,0.9333333333333333,0,1.0,1.0,0.6666666666666666,0.35714285714285715,0.42857142857142855,Ovis_aries_collagen_like_alpha_2_example,180,0
GPPGPPGLPGPPGPPGIPGENGVPGLPG,28,0.9333333333333333,0,1.0,1.0,0.6666666666666666,0.35714285714285715,0.42857142857142855,Ovis_aries_collagen_like_alpha_2_example,192,0
LSHASKGQAGVMGFPGPKGAAGEPGKAGE,29,0.67,0,0.8,0.7777777777777778,0.16666666666666666,0.27586206896551724,0.10344827586206896,Ovis_aries_collagen_like_alpha_2_example,12,0
GFPGPKGAAGEPGKAGERGVPGPPGAVGP,29,0.8666666666666667,0,1.0,1.0,0.3333333333333333,0.3448275862068966,0.2413793103448276,Ovis_aries_collagen_like_alpha_2_example,24,0
GKAGERGVPGPPGAVGPAGKDGEAGAQGP,29,0.8444444444444444,0,1.0,1.0,0.2222222222222222,0.3448275862068966,0.1724137931034483,Ovis_aries_collagen_like_alpha_2_example,36,0
GAVGPAGKDGEAGAQGPPGPPGPPGPPGL,29,0.9,0,1.0,1.0,0.5,0.3448275862068966,0.3103448275862069,Ovis_aries_collagen_like_alpha_2_example,48,0
GIPGQPGLPGPPGPPGIPGENGVPGLPGP,29,0.9111111111111112,0,1.0,1.0,0.5555555555555556,0.3448275862068966,0.3793103448275862,Ovis_aries_collagen_like_alpha_2_example,84,0
LSHASKGQAGVMGFPGPKGAAGEPGKAGER,30,0.67,0,0.8,0.8,0.15,0.26666666666666666,0.1,Ovis_aries_collagen_like_alpha_2_example,12,0
GFPGPKGAAGEPGKAGERGVPGPPGAVGPA,30,0.87,0,1.0,1.0,0.35,0.3333333333333333,0.23333333333333334,Ovis_aries_collagen_like_alpha_2_example,24,0
GKAGERGVPGPPGAVGPAGKDGEAGAQGPP,30,0.86,0,1.0,1.0,0.3,0.3333333333333333,0.2,Ovis_aries_collagen_like_alpha_2_example,36,0
GAVGPAGKDGEAGAQGPPGPPGPPGPPGLP,30,0.9,0,1.0,1.0,0.5,0.3333333333333333,0.3333333333333333,Ovis_aries_collagen_like_alpha_2_example,48,0
GIPGQPGLPGPPGPPGIPGENGVPGLPGPP,30,0.92,0,1.0,1.0,0.6,0.3333333333333333,0.4,Ovis_aries_collagen_like_alpha_2_example,84,0
