sequence,source_file,label,source_class,toxicity_label,length,collagen_motif_score,collagen_gxy_frame,glycine_frame_fraction,gxy_triplet_fraction,xy_proline_fraction,glycine_fraction,proline_fraction
ILGPVLGLVGSALGGLLKKI,amp_all_clean.csv,1,amp,0,20,0.2833333333333333,2,0.3333333333333333,0.3333333333333333,0.08333333333333333,0.25,0.05
GFCRCVCRRGVCRCVCTR,amp_all_clean.csv,1,amp,1,18,0.26666666666666666,0,0.3333333333333333,0.3333333333333333,0.0,0.1111111111111111,0.0
GVCRCVCRRGVCRCVCRR,amp_all_clean.csv,1,amp,1,18,0.26666666666666666,0,0.3333333333333333,0.3333333333333333,0.0,0.1111111111111111,0.0
GGKPDLRPCHPPCHYIPRPKPR,amp_all_clean.csv,1,amp,0,22,0.17410714285714288,0,0.125,0.14285714285714285,0.35714285714285715,0.09090909090909091,0.3181818181818182
GLFSVLGAVAKHVLPHVVPVIAEK,amp_all_clean.csv,1,amp,0,24,0.21250000000000002,0,0.25,0.25,0.0625,0.08333333333333333,0.08333333333333333
TCESPSHKFKGPCATNRNCES,amp_all_clean.csv,1,amp,1,21,0.13452380952380952,1,0.14285714285714285,0.16666666666666666,0.08333333333333333,0.047619047619047616,0.09523809523809523
MFFSSKKCKTVSKTFRGPCVRNAN,amp_all_clean.csv,1,amp,0,24,0.11696428571428572,1,0.125,0.14285714285714285,0.07142857142857142,0.041666666666666664,0.041666666666666664
GLMDTVKNAAKNLAGQMLDKLKCKITGSC,amp_all_clean.csv,1,amp,0,29,0.17777777777777776,2,0.2222222222222222,0.2222222222222222,0.0,0.10344827586206896,0.0
RFGRFLRKIRRFRPKVTITIQGSARFG,amp_all_clean.csv,1,amp,1,27,0.17569444444444443,2,0.2222222222222222,0.125,0.0625,0.1111111111111111,0.037037037037037035
LLGDFFRKSKEKIGKEFKRIVQRIKDFLR,amp_all_clean.csv,1,amp,0,29,0.08888888888888888,2,0.1111111111111111,0.1111111111111111,0.0,0.06896551724137931,0.0
FFPNVASVPGQVLLKKIFCAISKKC,amp_all_clean.csv,1,amp,0,25,0.11597222222222221,0,0.1111111111111111,0.125,0.125,0.04,0.08
GWFKKAWRKVKNAGRRVLKGVGIHYGVGLI,amp_all_clean.csv,1,amp,1,30,0.245,1,0.3,0.3333333333333333,0.0,0.2,0.0
GLWQLIKDKIKDAATGFVTGIQS,amp_all_clean.csv,1,amp,0,23,0.20535714285714285,0,0.25,0.2857142857142857,0.0,0.13043478260869565,0.0
GLWQFIKDKLKDAATGLVTGIQS,amp_all_clean.csv,1,amp,0,23,0.20535714285714285,0,0.25,0.2857142857142857,0.0,0.13043478260869565,0.0
GLWQFIKDKFKDAATGLVTGIQS,amp_all_clean.csv,1,amp,0,23,0.20535714285714285,0,0.25,0.2857142857142857,0.0,0.13043478260869565,0.0
GLLGSIGNAIGAFIANKLKP,amp_all_clean.csv,1,amp,0,20,0.3535714285714286,0,0.42857142857142855,0.5,0.0,0.2,0.05
GLLGSIGNAIGAFIANKLKPK,amp_all_clean.csv,1,amp,0,21,0.35714285714285715,0,0.42857142857142855,0.42857142857142855,0.07142857142857142,0.19047619047619047,0.047619047619047616
GLLASLGKVLGGYLAEKLKP,amp_all_clean.csv,1,amp,0,20,0.2357142857142857,0,0.2857142857142857,0.3333333333333333,0.0,0.2,0.05
GLLGSIGKVLGGYLAEKLKPK,amp_all_clean.csv,1,amp,0,21,0.35714285714285715,0,0.42857142857142855,0.42857142857142855,0.07142857142857142,0.23809523809523808,0.047619047619047616
GLLASLGKVLGGYLAEKLKPK,amp_all_clean.csv,1,amp,0,21,0.24285714285714285,0,0.2857142857142857,0.2857142857142857,0.07142857142857142,0.19047619047619047,0.047619047619047616
GLLASLGKVFGGYLAEKLKPK,amp_all_clean.csv,1,amp,0,21,0.24285714285714285,0,0.2857142857142857,0.2857142857142857,0.07142857142857142,0.19047619047619047,0.047619047619047616
NVGVLNPPPLV,amp_all_clean.csv,1,amp,0,11,0.3333333333333333,2,0.3333333333333333,0.3333333333333333,0.3333333333333333,0.09090909090909091,0.2727272727272727
GLFDIVGKLLGGLGL,amp_all_clean.csv,1,amp,0,15,0.32,0,0.4,0.4,0.0,0.3333333333333333,0.0
GWKSVFRKAKKVGKTVGGLALDHYL,amp_all_clean.csv,1,amp,0,25,0.18194444444444444,0,0.2222222222222222,0.25,0.0,0.16,0.0
GWKKWFNRAKKVGKTVGGLAVDHYL,amp_all_clean.csv,1,amp,0,25,0.18194444444444444,0,0.2222222222222222,0.25,0.0,0.16,0.0
GWRLLLKKAEVKTVGKLALKHYL,amp_all_clean.csv,1,amp,0,23,0.11428571428571428,2,0.14285714285714285,0.14285714285714285,0.0,0.08695652173913043,0.0
ILGPVLGMVGSALGGLLKKI,amp_all_clean.csv,1,amp,0,20,0.2833333333333333,2,0.3333333333333333,0.3333333333333333,0.08333333333333333,0.25,0.05
GFCRCVCTRGFCRCVCTR,amp_all_clean.csv,1,amp,1,18,0.26666666666666666,0,0.3333333333333333,0.3333333333333333,0.0,0.1111111111111111,0.0
FAEPLPSEEEGESYSKEPPEMEKRYGGFM,amp_all_clean.csv,1,amp,0,29,0.20777777777777778,1,0.2,0.2222222222222222,0.2222222222222222,0.10344827586206896,0.13793103448275862
FLPLIGKILGTIL,amp_all_clean.csv,1,amp,0,13,0.2125,2,0.25,0.3333333333333333,0.0,0.15384615384615385,0.07692307692307693
GICRCVCTRGFCRCICLL,amp_all_clean.csv,1,amp,1,18,0.26666666666666666,0,0.3333333333333333,0.3333333333333333,0.0,0.1111111111111111,0.0
GFCRCFCRRGVCRCVCTR,amp_all_clean.csv,1,amp,1,18,0.26666666666666666,0,0.3333333333333333,0.3333333333333333,0.0,0.1111111111111111,0.0
LSPNLLKSLL,amp_all_clean.csv,1,amp,0,10,0.03333333333333333,0,0.0,0.0,0.16666666666666666,0.0,0.1
APPGARPPPGPPPPGPPPPGP,amp_all_clean.csv,1,amp,0,21,0.3714285714285715,0,0.2857142857142857,0.2857142857142857,0.7142857142857143,0.19047619047619047,0.6666666666666666
IDWKKVDWKKVSKKTCKVMLKACKFLG,amp_all_clean.csv,1,amp,0,27,0.07222222222222222,2,0.1111111111111111,0.0,0.0,0.037037037037037035,0.0
LIGLVSKGTCVLVKTVCKKVLKQ,amp_all_clean.csv,1,amp,0,23,0.11428571428571428,2,0.14285714285714285,0.14285714285714285,0.0,0.08695652173913043,0.0
FLPIVTNLLSGLL,amp_all_clean.csv,1,amp,0,13,0.225,1,0.25,0.25,0.125,0.07692307692307693,0.07692307692307693
FLSHIAGFLSNLF,amp_all_clean.csv,1,amp,0,13,0.1675,0,0.2,0.25,0.0,0.07692307692307693,0.0
FLSLIPHIVSGVAALAKHL,amp_all_clean.csv,1,amp,0,19,0.15,1,0.16666666666666666,0.16666666666666666,0.08333333333333333,0.05263157894736842,0.05263157894736842
GLVTSLIKGAGKLLGGLFGSVTG,amp_all_clean.csv,1,amp,0,23,0.3080357142857143,0,0.375,0.42857142857142855,0.0,0.30434782608695654,0.0
DFGFDIPDEV,amp_all_clean.csv,1,amp,0,10,0.3416666666666667,2,0.3333333333333333,0.5,0.25,0.1,0.1
RNCESLSHRFKGPCTRDSN,amp_all_clean.csv,1,amp,0,19,0.15833333333333335,2,0.16666666666666666,0.2,0.1,0.05263157894736842,0.05263157894736842
GIFSNMYARTPAGYFRGPAGYAAN,amp_all_clean.csv,1,amp,0,24,0.225,0,0.25,0.25,0.125,0.16666666666666666,0.08333333333333333
ISLEICAIFHDN,amp_all_clean.csv,1,amp,0,12,0.0,0,0.0,0.0,0.0,0.0,0.0
FLPIVGKSLSGLSGKL,amp_all_clean.csv,1,amp,0,16,0.34,1,0.4,0.4,0.1,0.1875,0.0625
KSWSLCTPGCARTGSFNSYCC,amp_all_clean.csv,1,amp,1,21,0.13452380952380952,2,0.14285714285714285,0.16666666666666666,0.08333333333333333,0.09523809523809523,0.047619047619047616
DWTAWSALVAAACSVELL,amp_all_clean.csv,1,amp,0,18,0.0,0,0.0,0.0,0.0,0.0,0.0
YGNGVFSVIK,amp_all_clean.csv,1,amp,0,10,0.26666666666666666,1,0.3333333333333333,0.3333333333333333,0.0,0.2,0.0
GVSKILHSAGKFGKAFLGEINKS,amp_all_clean.csv,1,amp,0,23,0.3080357142857143,0,0.375,0.42857142857142855,0.0,0.17391304347826086,0.0
GKYGFYTHVFRLKKWIQKVIDQFGE,amp_all_clean.csv,1,amp,0,25,0.18194444444444444,0,0.2222222222222222,0.25,0.0,0.12,0.0
GLPVCGETCVGGTCNTPGCSCSRPVCTAN,amp_all_clean.csv,1,amp,1,29,0.2777777777777778,2,0.3333333333333333,0.3333333333333333,0.05555555555555555,0.1724137931034483,0.10344827586206896
NKLAYNMGHYAGKATIFGLAAWALLA,amp_all_clean.csv,1,amp,0,26,0.2,2,0.25,0.25,0.0,0.11538461538461539,0.0
FNRGGYNFGKSVRHVVDAIGSVAGILKSIR,amp_all_clean.csv,1,amp,0,30,0.16333333333333333,1,0.2,0.2222222222222222,0.0,0.16666666666666666,0.0
TPFKLSLHL,amp_all_clean.csv,1,amp,0,9,0.03333333333333333,0,0.0,0.0,0.16666666666666666,0.0,0.1111111111111111
EPFKLSLHL,amp_all_clean.csv,1,amp,0,9,0.03333333333333333,0,0.0,0.0,0.16666666666666666,0.0,0.1111111111111111
QKKPPRPPQWAVGHFM,amp_all_clean.csv,1,amp,0,16,0.17833333333333334,0,0.16666666666666666,0.2,0.2,0.0625,0.25
GLLDFAKHVIGIASKL,amp_all_clean.csv,1,amp,0,16,0.16,1,0.2,0.2,0.0,0.125,0.0
GILDTIKNAAKTVAVGLLEKIKCKMTGC,amp_all_clean.csv,1,amp,0,28,0.16333333333333333,0,0.2,0.2222222222222222,0.0,0.10714285714285714,0.0
GFMDTAKNVAKNVAVTLIDNLKCKITKAC,amp_all_clean.csv,1,amp,0,29,0.08166666666666667,0,0.1,0.1111111111111111,0.0,0.034482758620689655,0.0
GIFGKILGVGKKVLCGLSGWC,amp_all_clean.csv,1,amp,0,21,0.5714285714285714,0,0.7142857142857143,0.7142857142857143,0.0,0.2857142857142857,0.0
ATAVDFGPHGLLPIRPIRIRPLCGKDKS,amp_all_clean.csv,1,amp,0,28,0.18555555555555556,0,0.2,0.2222222222222222,0.1111111111111111,0.10714285714285714,0.14285714285714285
GLFGKSSVVGRKYYVDLAGCAKA,amp_all_clean.csv,1,amp,0,23,0.4107142857142857,0,0.5,0.5714285714285714,0.0,0.17391304347826086,0.0
GLLSGILGAGKHIVCGLSGLK,amp_all_clean.csv,1,amp,0,21,0.45714285714285713,0,0.5714285714285714,0.5714285714285714,0.0,0.2857142857142857,0.0
FLSLLPSIVSGAVSLAKKL,amp_all_clean.csv,1,amp,0,19,0.15,1,0.16666666666666666,0.16666666666666666,0.08333333333333333,0.05263157894736842,0.05263157894736842
GLWSTIKNVGKEAAIAAGKAALGALGEQ,amp_all_clean.csv,1,amp,0,28,0.17777777777777776,1,0.2222222222222222,0.2222222222222222,0.0,0.17857142857142858,0.0
GLWSTIKNVGKEAAIAAGKAVLGSLGEQ,amp_all_clean.csv,1,amp,0,28,0.17777777777777776,1,0.2222222222222222,0.2222222222222222,0.0,0.17857142857142858,0.0
YQEPVLGPVRGPFPI,amp_all_clean.csv,1,amp,0,15,0.22,0,0.2,0.2,0.3,0.13333333333333333,0.26666666666666666
GIMDSVKGVAKNLAAKLLEKLKCKITGC,amp_all_clean.csv,1,amp,0,28,0.08888888888888888,1,0.1111111111111111,0.1111111111111111,0.0,0.10714285714285714,0.0
QLYENKPRRPYIL,amp_all_clean.csv,1,amp,0,13,0.06666666666666667,2,0.0,0.0,0.3333333333333333,0.0,0.15384615384615385
ECWMDGHCRLLCKDGEDSIIRCRNRKRCC,amp_all_clean.csv,1,amp,1,29,0.17777777777777776,2,0.2222222222222222,0.2222222222222222,0.0,0.06896551724137931,0.0
GHHPHGHHPHGHHPHGHHHPH,amp_all_clean.csv,1,amp,1,21,0.27142857142857146,0,0.2857142857142857,0.2857142857142857,0.21428571428571427,0.19047619047619047,0.19047619047619047
FFSLLPSLIGGLVSAIK,amp_all_clean.csv,1,amp,0,17,0.15833333333333335,0,0.16666666666666666,0.2,0.1,0.11764705882352941,0.058823529411764705
FLLFPLMCKIQGKC,amp_all_clean.csv,1,amp,0,14,0.225,2,0.25,0.25,0.125,0.07142857142857142,0.07142857142857142
FVLPLVMCKILRKC,amp_all_clean.csv,1,amp,0,14,0.025,1,0.0,0.0,0.125,0.0,0.07142857142857142
ITCQQVTSELGPCVPYLTGQGIP,amp_all_clean.csv,1,amp,0,23,0.13125,0,0.125,0.14285714285714285,0.14285714285714285,0.13043478260869565,0.13043478260869565
ILGIITSLLKSLGKK,amp_all_clean.csv,1,amp,0,15,0.1675,2,0.2,0.25,0.0,0.13333333333333333,0.0
DTHFPICIFCCGCCRKGTCGMCCRT,amp_all_clean.csv,1,amp,1,25,0.2,1,0.25,0.25,0.0,0.12,0.04
QKLCERPSGTWSGVCGNNNACKNQCIR,amp_all_clean.csv,1,amp,1,27,0.17777777777777776,0,0.2222222222222222,0.2222222222222222,0.0,0.1111111111111111,0.037037037037037035
QKLCERPSGTWSGVCGNNNACKNQCINLEK,amp_all_clean.csv,1,amp,1,30,0.16,0,0.2,0.2,0.0,0.1,0.03333333333333333
GIGTKILGGVKAALKGALKELASTYVN,amp_all_clean.csv,1,amp,0,27,0.18194444444444444,2,0.2222222222222222,0.25,0.0,0.18518518518518517,0.0
GIGTKFLGGVKTALKGALKELASTYVN,amp_all_clean.csv,1,amp,0,27,0.18194444444444444,2,0.2222222222222222,0.25,0.0,0.18518518518518517,0.0
GIGGALLSAGKSALKGLAKGLAEHF,amp_all_clean.csv,1,amp,0,25,0.3638888888888889,0,0.4444444444444444,0.5,0.0,0.24,0.0
GIGGKILGGLKTALKGAAKELASTYLH,amp_all_clean.csv,1,amp,0,27,0.26666666666666666,0,0.3333333333333333,0.3333333333333333,0.0,0.2222222222222222,0.0
GIGTKFLGGVKTALKGALKELAFTYVN,amp_all_clean.csv,1,amp,0,27,0.18194444444444444,2,0.2222222222222222,0.25,0.0,0.18518518518518517,0.0
GIGGALLSVGKSALKGLTKGLAEHF,amp_all_clean.csv,1,amp,0,25,0.3638888888888889,0,0.4444444444444444,0.5,0.0,0.24,0.0
GIGGKILGGLRTALKGAAKELAATYLH,amp_all_clean.csv,1,amp,0,27,0.26666666666666666,0,0.3333333333333333,0.3333333333333333,0.0,0.2222222222222222,0.0
ILGPVLGLVGNALGGLIKKL,amp_all_clean.csv,1,amp,0,20,0.2833333333333333,2,0.3333333333333333,0.3333333333333333,0.08333333333333333,0.25,0.05
GIGGVLLSAGKAALKGLTKVLAEKYAN,amp_all_clean.csv,1,amp,0,27,0.3555555555555555,0,0.4444444444444444,0.4444444444444444,0.0,0.18518518518518517,0.0
GIGGVLLGAGKATLKGLAKVLAEKYAN,amp_all_clean.csv,1,amp,0,27,0.3555555555555555,0,0.4444444444444444,0.4444444444444444,0.0,0.2222222222222222,0.0
GIGGALLSAGKAALKGLAKVLV,amp_all_clean.csv,1,amp,0,22,0.4107142857142857,0,0.5,0.5714285714285714,0.0,0.22727272727272727,0.0
SIGAKILGGVKTFFKGALKELAFTYLQ,amp_all_clean.csv,1,amp,0,27,0.18194444444444444,2,0.2222222222222222,0.25,0.0,0.14814814814814814,0.0
GIGGALLSAGKSALKGLAKGLAEHL,amp_all_clean.csv,1,amp,0,25,0.3638888888888889,0,0.4444444444444444,0.5,0.0,0.24,0.0
GIGGALLSVGKLALKGLANVLADKFAN,amp_all_clean.csv,1,amp,0,27,0.3555555555555555,0,0.4444444444444444,0.4444444444444444,0.0,0.18518518518518517,0.0
FLPGVLRLVTKVGPAVVCAITRNC,amp_all_clean.csv,1,amp,0,24,0.225,0,0.25,0.25,0.125,0.08333333333333333,0.08333333333333333
RPWAGNGSVHRYTVLSPRLKTQ,amp_all_clean.csv,1,amp,0,22,0.13125,0,0.125,0.14285714285714285,0.14285714285714285,0.09090909090909091,0.09090909090909091
GTGLPMSERRKIMLMMR,amp_all_clean.csv,1,amp,0,17,0.18000000000000002,2,0.2,0.2,0.1,0.11764705882352941,0.058823529411764705
YGQSTHAVIYAQGYTYSSDWR,amp_all_clean.csv,1,amp,0,21,0.11785714285714285,1,0.14285714285714285,0.16666666666666666,0.0,0.09523809523809523,0.0
KQIMTQFFNFARSPAVKD,amp_all_clean.csv,1,amp,0,18,0.020000000000000004,2,0.0,0.0,0.1,0.0,0.05555555555555555
GFLGPLLKLGLKGVAKVIPHLIPSRQQ,amp_all_clean.csv,1,amp,0,27,0.3777777777777777,0,0.4444444444444444,0.4444444444444444,0.1111111111111111,0.14814814814814814,0.1111111111111111
GLFLDTLKKFAKAGMEAVINPK,amp_all_clean.csv,1,amp,0,22,0.1285714285714286,1,0.14285714285714285,0.14285714285714285,0.07142857142857142,0.09090909090909091,0.045454545454545456
GFWTTAAEGLKKFAKAGLASILNPK,amp_all_clean.csv,1,amp,0,25,0.1125,1,0.125,0.125,0.0625,0.12,0.04
GVWTTILGGLKKFAKGGLEALTNPK,amp_all_clean.csv,1,amp,0,25,0.21250000000000002,1,0.25,0.25,0.0625,0.2,0.04
FLSTLLKVAFKVVPTLFCPITKKC,amp_all_clean.csv,1,amp,0,24,0.02857142857142857,2,0.0,0.0,0.14285714285714285,0.0,0.08333333333333333
FLGLIFHGLVHAGKLIHGLIHRNR,amp_all_clean.csv,1,amp,0,24,0.20535714285714285,2,0.25,0.2857142857142857,0.0,0.16666666666666666,0.0
FAHWPDLGPGSPSVKKHGKVIM,amp_all_clean.csv,1,amp,0,22,0.1455357142857143,0,0.125,0.14285714285714285,0.21428571428571427,0.13636363636363635,0.13636363636363635
FFHHIFRGIVHVGKTIHKLVTGT,amp_all_clean.csv,1,amp,0,23,0.18392857142857144,0,0.25,0.14285714285714285,0.0,0.13043478260869565,0.0
FFHHIFRGIVHVGKTIHRLVTGT,amp_all_clean.csv,1,amp,0,23,0.18392857142857144,0,0.25,0.14285714285714285,0.0,0.13043478260869565,0.0
FFPLLFGALSSMMPKLF,amp_all_clean.csv,1,amp,0,17,0.17833333333333334,0,0.16666666666666666,0.2,0.2,0.058823529411764705,0.11764705882352941
FIGPVLKMATSILPTAICKGFKKC,amp_all_clean.csv,1,amp,0,24,0.13125,2,0.125,0.14285714285714285,0.14285714285714285,0.08333333333333333,0.08333333333333333
FLGPIIKMATGILPTAICKGLKKC,amp_all_clean.csv,1,amp,0,24,0.21964285714285714,1,0.25,0.2857142857142857,0.07142857142857142,0.125,0.08333333333333333
GLMDTVKNAAKNLAGQLLDRLKCKITGC,amp_all_clean.csv,1,amp,0,28,0.16319444444444442,2,0.2222222222222222,0.125,0.0,0.10714285714285714,0.0
GLMDTIKGVAKNVAASLLEKLKCKVTGC,amp_all_clean.csv,1,amp,0,28,0.08888888888888888,1,0.1111111111111111,0.1111111111111111,0.0,0.10714285714285714,0.0
FIHHIIGWISHGVRAIHRAIH,amp_all_clean.csv,1,amp,0,21,0.11785714285714285,2,0.14285714285714285,0.16666666666666666,0.0,0.09523809523809523,0.0
FIHHIIGGLFSVGKHIHGLIHGH,amp_all_clean.csv,1,amp,0,23,0.2866071428571429,0,0.375,0.2857142857142857,0.0,0.21739130434782608,0.0
LLRHVVKILEKYL,amp_all_clean.csv,1,amp,0,13,0.0,0,0.0,0.0,0.0,0.0,0.0
FFGHLYRGITSVVKHVHGLLSG,amp_all_clean.csv,1,amp,0,22,0.2357142857142857,2,0.2857142857142857,0.3333333333333333,0.0,0.18181818181818182,0.0
KIKIPWGKVKDFLVGGMKAV,amp_all_clean.csv,1,amp,0,20,0.2523809523809524,0,0.2857142857142857,0.3333333333333333,0.08333333333333333,0.15,0.05
LVPLFLSKLICFITKKC,amp_all_clean.csv,1,amp,0,17,0.020000000000000004,0,0.0,0.0,0.1,0.0,0.058823529411764705
APAKCTPYCYPTHDGVFCGVRCDFQ,amp_all_clean.csv,1,amp,1,25,0.13125,2,0.125,0.14285714285714285,0.14285714285714285,0.08,0.12
LLGMIPVAISAISALSKL,amp_all_clean.csv,1,amp,0,18,0.13833333333333334,2,0.16666666666666666,0.2,0.0,0.05555555555555555,0.05555555555555555
LLGMIPLAISAISSLSKL,amp_all_clean.csv,1,amp,0,18,0.13833333333333334,2,0.16666666666666666,0.2,0.0,0.05555555555555555,0.05555555555555555
LDVKKIICVACKIKPNPACKKICPK,amp_all_clean.csv,1,amp,1,25,0.037500000000000006,0,0.0,0.0,0.1875,0.0,0.12
LDVKKIICVACKIRPNPACKKICPK,amp_all_clean.csv,1,amp,1,25,0.037500000000000006,0,0.0,0.0,0.1875,0.0,0.12
APAHRSSTFPKWVTKTERGRQPLRS,amp_all_clean.csv,1,amp,0,25,0.10347222222222222,0,0.1111111111111111,0.125,0.0625,0.04,0.12
KAYSMPRCKGGFRAVMCWL,amp_all_clean.csv,1,amp,0,19,0.15,1,0.16666666666666666,0.16666666666666666,0.08333333333333333,0.10526315789473684,0.05263157894736842
KAYSTPRCKGLFRALMCWL,amp_all_clean.csv,1,amp,0,19,0.13452380952380952,0,0.14285714285714285,0.16666666666666666,0.08333333333333333,0.05263157894736842,0.05263157894736842
KAYSMPRCKYLFRAVLCWL,amp_all_clean.csv,1,amp,0,19,0.016666666666666666,0,0.0,0.0,0.08333333333333333,0.0,0.05263157894736842
KIKFLKVLT,amp_all_clean.csv,1,amp,0,9,0.0,0,0.0,0.0,0.0,0.0,0.0
KTKKKLLKKT,amp_all_clean.csv,1,amp,0,10,0.0,0,0.0,0.0,0.0,0.0,0.0
FIPLVSGLFSRLL,amp_all_clean.csv,1,amp,0,13,0.1925,0,0.2,0.25,0.125,0.07692307692307693,0.07692307692307693
VIPIVSGLLSSLL,amp_all_clean.csv,1,amp,0,13,0.1925,0,0.2,0.25,0.125,0.07692307692307693,0.07692307692307693
GLLLDTVKGAAKNVAGILLNKLKCKMTGDC,amp_all_clean.csv,1,amp,0,30,0.24,0,0.3,0.3,0.0,0.13333333333333333,0.0
RAIGGGLSSVGGGSSTIKY,amp_all_clean.csv,1,amp,0,19,0.27666666666666667,2,0.3333333333333333,0.4,0.0,0.3157894736842105,0.0
KYALMKKIAELIPNLKSRQVK,amp_all_clean.csv,1,amp,0,21,0.016666666666666666,1,0.0,0.0,0.08333333333333333,0.0,0.047619047619047616
FISQIISTARI,amp_all_clean.csv,1,amp,0,11,0.0,0,0.0,0.0,0.0,0.0,0.0
RILTMTKRVKMPQLYKQIVCRLFKTC,amp_all_clean.csv,1,amp,0,26,0.0125,0,0.0,0.0,0.0625,0.0,0.038461538461538464
FFPFLLGALGSLLPKIF,amp_all_clean.csv,1,amp,0,17,0.3166666666666667,0,0.3333333333333333,0.4,0.2,0.11764705882352941,0.11764705882352941
FITGLIGGLMKAL,amp_all_clean.csv,1,amp,0,13,0.335,0,0.4,0.5,0.0,0.23076923076923078,0.0
FISGLIGGLMKAL,amp_all_clean.csv,1,amp,0,13,0.335,0,0.4,0.5,0.0,0.23076923076923078,0.0
FITGLISGLMKAL,amp_all_clean.csv,1,amp,0,13,0.2,1,0.25,0.25,0.0,0.15384615384615385,0.0
GAFGDLLKGVAKEAGLKLLNMAQCKLSGNC,amp_all_clean.csv,1,amp,0,30,0.24,0,0.3,0.3,0.0,0.16666666666666666,0.0
FLPAVLKVAAHILPTAICAISRRC,amp_all_clean.csv,1,amp,0,24,0.025,0,0.0,0.0,0.125,0.0,0.08333333333333333
FMGTALKIAANVLPAAFCKIFKKC,amp_all_clean.csv,1,amp,0,24,0.11696428571428572,2,0.125,0.14285714285714285,0.07142857142857142,0.041666666666666664,0.041666666666666664
GAFGNLLKGVAKKAGLKILSIAQCKLSGTC,amp_all_clean.csv,1,amp,0,30,0.24,0,0.3,0.3,0.0,0.16666666666666666,0.0
SLFGTFAKMALKGASKLIPHLLPSRQQ,amp_all_clean.csv,1,amp,0,27,0.18888888888888886,0,0.2222222222222222,0.2222222222222222,0.05555555555555555,0.07407407407407407,0.07407407407407407
GVFGLLAKAALKGASKLIPHLLPSRQQ,amp_all_clean.csv,1,amp,0,27,0.2777777777777778,0,0.3333333333333333,0.3333333333333333,0.05555555555555555,0.1111111111111111,0.07407407407407407
KLGFENFLVKALKTVMHVPTSPLL,amp_all_clean.csv,1,amp,0,24,0.13125,2,0.125,0.14285714285714285,0.14285714285714285,0.041666666666666664,0.08333333333333333
GWASSIGSILGKFAKGGAQAFLQPK,amp_all_clean.csv,1,amp,0,25,0.28541666666666665,0,0.3333333333333333,0.375,0.0625,0.2,0.04
GWLPTFGKILRKAMQLGPKLIQPI,amp_all_clean.csv,1,amp,0,24,0.225,0,0.25,0.25,0.125,0.125,0.125
GVWSTILGGLKKFAKGGLDAIVNPK,amp_all_clean.csv,1,amp,0,25,0.21250000000000002,1,0.25,0.25,0.0625,0.2,0.04
GLLSNVAGLLKQFAKGGVNAVLNPK,amp_all_clean.csv,1,amp,0,25,0.21250000000000002,1,0.25,0.25,0.0625,0.16,0.04
GFMSKVANFAKKFAKGGVNAIMNQK,amp_all_clean.csv,1,amp,0,25,0.18194444444444444,0,0.2222222222222222,0.25,0.0,0.12,0.0
FIGALLRPALKLLAGK,amp_all_clean.csv,1,amp,0,16,0.3225,2,0.4,0.25,0.125,0.125,0.0625
GMATKAGTAFGKAAKAIIGAAL,amp_all_clean.csv,1,amp,0,22,0.3080357142857143,0,0.375,0.42857142857142855,0.0,0.18181818181818182,0.0
PPCRGIFCRRVGSSSAIARPGKTLSTFITV,amp_all_clean.csv,1,amp,0,30,0.17444444444444443,2,0.2,0.2222222222222222,0.05555555555555555,0.1,0.1
GKCNVLCQLKQKLRSIGSGSHIGSVVLPRG,amp_all_clean.csv,1,amp,0,30,0.17444444444444443,1,0.2,0.2222222222222222,0.05555555555555555,0.16666666666666666,0.03333333333333333
LKLSPETKDTLKKVLKGAIKGAIAIASLA,amp_all_clean.csv,1,amp,0,29,0.09999999999999999,2,0.1111111111111111,0.1111111111111111,0.05555555555555555,0.06896551724137931,0.034482758620689655
ITIPPIVKDTLKKFFKGGIAGVMGKSQ,amp_all_clean.csv,1,amp,0,27,0.29791666666666666,2,0.3333333333333333,0.375,0.125,0.14814814814814814,0.07407407407407407
FKIPPIVKDTLKKFFKGGIAGVMGQ,amp_all_clean.csv,1,amp,0,25,0.3151785714285715,2,0.375,0.2857142857142857,0.14285714285714285,0.16,0.08
ITIPPIIKDTLKKFFKGGIAGVMGKSQ,amp_all_clean.csv,1,amp,0,27,0.29791666666666666,2,0.3333333333333333,0.375,0.125,0.14814814814814814,0.07407407407407407
ITIPPIVKDTLKKFFKGGIAGVMGQ,amp_all_clean.csv,1,amp,0,25,0.3151785714285715,2,0.375,0.2857142857142857,0.14285714285714285,0.16,0.08
ITIPPIVKDTLKKFIKGAISGVM,amp_all_clean.csv,1,amp,0,23,0.14285714285714285,2,0.14285714285714285,0.14285714285714285,0.14285714285714285,0.08695652173913043,0.08695652173913043
ITIPPIVKDTLKKFIKGAISSVM,amp_all_clean.csv,1,amp,0,23,0.11696428571428572,1,0.125,0.14285714285714285,0.07142857142857142,0.043478260869565216,0.08695652173913043
ITIPPIVKNTLKKFIKGAVSALMS,amp_all_clean.csv,1,amp,0,24,0.11696428571428572,1,0.125,0.14285714285714285,0.07142857142857142,0.041666666666666664,0.08333333333333333
KIIFLIAI,amp_all_clean.csv,1,amp,1,8,0.0,0,0.0,0.0,0.0,0.0,0.0
LVKDNPLDISPKQVQALCTDLVIRCMCCC,amp_all_clean.csv,1,amp,1,29,0.022222222222222223,0,0.0,0.0,0.1111111111111111,0.0,0.06896551724137931
NAGSLLSGWG,amp_all_clean.csv,1,amp,0,10,0.2916666666666667,2,0.3333333333333333,0.5,0.0,0.3,0.0
FLFSLIPSAISGLISAF,amp_all_clean.csv,1,amp,0,17,0.18000000000000002,2,0.2,0.2,0.1,0.058823529411764705,0.058823529411764705
NLKAIAALAKKLL,amp_all_clean.csv,1,amp,0,13,0.0,0,0.0,0.0,0.0,0.0,0.0
INLKAITALAKKLL,amp_all_clean.csv,1,amp,0,14,0.0,0,0.0,0.0,0.0,0.0,0.0
INLKAIAPLAKKLL,amp_all_clean.csv,1,amp,0,14,0.025,0,0.0,0.0,0.125,0.0,0.07142857142857142
VIVKAIATLSKKLL,amp_all_clean.csv,1,amp,0,14,0.0,0,0.0,0.0,0.0,0.0,0.0
INLKAIAALVKKLL,amp_all_clean.csv,1,amp,1,14,0.0,0,0.0,0.0,0.0,0.0,0.0
INLKAIAALARNY,amp_all_clean.csv,1,amp,0,13,0.0,0,0.0,0.0,0.0,0.0,0.0
FLPIIGKLLSG,amp_all_clean.csv,1,amp,0,11,0.26666666666666666,2,0.3333333333333333,0.3333333333333333,0.0,0.18181818181818182,0.09090909090909091
GLRRLFADQLVGRRNI,amp_all_clean.csv,1,amp,0,16,0.1675,2,0.2,0.25,0.0,0.125,0.0
ADDRCERMCQRYHDRREKKQCMKGCRYG,amp_all_clean.csv,1,amp,1,28,0.09097222222222222,2,0.1111111111111111,0.125,0.0,0.07142857142857142,0.0
KRGTGWFATITDDCPNSVFVCC,amp_all_clean.csv,1,amp,1,22,0.1285714285714286,1,0.14285714285714285,0.14285714285714285,0.07142857142857142,0.09090909090909091,0.045454545454545456
TKPTLLGLPLGAGPAAGPGKR,amp_all_clean.csv,1,amp,0,21,0.4,0,0.42857142857142855,0.42857142857142855,0.2857142857142857,0.23809523809523808,0.19047619047619047
KLSPSLGPVSKGKLLAGQR,amp_all_clean.csv,1,amp,0,19,0.17833333333333334,2,0.16666666666666666,0.2,0.2,0.15789473684210525,0.10526315789473684
RLGTALPALLKTLLAGLNG,amp_all_clean.csv,1,amp,0,19,0.21071428571428572,0,0.2857142857142857,0.16666666666666666,0.0,0.15789473684210525,0.05263157894736842
GKGLEVIKWKLKHVIQL,amp_all_clean.csv,1,amp,0,17,0.16,2,0.2,0.2,0.0,0.11764705882352941,0.0
LFAKINGLKVGPLKIQIV,amp_all_clean.csv,1,amp,0,18,0.15833333333333335,1,0.16666666666666666,0.2,0.1,0.1111111111111111,0.05555555555555555
FSLFFPYAALKWLRKLLKK,amp_all_clean.csv,1,amp,0,19,0.016666666666666666,0,0.0,0.0,0.08333333333333333,0.0,0.05263157894736842
VKLEILGSKGGAKI,amp_all_clean.csv,1,amp,0,14,0.335,0,0.4,0.5,0.0,0.21428571428571427,0.0
VSKIKKYLKYKDRI,amp_all_clean.csv,1,amp,0,14,0.0,0,0.0,0.0,0.0,0.0,0.0
GGYKNFYGSALRKGFYEGEAGRAIRR,amp_all_clean.csv,1,amp,0,26,0.2729166666666667,1,0.3333333333333333,0.375,0.0,0.23076923076923078,0.0
RQQPMTLDYRW,amp_all_clean.csv,1,amp,0,11,0.03333333333333333,1,0.0,0.0,0.16666666666666666,0.0,0.09090909090909091
AIFIFIRWLLKLGHHGRAPP,amp_all_clean.csv,1,amp,0,20,0.2357142857142857,0,0.2857142857142857,0.3333333333333333,0.0,0.1,0.1
DWTCWSCLVCAACS,amp_all_clean.csv,1,amp,1,14,0.0,0,0.0,0.0,0.0,0.0,0.0
LRPAILVRIK,amp_all_clean.csv,1,amp,0,10,0.03333333333333333,0,0.0,0.0,0.16666666666666666,0.0,0.1
FLTGVLKLASKIPSVLCAVLKTC,amp_all_clean.csv,1,amp,0,23,0.10267857142857142,0,0.125,0.14285714285714285,0.0,0.043478260869565216,0.043478260869565216
FLKGVINLASKIPSMLCAVLKTC,amp_all_clean.csv,1,amp,0,23,0.10267857142857142,0,0.125,0.14285714285714285,0.0,0.043478260869565216,0.043478260869565216
FIVPSIFLLKKAFCIALKKNC,amp_all_clean.csv,1,amp,0,21,0.016666666666666666,1,0.0,0.0,0.08333333333333333,0.0,0.047619047619047616
GVLSAFKNALPGIMKIIV,amp_all_clean.csv,1,amp,0,18,0.15833333333333335,2,0.16666666666666666,0.2,0.1,0.1111111111111111,0.05555555555555555
GVLSVIKNALPGIMRF,amp_all_clean.csv,1,amp,0,16,0.1925,2,0.2,0.25,0.125,0.125,0.0625
RLFRHAFKAVLRL,amp_all_clean.csv,1,amp,0,13,0.0,0,0.0,0.0,0.0,0.0,0.0
FWGAVWKILSKVLPHIPGTVKWLQEKV,amp_all_clean.csv,1,amp,0,27,0.20694444444444443,2,0.2222222222222222,0.25,0.125,0.07407407407407407,0.07407407407407407
QSHLSLCRYCCNCCRNKGCGYCCKF,amp_all_clean.csv,1,amp,1,25,0.10267857142857142,2,0.125,0.14285714285714285,0.0,0.08,0.0
AGLQFPVGRIGRLLRK,amp_all_clean.csv,1,amp,0,16,0.5,1,0.6,0.6,0.1,0.1875,0.0625
GFGSVLGKALKFGANLL,amp_all_clean.csv,1,amp,0,17,0.41500000000000004,0,0.5,0.6,0.0,0.23529411764705882,0.0
FLPVLGKVIKLVGGLL,amp_all_clean.csv,1,amp,0,16,0.18000000000000002,1,0.2,0.2,0.1,0.1875,0.0625
FLPLLVGAISSILPKIF,amp_all_clean.csv,1,amp,0,17,0.17833333333333334,0,0.16666666666666666,0.2,0.2,0.058823529411764705,0.11764705882352941
FLPLLFGALSTLLPKIF,amp_all_clean.csv,1,amp,0,17,0.17833333333333334,0,0.16666666666666666,0.2,0.2,0.058823529411764705,0.11764705882352941
FLPGLIKAAVGVGSTILCKITKKC,amp_all_clean.csv,1,amp,0,24,0.21250000000000002,0,0.25,0.25,0.0625,0.125,0.041666666666666664
FLPGLIKAAVGIGSTIFCKISKKC,amp_all_clean.csv,1,amp,0,24,0.21250000000000002,0,0.25,0.25,0.0625,0.125,0.041666666666666664
FLPGLIKVAVGVGSTILCKITKKC,amp_all_clean.csv,1,amp,0,24,0.21250000000000002,0,0.25,0.25,0.0625,0.125,0.041666666666666664
FLPGLIKAAVGIGSTIFCKISRKC,amp_all_clean.csv,1,amp,0,24,0.21250000000000002,0,0.25,0.25,0.0625,0.125,0.041666666666666664
FLPFVGKLLSGLL,amp_all_clean.csv,1,amp,0,13,0.225,1,0.25,0.25,0.125,0.15384615384615385,0.07692307692307693
FLPMLAGLAANFLPKIICKITKKC,amp_all_clean.csv,1,amp,0,24,0.125,0,0.125,0.125,0.125,0.041666666666666664,0.08333333333333333
FLPIVASLAANFLPKIICKITKKC,amp_all_clean.csv,1,amp,0,24,0.025,0,0.0,0.0,0.125,0.0,0.08333333333333333
FLPLFLPKIICEITKKC,amp_all_clean.csv,1,amp,0,17,0.04000000000000001,1,0.0,0.0,0.2,0.0,0.11764705882352941
GFMDTAKNVFKNVAVTLLDKLKCKIAGGC,amp_all_clean.csv,1,amp,0,29,0.14666666666666667,0,0.2,0.1111111111111111,0.0,0.10344827586206896,0.0
GILDTLKQLGKAAAQSLLSKAACKLAKTC,amp_all_clean.csv,1,amp,0,29,0.16333333333333333,0,0.2,0.2222222222222222,0.0,0.06896551724137931,0.0
QSHISLCRWCCNCCKANKGCGFCCKF,amp_all_clean.csv,1,amp,1,26,0.1,2,0.125,0.125,0.0,0.07692307692307693,0.0
GMKCKFCCNCCNLNGCGVCCRF,amp_all_clean.csv,1,amp,1,22,0.11785714285714285,2,0.14285714285714285,0.16666666666666666,0.0,0.13636363636363635,0.0
GILDAIKAFANALG,amp_all_clean.csv,1,amp,0,14,0.1675,0,0.2,0.25,0.0,0.14285714285714285,0.0
GILDPIKAFAKAAG,amp_all_clean.csv,1,amp,0,14,0.1925,0,0.2,0.25,0.125,0.14285714285714285,0.07142857142857142
YSLKKTSMKIIPFTRL,amp_all_clean.csv,1,amp,0,16,0.020000000000000004,0,0.0,0.0,0.1,0.0,0.0625
ARDGYIVDEKGCKFACFIN,amp_all_clean.csv,1,amp,0,19,0.13333333333333333,1,0.16666666666666666,0.16666666666666666,0.0,0.10526315789473684,0.0
FLPLILPSIVTALSSFLKQG,amp_all_clean.csv,1,amp,0,20,0.1261904761904762,1,0.14285714285714285,0.0,0.16666666666666666,0.05,0.1
FWGALAKGALKLIPSLVSSFTKKD,amp_all_clean.csv,1,amp,0,24,0.11696428571428572,2,0.125,0.14285714285714285,0.07142857142857142,0.08333333333333333,0.041666666666666664
LIAGLAANFLPKLFCKITK,amp_all_clean.csv,1,amp,0,19,0.13452380952380952,0,0.14285714285714285,0.16666666666666666,0.08333333333333333,0.05263157894736842,0.05263157894736842
FLPLLAGLAANFLPKIFCKITRK,amp_all_clean.csv,1,amp,0,23,0.13125,0,0.125,0.14285714285714285,0.14285714285714285,0.043478260869565216,0.08695652173913043
LPLLAGLAANFLPKIFCKITRK,amp_all_clean.csv,1,amp,0,22,0.13452380952380952,2,0.14285714285714285,0.16666666666666666,0.08333333333333333,0.045454545454545456,0.09090909090909091
FLPFIAGMAAKFLPKIFCAISKK,amp_all_clean.csv,1,amp,0,23,0.13125,0,0.125,0.14285714285714285,0.14285714285714285,0.043478260869565216,0.08695652173913043
LIAGLAANFLPQILCKIARKC,amp_all_clean.csv,1,amp,0,21,0.1285714285714286,0,0.14285714285714285,0.14285714285714285,0.07142857142857142,0.047619047619047616,0.047619047619047616
LLFGKIISRLLGN,amp_all_clean.csv,1,amp,0,13,0.1675,0,0.2,0.25,0.0,0.15384615384615385,0.0
GVFDIIKGAGKQLIAHAMGKIAEKV,amp_all_clean.csv,1,amp,0,25,0.2729166666666667,0,0.3333333333333333,0.375,0.0,0.16,0.0
LPFFLLSLIPSAISAIKKI,amp_all_clean.csv,1,amp,0,19,0.020000000000000004,2,0.0,0.0,0.1,0.0,0.10526315789473684
FWGFLGKLAMKAVPSLIGGNKSSSK,amp_all_clean.csv,1,amp,0,25,0.3223214285714286,2,0.375,0.42857142857142855,0.07142857142857142,0.16,0.04
FFCFKGTPCG,amp_all_clean.csv,1,amp,0,10,0.3416666666666667,2,0.3333333333333333,0.5,0.25,0.2,0.1
GLLSGILGAGKRIVCGLSGLC,amp_all_clean.csv,1,amp,0,21,0.45714285714285713,0,0.5714285714285714,0.5714285714285714,0.0,0.2857142857142857,0.0
GLLSGILGAGKKIVCGLSGLC,amp_all_clean.csv,1,amp,0,21,0.45714285714285713,0,0.5714285714285714,0.5714285714285714,0.0,0.2857142857142857,0.0
FLPGLECVSGLKIVPTVFCAITRIC,amp_all_clean.csv,1,amp,1,25,0.20694444444444443,0,0.2222222222222222,0.25,0.125,0.08,0.08
VIPFVASVAAEMMQHVYCAASKRC,amp_all_clean.csv,1,amp,0,24,0.014285714285714285,1,0.0,0.0,0.07142857142857142,0.0,0.041666666666666664
FFPSIAGLAAKFLPKIFCSITKRC,amp_all_clean.csv,1,amp,0,24,0.125,0,0.125,0.125,0.125,0.041666666666666664,0.08333333333333333
FLPAVLRVAAKVGPAVFCAITQKC,amp_all_clean.csv,1,amp,0,24,0.125,0,0.125,0.125,0.125,0.041666666666666664,0.08333333333333333
HLGHHALDHLLK,amp_all_clean.csv,1,amp,0,12,0.2125,2,0.25,0.3333333333333333,0.0,0.08333333333333333,0.0
ASHLGHHALDHLLK,amp_all_clean.csv,1,amp,0,14,0.1675,1,0.2,0.25,0.0,0.07142857142857142,0.0
EVASFDKSKLK,amp_all_clean.csv,1,amp,0,11,0.0,0,0.0,0.0,0.0,0.0,0.0
FLGMLLHGVGHAIHGLIHGKQNVE,amp_all_clean.csv,1,amp,0,24,0.20535714285714285,2,0.25,0.2857142857142857,0.0,0.20833333333333334,0.0
NLCASLRARHTIPQCKKFGRR,amp_all_clean.csv,1,amp,0,21,0.11428571428571428,0,0.14285714285714285,0.14285714285714285,0.0,0.047619047619047616,0.047619047619047616
GLPWILLRWLFFRG,amp_all_clean.csv,1,amp,0,14,0.1925,0,0.2,0.25,0.125,0.14285714285714285,0.07142857142857142
AIPWIWIWRLLRKG,amp_all_clean.csv,1,amp,0,14,0.155,1,0.2,0.0,0.125,0.07142857142857142,0.07142857142857142
RIRFPWPWRWPWWRRVRG,amp_all_clean.csv,1,amp,0,18,0.16833333333333333,2,0.16666666666666666,0.0,0.3,0.05555555555555555,0.16666666666666666
RIRFPWPWRWPWWPPFRG,amp_all_clean.csv,1,amp,0,18,0.18833333333333335,2,0.16666666666666666,0.0,0.4,0.05555555555555555,0.2777777777777778
AIPWIWIWWLLRKG,amp_all_clean.csv,1,amp,1,14,0.155,1,0.2,0.0,0.125,0.07142857142857142,0.07142857142857142
AIPWSIWWRLLFKG,amp_all_clean.csv,1,amp,0,14,0.155,1,0.2,0.0,0.125,0.07142857142857142,0.07142857142857142
AIPWSIWWHLLFKG,amp_all_clean.csv,1,amp,0,14,0.155,1,0.2,0.0,0.125,0.07142857142857142,0.07142857142857142
FEDLPNFGHIQVKVFNHGEHIHH,amp_all_clean.csv,1,amp,0,23,0.1285714285714286,2,0.14285714285714285,0.14285714285714285,0.07142857142857142,0.08695652173913043,0.043478260869565216
GKNGVFKTISHECHMNSWQFLFTCCS,amp_all_clean.csv,1,amp,1,26,0.18194444444444444,0,0.2222222222222222,0.25,0.0,0.07692307692307693,0.0
VAVLVLGA,amp_all_clean.csv,1,amp,1,8,0.21666666666666667,0,0.3333333333333333,0.0,0.0,0.125,0.0
QSHLSMCRYCCNCCRNNKGCGFCCKF,amp_all_clean.csv,1,amp,1,26,0.1,2,0.125,0.125,0.0,0.07692307692307693,0.0
NPAGCRFCCGCCPNMIGCGVCCRF,amp_all_clean.csv,1,amp,1,24,0.3125,0,0.375,0.375,0.0625,0.16666666666666666,0.08333333333333333
GLPICGESCVGGTCNTPGCTCTWPVCTRN,amp_all_clean.csv,1,amp,1,29,0.2777777777777778,2,0.3333333333333333,0.3333333333333333,0.05555555555555555,0.1724137931034483,0.10344827586206896
GEGFLGMLLHGVGHAIHGLIHGK,amp_all_clean.csv,1,amp,0,23,0.34285714285714286,2,0.42857142857142855,0.42857142857142855,0.0,0.30434782608695654,0.0
AVAGEKLWLLPHLLKMLLTPTP,amp_all_clean.csv,1,amp,0,22,0.13125,0,0.125,0.14285714285714285,0.14285714285714285,0.045454545454545456,0.13636363636363635
AVPLIYKRPGVYVTKPKGK,amp_all_clean.csv,1,amp,0,19,0.15119047619047618,0,0.14285714285714285,0.16666666666666666,0.16666666666666666,0.10526315789473684,0.15789473684210525
FWQKMSFA,amp_all_clean.csv,1,amp,0,8,0.0,0,0.0,0.0,0.0,0.0,0.0
SSSLLNTAWRKFG,amp_all_clean.csv,1,amp,0,13,0.13,0,0.2,0.0,0.0,0.07692307692307693,0.0
GWWRRTVDKVRNAGRKVAGFASKACGALGH,amp_all_clean.csv,1,amp,0,30,0.22833333333333333,1,0.3,0.2222222222222222,0.0,0.16666666666666666,0.0
GLPICGETCFKTKCYTKGCSCSYPVCKRN,amp_all_clean.csv,1,amp,1,29,0.17777777777777776,2,0.2222222222222222,0.2222222222222222,0.0,0.10344827586206896,0.06896551724137931
GSVIGCGETCLRGRCYTPGCTCDHGICKKN,amp_all_clean.csv,1,amp,1,30,0.41000000000000003,0,0.5,0.5,0.05,0.2,0.03333333333333333
VPSLPLVPLG,amp_all_clean.csv,1,amp,0,10,0.2625,0,0.25,0.0,0.5,0.1,0.3
VWLSALKFIGKHLAKHQLSKL,amp_all_clean.csv,1,amp,0,21,0.11428571428571428,0,0.14285714285714285,0.14285714285714285,0.0,0.047619047619047616,0.0
GNGVIKTVSHECKMNTWQFLFTCCS,amp_all_clean.csv,1,amp,1,25,0.10267857142857142,2,0.125,0.14285714285714285,0.0,0.08,0.0
GTFIKQQRKQKQQRHHTSGTRKRMAK,amp_all_clean.csv,1,amp,1,26,0.18194444444444444,0,0.2222222222222222,0.25,0.0,0.07692307692307693,0.0
YPCKLNLKLGKVPFHF,amp_all_clean.csv,1,amp,0,16,0.15833333333333335,0,0.16666666666666666,0.2,0.1,0.0625,0.125
ASITHVKNRGKYIYMHLKFRKTNVLI,amp_all_clean.csv,1,amp,0,26,0.09097222222222222,0,0.1111111111111111,0.125,0.0,0.038461538461538464,0.0
KKVWFIFHVCPKLKQRIL,amp_all_clean.csv,1,amp,0,18,0.020000000000000004,2,0.0,0.0,0.1,0.0,0.05555555555555555
GTKRGKLCRISRLAL,amp_all_clean.csv,1,amp,0,15,0.1675,1,0.2,0.25,0.0,0.13333333333333333,0.0
LRHKVYGYCVLGP,amp_all_clean.csv,1,amp,0,13,0.1675,0,0.2,0.25,0.0,0.15384615384615385,0.07692307692307693
MKTFLRLYRSLINKVLH,amp_all_clean.csv,1,amp,0,17,0.0,0,0.0,0.0,0.0,0.0,0.0
VGRKHSILNCIPYLKKKKIMRL,amp_all_clean.csv,1,amp,0,22,0.1285714285714286,1,0.14285714285714285,0.14285714285714285,0.07142857142857142,0.045454545454545456,0.045454545454545456
RMKLNAKKLSFC,amp_all_clean.csv,1,amp,0,12,0.0,0,0.0,0.0,0.0,0.0,0.0
HNSSKQWSHWLWHNGIRI,amp_all_clean.csv,1,amp,0,18,0.13833333333333334,2,0.16666666666666666,0.2,0.0,0.05555555555555555,0.0
ITCQQVTAELEPCVPYLTQGIP,amp_all_clean.csv,1,amp,0,22,0.15714285714285717,1,0.14285714285714285,0.14285714285714285,0.21428571428571427,0.045454545454545456,0.13636363636363635
RNGCIVDPRCPYQQCRRPLYCRRR,amp_all_clean.csv,1,amp,1,24,0.13125,2,0.125,0.14285714285714285,0.14285714285714285,0.041666666666666664,0.125
GIMDTIKNAAKDVVQSLLNKASCKLAKTC,amp_all_clean.csv,1,amp,0,29,0.08166666666666667,0,0.1,0.1111111111111111,0.0,0.034482758620689655,0.0
FLPLLAGLAANFLPTIICKIARKC,amp_all_clean.csv,1,amp,0,24,0.125,0,0.125,0.125,0.125,0.041666666666666664,0.08333333333333333
GLWTTIKEGLKKFSLGVLDKIRCKIAGGC,amp_all_clean.csv,1,amp,0,29,0.22833333333333333,0,0.3,0.2222222222222222,0.0,0.1724137931034483,0.0
FLPLLAGLAAKWF,amp_all_clean.csv,1,amp,1,13,0.1925,0,0.2,0.25,0.125,0.07692307692307693,0.07692307692307693
FLPAIIGMAAKVLPAFLCKITKKC,amp_all_clean.csv,1,amp,0,24,0.125,0,0.125,0.125,0.125,0.041666666666666664,0.08333333333333333
GILMDTFKGAAKNVAGFLLDKLKCKISGGC,amp_all_clean.csv,1,amp,0,30,0.24,0,0.3,0.3,0.0,0.16666666666666666,0.0
FLPFLAGLFGKIF,amp_all_clean.csv,1,amp,0,13,0.36000000000000004,0,0.4,0.5,0.125,0.15384615384615385,0.07692307692307693
FFPLIPGVRCKILRTC,amp_all_clean.csv,1,amp,0,16,0.17833333333333334,0,0.16666666666666666,0.2,0.2,0.0625,0.125
GAPKGCWTKSYPPQPCFGKK,amp_all_clean.csv,1,amp,0,20,0.1845238095238095,1,0.14285714285714285,0.16666666666666666,0.3333333333333333,0.15,0.2
FLTGLIGGLMKALGK,amp_all_clean.csv,1,amp,0,15,0.32,0,0.4,0.4,0.0,0.26666666666666666,0.0
FLSGLIGGLAKMLGK,amp_all_clean.csv,1,amp,0,15,0.32,0,0.4,0.4,0.0,0.26666666666666666,0.0
CVVSSGWKWNYKIRCKLTGNC,amp_all_clean.csv,1,amp,1,21,0.11785714285714285,2,0.14285714285714285,0.16666666666666666,0.0,0.09523809523809523,0.0
FFFHIIKGLFHAGRMIHGLV,amp_all_clean.csv,1,amp,0,20,0.13333333333333333,2,0.16666666666666666,0.16666666666666666,0.0,0.15,0.0
IFGLLLHGAIHVGKLIHGLVRRH,amp_all_clean.csv,1,amp,0,23,0.22857142857142856,2,0.2857142857142857,0.2857142857142857,0.0,0.17391304347826086,0.0
FFRHIKSFWKGAKAIFRGARQG,amp_all_clean.csv,1,amp,0,22,0.11785714285714285,2,0.14285714285714285,0.16666666666666666,0.0,0.13636363636363635,0.0
FKLLSHSLLVTLASHLP,amp_all_clean.csv,1,amp,0,17,0.020000000000000004,2,0.0,0.0,0.1,0.0,0.058823529411764705
FLSMIPKIAGGIASLVKNL,amp_all_clean.csv,1,amp,0,19,0.15,1,0.16666666666666666,0.16666666666666666,0.08333333333333333,0.10526315789473684,0.05263157894736842
TRSGFLREQWIT,amp_all_clean.csv,1,amp,0,12,0.2,0,0.25,0.25,0.0,0.08333333333333333,0.0
AGFAAQAAASLAPVAVQQL,amp_all_clean.csv,1,amp,0,19,0.15,1,0.16666666666666666,0.16666666666666666,0.08333333333333333,0.05263157894736842,0.05263157894736842
GFVALLKKLPLILKHLP,amp_all_clean.csv,1,amp,0,17,0.13833333333333334,0,0.16666666666666666,0.2,0.0,0.058823529411764705,0.11764705882352941
GMASLLAKVLPHVVKLIK,amp_all_clean.csv,1,amp,0,18,0.15,0,0.16666666666666666,0.16666666666666666,0.08333333333333333,0.05555555555555555,0.05555555555555555
LLNQELLLNPTHQIYPV,amp_all_clean.csv,1,amp,0,17,0.04000000000000001,1,0.0,0.0,0.2,0.0,0.11764705882352941
GLEETVYIYGANMAS,amp_all_clean.csv,1,amp,0,15,0.32,0,0.4,0.4,0.0,0.13333333333333333,0.0
INLKAIAALAKKLF,amp_all_clean.csv,1,amp,1,14,0.0,0,0.0,0.0,0.0,0.0,0.0
NLLNDALGTVNGLLGRS,amp_all_clean.csv,1,amp,0,17,0.32,2,0.4,0.4,0.0,0.17647058823529413,0.0
VFLGAIAQALTSLLGKL,amp_all_clean.csv,1,amp,0,17,0.16,2,0.2,0.2,0.0,0.11764705882352941,0.0
TRRKFWKKVLNGALKIAPFLLG,amp_all_clean.csv,1,amp,0,22,0.11785714285714285,2,0.14285714285714285,0.16666666666666666,0.0,0.09090909090909091,0.045454545454545456
TRWLWLLRGGLKAAGWGIRAHLNRNQ,amp_all_clean.csv,1,amp,0,26,0.2,2,0.25,0.25,0.0,0.15384615384615385,0.0
NGKKKRKKPEKLCMKPGACSVIFDASVNE,amp_all_clean.csv,1,amp,0,29,0.18555555555555556,1,0.2,0.2222222222222222,0.1111111111111111,0.06896551724137931,0.06896551724137931
LRWTPTPSYPRYPTRSRGSRWSR,amp_all_clean.csv,1,amp,0,23,0.17142857142857143,2,0.14285714285714285,0.14285714285714285,0.2857142857142857,0.043478260869565216,0.17391304347826086
RRRRRFRRVIRRIRLPKYLTINTE,amp_all_clean.csv,1,amp,1,24,0.014285714285714285,1,0.0,0.0,0.07142857142857142,0.0,0.041666666666666664
RRRRRYRYWRRGLTIQGRPKSLPLNTGD,amp_all_clean.csv,1,amp,1,28,0.18819444444444441,2,0.2222222222222222,0.125,0.125,0.10714285714285714,0.07142857142857142
KSGGGGWGSGGGGGGGGGWWWSGWGVDR,amp_all_clean.csv,1,amp,0,28,0.5333333333333333,1,0.6666666666666666,0.6666666666666666,0.0,0.5714285714285714,0.0
RLLGNCLTVVMAAKLGTAFSPEIQCAWQK,amp_all_clean.csv,1,amp,0,29,0.17444444444444443,0,0.2,0.2222222222222222,0.05555555555555555,0.06896551724137931,0.034482758620689655
ALWKEVLKNAGKAALNEINNLV,amp_all_clean.csv,1,amp,0,22,0.11428571428571428,1,0.14285714285714285,0.14285714285714285,0.0,0.045454545454545456,0.0
KTKKKFLKKT,amp_all_clean.csv,1,amp,0,10,0.0,0,0.0,0.0,0.0,0.0,0.0
KRNGFRKFMRRLKKFFAGGGSSIAHIKLH,amp_all_clean.csv,1,amp,1,29,0.16333333333333333,0,0.2,0.2222222222222222,0.0,0.13793103448275862,0.0
TRSRWRRFIRGAGRFARRYGWRIALGLVG,amp_all_clean.csv,1,amp,1,29,0.31,1,0.4,0.3333333333333333,0.0,0.1724137931034483,0.0
GVVDILKGAAKDIAGHLASKVM,amp_all_clean.csv,1,amp,0,22,0.11785714285714285,2,0.14285714285714285,0.16666666666666666,0.0,0.13636363636363635,0.0
FFGHLFKLATKIIPSFFRRKNQ,amp_all_clean.csv,1,amp,0,22,0.13452380952380952,2,0.14285714285714285,0.16666666666666666,0.08333333333333333,0.045454545454545456,0.045454545454545456
FLFSLIPSAISGLISAFKGRRKRDLN,amp_all_clean.csv,1,amp,0,26,0.1125,2,0.125,0.125,0.0625,0.07692307692307693,0.038461538461538464
FLFSLIPSAISGLINAFK,amp_all_clean.csv,1,amp,0,18,0.15833333333333335,2,0.16666666666666666,0.2,0.1,0.05555555555555555,0.05555555555555555
FFGHLFKLATKIIPSLFQRKKE,amp_all_clean.csv,1,amp,0,22,0.13452380952380952,2,0.14285714285714285,0.16666666666666666,0.08333333333333333,0.045454545454545456,0.045454545454545456
VSGPAGPPGTH,amp_all_clean.csv,1,amp,0,11,0.9,2,1.0,1.0,0.5,0.2727272727272727,0.2727272727272727
VGPGAINAGTYLVSRELFER,amp_all_clean.csv,1,amp,0,20,0.13452380952380952,0,0.14285714285714285,0.16666666666666666,0.08333333333333333,0.15,0.05
FFQELKEGWKNIKKA,amp_all_clean.csv,1,amp,0,15,0.1675,1,0.2,0.25,0.0,0.06666666666666667,0.0
FFGRLKAVFRGARQGWKEHRY,amp_all_clean.csv,1,amp,0,21,0.2357142857142857,2,0.2857142857142857,0.3333333333333333,0.0,0.14285714285714285,0.0
RSMRLSFRARGYGFR,amp_all_clean.csv,1,amp,0,15,0.1675,1,0.2,0.25,0.0,0.13333333333333333,0.0
VNFLLHKIYGNIRYS,amp_all_clean.csv,1,amp,0,15,0.16,0,0.2,0.2,0.0,0.06666666666666667,0.0
HTLCMDGGATY,amp_all_clean.csv,1,amp,0,11,0.2125,0,0.25,0.3333333333333333,0.0,0.18181818181818182,0.0
FLSLIPKIAGGIASLVKDL,amp_all_clean.csv,1,amp,0,19,0.15,1,0.16666666666666666,0.16666666666666666,0.08333333333333333,0.10526315789473684,0.05263157894736842
FFSMIPKIATGIASLVKDL,amp_all_clean.csv,1,amp,0,19,0.15,1,0.16666666666666666,0.16666666666666666,0.08333333333333333,0.05263157894736842,0.05263157894736842
IPFVASVAAEMMQHIFCAASRKC,amp_all_clean.csv,1,amp,0,23,0.014285714285714285,0,0.0,0.0,0.07142857142857142,0.0,0.043478260869565216
LLGMIPVAITAISALSKL,amp_all_clean.csv,1,amp,0,18,0.13833333333333334,2,0.16666666666666666,0.2,0.0,0.05555555555555555,0.05555555555555555
FFFHIIKGLFHAGRMIHGLVNRRRHRH,amp_all_clean.csv,1,amp,1,27,0.09097222222222222,1,0.1111111111111111,0.125,0.0,0.1111111111111111,0.0
GNPLKLFLPSTWVHFFKFLR,amp_all_clean.csv,1,amp,0,20,0.15119047619047618,0,0.14285714285714285,0.16666666666666666,0.16666666666666666,0.05,0.1
ALWKDLLKNVGKAAGKAVLNKVTDMVNQ,amp_all_clean.csv,1,amp,0,28,0.09097222222222222,2,0.1111111111111111,0.125,0.0,0.07142857142857142,0.0
GSGSRQSPSYGR,amp_all_clean.csv,1,amp,0,12,0.24583333333333332,2,0.25,0.3333333333333333,0.16666666666666666,0.25,0.08333333333333333
FLRSLLRGAKAIYRGARAGWRG,amp_all_clean.csv,1,amp,0,22,0.18392857142857144,0,0.25,0.14285714285714285,0.0,0.18181818181818182,0.0
GFCWYVCYRNGVRVCYRRCN,amp_all_clean.csv,1,amp,1,20,0.11785714285714285,0,0.14285714285714285,0.16666666666666666,0.0,0.1,0.0
GLVGTLLGHIGKAILGG,amp_all_clean.csv,1,amp,0,17,0.385,0,0.5,0.4,0.0,0.35294117647058826,0.0
LVPFIGRTLGGLLARF,amp_all_clean.csv,1,amp,0,16,0.18000000000000002,1,0.2,0.2,0.1,0.1875,0.0625
LLGAALSALSSVIPSVISWFQK,amp_all_clean.csv,1,amp,0,22,0.13452380952380952,2,0.14285714285714285,0.16666666666666666,0.08333333333333333,0.045454545454545456,0.045454545454545456
FLGALGNALSRVL,amp_all_clean.csv,1,amp,0,13,0.425,2,0.5,0.6666666666666666,0.0,0.15384615384615385,0.0
FLGFVGQALNALLGKL,amp_all_clean.csv,1,amp,0,16,0.335,2,0.4,0.5,0.0,0.1875,0.0
VLLVTLTRLHQRGVIYRKWRHFSGRKYR,amp_all_clean.csv,1,amp,1,28,0.09097222222222222,2,0.1111111111111111,0.125,0.0,0.07142857142857142,0.0
QSHLSLCRWCCNCCHNKGCGFCCKF,amp_all_clean.csv,1,amp,1,25,0.10267857142857142,2,0.125,0.14285714285714285,0.0,0.08,0.0
LSVKAFTGIQLRGVCGIEVKARG,amp_all_clean.csv,1,amp,0,23,0.20535714285714285,0,0.25,0.2857142857142857,0.0,0.17391304347826086,0.0
GGVGKIIEYFIGGGVGRYG,amp_all_clean.csv,1,amp,0,19,0.5642857142857143,0,0.7142857142857143,0.6666666666666666,0.0,0.42105263157894735,0.0
FLGSIIGALAKGLPSLIALIKK,amp_all_clean.csv,1,amp,0,22,0.2523809523809524,2,0.2857142857142857,0.3333333333333333,0.08333333333333333,0.13636363636363635,0.045454545454545456
ATCYCRTGR,amp_all_clean.csv,1,amp,0,9,0.21666666666666667,1,0.3333333333333333,0.0,0.0,0.1111111111111111,0.0
ATCYCRTGRCATR,amp_all_clean.csv,1,amp,1,13,0.2,1,0.25,0.25,0.0,0.07692307692307693,0.0
TGRCATRESLSGVCEISGRLYRLCCR,amp_all_clean.csv,1,amp,1,26,0.2,2,0.25,0.25,0.0,0.11538461538461539,0.0
HRRQGPIFDTRPSPFNPNQPRPGPIY,amp_all_clean.csv,1,amp,0,26,0.23194444444444443,1,0.2222222222222222,0.25,0.25,0.07692307692307693,0.2692307692307692
FLPILAGLAANLVPKLICSITKKC,amp_all_clean.csv,1,amp,0,24,0.125,0,0.125,0.125,0.125,0.041666666666666664,0.08333333333333333
KFFKKLKKSVKKHVKKFFKKPKVIGVSIPF,amp_all_clean.csv,1,amp,1,30,0.1,0,0.1,0.1,0.1,0.03333333333333333,0.06666666666666667
FIHHIIKGIFHIGKIIHSAINRRRH,amp_all_clean.csv,1,amp,1,25,0.1,1,0.125,0.125,0.0,0.08,0.0
QSHLSLCRWCCNCCNRYKGCGFCCKF,amp_all_clean.csv,1,amp,1,26,0.1,2,0.125,0.125,0.0,0.07692307692307693,0.0
KGARQAWKDYKYNRNMQKMNQGYGQQGG,amp_all_clean.csv,1,amp,0,28,0.16319444444444442,2,0.2222222222222222,0.125,0.0,0.17857142857142858,0.0
FFRHIVGAISRIFGQKQRDMAD,amp_all_clean.csv,1,amp,0,22,0.11428571428571428,1,0.14285714285714285,0.14285714285714285,0.0,0.09090909090909091,0.0
GLLKSLCRKFVKVHLPELIEELTTTD,amp_all_clean.csv,1,amp,0,26,0.09097222222222222,0,0.1111111111111111,0.125,0.0,0.038461538461538464,0.038461538461538464
SVEIPKPFKWNDSF,amp_all_clean.csv,1,amp,0,14,0.05,2,0.0,0.0,0.25,0.0,0.14285714285714285
RGCYTRCWKVGRNGRVCMRVCT,amp_all_clean.csv,1,amp,1,22,0.34285714285714286,1,0.42857142857142855,0.42857142857142855,0.0,0.13636363636363635,0.0
VAEARQGSFSY,amp_all_clean.csv,1,amp,0,11,0.2125,0,0.25,0.3333333333333333,0.0,0.09090909090909091,0.0
MLCPSYRRCPRVPP,amp_all_clean.csv,1,amp,0,14,0.1,2,0.0,0.0,0.5,0.0,0.2857142857142857
GLWSKIKDAAKTAGKAALGFVNEMV,amp_all_clean.csv,1,amp,0,25,0.18194444444444444,0,0.2222222222222222,0.25,0.0,0.12,0.0
AAVTRRILCWFA,amp_all_clean.csv,1,amp,0,12,0.0,0,0.0,0.0,0.0,0.0,0.0
VALTGLTVAEYFR,amp_all_clean.csv,1,amp,0,13,0.2,1,0.25,0.25,0.0,0.07692307692307693,0.0
SDTGTKSRK,amp_all_clean.csv,1,amp,0,9,0.26666666666666666,0,0.3333333333333333,0.3333333333333333,0.0,0.1111111111111111,0.0
SKTKRRSLLKRLGDGIRGFWNGFRGRK,amp_all_clean.csv,1,amp,1,27,0.26666666666666666,0,0.3333333333333333,0.3333333333333333,0.0,0.18518518518518517,0.0
SNGYRPAYRPAYRPSYRPGK,amp_all_clean.csv,1,amp,0,20,0.16666666666666666,2,0.16666666666666666,0.16666666666666666,0.16666666666666666,0.1,0.2
SNVYRPPPYRPVYRPLRRPGYRPGK,amp_all_clean.csv,1,amp,0,25,0.15267857142857144,2,0.125,0.0,0.35714285714285715,0.08,0.28
ATKAVCVLKGDGPVQGIINF,amp_all_clean.csv,1,amp,0,20,0.2357142857142857,0,0.2857142857142857,0.3333333333333333,0.0,0.15,0.05
VKAQEPVKGPVSTKPGSCPIILIRCA,amp_all_clean.csv,1,amp,0,26,0.125,2,0.125,0.125,0.125,0.07692307692307693,0.15384615384615385
VMWCYVFGYGFNCAVW,amp_all_clean.csv,1,amp,0,16,0.16,1,0.2,0.2,0.0,0.125,0.0
VGAVAFGPVGAVVGGLASGFTGKQT,amp_all_clean.csv,1,amp,0,25,0.3763888888888889,0,0.4444444444444444,0.5,0.0625,0.28,0.04
GGDGSIAEYFNRPMHIHDWQIMDSGYYG,amp_all_clean.csv,1,amp,0,28,0.31,0,0.4,0.3333333333333333,0.0,0.17857142857142858,0.03571428571428571
VRRSKRGIKVPSFVKKVLKDVVSESIS,amp_all_clean.csv,1,amp,0,27,0.09999999999999999,0,0.1111111111111111,0.1111111111111111,0.05555555555555555,0.037037037037037035,0.037037037037037035
DWTCSKWSCLVCDDCSVELT,amp_all_clean.csv,1,amp,1,20,0.0,0,0.0,0.0,0.0,0.0,0.0
FLGAVLKVAGKLVPAAICKISKKC,amp_all_clean.csv,1,amp,0,24,0.11696428571428572,2,0.125,0.14285714285714285,0.07142857142857142,0.08333333333333333,0.041666666666666664
SLWGKLKEMAAAAGKAALNAVNGLVNQ,amp_all_clean.csv,1,amp,0,27,0.18194444444444444,1,0.2222222222222222,0.25,0.0,0.1111111111111111,0.0
SSAPCTIYASVSASISATASWGC,amp_all_clean.csv,1,amp,0,23,0.08125,0,0.125,0.0,0.0,0.043478260869565216,0.043478260869565216
RKCVRVQLIKNGKKITAF,amp_all_clean.csv,1,amp,0,18,0.13833333333333334,2,0.16666666666666666,0.2,0.0,0.05555555555555555,0.0
LNLKKILGKIGVMLSHLN,amp_all_clean.csv,1,amp,0,18,0.27666666666666667,1,0.3333333333333333,0.4,0.0,0.1111111111111111,0.0
GICRCVCRRGVCRCICLL,amp_all_clean.csv,1,amp,1,18,0.26666666666666666,0,0.3333333333333333,0.3333333333333333,0.0,0.1111111111111111,0.0
GVCRCVCRRGVCRCFCRR,amp_all_clean.csv,1,amp,1,18,0.26666666666666666,0,0.3333333333333333,0.3333333333333333,0.0,0.1111111111111111,0.0
GICRCFCRRGVCRCICLL,amp_all_clean.csv,1,amp,1,18,0.26666666666666666,0,0.3333333333333333,0.3333333333333333,0.0,0.1111111111111111,0.0
GVCRCFCRRGVCRCFCRR,amp_all_clean.csv,1,amp,1,18,0.26666666666666666,0,0.3333333333333333,0.3333333333333333,0.0,0.1111111111111111,0.0
FFGHLLRGIVSVGKHIHGLITG,amp_all_clean.csv,1,amp,0,22,0.2357142857142857,2,0.2857142857142857,0.3333333333333333,0.0,0.22727272727272727,0.0
MRVLCGRDGRCPKFMCRTFL,amp_all_clean.csv,1,amp,1,20,0.26666666666666666,2,0.3333333333333333,0.3333333333333333,0.0,0.1,0.05
ASWKVFLKNIGKAAGKAVLNSVTDMVNQ,amp_all_clean.csv,1,amp,0,28,0.09097222222222222,2,0.1111111111111111,0.125,0.0,0.07142857142857142,0.0
SLWSSIKDMAAAAGRAALNAVNGIVNP,amp_all_clean.csv,1,amp,0,27,0.18194444444444444,1,0.2222222222222222,0.25,0.0,0.07407407407407407,0.037037037037037035
SLWSSIKDMAAAAGRAALNAVNGILNP,amp_all_clean.csv,1,amp,0,27,0.18194444444444444,1,0.2222222222222222,0.25,0.0,0.07407407407407407,0.037037037037037035
SLRSSIKDMAAAAGRAALNAVNGIVNP,amp_all_clean.csv,1,amp,0,27,0.18194444444444444,1,0.2222222222222222,0.25,0.0,0.07407407407407407,0.037037037037037035
FLPFFAACAITRKC,amp_all_clean.csv,1,amp,0,14,0.025,0,0.0,0.0,0.125,0.0,0.07142857142857142
FLSLIPHIVSGVASLAIHF,amp_all_clean.csv,1,amp,0,19,0.15,1,0.16666666666666666,0.16666666666666666,0.08333333333333333,0.05263157894736842,0.05263157894736842
GIKEFAHSLGKFGKAFFGGILNQ,amp_all_clean.csv,1,amp,0,23,0.4107142857142857,0,0.5,0.5714285714285714,0.0,0.21739130434782608,0.0
GPSGFLGMR,amp_all_clean.csv,1,amp,0,9,0.8333333333333334,0,1.0,1.0,0.16666666666666666,0.3333333333333333,0.1111111111111111
APAAGFFGMR,amp_all_clean.csv,1,amp,0,10,0.5333333333333333,1,0.6666666666666666,0.6666666666666666,0.0,0.2,0.1
GLKDWWNKHKDKIVKVVKEMGKAGINAA,amp_all_clean.csv,1,amp,0,28,0.18194444444444444,2,0.2222222222222222,0.25,0.0,0.10714285714285714,0.0
SCTTCTCCCSCCA,amp_all_clean.csv,1,amp,1,13,0.0,0,0.0,0.0,0.0,0.0,0.0
GLLDLLKGAGKGLLTHLASQI,amp_all_clean.csv,1,amp,0,21,0.22857142857142856,0,0.2857142857142857,0.2857142857142857,0.0,0.19047619047619047,0.0
GLLDFFKGAGKELLTHLASQI,amp_all_clean.csv,1,amp,0,21,0.22857142857142856,0,0.2857142857142857,0.2857142857142857,0.0,0.14285714285714285,0.0
GAVVDILKGAGKNLLSLALNKLSEKV,amp_all_clean.csv,1,amp,0,26,0.1,2,0.125,0.125,0.0,0.11538461538461539,0.0
FLPLIAGLFGKIF,amp_all_clean.csv,1,amp,0,13,0.36000000000000004,0,0.4,0.5,0.125,0.15384615384615385,0.07692307692307693
INLRAIAALAKKLL,amp_all_clean.csv,1,amp,1,14,0.0,0,0.0,0.0,0.0,0.0,0.0
INLRAIAAFAKKLL,amp_all_clean.csv,1,amp,1,14,0.0,0,0.0,0.0,0.0,0.0,0.0
GFLDVLKGVGKAALGAVTHLINQ,amp_all_clean.csv,1,amp,0,23,0.20535714285714285,0,0.25,0.2857142857142857,0.0,0.17391304347826086,0.0
GFLDVVKGVGKAALGAVTHLINQ,amp_all_clean.csv,1,amp,0,23,0.20535714285714285,0,0.25,0.2857142857142857,0.0,0.17391304347826086,0.0
NYWKKGKWTIGS,amp_all_clean.csv,1,amp,0,12,0.2125,2,0.25,0.3333333333333333,0.0,0.16666666666666666,0.0
NFWKKGKWTIGS,amp_all_clean.csv,1,amp,0,12,0.2125,2,0.25,0.3333333333333333,0.0,0.16666666666666666,0.0
IRIILRAQGALKI,amp_all_clean.csv,1,amp,0,13,0.2125,2,0.25,0.3333333333333333,0.0,0.07692307692307693,0.0
FLGSLFSIGSKLLPGVIKLFQRKKQ,amp_all_clean.csv,1,amp,0,25,0.3223214285714286,2,0.375,0.42857142857142855,0.07142857142857142,0.12,0.04
FFFLPSLIGGLVSAIK,amp_all_clean.csv,1,amp,0,16,0.1925,2,0.2,0.25,0.125,0.125,0.0625
TPAAAVVTTVISGAAVTTAKSI,amp_all_clean.csv,1,amp,0,22,0.11696428571428572,0,0.125,0.14285714285714285,0.07142857142857142,0.045454545454545456,0.045454545454545456
FLPVIAGIAANVLPKLFCKLTKRC,amp_all_clean.csv,1,amp,0,24,0.125,0,0.125,0.125,0.125,0.041666666666666664,0.08333333333333333
GIMDSIKGAAKEIAGHLLDNLKCKITGC,amp_all_clean.csv,1,amp,0,28,0.16319444444444442,2,0.2222222222222222,0.125,0.0,0.14285714285714285,0.0
ATCYCRTGRCATRESLSGVCEISGRLYR,amp_all_clean.csv,1,amp,1,28,0.18194444444444444,2,0.2222222222222222,0.25,0.0,0.10714285714285714,0.0
IWGLIAHGVAHVGSLIHGLVNG,amp_all_clean.csv,1,amp,0,22,0.2357142857142857,2,0.2857142857142857,0.3333333333333333,0.0,0.22727272727272727,0.0
IFGKIWEGIKSLF,amp_all_clean.csv,1,amp,0,13,0.2125,2,0.25,0.3333333333333333,0.0,0.15384615384615385,0.0
TVRIIVKVVKYLV,amp_all_clean.csv,1,amp,0,13,0.0,0,0.0,0.0,0.0,0.0,0.0
TVKIIVKVVKYLV,amp_all_clean.csv,1,amp,0,13,0.0,0,0.0,0.0,0.0,0.0,0.0
TLKIIVKVVKYLV,amp_all_clean.csv,1,amp,0,13,0.0,0,0.0,0.0,0.0,0.0,0.0
TLKIVVKVVKYLV,amp_all_clean.csv,1,amp,0,13,0.0,0,0.0,0.0,0.0,0.0,0.0
TLKVVVKVVKYLV,amp_all_clean.csv,1,amp,0,13,0.0,0,0.0,0.0,0.0,0.0,0.0
TLKIIVKIVKYLV,amp_all_clean.csv,1,amp,0,13,0.0,0,0.0,0.0,0.0,0.0,0.0
SMLLLFFLGTISLSLCQDDQERC,amp_all_clean.csv,1,amp,0,23,0.11428571428571428,2,0.14285714285714285,0.14285714285714285,0.0,0.043478260869565216,0.0
RRIPRPILLPWRPPRPIPRPQPQPIPRWL,amp_all_clean.csv,1,amp,0,29,0.08888888888888889,1,0.0,0.0,0.4444444444444444,0.0,0.3793103448275862
FFGAIAKLAMKFLPAIYKQIQKKRK,amp_all_clean.csv,1,amp,0,25,0.11696428571428572,2,0.125,0.14285714285714285,0.07142857142857142,0.04,0.04
NEPTHLLKAFSKAGFQ,amp_all_clean.csv,1,amp,0,16,0.18000000000000002,1,0.2,0.2,0.1,0.0625,0.0625
FFPIIARLAAKVIPSLVCAVTKKC,amp_all_clean.csv,1,amp,0,24,0.025,0,0.0,0.0,0.125,0.0,0.08333333333333333
FLALALIQEAIAKLK,amp_all_clean.csv,1,amp,1,15,0.0,0,0.0,0.0,0.0,0.0,0.0
GVITDALKGAAKTVAAELLKKAHCKLTNSC,amp_all_clean.csv,1,amp,0,30,0.08166666666666667,2,0.1,0.1111111111111111,0.0,0.06666666666666667,0.0
IAWKGIAAMAKKLL,amp_all_clean.csv,1,amp,1,14,0.1675,1,0.2,0.25,0.0,0.07142857142857142,0.0
IKWKAILDAVKKVI,amp_all_clean.csv,1,amp,0,14,0.0,0,0.0,0.0,0.0,0.0,0.0
AVYLPNCDRKGFYKRKQCKPSR,amp_all_clean.csv,1,amp,0,22,0.11428571428571428,1,0.14285714285714285,0.14285714285714285,0.0,0.045454545454545456,0.09090909090909091
GVFKDALKQLGAALLDKAANALKPK,amp_all_clean.csv,1,amp,0,25,0.1125,1,0.125,0.125,0.0625,0.08,0.04
GVFKDALKQFGAALLDKAANALKPK,amp_all_clean.csv,1,amp,0,25,0.1125,1,0.125,0.125,0.0625,0.08,0.04
GVFKDALKQFGAALLDQAANALKPK,amp_all_clean.csv,1,amp,0,25,0.1125,1,0.125,0.125,0.0625,0.08,0.04
GFLDTLKNIGKTVGRIALNVLT,amp_all_clean.csv,1,amp,0,22,0.20535714285714285,0,0.25,0.2857142857142857,0.0,0.13636363636363635,0.0
GFLDTLKNIGKTVGGIALNVLT,amp_all_clean.csv,1,amp,0,22,0.20535714285714285,0,0.25,0.2857142857142857,0.0,0.18181818181818182,0.0
GFLDTLKNIGKTVGKVALDVAKNVLT,amp_all_clean.csv,1,amp,0,26,0.18194444444444444,0,0.2222222222222222,0.25,0.0,0.11538461538461539,0.0
RGDILKRWAGHFSKLL,amp_all_clean.csv,1,amp,0,16,0.16,1,0.2,0.2,0.0,0.125,0.0
ALWKTLLKNVGKAAGKAVLNAVTDMVNQ,amp_all_clean.csv,1,amp,0,28,0.09097222222222222,2,0.1111111111111111,0.125,0.0,0.07142857142857142,0.0
FVDLKKIANILNSIF,amp_all_clean.csv,1,amp,0,15,0.0,0,0.0,0.0,0.0,0.0,0.0
INLKAIAALVKKVL,amp_all_clean.csv,1,amp,1,14,0.0,0,0.0,0.0,0.0,0.0,0.0
VDWKKIGQHILSVL,amp_all_clean.csv,1,amp,0,14,0.1675,0,0.2,0.25,0.0,0.07142857142857142,0.0
GIGGALLSFGKSALKGLAKGLAEHF,amp_all_clean.csv,1,amp,0,25,0.3638888888888889,0,0.4444444444444444,0.5,0.0,0.24,0.0
AALKKALTAGGY,amp_all_clean.csv,1,amp,0,12,0.2,0,0.25,0.25,0.0,0.16666666666666666,0.0
FKFLARTGKFL,amp_all_clean.csv,1,amp,0,11,0.2125,1,0.25,0.3333333333333333,0.0,0.09090909090909091,0.0
YVSPVAIVKGLNIPL,amp_all_clean.csv,1,amp,0,15,0.18000000000000002,0,0.2,0.2,0.1,0.06666666666666667,0.13333333333333333
SKKSKPGDGIRGKGVRG,amp_all_clean.csv,1,amp,0,17,0.32,2,0.4,0.4,0.0,0.29411764705882354,0.058823529411764705
GHGGHGVFGGGYGHGGYGHGYGG,amp_all_clean.csv,1,amp,0,23,0.5946428571428571,0,0.75,0.7142857142857143,0.0,0.6086956521739131,0.0
CHPTHTVATDDQGHLCTTIIC,amp_all_clean.csv,1,amp,1,21,0.1285714285714286,0,0.14285714285714285,0.14285714285714285,0.07142857142857142,0.047619047619047616,0.047619047619047616
CHPTHTVATDDQGHLCTTII,amp_all_clean.csv,1,amp,0,20,0.13452380952380952,0,0.14285714285714285,0.16666666666666666,0.08333333333333333,0.05,0.05
FLGALIPAITGLIGGLINR,amp_all_clean.csv,1,amp,0,19,0.2966666666666667,2,0.3333333333333333,0.4,0.1,0.21052631578947367,0.05263157894736842
FLGALIPAAIGLISGLIKK,amp_all_clean.csv,1,amp,0,19,0.2966666666666667,2,0.3333333333333333,0.4,0.1,0.15789473684210525,0.05263157894736842
FLGALIPAIAGAIGGLIRK,amp_all_clean.csv,1,amp,0,19,0.2966666666666667,2,0.3333333333333333,0.4,0.1,0.21052631578947367,0.05263157894736842
FFGALIPAVAGAIGGFFRK,amp_all_clean.csv,1,amp,0,19,0.2966666666666667,2,0.3333333333333333,0.4,0.1,0.21052631578947367,0.05263157894736842
AAGIQAQAGFGLSDSIQGTGKQKCSFCK,amp_all_clean.csv,1,amp,0,28,0.2729166666666667,2,0.3333333333333333,0.375,0.0,0.17857142857142858,0.0
KRVNWRKVGRNTALGASYVLSFLG,amp_all_clean.csv,1,amp,0,24,0.2866071428571429,2,0.375,0.2857142857142857,0.0,0.125,0.0
KRVNWAKVGRTALKLLPYIFG,amp_all_clean.csv,1,amp,0,21,0.22738095238095238,2,0.2857142857142857,0.16666666666666666,0.08333333333333333,0.09523809523809523,0.047619047619047616
TRRKWWKKVLNGAIKIAPYILD,amp_all_clean.csv,1,amp,0,22,0.11785714285714285,2,0.14285714285714285,0.16666666666666666,0.0,0.045454545454545456,0.045454545454545456
KRVNWRKVGLGASYVMSWLG,amp_all_clean.csv,1,amp,0,20,0.21071428571428572,1,0.2857142857142857,0.16666666666666666,0.0,0.15,0.0
NCNFLCKVKQRLRSVSSTSHIGMAIPRPRG,amp_all_clean.csv,1,amp,0,30,0.09000000000000001,0,0.1,0.1,0.05,0.06666666666666667,0.06666666666666667
FLGGILKVASKIPSVFCAVLKTC,amp_all_clean.csv,1,amp,0,23,0.1285714285714286,2,0.14285714285714285,0.14285714285714285,0.07142857142857142,0.08695652173913043,0.043478260869565216
GMWGTVFKGIKTVAKHLLPHVFSSQQS,amp_all_clean.csv,1,amp,0,27,0.17777777777777776,0,0.2222222222222222,0.2222222222222222,0.0,0.1111111111111111,0.037037037037037035
SLLSTLGNMAKAAGRAALNAITGLVNQ,amp_all_clean.csv,1,amp,0,27,0.18194444444444444,1,0.2222222222222222,0.25,0.0,0.1111111111111111,0.0
GILDTLKQLGKAAVQGLLSKAACKLAKTC,amp_all_clean.csv,1,amp,0,29,0.245,0,0.3,0.3333333333333333,0.0,0.10344827586206896,0.0
GFMDTAKNVAKNVAVTLLYNLKCKITKAC,amp_all_clean.csv,1,amp,0,29,0.08166666666666667,0,0.1,0.1111111111111111,0.0,0.034482758620689655,0.0
GLLLDTVKGAAKNVAGILLNKLKCKVTGDC,amp_all_clean.csv,1,amp,0,30,0.24,0,0.3,0.3,0.0,0.13333333333333333,0.0
VVVNVLVKVLPPPVV,amp_all_clean.csv,1,amp,0,15,0.05,1,0.0,0.0,0.25,0.0,0.2
VVMNLLVKVLKYVV,amp_all_clean.csv,1,amp,1,14,0.0,0,0.0,0.0,0.0,0.0,0.0
VVLNLLVKVLKYGK,amp_all_clean.csv,1,amp,0,14,0.13,0,0.2,0.0,0.0,0.07142857142857142,0.0
GLLSGILGAGKKIVCGFSGLC,amp_all_clean.csv,1,amp,0,21,0.45714285714285713,0,0.5714285714285714,0.5714285714285714,0.0,0.2857142857142857,0.0
GLISGILGAGKKVLCGLSGLC,amp_all_clean.csv,1,amp,0,21,0.45714285714285713,0,0.5714285714285714,0.5714285714285714,0.0,0.2857142857142857,0.0
GFMDTAKNVAKNVAVTLLDNLKCKITKAC,amp_all_clean.csv,1,amp,0,29,0.08166666666666667,0,0.1,0.1111111111111111,0.0,0.034482758620689655,0.0
GLLRGILGAGKKIVCGLSGLC,amp_all_clean.csv,1,amp,0,21,0.45714285714285713,0,0.5714285714285714,0.5714285714285714,0.0,0.2857142857142857,0.0
GLLSGLLGAGKKIVCGLSGMC,amp_all_clean.csv,1,amp,0,21,0.45714285714285713,0,0.5714285714285714,0.5714285714285714,0.0,0.2857142857142857,0.0
GILSGLLGAGKKIVCGLSGLC,amp_all_clean.csv,1,amp,0,21,0.45714285714285713,0,0.5714285714285714,0.5714285714285714,0.0,0.2857142857142857,0.0
GLLGKVLGVGKKVLCGVTGLC,amp_all_clean.csv,1,amp,0,21,0.5714285714285714,0,0.7142857142857143,0.7142857142857143,0.0,0.2857142857142857,0.0
GLWTTIKEGVKNFSVGVLDKIRCKITGGC,amp_all_clean.csv,1,amp,0,29,0.22833333333333333,0,0.3,0.2222222222222222,0.0,0.1724137931034483,0.0
GLLGKVLGVGKKVLCVVSGLC,amp_all_clean.csv,1,amp,0,21,0.45714285714285713,0,0.5714285714285714,0.5714285714285714,0.0,0.23809523809523808,0.0
GLLGKILGVGKKVLCGVSGLC,amp_all_clean.csv,1,amp,0,21,0.5714285714285714,0,0.7142857142857143,0.7142857142857143,0.0,0.2857142857142857,0.0
GILSGLLGAGKKIVCGLSGMC,amp_all_clean.csv,1,amp,0,21,0.45714285714285713,0,0.5714285714285714,0.5714285714285714,0.0,0.2857142857142857,0.0
GLLGKVLGVGKKVLCGVSGRC,amp_all_clean.csv,1,amp,0,21,0.5714285714285714,0,0.7142857142857143,0.7142857142857143,0.0,0.2857142857142857,0.0
EEQRFLPVVAGLAAKVLPSIICAVTKKC,amp_all_clean.csv,1,amp,0,28,0.1111111111111111,1,0.1111111111111111,0.1111111111111111,0.1111111111111111,0.03571428571428571,0.07142857142857142
VVVNLLVKVLKYAK,amp_all_clean.csv,1,amp,1,14,0.0,0,0.0,0.0,0.0,0.0,0.0
VVLNLVVKLLKYAK,amp_all_clean.csv,1,amp,1,14,0.0,0,0.0,0.0,0.0,0.0,0.0
GHSVDRIPEYFGPPGLPGPVLFYS,amp_all_clean.csv,1,amp,0,24,0.37946428571428575,2,0.375,0.42857142857142855,0.35714285714285715,0.16666666666666666,0.20833333333333334
MTPLWRILASKPQGAYCHDHIECSTGLCR,amp_all_clean.csv,1,amp,1,29,0.18555555555555556,1,0.2,0.2222222222222222,0.1111111111111111,0.06896551724137931,0.06896551724137931
LETLLSLI,amp_all_clean.csv,1,amp,0,8,0.0,0,0.0,0.0,0.0,0.0,0.0
LETLLSLV,amp_all_clean.csv,1,amp,0,8,0.0,0,0.0,0.0,0.0,0.0,0.0
PQAAIVASG,amp_all_clean.csv,1,amp,0,9,0.21666666666666667,2,0.3333333333333333,0.0,0.0,0.1111111111111111,0.1111111111111111
PQAAIAASG,amp_all_clean.csv,1,amp,0,9,0.21666666666666667,2,0.3333333333333333,0.0,0.0,0.1111111111111111,0.1111111111111111
PQSAIVASG,amp_all_clean.csv,1,amp,0,9,0.21666666666666667,2,0.3333333333333333,0.0,0.0,0.1111111111111111,0.1111111111111111
PQAVIVASG,amp_all_clean.csv,1,amp,0,9,0.21666666666666667,2,0.3333333333333333,0.0,0.0,0.1111111111111111,0.1111111111111111
PQAAIVAAG,amp_all_clean.csv,1,amp,0,9,0.21666666666666667,2,0.3333333333333333,0.0,0.0,0.1111111111111111,0.1111111111111111
RHPDYSVALLLR,amp_all_clean.csv,1,amp,0,12,0.03333333333333333,1,0.0,0.0,0.16666666666666666,0.0,0.08333333333333333
ITGGPAVVHQA,amp_all_clean.csv,1,amp,0,11,0.3,2,0.3333333333333333,0.3333333333333333,0.16666666666666666,0.18181818181818182,0.09090909090909091
GWFSLVRKVVGGVGSL,amp_all_clean.csv,1,amp,0,16,0.32,1,0.4,0.4,0.0,0.25,0.0
FLPLIAGVAAKVLPKIFCAISKKC,amp_all_clean.csv,1,amp,0,24,0.125,0,0.125,0.125,0.125,0.041666666666666664,0.08333333333333333
FLPLIAGKIFCAISKKC,amp_all_clean.csv,1,amp,0,17,0.15833333333333335,0,0.16666666666666666,0.2,0.1,0.058823529411764705,0.058823529411764705
FLPFLGKLLSGIF,amp_all_clean.csv,1,amp,0,13,0.225,1,0.25,0.25,0.125,0.15384615384615385,0.07692307692307693
FFPLIFGALSSILPKIL,amp_all_clean.csv,1,amp,0,17,0.17833333333333334,0,0.16666666666666666,0.2,0.2,0.058823529411764705,0.11764705882352941
SDSVVSDIICTTFCSVTWCQSNCC,amp_all_clean.csv,1,amp,1,24,0.0,0,0.0,0.0,0.0,0.0,0.0
DDLYKLVNQGFGAVCSFIDGFNGKKYRGKC,amp_all_clean.csv,1,amp,0,30,0.16333333333333333,1,0.2,0.2222222222222222,0.0,0.16666666666666666,0.0
DDLYKLVNQGFGAICSFIDGFNGKKYRGKC,amp_all_clean.csv,1,amp,0,30,0.16333333333333333,1,0.2,0.2222222222222222,0.0,0.16666666666666666,0.0
FLKSNALL,amp_all_clean.csv,1,amp,0,8,0.0,0,0.0,0.0,0.0,0.0,0.0
IFKAIWSGINRLF,amp_all_clean.csv,1,amp,0,13,0.2,1,0.25,0.25,0.0,0.07692307692307693,0.0
FLGVALKLGKVLGKALLPLASSLLHSQ,amp_all_clean.csv,1,amp,0,27,0.18194444444444444,2,0.2222222222222222,0.25,0.0,0.1111111111111111,0.037037037037037035
GIFKDTLKKVVAAVLTTVADNIHPK,amp_all_clean.csv,1,amp,0,25,0.10347222222222222,0,0.1111111111111111,0.125,0.0625,0.04,0.04
GLMDMLKKVGKVALTVAKSALLP,amp_all_clean.csv,1,amp,0,23,0.20535714285714285,0,0.25,0.2857142857142857,0.0,0.08695652173913043,0.043478260869565216
DKPKKKPPPPAGPPPPPPPPPGPPPPGP,amp_all_clean.csv,1,amp,0,28,0.31319444444444444,2,0.2222222222222222,0.125,0.75,0.10714285714285714,0.6785714285714286
ALWKSILKNAGKAALNEINQIV,amp_all_clean.csv,1,amp,0,22,0.11428571428571428,1,0.14285714285714285,0.14285714285714285,0.0,0.045454545454545456,0.0
FLGSLFSIGSKLLPGVFKLFSRKKQ,amp_all_clean.csv,1,amp,0,25,0.3223214285714286,2,0.375,0.42857142857142855,0.07142857142857142,0.12,0.04
IFGMIPGLIGGLISAFK,amp_all_clean.csv,1,amp,0,17,0.2966666666666667,0,0.3333333333333333,0.4,0.1,0.23529411764705882,0.058823529411764705
GGRGHIAEYFSGPITQVSFYG,amp_all_clean.csv,1,amp,0,21,0.22857142857142856,0,0.2857142857142857,0.2857142857142857,0.0,0.23809523809523808,0.047619047619047616
GGGGPTPEYFLMPIDPAWLQANLPNTGKYN,amp_all_clean.csv,1,amp,0,30,0.20777777777777778,2,0.2,0.2222222222222222,0.2222222222222222,0.16666666666666666,0.16666666666666666
RNKMAYNVGKAISRIMRRVR,amp_all_clean.csv,1,amp,0,20,0.13333333333333333,2,0.16666666666666666,0.16666666666666666,0.0,0.05,0.0
KVPVAAAAAAAAAVVASSMVVAAAK,amp_all_clean.csv,1,amp,1,25,0.0125,0,0.0,0.0,0.0625,0.0,0.04
FKYDSTHGRFHGEVKAEGGKL,amp_all_clean.csv,1,amp,0,21,0.2357142857142857,2,0.2857142857142857,0.3333333333333333,0.0,0.19047619047619047,0.0
IHAEEILDIRGNPTVEVDLHTAKGH,amp_all_clean.csv,1,amp,0,25,0.1125,1,0.125,0.125,0.0625,0.08,0.04
QSHISLCRYCCKCCKTKGCGFCCSF,amp_all_clean.csv,1,amp,1,25,0.10267857142857142,2,0.125,0.14285714285714285,0.0,0.08,0.0
SLGSSPYNDILGYPALIVIYP,amp_all_clean.csv,1,amp,0,21,0.2523809523809524,2,0.2857142857142857,0.3333333333333333,0.08333333333333333,0.09523809523809523,0.14285714285714285
GYPWWDYRDLFGGHTFISP,amp_all_clean.csv,1,amp,0,19,0.2523809523809524,0,0.2857142857142857,0.3333333333333333,0.08333333333333333,0.15789473684210525,0.10526315789473684
GAVHDVKDVLDS,amp_all_clean.csv,1,amp,0,12,0.2,0,0.25,0.25,0.0,0.08333333333333333,0.0
SSLLEKGLDGAKKAVGGLGKLGKDA,amp_all_clean.csv,1,amp,0,25,0.45486111111111116,0,0.5555555555555556,0.625,0.0,0.24,0.0
FLGTVLKVAAKVLPAALCQIFKKC,amp_all_clean.csv,1,amp,0,24,0.11696428571428572,2,0.125,0.14285714285714285,0.07142857142857142,0.041666666666666664,0.041666666666666664
QSHLSMCRYCCKCCRNKGCGFCCRF,amp_all_clean.csv,1,amp,1,25,0.10267857142857142,2,0.125,0.14285714285714285,0.0,0.08,0.0
ITSKSLCTPGCKTGILMTCPLKTATCGCHF,amp_all_clean.csv,1,amp,1,30,0.1,0,0.1,0.1,0.1,0.1,0.06666666666666667
ITSISLCTAGCITGVIMTCMSNGCK,amp_all_clean.csv,1,amp,1,25,0.2,1,0.25,0.25,0.0,0.12,0.0
VPTTPFLCTNDPQCKVNYEDGHCFDILSK,amp_all_clean.csv,1,amp,1,29,0.09999999999999999,2,0.1111111111111111,0.1111111111111111,0.05555555555555555,0.034482758620689655,0.10344827586206896
IKCKFCCGCCTPGVCGVCCRF,amp_all_clean.csv,1,amp,1,21,0.24285714285714285,0,0.2857142857142857,0.2857142857142857,0.07142857142857142,0.14285714285714285,0.047619047619047616
AGLGKIGALIQKVIAKYKA,amp_all_clean.csv,1,amp,0,19,0.2357142857142857,0,0.2857142857142857,0.3333333333333333,0.0,0.15789473684210525,0.0
QSHLSMCRYCCCKGNKGCGFCCKF,amp_all_clean.csv,1,amp,1,24,0.20535714285714285,1,0.25,0.2857142857142857,0.0,0.125,0.0
CLGIGSCDDFAGCGYAIVCFW,amp_all_clean.csv,1,amp,1,21,0.2357142857142857,1,0.2857142857142857,0.3333333333333333,0.0,0.19047619047619047,0.0
ITSWSLCTAGCITGRIMGCNK,amp_all_clean.csv,1,amp,1,21,0.11785714285714285,1,0.14285714285714285,0.16666666666666666,0.0,0.14285714285714285,0.0
CGCYCKSVDKKRRFFIPTCLRSCCN,amp_all_clean.csv,1,amp,1,25,0.1,1,0.125,0.125,0.0,0.04,0.04
VFDIIKDAGKQLVAHAMGKIAEKV,amp_all_clean.csv,1,amp,0,24,0.20535714285714285,2,0.25,0.2857142857142857,0.0,0.08333333333333333,0.0
VFDIIKDAGRQLVAHAMGKIAEKV,amp_all_clean.csv,1,amp,0,24,0.20535714285714285,2,0.25,0.2857142857142857,0.0,0.08333333333333333,0.0
HFDNLNKIQANI,amp_all_clean.csv,1,amp,0,12,0.0,0,0.0,0.0,0.0,0.0,0.0
VLDLVTKTLKNVPKTVKGLLPL,amp_all_clean.csv,1,amp,0,22,0.13452380952380952,2,0.14285714285714285,0.16666666666666666,0.08333333333333333,0.045454545454545456,0.09090909090909091
SPRVCIRVCRNGVCYRRCWG,amp_all_clean.csv,1,amp,1,20,0.13333333333333333,2,0.16666666666666666,0.16666666666666666,0.0,0.1,0.05
GVFDTVKKIGKAVGKFALGVAKNYLNS,amp_all_clean.csv,1,amp,0,27,0.26666666666666666,0,0.3333333333333333,0.3333333333333333,0.0,0.14814814814814814,0.0
FLGTVLKLGKAIAKTVVPMLTNAMQPKQ,amp_all_clean.csv,1,amp,0,28,0.19444444444444445,2,0.2222222222222222,0.25,0.0625,0.07142857142857142,0.07142857142857142
FLGLIPALAGAIGNLIK,amp_all_clean.csv,1,amp,0,17,0.2966666666666667,0,0.3333333333333333,0.4,0.1,0.17647058823529413,0.058823529411764705
ALWKTLLKKVGKVAGKAVLNAVTNMANQN,amp_all_clean.csv,1,amp,0,29,0.08888888888888888,2,0.1111111111111111,0.1111111111111111,0.0,0.06896551724137931,0.0
FLPLLAGLAASFLPTIFCKISRKC,amp_all_clean.csv,1,amp,0,24,0.125,0,0.125,0.125,0.125,0.041666666666666664,0.08333333333333333
ACLRIRVCNRYYCYVFLRCF,amp_all_clean.csv,1,amp,1,20,0.0,0,0.0,0.0,0.0,0.0,0.0
FCIRVRVCNHYFCFYALRCF,amp_all_clean.csv,1,amp,1,20,0.0,0,0.0,0.0,0.0,0.0,0.0
GIPCGESCVWIPCISGAIGCSCKSKVCYRN,amp_all_clean.csv,1,amp,1,30,0.26,0,0.3,0.3,0.1,0.13333333333333333,0.06666666666666667
GSYISCGETCVKLKCYTPGCTCTWPACKKN,amp_all_clean.csv,1,amp,1,30,0.25,0,0.3,0.3,0.05,0.1,0.06666666666666667
VTRASGASTPPGTASPFKTL,amp_all_clean.csv,1,amp,0,20,0.31666666666666665,2,0.3333333333333333,0.3333333333333333,0.25,0.1,0.15
ALWKTLLKHVGKAAGKAALNAVTDMVNQ,amp_all_clean.csv,1,amp,0,28,0.09097222222222222,2,0.1111111111111111,0.125,0.0,0.07142857142857142,0.0
AGMKNIIDAIKKKLGGKL,amp_all_clean.csv,1,amp,0,18,0.13833333333333334,1,0.16666666666666666,0.2,0.0,0.16666666666666666,0.0
TGLGKIGYLMKKLLSKAKV,amp_all_clean.csv,1,amp,0,19,0.2357142857142857,0,0.2857142857142857,0.3333333333333333,0.0,0.15789473684210525,0.0
GRFRRLRNRIRNIWRKIGPIAGPLISRFG,amp_all_clean.csv,1,amp,1,29,0.17444444444444443,0,0.2,0.2222222222222222,0.05555555555555555,0.13793103448275862,0.06896551724137931
GRFSRLRKRIRKVWRKIGPIAGPIIGHFG,amp_all_clean.csv,1,amp,1,29,0.17444444444444443,0,0.2,0.2222222222222222,0.05555555555555555,0.1724137931034483,0.06896551724137931
INLKGLIKKVASLLT,amp_all_clean.csv,1,amp,0,15,0.1675,1,0.2,0.25,0.0,0.06666666666666667,0.0
FDLLGLVKKVASAL,amp_all_clean.csv,1,amp,0,14,0.1675,1,0.2,0.25,0.0,0.07142857142857142,0.0
FDLLGLVKSVVSAL,amp_all_clean.csv,1,amp,0,14,0.1675,1,0.2,0.25,0.0,0.07142857142857142,0.0
FGPVIGLLSGILKSLL,amp_all_clean.csv,1,amp,0,16,0.18000000000000002,1,0.2,0.2,0.1,0.1875,0.0625
GFLDVIKHVGKAALSVVSHLINE,amp_all_clean.csv,1,amp,0,23,0.20535714285714285,0,0.25,0.2857142857142857,0.0,0.08695652173913043,0.0
GNGVVTTISHECNMNSWQFLFTCCG,amp_all_clean.csv,1,amp,1,25,0.16319444444444442,0,0.2222222222222222,0.125,0.0,0.12,0.0
MMMMRMQQEEMQPR,amp_all_clean.csv,1,amp,0,14,0.025,1,0.0,0.0,0.125,0.0,0.07142857142857142
RCFRRRGKLTC,amp_all_clean.csv,1,amp,0,11,0.2125,0,0.25,0.3333333333333333,0.0,0.09090909090909091,0.0
FLSLIPHAISAVSALAKHL,amp_all_clean.csv,1,amp,0,19,0.016666666666666666,0,0.0,0.0,0.08333333333333333,0.0,0.05263157894736842
FLPFLASLALKIL,amp_all_clean.csv,1,amp,1,13,0.025,0,0.0,0.0,0.125,0.0,0.07692307692307693
GLWTGKYTDVFGGRALIKIIIQT,amp_all_clean.csv,1,amp,0,23,0.20535714285714285,0,0.25,0.2857142857142857,0.0,0.17391304347826086,0.0
FFPIVAGVAAKVLKKIFCTISKKC,amp_all_clean.csv,1,amp,0,24,0.1125,0,0.125,0.125,0.0625,0.041666666666666664,0.041666666666666664
RKCNLFCKAKQKLKSLSSVIGTVVHPPRG,amp_all_clean.csv,1,amp,0,29,0.09999999999999999,2,0.1111111111111111,0.1111111111111111,0.05555555555555555,0.06896551724137931,0.06896551724137931
IITGASSGIGKAIAKHFI,amp_all_clean.csv,1,amp,0,18,0.26666666666666666,0,0.3333333333333333,0.3333333333333333,0.0,0.16666666666666666,0.0
RWRRFWGKAKRGIKKHGVSIALAALRLRG,amp_all_clean.csv,1,amp,1,29,0.14666666666666667,1,0.2,0.1111111111111111,0.0,0.13793103448275862,0.0
AGECVRGRCPGGLCCSKFGFCGSGPAYCGG,amp_all_clean.csv,1,amp,1,30,0.2505555555555556,1,0.3,0.2222222222222222,0.1111111111111111,0.3,0.06666666666666667
GKPNRPRPAPIQPRPPHPRL,amp_all_clean.csv,1,amp,0,20,0.2011904761904762,0,0.14285714285714285,0.16666666666666666,0.4166666666666667,0.05,0.4
GKPNKPRPAPIKPRPPHPRL,amp_all_clean.csv,1,amp,0,20,0.2011904761904762,0,0.14285714285714285,0.16666666666666666,0.4166666666666667,0.05,0.4
FLPFLGKLFSGIF,amp_all_clean.csv,1,amp,0,13,0.225,1,0.25,0.25,0.125,0.15384615384615385,0.07692307692307693
GNRPNIPTYIPRPRPPHPRL,amp_all_clean.csv,1,amp,0,20,0.16785714285714284,0,0.14285714285714285,0.16666666666666666,0.25,0.05,0.35
RNRPNIPKYIPPPRPPHPRL,amp_all_clean.csv,1,amp,0,20,0.11666666666666668,1,0.0,0.0,0.5833333333333334,0.0,0.4
GSRPIYVPPPRPPHPRL,amp_all_clean.csv,1,amp,0,17,0.21833333333333335,0,0.16666666666666666,0.2,0.4,0.058823529411764705,0.4117647058823529
GRMQEFIKKLKAYLRKMKEKFSQIS,amp_all_clean.csv,1,amp,0,25,0.09097222222222222,0,0.1111111111111111,0.125,0.0,0.04,0.0
AKKVFKRLEKLFSKIQNDK,amp_all_clean.csv,1,amp,0,19,0.0,0,0.0,0.0,0.0,0.0,0.0
GFIFHIIKGLFHAGKMIHGLV,amp_all_clean.csv,1,amp,0,21,0.22857142857142856,0,0.2857142857142857,0.2857142857142857,0.0,0.19047619047619047,0.0
KRFWQLVPLAIKIYRAWKRR,amp_all_clean.csv,1,amp,0,20,0.016666666666666666,0,0.0,0.0,0.08333333333333333,0.0,0.05
DEMKLDGFNMHLE,amp_all_clean.csv,1,amp,0,13,0.1675,0,0.2,0.25,0.0,0.07692307692307693,0.0
AAGKGLVSNLLEK,amp_all_clean.csv,1,amp,0,13,0.2125,2,0.25,0.3333333333333333,0.0,0.15384615384615385,0.0
GLLDFLKAAGKGLVSNLLEK,amp_all_clean.csv,1,amp,0,20,0.2357142857142857,0,0.2857142857142857,0.3333333333333333,0.0,0.15,0.0
GVTFNALKGVAKTVAAQLLKTAR,amp_all_clean.csv,1,amp,0,23,0.11428571428571428,2,0.14285714285714285,0.14285714285714285,0.0,0.08695652173913043,0.0
GNNRPVYIPQPRPPHPRI,amp_all_clean.csv,1,amp,0,18,0.19999999999999998,0,0.16666666666666666,0.16666666666666666,0.3333333333333333,0.05555555555555555,0.3333333333333333
GNNRPVYIPQPRPPHPRL,amp_all_clean.csv,1,amp,0,18,0.19999999999999998,0,0.16666666666666666,0.16666666666666666,0.3333333333333333,0.05555555555555555,0.3333333333333333
RLCRIVVIRVCR,amp_all_clean.csv,1,amp,0,12,0.0,0,0.0,0.0,0.0,0.0,0.0
GLFDIIKKIAESI,amp_all_clean.csv,1,amp,0,13,0.1675,0,0.2,0.25,0.0,0.07692307692307693,0.0
GLFDIIKKIAESF,amp_all_clean.csv,1,amp,0,13,0.1675,0,0.2,0.25,0.0,0.07692307692307693,0.0
GLLDIVKKVVGAFGSL,amp_all_clean.csv,1,amp,0,16,0.32,1,0.4,0.4,0.0,0.1875,0.0
GLFDIVKKVVGALGSL,amp_all_clean.csv,1,amp,0,16,0.32,1,0.4,0.4,0.0,0.1875,0.0
GLFDIVKKVVGAIGSL,amp_all_clean.csv,1,amp,0,16,0.32,1,0.4,0.4,0.0,0.1875,0.0
GLFDIVKKVVGTLAGL,amp_all_clean.csv,1,amp,0,16,0.16,1,0.2,0.2,0.0,0.1875,0.0
GLFDIVKKVVGAFGSL,amp_all_clean.csv,1,amp,0,16,0.32,1,0.4,0.4,0.0,0.1875,0.0
GLFDIAKKVIGVIGSL,amp_all_clean.csv,1,amp,0,16,0.32,1,0.4,0.4,0.0,0.1875,0.0
GLFDIVKKIAGHIAGSI,amp_all_clean.csv,1,amp,0,17,0.16,2,0.2,0.2,0.0,0.17647058823529413,0.0
GLFDIVKKIAGHIASSI,amp_all_clean.csv,1,amp,0,17,0.13833333333333334,0,0.16666666666666666,0.2,0.0,0.11764705882352941,0.0
GLFDIVKKIAGHIVSSI,amp_all_clean.csv,1,amp,0,17,0.13833333333333334,0,0.16666666666666666,0.2,0.0,0.11764705882352941,0.0
HGVSGHGQHGVHG,amp_all_clean.csv,1,amp,0,13,0.465,0,0.6,0.5,0.0,0.38461538461538464,0.0
FKCRRWQWRMKKLGAPSITCVRRAF,amp_all_clean.csv,1,amp,0,25,0.1125,1,0.125,0.125,0.0625,0.04,0.04
CLGIGSCNDFAGCGYAVVCFW,amp_all_clean.csv,1,amp,1,21,0.2357142857142857,1,0.2857142857142857,0.3333333333333333,0.0,0.19047619047619047,0.0
QRFSQPTFKLPQGRLTLSRKF,amp_all_clean.csv,1,amp,0,21,0.14285714285714285,0,0.14285714285714285,0.14285714285714285,0.14285714285714285,0.047619047619047616,0.09523809523809523
KSSAYSLQMGATAIKQVKKLFKKWGW,amp_all_clean.csv,1,amp,0,26,0.16319444444444442,0,0.2222222222222222,0.125,0.0,0.07692307692307693,0.0
GIGASILSAGKSALKGLAKGLAEHFAN,amp_all_clean.csv,1,amp,0,27,0.26666666666666666,0,0.3333333333333333,0.3333333333333333,0.0,0.18518518518518517,0.0
GIGSAILSAGKSALKGLAKGLAEHFAN,amp_all_clean.csv,1,amp,0,27,0.26666666666666666,0,0.3333333333333333,0.3333333333333333,0.0,0.18518518518518517,0.0
GIGAAILSAGKSALKGLAKGLAEHF,amp_all_clean.csv,1,amp,0,25,0.2729166666666667,0,0.3333333333333333,0.375,0.0,0.2,0.0
GIGGALLSAGKSALKGLAKGLAEHFAN,amp_all_clean.csv,1,amp,0,27,0.3555555555555555,0,0.4444444444444444,0.4444444444444444,0.0,0.2222222222222222,0.0
IIGPVLGMVGSALGGLLKKI,amp_all_clean.csv,1,amp,0,20,0.2833333333333333,2,0.3333333333333333,0.3333333333333333,0.08333333333333333,0.25,0.05
IIGPVLGLVGSALGGLLKKI,amp_all_clean.csv,1,amp,0,20,0.2833333333333333,2,0.3333333333333333,0.3333333333333333,0.08333333333333333,0.25,0.05
GIGTKILGGVKTALKGALKELASTYAN,amp_all_clean.csv,1,amp,0,27,0.18194444444444444,2,0.2222222222222222,0.25,0.0,0.18518518518518517,0.0
GIGTKILGGVKTALKGALKELASTYVN,amp_all_clean.csv,1,amp,0,27,0.18194444444444444,2,0.2222222222222222,0.25,0.0,0.18518518518518517,0.0
GIGGKILSGLKTALKGAAKELASTYLH,amp_all_clean.csv,1,amp,0,27,0.26666666666666666,0,0.3333333333333333,0.3333333333333333,0.0,0.18518518518518517,0.0
GIGGVLLSAGKAALKGLAKVLAEKYAN,amp_all_clean.csv,1,amp,0,27,0.3555555555555555,0,0.4444444444444444,0.4444444444444444,0.0,0.18518518518518517,0.0
SIGAKILGGVKTFFKGALKELASTYLQ,amp_all_clean.csv,1,amp,0,27,0.18194444444444444,2,0.2222222222222222,0.25,0.0,0.14814814814814814,0.0
ILGPVLSLVGSALGGLIKKI,amp_all_clean.csv,1,amp,0,20,0.2833333333333333,2,0.3333333333333333,0.3333333333333333,0.08333333333333333,0.2,0.05
SKITDILAKLGKVLAHV,amp_all_clean.csv,1,amp,0,17,0.13833333333333334,1,0.16666666666666666,0.2,0.0,0.058823529411764705,0.0
VIPFVASVAAEMQHVYCAASRKC,amp_all_clean.csv,1,amp,0,23,0.014285714285714285,0,0.0,0.0,0.07142857142857142,0.0,0.043478260869565216
FLPLLAGLAANFLPKIFCKITRKC,amp_all_clean.csv,1,amp,0,24,0.125,0,0.125,0.125,0.125,0.041666666666666664,0.08333333333333333
FLPVLAGIAAKVVPALFCKITKKC,amp_all_clean.csv,1,amp,0,24,0.125,0,0.125,0.125,0.125,0.041666666666666664,0.08333333333333333
FLGALFKVASKVLPSVFCAITKKC,amp_all_clean.csv,1,amp,0,24,0.11696428571428572,2,0.125,0.14285714285714285,0.07142857142857142,0.041666666666666664,0.041666666666666664
FLPLLAGLAANFLPTIICKISYKC,amp_all_clean.csv,1,amp,0,24,0.125,0,0.125,0.125,0.125,0.041666666666666664,0.08333333333333333
FLPLIGRVLSGIL,amp_all_clean.csv,1,amp,0,13,0.225,1,0.25,0.25,0.125,0.15384615384615385,0.07692307692307693
LLPIVGNLLKSLL,amp_all_clean.csv,1,amp,0,13,0.2125,2,0.25,0.3333333333333333,0.0,0.07692307692307693,0.07692307692307693
LLPILGNLLNGLL,amp_all_clean.csv,1,amp,0,13,0.225,1,0.25,0.25,0.125,0.15384615384615385,0.07692307692307693
VLPIIGNLLNSLL,amp_all_clean.csv,1,amp,0,13,0.2125,2,0.25,0.3333333333333333,0.0,0.07692307692307693,0.07692307692307693
FLPLIGKVLSGIL,amp_all_clean.csv,1,amp,0,13,0.225,1,0.25,0.25,0.125,0.15384615384615385,0.07692307692307693
FFPVIGRILNGIL,amp_all_clean.csv,1,amp,0,13,0.225,1,0.25,0.25,0.125,0.15384615384615385,0.07692307692307693
LLPNLLKSLL,amp_all_clean.csv,1,amp,0,10,0.03333333333333333,0,0.0,0.0,0.16666666666666666,0.0,0.1
FVQWFSKFLGRIL,amp_all_clean.csv,1,amp,0,13,0.1675,0,0.2,0.25,0.0,0.07692307692307693,0.0
GSKKPVPIIYCNRRTGKCQRM,amp_all_clean.csv,1,amp,0,21,0.24285714285714285,0,0.2857142857142857,0.2857142857142857,0.07142857142857142,0.09523809523809523,0.09523809523809523
FLPFLAKILTGVL,amp_all_clean.csv,1,amp,0,13,0.225,1,0.25,0.25,0.125,0.07692307692307693,0.07692307692307693
FLPLFASLIGKLL,amp_all_clean.csv,1,amp,0,13,0.1925,0,0.2,0.25,0.125,0.07692307692307693,0.07692307692307693
FLPFLASLLSKVL,amp_all_clean.csv,1,amp,0,13,0.025,0,0.0,0.0,0.125,0.0,0.07692307692307693
FLPFLATLLSKVL,amp_all_clean.csv,1,amp,0,13,0.025,0,0.0,0.0,0.125,0.0,0.07692307692307693
VLPLISMALGKLL,amp_all_clean.csv,1,amp,0,13,0.1925,0,0.2,0.25,0.125,0.07692307692307693,0.07692307692307693
NFLGTLINLAKKIM,amp_all_clean.csv,1,amp,0,14,0.1675,0,0.2,0.25,0.0,0.07142857142857142,0.0
FLPILINLIHKGLL,amp_all_clean.csv,1,amp,0,14,0.2,2,0.25,0.25,0.0,0.07142857142857142,0.07142857142857142
FLPIVGKLLSGLL,amp_all_clean.csv,1,amp,0,13,0.225,1,0.25,0.25,0.125,0.15384615384615385,0.07692307692307693
SMLSVLKNLGKVGLGFVACKINKQC,amp_all_clean.csv,1,amp,0,25,0.18194444444444444,0,0.2222222222222222,0.25,0.0,0.12,0.0
FLPFIARLAAKVFPSIICSVTKKC,amp_all_clean.csv,1,amp,0,24,0.025,0,0.0,0.0,0.125,0.0,0.08333333333333333
GLLDTIKGVAKTVAASMLDKLKCKISGC,amp_all_clean.csv,1,amp,0,28,0.08888888888888888,1,0.1111111111111111,0.1111111111111111,0.0,0.10714285714285714,0.0
SMLSVLKNLGKVGLGLVACKINKQC,amp_all_clean.csv,1,amp,0,25,0.18194444444444444,0,0.2222222222222222,0.25,0.0,0.12,0.0
GLFLDTLKGLAGKLLQGLKCIKAGCKP,amp_all_clean.csv,1,amp,0,27,0.2729166666666667,2,0.3333333333333333,0.375,0.0,0.18518518518518517,0.037037037037037035
FLPLILRKIVTAL,amp_all_clean.csv,1,amp,0,13,0.025,0,0.0,0.0,0.125,0.0,0.07692307692307693
GIGKFLHSAKKFGKAFVGEIMNS,amp_all_clean.csv,1,amp,0,23,0.22857142857142856,2,0.2857142857142857,0.2857142857142857,0.0,0.17391304347826086,0.0
GIGAVLKVLTTGLPALISWIKRKRQQ,amp_all_clean.csv,1,amp,0,26,0.21250000000000002,2,0.25,0.25,0.0625,0.11538461538461539,0.038461538461538464
ILPWKWPWWPWRR,amp_all_clean.csv,1,amp,0,13,0.07500000000000001,1,0.0,0.0,0.375,0.0,0.23076923076923078
VRRFPWWWPFLRR,amp_all_clean.csv,1,amp,0,13,0.05,0,0.0,0.0,0.25,0.0,0.15384615384615385
RSVCRQIKICRRRGGCYYKCTNRPY,amp_all_clean.csv,1,amp,1,25,0.1125,1,0.125,0.125,0.0625,0.08,0.04
RGLRRLGRKIAHGVKKYGPTVLRIIRIAG,amp_all_clean.csv,1,amp,1,29,0.16333333333333333,0,0.2,0.2222222222222222,0.0,0.1724137931034483,0.034482758620689655
ALWKNMLKGIGKLAGKAALGAVKKLVGAES,amp_all_clean.csv,1,amp,0,30,0.245,2,0.3,0.3333333333333333,0.0,0.16666666666666666,0.0
ALWMTLLKKVLKAAAKAALNAVLVGANA,amp_all_clean.csv,1,amp,1,28,0.08166666666666667,0,0.1,0.1111111111111111,0.0,0.03571428571428571,0.0
GLWSKIKTAGKSVAKAAAKAAVKAVTNAV,amp_all_clean.csv,1,amp,0,29,0.16333333333333333,0,0.2,0.2222222222222222,0.0,0.06896551724137931,0.0
GLWNKIKEAASKAAGKAALGFVNEMV,amp_all_clean.csv,1,amp,0,26,0.1,2,0.125,0.125,0.0,0.11538461538461539,0.0
ALWKDILKNVGKAAGKAVLNTVTDMVNQ,amp_all_clean.csv,1,amp,0,28,0.09097222222222222,2,0.1111111111111111,0.125,0.0,0.07142857142857142,0.0
ALWKTIIKGAGKMIGSLAKNLLGSQAQPES,amp_all_clean.csv,1,amp,0,30,0.17444444444444443,1,0.2,0.2222222222222222,0.05555555555555555,0.13333333333333333,0.03333333333333333
ALWKNMLKGIGKLAGQAALGAVKTLVGA,amp_all_clean.csv,1,amp,0,28,0.25416666666666665,2,0.3333333333333333,0.25,0.0,0.17857142857142858,0.0
GWGSFFKKAAHVGKHVGKAALTHYL,amp_all_clean.csv,1,amp,0,25,0.18194444444444444,0,0.2222222222222222,0.25,0.0,0.16,0.0
GWMSKIASGIGTFLSGMQQ,amp_all_clean.csv,1,amp,0,19,0.2357142857142857,0,0.2857142857142857,0.3333333333333333,0.0,0.21052631578947367,0.0
GRPNPVNNKPTPHPRL,amp_all_clean.csv,1,amp,0,16,0.21833333333333335,0,0.16666666666666666,0.2,0.4,0.0625,0.3125
GRPNPVNTKPTPYPRL,amp_all_clean.csv,1,amp,0,16,0.21833333333333335,0,0.16666666666666666,0.2,0.4,0.0625,0.3125
VDKGSYLPRPTPPRPIYNRN,amp_all_clean.csv,1,amp,0,20,0.16785714285714284,0,0.14285714285714285,0.16666666666666666,0.25,0.05,0.25
HRHQGPIFDTRPSPFNPNQPRPGPIY,amp_all_clean.csv,1,amp,0,26,0.23194444444444443,1,0.2222222222222222,0.25,0.25,0.07692307692307693,0.2692307692307692
GKPRPYSPRPTSHPRPIRV,amp_all_clean.csv,1,amp,0,19,0.1845238095238095,0,0.14285714285714285,0.16666666666666666,0.3333333333333333,0.05263157894736842,0.3157894736842105
ACYCRIPACIAGERRYGTCIYQGRLWAFCC,amp_all_clean.csv,1,amp,1,30,0.17444444444444443,1,0.2,0.2222222222222222,0.05555555555555555,0.1,0.03333333333333333
CYCRIPACIAGERRYGTCIYQGRLWAFCC,amp_all_clean.csv,1,amp,1,29,0.17444444444444443,0,0.2,0.2222222222222222,0.05555555555555555,0.10344827586206896,0.034482758620689655
DCYCRIPACIAGERRYGTCIYQGRLWAFCC,amp_all_clean.csv,1,amp,1,30,0.17444444444444443,1,0.2,0.2222222222222222,0.05555555555555555,0.1,0.03333333333333333
QCRRLCYKQRCVTYCRGR,amp_all_clean.csv,1,amp,1,18,0.10833333333333334,1,0.16666666666666666,0.0,0.0,0.05555555555555555,0.0
ICIFCCGCCHRSKCGMCCKT,amp_all_clean.csv,1,amp,1,20,0.13333333333333333,2,0.16666666666666666,0.16666666666666666,0.0,0.1,0.0
DTHFPICIFCCGCCHRSKCGMCCKT,amp_all_clean.csv,1,amp,1,25,0.11696428571428572,2,0.125,0.14285714285714285,0.07142857142857142,0.08,0.04
VGECVRGRCPSGMCCSQFGYCGKGPKYCGR,amp_all_clean.csv,1,amp,1,30,0.24,0,0.3,0.3,0.0,0.23333333333333334,0.06666666666666667
RGGRLCYCRRRFCVCVGR,amp_all_clean.csv,1,amp,1,18,0.24666666666666667,1,0.3333333333333333,0.2,0.0,0.16666666666666666,0.0
LKLKSIVSWAKKVL,amp_all_clean.csv,1,amp,0,14,0.0,0,0.0,0.0,0.0,0.0,0.0
INLKALAALAKKIL,amp_all_clean.csv,1,amp,1,14,0.0,0,0.0,0.0,0.0,0.0,0.0
GVLSNVIGYLKKLGTGALNAVLKQ,amp_all_clean.csv,1,amp,0,24,0.20535714285714285,1,0.25,0.2857142857142857,0.0,0.16666666666666666,0.0
GMASKAGAIAGKIAKVALKAL,amp_all_clean.csv,1,amp,0,21,0.22857142857142856,0,0.2857142857142857,0.2857142857142857,0.0,0.14285714285714285,0.0
RRWCFRVCYRGFCYRKCR,amp_all_clean.csv,1,amp,1,18,0.13833333333333334,1,0.16666666666666666,0.2,0.0,0.05555555555555555,0.0
RRWCFRVCYKGFCYRKCR,amp_all_clean.csv,1,amp,1,18,0.13833333333333334,1,0.16666666666666666,0.2,0.0,0.05555555555555555,0.0
KWCFRVCYRGICYRKCR,amp_all_clean.csv,1,amp,1,17,0.13833333333333334,0,0.16666666666666666,0.2,0.0,0.058823529411764705,0.0
KWCFRVCYRGICYRRCR,amp_all_clean.csv,1,amp,1,17,0.13833333333333334,0,0.16666666666666666,0.2,0.0,0.058823529411764705,0.0
RWCFRVCYRGICYRKCR,amp_all_clean.csv,1,amp,1,17,0.13833333333333334,0,0.16666666666666666,0.2,0.0,0.058823529411764705,0.0
RGGRLCYCRRRFCICV,amp_all_clean.csv,1,amp,1,16,0.1675,2,0.2,0.25,0.0,0.125,0.0
RGGGLCYCRRRFCVCVGR,amp_all_clean.csv,1,amp,1,18,0.24666666666666667,1,0.3333333333333333,0.2,0.0,0.2222222222222222,0.0
RGGRLCYCRGWICFCVGR,amp_all_clean.csv,1,amp,1,18,0.24666666666666667,1,0.3333333333333333,0.2,0.0,0.2222222222222222,0.0
RGGRLCYCRPRFCVCVGR,amp_all_clean.csv,1,amp,1,18,0.2666666666666667,1,0.3333333333333333,0.2,0.1,0.16666666666666666,0.05555555555555555
CSCRTSSCRFGERLSGACRLNGRIYRLCC,amp_all_clean.csv,1,amp,1,29,0.16333333333333333,0,0.2,0.2222222222222222,0.0,0.10344827586206896,0.0
GWASKIGQTLGKIAKVGLKELIQPK,amp_all_clean.csv,1,amp,0,25,0.21250000000000002,1,0.25,0.25,0.0625,0.16,0.04
GLLSVLGSVAKHVLPHVVPVIAEHL,amp_all_clean.csv,1,amp,0,25,0.19444444444444445,0,0.2222222222222222,0.25,0.0625,0.08,0.08
GLLGVLGSVAKHVLPHVVPVIAEHL,amp_all_clean.csv,1,amp,0,25,0.28541666666666665,0,0.3333333333333333,0.375,0.0625,0.12,0.08
GLLSVLGSVAQHVLPHVVPVIAEHL,amp_all_clean.csv,1,amp,0,25,0.19444444444444445,0,0.2222222222222222,0.25,0.0625,0.08,0.08
GLLSSLSSVAKHVLPHVVPVIAEHL,amp_all_clean.csv,1,amp,0,25,0.10347222222222222,0,0.1111111111111111,0.125,0.0625,0.04,0.08
GLLSVLGSVVKHVIPHVVPVIAEHL,amp_all_clean.csv,1,amp,0,25,0.19444444444444445,0,0.2222222222222222,0.25,0.0625,0.08,0.08
GLVSSIGRALGGLLADVVKSKGQPA,amp_all_clean.csv,1,amp,0,25,0.28541666666666665,0,0.3333333333333333,0.375,0.0625,0.2,0.04
GLVSSIGRALGGLLADVVKSKEQPA,amp_all_clean.csv,1,amp,0,25,0.19444444444444445,0,0.2222222222222222,0.25,0.0625,0.16,0.04
GLVSSIGKALGGLLADVVKTKEQPA,amp_all_clean.csv,1,amp,0,25,0.19444444444444445,0,0.2222222222222222,0.25,0.0625,0.16,0.04
GLWQKIKDKASELVSGIVEGVK,amp_all_clean.csv,1,amp,0,22,0.20535714285714285,0,0.25,0.2857142857142857,0.0,0.13636363636363635,0.0
GLWEKIKEKASELVSGIVEGVK,amp_all_clean.csv,1,amp,0,22,0.20535714285714285,0,0.25,0.2857142857142857,0.0,0.13636363636363635,0.0
GLWEKIKEKANELVSGIVEGVK,amp_all_clean.csv,1,amp,0,22,0.20535714285714285,0,0.25,0.2857142857142857,0.0,0.13636363636363635,0.0
GLWEKIREKANELVSGIVEGVK,amp_all_clean.csv,1,amp,0,22,0.20535714285714285,0,0.25,0.2857142857142857,0.0,0.13636363636363635,0.0
GLWQKIKSAAGDLASGIVEGIKS,amp_all_clean.csv,1,amp,0,23,0.20535714285714285,0,0.25,0.2857142857142857,0.0,0.17391304347826086,0.0
GLWQKIKSAAGDLASGIVEAIKS,amp_all_clean.csv,1,amp,0,23,0.20535714285714285,0,0.25,0.2857142857142857,0.0,0.13043478260869565,0.0
GLWQKIKNAAGDLASGIVEGIKS,amp_all_clean.csv,1,amp,0,23,0.20535714285714285,0,0.25,0.2857142857142857,0.0,0.17391304347826086,0.0
GLFGVLAKVAAHVVPAIAEHF,amp_all_clean.csv,1,amp,0,21,0.24285714285714285,0,0.2857142857142857,0.2857142857142857,0.07142857142857142,0.09523809523809523,0.047619047619047616
GLFVGLAKVAAHNNPAIAEHFQA,amp_all_clean.csv,1,amp,0,23,0.11696428571428572,0,0.125,0.14285714285714285,0.07142857142857142,0.08695652173913043,0.043478260869565216
GFVDFLKKVAGTIANVVT,amp_all_clean.csv,1,amp,0,18,0.13833333333333334,1,0.16666666666666666,0.2,0.0,0.1111111111111111,0.0
GLLQTIKEKLESLESLAKGIVSGIQA,amp_all_clean.csv,1,amp,0,26,0.18194444444444444,0,0.2222222222222222,0.25,0.0,0.11538461538461539,0.0
LSCKRGTCHFGRCPSHLIKGSCSGG,amp_all_clean.csv,1,amp,1,25,0.2,1,0.25,0.25,0.0,0.2,0.04
GIPCGESCVWIPCISAALGCSCKNKVCYRN,amp_all_clean.csv,1,amp,1,30,0.18000000000000002,0,0.2,0.2,0.1,0.1,0.06666666666666667
VFQFLGKIIHHVGNFVHGFSHVF,amp_all_clean.csv,1,amp,0,23,0.22857142857142856,2,0.2857142857142857,0.2857142857142857,0.0,0.13043478260869565,0.0
VFQFLGRIIHHVGNFVHGFSHVF,amp_all_clean.csv,1,amp,0,23,0.22857142857142856,2,0.2857142857142857,0.2857142857142857,0.0,0.13043478260869565,0.0
VFHLLGKIIHHVGNFVYGFSHVF,amp_all_clean.csv,1,amp,0,23,0.22857142857142856,2,0.2857142857142857,0.2857142857142857,0.0,0.13043478260869565,0.0
AFKLLGRIIHHVGNFVYGFSHVF,amp_all_clean.csv,1,amp,0,23,0.22857142857142856,2,0.2857142857142857,0.2857142857142857,0.0,0.13043478260869565,0.0
LFKLLGKIIHHVGNFVHGFSHVF,amp_all_clean.csv,1,amp,0,23,0.22857142857142856,2,0.2857142857142857,0.2857142857142857,0.0,0.13043478260869565,0.0
GIFSSRKCKTVSKTFRGICTRNANC,amp_all_clean.csv,1,amp,1,25,0.1,1,0.125,0.125,0.0,0.08,0.0
MFFSSKKCKTVSKTFRGPCVRNA,amp_all_clean.csv,1,amp,0,23,0.11696428571428572,1,0.125,0.14285714285714285,0.07142857142857142,0.043478260869565216,0.043478260869565216
GCRFCCNCCPNMSGCGVCCRF,amp_all_clean.csv,1,amp,1,21,0.22857142857142856,0,0.2857142857142857,0.2857142857142857,0.0,0.14285714285714285,0.047619047619047616
FCTMIPIPRCY,amp_all_clean.csv,1,amp,0,11,0.06666666666666667,0,0.0,0.0,0.3333333333333333,0.0,0.18181818181818182
RVCFAIPLPICH,amp_all_clean.csv,1,amp,0,12,0.06666666666666667,1,0.0,0.0,0.3333333333333333,0.0,0.16666666666666666
RVCYAIPLPICY,amp_all_clean.csv,1,amp,0,12,0.06666666666666667,1,0.0,0.0,0.3333333333333333,0.0,0.16666666666666666
RVCYAIPLPIC,amp_all_clean.csv,1,amp,0,11,0.06666666666666667,1,0.0,0.0,0.3333333333333333,0.0,0.18181818181818182
CYSAAKYPGFQEFINRKYKSSRF,amp_all_clean.csv,1,amp,0,23,0.1285714285714286,2,0.14285714285714285,0.14285714285714285,0.07142857142857142,0.043478260869565216,0.043478260869565216
GIVDFAKKVVGGIRNALGI,amp_all_clean.csv,1,amp,0,19,0.24666666666666667,2,0.3333333333333333,0.2,0.0,0.21052631578947367,0.0
GFVDLAKKVVGGIRNALGI,amp_all_clean.csv,1,amp,0,19,0.24666666666666667,2,0.3333333333333333,0.2,0.0,0.21052631578947367,0.0
GFFDLAKKVVGGIRNALGI,amp_all_clean.csv,1,amp,0,19,0.24666666666666667,2,0.3333333333333333,0.2,0.0,0.21052631578947367,0.0
GILDFAKTVVGGIRNALGI,amp_all_clean.csv,1,amp,0,19,0.24666666666666667,2,0.3333333333333333,0.2,0.0,0.21052631578947367,0.0
GIVDFAKGVLGKIKNVLGI,amp_all_clean.csv,1,amp,0,19,0.26666666666666666,1,0.3333333333333333,0.3333333333333333,0.0,0.21052631578947367,0.0
GIIDIAKKLVGGIRNVLGI,amp_all_clean.csv,1,amp,0,19,0.24666666666666667,2,0.3333333333333333,0.2,0.0,0.21052631578947367,0.0
GILDVAKTLVGKLRNVLGI,amp_all_clean.csv,1,amp,0,19,0.13333333333333333,1,0.16666666666666666,0.16666666666666666,0.0,0.15789473684210525,0.0
GVLDAFRKIATVVKNVV,amp_all_clean.csv,1,amp,0,17,0.13833333333333334,0,0.16666666666666666,0.2,0.0,0.058823529411764705,0.0
GVGDLIRKAVSVIKNIV,amp_all_clean.csv,1,amp,0,17,0.16,2,0.2,0.2,0.0,0.11764705882352941,0.0
GVIDAAKKVVNVLKNLF,amp_all_clean.csv,1,amp,0,17,0.13833333333333334,0,0.16666666666666666,0.2,0.0,0.058823529411764705,0.0
GVGSFIHKVVSAIKNVA,amp_all_clean.csv,1,amp,0,17,0.16,2,0.2,0.2,0.0,0.11764705882352941,0.0
GWFDVVKHIASAV,amp_all_clean.csv,1,amp,0,13,0.1675,0,0.2,0.25,0.0,0.07692307692307693,0.0
GFGKAFHSVSNFAKKHKTA,amp_all_clean.csv,1,amp,0,19,0.13833333333333334,2,0.16666666666666666,0.2,0.0,0.10526315789473684,0.0
GFGPAFHSVSNFAKKHKTA,amp_all_clean.csv,1,amp,0,19,0.15833333333333335,2,0.16666666666666666,0.2,0.1,0.10526315789473684,0.05263157894736842
PDPAKTAPKKGSKKAVTKA,amp_all_clean.csv,1,amp,0,19,0.15,1,0.16666666666666666,0.16666666666666666,0.08333333333333333,0.05263157894736842,0.15789473684210525
FFGWLIKGAIHAGKAIHGLIHRRRH,amp_all_clean.csv,1,amp,1,25,0.20535714285714285,2,0.25,0.2857142857142857,0.0,0.16,0.0
FFGWLIRGAIHAGKAIHGLIHRRRH,amp_all_clean.csv,1,amp,1,25,0.20535714285714285,2,0.25,0.2857142857142857,0.0,0.16,0.0
FIGLLISAGKAIHDLIRRRH,amp_all_clean.csv,1,amp,0,20,0.26666666666666666,2,0.3333333333333333,0.3333333333333333,0.0,0.1,0.0
GNNRPIYIPQPRPPHPRL,amp_all_clean.csv,1,amp,0,18,0.19999999999999998,0,0.16666666666666666,0.16666666666666666,0.3333333333333333,0.05555555555555555,0.3333333333333333
GLLSVLGSVAKHVLPHVVPVIAEKL,amp_all_clean.csv,1,amp,0,25,0.19444444444444445,0,0.2222222222222222,0.25,0.0625,0.08,0.08
GLFDVIKKVASVIGGL,amp_all_clean.csv,1,amp,0,16,0.16,1,0.2,0.2,0.0,0.1875,0.0
GLFDIIKKVASVVGGL,amp_all_clean.csv,1,amp,0,16,0.16,1,0.2,0.2,0.0,0.1875,0.0
GLFDIIKKVASVIGGL,amp_all_clean.csv,1,amp,0,16,0.16,1,0.2,0.2,0.0,0.1875,0.0
QRFIHPTYRPPPQPRRPVIMRA,amp_all_clean.csv,1,amp,0,22,0.07142857142857144,0,0.0,0.0,0.35714285714285715,0.0,0.2727272727272727
FFPIGVFCKIFKTC,amp_all_clean.csv,1,amp,0,14,0.1925,1,0.2,0.25,0.125,0.07142857142857142,0.07142857142857142
FGLPMLSILPKALCILLKRKC,amp_all_clean.csv,1,amp,0,21,0.15119047619047618,1,0.14285714285714285,0.16666666666666666,0.16666666666666666,0.047619047619047616,0.09523809523809523
VDKPDYRPRPRPPNM,amp_all_clean.csv,1,amp,0,15,0.1,1,0.0,0.0,0.5,0.0,0.3333333333333333
VDKPDYRPRPWPRPN,amp_all_clean.csv,1,amp,0,15,0.1,2,0.0,0.0,0.5,0.0,0.3333333333333333
VDKPDYRPRPWPRNMI,amp_all_clean.csv,1,amp,0,16,0.07500000000000001,2,0.0,0.0,0.375,0.0,0.25
VDKPDYRPRPWPRPNM,amp_all_clean.csv,1,amp,0,16,0.1,2,0.0,0.0,0.5,0.0,0.3125
GRFKRFRKKFKKLFKKLSPVIPLLHLG,amp_all_clean.csv,1,amp,1,27,0.09722222222222221,2,0.1111111111111111,0.0,0.125,0.07407407407407407,0.07407407407407407
GGLRSLGRKILRAWKKYGPIIVPIIRIG,amp_all_clean.csv,1,amp,0,28,0.23944444444444443,0,0.3,0.2222222222222222,0.05555555555555555,0.17857142857142858,0.07142857142857142
RIIDLLWRVRRPQKPKFVTVWVR,amp_all_clean.csv,1,amp,0,23,0.02857142857142857,0,0.0,0.0,0.14285714285714285,0.0,0.08695652173913043
GWKDWAKKAGGWLKKKGPGMAKAALKAAMQ,amp_all_clean.csv,1,amp,0,30,0.25,0,0.3,0.3,0.05,0.16666666666666666,0.03333333333333333
GWKDWLKKGKEWLKAKGPGIVKAALQAATQ,amp_all_clean.csv,1,amp,0,30,0.17,0,0.2,0.2,0.05,0.13333333333333333,0.03333333333333333
GWKDWLNKGKEWLKKKGPGIMKAALKAATQ,amp_all_clean.csv,1,amp,0,30,0.17,0,0.2,0.2,0.05,0.13333333333333333,0.03333333333333333
DFKDWMKTAGEWLKKKGPGILKAAMAAAT,amp_all_clean.csv,1,amp,0,29,0.17444444444444443,0,0.2,0.2222222222222222,0.05555555555555555,0.10344827586206896,0.034482758620689655
GLKDWVKIAGGWLKKKGPGILKAAMAAATQ,amp_all_clean.csv,1,amp,0,30,0.25,0,0.3,0.3,0.05,0.16666666666666666,0.03333333333333333
GLVDVLGKVGGLIKKLLP,amp_all_clean.csv,1,amp,0,18,0.4166666666666667,0,0.5,0.5,0.08333333333333333,0.2222222222222222,0.05555555555555555
GLVDVLGKVGGLIKKLLPG,amp_all_clean.csv,1,amp,0,19,0.4630952380952381,0,0.5714285714285714,0.5,0.08333333333333333,0.2631578947368421,0.05263157894736842
LLKELWTKMKGAGKAVLGKIKGLL,amp_all_clean.csv,1,amp,0,24,0.2,0,0.25,0.25,0.0,0.16666666666666666,0.0
LLKELWTKIKGAGKAVLGKIKGLL,amp_all_clean.csv,1,amp,0,24,0.2,0,0.25,0.25,0.0,0.16666666666666666,0.0
WLGSALKIGAKLLPSVVGLFKKKKQ,amp_all_clean.csv,1,amp,0,25,0.3223214285714286,2,0.375,0.42857142857142855,0.07142857142857142,0.12,0.04
WLGSALKIGAKLLPSVVGLFQKKKK,amp_all_clean.csv,1,amp,0,25,0.3223214285714286,2,0.375,0.42857142857142855,0.07142857142857142,0.12,0.04
GIWGTLAKIGIKAVPRVISMLKKKKQ,amp_all_clean.csv,1,amp,0,26,0.28541666666666665,0,0.3333333333333333,0.375,0.0625,0.11538461538461539,0.038461538461538464
GIWGTALKWGVKLLPKLVGMAQTKKQ,amp_all_clean.csv,1,amp,0,26,0.3763888888888889,0,0.4444444444444444,0.5,0.0625,0.15384615384615385,0.038461538461538464
FWGALIKGAAKLIPSVVGLFKKKQ,amp_all_clean.csv,1,amp,0,24,0.21964285714285714,2,0.25,0.2857142857142857,0.07142857142857142,0.125,0.041666666666666664
FIGTALGIASAIPAIVKLFK,amp_all_clean.csv,1,amp,0,20,0.15,2,0.16666666666666666,0.16666666666666666,0.08333333333333333,0.1,0.05
SGFVLKGYTKTSQ,amp_all_clean.csv,1,amp,0,13,0.2,1,0.25,0.25,0.0,0.15384615384615385,0.0
AGFVLKGYTKTSQ,amp_all_clean.csv,1,amp,0,13,0.2,1,0.25,0.25,0.0,0.15384615384615385,0.0
HVDKKVADKVLLLKQLRIMRLLTRL,amp_all_clean.csv,1,amp,0,25,0.0,0,0.0,0.0,0.0,0.0,0.0
FISAIASMLGKFL,amp_all_clean.csv,1,amp,0,13,0.1675,0,0.2,0.25,0.0,0.07692307692307693,0.0
FLFPLITSFLSKVL,amp_all_clean.csv,1,amp,0,14,0.025,1,0.0,0.0,0.125,0.0,0.07142857142857142
SIGSALKKALPVAKKIGKIALPIAKAALP,amp_all_clean.csv,1,amp,0,29,0.1222222222222222,2,0.1111111111111111,0.1111111111111111,0.16666666666666666,0.06896551724137931,0.10344827586206896
SIGSAFKKALPVAKKIGKAALPIAKAALP,amp_all_clean.csv,1,amp,0,29,0.1222222222222222,2,0.1111111111111111,0.1111111111111111,0.16666666666666666,0.06896551724137931,0.10344827586206896
GIGASILSAGKSALKGFAKGLAEHFAN,amp_all_clean.csv,1,amp,0,27,0.26666666666666666,0,0.3333333333333333,0.3333333333333333,0.0,0.18518518518518517,0.0
GFLGPLLKLAAKGVAKVIPHLIPSRQQ,amp_all_clean.csv,1,amp,0,27,0.2888888888888889,0,0.3333333333333333,0.3333333333333333,0.1111111111111111,0.1111111111111111,0.1111111111111111
GCWSTVLGGLKKFAKGGLEAIVNPK,amp_all_clean.csv,1,amp,0,25,0.21250000000000002,1,0.25,0.25,0.0625,0.2,0.04
GVFLDALKKFAKGGMNAVLNPK,amp_all_clean.csv,1,amp,0,22,0.21964285714285714,0,0.25,0.2857142857142857,0.07142857142857142,0.13636363636363635,0.045454545454545456
GLLGPLLKIAAKVGSNLL,amp_all_clean.csv,1,amp,0,18,0.2833333333333333,0,0.3333333333333333,0.3333333333333333,0.08333333333333333,0.16666666666666666,0.05555555555555555
ILGKIWEGIKSLF,amp_all_clean.csv,1,amp,0,13,0.2125,2,0.25,0.3333333333333333,0.0,0.15384615384615385,0.0
GLMSVLGHAVGNVLGGLFKS,amp_all_clean.csv,1,amp,0,20,0.3535714285714286,0,0.42857142857142855,0.5,0.0,0.25,0.0
ACYCRIPACLAGERRYGTCFYMGRVWAFCC,amp_all_clean.csv,1,amp,1,30,0.17444444444444443,1,0.2,0.2222222222222222,0.05555555555555555,0.1,0.03333333333333333
GFCRCLCRRGVCRCICTR,amp_all_clean.csv,1,amp,1,18,0.26666666666666666,0,0.3333333333333333,0.3333333333333333,0.0,0.1111111111111111,0.0
GADFQECMKEHSQKQHQHQG,amp_all_clean.csv,1,amp,0,20,0.11785714285714285,0,0.14285714285714285,0.16666666666666666,0.0,0.1,0.0
GLLKRIKTLL,amp_all_clean.csv,1,amp,0,10,0.2125,0,0.25,0.3333333333333333,0.0,0.1,0.0
INLKAIAALAKKLL,amp_all_clean.csv,1,amp,1,14,0.0,0,0.0,0.0,0.0,0.0,0.0
SYSMEHFRWGKPV,amp_all_clean.csv,1,amp,0,13,0.1925,0,0.2,0.25,0.125,0.07692307692307693,0.07692307692307693
RICRIIFLRVCR,amp_all_clean.csv,1,amp,0,12,0.0,0,0.0,0.0,0.0,0.0,0.0
FLPVVAGLAAKVLPSIICAVTKKC,amp_all_clean.csv,1,amp,0,24,0.125,0,0.125,0.125,0.125,0.041666666666666664,0.08333333333333333
FLPAIVGAAGQFLPKIFCAISKKC,amp_all_clean.csv,1,amp,0,24,0.225,0,0.25,0.25,0.125,0.08333333333333333,0.08333333333333333
FLPAIVGAAGKFLPKIFCAISKKC,amp_all_clean.csv,1,amp,0,24,0.225,0,0.25,0.25,0.125,0.08333333333333333,0.08333333333333333
FFPIVAGVAGQVLKKIYCTISKKC,amp_all_clean.csv,1,amp,0,24,0.21250000000000002,0,0.25,0.25,0.0625,0.08333333333333333,0.041666666666666664
VNPIILGVLPKFVCLITKKC,amp_all_clean.csv,1,amp,0,20,0.13452380952380952,0,0.14285714285714285,0.16666666666666666,0.08333333333333333,0.05,0.1
GLWETIKNFGKKFTLNILHKLKCKIGGGC,amp_all_clean.csv,1,amp,0,29,0.22833333333333333,0,0.3,0.2222222222222222,0.0,0.1724137931034483,0.0
GLWETIKNFGKKFTLNILHNLKCKIGGGC,amp_all_clean.csv,1,amp,0,29,0.22833333333333333,0,0.3,0.2222222222222222,0.0,0.1724137931034483,0.0
FLPIIAGIAAKVFPKIFCAISKKC,amp_all_clean.csv,1,amp,0,24,0.125,0,0.125,0.125,0.125,0.041666666666666664,0.08333333333333333
FLPMLAGLAASMVPKLVCLITKKC,amp_all_clean.csv,1,amp,0,24,0.125,0,0.125,0.125,0.125,0.041666666666666664,0.08333333333333333
FLPMLAGLAASMVPKFVCLITKKC,amp_all_clean.csv,1,amp,0,24,0.125,0,0.125,0.125,0.125,0.041666666666666664,0.08333333333333333
FLPFIAGMAAKFLPKIFCAISKKC,amp_all_clean.csv,1,amp,0,24,0.125,0,0.125,0.125,0.125,0.041666666666666664,0.08333333333333333
FLPAIAGMAAKFLPKIFCAISKKC,amp_all_clean.csv,1,amp,0,24,0.125,0,0.125,0.125,0.125,0.041666666666666664,0.08333333333333333
FLPFIAGVAAKFLPKIFCAISKKC,amp_all_clean.csv,1,amp,0,24,0.125,0,0.125,0.125,0.125,0.041666666666666664,0.08333333333333333
FLPAIAGVAAKFLPKIFCAISKKC,amp_all_clean.csv,1,amp,0,24,0.125,0,0.125,0.125,0.125,0.041666666666666664,0.08333333333333333
FLPAIVGAAAKFLPKIFCVISKKC,amp_all_clean.csv,1,amp,0,24,0.125,0,0.125,0.125,0.125,0.041666666666666664,0.08333333333333333
FLPFIAGMAANFLPKIFCAISKKC,amp_all_clean.csv,1,amp,0,24,0.125,0,0.125,0.125,0.125,0.041666666666666664,0.08333333333333333
FLPIIAGVAAKVFPKIFCAISKKC,amp_all_clean.csv,1,amp,0,24,0.125,0,0.125,0.125,0.125,0.041666666666666664,0.08333333333333333
FLPIIASVAAKVFSKIFCAISKKC,amp_all_clean.csv,1,amp,0,24,0.014285714285714285,1,0.0,0.0,0.07142857142857142,0.0,0.041666666666666664
FLPIIASVAANVFSKIFCAISKKC,amp_all_clean.csv,1,amp,0,24,0.014285714285714285,1,0.0,0.0,0.07142857142857142,0.0,0.041666666666666664
FFHHIFRGIVHVGKTIHRLVTG,amp_all_clean.csv,1,amp,0,22,0.18392857142857144,0,0.25,0.14285714285714285,0.0,0.13636363636363635,0.0
FIHHIFRGIVHAGRSIGRFLTG,amp_all_clean.csv,1,amp,0,22,0.22857142857142856,1,0.2857142857142857,0.2857142857142857,0.0,0.18181818181818182,0.0
GLNTLKKVFQGLHEAIKLINNHVQ,amp_all_clean.csv,1,amp,0,24,0.10267857142857142,1,0.125,0.14285714285714285,0.0,0.08333333333333333,0.0
GLNALKKVFQGIHEAIKLINNHVQ,amp_all_clean.csv,1,amp,0,24,0.10267857142857142,1,0.125,0.14285714285714285,0.0,0.08333333333333333,0.0
GINTLKKVIQGLHEVIKLVSNHE,amp_all_clean.csv,1,amp,0,23,0.10267857142857142,0,0.125,0.14285714285714285,0.0,0.08695652173913043,0.0
GINTLKKVIQGLHEVIKLVSNHA,amp_all_clean.csv,1,amp,0,23,0.10267857142857142,0,0.125,0.14285714285714285,0.0,0.08695652173913043,0.0
GGAGHVPEYFVGIGTPISFYG,amp_all_clean.csv,1,amp,0,21,0.26904761904761904,1,0.2857142857142857,0.3333333333333333,0.16666666666666666,0.2857142857142857,0.09523809523809523
AALKGCWTKSIPPKPCSGKR,amp_all_clean.csv,1,amp,0,20,0.16785714285714284,1,0.14285714285714285,0.16666666666666666,0.25,0.1,0.15
AALRGCWTKSIPPKPCSGKR,amp_all_clean.csv,1,amp,0,20,0.16785714285714284,1,0.14285714285714285,0.16666666666666666,0.25,0.1,0.15
RQRVEELSKFSKKGAAARRRK,amp_all_clean.csv,1,amp,0,21,0.11785714285714285,1,0.14285714285714285,0.16666666666666666,0.0,0.047619047619047616,0.0
NLVSGLIEARKYLEQLHRKLKNCKV,amp_all_clean.csv,1,amp,0,25,0.1,1,0.125,0.125,0.0,0.04,0.0
ILGPVLGLVSDTLDDVLGIL,amp_all_clean.csv,1,amp,0,20,0.2833333333333333,2,0.3333333333333333,0.3333333333333333,0.08333333333333333,0.15,0.05
VGALAVVVWLWLWLW,amp_all_clean.csv,1,amp,1,15,0.1675,1,0.2,0.25,0.0,0.06666666666666667,0.0
GLGSVLGKALKIGANLL,amp_all_clean.csv,1,amp,0,17,0.41500000000000004,0,0.5,0.6,0.0,0.23529411764705882,0.0
FLRFIGSVIHGIGHLVHHIGVAL,amp_all_clean.csv,1,amp,0,23,0.20535714285714285,1,0.25,0.2857142857142857,0.0,0.17391304347826086,0.0
LAHQKPFIRKSYKCLHKRCR,amp_all_clean.csv,1,amp,1,20,0.016666666666666666,0,0.0,0.0,0.08333333333333333,0.0,0.05
DSHAKRHHGYKRKFHEKHHSHRGY,amp_all_clean.csv,1,amp,1,24,0.10267857142857142,2,0.125,0.14285714285714285,0.0,0.08333333333333333,0.0
GLLSKVLGVGKKVLCGVSGLC,amp_all_clean.csv,1,amp,0,21,0.45714285714285713,0,0.5714285714285714,0.5714285714285714,0.0,0.23809523809523808,0.0
VAIALKAAHYHTHKE,amp_all_clean.csv,1,amp,0,15,0.0,0,0.0,0.0,0.0,0.0,0.0
ILQKAVLDCLKAAGSSLSKAAITAIYNKIT,amp_all_clean.csv,1,amp,0,30,0.08166666666666667,1,0.1,0.1111111111111111,0.0,0.03333333333333333,0.0
GYGGHGGHGGHGGHGGHGGHGHGGGGHG,amp_all_clean.csv,1,amp,0,28,0.7277777777777777,2,0.8888888888888888,1.0,0.0,0.6785714285714286,0.0
FLGGLIKIVPAMICAVTKKC,amp_all_clean.csv,1,amp,0,20,0.15,2,0.16666666666666666,0.16666666666666666,0.08333333333333333,0.1,0.05
FLGGLMKAFPALICAVTKKC,amp_all_clean.csv,1,amp,0,20,0.15,2,0.16666666666666666,0.16666666666666666,0.08333333333333333,0.1,0.05
FLGGLMKAFPAIICAVTKKC,amp_all_clean.csv,1,amp,0,20,0.15,2,0.16666666666666666,0.16666666666666666,0.08333333333333333,0.1,0.05
IWLTALKFLGKHAAKHLAKQQLSKL,amp_all_clean.csv,1,amp,0,25,0.09097222222222222,0,0.1111111111111111,0.125,0.0,0.04,0.0
KIKWFKTMKSIAKFIAKEQMKKHLGGE,amp_all_clean.csv,1,amp,0,27,0.08888888888888888,0,0.1111111111111111,0.1111111111111111,0.0,0.07407407407407407,0.0
QYRHRCCAWGPGRKYCKRWC,amp_all_clean.csv,1,amp,1,20,0.15,2,0.16666666666666666,0.16666666666666666,0.08333333333333333,0.1,0.05
QWGRRCCGWGPGRRYCRRWC,amp_all_clean.csv,1,amp,1,20,0.2833333333333333,2,0.3333333333333333,0.3333333333333333,0.08333333333333333,0.2,0.05
ILGTILGLLKGL,amp_all_clean.csv,1,amp,0,12,0.2125,2,0.25,0.3333333333333333,0.0,0.25,0.0
INWLKLGKAIIDAL,amp_all_clean.csv,1,amp,0,14,0.1675,0,0.2,0.25,0.0,0.07142857142857142,0.0
KFHEKHHSHRGY,amp_all_clean.csv,1,amp,0,12,0.1625,1,0.25,0.0,0.0,0.08333333333333333,0.0
ILGPVLSMVGSALGGLIKKI,amp_all_clean.csv,1,amp,0,20,0.2833333333333333,2,0.3333333333333333,0.3333333333333333,0.08333333333333333,0.2,0.05
ILGPVLGLVGNALGGLIKKI,amp_all_clean.csv,1,amp,0,20,0.2833333333333333,2,0.3333333333333333,0.3333333333333333,0.08333333333333333,0.25,0.05
ILGPVISKIGGVLGGLLKNL,amp_all_clean.csv,1,amp,0,20,0.2833333333333333,2,0.3333333333333333,0.3333333333333333,0.08333333333333333,0.25,0.05
VLSKSLCTPGCITGPLQTCYLCFPTFAKC,amp_all_clean.csv,1,amp,1,29,0.11499999999999999,0,0.1,0.1111111111111111,0.16666666666666666,0.06896551724137931,0.10344827586206896
GKQYFPKVGGRLSGKAPLAAKTHRRLKP,amp_all_clean.csv,1,amp,1,28,0.18555555555555556,0,0.2,0.2222222222222222,0.1111111111111111,0.14285714285714285,0.10714285714285714
KTCENLADTFRGPCFATSNC,amp_all_clean.csv,1,amp,1,20,0.15,2,0.16666666666666666,0.16666666666666666,0.08333333333333333,0.05,0.05
GVVDILKGAAKDIAGHLASKVMNKL,amp_all_clean.csv,1,amp,0,25,0.10267857142857142,2,0.125,0.14285714285714285,0.0,0.12,0.0
KSCCRNTTARNCYNVCRIPG,amp_all_clean.csv,1,amp,1,20,0.10952380952380952,1,0.14285714285714285,0.0,0.08333333333333333,0.05,0.05
AEVAPAPAAAAPAKAPKKKAAAKPKKAGPS,amp_all_clean.csv,1,amp,0,30,0.12000000000000001,0,0.1,0.1,0.2,0.03333333333333333,0.2
WLNALLHHGLNCAKGVLA,amp_all_clean.csv,1,amp,0,18,0.27666666666666667,2,0.3333333333333333,0.4,0.0,0.1111111111111111,0.0
GLLDTLKGAAKNVVGSLASKVMEKL,amp_all_clean.csv,1,amp,0,25,0.10267857142857142,2,0.125,0.14285714285714285,0.0,0.12,0.0
IDWKKLLDAAKQIL,amp_all_clean.csv,1,amp,0,14,0.0,0,0.0,0.0,0.0,0.0,0.0
ILGTILGLLKSL,amp_all_clean.csv,1,amp,0,12,0.2125,2,0.25,0.3333333333333333,0.0,0.16666666666666666,0.0
GVVDILKGAGKDLLAHLVGKISEKV,amp_all_clean.csv,1,amp,0,25,0.2729166666666667,0,0.3333333333333333,0.375,0.0,0.16,0.0
GVLDIFKDAAKQILAHAAEKQI,amp_all_clean.csv,1,amp,0,22,0.10267857142857142,0,0.125,0.14285714285714285,0.0,0.045454545454545456,0.0
GVLDILKNAAKNILAHAAEQI,amp_all_clean.csv,1,amp,0,21,0.11428571428571428,0,0.14285714285714285,0.14285714285714285,0.0,0.047619047619047616,0.0
FLSLIPHAINAVSAIAKHN,amp_all_clean.csv,1,amp,0,19,0.016666666666666666,0,0.0,0.0,0.08333333333333333,0.0,0.05263157894736842
RSNKGFNFMVDMIQALSK,amp_all_clean.csv,1,amp,0,18,0.13833333333333334,1,0.16666666666666666,0.2,0.0,0.05555555555555555,0.0
GIGRKFLGGVKTTFRCGVKDFASKHLY,amp_all_clean.csv,1,amp,0,27,0.18194444444444444,1,0.2222222222222222,0.25,0.0,0.18518518518518517,0.0
KTCENLADTY,amp_all_clean.csv,1,amp,0,10,0.0,0,0.0,0.0,0.0,0.0,0.0
KGRGKQGGKVRAKAKTRSS,amp_all_clean.csv,1,amp,0,19,0.26666666666666666,1,0.3333333333333333,0.3333333333333333,0.0,0.21052631578947367,0.0
GFMKYIGPLIPHAVKAISDLI,amp_all_clean.csv,1,amp,0,21,0.2571428571428572,0,0.2857142857142857,0.2857142857142857,0.14285714285714285,0.09523809523809523,0.09523809523809523
RVKRVWPLVIRTVIAGYNLYRAIKKK,amp_all_clean.csv,1,amp,0,26,0.09097222222222222,0,0.1111111111111111,0.125,0.0,0.038461538461538464,0.038461538461538464
ATRVVYCNRRSGSVVGGDDTVYYEG,amp_all_clean.csv,1,amp,0,25,0.16319444444444442,0,0.2222222222222222,0.125,0.0,0.16,0.0
FLIGMTHGLICLISRKC,amp_all_clean.csv,1,amp,0,17,0.13833333333333334,0,0.16666666666666666,0.2,0.0,0.11764705882352941,0.0
FLIGMTQGLICLITRKC,amp_all_clean.csv,1,amp,0,17,0.13833333333333334,0,0.16666666666666666,0.2,0.0,0.11764705882352941,0.0
VWPLGLVICKALKIC,amp_all_clean.csv,1,amp,0,15,0.1925,1,0.2,0.25,0.125,0.06666666666666667,0.06666666666666667
FLPLLLAGLPLKLCFLFKKC,amp_all_clean.csv,1,amp,0,20,0.15119047619047618,1,0.14285714285714285,0.16666666666666666,0.16666666666666666,0.05,0.1
SIITMTKEAKLPQLWKQIACRLYNTC,amp_all_clean.csv,1,amp,0,26,0.0125,0,0.0,0.0,0.0625,0.0,0.038461538461538464
SIITMTKEAKLPQSWKQIACRLYNTC,amp_all_clean.csv,1,amp,0,26,0.0125,0,0.0,0.0,0.0625,0.0,0.038461538461538464
GIMDTIKDTAKTVAVGLLNKLKCKITGC,amp_all_clean.csv,1,amp,0,28,0.16333333333333333,0,0.2,0.2222222222222222,0.0,0.10714285714285714,0.0
FLPLLAGLAANFLPKIFCKITKKC,amp_all_clean.csv,1,amp,0,24,0.125,0,0.125,0.125,0.125,0.041666666666666664,0.08333333333333333
GLLSGILGAGKHIVCGLSGLC,amp_all_clean.csv,1,amp,0,21,0.45714285714285713,0,0.5714285714285714,0.5714285714285714,0.0,0.2857142857142857,0.0
GLFGKILGVGKKVLCGLSGMC,amp_all_clean.csv,1,amp,0,21,0.5714285714285714,0,0.7142857142857143,0.7142857142857143,0.0,0.2857142857142857,0.0
GLLSGILGAGKNIVCGLSGLC,amp_all_clean.csv,1,amp,0,21,0.45714285714285713,0,0.5714285714285714,0.5714285714285714,0.0,0.2857142857142857,0.0
GVITDALKGAAKTVAAELLRKAHCKLTNSC,amp_all_clean.csv,1,amp,0,30,0.08166666666666667,2,0.1,0.1111111111111111,0.0,0.06666666666666667,0.0
VIDDLKKVAKKVRRELLCKKHHKKLN,amp_all_clean.csv,1,amp,1,26,0.0,0,0.0,0.0,0.0,0.0,0.0
FLPLLFGAISHLL,amp_all_clean.csv,1,amp,0,13,0.1925,0,0.2,0.25,0.125,0.07692307692307693,0.07692307692307693
FLGSIVGALASALPSLISKIRN,amp_all_clean.csv,1,amp,0,22,0.13452380952380952,2,0.14285714285714285,0.16666666666666666,0.08333333333333333,0.09090909090909091,0.045454545454545456
CLGIGSCNDFAGCGYAIVCFW,amp_all_clean.csv,1,amp,1,21,0.2357142857142857,1,0.2857142857142857,0.3333333333333333,0.0,0.19047619047619047,0.0
FLPILAGLAAKIVPKLFCLATKKC,amp_all_clean.csv,1,amp,0,24,0.125,0,0.125,0.125,0.125,0.041666666666666664,0.08333333333333333
FLPIIGKLLSGLL,amp_all_clean.csv,1,amp,0,13,0.225,1,0.25,0.25,0.125,0.15384615384615385,0.07692307692307693
FLPLVTGLLSGLL,amp_all_clean.csv,1,amp,0,13,0.225,1,0.25,0.25,0.125,0.15384615384615385,0.07692307692307693
NFLGTLVNLAKKIL,amp_all_clean.csv,1,amp,0,14,0.1675,0,0.2,0.25,0.0,0.07142857142857142,0.0
FLSAITSLLGKLL,amp_all_clean.csv,1,amp,0,13,0.1675,0,0.2,0.25,0.0,0.07692307692307693,0.0
GIWDTIKSMGKVFAGKILQNL,amp_all_clean.csv,1,amp,0,21,0.22857142857142856,0,0.2857142857142857,0.2857142857142857,0.0,0.14285714285714285,0.0
GLLRASSVWGRKYYVDLAGCAKA,amp_all_clean.csv,1,amp,0,23,0.3080357142857143,0,0.375,0.42857142857142855,0.0,0.13043478260869565,0.0
FLSLALAALPKFLCLVFKKC,amp_all_clean.csv,1,amp,0,20,0.016666666666666666,1,0.0,0.0,0.08333333333333333,0.0,0.05
FLSLALAALPKLFCLIFKKC,amp_all_clean.csv,1,amp,0,20,0.016666666666666666,1,0.0,0.0,0.08333333333333333,0.0,0.05
FLPLLLAGLPKLLCLFFKKC,amp_all_clean.csv,1,amp,0,20,0.15119047619047618,1,0.14285714285714285,0.16666666666666666,0.16666666666666666,0.05,0.1
ILPILSLIGGLLGK,amp_all_clean.csv,1,amp,0,14,0.3225,0,0.4,0.25,0.125,0.21428571428571427,0.07142857142857142
FIGPIISALASLFG,amp_all_clean.csv,1,amp,0,14,0.225,2,0.25,0.25,0.125,0.14285714285714285,0.07142857142857142
RVKRFWPLVPVAINTVAAGINLYKAIRRK,amp_all_clean.csv,1,amp,0,29,0.08166666666666667,0,0.1,0.1111111111111111,0.0,0.034482758620689655,0.06896551724137931
ALFSILRGLKKLGNMGQAFVNCKIYKKC,amp_all_clean.csv,1,amp,0,28,0.16333333333333333,0,0.2,0.2222222222222222,0.0,0.10714285714285714,0.0
ALSILRGLEKLAKMGIALTNCKATKKC,amp_all_clean.csv,1,amp,0,27,0.09097222222222222,2,0.1111111111111111,0.125,0.0,0.07407407407407407,0.0
ALSILKGLEKLAKMGIALTNCKATKKC,amp_all_clean.csv,1,amp,0,27,0.09097222222222222,2,0.1111111111111111,0.125,0.0,0.07407407407407407,0.0
KRIVQRIKDFLRNLVPRTES,amp_all_clean.csv,1,amp,0,20,0.016666666666666666,1,0.0,0.0,0.08333333333333333,0.0,0.05
KSKEKIGKEFKRIVQRIKDFLRNLVPRTES,amp_all_clean.csv,1,amp,0,30,0.09000000000000001,0,0.1,0.1,0.05,0.03333333333333333,0.03333333333333333
LLGDFFRKSKEKIGKEFKRIVQR,amp_all_clean.csv,1,amp,0,23,0.11428571428571428,2,0.14285714285714285,0.14285714285714285,0.0,0.08695652173913043,0.0
GLIGSIGKALGGLLVDVLKPKL,amp_all_clean.csv,1,amp,0,22,0.3223214285714286,0,0.375,0.42857142857142855,0.07142857142857142,0.22727272727272727,0.045454545454545456
GLIGSIGKALGGLLVDVLKPKLQAAS,amp_all_clean.csv,1,amp,0,26,0.28541666666666665,0,0.3333333333333333,0.375,0.0625,0.19230769230769232,0.038461538461538464
GLLGLLGSVVSHVVPAIVGHF,amp_all_clean.csv,1,amp,0,21,0.4714285714285714,0,0.5714285714285714,0.5714285714285714,0.07142857142857142,0.19047619047619047,0.047619047619047616
FLPLIAGLAANFLPKIFCAITKKC,amp_all_clean.csv,1,amp,0,24,0.125,0,0.125,0.125,0.125,0.041666666666666664,0.08333333333333333
FLPVIAGVAAKFLPKIFCAITKKC,amp_all_clean.csv,1,amp,0,24,0.125,0,0.125,0.125,0.125,0.041666666666666664,0.08333333333333333
GIMDTVKNVAKNLAGQLLDKLKCKITAC,amp_all_clean.csv,1,amp,0,28,0.09097222222222222,2,0.1111111111111111,0.125,0.0,0.07142857142857142,0.0
GIMDTVKNAAKDLAGQLLDKLKCRITGC,amp_all_clean.csv,1,amp,0,28,0.16319444444444442,2,0.2222222222222222,0.125,0.0,0.10714285714285714,0.0
GLLDTIKNTAKNLAVGLLDKIKCKMTGC,amp_all_clean.csv,1,amp,0,28,0.16333333333333333,0,0.2,0.2222222222222222,0.0,0.10714285714285714,0.0
GIMDSVKNVAKNIAGQLLDKLKCKITGC,amp_all_clean.csv,1,amp,0,28,0.16319444444444442,2,0.2222222222222222,0.125,0.0,0.10714285714285714,0.0
GIMDSVKNAAKNLAGQLLDTIKCKITAC,amp_all_clean.csv,1,amp,0,28,0.09097222222222222,2,0.1111111111111111,0.125,0.0,0.07142857142857142,0.0
GIMDTVKNAAKDLAGQLDKLKCRITGC,amp_all_clean.csv,1,amp,0,27,0.09097222222222222,2,0.1111111111111111,0.125,0.0,0.1111111111111111,0.0
FLPLVGKILSGLI,amp_all_clean.csv,1,amp,0,13,0.225,1,0.25,0.25,0.125,0.15384615384615385,0.07692307692307693
FLPLVRGAAKLIPSVVCAISKRC,amp_all_clean.csv,1,amp,0,23,0.11696428571428572,0,0.125,0.14285714285714285,0.07142857142857142,0.043478260869565216,0.08695652173913043
FWGALAKGALKLIPSLFSSFSKKD,amp_all_clean.csv,1,amp,0,24,0.11696428571428572,2,0.125,0.14285714285714285,0.07142857142857142,0.08333333333333333,0.041666666666666664
EGGGPQWAVGHFM,amp_all_clean.csv,1,amp,0,13,0.36000000000000004,0,0.4,0.5,0.125,0.3076923076923077,0.07692307692307693
VGSRYLCTPGSCWKLVCFTTTVK,amp_all_clean.csv,1,amp,1,23,0.11696428571428572,0,0.125,0.14285714285714285,0.07142857142857142,0.08695652173913043,0.043478260869565216
ITSVSWCTPGCTSEGGGSGCSHCC,amp_all_clean.csv,1,amp,1,24,0.3125,0,0.375,0.375,0.0625,0.20833333333333334,0.041666666666666664
GIMDTVKGVAKTVAASLLDKLKCKITGC,amp_all_clean.csv,1,amp,0,28,0.08888888888888888,1,0.1111111111111111,0.1111111111111111,0.0,0.10714285714285714,0.0
KRFGRLAKSFLRMRILLPRRKILLAS,amp_all_clean.csv,1,amp,1,26,0.10347222222222222,0,0.1111111111111111,0.125,0.0625,0.038461538461538464,0.038461538461538464
KRRHWFPLSFQEFLEQLRRFRDQLPFP,amp_all_clean.csv,1,amp,0,27,0.025,1,0.0,0.0,0.125,0.0,0.1111111111111111
AIGSILGALAKGLPTLISWIKNR,amp_all_clean.csv,1,amp,0,23,0.24285714285714285,2,0.2857142857142857,0.2857142857142857,0.07142857142857142,0.13043478260869565,0.043478260869565216
FLPILGKLLSGIL,amp_all_clean.csv,1,amp,0,13,0.225,1,0.25,0.25,0.125,0.15384615384615385,0.07692307692307693
GLFDIIKNIVSTL,amp_all_clean.csv,1,amp,0,13,0.1675,0,0.2,0.25,0.0,0.07692307692307693,0.0
GLFDIIKNIFSGL,amp_all_clean.csv,1,amp,0,13,0.1675,0,0.2,0.25,0.0,0.15384615384615385,0.0
GLLNGLALRLGKRALKKIIKRLCR,amp_all_clean.csv,1,amp,0,24,0.20535714285714285,1,0.25,0.2857142857142857,0.0,0.125,0.0
SLLSLIRKLIT,amp_all_clean.csv,1,amp,0,11,0.0,0,0.0,0.0,0.0,0.0,0.0
RWCVYAYVRVRGVLVRYRRCW,amp_all_clean.csv,1,amp,0,21,0.11785714285714285,2,0.14285714285714285,0.16666666666666666,0.0,0.047619047619047616,0.0
RWCVYAYVRIRGVLVRYRRCW,amp_all_clean.csv,1,amp,0,21,0.11785714285714285,2,0.14285714285714285,0.16666666666666666,0.0,0.047619047619047616,0.0
GLPVCGETCVGGTCNTPGCTCSWPVCTRN,amp_all_clean.csv,1,amp,1,29,0.2777777777777778,2,0.3333333333333333,0.3333333333333333,0.05555555555555555,0.1724137931034483,0.10344827586206896
GLVTSLIKGAGKLLGGLFGSVTGGQS,amp_all_clean.csv,1,amp,0,26,0.30000000000000004,2,0.375,0.375,0.0,0.3076923076923077,0.0
ALWKDILKNAGKAALNEINQLVNQ,amp_all_clean.csv,1,amp,0,24,0.10267857142857142,1,0.125,0.14285714285714285,0.0,0.041666666666666664,0.0
FLSLIPHAINAVSTLVHHF,amp_all_clean.csv,1,amp,0,19,0.016666666666666666,0,0.0,0.0,0.08333333333333333,0.0,0.05263157894736842
FLSLIPHAINAVSALANHG,amp_all_clean.csv,1,amp,0,19,0.10952380952380952,0,0.14285714285714285,0.0,0.08333333333333333,0.05263157894736842,0.05263157894736842
SLIPHAINAVSAIAKHF,amp_all_clean.csv,1,amp,0,17,0.020000000000000004,1,0.0,0.0,0.1,0.0,0.058823529411764705
FLSLIPHAINAVSAIAKHF,amp_all_clean.csv,1,amp,0,19,0.016666666666666666,0,0.0,0.0,0.08333333333333333,0.0,0.05263157894736842
GLWSTIKNVGKEAAIAAGKAALGAL,amp_all_clean.csv,1,amp,0,25,0.18194444444444444,0,0.2222222222222222,0.25,0.0,0.16,0.0
GLRSKIWLWVLLMIWQESNKFKKM,amp_all_clean.csv,1,amp,0,24,0.1,0,0.125,0.125,0.0,0.041666666666666664,0.0
GLLGAMFKVASKVLPHVVPAITEHF,amp_all_clean.csv,1,amp,0,25,0.19444444444444445,0,0.2222222222222222,0.25,0.0625,0.08,0.08
GLLGLLGSVVSHVLPAITQHL,amp_all_clean.csv,1,amp,0,21,0.35714285714285715,0,0.42857142857142855,0.42857142857142855,0.07142857142857142,0.14285714285714285,0.047619047619047616
GIGKFLHSAGKFGKAFVGEIMKS,amp_all_clean.csv,1,amp,0,23,0.3080357142857143,0,0.375,0.42857142857142855,0.0,0.21739130434782608,0.0
GKGRWLERIGKAGGIIIGGALDHL,amp_all_clean.csv,1,amp,0,24,0.4,0,0.5,0.5,0.0,0.2916666666666667,0.0
WLRRIGKGVKIIGGAALDHL,amp_all_clean.csv,1,amp,0,20,0.2357142857142857,1,0.2857142857142857,0.3333333333333333,0.0,0.2,0.0
GRRKRKWLRRIGKGVKIIGGAALDHL,amp_all_clean.csv,1,amp,1,26,0.18194444444444444,0,0.2222222222222222,0.25,0.0,0.19230769230769232,0.0
FLGALIKGAIHGGRFIHGMIQNHH,amp_all_clean.csv,1,amp,0,24,0.3080357142857143,2,0.375,0.42857142857142855,0.0,0.20833333333333334,0.0
GWGSIFKHGRHAAKHIGHAAVNHYL,amp_all_clean.csv,1,amp,0,25,0.20535714285714285,2,0.25,0.2857142857142857,0.0,0.16,0.0
RWGKWFKKATHVGKHVGKAALTAYL,amp_all_clean.csv,1,amp,0,25,0.10267857142857142,2,0.125,0.14285714285714285,0.0,0.12,0.0
FFRLLFHGVHHVGKIKPRA,amp_all_clean.csv,1,amp,0,19,0.13452380952380952,0,0.14285714285714285,0.16666666666666666,0.08333333333333333,0.10526315789473684,0.05263157894736842
AGWGSIFKHIFKAGKFIHGAIQAHND,amp_all_clean.csv,1,amp,0,26,0.18194444444444444,0,0.2222222222222222,0.25,0.0,0.15384615384615385,0.0
GFWGKLFKLGLHGIGLLHLHL,amp_all_clean.csv,1,amp,0,21,0.45714285714285713,0,0.5714285714285714,0.5714285714285714,0.0,0.23809523809523808,0.0
GWKKWLRKGAKHLGQAAIK,amp_all_clean.csv,1,amp,0,19,0.13833333333333334,2,0.16666666666666666,0.2,0.0,0.15789473684210525,0.0
GWKKWLRKGAKHLGQAAIKGLAS,amp_all_clean.csv,1,amp,0,23,0.20535714285714285,1,0.25,0.2857142857142857,0.0,0.17391304347826086,0.0
FLGLLFHGVHHVGKWIHGLIHGHH,amp_all_clean.csv,1,amp,0,24,0.20535714285714285,2,0.25,0.2857142857142857,0.0,0.20833333333333334,0.0
LIGPVLGLVGSALGGLLKKI,amp_all_clean.csv,1,amp,0,20,0.2833333333333333,2,0.3333333333333333,0.3333333333333333,0.08333333333333333,0.25,0.05
ILGPILGLVSNALGGLL,amp_all_clean.csv,1,amp,0,17,0.34,2,0.4,0.4,0.1,0.23529411764705882,0.058823529411764705
RKFHEKHHSHREFPFYGDYGSNYLYDN,amp_all_clean.csv,1,amp,0,27,0.18194444444444444,1,0.2222222222222222,0.25,0.0,0.07407407407407407,0.037037037037037035
RKFHEKHHSHRGYRSNYLYDN,amp_all_clean.csv,1,amp,0,21,0.11785714285714285,2,0.14285714285714285,0.16666666666666666,0.0,0.047619047619047616,0.0
DSHAKRHHGYKRKFHEKHHSHRGYR,amp_all_clean.csv,1,amp,1,25,0.10267857142857142,2,0.125,0.14285714285714285,0.0,0.08,0.0
RKFHEKHHSHRGY,amp_all_clean.csv,1,amp,0,13,0.1625,2,0.25,0.0,0.0,0.07692307692307693,0.0
RKFHEKHHSHRGYR,amp_all_clean.csv,1,amp,0,14,0.2,2,0.25,0.25,0.0,0.07142857142857142,0.0
CRFCCRCCPRMRGCGLCCRF,amp_all_clean.csv,1,amp,1,20,0.13452380952380952,0,0.14285714285714285,0.16666666666666666,0.08333333333333333,0.1,0.05
FLPLLASLFSRLL,amp_all_clean.csv,1,amp,0,13,0.025,0,0.0,0.0,0.125,0.0,0.07692307692307693
FLPLLASLFSRLF,amp_all_clean.csv,1,amp,0,13,0.025,0,0.0,0.0,0.125,0.0,0.07692307692307693
FLPLLASLFSGLF,amp_all_clean.csv,1,amp,0,13,0.225,1,0.25,0.25,0.125,0.07692307692307693,0.07692307692307693
SILPTIVSFLSKVF,amp_all_clean.csv,1,amp,0,14,0.025,1,0.0,0.0,0.125,0.0,0.07142857142857142
SILPTIVSFLSKFL,amp_all_clean.csv,1,amp,0,14,0.025,1,0.0,0.0,0.125,0.0,0.07142857142857142
SILPTIVSFLTKFL,amp_all_clean.csv,1,amp,0,14,0.025,1,0.0,0.0,0.125,0.0,0.07142857142857142
FILPLIASFLSKFL,amp_all_clean.csv,1,amp,1,14,0.025,1,0.0,0.0,0.125,0.0,0.07142857142857142
SMISVLKNLGKVGLGFVACKVNKQC,amp_all_clean.csv,1,amp,0,25,0.18194444444444444,0,0.2222222222222222,0.25,0.0,0.12,0.0
FLGGLMKIIPAAFCAVTKKC,amp_all_clean.csv,1,amp,0,20,0.15,2,0.16666666666666666,0.16666666666666666,0.08333333333333333,0.1,0.05
GLLSGILGAGKHIVCGLTGCAKA,amp_all_clean.csv,1,amp,0,23,0.4107142857142857,0,0.5,0.5714285714285714,0.0,0.2608695652173913,0.0
ILGPVISTIGGVLGGLLKNL,amp_all_clean.csv,1,amp,0,20,0.2833333333333333,2,0.3333333333333333,0.3333333333333333,0.08333333333333333,0.25,0.05
SSMKLSFRARAYGFRGPGPQL,amp_all_clean.csv,1,amp,0,21,0.24285714285714285,0,0.2857142857142857,0.2857142857142857,0.07142857142857142,0.14285714285714285,0.09523809523809523
LLPIVGNLLNSLL,amp_all_clean.csv,1,amp,0,13,0.2125,2,0.25,0.3333333333333333,0.0,0.07692307692307693,0.07692307692307693
FLPMLAGLAANFLPKLFCKITKKC,amp_all_clean.csv,1,amp,0,24,0.125,0,0.125,0.125,0.125,0.041666666666666664,0.08333333333333333
FLPLAVSLAANFLPKLFCKITKKC,amp_all_clean.csv,1,amp,0,24,0.025,0,0.0,0.0,0.125,0.0,0.08333333333333333
FLPLLAGLAANFFPKIFCKITRKC,amp_all_clean.csv,1,amp,0,24,0.125,0,0.125,0.125,0.125,0.041666666666666664,0.08333333333333333
FLPIVGKLLSGLSGLL,amp_all_clean.csv,1,amp,0,16,0.34,1,0.4,0.4,0.1,0.1875,0.0625
FLPIVGRLISGLL,amp_all_clean.csv,1,amp,0,13,0.225,1,0.25,0.25,0.125,0.15384615384615385,0.07692307692307693
FLPIIAKVLSGLL,amp_all_clean.csv,1,amp,0,13,0.225,1,0.25,0.25,0.125,0.07692307692307693,0.07692307692307693
SIFPAIVSFLSKFL,amp_all_clean.csv,1,amp,0,14,0.025,1,0.0,0.0,0.125,0.0,0.07142857142857142
ILPLVGNLLNDLL,amp_all_clean.csv,1,amp,0,13,0.2125,2,0.25,0.3333333333333333,0.0,0.07692307692307693,0.07692307692307693
AIMDTIKDTAKTVAVGLLNKLKCKITGC,amp_all_clean.csv,1,amp,0,28,0.08166666666666667,0,0.1,0.1111111111111111,0.0,0.07142857142857142,0.0
FLPFLKSILGKIL,amp_all_clean.csv,1,amp,0,13,0.1925,0,0.2,0.25,0.125,0.07692307692307693,0.07692307692307693
FLSSIGKILGNLL,amp_all_clean.csv,1,amp,0,13,0.2125,2,0.25,0.3333333333333333,0.0,0.15384615384615385,0.0
FLSIIAKVLGSLF,amp_all_clean.csv,1,amp,0,13,0.1675,0,0.2,0.25,0.0,0.07692307692307693,0.0
FLGSLIGAAIPAIKQLLGLKK,amp_all_clean.csv,1,amp,0,21,0.2523809523809524,2,0.2857142857142857,0.3333333333333333,0.08333333333333333,0.14285714285714285,0.047619047619047616
FLPILASLAAKFGPKLFCLVTKKC,amp_all_clean.csv,1,amp,0,24,0.125,0,0.125,0.125,0.125,0.041666666666666664,0.08333333333333333
FLPILASLAAKLGPKLFCLVTKKC,amp_all_clean.csv,1,amp,0,24,0.125,0,0.125,0.125,0.125,0.041666666666666664,0.08333333333333333
FLPILASLAATLGPKLLCLITKKC,amp_all_clean.csv,1,amp,0,24,0.125,0,0.125,0.125,0.125,0.041666666666666664,0.08333333333333333
GIMDSVKGLAKNLAGKLLDSLKCKITGC,amp_all_clean.csv,1,amp,0,28,0.16319444444444442,2,0.2222222222222222,0.125,0.0,0.14285714285714285,0.0
GLLDFVTGVGKDIFAQLIKQI,amp_all_clean.csv,1,amp,0,21,0.22857142857142856,0,0.2857142857142857,0.2857142857142857,0.0,0.14285714285714285,0.0
FLSGIVGMLGKLF,amp_all_clean.csv,1,amp,0,13,0.5025,0,0.6,0.75,0.0,0.23076923076923078,0.0
AGECVQGRCPSGMCCSQFGYCGRGPKYCGR,amp_all_clean.csv,1,amp,1,30,0.24,0,0.3,0.3,0.0,0.23333333333333334,0.06666666666666667
QWGRRCCGWGPGRRYCVRWC,amp_all_clean.csv,1,amp,1,20,0.2833333333333333,2,0.3333333333333333,0.3333333333333333,0.08333333333333333,0.2,0.05
QYGRRCCNWGPGRRYCKRWC,amp_all_clean.csv,1,amp,1,20,0.2833333333333333,2,0.3333333333333333,0.3333333333333333,0.08333333333333333,0.15,0.05
GLWSTIKNVAAAAGKAALGAL,amp_all_clean.csv,1,amp,0,21,0.22857142857142856,0,0.2857142857142857,0.2857142857142857,0.0,0.14285714285714285,0.0
FLSLIPTAINAVSALAKHF,amp_all_clean.csv,1,amp,0,19,0.016666666666666666,0,0.0,0.0,0.08333333333333333,0.0,0.05263157894736842
ALWKTLLKNVGKAAGKAALNAVTDMVNQ,amp_all_clean.csv,1,amp,0,28,0.09097222222222222,2,0.1111111111111111,0.125,0.0,0.07142857142857142,0.0
AVWKDFLKNIGKAAGKAVLNSVTDMVNE,amp_all_clean.csv,1,amp,0,28,0.09097222222222222,2,0.1111111111111111,0.125,0.0,0.07142857142857142,0.0
ALWKNMLKGIGKLAGQAALGAVKTLVGAES,amp_all_clean.csv,1,amp,0,30,0.245,2,0.3,0.3333333333333333,0.0,0.16666666666666666,0.0
SVLSTITDMAKAAGRAALNAITGLVNQ,amp_all_clean.csv,1,amp,0,27,0.18194444444444444,1,0.2222222222222222,0.25,0.0,0.07407407407407407,0.0
GLWSKIKEAAKTAGLMAMGFVNDMV,amp_all_clean.csv,1,amp,0,25,0.18194444444444444,0,0.2222222222222222,0.25,0.0,0.12,0.0
FLSLIPHAINAVGVHAKHF,amp_all_clean.csv,1,amp,0,19,0.13452380952380952,0,0.14285714285714285,0.16666666666666666,0.08333333333333333,0.05263157894736842,0.05263157894736842
GSGVIPTISHECHMNSFQFVFTCCS,amp_all_clean.csv,1,amp,1,25,0.10347222222222222,0,0.1111111111111111,0.125,0.0625,0.08,0.04
NRWWQGVVPTVSYECRMNSWQHVFTCC,amp_all_clean.csv,1,amp,1,27,0.09097222222222222,2,0.1111111111111111,0.125,0.0,0.037037037037037035,0.037037037037037035
FKSWSFCTPGCAKTGSFNSYCC,amp_all_clean.csv,1,amp,1,22,0.11785714285714285,2,0.14285714285714285,0.16666666666666666,0.0,0.09090909090909091,0.045454545454545456
SMWSGMWRRKLKKLRNALKKKLKGE,amp_all_clean.csv,1,amp,1,25,0.1,1,0.125,0.125,0.0,0.08,0.0
GLFGKLIKKFGRKAISYAVKKARGKH,amp_all_clean.csv,1,amp,1,26,0.18194444444444444,0,0.2222222222222222,0.25,0.0,0.15384615384615385,0.0
SWKSMAKKLKEYMEKLKQRA,amp_all_clean.csv,1,amp,0,20,0.0,0,0.0,0.0,0.0,0.0,0.0
SWASMAKKLKEYMEKLKQRA,amp_all_clean.csv,1,amp,0,20,0.0,0,0.0,0.0,0.0,0.0,0.0
GLKDKFKSMGEKLKQYIQTWKAKF,amp_all_clean.csv,1,amp,0,24,0.2,0,0.25,0.25,0.0,0.08333333333333333,0.0
SLKDKVKSMGEKLKQYIQTWKAKF,amp_all_clean.csv,1,amp,0,24,0.1,0,0.125,0.125,0.0,0.041666666666666664,0.0
GFFGKMKEYFKKFGASFKRRFANLKKRL,amp_all_clean.csv,1,amp,1,28,0.16333333333333333,0,0.2,0.2222222222222222,0.0,0.10714285714285714,0.0
GTACGESCYVLPCFTVGCTCTSSQCFKN,amp_all_clean.csv,1,amp,1,28,0.18888888888888886,1,0.2222222222222222,0.2222222222222222,0.05555555555555555,0.10714285714285714,0.03571428571428571
GIPCGESCVFIPCLTTVAGCSCKNKVCYRN,amp_all_clean.csv,1,amp,1,30,0.18000000000000002,0,0.2,0.2,0.1,0.1,0.06666666666666667
GFPCGESCVFIPCISAAIGCSCKNKVCYRN,amp_all_clean.csv,1,amp,1,30,0.18000000000000002,0,0.2,0.2,0.1,0.1,0.06666666666666667
GIPCAESCVWIPCTVTALLGCSCSNNVCYN,amp_all_clean.csv,1,amp,1,30,0.10388888888888889,1,0.1,0.1111111111111111,0.1111111111111111,0.06666666666666667,0.06666666666666667
GIPCGESCVFIPCITSVAGCSCKSKVCYRN,amp_all_clean.csv,1,amp,1,30,0.18000000000000002,0,0.2,0.2,0.1,0.1,0.06666666666666667
KIPCGESCVWIPCLTSVFNCKCENKVCYHD,amp_all_clean.csv,1,amp,1,30,0.10388888888888889,1,0.1,0.1111111111111111,0.1111111111111111,0.03333333333333333,0.06666666666666667
KVCYRAIPCGESCVWIPCISAAIGCSCKN,amp_all_clean.csv,1,amp,1,29,0.1111111111111111,2,0.1111111111111111,0.1111111111111111,0.1111111111111111,0.06896551724137931,0.06896551724137931
GVPCGESCVFIPCITGVIGCSCSSNVCYLN,amp_all_clean.csv,1,amp,1,30,0.26,0,0.3,0.3,0.1,0.13333333333333333,0.06666666666666667
GIPCAESCVWIPCTVTALVGCSCSDKVCYN,amp_all_clean.csv,1,amp,1,30,0.10388888888888889,1,0.1,0.1111111111111111,0.1111111111111111,0.06666666666666667,0.06666666666666667
GLGSLVGNALRIGAKLL,amp_all_clean.csv,1,amp,0,17,0.41500000000000004,0,0.5,0.6,0.0,0.23529411764705882,0.0
SAISCGETCFKFKCYTPRCSCSYPVCK,amp_all_clean.csv,1,amp,1,27,0.10347222222222222,2,0.1111111111111111,0.125,0.0625,0.037037037037037035,0.07407407407407407
CLGVGSCNDFAGCGYAVVCFW,amp_all_clean.csv,1,amp,1,21,0.2357142857142857,1,0.2857142857142857,0.3333333333333333,0.0,0.19047619047619047,0.0
CLGVGSCNDFAGCGYAIVCFW,amp_all_clean.csv,1,amp,1,21,0.2357142857142857,1,0.2857142857142857,0.3333333333333333,0.0,0.19047619047619047,0.0
LTTKLWSSWGYYLGKKARWNLKHPYVQF,amp_all_clean.csv,1,amp,0,28,0.09999999999999999,1,0.1111111111111111,0.1111111111111111,0.05555555555555555,0.07142857142857142,0.03571428571428571
TTPACFTIGLGVGALFSAKFC,amp_all_clean.csv,1,amp,0,21,0.13452380952380952,1,0.14285714285714285,0.16666666666666666,0.08333333333333333,0.14285714285714285,0.047619047619047616
GAWKNFWSSLRKGFYDGEAGRAIRR,amp_all_clean.csv,1,amp,0,25,0.2,1,0.25,0.25,0.0,0.16,0.0
NPKVAHCASQIGRSTAWGAVSGA,amp_all_clean.csv,1,amp,0,23,0.22857142857142856,2,0.2857142857142857,0.2857142857142857,0.0,0.13043478260869565,0.043478260869565216
AYPGNGVHCGKYSCTVDKQTAIGNIGNNAA,amp_all_clean.csv,1,amp,0,30,0.17444444444444443,1,0.2,0.2222222222222222,0.05555555555555555,0.16666666666666666,0.03333333333333333
CSTNTFSLSDYWGNNGAWCTLTHECMAWCK,amp_all_clean.csv,1,amp,1,30,0.16,0,0.2,0.2,0.0,0.06666666666666667,0.0
KRGSGWIATITDDCPNSVFVCC,amp_all_clean.csv,1,amp,1,22,0.1285714285714286,1,0.14285714285714285,0.14285714285714285,0.07142857142857142,0.09090909090909091,0.045454545454545456
GGGVIQTISHECRMNSWQFLFTCCS,amp_all_clean.csv,1,amp,1,25,0.10267857142857142,2,0.125,0.14285714285714285,0.0,0.12,0.0
KGGSGVIHTISHECNMNSWQFVFTCCS,amp_all_clean.csv,1,amp,1,27,0.18194444444444444,1,0.2222222222222222,0.25,0.0,0.1111111111111111,0.0
KKKSGVIPTVSHDCHMNSFQFVFTCCS,amp_all_clean.csv,1,amp,1,27,0.09097222222222222,1,0.1111111111111111,0.125,0.0,0.037037037037037035,0.037037037037037035
GKNGVFKTISHECHLNTWAFLATCCS,amp_all_clean.csv,1,amp,1,26,0.18194444444444444,0,0.2222222222222222,0.25,0.0,0.07692307692307693,0.0
CTFTLPGGGGVCTLTSECIC,amp_all_clean.csv,1,amp,1,20,0.2523809523809524,0,0.2857142857142857,0.3333333333333333,0.08333333333333333,0.2,0.05
GNRPVYIPPPRPPHPRL,amp_all_clean.csv,1,amp,0,17,0.21833333333333335,0,0.16666666666666666,0.2,0.4,0.058823529411764705,0.4117647058823529
GFRDVLKGAAKAFVKTVAGHIAN,amp_all_clean.csv,1,amp,0,23,0.20535714285714285,0,0.25,0.2857142857142857,0.0,0.13043478260869565,0.0
GFRDVLKGAAKAFVKTVAGHIANI,amp_all_clean.csv,1,amp,0,24,0.2,0,0.25,0.25,0.0,0.125,0.0
GIKDWIKGAAKKLIKTVASNIANQ,amp_all_clean.csv,1,amp,0,24,0.10267857142857142,1,0.125,0.14285714285714285,0.0,0.08333333333333333,0.0
GFKDWIKGAAKKLIKTVASSIANQ,amp_all_clean.csv,1,amp,0,24,0.10267857142857142,1,0.125,0.14285714285714285,0.0,0.08333333333333333,0.0
GFKDLLKGAAKALVKTVLF,amp_all_clean.csv,1,amp,0,19,0.13333333333333333,1,0.16666666666666666,0.16666666666666666,0.0,0.10526315789473684,0.0
VGALAVVVWLFLWLW,amp_all_clean.csv,1,amp,1,15,0.1675,1,0.2,0.25,0.0,0.06666666666666667,0.0
VGALAVVVWLYLWLW,amp_all_clean.csv,1,amp,1,15,0.1675,1,0.2,0.25,0.0,0.06666666666666667,0.0
GLLDLAKHVIGIASKL,amp_all_clean.csv,1,amp,0,16,0.16,1,0.2,0.2,0.0,0.125,0.0
KFFRKLKKSVKKRAKEFFKKPRVIGVSIPF,amp_all_clean.csv,1,amp,1,30,0.1,0,0.1,0.1,0.1,0.03333333333333333,0.06666666666666667
GLLSFLPKVIGVIGHLIHPPS,amp_all_clean.csv,1,amp,0,21,0.26904761904761904,1,0.2857142857142857,0.3333333333333333,0.16666666666666666,0.14285714285714285,0.14285714285714285
FMPIIGRLMSGSL,amp_all_clean.csv,1,amp,0,13,0.225,1,0.25,0.25,0.125,0.15384615384615385,0.07692307692307693
INMKASAAVAKKLL,amp_all_clean.csv,1,amp,0,14,0.0,0,0.0,0.0,0.0,0.0,0.0
GILDAIKAIAKAAG,amp_all_clean.csv,1,amp,0,14,0.1675,0,0.2,0.25,0.0,0.14285714285714285,0.0
GALRGCWTKSYPPKPCK,amp_all_clean.csv,1,amp,0,17,0.19833333333333333,1,0.16666666666666666,0.2,0.3,0.11764705882352941,0.17647058823529413
SAPRGCWTKSYPPKPCK,amp_all_clean.csv,1,amp,0,17,0.21833333333333335,1,0.16666666666666666,0.2,0.4,0.058823529411764705,0.23529411764705882
LVRGCWTKSYPPKPCFVR,amp_all_clean.csv,1,amp,0,18,0.18333333333333332,0,0.16666666666666666,0.16666666666666666,0.25,0.05555555555555555,0.16666666666666666
GLMDVFKGAAKNLLASALDKIRCKVTKC,amp_all_clean.csv,1,amp,0,28,0.08888888888888888,1,0.1111111111111111,0.1111111111111111,0.0,0.07142857142857142,0.0
IIGHLIKTALGMLGL,amp_all_clean.csv,1,amp,0,15,0.2975,1,0.4,0.25,0.0,0.2,0.0
IIEKLVNTALGLLSGL,amp_all_clean.csv,1,amp,0,16,0.16,1,0.2,0.2,0.0,0.125,0.0
GLADFLNKAVGKVVDFVKS,amp_all_clean.csv,1,amp,0,19,0.13333333333333333,1,0.16666666666666666,0.16666666666666666,0.0,0.10526315789473684,0.0
FLPLVTMLLGKLF,amp_all_clean.csv,1,amp,0,13,0.1925,0,0.2,0.25,0.125,0.07692307692307693,0.07692307692307693
RIGVLLARLPKLFSLFKLMGKKV,amp_all_clean.csv,1,amp,0,23,0.1285714285714286,2,0.14285714285714285,0.14285714285714285,0.07142857142857142,0.08695652173913043,0.043478260869565216
HFLGTLVNLAKKIL,amp_all_clean.csv,1,amp,0,14,0.1675,0,0.2,0.25,0.0,0.07142857142857142,0.0
AVDLAKIANKVLSSLF,amp_all_clean.csv,1,amp,0,16,0.0,0,0.0,0.0,0.0,0.0,0.0
FLPVILPVIGKLLSGIL,amp_all_clean.csv,1,amp,0,17,0.18000000000000002,2,0.2,0.2,0.1,0.11764705882352941,0.11764705882352941
GFLSILKKVLPKVMAHMK,amp_all_clean.csv,1,amp,0,18,0.15,0,0.16666666666666666,0.16666666666666666,0.08333333333333333,0.05555555555555555,0.05555555555555555
GLMDTVKNAAKNLAGQLLDTIKCKMTGC,amp_all_clean.csv,1,amp,0,28,0.16319444444444442,2,0.2222222222222222,0.125,0.0,0.10714285714285714,0.0
GFISTVKNLATNVAGTVIDTIKCKVTGGC,amp_all_clean.csv,1,amp,0,29,0.17777777777777776,2,0.2222222222222222,0.2222222222222222,0.0,0.13793103448275862,0.0
MRKEFHNVLSSGQLLADKRPARDYNRK,amp_all_clean.csv,1,amp,0,27,0.10347222222222222,2,0.1111111111111111,0.125,0.0625,0.037037037037037035,0.037037037037037035
IRNSLTCRFNFGICLPKRCPGRMRQIGTCF,amp_all_clean.csv,1,amp,1,30,0.26722222222222225,2,0.3,0.3333333333333333,0.1111111111111111,0.1,0.06666666666666667
AALKGCWTKSIPPKPCFGKR,amp_all_clean.csv,1,amp,0,20,0.16785714285714284,1,0.14285714285714285,0.16666666666666666,0.25,0.1,0.15
FMPILSCSRFKRC,amp_all_clean.csv,1,amp,0,13,0.025,0,0.0,0.0,0.125,0.0,0.07692307692307693
GLFTLIKCAYQLIAPTVACN,amp_all_clean.csv,1,amp,0,20,0.13452380952380952,0,0.14285714285714285,0.16666666666666666,0.08333333333333333,0.05,0.05
DEKGPKWKR,amp_all_clean.csv,1,amp,0,9,0.3,0,0.3333333333333333,0.3333333333333333,0.16666666666666666,0.1111111111111111,0.1111111111111111
GFSPNLPGKGLRIS,amp_all_clean.csv,1,amp,0,14,0.335,0,0.4,0.5,0.0,0.21428571428571427,0.14285714285714285
VIPFVASVAAEMMQHVYCAASKKC,amp_all_clean.csv,1,amp,0,24,0.014285714285714285,1,0.0,0.0,0.07142857142857142,0.0,0.041666666666666664
FLPPSPWKETFRTS,amp_all_clean.csv,1,amp,0,14,0.07500000000000001,1,0.0,0.0,0.375,0.0,0.21428571428571427
TSRCYIGYRRKVVCS,amp_all_clean.csv,1,amp,0,15,0.16,0,0.2,0.2,0.0,0.06666666666666667,0.0
GCSRWIIGIHGQICRD,amp_all_clean.csv,1,amp,0,16,0.32,1,0.4,0.4,0.0,0.1875,0.0
GLLSGTSVRGSI,amp_all_clean.csv,1,amp,0,12,0.4,0,0.5,0.5,0.0,0.25,0.0
GLLSGILGAGKHIICGLSGLC,amp_all_clean.csv,1,amp,0,21,0.45714285714285713,0,0.5714285714285714,0.5714285714285714,0.0,0.2857142857142857,0.0
GLLSGILGAGKQKVCGLSGLC,amp_all_clean.csv,1,amp,0,21,0.45714285714285713,0,0.5714285714285714,0.5714285714285714,0.0,0.2857142857142857,0.0
GLLSGVLGVGKKVDCGLSGLC,amp_all_clean.csv,1,amp,0,21,0.45714285714285713,0,0.5714285714285714,0.5714285714285714,0.0,0.2857142857142857,0.0
SKGKKANKDVELARG,amp_all_clean.csv,1,amp,0,15,0.2975,2,0.4,0.25,0.0,0.13333333333333333,0.0
LFGLIPSLIGGLVSAFK,amp_all_clean.csv,1,amp,0,17,0.16,2,0.2,0.2,0.0,0.17647058823529413,0.058823529411764705
KQQLATEAESAGPIL,amp_all_clean.csv,1,amp,0,15,0.1925,2,0.2,0.25,0.125,0.06666666666666667,0.06666666666666667
IFGAILPLALGALKNLIK,amp_all_clean.csv,1,amp,0,18,0.15833333333333335,1,0.16666666666666666,0.2,0.1,0.1111111111111111,0.05555555555555555
FIGAILPAIAGLVHGLINR,amp_all_clean.csv,1,amp,0,19,0.2966666666666667,2,0.3333333333333333,0.4,0.1,0.15789473684210525,0.05263157894736842
FIGAILPAIAGLVGGLINR,amp_all_clean.csv,1,amp,0,19,0.2966666666666667,2,0.3333333333333333,0.4,0.1,0.21052631578947367,0.05263157894736842
FLSFPTTKTYFPHFDLSHGSAQVKGHGAK,amp_all_clean.csv,1,amp,0,29,0.18555555555555556,0,0.2,0.2222222222222222,0.1111111111111111,0.10344827586206896,0.06896551724137931
SVAGRAQGM,amp_all_clean.csv,1,amp,0,9,0.26666666666666666,0,0.3333333333333333,0.3333333333333333,0.0,0.2222222222222222,0.0
TESYFVFSVGM,amp_all_clean.csv,1,amp,0,11,0.1625,0,0.25,0.0,0.0,0.09090909090909091,0.0
TCSYTMEA,amp_all_clean.csv,1,amp,0,8,0.0,0,0.0,0.0,0.0,0.0,0.0
FFGTALKIAANVLPTAICKILKKC,amp_all_clean.csv,1,amp,0,24,0.11696428571428572,2,0.125,0.14285714285714285,0.07142857142857142,0.041666666666666664,0.041666666666666664
FFPLVLGALGSILPKIF,amp_all_clean.csv,1,amp,0,17,0.3166666666666667,0,0.3333333333333333,0.4,0.2,0.11764705882352941,0.11764705882352941
FIITGLVRGLTKLF,amp_all_clean.csv,1,amp,0,14,0.2,2,0.25,0.25,0.0,0.14285714285714285,0.0
SLSRFLSFLKIVYPPAF,amp_all_clean.csv,1,amp,0,17,0.04000000000000001,0,0.0,0.0,0.2,0.0,0.11764705882352941
FFGTALKIAANILPTAICKILKKC,amp_all_clean.csv,1,amp,0,24,0.11696428571428572,2,0.125,0.14285714285714285,0.07142857142857142,0.041666666666666664,0.041666666666666664
FWGHIWNAVKRVGANALHGAVTGALS,amp_all_clean.csv,1,amp,0,26,0.18194444444444444,0,0.2222222222222222,0.25,0.0,0.15384615384615385,0.0
GVVTDLLNTAGGLLGNLVGSLSG,amp_all_clean.csv,1,amp,0,23,0.22857142857142856,2,0.2857142857142857,0.2857142857142857,0.0,0.2608695652173913,0.0
GLWSTIKQKGKEAAIAAAKAAGQAALGAL,amp_all_clean.csv,1,amp,0,29,0.245,0,0.3,0.3333333333333333,0.0,0.13793103448275862,0.0
ILPFVAGVAAEMMQHVYCAASKKC,amp_all_clean.csv,1,amp,0,24,0.1125,0,0.125,0.125,0.0625,0.041666666666666664,0.041666666666666664
GILTDTLKGAAKNVAGVLLDKLKCKITGGC,amp_all_clean.csv,1,amp,0,30,0.24,0,0.3,0.3,0.0,0.16666666666666666,0.0
GILLNTLKGAAKNVAGVLLDKLKCKITGGC,amp_all_clean.csv,1,amp,0,30,0.24,0,0.3,0.3,0.0,0.16666666666666666,0.0
RPKHPIKHQGLPQEVLNENLLRF,amp_all_clean.csv,1,amp,0,23,0.1455357142857143,0,0.125,0.14285714285714285,0.21428571428571427,0.043478260869565216,0.13043478260869565
GVLDILKGAAKDLAGHVATKVINKI,amp_all_clean.csv,1,amp,0,25,0.10267857142857142,2,0.125,0.14285714285714285,0.0,0.12,0.0
GVVDILKGAGKDLLAHALSKLSEKV,amp_all_clean.csv,1,amp,0,25,0.18194444444444444,0,0.2222222222222222,0.25,0.0,0.12,0.0
GVLDILKGAGKDLLAHALSKISEKV,amp_all_clean.csv,1,amp,0,25,0.18194444444444444,0,0.2222222222222222,0.25,0.0,0.12,0.0
GVLDILTGAGKDLLAHALSKLSEKV,amp_all_clean.csv,1,amp,0,25,0.18194444444444444,0,0.2222222222222222,0.25,0.0,0.12,0.0
GLLGGLLGPLLGGGGGGGGGLL,amp_all_clean.csv,1,amp,0,22,0.5857142857142857,1,0.7142857142857143,0.7142857142857143,0.07142857142857142,0.5909090909090909,0.045454545454545456
GVVDILKGAAKDLAGHLATKVMNKL,amp_all_clean.csv,1,amp,0,25,0.10267857142857142,2,0.125,0.14285714285714285,0.0,0.12,0.0
FLPAIVGAAAKFLPKIFCAISKKC,amp_all_clean.csv,1,amp,0,24,0.125,0,0.125,0.125,0.125,0.041666666666666664,0.08333333333333333
FLPIIAGVAAKVLPKIFCAISKKC,amp_all_clean.csv,1,amp,0,24,0.125,0,0.125,0.125,0.125,0.041666666666666664,0.08333333333333333
FLPIIAGIAAKFLPKIFCTISKKC,amp_all_clean.csv,1,amp,0,24,0.125,0,0.125,0.125,0.125,0.041666666666666664,0.08333333333333333
FLPVIAGVAANFLPKLFCAISKKC,amp_all_clean.csv,1,amp,0,24,0.125,0,0.125,0.125,0.125,0.041666666666666664,0.08333333333333333
FLPIIAGAAAKVVQKIFCAISKKC,amp_all_clean.csv,1,amp,0,24,0.1125,0,0.125,0.125,0.0625,0.041666666666666664,0.041666666666666664
FLPIIAGAAAKVVEKIFCAISKKC,amp_all_clean.csv,1,amp,0,24,0.1125,0,0.125,0.125,0.0625,0.041666666666666664,0.041666666666666664
GLMDTIKGVAKTVAASWLDKLKCKITGC,amp_all_clean.csv,1,amp,0,28,0.08888888888888888,1,0.1111111111111111,0.1111111111111111,0.0,0.10714285714285714,0.0
FLPAVLRVAAKIVPTVFCAISKKC,amp_all_clean.csv,1,amp,0,24,0.025,0,0.0,0.0,0.125,0.0,0.08333333333333333
FLPAVLRVAAQVVPTVFCAISKKC,amp_all_clean.csv,1,amp,0,24,0.025,0,0.0,0.0,0.125,0.0,0.08333333333333333
GLLGSLFGAGKKVACALSGLC,amp_all_clean.csv,1,amp,0,21,0.45714285714285713,0,0.5714285714285714,0.5714285714285714,0.0,0.23809523809523808,0.0
GLLGSIFGAGKKIACALSGLC,amp_all_clean.csv,1,amp,0,21,0.45714285714285713,0,0.5714285714285714,0.5714285714285714,0.0,0.23809523809523808,0.0
GAIKDALKGAAKTVAVELLKKAQCKLEKTC,amp_all_clean.csv,1,amp,0,30,0.08166666666666667,2,0.1,0.1111111111111111,0.0,0.06666666666666667,0.0
FMGGLIKAATKIVPAAYCAITKKC,amp_all_clean.csv,1,amp,0,24,0.11696428571428572,2,0.125,0.14285714285714285,0.07142857142857142,0.08333333333333333,0.041666666666666664
FFGSVLKLIPKIL,amp_all_clean.csv,1,amp,0,13,0.24583333333333332,2,0.25,0.3333333333333333,0.16666666666666666,0.07692307692307693,0.07692307692307693
FLPILAGLAAKLVPKVFCSITKKC,amp_all_clean.csv,1,amp,0,24,0.125,0,0.125,0.125,0.125,0.041666666666666664,0.08333333333333333
FLPILAGLAANILPKVFCSITKKC,amp_all_clean.csv,1,amp,0,24,0.125,0,0.125,0.125,0.125,0.041666666666666664,0.08333333333333333
FFPIIAGMAAKLIPSLFCKITKKC,amp_all_clean.csv,1,amp,0,24,0.125,0,0.125,0.125,0.125,0.041666666666666664,0.08333333333333333
FLPIIAGMAAKVICAITKKC,amp_all_clean.csv,1,amp,0,20,0.13452380952380952,0,0.14285714285714285,0.16666666666666666,0.08333333333333333,0.05,0.05
FFPIIAGMAAKVICAITKKC,amp_all_clean.csv,1,amp,0,20,0.13452380952380952,0,0.14285714285714285,0.16666666666666666,0.08333333333333333,0.05,0.05
FLSAITSILGKFF,amp_all_clean.csv,1,amp,0,13,0.1675,0,0.2,0.25,0.0,0.07692307692307693,0.0
FMGSALRIAAKVLPAALCQIFKKC,amp_all_clean.csv,1,amp,0,24,0.11696428571428572,2,0.125,0.14285714285714285,0.07142857142857142,0.041666666666666664,0.041666666666666664
FLPGLIAGIAKML,amp_all_clean.csv,1,amp,0,13,0.225,1,0.25,0.25,0.125,0.15384615384615385,0.07692307692307693
FLPIALKALGSIFPKIL,amp_all_clean.csv,1,amp,0,17,0.17833333333333334,0,0.16666666666666666,0.2,0.2,0.058823529411764705,0.11764705882352941
FLGAIAAALPHVINAVTNAL,amp_all_clean.csv,1,amp,0,20,0.15,2,0.16666666666666666,0.16666666666666666,0.08333333333333333,0.05,0.05
FFGAIAAALPHVISAIKNAL,amp_all_clean.csv,1,amp,0,20,0.15,2,0.16666666666666666,0.16666666666666666,0.08333333333333333,0.05,0.05
FVGAIAAALPHVISAIKNAL,amp_all_clean.csv,1,amp,0,20,0.15,2,0.16666666666666666,0.16666666666666666,0.08333333333333333,0.05,0.05
IIGAIAAALPHVINAIKNTF,amp_all_clean.csv,1,amp,0,20,0.15,2,0.16666666666666666,0.16666666666666666,0.08333333333333333,0.05,0.05
LLSLALAALPKLFCLIFKKC,amp_all_clean.csv,1,amp,0,20,0.016666666666666666,1,0.0,0.0,0.08333333333333333,0.0,0.05
IIPLPLGYFAKKT,amp_all_clean.csv,1,amp,0,13,0.2175,0,0.2,0.25,0.25,0.07692307692307693,0.15384615384615385
FFPLALLCKVFKKC,amp_all_clean.csv,1,amp,0,14,0.025,0,0.0,0.0,0.125,0.0,0.07142857142857142
VGKTWIKVIRGIGKSKIKWQ,amp_all_clean.csv,1,amp,0,20,0.2357142857142857,1,0.2857142857142857,0.3333333333333333,0.0,0.15,0.0
GLKDIFKAGLGSLVKGIAAHVAN,amp_all_clean.csv,1,amp,0,23,0.20535714285714285,0,0.25,0.2857142857142857,0.0,0.17391304347826086,0.0
GLKEIFKAGLGSLVKGIAAHVAN,amp_all_clean.csv,1,amp,0,23,0.20535714285714285,0,0.25,0.2857142857142857,0.0,0.17391304347826086,0.0
GLKEIFKAGLGSLVKGIAAHVAS,amp_all_clean.csv,1,amp,0,23,0.20535714285714285,0,0.25,0.2857142857142857,0.0,0.17391304347826086,0.0
ILGKLLSTAAGLLSNL,amp_all_clean.csv,1,amp,0,16,0.1675,2,0.2,0.25,0.0,0.125,0.0
VNWKKVLGKIIKVAK,amp_all_clean.csv,1,amp,0,15,0.1675,1,0.2,0.25,0.0,0.06666666666666667,0.0
VNWKKILGKIIKVAK,amp_all_clean.csv,1,amp,0,15,0.1675,1,0.2,0.25,0.0,0.06666666666666667,0.0
VNWKKILGKIIKVVK,amp_all_clean.csv,1,amp,0,15,0.1675,1,0.2,0.25,0.0,0.06666666666666667,0.0
RPKPQQFFGLM,amp_all_clean.csv,1,amp,0,11,0.3,2,0.3333333333333333,0.3333333333333333,0.16666666666666666,0.09090909090909091,0.18181818181818182
RPPGFSPFR,amp_all_clean.csv,1,amp,0,9,0.3333333333333333,0,0.3333333333333333,0.3333333333333333,0.3333333333333333,0.1111111111111111,0.3333333333333333
LRQSQFVGSR,amp_all_clean.csv,1,amp,0,10,0.26666666666666666,1,0.3333333333333333,0.3333333333333333,0.0,0.1,0.0
AAGMGFFGAR,amp_all_clean.csv,1,amp,0,10,0.5333333333333333,1,0.6666666666666666,0.6666666666666666,0.0,0.3,0.0
ASIIKTTIKVSKAVCKTLTCICTGSCSNCK,amp_all_clean.csv,1,amp,1,30,0.08166666666666667,2,0.1,0.1111111111111111,0.0,0.03333333333333333,0.0
IASKFICTPGCAKTGSFNSYCC,amp_all_clean.csv,1,amp,1,22,0.11785714285714285,2,0.14285714285714285,0.16666666666666666,0.0,0.09090909090909091,0.045454545454545456
IPPFIKKVLTTVF,amp_all_clean.csv,1,amp,0,13,0.05,0,0.0,0.0,0.25,0.0,0.15384615384615385
FLPIVGRLISGIL,amp_all_clean.csv,1,amp,0,13,0.225,1,0.25,0.25,0.125,0.15384615384615385,0.07692307692307693
FLPKMSTKLRVPYRRGTKDYH,amp_all_clean.csv,1,amp,0,21,0.14285714285714285,0,0.14285714285714285,0.14285714285714285,0.14285714285714285,0.047619047619047616,0.09523809523809523
GILKKFMLHRGTKVYKMRTLSKRSH,amp_all_clean.csv,1,amp,1,25,0.1,1,0.125,0.125,0.0,0.08,0.0
LNLKGIFKKVASLLT,amp_all_clean.csv,1,amp,0,15,0.1675,1,0.2,0.25,0.0,0.06666666666666667,0.0
INLLKIAKGIIKSL,amp_all_clean.csv,1,amp,0,14,0.2,2,0.25,0.25,0.0,0.07142857142857142,0.0
RFRLPFRRPPIRIHPPPFYPPFRRFL,amp_all_clean.csv,1,amp,0,26,0.07500000000000001,0,0.0,0.0,0.375,0.0,0.3076923076923077
GAARKSIRLHRLYTWKATIYTR,amp_all_clean.csv,1,amp,0,22,0.10267857142857142,0,0.125,0.14285714285714285,0.0,0.045454545454545456,0.0
FFFLSRIF,amp_all_clean.csv,1,amp,1,8,0.0,0,0.0,0.0,0.0,0.0,0.0
GILSGILGMGKKLVCGLSGLC,amp_all_clean.csv,1,amp,0,21,0.45714285714285713,0,0.5714285714285714,0.5714285714285714,0.0,0.2857142857142857,0.0
GILSGILGAGKSLVCGLSGLC,amp_all_clean.csv,1,amp,0,21,0.45714285714285713,0,0.5714285714285714,0.5714285714285714,0.0,0.2857142857142857,0.0
GILSGVLGMGKKIVCGLSGLC,amp_all_clean.csv,1,amp,0,21,0.45714285714285713,0,0.5714285714285714,0.5714285714285714,0.0,0.2857142857142857,0.0
GILSNVLGMGKKIVCGLSGLC,amp_all_clean.csv,1,amp,0,21,0.45714285714285713,0,0.5714285714285714,0.5714285714285714,0.0,0.23809523809523808,0.0
SILSGNFGVGKKIVCGLSGLC,amp_all_clean.csv,1,amp,0,21,0.34285714285714286,0,0.42857142857142855,0.42857142857142855,0.0,0.23809523809523808,0.0
AVLDILKDVGKGLLSHFMEKV,amp_all_clean.csv,1,amp,0,21,0.11785714285714285,2,0.14285714285714285,0.16666666666666666,0.0,0.09523809523809523,0.0
AVLDFIKAAGKGLVTNIMEKVG,amp_all_clean.csv,1,amp,0,22,0.18392857142857144,0,0.25,0.14285714285714285,0.0,0.13636363636363635,0.0
IFGAIAGLLKNIF,amp_all_clean.csv,1,amp,0,13,0.2125,2,0.25,0.3333333333333333,0.0,0.15384615384615385,0.0
FFGHLFKLATKIIPSLFQ,amp_all_clean.csv,1,amp,0,18,0.15833333333333335,2,0.16666666666666666,0.2,0.1,0.05555555555555555,0.05555555555555555
GVIKSVLKGVAKTVALGML,amp_all_clean.csv,1,amp,0,19,0.13833333333333334,2,0.16666666666666666,0.2,0.0,0.15789473684210525,0.0
SAVGRHGRRFGLRKHRKH,amp_all_clean.csv,1,amp,1,18,0.26666666666666666,0,0.3333333333333333,0.3333333333333333,0.0,0.16666666666666666,0.0
LGAWLAGKVAGTVATYAWNRYV,amp_all_clean.csv,1,amp,0,22,0.22857142857142856,1,0.2857142857142857,0.2857142857142857,0.0,0.13636363636363635,0.0
QRPYTQPLIYYPPPPTPPRIYRA,amp_all_clean.csv,1,amp,0,23,0.08571428571428572,0,0.0,0.0,0.42857142857142855,0.0,0.34782608695652173
DSHEERRQGRHGHHEYGRKFHEKHHSHRGY,amp_all_clean.csv,1,amp,1,30,0.16333333333333333,2,0.2,0.2222222222222222,0.0,0.13333333333333333,0.0
DSHEKRHHEHRRKFHEKHHSHRGY,amp_all_clean.csv,1,amp,1,24,0.08125,1,0.125,0.0,0.0,0.041666666666666664,0.0
GNAACVIGCIGSCVISEGIGSLVGTAFTLG,amp_all_clean.csv,1,amp,1,30,0.245,1,0.3,0.3333333333333333,0.0,0.23333333333333334,0.0
GWFKKTFHKVSHAVKSGIHAGQRGCSALGF,amp_all_clean.csv,1,amp,0,30,0.16333333333333333,2,0.2,0.2222222222222222,0.0,0.16666666666666666,0.0
SWFSRTVHNVGNAVRKGIHAGQGVCSGLGL,amp_all_clean.csv,1,amp,0,30,0.31,1,0.4,0.3333333333333333,0.0,0.2,0.0
GIHDILKYGKPS,amp_all_clean.csv,1,amp,0,12,0.24583333333333332,2,0.25,0.3333333333333333,0.16666666666666666,0.16666666666666666,0.08333333333333333
FLSLIPHIVSGVASIAKHF,amp_all_clean.csv,1,amp,0,19,0.15,1,0.16666666666666666,0.16666666666666666,0.08333333333333333,0.05263157894736842,0.05263157894736842
GWANTLKNVAGGLCKITGAA,amp_all_clean.csv,1,amp,0,20,0.26666666666666666,2,0.3333333333333333,0.3333333333333333,0.0,0.2,0.0
VGECVRGRCPSGMCCSQFGYCGKGPKYCG,amp_all_clean.csv,1,amp,1,29,0.245,0,0.3,0.3333333333333333,0.0,0.2413793103448276,0.06896551724137931
CKQSCSFGPFTFVCDGNTK,amp_all_clean.csv,1,amp,1,19,0.15,1,0.16666666666666666,0.16666666666666666,0.08333333333333333,0.10526315789473684,0.05263157894736842
CRQSCSFGPLTFVCDGNTK,amp_all_clean.csv,1,amp,1,19,0.15,1,0.16666666666666666,0.16666666666666666,0.08333333333333333,0.10526315789473684,0.05263157894736842
CANSCSYGPLTWSCDGNTK,amp_all_clean.csv,1,amp,1,19,0.15,1,0.16666666666666666,0.16666666666666666,0.08333333333333333,0.10526315789473684,0.05263157894736842
CRQSCSFGPFTFVCDGNTK,amp_all_clean.csv,1,amp,1,19,0.15,1,0.16666666666666666,0.16666666666666666,0.08333333333333333,0.10526315789473684,0.05263157894736842
YVPPVQKPHPNGPKFPTFP,amp_all_clean.csv,1,amp,0,19,0.23833333333333334,2,0.16666666666666666,0.2,0.5,0.05263157894736842,0.3684210526315789
SSSGWLCTLTIECGTIICACR,amp_all_clean.csv,1,amp,1,21,0.11785714285714285,1,0.14285714285714285,0.16666666666666666,0.0,0.09523809523809523,0.0
KCKWWNISCDLGNNGHVCTLSHECQVSCN,amp_all_clean.csv,1,amp,1,29,0.17777777777777776,2,0.2222222222222222,0.2222222222222222,0.0,0.06896551724137931,0.0
CSTNTFSLSDYWGNKGNWCTATHECMSWCK,amp_all_clean.csv,1,amp,1,30,0.16,0,0.2,0.2,0.0,0.06666666666666667,0.0
IASKFLCTPGCAKTGSFNSYCC,amp_all_clean.csv,1,amp,1,22,0.11785714285714285,2,0.14285714285714285,0.16666666666666666,0.0,0.09090909090909091,0.045454545454545456
WRSLGRTLLRLSHALKPLARRSGW,amp_all_clean.csv,1,amp,0,24,0.18392857142857144,1,0.25,0.14285714285714285,0.0,0.08333333333333333,0.041666666666666664
SLGPAIKATRQVCPKATRFVTVSCKKSDCQ,amp_all_clean.csv,1,amp,1,30,0.10388888888888889,2,0.1,0.1111111111111111,0.1111111111111111,0.03333333333333333,0.06666666666666667
VTSWSLCTPGCTSPGGGSNCSFCC,amp_all_clean.csv,1,amp,1,24,0.225,0,0.25,0.25,0.125,0.16666666666666666,0.08333333333333333
VDKPPYLPRPPPPRRIYNNR,amp_all_clean.csv,1,amp,0,20,0.1,2,0.0,0.0,0.5,0.0,0.35
CAWYNISCRLGNKGAYCTLTVECMPSCN,amp_all_clean.csv,1,amp,1,28,0.18888888888888886,1,0.2222222222222222,0.2222222222222222,0.05555555555555555,0.07142857142857142,0.03571428571428571
ATPATPTVAQFVIQGSTICLVC,amp_all_clean.csv,1,amp,0,22,0.11785714285714285,2,0.14285714285714285,0.16666666666666666,0.0,0.045454545454545456,0.09090909090909091
INWKKIFEKVKNLV,amp_all_clean.csv,1,amp,0,14,0.0,0,0.0,0.0,0.0,0.0,0.0
INWLKLGKKILGAL,amp_all_clean.csv,1,amp,0,14,0.2,2,0.25,0.25,0.0,0.14285714285714285,0.0
INWLKLGKKMMSAL,amp_all_clean.csv,1,amp,0,14,0.1675,0,0.2,0.25,0.0,0.07142857142857142,0.0
INWKKIASIGKEVLKAL,amp_all_clean.csv,1,amp,0,17,0.13833333333333334,0,0.16666666666666666,0.2,0.0,0.058823529411764705,0.0
INWKKIAEVGGKILSSL,amp_all_clean.csv,1,amp,0,17,0.13833333333333334,0,0.16666666666666666,0.2,0.0,0.11764705882352941,0.0
INWKKIAEIGKQVLSAL,amp_all_clean.csv,1,amp,0,17,0.13833333333333334,0,0.16666666666666666,0.2,0.0,0.058823529411764705,0.0
INWLKLGKMVIDAL,amp_all_clean.csv,1,amp,0,14,0.1675,0,0.2,0.25,0.0,0.07142857142857142,0.0
IDWLKLGKMVMDVL,amp_all_clean.csv,1,amp,0,14,0.1675,0,0.2,0.25,0.0,0.07142857142857142,0.0
GAFGNFLKGVAKKAGLKILSIAQCKLSGTC,amp_all_clean.csv,1,amp,0,30,0.24,0,0.3,0.3,0.0,0.16666666666666666,0.0
GAFGNFLKGVAKKAGLKILSIAQCKLFGTC,amp_all_clean.csv,1,amp,0,30,0.24,0,0.3,0.3,0.0,0.16666666666666666,0.0
RCTCTTIISSSSTF,amp_all_clean.csv,1,amp,0,14,0.0,0,0.0,0.0,0.0,0.0,0.0
GKLNLFLSRLEILKLFVGAL,amp_all_clean.csv,1,amp,0,20,0.13333333333333333,2,0.16666666666666666,0.16666666666666666,0.0,0.1,0.0
FFHHIFRGIVHVGKTIHKLVTG,amp_all_clean.csv,1,amp,0,22,0.18392857142857144,0,0.25,0.14285714285714285,0.0,0.13636363636363635,0.0
GLFSVLGSVAKHLLPHVVPVIAEKL,amp_all_clean.csv,1,amp,0,25,0.19444444444444445,0,0.2222222222222222,0.25,0.0625,0.08,0.08
GLFKVLGSVAKHLLPHVAPIIAEKL,amp_all_clean.csv,1,amp,0,25,0.19444444444444445,0,0.2222222222222222,0.25,0.0625,0.08,0.08
IIGHLIKTALGFLGL,amp_all_clean.csv,1,amp,0,15,0.2975,1,0.4,0.25,0.0,0.2,0.0
VIPFVASVAAEMMHHVYCAASKRC,amp_all_clean.csv,1,amp,0,24,0.014285714285714285,1,0.0,0.0,0.07142857142857142,0.0,0.041666666666666664
NALSMPRNKCNRALMCFG,amp_all_clean.csv,1,amp,0,18,0.10833333333333334,2,0.16666666666666666,0.0,0.0,0.05555555555555555,0.05555555555555555
NALSSPRNKCDRASSCFG,amp_all_clean.csv,1,amp,0,18,0.10833333333333334,2,0.16666666666666666,0.0,0.0,0.05555555555555555,0.05555555555555555
ACYCRIPACLAGERRYGTCFYLGRVWAFCC,amp_all_clean.csv,1,amp,1,30,0.17444444444444443,1,0.2,0.2222222222222222,0.05555555555555555,0.1,0.03333333333333333
ACYCRIPACLAGERRYGTCFYRRRVWAFCC,amp_all_clean.csv,1,amp,1,30,0.09277777777777778,1,0.1,0.1111111111111111,0.05555555555555555,0.06666666666666667,0.03333333333333333
ACYCRIPACFAGERRYGTCFYLGRVWAFCC,amp_all_clean.csv,1,amp,1,30,0.17444444444444443,1,0.2,0.2222222222222222,0.05555555555555555,0.1,0.03333333333333333
GICRCICTRGFCRCICVL,amp_all_clean.csv,1,amp,1,18,0.26666666666666666,0,0.3333333333333333,0.3333333333333333,0.0,0.1111111111111111,0.0
GICRCLCRRGVCRCICVL,amp_all_clean.csv,1,amp,1,18,0.26666666666666666,0,0.3333333333333333,0.3333333333333333,0.0,0.1111111111111111,0.0
KTCENLADTYKGPCFTTGSCD,amp_all_clean.csv,1,amp,1,21,0.2523809523809524,2,0.2857142857142857,0.3333333333333333,0.08333333333333333,0.09523809523809523,0.047619047619047616
GRILSFIKGLAEHL,amp_all_clean.csv,1,amp,0,14,0.2,2,0.25,0.25,0.0,0.14285714285714285,0.0
KDLHTVVSAILQAL,amp_all_clean.csv,1,amp,0,14,0.0,0,0.0,0.0,0.0,0.0,0.0
GFGSLLGKALRLGANVL,amp_all_clean.csv,1,amp,0,17,0.41500000000000004,0,0.5,0.6,0.0,0.23529411764705882,0.0
GLFSVLGSVAKHLLPHVAPIIAEKL,amp_all_clean.csv,1,amp,0,25,0.19444444444444445,0,0.2222222222222222,0.25,0.0625,0.08,0.08
GLWEKVKEKANELVSGIVEGVK,amp_all_clean.csv,1,amp,0,22,0.20535714285714285,0,0.25,0.2857142857142857,0.0,0.13636363636363635,0.0
GFMDTAKNVAKNVAVTLLDKLKCKITGGC,amp_all_clean.csv,1,amp,0,29,0.14666666666666667,0,0.2,0.1111111111111111,0.0,0.10344827586206896,0.0
GIFSTVFKAGKGIVCGLTGLC,amp_all_clean.csv,1,amp,0,21,0.45714285714285713,0,0.5714285714285714,0.5714285714285714,0.0,0.23809523809523808,0.0
GILGTVFKAGKGIVCGLTGLC,amp_all_clean.csv,1,amp,0,21,0.5714285714285714,0,0.7142857142857143,0.7142857142857143,0.0,0.2857142857142857,0.0
PSCVCSGFETSGIHFC,amp_all_clean.csv,1,amp,1,16,0.1675,2,0.2,0.25,0.0,0.125,0.0625
RPRPNYRPRPIYRP,amp_all_clean.csv,1,amp,0,14,0.1,2,0.0,0.0,0.5,0.0,0.35714285714285715
FLPVLTGLTPSIVPKLVCLLTKKC,amp_all_clean.csv,1,amp,0,24,0.125,0,0.125,0.125,0.125,0.041666666666666664,0.125
FLPVLAGLTPSIVPKLVCLLTKKC,amp_all_clean.csv,1,amp,0,24,0.125,0,0.125,0.125,0.125,0.041666666666666664,0.125
FFPMLAGVAARVVPKVICLITKKC,amp_all_clean.csv,1,amp,0,24,0.125,0,0.125,0.125,0.125,0.041666666666666664,0.08333333333333333
GTPGFQTPDARVISRFGFN,amp_all_clean.csv,1,amp,0,19,0.26904761904761904,0,0.2857142857142857,0.3333333333333333,0.16666666666666666,0.15789473684210525,0.10526315789473684
FLPILGNLLSGLL,amp_all_clean.csv,1,amp,0,13,0.225,1,0.25,0.25,0.125,0.15384615384615385,0.07692307692307693
FLPIITNLLGKLL,amp_all_clean.csv,1,amp,0,13,0.1925,0,0.2,0.25,0.125,0.07692307692307693,0.07692307692307693
NFLDTLINLAKKFI,amp_all_clean.csv,1,amp,0,14,0.0,0,0.0,0.0,0.0,0.0,0.0
GSQLVYREWVGHSNVIKP,amp_all_clean.csv,1,amp,0,18,0.15,0,0.16666666666666666,0.16666666666666666,0.08333333333333333,0.1111111111111111,0.05555555555555555
GSQLVYREWVGHSNVIKGPP,amp_all_clean.csv,1,amp,0,20,0.16666666666666666,2,0.16666666666666666,0.16666666666666666,0.16666666666666666,0.15,0.1
ILGPVIKTIGGVIGGLLKNL,amp_all_clean.csv,1,amp,0,20,0.2833333333333333,2,0.3333333333333333,0.3333333333333333,0.08333333333333333,0.25,0.05
FLGGILNTITGLL,amp_all_clean.csv,1,amp,0,13,0.2125,2,0.25,0.3333333333333333,0.0,0.23076923076923078,0.0
SFPFFPPGICKRLKRC,amp_all_clean.csv,1,amp,0,16,0.22,1,0.2,0.2,0.3,0.0625,0.1875
SFHVFPPWMCKSLKKC,amp_all_clean.csv,1,amp,0,16,0.04000000000000001,1,0.0,0.0,0.2,0.0,0.125
IPAMEPAARVKRSPGYGGCSPRWACGGYG,amp_all_clean.csv,1,amp,0,29,0.2777777777777778,2,0.3333333333333333,0.3333333333333333,0.05555555555555555,0.20689655172413793,0.13793103448275862
SPPNQPSIMTFDYAKTNK,amp_all_clean.csv,1,amp,0,18,0.05,0,0.0,0.0,0.25,0.0,0.16666666666666666
SPPSEQLGKSFNF,amp_all_clean.csv,1,amp,0,13,0.225,1,0.25,0.25,0.125,0.07692307692307693,0.15384615384615385
APPPGLSAGV,amp_all_clean.csv,1,amp,0,10,0.3333333333333333,1,0.3333333333333333,0.3333333333333333,0.3333333333333333,0.2,0.3
APPPGYAMESDSFS,amp_all_clean.csv,1,amp,0,14,0.2175,1,0.2,0.25,0.25,0.07142857142857142,0.21428571428571427
FPPPGESAVDMSFFYALSNP,amp_all_clean.csv,1,amp,0,20,0.15119047619047618,1,0.14285714285714285,0.16666666666666666,0.16666666666666666,0.05,0.2
KSLRPRCWIKIKFRCKSLKF,amp_all_clean.csv,1,amp,0,20,0.016666666666666666,0,0.0,0.0,0.08333333333333333,0.0,0.05
RPRCWIKIKFRCKSLKF,amp_all_clean.csv,1,amp,0,17,0.020000000000000004,0,0.0,0.0,0.1,0.0,0.058823529411764705
ILPLLLGKVVCAITKKC,amp_all_clean.csv,1,amp,0,17,0.15833333333333335,0,0.16666666666666666,0.2,0.1,0.058823529411764705,0.058823529411764705
GIPCGESCVFIPCITGAIGCSCKSKVCYRN,amp_all_clean.csv,1,amp,1,30,0.26,0,0.3,0.3,0.1,0.13333333333333333,0.06666666666666667
GIPCGESCVFIPCITAAIGCSCKSKVCYRN,amp_all_clean.csv,1,amp,1,30,0.18000000000000002,0,0.2,0.2,0.1,0.1,0.06666666666666667
DSMGAVKLAKLLIDKMKCEVTKAC,amp_all_clean.csv,1,amp,0,24,0.1,0,0.125,0.125,0.0,0.041666666666666664,0.0
GFMDTAKNVAKNVAVTLIDKLRCKVTGGC,amp_all_clean.csv,1,amp,0,29,0.14666666666666667,0,0.2,0.1111111111111111,0.0,0.10344827586206896,0.0
GFMDTAKNVAKNVAATLLDKLKCKITGGC,amp_all_clean.csv,1,amp,0,29,0.14666666666666667,0,0.2,0.1111111111111111,0.0,0.10344827586206896,0.0
GILSTVFKAGKGIVCGLSGLC,amp_all_clean.csv,1,amp,0,21,0.45714285714285713,0,0.5714285714285714,0.5714285714285714,0.0,0.23809523809523808,0.0
GKLQAFLAKMKEIAAQTL,amp_all_clean.csv,1,amp,0,18,0.13333333333333333,0,0.16666666666666666,0.16666666666666666,0.0,0.05555555555555555,0.0
GRLQAFLAKMKEIAAQTL,amp_all_clean.csv,1,amp,0,18,0.13333333333333333,0,0.16666666666666666,0.16666666666666666,0.0,0.05555555555555555,0.0
FLWGLIPGAISAVTSLIKK,amp_all_clean.csv,1,amp,0,19,0.15,1,0.16666666666666666,0.16666666666666666,0.08333333333333333,0.10526315789473684,0.05263157894736842
LMCTHPLDCSN,amp_all_clean.csv,1,amp,0,11,0.03333333333333333,0,0.0,0.0,0.16666666666666666,0.0,0.09090909090909091
GIRCPKSWKCKAFKQRVLKRLLAMLRQHAF,amp_all_clean.csv,1,amp,1,30,0.09000000000000001,0,0.1,0.1,0.05,0.03333333333333333,0.03333333333333333
AWKLFDDGV,amp_all_clean.csv,1,amp,0,9,0.21666666666666667,1,0.3333333333333333,0.0,0.0,0.1111111111111111,0.0
KIAKVALKAL,amp_all_clean.csv,1,amp,0,10,0.0,0,0.0,0.0,0.0,0.0,0.0
VIVFVASVAAEMMQHVYCAASKKC,amp_all_clean.csv,1,amp,0,24,0.0,0,0.0,0.0,0.0,0.0,0.0
FLPKLFAGIISKNF,amp_all_clean.csv,1,amp,0,14,0.1925,1,0.2,0.25,0.125,0.07142857142857142,0.07142857142857142
FLPAVIRVAANVLPTAFCAISKKC,amp_all_clean.csv,1,amp,0,24,0.025,0,0.0,0.0,0.125,0.0,0.08333333333333333
LPFVAGVAAEMMQHVYCAASKKC,amp_all_clean.csv,1,amp,0,23,0.11428571428571428,2,0.14285714285714285,0.14285714285714285,0.0,0.043478260869565216,0.043478260869565216
FLPKLFAKITKKNMAHIR,amp_all_clean.csv,1,amp,0,18,0.020000000000000004,1,0.0,0.0,0.1,0.0,0.05555555555555555
IDPFVAGVAAEMMQHVYCAASKKC,amp_all_clean.csv,1,amp,0,24,0.1125,0,0.125,0.125,0.0625,0.041666666666666664,0.041666666666666664
INPFVAGVAAEMMQHVYCAASKKC,amp_all_clean.csv,1,amp,0,24,0.1125,0,0.125,0.125,0.0625,0.041666666666666664,0.041666666666666664
ILPFVAGVAAEMMKHVYCAASKKC,amp_all_clean.csv,1,amp,0,24,0.1125,0,0.125,0.125,0.0625,0.041666666666666664,0.041666666666666664
IIPFVAGVAAEMMEHVYCAASKKC,amp_all_clean.csv,1,amp,0,24,0.1125,0,0.125,0.125,0.0625,0.041666666666666664,0.041666666666666664
QLPFVAGVACEMCQCVYCAASKKC,amp_all_clean.csv,1,amp,1,24,0.1125,0,0.125,0.125,0.0625,0.041666666666666664,0.041666666666666664
ILPFVAGVAAEMMEHVYCAASKKC,amp_all_clean.csv,1,amp,0,24,0.1125,0,0.125,0.125,0.0625,0.041666666666666664,0.041666666666666664
ILPFVAGVAAMEMEHVYCAASKKC,amp_all_clean.csv,1,amp,0,24,0.1125,0,0.125,0.125,0.0625,0.041666666666666664,0.041666666666666664
FLPAVLLVATHVLPTVFCAITRKC,amp_all_clean.csv,1,amp,0,24,0.025,0,0.0,0.0,0.125,0.0,0.08333333333333333
LAFVAGVAAEMMQHVYCAASKKC,amp_all_clean.csv,1,amp,0,23,0.11428571428571428,2,0.14285714285714285,0.14285714285714285,0.0,0.043478260869565216,0.0
FIFPKKNIINSLFGR,amp_all_clean.csv,1,amp,0,15,0.155,1,0.2,0.0,0.125,0.06666666666666667,0.06666666666666667
TSRCIFYRRKKCS,amp_all_clean.csv,1,amp,0,13,0.0,0,0.0,0.0,0.0,0.0,0.0
ATNIPFKVHFRCKAAFC,amp_all_clean.csv,1,amp,0,17,0.020000000000000004,0,0.0,0.0,0.1,0.0,0.058823529411764705
AVNIPFKVHFRCKAAFC,amp_all_clean.csv,1,amp,0,17,0.020000000000000004,0,0.0,0.0,0.1,0.0,0.058823529411764705
GFMNTAKNVAKNVAVTLLDNLKCKITGGC,amp_all_clean.csv,1,amp,0,29,0.14666666666666667,0,0.2,0.1111111111111111,0.0,0.10344827586206896,0.0
GLFTLIKGAYKNDAPTVACN,amp_all_clean.csv,1,amp,0,20,0.13452380952380952,0,0.14285714285714285,0.16666666666666666,0.08333333333333333,0.1,0.05
GLFSKFAGKGIVNFLIEGVE,amp_all_clean.csv,1,amp,0,20,0.2357142857142857,0,0.2857142857142857,0.3333333333333333,0.0,0.2,0.0
GLLSGVLGVGKKIVCGLSGLC,amp_all_clean.csv,1,amp,0,21,0.45714285714285713,0,0.5714285714285714,0.5714285714285714,0.0,0.2857142857142857,0.0
GIFGKILGVGKKTLCELSGMC,amp_all_clean.csv,1,amp,0,21,0.45714285714285713,0,0.5714285714285714,0.5714285714285714,0.0,0.23809523809523808,0.0
GIFLKVLGVGKKVLCGVSGLC,amp_all_clean.csv,1,amp,0,21,0.45714285714285713,0,0.5714285714285714,0.5714285714285714,0.0,0.23809523809523808,0.0
GLISGILGVGKKLVCGLSGLC,amp_all_clean.csv,1,amp,0,21,0.45714285714285713,0,0.5714285714285714,0.5714285714285714,0.0,0.2857142857142857,0.0
GLISGILGVGKMLVCGLSGLC,amp_all_clean.csv,1,amp,0,21,0.45714285714285713,0,0.5714285714285714,0.5714285714285714,0.0,0.2857142857142857,0.0
GLISGLLGVGKMLVCGLSGLC,amp_all_clean.csv,1,amp,0,21,0.45714285714285713,0,0.5714285714285714,0.5714285714285714,0.0,0.2857142857142857,0.0
GLFTLIKGAYKLDAPTVACN,amp_all_clean.csv,1,amp,0,20,0.13452380952380952,0,0.14285714285714285,0.16666666666666666,0.08333333333333333,0.1,0.05
GILGNIVGMGKKIVCGLSGLC,amp_all_clean.csv,1,amp,0,21,0.5714285714285714,0,0.7142857142857143,0.7142857142857143,0.0,0.2857142857142857,0.0
GILGNIVGMGKKVVCGLSGLC,amp_all_clean.csv,1,amp,0,21,0.5714285714285714,0,0.7142857142857143,0.7142857142857143,0.0,0.2857142857142857,0.0
GILSGVLGMGKKIVCGLRGLC,amp_all_clean.csv,1,amp,0,21,0.45714285714285713,0,0.5714285714285714,0.5714285714285714,0.0,0.2857142857142857,0.0
GILGNIVGMGKQVVCGLSGLC,amp_all_clean.csv,1,amp,0,21,0.5714285714285714,0,0.7142857142857143,0.7142857142857143,0.0,0.2857142857142857,0.0
VVKCSYRLGSPDSQCN,amp_all_clean.csv,1,amp,0,16,0.1925,2,0.2,0.25,0.125,0.0625,0.0625
GFMDTAKNVAKNMAGNLLDNLKCKITKAC,amp_all_clean.csv,1,amp,0,29,0.08888888888888888,2,0.1111111111111111,0.1111111111111111,0.0,0.06896551724137931,0.0
GFMDTAKNVAKNMAVTLLDNLKCKITKAC,amp_all_clean.csv,1,amp,0,29,0.08166666666666667,0,0.1,0.1111111111111111,0.0,0.034482758620689655,0.0
GFMDTAKNVAKNEAGNLLDNLKCKITKAC,amp_all_clean.csv,1,amp,0,29,0.08888888888888888,2,0.1111111111111111,0.1111111111111111,0.0,0.06896551724137931,0.0
GFMATAKNVAKNMDVTLLDNLKCKITKAC,amp_all_clean.csv,1,amp,0,29,0.08166666666666667,0,0.1,0.1111111111111111,0.0,0.034482758620689655,0.0
RFIYMKGFGKPRFGKR,amp_all_clean.csv,1,amp,0,16,0.1925,2,0.2,0.25,0.125,0.1875,0.0625
IPWKLPATFRPVERPFSKPFCRKD,amp_all_clean.csv,1,amp,0,24,0.05,0,0.0,0.0,0.25,0.0,0.20833333333333334
AAPRGGKGFFCKLFKDC,amp_all_clean.csv,1,amp,0,17,0.2966666666666667,1,0.3333333333333333,0.4,0.1,0.17647058823529413,0.058823529411764705
FLPLLAGVVANFLPQIICKIARKC,amp_all_clean.csv,1,amp,0,24,0.125,0,0.125,0.125,0.125,0.041666666666666664,0.08333333333333333
FLGSLLGLVGKVVPTLFCKISKKC,amp_all_clean.csv,1,amp,0,24,0.21250000000000002,0,0.25,0.25,0.0625,0.125,0.041666666666666664
FLKPLFNAALKLLP,amp_all_clean.csv,1,amp,0,14,0.05,2,0.0,0.0,0.25,0.0,0.14285714285714285
FLPVLAGVLSRA,amp_all_clean.csv,1,amp,0,12,0.225,0,0.25,0.25,0.125,0.08333333333333333,0.08333333333333333
GLASFLGKALKAGLKIGSHLLGGAPQQ,amp_all_clean.csv,1,amp,0,27,0.3555555555555555,0,0.4444444444444444,0.4444444444444444,0.0,0.2222222222222222,0.037037037037037035
GFGSFLGKALKAALKIGANVLGGAPQQ,amp_all_clean.csv,1,amp,0,27,0.26666666666666666,0,0.3333333333333333,0.3333333333333333,0.0,0.2222222222222222,0.037037037037037035
GFGSFLGKALKAALKIGANVLGGAPEQ,amp_all_clean.csv,1,amp,0,27,0.26666666666666666,0,0.3333333333333333,0.3333333333333333,0.0,0.2222222222222222,0.037037037037037035
GFGSFLGKALKAALKIGADVLGGAPQQ,amp_all_clean.csv,1,amp,0,27,0.26666666666666666,0,0.3333333333333333,0.3333333333333333,0.0,0.2222222222222222,0.037037037037037035
GFGSLLGKALKIGTNLL,amp_all_clean.csv,1,amp,0,17,0.41500000000000004,0,0.5,0.6,0.0,0.23529411764705882,0.0
GIGSLLAKAAKLGANLL,amp_all_clean.csv,1,amp,0,17,0.27666666666666667,0,0.3333333333333333,0.4,0.0,0.17647058823529413,0.0
GIGSALAKAAKLVAGIV,amp_all_clean.csv,1,amp,0,17,0.32,2,0.4,0.4,0.0,0.17647058823529413,0.0
AALRGCWTKSIPPKPCPGKR,amp_all_clean.csv,1,amp,0,20,0.16785714285714284,1,0.14285714285714285,0.16666666666666666,0.25,0.1,0.2
SALVGCWTKSYPPKPCFGR,amp_all_clean.csv,1,amp,0,19,0.18333333333333332,1,0.16666666666666666,0.16666666666666666,0.25,0.10526315789473684,0.15789473684210525
SALVGCGTKSYPPKPCFGR,amp_all_clean.csv,1,amp,0,19,0.18333333333333332,1,0.16666666666666666,0.16666666666666666,0.25,0.15789473684210525,0.15789473684210525
SALVGCWTKSYPPNPCFGRG,amp_all_clean.csv,1,amp,0,20,0.26071428571428573,1,0.2857142857142857,0.16666666666666666,0.25,0.15,0.15
SALVGCWTKSWPPKPCFGRG,amp_all_clean.csv,1,amp,0,20,0.26071428571428573,1,0.2857142857142857,0.16666666666666666,0.25,0.15,0.15
SALVGCWTKSWPPKPCFGR,amp_all_clean.csv,1,amp,0,19,0.18333333333333332,1,0.16666666666666666,0.16666666666666666,0.25,0.10526315789473684,0.15789473684210525
AAFRGCWTKNYSPKPCL,amp_all_clean.csv,1,amp,0,17,0.17833333333333334,1,0.16666666666666666,0.2,0.2,0.058823529411764705,0.11764705882352941
GTRCGETCFVLPCWSAKFGCYCQKGFCYRN,amp_all_clean.csv,1,amp,1,30,0.25,0,0.3,0.3,0.05,0.13333333333333333,0.03333333333333333
FTSKKSMLLFFFLGTISLSLCQ,amp_all_clean.csv,1,amp,0,22,0.11428571428571428,1,0.14285714285714285,0.14285714285714285,0.0,0.045454545454545456,0.0
ILPIIGKILSTIF,amp_all_clean.csv,1,amp,0,13,0.2125,2,0.25,0.3333333333333333,0.0,0.07692307692307693,0.07692307692307693
GMWSKILGHLIR,amp_all_clean.csv,1,amp,0,12,0.2125,1,0.25,0.3333333333333333,0.0,0.16666666666666666,0.0
GKWMSLLKHILK,amp_all_clean.csv,1,amp,0,12,0.2,0,0.25,0.25,0.0,0.08333333333333333,0.0
FLPVILPVIGKLLNGIL,amp_all_clean.csv,1,amp,0,17,0.18000000000000002,2,0.2,0.2,0.1,0.11764705882352941,0.11764705882352941
GLLDAIKDTAQNLFANVLDKIKCKFTKC,amp_all_clean.csv,1,amp,0,28,0.08166666666666667,0,0.1,0.1111111111111111,0.0,0.03571428571428571,0.0
VIGSILGALASGLPTLISWIKNR,amp_all_clean.csv,1,amp,0,23,0.24285714285714285,2,0.2857142857142857,0.2857142857142857,0.07142857142857142,0.13043478260869565,0.043478260869565216
FLPIAGKLLSGLSGLL,amp_all_clean.csv,1,amp,0,16,0.34,1,0.4,0.4,0.1,0.1875,0.0625
FFPIVGKLLFGLSGLL,amp_all_clean.csv,1,amp,0,16,0.34,1,0.4,0.4,0.1,0.1875,0.0625
FFPIVGKLLSGLSGLL,amp_all_clean.csv,1,amp,0,16,0.34,1,0.4,0.4,0.1,0.1875,0.0625
FFPIVGKLLFGLFGLL,amp_all_clean.csv,1,amp,0,16,0.34,1,0.4,0.4,0.1,0.1875,0.0625
FLPIVGKLLSGLSGLS,amp_all_clean.csv,1,amp,0,16,0.34,1,0.4,0.4,0.1,0.1875,0.0625
FFPIVGKLLSGLL,amp_all_clean.csv,1,amp,0,13,0.225,1,0.25,0.25,0.125,0.15384615384615385,0.07692307692307693
FFPIVGKLLFGLL,amp_all_clean.csv,1,amp,0,13,0.225,1,0.25,0.25,0.125,0.15384615384615385,0.07692307692307693
FFPIVGKLLS,amp_all_clean.csv,1,amp,0,10,0.2916666666666667,2,0.3333333333333333,0.5,0.0,0.1,0.1
CVISAGWNHKIRCKLTGNC,amp_all_clean.csv,1,amp,1,19,0.13833333333333334,2,0.16666666666666666,0.2,0.0,0.10526315789473684,0.0
FKTWKRPPFQTSCWGIIKE,amp_all_clean.csv,1,amp,0,19,0.17833333333333334,2,0.16666666666666666,0.2,0.2,0.05263157894736842,0.10526315789473684
CVHWQTNTARTSCIGP,amp_all_clean.csv,1,amp,0,16,0.13,2,0.2,0.0,0.0,0.0625,0.0625
DCTRWIIGINGRICRD,amp_all_clean.csv,1,amp,0,16,0.32,1,0.4,0.4,0.0,0.125,0.0
SLWETIKNAGKGFIQNLDKIR,amp_all_clean.csv,1,amp,0,21,0.11785714285714285,2,0.14285714285714285,0.16666666666666666,0.0,0.09523809523809523,0.0
FIGPVLKIAAGILPTAICKIFKKC,amp_all_clean.csv,1,amp,0,24,0.13125,2,0.125,0.14285714285714285,0.14285714285714285,0.08333333333333333,0.08333333333333333
FVGPVLKIAAGILPTAICKIYKKC,amp_all_clean.csv,1,amp,0,24,0.13125,2,0.125,0.14285714285714285,0.14285714285714285,0.08333333333333333,0.08333333333333333
FLGPIIKIATGILPTAICKFLKKC,amp_all_clean.csv,1,amp,0,24,0.13125,2,0.125,0.14285714285714285,0.14285714285714285,0.08333333333333333,0.08333333333333333
FLPLVLGALSGILPKIL,amp_all_clean.csv,1,amp,0,17,0.17833333333333334,0,0.16666666666666666,0.2,0.2,0.11764705882352941,0.11764705882352941
FFPLLFGALSSHLPKLF,amp_all_clean.csv,1,amp,0,17,0.17833333333333334,0,0.16666666666666666,0.2,0.2,0.058823529411764705,0.11764705882352941
FALGAVTKLLPSLLCMITRKC,amp_all_clean.csv,1,amp,0,21,0.1285714285714286,0,0.14285714285714285,0.14285714285714285,0.07142857142857142,0.047619047619047616,0.047619047619047616
FALGAVTKRLPSLFCLITRKC,amp_all_clean.csv,1,amp,0,21,0.1285714285714286,0,0.14285714285714285,0.14285714285714285,0.07142857142857142,0.047619047619047616,0.047619047619047616
GFGMALKLLKKVL,amp_all_clean.csv,1,amp,0,13,0.2125,2,0.25,0.3333333333333333,0.0,0.15384615384615385,0.0
GLPRKILCAIAKKKGKCKGPLKLVCKC,amp_all_clean.csv,1,amp,1,27,0.19999999999999998,0,0.2222222222222222,0.2222222222222222,0.1111111111111111,0.1111111111111111,0.07407407407407407
AILTTLANWARKFL,amp_all_clean.csv,1,amp,0,14,0.0,0,0.0,0.0,0.0,0.0,0.0
NILNTIINLAKKIL,amp_all_clean.csv,1,amp,0,14,0.0,0,0.0,0.0,0.0,0.0,0.0
FLPLIASLAANFVPKIFCKITKKC,amp_all_clean.csv,1,amp,0,24,0.025,0,0.0,0.0,0.125,0.0,0.08333333333333333
FLPLIASVAANLVPKIFCKITKKC,amp_all_clean.csv,1,amp,0,24,0.025,0,0.0,0.0,0.125,0.0,0.08333333333333333
IKLSPETKDNLKKVLKGAIKGAIAVAKMV,amp_all_clean.csv,1,amp,0,29,0.09999999999999999,2,0.1111111111111111,0.1111111111111111,0.05555555555555555,0.06896551724137931,0.034482758620689655
LKIPGFVKDTLKKVAKGIFSAVAGAMTPS,amp_all_clean.csv,1,amp,0,29,0.18555555555555556,1,0.2,0.2222222222222222,0.1111111111111111,0.10344827586206896,0.06896551724137931
IKIPAVVKDTLKKVAKGVLSAVAGALTQ,amp_all_clean.csv,1,amp,0,28,0.10347222222222222,2,0.1111111111111111,0.125,0.0625,0.07142857142857142,0.03571428571428571
IKIPAFVKDTLKKVAKGVISAVAGALTQ,amp_all_clean.csv,1,amp,0,28,0.10347222222222222,2,0.1111111111111111,0.125,0.0625,0.07142857142857142,0.03571428571428571
IKIPPIVKDTLKKVAKGVLSTIAGALST,amp_all_clean.csv,1,amp,0,28,0.11597222222222221,2,0.1111111111111111,0.125,0.125,0.07142857142857142,0.07142857142857142
GPVGLLSSPGSLPPVGGAP,amp_all_clean.csv,1,amp,0,19,0.5214285714285715,0,0.5714285714285714,0.6666666666666666,0.25,0.2631578947368421,0.2631578947368421
EGPVGLADPDGPASAPLGAP,amp_all_clean.csv,1,amp,0,20,0.42023809523809524,1,0.42857142857142855,0.5,0.3333333333333333,0.2,0.25
STIVCVSLRICNWSLRFCPSFKVRCPM,amp_all_clean.csv,1,amp,1,27,0.025,2,0.0,0.0,0.125,0.0,0.07407407407407407
FLFSLIPSAISGLISAFK,amp_all_clean.csv,1,amp,0,18,0.15833333333333335,2,0.16666666666666666,0.2,0.1,0.05555555555555555,0.05555555555555555
FIGAIARLLSKIF,amp_all_clean.csv,1,amp,0,13,0.2125,2,0.25,0.3333333333333333,0.0,0.07692307692307693,0.0
IFGAIWNGIKSLF,amp_all_clean.csv,1,amp,0,13,0.2125,2,0.25,0.3333333333333333,0.0,0.15384615384615385,0.0
IPCGESCVWIPCITAIAGCSCKNKVCYT,amp_all_clean.csv,1,amp,1,28,0.10388888888888889,0,0.1,0.1111111111111111,0.1111111111111111,0.07142857142857142,0.07142857142857142
AIPCGESCVWIPCISTVIGCSCSNKVCYR,amp_all_clean.csv,1,amp,1,29,0.10388888888888889,0,0.1,0.1111111111111111,0.1111111111111111,0.06896551724137931,0.06896551724137931
IPCGESCVWIPCISGMFGCSCKDKVCYS,amp_all_clean.csv,1,amp,1,28,0.19444444444444445,2,0.2222222222222222,0.25,0.0625,0.10714285714285714,0.07142857142857142
TPGGIDFISGGPHVAQDVLNAIKNFFK,amp_all_clean.csv,1,amp,0,27,0.19999999999999998,0,0.2222222222222222,0.2222222222222222,0.1111111111111111,0.14814814814814814,0.07407407407407407
GFLGPLLKLGLKGAAKLLPQLLPSRQQ,amp_all_clean.csv,1,amp,0,27,0.3777777777777777,0,0.4444444444444444,0.4444444444444444,0.1111111111111111,0.14814814814814814,0.1111111111111111
GFLGSLLKTGLKVGSNLL,amp_all_clean.csv,1,amp,0,18,0.4,0,0.5,0.5,0.0,0.2222222222222222,0.0
GMATKAGTALGKVAKAVIGAAL,amp_all_clean.csv,1,amp,0,22,0.3080357142857143,0,0.375,0.42857142857142855,0.0,0.18181818181818182,0.0
GLMSSIGKALGGLIVDVLKPKTPAS,amp_all_clean.csv,1,amp,0,25,0.20694444444444443,0,0.2222222222222222,0.25,0.125,0.16,0.08
GLLDALSGILGL,amp_all_clean.csv,1,amp,0,12,0.375,1,0.5,0.3333333333333333,0.0,0.25,0.0
GLLGTLGNLLNGLGL,amp_all_clean.csv,1,amp,0,15,0.48,0,0.6,0.6,0.0,0.3333333333333333,0.0
GLVSSIGKVLGGLLADVVKSKGQPA,amp_all_clean.csv,1,amp,0,25,0.28541666666666665,0,0.3333333333333333,0.375,0.0625,0.2,0.04
GLVSSIGKALGGLLVDVVKSKGQPA,amp_all_clean.csv,1,amp,0,25,0.28541666666666665,0,0.3333333333333333,0.375,0.0625,0.2,0.04
GLFDVIKKVASVIGLASP,amp_all_clean.csv,1,amp,0,18,0.15,0,0.16666666666666666,0.16666666666666666,0.08333333333333333,0.1111111111111111,0.05555555555555555
FIGKLISAASGLLSHL,amp_all_clean.csv,1,amp,0,16,0.1675,2,0.2,0.25,0.0,0.125,0.0
ILGAIIPLVSGLLSHL,amp_all_clean.csv,1,amp,0,16,0.1925,2,0.2,0.25,0.125,0.125,0.0625
FFPIVGKRLYGLL,amp_all_clean.csv,1,amp,0,13,0.225,1,0.25,0.25,0.125,0.15384615384615385,0.07692307692307693
FLPLFLPKIICVITKKC,amp_all_clean.csv,1,amp,0,17,0.04000000000000001,1,0.0,0.0,0.2,0.0,0.11764705882352941
GFWGKLWEGVKSAI,amp_all_clean.csv,1,amp,0,14,0.335,0,0.4,0.5,0.0,0.21428571428571427,0.0
GFWGSLWEGVKSVV,amp_all_clean.csv,1,amp,0,14,0.335,0,0.4,0.5,0.0,0.21428571428571427,0.0
KRKCPKTPFDNTPGAWFAHLILGC,amp_all_clean.csv,1,amp,0,24,0.19821428571428573,1,0.25,0.14285714285714285,0.07142857142857142,0.08333333333333333,0.125
DSIRDVSPTFNKIRRWFDGLFK,amp_all_clean.csv,1,amp,0,22,0.11696428571428572,0,0.125,0.14285714285714285,0.07142857142857142,0.045454545454545456,0.045454545454545456
EQCREEEDDR,amp_all_clean.csv,1,amp,0,10,0.0,0,0.0,0.0,0.0,0.0,0.0
FLPAVIRVAANVLPTVFCAISKKC,amp_all_clean.csv,1,amp,0,24,0.025,0,0.0,0.0,0.125,0.0,0.08333333333333333
FLPAVLRVAAKVVPTVFCLISKKC,amp_all_clean.csv,1,amp,0,24,0.025,0,0.0,0.0,0.125,0.0,0.08333333333333333
GIFGKILGAGKKVLCGLSGLC,amp_all_clean.csv,1,amp,0,21,0.5714285714285714,0,0.7142857142857143,0.7142857142857143,0.0,0.2857142857142857,0.0
GIFGKILGVGKKVLCGLSGMC,amp_all_clean.csv,1,amp,0,21,0.5714285714285714,0,0.7142857142857143,0.7142857142857143,0.0,0.2857142857142857,0.0
AISCGQVSSAIGPCLSYARGQGSAPSAGCC,amp_all_clean.csv,1,amp,1,30,0.18555555555555556,1,0.2,0.2222222222222222,0.1111111111111111,0.16666666666666666,0.06666666666666667
TPALAVVTTVLPAAAVTTAKSV,amp_all_clean.csv,1,amp,0,22,0.02857142857142857,0,0.0,0.0,0.14285714285714285,0.0,0.09090909090909091
GLSQGVEPDIGQTYFEESRINQD,amp_all_clean.csv,1,amp,0,23,0.20535714285714285,1,0.25,0.2857142857142857,0.0,0.13043478260869565,0.043478260869565216
FLPFVGNLLKGLL,amp_all_clean.csv,1,amp,0,13,0.225,1,0.25,0.25,0.125,0.15384615384615385,0.07692307692307693
FFPIVGKLLSGLF,amp_all_clean.csv,1,amp,0,13,0.225,1,0.25,0.25,0.125,0.15384615384615385,0.07692307692307693
FLPIVGKLLSGLF,amp_all_clean.csv,1,amp,0,13,0.225,1,0.25,0.25,0.125,0.15384615384615385,0.07692307692307693
FLSTALKVAANVVPTLFCKITKKC,amp_all_clean.csv,1,amp,0,24,0.014285714285714285,2,0.0,0.0,0.07142857142857142,0.0,0.041666666666666664
FLPIVAGLAANFLPKIVCKITKKC,amp_all_clean.csv,1,amp,0,24,0.125,0,0.125,0.125,0.125,0.041666666666666664,0.08333333333333333
FLSTLLNVASNVVPTLICKITKKC,amp_all_clean.csv,1,amp,0,24,0.014285714285714285,2,0.0,0.0,0.07142857142857142,0.0,0.041666666666666664
FLSTLLNVASKVVPTLFCKITKKC,amp_all_clean.csv,1,amp,0,24,0.014285714285714285,2,0.0,0.0,0.07142857142857142,0.0,0.041666666666666664
FLPMLAGLAANFLPKIVCKITKKC,amp_all_clean.csv,1,amp,0,24,0.125,0,0.125,0.125,0.125,0.041666666666666664,0.08333333333333333
SGTSEKERESGRLLGVVKRLIVCFRSPFP,amp_all_clean.csv,1,amp,0,29,0.17444444444444443,1,0.2,0.2222222222222222,0.05555555555555555,0.10344827586206896,0.06896551724137931
MQFITDLIKKAVDFFKGLFGNK,amp_all_clean.csv,1,amp,0,22,0.22857142857142856,1,0.2857142857142857,0.2857142857142857,0.0,0.09090909090909091,0.0
MAADIISTIGDLVKLIINTVKKFQK,amp_all_clean.csv,1,amp,0,25,0.09097222222222222,0,0.1111111111111111,0.125,0.0,0.04,0.0
FLPIIAGVAAKVLPKLFCAITKKC,amp_all_clean.csv,1,amp,0,24,0.125,0,0.125,0.125,0.125,0.041666666666666664,0.08333333333333333
FLPVIAGLAAKVLPKLFCAITKKC,amp_all_clean.csv,1,amp,0,24,0.125,0,0.125,0.125,0.125,0.041666666666666664,0.08333333333333333
FFPTIAGLTKLFCAITKKC,amp_all_clean.csv,1,amp,0,19,0.13452380952380952,0,0.14285714285714285,0.16666666666666666,0.08333333333333333,0.05263157894736842,0.05263157894736842
GFWGKLWEGVKNAI,amp_all_clean.csv,1,amp,0,14,0.335,0,0.4,0.5,0.0,0.21428571428571427,0.0
FWGKLWEGVKNAI,amp_all_clean.csv,1,amp,0,13,0.2125,2,0.25,0.3333333333333333,0.0,0.15384615384615385,0.0
ILSAIWSGIKSLF,amp_all_clean.csv,1,amp,0,13,0.2,1,0.25,0.25,0.0,0.07692307692307693,0.0
IWSAIWSGIKGLL,amp_all_clean.csv,1,amp,0,13,0.4,1,0.5,0.5,0.0,0.15384615384615385,0.0
FIHHIIGGLFSAGKAIHRLIRRRRR,amp_all_clean.csv,1,amp,1,25,0.18194444444444444,0,0.2222222222222222,0.25,0.0,0.12,0.0
YSLQMGATAIKQVKKLFKKKGG,amp_all_clean.csv,1,amp,0,22,0.21071428571428572,2,0.2857142857142857,0.16666666666666666,0.0,0.13636363636363635,0.0
ASSGWVCTLTIECGTVICACR,amp_all_clean.csv,1,amp,1,21,0.11785714285714285,1,0.14285714285714285,0.16666666666666666,0.0,0.09523809523809523,0.0
ITSFIGCTPGCGKTGSFNSFCC,amp_all_clean.csv,1,amp,1,22,0.3535714285714286,2,0.42857142857142855,0.5,0.0,0.18181818181818182,0.045454545454545456
FFGSLLSLGSKLLPSVFKLFQRKKE,amp_all_clean.csv,1,amp,0,25,0.21964285714285714,2,0.25,0.2857142857142857,0.07142857142857142,0.08,0.04
QLPICGETCVLGGCYTPNCRCQYPICVR,amp_all_clean.csv,1,amp,1,28,0.19444444444444445,2,0.2222222222222222,0.25,0.0625,0.10714285714285714,0.10714285714285714
FLPFLIPALTSLISSL,amp_all_clean.csv,1,amp,0,16,0.04000000000000001,1,0.0,0.0,0.2,0.0,0.125
LNWGAILKHIIK,amp_all_clean.csv,1,amp,0,12,0.2,0,0.25,0.25,0.0,0.08333333333333333,0.0
YSKSLPLSVLNP,amp_all_clean.csv,1,amp,0,12,0.05,0,0.0,0.0,0.25,0.0,0.16666666666666666
NRWCFAGDD,amp_all_clean.csv,1,amp,0,9,0.26666666666666666,0,0.3333333333333333,0.3333333333333333,0.0,0.1111111111111111,0.0
PAAAAQAVAGLAPVAAEQ,amp_all_clean.csv,1,amp,0,18,0.13333333333333333,0,0.16666666666666666,0.16666666666666666,0.0,0.05555555555555555,0.1111111111111111
RKCNFLCKLKEKLRTVITSHIDKVLRPQG,amp_all_clean.csv,1,amp,0,29,0.07611111111111112,1,0.1,0.0,0.05555555555555555,0.034482758620689655,0.034482758620689655
WNDTGKDADGSEY,amp_all_clean.csv,1,amp,0,13,0.2,1,0.25,0.25,0.0,0.15384615384615385,0.0
FLPGLLAGLL,amp_all_clean.csv,1,amp,0,10,0.3,1,0.3333333333333333,0.3333333333333333,0.16666666666666666,0.2,0.1
RAGLKFPVGRVHRLLR,amp_all_clean.csv,1,amp,0,16,0.36000000000000004,2,0.4,0.5,0.125,0.125,0.0625
FLNALKNFAKTAGKRLKSLLN,amp_all_clean.csv,1,amp,0,21,0.11428571428571428,0,0.14285714285714285,0.14285714285714285,0.0,0.047619047619047616,0.0
GILGKLWEGFKSIV,amp_all_clean.csv,1,amp,0,14,0.335,0,0.4,0.5,0.0,0.21428571428571427,0.0
IFGAIWKGISSLL,amp_all_clean.csv,1,amp,0,13,0.2125,2,0.25,0.3333333333333333,0.0,0.15384615384615385,0.0
FLSTIWNGIKSLL,amp_all_clean.csv,1,amp,0,13,0.2,1,0.25,0.25,0.0,0.07692307692307693,0.0
FLGALWNVAKSVF,amp_all_clean.csv,1,amp,0,13,0.2125,2,0.25,0.3333333333333333,0.0,0.07692307692307693,0.0
FLSTLWNAAKSIF,amp_all_clean.csv,1,amp,0,13,0.0,0,0.0,0.0,0.0,0.0,0.0
IFKAIWSGIKSLF,amp_all_clean.csv,1,amp,0,13,0.2,1,0.25,0.25,0.0,0.07692307692307693,0.0
RRLRPRRPRLPRPRPRPRPRP,amp_all_clean.csv,1,amp,1,21,0.1,2,0.0,0.0,0.5,0.0,0.38095238095238093
FLGMIPGLIGGLISAFK,amp_all_clean.csv,1,amp,0,17,0.2966666666666667,0,0.3333333333333333,0.4,0.1,0.23529411764705882,0.058823529411764705
FFRLLFHGVHHGGGYLNAA,amp_all_clean.csv,1,amp,0,19,0.26666666666666666,1,0.3333333333333333,0.3333333333333333,0.0,0.21052631578947367,0.0
GWKKWFTKGERLSQRHFA,amp_all_clean.csv,1,amp,0,18,0.13833333333333334,2,0.16666666666666666,0.2,0.0,0.1111111111111111,0.0
GFLGILFHGVHHGRKKALHMNSERRS,amp_all_clean.csv,1,amp,0,26,0.2729166666666667,0,0.3333333333333333,0.375,0.0,0.15384615384615385,0.0
VKLFPVKLFP,amp_all_clean.csv,1,amp,0,10,0.05,2,0.0,0.0,0.25,0.0,0.2
MKTILRFVAGYDIASHKKKTGGYPWERGKA,amp_all_clean.csv,1,amp,0,30,0.25,0,0.3,0.3,0.05,0.13333333333333333,0.03333333333333333
FLGGLLASLLGKI,amp_all_clean.csv,1,amp,0,13,0.2125,2,0.25,0.3333333333333333,0.0,0.23076923076923078,0.0
YPELQQDLIARLL,amp_all_clean.csv,1,amp,0,13,0.025,0,0.0,0.0,0.125,0.0,0.07692307692307693
FLSGILKLAFKIPSVLCAVLKNC,amp_all_clean.csv,1,amp,0,23,0.10267857142857142,0,0.125,0.14285714285714285,0.0,0.043478260869565216,0.043478260869565216
AKAWGIPPHVIPQIVPVRIRPLCGNV,amp_all_clean.csv,1,amp,0,26,0.14097222222222222,1,0.1111111111111111,0.125,0.25,0.07692307692307693,0.19230769230769232
FIPGLRRLFATVVPTVVCAINKLPPG,amp_all_clean.csv,1,amp,0,26,0.1284722222222222,0,0.1111111111111111,0.125,0.1875,0.07692307692307693,0.15384615384615385
CVHWMTNTARTACIAP,amp_all_clean.csv,1,amp,0,16,0.020000000000000004,1,0.0,0.0,0.1,0.0,0.0625
GFFDRIKALTKNVTLELLNTITCKLPVTPP,amp_all_clean.csv,1,amp,0,30,0.11,0,0.1,0.1,0.15,0.03333333333333333,0.1
FRSGILKLASKIPSVLCAVLKNC,amp_all_clean.csv,1,amp,0,23,0.10267857142857142,0,0.125,0.14285714285714285,0.0,0.043478260869565216,0.043478260869565216
NLLGSLLKTGLKVGSNLL,amp_all_clean.csv,1,amp,0,18,0.26666666666666666,0,0.3333333333333333,0.3333333333333333,0.0,0.16666666666666666,0.0
GLKEVAHSAKKFAKGFISGLTGS,amp_all_clean.csv,1,amp,0,23,0.2866071428571429,0,0.375,0.2857142857142857,0.0,0.17391304347826086,0.0
GVWSTVLGGLKKFAKGGLEAIVNPK,amp_all_clean.csv,1,amp,0,25,0.21250000000000002,1,0.25,0.25,0.0625,0.2,0.04
GAFGDLLKGVAKEAGMKLLNMAQCKLSGKC,amp_all_clean.csv,1,amp,0,30,0.24,0,0.3,0.3,0.0,0.16666666666666666,0.0
FLAGLIGGLAKML,amp_all_clean.csv,1,amp,0,13,0.335,0,0.4,0.5,0.0,0.23076923076923078,0.0
SRSELIVHQR,amp_all_clean.csv,1,amp,0,10,0.0,0,0.0,0.0,0.0,0.0,0.0
GNGVVLTLTHECNLATWTKKLKCC,amp_all_clean.csv,1,amp,1,24,0.10267857142857142,2,0.125,0.14285714285714285,0.0,0.08333333333333333,0.0
KRKKHRCRVYNNGMPTGMYRWC,amp_all_clean.csv,1,amp,0,22,0.1285714285714286,1,0.14285714285714285,0.14285714285714285,0.07142857142857142,0.09090909090909091,0.045454545454545456
ILGKIWEGIKSIF,amp_all_clean.csv,1,amp,0,13,0.2125,2,0.25,0.3333333333333333,0.0,0.15384615384615385,0.0
ILSYLWNGIKSIF,amp_all_clean.csv,1,amp,0,13,0.2,1,0.25,0.25,0.0,0.07692307692307693,0.0
EKYTEVPEYV,amp_all_clean.csv,1,amp,0,10,0.05,2,0.0,0.0,0.25,0.0,0.1
GLEESPGHPGQPGPPGPPGAPGP,amp_all_clean.csv,1,amp,0,23,0.8116071428571429,0,0.875,0.8571428571428571,0.5714285714285714,0.30434782608695654,0.391304347826087
KVTKSVKSIPVKI,amp_all_clean.csv,1,amp,0,13,0.03333333333333333,2,0.0,0.0,0.16666666666666666,0.0,0.07692307692307693
TTPLCVGVIIGLTTSIKICK,amp_all_clean.csv,1,amp,0,20,0.13452380952380952,0,0.14285714285714285,0.16666666666666666,0.08333333333333333,0.1,0.05
TTPLCVGVIIGITASIKICK,amp_all_clean.csv,1,amp,0,20,0.13452380952380952,0,0.14285714285714285,0.16666666666666666,0.08333333333333333,0.1,0.05
QKIAEKFSGTRRG,amp_all_clean.csv,1,amp,0,13,0.2125,2,0.25,0.3333333333333333,0.0,0.15384615384615385,0.0
YPGPQAKEDSEGPSQGPASREK,amp_all_clean.csv,1,amp,0,22,0.2857142857142857,2,0.2857142857142857,0.3333333333333333,0.25,0.13636363636363635,0.18181818181818182
INWKGIAAMAKKLL,amp_all_clean.csv,1,amp,0,14,0.1675,1,0.2,0.25,0.0,0.07142857142857142,0.0
FLFSLIPHAIGGLISAFK,amp_all_clean.csv,1,amp,0,18,0.15833333333333335,1,0.16666666666666666,0.2,0.1,0.1111111111111111,0.05555555555555555
ITSHSLCTPGCAKTGSFNSFCC,amp_all_clean.csv,1,amp,1,22,0.11785714285714285,2,0.14285714285714285,0.16666666666666666,0.0,0.09090909090909091,0.045454545454545456
FCKSLPLPLSVK,amp_all_clean.csv,1,amp,0,12,0.05,0,0.0,0.0,0.25,0.0,0.16666666666666666
AWLDKLKSLGKVVGKVALGVAQNYLNPQQ,amp_all_clean.csv,1,amp,0,29,0.17444444444444443,0,0.2,0.2222222222222222,0.05555555555555555,0.10344827586206896,0.034482758620689655
DWTFANWSCLVCDDCSVNLTV,amp_all_clean.csv,1,amp,1,21,0.0,0,0.0,0.0,0.0,0.0,0.0
GILGKLWEGVKSIF,amp_all_clean.csv,1,amp,0,14,0.335,0,0.4,0.5,0.0,0.21428571428571427,0.0
WNDTGKDADGAEY,amp_all_clean.csv,1,amp,0,13,0.2,1,0.25,0.25,0.0,0.15384615384615385,0.0
FLGLLGSLL,amp_all_clean.csv,1,amp,0,9,0.5833333333333334,2,0.6666666666666666,1.0,0.0,0.2222222222222222,0.0
KTKQQFLIKAQTQLFKVFGYTL,amp_all_clean.csv,1,amp,0,22,0.10267857142857142,0,0.125,0.14285714285714285,0.0,0.045454545454545456,0.0
APVPFSCTRGCLTHLV,amp_all_clean.csv,1,amp,0,16,0.15833333333333335,0,0.16666666666666666,0.2,0.1,0.0625,0.125
SCTTCVCTCSCCTT,amp_all_clean.csv,1,amp,1,14,0.0,0,0.0,0.0,0.0,0.0,0.0
GVSKILHSAGKFGKAFLGEIMKS,amp_all_clean.csv,1,amp,0,23,0.3080357142857143,0,0.375,0.42857142857142855,0.0,0.17391304347826086,0.0
EKYTEAPEYI,amp_all_clean.csv,1,amp,0,10,0.05,2,0.0,0.0,0.25,0.0,0.1
GIGKFLHSAGKFGKAFIGEIMKS,amp_all_clean.csv,1,amp,0,23,0.3080357142857143,0,0.375,0.42857142857142855,0.0,0.21739130434782608,0.0
GLGSLLGKAFKFGLKTVGKMMAGAPREQ,amp_all_clean.csv,1,amp,0,28,0.245,0,0.3,0.3333333333333333,0.0,0.21428571428571427,0.03571428571428571
GIGKFLHSAGKFGKAFLGEVMKS,amp_all_clean.csv,1,amp,0,23,0.3080357142857143,0,0.375,0.42857142857142855,0.0,0.21739130434782608,0.0
GMASKAGSVLGKITKIALGAL,amp_all_clean.csv,1,amp,0,21,0.34285714285714286,0,0.42857142857142855,0.42857142857142855,0.0,0.19047619047619047,0.0
GLGSLLGKAFKFGLKTVGKMMGGAPREQ,amp_all_clean.csv,1,amp,0,28,0.32666666666666666,0,0.4,0.4444444444444444,0.0,0.25,0.03571428571428571
GLGSLLGKAFKFGLKTVGKMMGGAPREE,amp_all_clean.csv,1,amp,0,28,0.32666666666666666,0,0.4,0.4444444444444444,0.0,0.25,0.03571428571428571
GFLGPLLKLGLKGVAKVLPHLIPSRQQ,amp_all_clean.csv,1,amp,0,27,0.3777777777777777,0,0.4444444444444444,0.4444444444444444,0.1111111111111111,0.14814814814814814,0.1111111111111111
GFWSSALEGLKKFAKGGLEALTNPK,amp_all_clean.csv,1,amp,0,25,0.19444444444444445,0,0.2222222222222222,0.25,0.0625,0.16,0.04
GLASTIGSLLGKFAKGGAQAFLQPK,amp_all_clean.csv,1,amp,0,25,0.28541666666666665,0,0.3333333333333333,0.375,0.0625,0.2,0.04
GWASKIGQTLGKMAKVGLQELIQPK,amp_all_clean.csv,1,amp,0,25,0.21250000000000002,1,0.25,0.25,0.0625,0.16,0.04
GMASKAGSVLGKLAKVAIGAL,amp_all_clean.csv,1,amp,0,21,0.34285714285714286,0,0.42857142857142855,0.42857142857142855,0.0,0.19047619047619047,0.0
FLFSLIPSVIAGLVSAIRN,amp_all_clean.csv,1,amp,0,19,0.15833333333333335,2,0.16666666666666666,0.2,0.1,0.05263157894736842,0.05263157894736842
FLFSLIPSAIAGLVSAIRN,amp_all_clean.csv,1,amp,0,19,0.15833333333333335,2,0.16666666666666666,0.2,0.1,0.05263157894736842,0.05263157894736842
FSTKTRNWFSEHFKKVKEKLKDTFA,amp_all_clean.csv,1,amp,0,25,0.0,0,0.0,0.0,0.0,0.0,0.0
GDCGGTCTWTKDCSICPSWSCWSWSC,amp_all_clean.csv,1,amp,1,26,0.19444444444444445,0,0.2222222222222222,0.25,0.0625,0.11538461538461539,0.038461538461538464
SDWSLWECCSTGSLFACC,amp_all_clean.csv,1,amp,1,18,0.13833333333333334,2,0.16666666666666666,0.2,0.0,0.05555555555555555,0.0
SNASVWECCSTGSWVPFTCC,amp_all_clean.csv,1,amp,1,20,0.15,2,0.16666666666666666,0.16666666666666666,0.08333333333333333,0.05,0.05
FFSLIPSLVGGLISAFK,amp_all_clean.csv,1,amp,0,17,0.15833333333333335,0,0.16666666666666666,0.2,0.1,0.11764705882352941,0.058823529411764705
GRADYNFGYGLGRGTRKFFNGIGRWVRKTF,amp_all_clean.csv,1,amp,0,30,0.245,1,0.3,0.3333333333333333,0.0,0.23333333333333334,0.0
ILGEIWKGIKDIL,amp_all_clean.csv,1,amp,0,13,0.2125,2,0.25,0.3333333333333333,0.0,0.15384615384615385,0.0
IWLTALKFLGKNLGKHLAKQQLAKL,amp_all_clean.csv,1,amp,0,25,0.1,1,0.125,0.125,0.0,0.08,0.0
IIIQYEGHKH,amp_all_clean.csv,1,amp,0,10,0.2125,0,0.25,0.3333333333333333,0.0,0.1,0.0
FIGAVAGLLSKIF,amp_all_clean.csv,1,amp,0,13,0.2125,2,0.25,0.3333333333333333,0.0,0.15384615384615385,0.0
KFFKRLLKSVRRAVKKFRKKPRLIGLSTLL,amp_all_clean.csv,1,amp,1,30,0.09000000000000001,0,0.1,0.1,0.05,0.03333333333333333,0.03333333333333333
FIGALLRPALKLLA,amp_all_clean.csv,1,amp,1,14,0.225,2,0.25,0.25,0.125,0.07142857142857142,0.07142857142857142
FIGALLGPLLNLLK,amp_all_clean.csv,1,amp,0,14,0.225,2,0.25,0.25,0.125,0.14285714285714285,0.07142857142857142
PPHKKKLAVYPVFLFYLFLSWFSLIV,amp_all_clean.csv,1,amp,0,26,0.025,0,0.0,0.0,0.125,0.0,0.11538461538461539
GIMSSLMKKLAAHIAK,amp_all_clean.csv,1,amp,0,16,0.13833333333333334,0,0.16666666666666666,0.2,0.0,0.0625,0.0
FLKGCWTKWYSLKPKCPF,amp_all_clean.csv,1,amp,0,18,0.16666666666666666,0,0.16666666666666666,0.16666666666666666,0.16666666666666666,0.05555555555555555,0.1111111111111111
FFVLKFLLKWAGKVGLEHLACKFKNWC,amp_all_clean.csv,1,amp,0,27,0.18194444444444444,2,0.2222222222222222,0.25,0.0,0.07407407407407407,0.0
FLPVIAGVLSKLF,amp_all_clean.csv,1,amp,0,13,0.1925,0,0.2,0.25,0.125,0.07692307692307693,0.07692307692307693
GFLDIVKGVGKVALGAVSKLF,amp_all_clean.csv,1,amp,0,21,0.22857142857142856,0,0.2857142857142857,0.2857142857142857,0.0,0.19047619047619047,0.0
GFLDVIKHVGKAALGVVTHLINQ,amp_all_clean.csv,1,amp,0,23,0.20535714285714285,0,0.25,0.2857142857142857,0.0,0.13043478260869565,0.0
GFLDVVKHIGKAALGAVTHLINQ,amp_all_clean.csv,1,amp,0,23,0.20535714285714285,0,0.25,0.2857142857142857,0.0,0.13043478260869565,0.0
AAKIILNPKFRCKAAFC,amp_all_clean.csv,1,amp,0,17,0.020000000000000004,0,0.0,0.0,0.1,0.0,0.058823529411764705
AVNIPFKVHLRCKAAFC,amp_all_clean.csv,1,amp,0,17,0.020000000000000004,0,0.0,0.0,0.1,0.0,0.058823529411764705
GFGSKPLDSFGLNFF,amp_all_clean.csv,1,amp,0,15,0.1925,1,0.2,0.25,0.125,0.2,0.06666666666666667
WTTIVKVSKAVCKTGTCICTTSCSNCK,amp_all_clean.csv,1,amp,1,27,0.09097222222222222,2,0.1111111111111111,0.125,0.0,0.037037037037037035,0.0
RYPAVGYT,amp_all_clean.csv,1,amp,0,8,0.4,2,0.5,0.5,0.0,0.125,0.125
CVWGGDCTDFLGCGTAWICV,amp_all_clean.csv,1,amp,1,20,0.2357142857142857,1,0.2857142857142857,0.3333333333333333,0.0,0.2,0.0
IWSFLIKAATKLLPSLFGGGKKDS,amp_all_clean.csv,1,amp,0,24,0.11696428571428572,2,0.125,0.14285714285714285,0.07142857142857142,0.125,0.041666666666666664
VWTVWGTIAG,amp_all_clean.csv,1,amp,0,10,0.2916666666666667,2,0.3333333333333333,0.5,0.0,0.2,0.0
GLLSALRKMIPHILSHIKK,amp_all_clean.csv,1,amp,0,19,0.13452380952380952,0,0.14285714285714285,0.16666666666666666,0.08333333333333333,0.05263157894736842,0.05263157894736842
CEWYNISCQLGNKGQWCTLTKECQRSCK,amp_all_clean.csv,1,amp,1,28,0.17777777777777776,1,0.2222222222222222,0.2222222222222222,0.0,0.07142857142857142,0.0
KRIGLIRLIGKILRGLRRLG,amp_all_clean.csv,1,amp,0,20,0.2357142857142857,0,0.2857142857142857,0.3333333333333333,0.0,0.2,0.0
KRIRFFERIRDRLRDLGNRIKNRIRDFFS,amp_all_clean.csv,1,amp,0,29,0.08166666666666667,1,0.1,0.1111111111111111,0.0,0.034482758620689655,0.0
FIGMIPGLIGGLISAFK,amp_all_clean.csv,1,amp,0,17,0.2966666666666667,0,0.3333333333333333,0.4,0.1,0.23529411764705882,0.058823529411764705
FFGTLFKLGSKLIPGVMKLFSKKKER,amp_all_clean.csv,1,amp,0,26,0.3125,2,0.375,0.375,0.0625,0.11538461538461539,0.038461538461538464
FIGMIPGLIGGLISAIK,amp_all_clean.csv,1,amp,0,17,0.2966666666666667,0,0.3333333333333333,0.4,0.1,0.23529411764705882,0.058823529411764705
FWSFLVKAASKILPSLIGGGDDNKSSS,amp_all_clean.csv,1,amp,0,27,0.10347222222222222,2,0.1111111111111111,0.125,0.0625,0.1111111111111111,0.037037037037037035
GILGKIWEGVKSLI,amp_all_clean.csv,1,amp,0,14,0.335,0,0.4,0.5,0.0,0.21428571428571427,0.0
FFSMIPKIAGGIASLVKNLG,amp_all_clean.csv,1,amp,0,20,0.22738095238095238,1,0.2857142857142857,0.16666666666666666,0.08333333333333333,0.15,0.05
SGYLPGKEYVYKYKGKVF,amp_all_clean.csv,1,amp,0,18,0.2966666666666667,2,0.3333333333333333,0.4,0.1,0.16666666666666666,0.05555555555555555
NGNLLGGLLRPVLGVVKGLTGGLGKK,amp_all_clean.csv,1,amp,0,26,0.41250000000000003,2,0.5,0.5,0.0625,0.3076923076923077,0.038461538461538464
APKGVQGPNG,amp_all_clean.csv,1,amp,0,10,0.6541666666666667,0,0.75,0.6666666666666666,0.3333333333333333,0.3,0.2
SMSGFSKPHD,amp_all_clean.csv,1,amp,0,10,0.24583333333333332,0,0.25,0.3333333333333333,0.16666666666666666,0.1,0.1
INWKKIKSIIKAAMN,amp_all_clean.csv,1,amp,0,15,0.0,0,0.0,0.0,0.0,0.0,0.0
EVCEKASKTWSGNCGNTGHC,amp_all_clean.csv,1,amp,1,20,0.4,2,0.5,0.5,0.0,0.15,0.0
VTQPLAPVHNPISV,amp_all_clean.csv,1,amp,0,14,0.07500000000000001,2,0.0,0.0,0.375,0.0,0.21428571428571427
VKGSWSKKFEVIA,amp_all_clean.csv,1,amp,0,13,0.2125,2,0.25,0.3333333333333333,0.0,0.07692307692307693,0.0
GKGSWSKKIEVIA,amp_all_clean.csv,1,amp,0,13,0.2125,2,0.25,0.3333333333333333,0.0,0.15384615384615385,0.0
ILSAIWSGIKGLL,amp_all_clean.csv,1,amp,0,13,0.4,1,0.5,0.5,0.0,0.15384615384615385,0.0
FLSTIWNGIKGLL,amp_all_clean.csv,1,amp,0,13,0.4,1,0.5,0.5,0.0,0.15384615384615385,0.0
FPFLLSLIPSAISAIKRL,amp_all_clean.csv,1,amp,0,18,0.03333333333333333,0,0.0,0.0,0.16666666666666666,0.0,0.1111111111111111
ISQSDAILSAIWSGIKSLF,amp_all_clean.csv,1,amp,0,19,0.13333333333333333,1,0.16666666666666666,0.16666666666666666,0.0,0.05263157894736842,0.0
FFSALLSGIKSLF,amp_all_clean.csv,1,amp,0,13,0.2,1,0.25,0.25,0.0,0.07692307692307693,0.0
FFWHHIGHALDAAKRVHGMLSG,amp_all_clean.csv,1,amp,0,22,0.18392857142857144,0,0.25,0.14285714285714285,0.0,0.13636363636363635,0.0
FFGHLFRGIINVGKHIHGLLSG,amp_all_clean.csv,1,amp,0,22,0.2357142857142857,2,0.2857142857142857,0.3333333333333333,0.0,0.22727272727272727,0.0
AVKPKTAKPKTAKPKTA,amp_all_clean.csv,1,amp,0,17,0.04000000000000001,0,0.0,0.0,0.2,0.0,0.17647058823529413
AKKPVAKKAAGGVKKPK,amp_all_clean.csv,1,amp,0,17,0.2,2,0.2,0.2,0.2,0.11764705882352941,0.11764705882352941
ARTKQTARKSTGGKAPRKQLAT,amp_all_clean.csv,1,amp,0,22,0.13452380952380952,2,0.14285714285714285,0.16666666666666666,0.08333333333333333,0.09090909090909091,0.045454545454545456
AKAVKPKTAKPKTAKPKTAKA,amp_all_clean.csv,1,amp,0,21,0.03333333333333333,1,0.0,0.0,0.16666666666666666,0.0,0.14285714285714285
AKKPVAKKAAGGVKKPKK,amp_all_clean.csv,1,amp,0,18,0.17833333333333334,1,0.16666666666666666,0.2,0.2,0.1111111111111111,0.1111111111111111
AAGGVKKPKKAAAAKKSPKKPKKPAAA,amp_all_clean.csv,1,amp,1,27,0.13333333333333333,0,0.1111111111111111,0.1111111111111111,0.2222222222222222,0.07407407407407407,0.14814814814814814
KAAAAKKSPKKPKKPAAAKK,amp_all_clean.csv,1,amp,1,20,0.05,0,0.0,0.0,0.25,0.0,0.15
SPKKTKPVKPKKVA,amp_all_clean.csv,1,amp,0,14,0.05,1,0.0,0.0,0.25,0.0,0.21428571428571427
KKSCHTGLKKSAGWVIPIGTLVKNGIIVR,amp_all_clean.csv,1,amp,0,29,0.3377777777777778,0,0.4,0.4444444444444444,0.05555555555555555,0.13793103448275862,0.034482758620689655
KCSWWNASCHLGNNGKICTVSHECAAGCNL,amp_all_clean.csv,1,amp,1,30,0.245,2,0.3,0.3333333333333333,0.0,0.1,0.0
ASVVKTTIKASKKLCKGATLTCGCNITGKK,amp_all_clean.csv,1,amp,1,30,0.16333333333333333,1,0.2,0.2222222222222222,0.0,0.1,0.0
VVYTLKRNGRTLYGF,amp_all_clean.csv,1,amp,0,15,0.1675,2,0.2,0.25,0.0,0.13333333333333333,0.0
VVYALKRNGRTLYGF,amp_all_clean.csv,1,amp,0,15,0.1675,2,0.2,0.25,0.0,0.13333333333333333,0.0
ILELAGNAARDNKKTRIIPRHLQL,amp_all_clean.csv,1,amp,0,24,0.11696428571428572,2,0.125,0.14285714285714285,0.07142857142857142,0.041666666666666664,0.041666666666666664
GGGGGGHLVA,amp_all_clean.csv,1,amp,0,10,0.5833333333333334,2,0.6666666666666666,1.0,0.0,0.6,0.0
ITSFSLCTPGCAKTGSFNSYCC,amp_all_clean.csv,1,amp,1,22,0.11785714285714285,2,0.14285714285714285,0.16666666666666666,0.0,0.09090909090909091,0.045454545454545456
VGVGGGFGR,amp_all_clean.csv,1,amp,0,9,0.8,1,1.0,1.0,0.0,0.5555555555555556,0.0
RERSKGSKYLYVG,amp_all_clean.csv,1,amp,0,13,0.2125,2,0.25,0.3333333333333333,0.0,0.15384615384615385,0.0
ENDHRMPYELNRPNNLSKGGAKCGAAIA,amp_all_clean.csv,1,amp,0,28,0.11597222222222221,2,0.1111111111111111,0.125,0.125,0.10714285714285714,0.07142857142857142
VNFKLLSHSLLVTLASHL,amp_all_clean.csv,1,amp,0,18,0.0,0,0.0,0.0,0.0,0.0,0.0
AGFAAQAAASLAPVAAQQL,amp_all_clean.csv,1,amp,0,19,0.15,1,0.16666666666666666,0.16666666666666666,0.08333333333333333,0.05263157894736842,0.05263157894736842
ITPATPFTPAIITEITAAVIA,amp_all_clean.csv,1,amp,0,21,0.05,1,0.0,0.0,0.25,0.0,0.14285714285714285
GFVALLKKLPLILKHLH,amp_all_clean.csv,1,amp,0,17,0.13833333333333334,0,0.16666666666666666,0.2,0.0,0.058823529411764705,0.058823529411764705
GFLSALKKYLPIVLKHV,amp_all_clean.csv,1,amp,0,17,0.15833333333333335,0,0.16666666666666666,0.2,0.1,0.058823529411764705,0.058823529411764705
AIGHCLGATL,amp_all_clean.csv,1,amp,0,10,0.2916666666666667,2,0.3333333333333333,0.5,0.0,0.2,0.0
GLTRLFSVIK,amp_all_clean.csv,1,amp,0,10,0.2125,0,0.25,0.3333333333333333,0.0,0.1,0.0
GNGVLKTISHECNMNTWQFLFTCC,amp_all_clean.csv,1,amp,1,24,0.10267857142857142,2,0.125,0.14285714285714285,0.0,0.08333333333333333,0.0
FLPIVAKLLSGLL,amp_all_clean.csv,1,amp,0,13,0.225,1,0.25,0.25,0.125,0.07692307692307693,0.07692307692307693
FLSLIPKIAGGIASLVKNL,amp_all_clean.csv,1,amp,0,19,0.15,1,0.16666666666666666,0.16666666666666666,0.08333333333333333,0.10526315789473684,0.05263157894736842
FLSLIPHIATGIAALAKHL,amp_all_clean.csv,1,amp,0,19,0.15,1,0.16666666666666666,0.16666666666666666,0.08333333333333333,0.05263157894736842,0.05263157894736842
FFSMIPKIATGIASLVKNL,amp_all_clean.csv,1,amp,0,19,0.15,1,0.16666666666666666,0.16666666666666666,0.08333333333333333,0.05263157894736842,0.05263157894736842
FIFHIIKGLFHAGKMIHGLVTRRRH,amp_all_clean.csv,1,amp,1,25,0.10267857142857142,2,0.125,0.14285714285714285,0.0,0.12,0.0
FFRNLWKGAKAAFRAGHAAWRA,amp_all_clean.csv,1,amp,0,22,0.11428571428571428,1,0.14285714285714285,0.14285714285714285,0.0,0.09090909090909091,0.0
ALWKDILKNAGKAALNEINQIVQ,amp_all_clean.csv,1,amp,0,23,0.10267857142857142,1,0.125,0.14285714285714285,0.0,0.043478260869565216,0.0
LNLKALLAVAKKIL,amp_all_clean.csv,1,amp,1,14,0.0,0,0.0,0.0,0.0,0.0,0.0
FLPLLLSALPSFLCLVFKKC,amp_all_clean.csv,1,amp,0,20,0.03333333333333333,1,0.0,0.0,0.16666666666666666,0.0,0.1
GRTSKQELCTWERGSVRQADKTIAG,amp_all_clean.csv,1,amp,0,25,0.16319444444444442,0,0.2222222222222222,0.125,0.0,0.12,0.0
RIVELTLPRVSVRL,amp_all_clean.csv,1,amp,0,14,0.025,0,0.0,0.0,0.125,0.0,0.07142857142857142
GLHKVMREVLGYERNSYKKFFLR,amp_all_clean.csv,1,amp,0,23,0.10267857142857142,0,0.125,0.14285714285714285,0.0,0.08695652173913043,0.0
FLGALFKVASKLVPAAICSISKKC,amp_all_clean.csv,1,amp,0,24,0.11696428571428572,2,0.125,0.14285714285714285,0.07142857142857142,0.041666666666666664,0.041666666666666664
LNLTKWLGKLGVILSHLNK,amp_all_clean.csv,1,amp,0,19,0.26666666666666666,1,0.3333333333333333,0.3333333333333333,0.0,0.10526315789473684,0.0
GVIIDTLKGAAKTVAAELLRKAHCKLTNSC,amp_all_clean.csv,1,amp,0,30,0.08166666666666667,2,0.1,0.1111111111111111,0.0,0.06666666666666667,0.0
FLSLIPHIVSGVASIAKHFG,amp_all_clean.csv,1,amp,0,20,0.22738095238095238,1,0.2857142857142857,0.16666666666666666,0.08333333333333333,0.1,0.05
GVVDTLKNLLMGLL,amp_all_clean.csv,1,amp,0,14,0.2,2,0.25,0.25,0.0,0.14285714285714285,0.0
INLKAIAAFAKKLL,amp_all_clean.csv,1,amp,1,14,0.0,0,0.0,0.0,0.0,0.0,0.0
INWKGIAAMKKLL,amp_all_clean.csv,1,amp,0,13,0.2,1,0.25,0.25,0.0,0.07692307692307693,0.0
INLKAIAAMAKKLL,amp_all_clean.csv,1,amp,1,14,0.0,0,0.0,0.0,0.0,0.0,0.0
FLPIIAKLLGGLL,amp_all_clean.csv,1,amp,0,13,0.225,1,0.25,0.25,0.125,0.15384615384615385,0.07692307692307693
FLPIPRPILLGLL,amp_all_clean.csv,1,amp,0,13,0.25,1,0.25,0.25,0.25,0.07692307692307693,0.23076923076923078
FLIIRRPIVLGLL,amp_all_clean.csv,1,amp,0,13,0.225,1,0.25,0.25,0.125,0.07692307692307693,0.07692307692307693
QPFSLERW,amp_all_clean.csv,1,amp,0,8,0.05,0,0.0,0.0,0.25,0.0,0.125
NILSSIVNGINRALSFFG,amp_all_clean.csv,1,amp,0,18,0.24666666666666667,2,0.3333333333333333,0.2,0.0,0.1111111111111111,0.0
NVLSSVANGINRALSFFG,amp_all_clean.csv,1,amp,0,18,0.24666666666666667,2,0.3333333333333333,0.2,0.0,0.1111111111111111,0.0
GLLSGVLGVGKKVLCGLSGLC,amp_all_clean.csv,1,amp,0,21,0.45714285714285713,0,0.5714285714285714,0.5714285714285714,0.0,0.2857142857142857,0.0
RRLRPRRPRLPRPRPRPRPRPR,amp_all_clean.csv,1,amp,1,22,0.1,2,0.0,0.0,0.5,0.0,0.36363636363636365
FFSLIPSLIGGLVSAIK,amp_all_clean.csv,1,amp,0,17,0.15833333333333335,0,0.16666666666666666,0.2,0.1,0.11764705882352941,0.058823529411764705
FLGFLKNLF,amp_all_clean.csv,1,amp,0,9,0.2916666666666667,2,0.3333333333333333,0.5,0.0,0.1111111111111111,0.0
LNLKGLIKKVASLLN,amp_all_clean.csv,1,amp,0,15,0.1675,1,0.2,0.25,0.0,0.06666666666666667,0.0
FDIMGLIKKVAGAL,amp_all_clean.csv,1,amp,0,14,0.2,2,0.25,0.25,0.0,0.14285714285714285,0.0
LNLKGLFKKVASLLT,amp_all_clean.csv,1,amp,0,15,0.1675,1,0.2,0.25,0.0,0.06666666666666667,0.0
FDVMGIIKKIAGAL,amp_all_clean.csv,1,amp,0,14,0.2,2,0.25,0.25,0.0,0.14285714285714285,0.0
INWKALLDAAKKVL,amp_all_clean.csv,1,amp,0,14,0.0,0,0.0,0.0,0.0,0.0,0.0
GSAQPYKQLHKVVNWDPYG,amp_all_clean.csv,1,amp,0,19,0.24404761904761904,0,0.2857142857142857,0.16666666666666666,0.16666666666666666,0.10526315789473684,0.10526315789473684
GLMDTVKNVAKNLAGHMLDKLKCKITGC,amp_all_clean.csv,1,amp,0,28,0.16319444444444442,2,0.2222222222222222,0.125,0.0,0.10714285714285714,0.0
GLFKVLGSVAKHLLPHVAPVIAEK,amp_all_clean.csv,1,amp,0,24,0.21250000000000002,0,0.25,0.25,0.0625,0.08333333333333333,0.08333333333333333
GLFKVLGSVAKHLLPHVVPVIAEK,amp_all_clean.csv,1,amp,0,24,0.21250000000000002,0,0.25,0.25,0.0625,0.08333333333333333,0.08333333333333333
GLFGVLGSIAKHVLPHVVPVIAEK,amp_all_clean.csv,1,amp,0,24,0.3125,0,0.375,0.375,0.0625,0.125,0.08333333333333333
KSKEKIGKEFKRIVQRIKDFLRNLVPR,amp_all_clean.csv,1,amp,0,27,0.09999999999999999,0,0.1111111111111111,0.1111111111111111,0.05555555555555555,0.037037037037037035,0.037037037037037035
GVCRCLCRRGVCRCLCRR,amp_all_clean.csv,1,amp,1,18,0.26666666666666666,0,0.3333333333333333,0.3333333333333333,0.0,0.1111111111111111,0.0
GFCRCICTRGFCRCICTR,amp_all_clean.csv,1,amp,1,18,0.26666666666666666,0,0.3333333333333333,0.3333333333333333,0.0,0.1111111111111111,0.0
FLSLIPHAINAVSTLVHHSG,amp_all_clean.csv,1,amp,0,20,0.10952380952380952,1,0.14285714285714285,0.0,0.08333333333333333,0.05,0.05
FLSLIPHAINAVSAIAKHS,amp_all_clean.csv,1,amp,0,19,0.016666666666666666,0,0.0,0.0,0.08333333333333333,0.0,0.05263157894736842
GIKCRFCCGCCTPGICGVCCRF,amp_all_clean.csv,1,amp,1,22,0.24285714285714285,1,0.2857142857142857,0.2857142857142857,0.07142857142857142,0.18181818181818182,0.045454545454545456
QSHLSLCRWCCNCCRSNKGC,amp_all_clean.csv,1,amp,1,20,0.09285714285714286,0,0.14285714285714285,0.0,0.0,0.05,0.0
FLPVIAGLLSKLF,amp_all_clean.csv,1,amp,0,13,0.1925,0,0.2,0.25,0.125,0.07692307692307693,0.07692307692307693
LLGMIPLAISAISALSKL,amp_all_clean.csv,1,amp,0,18,0.13833333333333334,2,0.16666666666666666,0.2,0.0,0.05555555555555555,0.05555555555555555
GLPICGETCVGGTCNTPGCSCSWPVCTRN,amp_all_clean.csv,1,amp,1,29,0.2777777777777778,2,0.3333333333333333,0.3333333333333333,0.05555555555555555,0.1724137931034483,0.10344827586206896
GIPCAESCVYIPCTVTALLGCSCSNRVCYN,amp_all_clean.csv,1,amp,1,30,0.10388888888888889,1,0.1,0.1111111111111111,0.1111111111111111,0.06666666666666667,0.06666666666666667
GIPCGESCVWIPCISSAIGCSCKSKVCYRN,amp_all_clean.csv,1,amp,1,30,0.18000000000000002,0,0.2,0.2,0.1,0.1,0.06666666666666667
GIPCGESCVWIPCLTSAIGCSCKSKVCYRN,amp_all_clean.csv,1,amp,1,30,0.18000000000000002,0,0.2,0.2,0.1,0.1,0.06666666666666667
GTLPCESCVWIPCISSVVGCSCKSKVCYKN,amp_all_clean.csv,1,amp,1,30,0.17,0,0.2,0.2,0.05,0.06666666666666667,0.06666666666666667
TPCGESCVYIPCISGVIGCSCTDKVCYLN,amp_all_clean.csv,1,amp,1,29,0.18888888888888886,2,0.2222222222222222,0.2222222222222222,0.05555555555555555,0.10344827586206896,0.06896551724137931
GLPVCGETCFGGTCNTPGCSCTWPICTRD,amp_all_clean.csv,1,amp,1,29,0.2777777777777778,2,0.3333333333333333,0.3333333333333333,0.05555555555555555,0.1724137931034483,0.10344827586206896
GLPVCGETCFGGTCNTPGCSCSSWPICTRN,amp_all_clean.csv,1,amp,1,30,0.26722222222222225,2,0.3,0.3333333333333333,0.1111111111111111,0.16666666666666666,0.1
GLPVCGETCTLGTCYTQGCTCSWPICKRN,amp_all_clean.csv,1,amp,1,29,0.26666666666666666,2,0.3333333333333333,0.3333333333333333,0.0,0.13793103448275862,0.06896551724137931
GIPCGESCVWIPCISAAIGCSCKSKVCYRN,amp_all_clean.csv,1,amp,1,30,0.18000000000000002,0,0.2,0.2,0.1,0.1,0.06666666666666667
GLPTCGETCFGGTCNTPGCTCDPWPVCTHN,amp_all_clean.csv,1,amp,1,30,0.2783333333333333,2,0.3,0.3333333333333333,0.16666666666666666,0.16666666666666666,0.13333333333333333
GLVPCGETCFTGKCYTPGCSCSYPICKKN,amp_all_clean.csv,1,amp,1,29,0.2888888888888889,2,0.3333333333333333,0.3333333333333333,0.1111111111111111,0.13793103448275862,0.10344827586206896
GLPCGETTCFTGKCYTPGCSCSYPICKKIN,amp_all_clean.csv,1,amp,1,30,0.17444444444444443,2,0.2,0.2222222222222222,0.05555555555555555,0.13333333333333333,0.1
GMASKAGSVLGKVAKVALKAAL,amp_all_clean.csv,1,amp,0,22,0.20535714285714285,0,0.25,0.2857142857142857,0.0,0.13636363636363635,0.0
KGGSGVIHTISHEVIYNSWNFVFTCCS,amp_all_clean.csv,1,amp,0,27,0.18194444444444444,1,0.2222222222222222,0.25,0.0,0.1111111111111111,0.0
PFKLSLHL,amp_all_clean.csv,1,amp,0,8,0.0,0,0.0,0.0,0.0,0.0,0.125
YQEPVLGPVRGPFPIIV,amp_all_clean.csv,1,amp,0,17,0.19833333333333333,0,0.16666666666666666,0.2,0.3,0.11764705882352941,0.23529411764705882
HNKQEGRDHDKSKGHFHRVVIHHKGGKAH,amp_all_clean.csv,1,amp,1,29,0.16333333333333333,1,0.2,0.2222222222222222,0.0,0.13793103448275862,0.0
KQEGRDHDKSKGHFHMIVIHHKGGQAHHG,amp_all_clean.csv,1,amp,1,29,0.17777777777777776,2,0.2222222222222222,0.2222222222222222,0.0,0.1724137931034483,0.0
HSDAVFTDNYTRLRKQMAVKKYLNSILN,amp_all_clean.csv,1,amp,0,28,0.0,0,0.0,0.0,0.0,0.0,0.0
KRRGSVTTRYQFLMIHLLRPKKLFA,amp_all_clean.csv,1,amp,0,25,0.10347222222222222,0,0.1111111111111111,0.125,0.0625,0.04,0.04
SSGWVCTLTIECGTVICAC,amp_all_clean.csv,1,amp,1,19,0.13833333333333334,2,0.16666666666666666,0.2,0.0,0.10526315789473684,0.0
GLGSLLGKAFKIGLKTVGKMMGGAPREQ,amp_all_clean.csv,1,amp,0,28,0.32666666666666666,0,0.4,0.4444444444444444,0.0,0.25,0.03571428571428571
RIKRFWPVVIRTVVAGYNLYRAIKKK,amp_all_clean.csv,1,amp,0,26,0.09097222222222222,0,0.1111111111111111,0.125,0.0,0.038461538461538464,0.038461538461538464
SPAGCRFCCGCCPNMRGCGVCCRF,amp_all_clean.csv,1,amp,1,24,0.3125,0,0.375,0.375,0.0625,0.16666666666666666,0.08333333333333333
GRGREFMSNLKEKLSGVKEKMKNS,amp_all_clean.csv,1,amp,0,24,0.2,0,0.25,0.25,0.0,0.125,0.0
VKLIQIRIWIQYVTVLQMFSMKTKQ,amp_all_clean.csv,1,amp,0,25,0.0,0,0.0,0.0,0.0,0.0,0.0
FKVQNQHGQVVKIFHH,amp_all_clean.csv,1,amp,0,16,0.16,1,0.2,0.2,0.0,0.0625,0.0
RVRRFWPLVPVAINTVAAGINLYKAIRRK,amp_all_clean.csv,1,amp,0,29,0.08166666666666667,0,0.1,0.1111111111111111,0.0,0.034482758620689655,0.06896551724137931
FVDLKKIANIINSIF,amp_all_clean.csv,1,amp,0,15,0.0,0,0.0,0.0,0.0,0.0,0.0
ISVCITVC,amp_all_clean.csv,1,amp,0,8,0.0,0,0.0,0.0,0.0,0.0,0.0
GLFGILGSVAKHVLPHVIPVVAEHL,amp_all_clean.csv,1,amp,0,25,0.28541666666666665,0,0.3333333333333333,0.375,0.0625,0.12,0.08
FLPAALAGIGGILGKLF,amp_all_clean.csv,1,amp,0,17,0.43500000000000005,1,0.5,0.6,0.1,0.23529411764705882,0.058823529411764705
FIHHIIGGLFSVGKHIHSLIHGH,amp_all_clean.csv,1,amp,0,23,0.2866071428571429,0,0.375,0.2857142857142857,0.0,0.17391304347826086,0.0
FLHHIVGLIHHGLSLFGDRAD,amp_all_clean.csv,1,amp,0,21,0.11785714285714285,1,0.14285714285714285,0.16666666666666666,0.0,0.14285714285714285,0.0
RKGWFKAMKSIAKFIAKEKLKEHL,amp_all_clean.csv,1,amp,0,24,0.10267857142857142,2,0.125,0.14285714285714285,0.0,0.041666666666666664,0.0
ILPIRSLIKKLL,amp_all_clean.csv,1,amp,0,12,0.03333333333333333,1,0.0,0.0,0.16666666666666666,0.0,0.08333333333333333
FLPLKKLRFGLL,amp_all_clean.csv,1,amp,0,12,0.225,0,0.25,0.25,0.125,0.08333333333333333,0.08333333333333333
LKLSPKTKDTLKKVLKGAIKGAIAIASMA,amp_all_clean.csv,1,amp,0,29,0.09999999999999999,2,0.1111111111111111,0.1111111111111111,0.05555555555555555,0.06896551724137931,0.034482758620689655
IKIPSFFRNILKKVGKEAVSLIAGALKQS,amp_all_clean.csv,1,amp,0,29,0.18888888888888886,2,0.2222222222222222,0.2222222222222222,0.05555555555555555,0.06896551724137931,0.034482758620689655
GIFPIFAKLLGKVIKVASSLISKGRTE,amp_all_clean.csv,1,amp,0,27,0.10347222222222222,1,0.1111111111111111,0.125,0.0625,0.1111111111111111,0.037037037037037035
GSVIKCGESCLLGKCYTPGCTCSRPICKKD,amp_all_clean.csv,1,amp,1,30,0.33,0,0.4,0.4,0.05,0.13333333333333333,0.06666666666666667
GLVGTLLGHIGKAILG,amp_all_clean.csv,1,amp,0,16,0.385,0,0.5,0.4,0.0,0.3125,0.0
GLVGTLLGHIGKAILS,amp_all_clean.csv,1,amp,0,16,0.32,1,0.4,0.4,0.0,0.25,0.0
KLKNFAKGVAQSLLNKASCKLSGQC,amp_all_clean.csv,1,amp,0,25,0.2,1,0.25,0.25,0.0,0.08,0.0
FFGRLKSVWSAVKHGWKAAKSR,amp_all_clean.csv,1,amp,0,22,0.2357142857142857,2,0.2857142857142857,0.3333333333333333,0.0,0.09090909090909091,0.0
KKCKFFCKVKKKIKSIGFQIPIVSIPFK,amp_all_clean.csv,1,amp,1,28,0.09999999999999999,1,0.1111111111111111,0.1111111111111111,0.05555555555555555,0.03571428571428571,0.07142857142857142
LRLKSIVSYAKKVL,amp_all_clean.csv,1,amp,0,14,0.0,0,0.0,0.0,0.0,0.0,0.0
RCLPAGKTCVRGPMRVPCCGSCSQNKCT,amp_all_clean.csv,1,amp,1,28,0.21944444444444444,2,0.2222222222222222,0.25,0.1875,0.10714285714285714,0.10714285714285714
EWKLPDLIINHITLTRRNCNKYRCG,amp_all_clean.csv,1,amp,0,25,0.08472222222222221,0,0.1111111111111111,0.0,0.0625,0.04,0.04
MWITNGGVANWYFVLAR,amp_all_clean.csv,1,amp,0,17,0.16,2,0.2,0.2,0.0,0.11764705882352941,0.0
FFPLIAGLAARFLPKIFCSITKRC,amp_all_clean.csv,1,amp,0,24,0.125,0,0.125,0.125,0.125,0.041666666666666664,0.08333333333333333
GSAIRCGESCLLGKCYTPGCTCDRPICKKN,amp_all_clean.csv,1,amp,1,30,0.33,0,0.4,0.4,0.05,0.13333333333333333,0.06666666666666667
RGSALTHLP,amp_all_clean.csv,1,amp,0,9,0.2916666666666667,1,0.3333333333333333,0.5,0.0,0.1111111111111111,0.1111111111111111
GVIDIIKGAGKDLIAHAIGKLAEKV,amp_all_clean.csv,1,amp,0,25,0.2729166666666667,0,0.3333333333333333,0.375,0.0,0.16,0.0
IPLRGAFINGRWDSQCHRFSNGAIACA,amp_all_clean.csv,1,amp,0,27,0.18888888888888886,0,0.2222222222222222,0.2222222222222222,0.05555555555555555,0.1111111111111111,0.037037037037037035
IVPFLLGMVPKLVCLITKKC,amp_all_clean.csv,1,amp,0,20,0.13452380952380952,0,0.14285714285714285,0.16666666666666666,0.08333333333333333,0.05,0.1
FLSLIPKIATGIAALAKHL,amp_all_clean.csv,1,amp,0,19,0.15,1,0.16666666666666666,0.16666666666666666,0.08333333333333333,0.05263157894736842,0.05263157894736842
GIGSAILSAGKSIIKGLAKGLAEHF,amp_all_clean.csv,1,amp,0,25,0.2729166666666667,0,0.3333333333333333,0.375,0.0,0.2,0.0
IIGPVLGLVGKALGGLL,amp_all_clean.csv,1,amp,0,17,0.34,2,0.4,0.4,0.1,0.29411764705882354,0.058823529411764705
ASVVNKLTGGVAGLLK,amp_all_clean.csv,1,amp,0,16,0.27666666666666667,0,0.3333333333333333,0.4,0.0,0.1875,0.0
FLQHIIGALGHLF,amp_all_clean.csv,1,amp,0,13,0.335,0,0.4,0.5,0.0,0.15384615384615385,0.0
FIHHIIGALGHLF,amp_all_clean.csv,1,amp,0,13,0.335,0,0.4,0.5,0.0,0.15384615384615385,0.0
FLQHIIGALTHIF,amp_all_clean.csv,1,amp,0,13,0.1675,0,0.2,0.25,0.0,0.07692307692307693,0.0
FLQHIIGALSHFF,amp_all_clean.csv,1,amp,0,13,0.1675,0,0.2,0.25,0.0,0.07692307692307693,0.0
ALWKSLLKNVGKAAGKAALNAVTDMVNQ,amp_all_clean.csv,1,amp,0,28,0.09097222222222222,2,0.1111111111111111,0.125,0.0,0.07142857142857142,0.0
GIMDTVKNAAKNLAGQLLDKLKCSITAC,amp_all_clean.csv,1,amp,0,28,0.09097222222222222,2,0.1111111111111111,0.125,0.0,0.07142857142857142,0.0
FLSLIPAAISAVSALANHF,amp_all_clean.csv,1,amp,0,19,0.016666666666666666,0,0.0,0.0,0.08333333333333333,0.0,0.05263157894736842
FIVPSIFLLKKAFCIALKKC,amp_all_clean.csv,1,amp,0,20,0.016666666666666666,1,0.0,0.0,0.08333333333333333,0.0,0.05
GLPCGESCVFIPCITTVVGCSCKNKVCYNN,amp_all_clean.csv,1,amp,1,30,0.18000000000000002,0,0.2,0.2,0.1,0.1,0.06666666666666667
WYQLIRTFGNLIHQKYRKLLEAYRKLRD,amp_all_clean.csv,1,amp,0,28,0.09097222222222222,2,0.1111111111111111,0.125,0.0,0.03571428571428571,0.0
FLGAILKIGHALAKTVLPMVTNAFKPKQ,amp_all_clean.csv,1,amp,0,28,0.19444444444444445,2,0.2222222222222222,0.25,0.0625,0.07142857142857142,0.07142857142857142
FLSLIPHIASGIASLVKNF,amp_all_clean.csv,1,amp,0,19,0.15,1,0.16666666666666666,0.16666666666666666,0.08333333333333333,0.05263157894736842,0.05263157894736842
FLSLLPHIASGIASLVSKF,amp_all_clean.csv,1,amp,0,19,0.15,1,0.16666666666666666,0.16666666666666666,0.08333333333333333,0.05263157894736842,0.05263157894736842
FIQHLIPLIPHAIQGIKDIF,amp_all_clean.csv,1,amp,0,20,0.16666666666666666,2,0.16666666666666666,0.16666666666666666,0.16666666666666666,0.05,0.1
FLSLIPHIVSGVASLAKHF,amp_all_clean.csv,1,amp,0,19,0.15,1,0.16666666666666666,0.16666666666666666,0.08333333333333333,0.05263157894736842,0.05263157894736842
FLSMIPHIVSGVAALAKHL,amp_all_clean.csv,1,amp,0,19,0.15,1,0.16666666666666666,0.16666666666666666,0.08333333333333333,0.05263157894736842,0.05263157894736842
GLISTIWNTASNVAGTLTDSVKCKFKKC,amp_all_clean.csv,1,amp,0,28,0.09097222222222222,2,0.1111111111111111,0.125,0.0,0.07142857142857142,0.0
FIFLPIFRRPVS,amp_all_clean.csv,1,amp,0,12,0.06666666666666667,2,0.0,0.0,0.3333333333333333,0.0,0.16666666666666666
FLSLIPKIAGGIAALAKHL,amp_all_clean.csv,1,amp,0,19,0.15,1,0.16666666666666666,0.16666666666666666,0.08333333333333333,0.10526315789473684,0.05263157894736842
FALGAVTKVLPKLFCLITRKC,amp_all_clean.csv,1,amp,0,21,0.1285714285714286,0,0.14285714285714285,0.14285714285714285,0.07142857142857142,0.047619047619047616,0.047619047619047616
FLPALAGIAGLLGKIF,amp_all_clean.csv,1,amp,0,16,0.43500000000000005,0,0.5,0.6,0.1,0.1875,0.0625
FIGTLIPLALGALTKLFK,amp_all_clean.csv,1,amp,0,18,0.15833333333333335,1,0.16666666666666666,0.2,0.1,0.1111111111111111,0.05555555555555555
GIFDVLKNLAKGVITSLAS,amp_all_clean.csv,1,amp,0,19,0.13833333333333334,2,0.16666666666666666,0.2,0.0,0.10526315789473684,0.0
EGCNILCLLKRKVKAVKNVVKNVVKSVVG,amp_all_clean.csv,1,amp,0,29,0.14666666666666667,1,0.2,0.1111111111111111,0.0,0.06896551724137931,0.0
GLWSKIKNVAAAAGKAALGAL,amp_all_clean.csv,1,amp,0,21,0.22857142857142856,0,0.2857142857142857,0.2857142857142857,0.0,0.14285714285714285,0.0
GVITDTLKGVAKTVAAELLRKAHCKLTNSC,amp_all_clean.csv,1,amp,0,30,0.08166666666666667,2,0.1,0.1111111111111111,0.0,0.06666666666666667,0.0
GLLGKILGAGKKVLCGVSGLC,amp_all_clean.csv,1,amp,0,21,0.5714285714285714,0,0.7142857142857143,0.7142857142857143,0.0,0.2857142857142857,0.0
GLWKSLFKNVGKAAGKAALNAVTDMVNQ,amp_all_clean.csv,1,amp,0,28,0.09097222222222222,2,0.1111111111111111,0.125,0.0,0.10714285714285714,0.0
ALLDKLKSLGKVVGKVALGVVQNYLNPRQ,amp_all_clean.csv,1,amp,0,29,0.17444444444444443,0,0.2,0.2222222222222222,0.05555555555555555,0.10344827586206896,0.034482758620689655
AWLDKLKSIGKVVGKVAIGVAKNLLNPQ,amp_all_clean.csv,1,amp,0,28,0.17444444444444443,0,0.2,0.2222222222222222,0.05555555555555555,0.10714285714285714,0.03571428571428571
FLPLLAGLAANFLPQIICKIARKC,amp_all_clean.csv,1,amp,0,24,0.125,0,0.125,0.125,0.125,0.041666666666666664,0.08333333333333333
FLSALWGVAKSLF,amp_all_clean.csv,1,amp,0,13,0.1675,0,0.2,0.25,0.0,0.07692307692307693,0.0
FPFLLSLIPSAISALKKL,amp_all_clean.csv,1,amp,0,18,0.03333333333333333,0,0.0,0.0,0.16666666666666666,0.0,0.1111111111111111
INWKKMAATALKMI,amp_all_clean.csv,1,amp,0,14,0.0,0,0.0,0.0,0.0,0.0,0.0
ALWKDMLKGIGKLAGKAALGAVKTLV,amp_all_clean.csv,1,amp,0,26,0.2,2,0.25,0.25,0.0,0.15384615384615385,0.0
GFPCGESCVYIPCFTAAIGCSCKSKVCYKN,amp_all_clean.csv,1,amp,1,30,0.18000000000000002,0,0.2,0.2,0.1,0.1,0.06666666666666667
GLFAVIKKVASVIGGL,amp_all_clean.csv,1,amp,0,16,0.16,1,0.2,0.2,0.0,0.1875,0.0
GLFDVIAKVASVIGGL,amp_all_clean.csv,1,amp,0,16,0.16,1,0.2,0.2,0.0,0.1875,0.0
GLFDVIAKVASVIKKL,amp_all_clean.csv,1,amp,0,16,0.13833333333333334,0,0.16666666666666666,0.2,0.0,0.0625,0.0
GLFAVIKKVASVIKKL,amp_all_clean.csv,1,amp,0,16,0.13833333333333334,0,0.16666666666666666,0.2,0.0,0.0625,0.0
RRWSFRVSYRGFSYRKSR,amp_all_clean.csv,1,amp,0,18,0.13833333333333334,1,0.16666666666666666,0.2,0.0,0.05555555555555555,0.0
GILDTLKQFAKGVGKWLVKGAAQ,amp_all_clean.csv,1,amp,0,23,0.20535714285714285,1,0.25,0.2857142857142857,0.0,0.17391304347826086,0.0
GILDTLKQFAKGVGKFLVKGAAQ,amp_all_clean.csv,1,amp,0,23,0.20535714285714285,1,0.25,0.2857142857142857,0.0,0.17391304347826086,0.0
ALWKTLLKKVLKA,amp_all_clean.csv,1,amp,0,13,0.0,0,0.0,0.0,0.0,0.0,0.0
FKCRRWQWR,amp_all_clean.csv,1,amp,0,9,0.0,0,0.0,0.0,0.0,0.0,0.0
KKLGAPSITCVRRAFA,amp_all_clean.csv,1,amp,0,16,0.15833333333333335,0,0.16666666666666666,0.2,0.1,0.0625,0.0625
KNLRRIIRKIIHIIKKYG,amp_all_clean.csv,1,amp,0,18,0.10833333333333334,2,0.16666666666666666,0.0,0.0,0.05555555555555555,0.0
KNLRRIIRKGIHIIKKYG,amp_all_clean.csv,1,amp,0,18,0.13333333333333333,0,0.16666666666666666,0.16666666666666666,0.0,0.1111111111111111,0.0
KNLRRITRKIIHIIKKYG,amp_all_clean.csv,1,amp,0,18,0.10833333333333334,2,0.16666666666666666,0.0,0.0,0.05555555555555555,0.0
GLKKLLGKLLKKLGKLLLK,amp_all_clean.csv,1,amp,0,19,0.2357142857142857,0,0.2857142857142857,0.3333333333333333,0.0,0.15789473684210525,0.0
GLWNSIKIAGKKLFVNVLDKIRCKVAGGC,amp_all_clean.csv,1,amp,0,29,0.22833333333333333,0,0.3,0.2222222222222222,0.0,0.13793103448275862,0.0
GLWDSIKIAGKKLFVNVLDKIRCKVAGGC,amp_all_clean.csv,1,amp,0,29,0.22833333333333333,0,0.3,0.2222222222222222,0.0,0.13793103448275862,0.0
GLWNSIKIAGKNLFVNVLDKIRCKVAGGC,amp_all_clean.csv,1,amp,0,29,0.22833333333333333,0,0.3,0.2222222222222222,0.0,0.13793103448275862,0.0
GLWNSIKIAGKKLFVNVLDKIRSKVAGGS,amp_all_clean.csv,1,amp,0,29,0.22833333333333333,0,0.3,0.2222222222222222,0.0,0.13793103448275862,0.0
GKKLFVNVLDKIRCKVAGGC,amp_all_clean.csv,1,amp,0,20,0.21071428571428572,0,0.2857142857142857,0.16666666666666666,0.0,0.15,0.0
FALALKALKKALKKLKKALKKAL,amp_all_clean.csv,1,amp,1,23,0.0,0,0.0,0.0,0.0,0.0,0.0
TWLKKRRWKKAKPP,amp_all_clean.csv,1,amp,0,14,0.05,2,0.0,0.0,0.25,0.0,0.14285714285714285
GLARIVVIRVAR,amp_all_clean.csv,1,amp,0,12,0.2,0,0.25,0.25,0.0,0.08333333333333333,0.0
RGARIVVIRVAR,amp_all_clean.csv,1,amp,0,12,0.2125,1,0.25,0.3333333333333333,0.0,0.08333333333333333,0.0
RRARIVVIRVAR,amp_all_clean.csv,1,amp,0,12,0.0,0,0.0,0.0,0.0,0.0,0.0
RLRRIVVIRVAR,amp_all_clean.csv,1,amp,0,12,0.0,0,0.0,0.0,0.0,0.0,0.0
RLWRIVVIRVAR,amp_all_clean.csv,1,amp,0,12,0.0,0,0.0,0.0,0.0,0.0,0.0
RLARRVVIRVAR,amp_all_clean.csv,1,amp,0,12,0.0,0,0.0,0.0,0.0,0.0,0.0
RLARIVKIRVAR,amp_all_clean.csv,1,amp,0,12,0.0,0,0.0,0.0,0.0,0.0,0.0
RLARIVVIRWAR,amp_all_clean.csv,1,amp,0,12,0.0,0,0.0,0.0,0.0,0.0,0.0
RLARIVVIRVRR,amp_all_clean.csv,1,amp,0,12,0.0,0,0.0,0.0,0.0,0.0,0.0
RLARIVVIRVAG,amp_all_clean.csv,1,amp,0,12,0.1625,2,0.25,0.0,0.0,0.08333333333333333,0.0
RLRRIVVIRVRR,amp_all_clean.csv,1,amp,0,12,0.0,0,0.0,0.0,0.0,0.0,0.0
RRWRIVVIRVRR,amp_all_clean.csv,1,amp,0,12,0.0,0,0.0,0.0,0.0,0.0,0.0
RRWKIVVIRWRR,amp_all_clean.csv,1,amp,0,12,0.0,0,0.0,0.0,0.0,0.0,0.0
RWWKIWVIRWWR,amp_all_clean.csv,1,amp,0,12,0.0,0,0.0,0.0,0.0,0.0,0.0
KIWVIRWR,amp_all_clean.csv,1,amp,0,8,0.0,0,0.0,0.0,0.0,0.0,0.0
RIWVIRWR,amp_all_clean.csv,1,amp,0,8,0.0,0,0.0,0.0,0.0,0.0,0.0
RIWVIWRR,amp_all_clean.csv,1,amp,0,8,0.0,0,0.0,0.0,0.0,0.0,0.0
RRWVIWRR,amp_all_clean.csv,1,amp,0,8,0.0,0,0.0,0.0,0.0,0.0,0.0
RLARIVVIRVAR,amp_all_clean.csv,1,amp,0,12,0.0,0,0.0,0.0,0.0,0.0,0.0
YQWQRRMRKL,amp_all_clean.csv,1,amp,0,10,0.0,0,0.0,0.0,0.0,0.0,0.0
FQWQRNMRKV,amp_all_clean.csv,1,amp,0,10,0.0,0,0.0,0.0,0.0,0.0,0.0
LRWQNEMRKV,amp_all_clean.csv,1,amp,0,10,0.0,0,0.0,0.0,0.0,0.0,0.0
RQWQSKIRRT,amp_all_clean.csv,1,amp,0,10,0.0,0,0.0,0.0,0.0,0.0,0.0
RRWQWRMKKL,amp_all_clean.csv,1,amp,0,10,0.0,0,0.0,0.0,0.0,0.0,0.0
RRWWWRWRRW,amp_all_clean.csv,1,amp,0,10,0.0,0,0.0,0.0,0.0,0.0,0.0
KKWWWKWKKW,amp_all_clean.csv,1,amp,0,10,0.0,0,0.0,0.0,0.0,0.0,0.0
RRWWRRWRRW,amp_all_clean.csv,1,amp,0,10,0.0,0,0.0,0.0,0.0,0.0,0.0
RRFFFRFRRF,amp_all_clean.csv,1,amp,0,10,0.0,0,0.0,0.0,0.0,0.0,0.0
RRIIIRWRRI,amp_all_clean.csv,1,amp,0,10,0.0,0,0.0,0.0,0.0,0.0,0.0
SKCYQWQRRMRKLGA,amp_all_clean.csv,1,amp,0,15,0.13,1,0.2,0.0,0.0,0.06666666666666667,0.0
TKCFQWQWNMRKVRG,amp_all_clean.csv,1,amp,0,15,0.13,2,0.2,0.0,0.0,0.06666666666666667,0.0
SKCYQWQWRMRKLGA,amp_all_clean.csv,1,amp,0,15,0.13,1,0.2,0.0,0.0,0.06666666666666667,0.0
SKCRQWQWKIRRTNP,amp_all_clean.csv,1,amp,0,15,0.020000000000000004,0,0.0,0.0,0.1,0.0,0.06666666666666667
FKCRRWQWRMKKLGA,amp_all_clean.csv,1,amp,0,15,0.13,1,0.2,0.0,0.0,0.06666666666666667,0.0
AKCRRWQWRMKKLGA,amp_all_clean.csv,1,amp,0,15,0.13,1,0.2,0.0,0.0,0.06666666666666667,0.0
FACRRWQWRMKKLGA,amp_all_clean.csv,1,amp,0,15,0.13,1,0.2,0.0,0.0,0.06666666666666667,0.0
FKARRWQWRMKKLGA,amp_all_clean.csv,1,amp,0,15,0.13,1,0.2,0.0,0.0,0.06666666666666667,0.0
FKCARWQWRMKKLGA,amp_all_clean.csv,1,amp,0,15,0.13,1,0.2,0.0,0.0,0.06666666666666667,0.0
FKCRAWQWRMKKLGA,amp_all_clean.csv,1,amp,0,15,0.13,1,0.2,0.0,0.0,0.06666666666666667,0.0
FKCRRWAWRMKKLGA,amp_all_clean.csv,1,amp,0,15,0.13,1,0.2,0.0,0.0,0.06666666666666667,0.0
FKCRRWQWAMKKLGA,amp_all_clean.csv,1,amp,0,15,0.13,1,0.2,0.0,0.0,0.06666666666666667,0.0
FKCRRWQWRAKKLGA,amp_all_clean.csv,1,amp,0,15,0.13,1,0.2,0.0,0.0,0.06666666666666667,0.0
FKCRRWQWRMAKLGA,amp_all_clean.csv,1,amp,0,15,0.13,1,0.2,0.0,0.0,0.06666666666666667,0.0
FKCRRWQWRMKALGA,amp_all_clean.csv,1,amp,0,15,0.13,1,0.2,0.0,0.0,0.06666666666666667,0.0
FKCRRWQWRMKKAGA,amp_all_clean.csv,1,amp,0,15,0.13,1,0.2,0.0,0.0,0.06666666666666667,0.0
FKCRRWQWRMKKLAA,amp_all_clean.csv,1,amp,0,15,0.0,0,0.0,0.0,0.0,0.0,0.0
AKCLRWQWEMRKVGG,amp_all_clean.csv,1,amp,0,15,0.13,1,0.2,0.0,0.0,0.13333333333333333,0.0
AKCLRWQWAMRKVGG,amp_all_clean.csv,1,amp,0,15,0.13,1,0.2,0.0,0.0,0.13333333333333333,0.0
RKCLRWQWEMRKVGG,amp_all_clean.csv,1,amp,0,15,0.13,1,0.2,0.0,0.0,0.13333333333333333,0.0
EKCLRWQWRMRKVGG,amp_all_clean.csv,1,amp,0,15,0.13,1,0.2,0.0,0.0,0.13333333333333333,0.0
AKCLRWQWRMRKVGG,amp_all_clean.csv,1,amp,0,15,0.13,1,0.2,0.0,0.0,0.13333333333333333,0.0
RKCLRWQWAMRKVGG,amp_all_clean.csv,1,amp,0,15,0.13,1,0.2,0.0,0.0,0.13333333333333333,0.0
RKCLRWQWRMRKVGG,amp_all_clean.csv,1,amp,0,15,0.13,1,0.2,0.0,0.0,0.13333333333333333,0.0
AKCLRWQWEMRKYGG,amp_all_clean.csv,1,amp,0,15,0.13,1,0.2,0.0,0.0,0.13333333333333333,0.0
AKCLRWQWAMRKYGG,amp_all_clean.csv,1,amp,0,15,0.13,1,0.2,0.0,0.0,0.13333333333333333,0.0
RKCLRWQWEMRKYGG,amp_all_clean.csv,1,amp,0,15,0.13,1,0.2,0.0,0.0,0.13333333333333333,0.0
EKCLRWQWRMRKYGG,amp_all_clean.csv,1,amp,0,15,0.13,1,0.2,0.0,0.0,0.13333333333333333,0.0
AKCLRWQWRMRKYGG,amp_all_clean.csv,1,amp,0,15,0.13,1,0.2,0.0,0.0,0.13333333333333333,0.0
RKCLRWQWAMRKYGG,amp_all_clean.csv,1,amp,0,15,0.13,1,0.2,0.0,0.0,0.13333333333333333,0.0
RKCLRWQWRMRKYGG,amp_all_clean.csv,1,amp,0,15,0.13,1,0.2,0.0,0.0,0.13333333333333333,0.0
KWKWKWKW,amp_all_clean.csv,1,amp,0,8,0.0,0,0.0,0.0,0.0,0.0,0.0
KWKWKWKWKW,amp_all_clean.csv,1,amp,0,10,0.0,0,0.0,0.0,0.0,0.0,0.0
RWRWRWRW,amp_all_clean.csv,1,amp,0,8,0.0,0,0.0,0.0,0.0,0.0,0.0
RWRWRWRWRW,amp_all_clean.csv,1,amp,0,10,0.0,0,0.0,0.0,0.0,0.0,0.0
KWKLFKKIEKVGQGIGAVLKVLTTGL,amp_all_clean.csv,1,amp,0,26,0.16319444444444442,0,0.2222222222222222,0.125,0.0,0.15384615384615385,0.0
KWKLFKKIGIGAVLKVLTTGLPALIS,amp_all_clean.csv,1,amp,0,26,0.19444444444444445,1,0.2222222222222222,0.25,0.0625,0.11538461538461539,0.038461538461538464
KWKLFKKIGIGAVLKVLTTG,amp_all_clean.csv,1,amp,0,20,0.21071428571428572,1,0.2857142857142857,0.16666666666666666,0.0,0.15,0.0
KWKLFKKIGIGAVLKVLT,amp_all_clean.csv,1,amp,0,18,0.13833333333333334,1,0.16666666666666666,0.2,0.0,0.1111111111111111,0.0
KWKLFKKGIGAVLKV,amp_all_clean.csv,1,amp,0,15,0.1675,1,0.2,0.25,0.0,0.13333333333333333,0.0
KWKLFKKGAVLKVLT,amp_all_clean.csv,1,amp,0,15,0.1675,1,0.2,0.25,0.0,0.06666666666666667,0.0
GWLRKLGAVLKVLTT,amp_all_clean.csv,1,amp,0,15,0.32,0,0.4,0.4,0.0,0.13333333333333333,0.0
KWKLFKKIGAVLKVL,amp_all_clean.csv,1,amp,0,15,0.1675,2,0.2,0.25,0.0,0.06666666666666667,0.0
KWKLFKKAVLKVLTT,amp_all_clean.csv,1,amp,0,15,0.0,0,0.0,0.0,0.0,0.0,0.0
KWKLFKKVLKVLTTG,amp_all_clean.csv,1,amp,0,15,0.13,2,0.2,0.0,0.0,0.06666666666666667,0.0
KWKLFKKLKVLTTGL,amp_all_clean.csv,1,amp,0,15,0.13,1,0.2,0.0,0.0,0.06666666666666667,0.0
ILRWPWWPWRRKM,amp_all_clean.csv,1,amp,0,13,0.06666666666666667,2,0.0,0.0,0.3333333333333333,0.0,0.15384615384615385
IIYCNRRTGKCQRM,amp_all_clean.csv,1,amp,0,14,0.2,2,0.25,0.25,0.0,0.07142857142857142,0.0
YCNRRTGKCQRM,amp_all_clean.csv,1,amp,0,12,0.2,0,0.25,0.25,0.0,0.08333333333333333,0.0
VPIIYCNRRTGKCQRM,amp_all_clean.csv,1,amp,0,16,0.16,1,0.2,0.2,0.0,0.0625,0.0625
KPVPIIYCNRRTGKCQRM,amp_all_clean.csv,1,amp,0,18,0.15,0,0.16666666666666666,0.16666666666666666,0.08333333333333333,0.05555555555555555,0.1111111111111111
GSKKPVPIIYCNRRTGKC,amp_all_clean.csv,1,amp,0,18,0.2833333333333333,0,0.3333333333333333,0.3333333333333333,0.08333333333333333,0.1111111111111111,0.1111111111111111
GSKKPVPIIYCNRRTGKCQ,amp_all_clean.csv,1,amp,0,19,0.2523809523809524,0,0.2857142857142857,0.3333333333333333,0.08333333333333333,0.10526315789473684,0.10526315789473684
GSKKPVPIIYCNRRTGKCQR,amp_all_clean.csv,1,amp,0,20,0.2523809523809524,0,0.2857142857142857,0.3333333333333333,0.08333333333333333,0.1,0.1
RFPWWWPFLR,amp_all_clean.csv,1,amp,0,10,0.06666666666666667,1,0.0,0.0,0.3333333333333333,0.0,0.2
RRRFPWVCWPFLRRR,amp_all_clean.csv,1,amp,0,15,0.05,2,0.0,0.0,0.25,0.0,0.13333333333333333
LIKIVPAMICAVTKKC,amp_all_clean.csv,1,amp,0,16,0.020000000000000004,0,0.0,0.0,0.1,0.0,0.0625
GLIKIVPAMICAVTKKC,amp_all_clean.csv,1,amp,0,17,0.13833333333333334,0,0.16666666666666666,0.2,0.0,0.058823529411764705,0.058823529411764705
GGLIKIVPAMICAVTKKC,amp_all_clean.csv,1,amp,0,18,0.15,0,0.16666666666666666,0.16666666666666666,0.08333333333333333,0.1111111111111111,0.05555555555555555
LGGLIKIVPAMICAVTKKC,amp_all_clean.csv,1,amp,0,19,0.15,1,0.16666666666666666,0.16666666666666666,0.08333333333333333,0.10526315789473684,0.05263157894736842
FLGGLIKIVPAMICAVTKK,amp_all_clean.csv,1,amp,0,19,0.15833333333333335,2,0.16666666666666666,0.2,0.1,0.10526315789473684,0.05263157894736842
RILSILRHQNLLKE,amp_all_clean.csv,1,amp,0,14,0.0,0,0.0,0.0,0.0,0.0,0.0
TLRGDERILSILRHQNLLKE,amp_all_clean.csv,1,amp,0,20,0.11785714285714285,0,0.14285714285714285,0.16666666666666666,0.0,0.05,0.0
TLRGDERILSILRHQNLLKELQDLALQGAK,amp_all_clean.csv,1,amp,0,30,0.16,0,0.2,0.2,0.0,0.06666666666666667,0.0
RILSILRHQNLLKELQDLALQGAK,amp_all_clean.csv,1,amp,0,24,0.1,0,0.125,0.125,0.0,0.041666666666666664,0.0
KRIVQRIKDFLR,amp_all_clean.csv,1,amp,0,12,0.0,0,0.0,0.0,0.0,0.0,0.0
KWKLFKKIGIGKFLHSAKKF,amp_all_clean.csv,1,amp,0,20,0.13333333333333333,2,0.16666666666666666,0.16666666666666666,0.0,0.1,0.0
KWKLFKKIKFLHSAKKF,amp_all_clean.csv,1,amp,0,17,0.0,0,0.0,0.0,0.0,0.0,0.0
KWKLFKKIPKFLHSAKKF,amp_all_clean.csv,1,amp,0,18,0.020000000000000004,1,0.0,0.0,0.1,0.0,0.05555555555555555
KAKLFKKIGIGKFLHSAKKF,amp_all_clean.csv,1,amp,0,20,0.13333333333333333,2,0.16666666666666666,0.16666666666666666,0.0,0.1,0.0
KLKLFKKIGIGKFLHSAKKF,amp_all_clean.csv,1,amp,0,20,0.13333333333333333,2,0.16666666666666666,0.16666666666666666,0.0,0.1,0.0
KWKLFKKIPKFLHLAKKF,amp_all_clean.csv,1,amp,0,18,0.020000000000000004,1,0.0,0.0,0.1,0.0,0.05555555555555555
KWKLFKKILKFLHLAKKF,amp_all_clean.csv,1,amp,0,18,0.0,0,0.0,0.0,0.0,0.0,0.0
KWKLFKKISKFLHLAKKF,amp_all_clean.csv,1,amp,0,18,0.0,0,0.0,0.0,0.0,0.0,0.0
WKLFKKIPKFLHLAKKF,amp_all_clean.csv,1,amp,0,17,0.020000000000000004,0,0.0,0.0,0.1,0.0,0.058823529411764705
FKLFKKIPKFLHLAKKF,amp_all_clean.csv,1,amp,0,17,0.020000000000000004,0,0.0,0.0,0.1,0.0,0.058823529411764705
KWFKKIPKFLHLAKKF,amp_all_clean.csv,1,amp,0,16,0.025,2,0.0,0.0,0.125,0.0,0.0625
WFKKIPKFLHLAKKF,amp_all_clean.csv,1,amp,0,15,0.025,1,0.0,0.0,0.125,0.0,0.06666666666666667
WKKIPKFLHLAKKF,amp_all_clean.csv,1,amp,0,14,0.025,0,0.0,0.0,0.125,0.0,0.07142857142857142
KWFKKIPKFLHLLKKF,amp_all_clean.csv,1,amp,0,16,0.025,2,0.0,0.0,0.125,0.0,0.0625
WFKKIPKFLHLLKKF,amp_all_clean.csv,1,amp,0,15,0.025,1,0.0,0.0,0.125,0.0,0.06666666666666667
WKKIPKFLHLLKKF,amp_all_clean.csv,1,amp,0,14,0.025,0,0.0,0.0,0.125,0.0,0.07142857142857142
KWKLFKKIPFLHLAKKF,amp_all_clean.csv,1,amp,0,17,0.020000000000000004,0,0.0,0.0,0.1,0.0,0.058823529411764705
KWKLFKKIPKFLHLAKK,amp_all_clean.csv,1,amp,0,17,0.020000000000000004,0,0.0,0.0,0.1,0.0,0.058823529411764705
KWKLFKKIPLHLAKKF,amp_all_clean.csv,1,amp,0,16,0.020000000000000004,0,0.0,0.0,0.1,0.0,0.0625
KWKLFKKIPKFLHLAK,amp_all_clean.csv,1,amp,0,16,0.020000000000000004,0,0.0,0.0,0.1,0.0,0.0625
KWKLFKKIPHLAKKF,amp_all_clean.csv,1,amp,0,15,0.025,1,0.0,0.0,0.125,0.0,0.06666666666666667
KWKLFKKIPKFLHLA,amp_all_clean.csv,1,amp,0,15,0.025,1,0.0,0.0,0.125,0.0,0.06666666666666667
KWKLFKKIPLAKKF,amp_all_clean.csv,1,amp,0,14,0.025,0,0.0,0.0,0.125,0.0,0.07142857142857142
KWKLFKKIPKFLHL,amp_all_clean.csv,1,amp,0,14,0.025,0,0.0,0.0,0.125,0.0,0.07142857142857142
KWKLFKKIPLKKF,amp_all_clean.csv,1,amp,0,13,0.025,0,0.0,0.0,0.125,0.0,0.07692307692307693
KWKLFKKIPKFLH,amp_all_clean.csv,1,amp,0,13,0.025,0,0.0,0.0,0.125,0.0,0.07692307692307693
LLKWLKKL,amp_all_clean.csv,1,amp,0,8,0.0,0,0.0,0.0,0.0,0.0,0.0
KLLKWLLK,amp_all_clean.csv,1,amp,0,8,0.0,0,0.0,0.0,0.0,0.0,0.0
KLLKWLLKL,amp_all_clean.csv,1,amp,0,9,0.0,0,0.0,0.0,0.0,0.0,0.0
KKLLKWLKKLL,amp_all_clean.csv,1,amp,0,11,0.0,0,0.0,0.0,0.0,0.0,0.0
KKLLKWLLKLL,amp_all_clean.csv,1,amp,0,11,0.0,0,0.0,0.0,0.0,0.0,0.0
LKLLKWLLKLL,amp_all_clean.csv,1,amp,1,11,0.0,0,0.0,0.0,0.0,0.0,0.0
LKKLLKWLLKLLK,amp_all_clean.csv,1,amp,0,13,0.0,0,0.0,0.0,0.0,0.0,0.0
LLKLLKWLLKLLK,amp_all_clean.csv,1,amp,0,13,0.0,0,0.0,0.0,0.0,0.0,0.0
ILGKIAEGIKSLF,amp_all_clean.csv,1,amp,0,13,0.2125,2,0.25,0.3333333333333333,0.0,0.15384615384615385,0.0
ILGKILEGIKSLF,amp_all_clean.csv,1,amp,0,13,0.2125,2,0.25,0.3333333333333333,0.0,0.15384615384615385,0.0
ILGKIWKGIKSLF,amp_all_clean.csv,1,amp,0,13,0.2125,2,0.25,0.3333333333333333,0.0,0.15384615384615385,0.0
ILGKILKGIKKLF,amp_all_clean.csv,1,amp,0,13,0.2125,2,0.25,0.3333333333333333,0.0,0.15384615384615385,0.0
ILGKIWKIKKLF,amp_all_clean.csv,1,amp,0,12,0.2125,2,0.25,0.3333333333333333,0.0,0.08333333333333333,0.0
VSLFPVSLFP,amp_all_clean.csv,1,amp,0,10,0.05,2,0.0,0.0,0.25,0.0,0.2
GVVTDLLKTAGKLLGNLFGSLSG,amp_all_clean.csv,1,amp,0,23,0.20535714285714285,0,0.25,0.2857142857142857,0.0,0.21739130434782608,0.0
GVVTDLLKTAGKLLGNLVGSLSG,amp_all_clean.csv,1,amp,0,23,0.20535714285714285,0,0.25,0.2857142857142857,0.0,0.21739130434782608,0.0
GLVTGLLKTAGKLLGDLFGSLTG,amp_all_clean.csv,1,amp,0,23,0.2866071428571429,1,0.375,0.2857142857142857,0.0,0.2608695652173913,0.0
LLGDFFRKAKEKIGKEFKRIVQR,amp_all_clean.csv,1,amp,0,23,0.11428571428571428,2,0.14285714285714285,0.14285714285714285,0.0,0.08695652173913043,0.0
LLGDFFRKVKEKIGKEFKRIVQR,amp_all_clean.csv,1,amp,0,23,0.11428571428571428,2,0.14285714285714285,0.14285714285714285,0.0,0.08695652173913043,0.0
ALYKKFKKKLLKSLKRLG,amp_all_clean.csv,1,amp,0,18,0.10833333333333334,2,0.16666666666666666,0.0,0.0,0.05555555555555555,0.0
RAVAVIIRLRRV,amp_all_clean.csv,1,amp,0,12,0.0,0,0.0,0.0,0.0,0.0,0.0
RRAAVVLIVIRR,amp_all_clean.csv,1,amp,0,12,0.0,0,0.0,0.0,0.0,0.0,0.0
VRLRIRVAVIRA,amp_all_clean.csv,1,amp,0,12,0.0,0,0.0,0.0,0.0,0.0,0.0
VRFRIRVAVIRA,amp_all_clean.csv,1,amp,0,12,0.0,0,0.0,0.0,0.0,0.0,0.0
VRWRIRVAVIRA,amp_all_clean.csv,1,amp,0,12,0.0,0,0.0,0.0,0.0,0.0,0.0
VRLWIRVAVIRA,amp_all_clean.csv,1,amp,1,12,0.0,0,0.0,0.0,0.0,0.0,0.0
VRLRIRVAVRRA,amp_all_clean.csv,1,amp,0,12,0.0,0,0.0,0.0,0.0,0.0,0.0
VRLRIRVAVIRK,amp_all_clean.csv,1,amp,0,12,0.0,0,0.0,0.0,0.0,0.0,0.0
VQLRIRVRVIRK,amp_all_clean.csv,1,amp,0,12,0.0,0,0.0,0.0,0.0,0.0,0.0
VRLRIRVRVIRK,amp_all_clean.csv,1,amp,0,12,0.0,0,0.0,0.0,0.0,0.0,0.0
KQFRIRVRVIRK,amp_all_clean.csv,1,amp,0,12,0.0,0,0.0,0.0,0.0,0.0,0.0
KRFRIRVRVIRK,amp_all_clean.csv,1,amp,0,12,0.0,0,0.0,0.0,0.0,0.0,0.0
KRWRIRVRVIRK,amp_all_clean.csv,1,amp,0,12,0.0,0,0.0,0.0,0.0,0.0,0.0
ALRLAIRKR,amp_all_clean.csv,1,amp,0,9,0.0,0,0.0,0.0,0.0,0.0,0.0
ALLLAIRKR,amp_all_clean.csv,1,amp,0,9,0.0,0,0.0,0.0,0.0,0.0,0.0
AWLLAIRKR,amp_all_clean.csv,1,amp,0,9,0.0,0,0.0,0.0,0.0,0.0,0.0
ALYLAIRKR,amp_all_clean.csv,1,amp,0,9,0.0,0,0.0,0.0,0.0,0.0,0.0
ALWLAIRKR,amp_all_clean.csv,1,amp,0,9,0.0,0,0.0,0.0,0.0,0.0,0.0
LKLLKKLLKLLKKL,amp_all_clean.csv,1,amp,0,14,0.0,0,0.0,0.0,0.0,0.0,0.0
LKLLKKLLKLLKKLGK,amp_all_clean.csv,1,amp,0,16,0.13,2,0.2,0.0,0.0,0.0625,0.0
LKLLKKLLKLLKKLGGK,amp_all_clean.csv,1,amp,0,17,0.16,2,0.2,0.2,0.0,0.11764705882352941,0.0
LKLLKKLLKLLKKLGGGK,amp_all_clean.csv,1,amp,0,18,0.13833333333333334,2,0.16666666666666666,0.2,0.0,0.16666666666666666,0.0
KGLKKLLKLLKKLLKL,amp_all_clean.csv,1,amp,0,16,0.16,1,0.2,0.2,0.0,0.0625,0.0
LKKLLKKLKK,amp_all_clean.csv,1,amp,0,10,0.0,0,0.0,0.0,0.0,0.0,0.0
LKKLLKKLKKLL,amp_all_clean.csv,1,amp,0,12,0.0,0,0.0,0.0,0.0,0.0,0.0
LKKLLKKLKKLLKK,amp_all_clean.csv,1,amp,0,14,0.0,0,0.0,0.0,0.0,0.0,0.0
SNMIEGVFAKGFKKASHLFKGIG,amp_all_clean.csv,1,amp,0,23,0.22857142857142856,2,0.2857142857142857,0.2857142857142857,0.0,0.17391304347826086,0.0
SNMIEGVFAKGFKKASH,amp_all_clean.csv,1,amp,0,17,0.16,2,0.2,0.2,0.0,0.11764705882352941,0.0
RRLCRIVVIRVCRR,amp_all_clean.csv,1,amp,0,14,0.0,0,0.0,0.0,0.0,0.0,0.0
RRRCPIVVIRVCRR,amp_all_clean.csv,1,amp,0,14,0.025,0,0.0,0.0,0.125,0.0,0.07142857142857142
RRRLCPIVIRVCRR,amp_all_clean.csv,1,amp,0,14,0.025,0,0.0,0.0,0.125,0.0,0.07142857142857142
RICRIVVIRCIR,amp_all_clean.csv,1,amp,0,12,0.0,0,0.0,0.0,0.0,0.0,0.0
RLCPRVRIRVCR,amp_all_clean.csv,1,amp,0,12,0.03333333333333333,1,0.0,0.0,0.16666666666666666,0.0,0.08333333333333333
RLCRIVPVIRVCR,amp_all_clean.csv,1,amp,0,13,0.03333333333333333,2,0.0,0.0,0.16666666666666666,0.0,0.07692307692307693
RLCRIVWVIRVCR,amp_all_clean.csv,1,amp,0,13,0.0,0,0.0,0.0,0.0,0.0,0.0
RRLCRIVWVIRVCRR,amp_all_clean.csv,1,amp,0,15,0.0,0,0.0,0.0,0.0,0.0,0.0
RLSRIVVIRVSR,amp_all_clean.csv,1,amp,0,12,0.0,0,0.0,0.0,0.0,0.0,0.0
RLSRIVVIRVCR,amp_all_clean.csv,1,amp,0,12,0.0,0,0.0,0.0,0.0,0.0,0.0
CVKCKCKCGSGVKVKVKVC,amp_all_clean.csv,1,amp,1,19,0.13833333333333334,2,0.16666666666666666,0.2,0.0,0.10526315789473684,0.0
CVKVSVKVGSGVKVSVKVC,amp_all_clean.csv,1,amp,0,19,0.13833333333333334,2,0.16666666666666666,0.2,0.0,0.10526315789473684,0.0
CVKVRVKVGSGVKVRVKVC,amp_all_clean.csv,1,amp,0,19,0.13833333333333334,2,0.16666666666666666,0.2,0.0,0.10526315789473684,0.0
CVKVQVKVGSGVKVQVKVC,amp_all_clean.csv,1,amp,0,19,0.13833333333333334,2,0.16666666666666666,0.2,0.0,0.10526315789473684,0.0
CAKAKAKAGSGAKAKAKAC,amp_all_clean.csv,1,amp,0,19,0.13833333333333334,2,0.16666666666666666,0.2,0.0,0.10526315789473684,0.0
CFKFKFKFGSGFKFKFKFC,amp_all_clean.csv,1,amp,0,19,0.13833333333333334,2,0.16666666666666666,0.2,0.0,0.10526315789473684,0.0
CWKWKWKWGSGWKWKWKWC,amp_all_clean.csv,1,amp,0,19,0.13833333333333334,2,0.16666666666666666,0.2,0.0,0.10526315789473684,0.0
PFWRIRIRR,amp_all_clean.csv,1,amp,0,9,0.0,0,0.0,0.0,0.0,0.0,0.1111111111111111
AKKVFKRLEKLFSKIQNWK,amp_all_clean.csv,1,amp,0,19,0.0,0,0.0,0.0,0.0,0.0,0.0
AKKVFKRLEKLFSKIWNDK,amp_all_clean.csv,1,amp,0,19,0.0,0,0.0,0.0,0.0,0.0,0.0
AKKVFKRLEKLFSKIWNWK,amp_all_clean.csv,1,amp,0,19,0.0,0,0.0,0.0,0.0,0.0,0.0
AKKVFKRLEKSFSKIQNDK,amp_all_clean.csv,1,amp,0,19,0.0,0,0.0,0.0,0.0,0.0,0.0
AKKVSKRLEKLFSKIQNDK,amp_all_clean.csv,1,amp,0,19,0.0,0,0.0,0.0,0.0,0.0,0.0
AKKVFKRLEKLFSKIFNFK,amp_all_clean.csv,1,amp,0,19,0.0,0,0.0,0.0,0.0,0.0,0.0
AKKVFKRLEKLFSKIYNYK,amp_all_clean.csv,1,amp,0,19,0.0,0,0.0,0.0,0.0,0.0,0.0
GIGKFLKKAKKFGKAFVKILKK,amp_all_clean.csv,1,amp,1,22,0.20535714285714285,0,0.25,0.2857142857142857,0.0,0.13636363636363635,0.0
EQEENVVKIQAFWKGYKQRKEYM,amp_all_clean.csv,1,amp,0,23,0.11428571428571428,2,0.14285714285714285,0.14285714285714285,0.0,0.043478260869565216,0.0
ANVGFVIQLQARLRGFLVRQKFA,amp_all_clean.csv,1,amp,0,23,0.11428571428571428,2,0.14285714285714285,0.14285714285714285,0.0,0.08695652173913043,0.0
TWLPAVIKIQAHWRGYRQRKIYL,amp_all_clean.csv,1,amp,0,23,0.1285714285714286,2,0.14285714285714285,0.14285714285714285,0.07142857142857142,0.043478260869565216,0.043478260869565216
ANLDAIIKIQAWARMWAARRQYL,amp_all_clean.csv,1,amp,0,23,0.0,0,0.0,0.0,0.0,0.0,0.0
KNVNSIVKIQAFFRARKAQDDYR,amp_all_clean.csv,1,amp,0,23,0.0,0,0.0,0.0,0.0,0.0,0.0
KWKSFIKKLTSKFLHLAKKF,amp_all_clean.csv,1,amp,0,20,0.0,0,0.0,0.0,0.0,0.0,0.0
KWKSFIKKLTSKFLHSAKKF,amp_all_clean.csv,1,amp,0,20,0.0,0,0.0,0.0,0.0,0.0,0.0
KFKSFIKKLTSKFLHSAKKF,amp_all_clean.csv,1,amp,0,20,0.0,0,0.0,0.0,0.0,0.0,0.0
KWNSFIKKLTSKFLHSAKKF,amp_all_clean.csv,1,amp,0,20,0.0,0,0.0,0.0,0.0,0.0,0.0
KWKSFKKKLTSKFLHSAKKF,amp_all_clean.csv,1,amp,1,20,0.0,0,0.0,0.0,0.0,0.0,0.0
KWKSFINKLTSKFLHSAKKF,amp_all_clean.csv,1,amp,0,20,0.0,0,0.0,0.0,0.0,0.0,0.0
KWKSFIKKAKTSFLHSAKKF,amp_all_clean.csv,1,amp,0,20,0.0,0,0.0,0.0,0.0,0.0,0.0
KWKSFIKKSTSKFLHSAKKF,amp_all_clean.csv,1,amp,0,20,0.0,0,0.0,0.0,0.0,0.0,0.0
KWKSFIKKLLSKFLHSAKKF,amp_all_clean.csv,1,amp,0,20,0.0,0,0.0,0.0,0.0,0.0,0.0
KWKSFIKKLASKFLHSAKKF,amp_all_clean.csv,1,amp,0,20,0.0,0,0.0,0.0,0.0,0.0,0.0
KWKSFIKKLTDKFLHSAKKF,amp_all_clean.csv,1,amp,0,20,0.0,0,0.0,0.0,0.0,0.0,0.0
KWKSFIKKLTKKFLHSAKKF,amp_all_clean.csv,1,amp,1,20,0.0,0,0.0,0.0,0.0,0.0,0.0
KWKSFIKKLTSKALHSAKKF,amp_all_clean.csv,1,amp,0,20,0.0,0,0.0,0.0,0.0,0.0,0.0
KWKSFIKKLTSKFLHSKKKF,amp_all_clean.csv,1,amp,1,20,0.0,0,0.0,0.0,0.0,0.0,0.0
KWKSFIKKLTSKFLHSADKF,amp_all_clean.csv,1,amp,0,20,0.0,0,0.0,0.0,0.0,0.0,0.0
KWKSFIKKLTSKFLHSANKF,amp_all_clean.csv,1,amp,0,20,0.0,0,0.0,0.0,0.0,0.0,0.0
KWKSFIKKLTSKFLHSAKKN,amp_all_clean.csv,1,amp,0,20,0.0,0,0.0,0.0,0.0,0.0,0.0
SGKLCCRRKK,amp_all_clean.csv,1,amp,0,10,0.26666666666666666,1,0.3333333333333333,0.3333333333333333,0.0,0.1,0.0
SGKLYYRRKK,amp_all_clean.csv,1,amp,0,10,0.26666666666666666,1,0.3333333333333333,0.3333333333333333,0.0,0.1,0.0
SGKLWWRRKK,amp_all_clean.csv,1,amp,0,10,0.26666666666666666,1,0.3333333333333333,0.3333333333333333,0.0,0.1,0.0
SGKRWWRRKK,amp_all_clean.csv,1,amp,0,10,0.26666666666666666,1,0.3333333333333333,0.3333333333333333,0.0,0.1,0.0
RGKRWWRRKK,amp_all_clean.csv,1,amp,0,10,0.26666666666666666,1,0.3333333333333333,0.3333333333333333,0.0,0.1,0.0
RWKRWWRRKK,amp_all_clean.csv,1,amp,0,10,0.0,0,0.0,0.0,0.0,0.0,0.0
RKKRWWRRKK,amp_all_clean.csv,1,amp,0,10,0.0,0,0.0,0.0,0.0,0.0,0.0
LRRLWLRANRL,amp_all_clean.csv,1,amp,0,11,0.0,0,0.0,0.0,0.0,0.0,0.0
LRRLWLRANRLLRRLWLRANRL,amp_all_clean.csv,1,amp,0,22,0.0,0,0.0,0.0,0.0,0.0,0.0
APRKNVRW,amp_all_clean.csv,1,amp,0,8,0.05,0,0.0,0.0,0.25,0.0,0.125
APRKNVRF,amp_all_clean.csv,1,amp,0,8,0.05,0,0.0,0.0,0.25,0.0,0.125
APRKNVKW,amp_all_clean.csv,1,amp,0,8,0.05,0,0.0,0.0,0.25,0.0,0.125
APRKNLKW,amp_all_clean.csv,1,amp,0,8,0.05,0,0.0,0.0,0.25,0.0,0.125
APRKQLKW,amp_all_clean.csv,1,amp,0,8,0.05,0,0.0,0.0,0.25,0.0,0.125
APRRQLKW,amp_all_clean.csv,1,amp,0,8,0.05,0,0.0,0.0,0.25,0.0,0.125
APKKQLKW,amp_all_clean.csv,1,amp,0,8,0.05,0,0.0,0.0,0.25,0.0,0.125
AFRKQLKW,amp_all_clean.csv,1,amp,0,8,0.0,0,0.0,0.0,0.0,0.0,0.0
LFRKQLKW,amp_all_clean.csv,1,amp,0,8,0.0,0,0.0,0.0,0.0,0.0,0.0
WFRKQLKW,amp_all_clean.csv,1,amp,0,8,0.0,0,0.0,0.0,0.0,0.0,0.0
IKRFWPVVIRTVVAGYNLYRAIKKK,amp_all_clean.csv,1,amp,0,25,0.10267857142857142,2,0.125,0.14285714285714285,0.0,0.04,0.04
KRFWPVVIRTVVAGYNLYRAIKKK,amp_all_clean.csv,1,amp,0,24,0.10267857142857142,1,0.125,0.14285714285714285,0.0,0.041666666666666664,0.041666666666666664
RFWPVVIRTVVAGYNLYRAIKKK,amp_all_clean.csv,1,amp,0,23,0.10267857142857142,0,0.125,0.14285714285714285,0.0,0.043478260869565216,0.043478260869565216
FWPVVIRTVVAGYNLYRAIKKK,amp_all_clean.csv,1,amp,0,22,0.11785714285714285,2,0.14285714285714285,0.16666666666666666,0.0,0.045454545454545456,0.045454545454545456
WPVVIRTVVAGYNLYRAIKKK,amp_all_clean.csv,1,amp,0,21,0.11785714285714285,1,0.14285714285714285,0.16666666666666666,0.0,0.047619047619047616,0.047619047619047616
PVVIRTVVAGYNLYRAIKKK,amp_all_clean.csv,1,amp,0,20,0.11785714285714285,0,0.14285714285714285,0.16666666666666666,0.0,0.05,0.05
VVIRTVVAGYNLYRAIKKK,amp_all_clean.csv,1,amp,0,19,0.13833333333333334,2,0.16666666666666666,0.2,0.0,0.05263157894736842,0.0
VIRTVVAGYNLYRAIKKK,amp_all_clean.csv,1,amp,0,18,0.13833333333333334,1,0.16666666666666666,0.2,0.0,0.05555555555555555,0.0
RIKRFWPVVIRTVVAGYNLYRAIKK,amp_all_clean.csv,1,amp,0,25,0.09097222222222222,0,0.1111111111111111,0.125,0.0,0.04,0.04
RIKRFWPVVIRTVVAGYNLYRAIK,amp_all_clean.csv,1,amp,0,24,0.1,0,0.125,0.125,0.0,0.041666666666666664,0.041666666666666664
RIKRFWPVVIRTVVAGYNLYRAI,amp_all_clean.csv,1,amp,0,23,0.10267857142857142,0,0.125,0.14285714285714285,0.0,0.043478260869565216,0.043478260869565216
RIKRFWPVVIRTVVAGYNLYRA,amp_all_clean.csv,1,amp,0,22,0.10267857142857142,0,0.125,0.14285714285714285,0.0,0.045454545454545456,0.045454545454545456
RIKRFWPVVIRTVVAGYNLYR,amp_all_clean.csv,1,amp,0,21,0.11428571428571428,0,0.14285714285714285,0.14285714285714285,0.0,0.047619047619047616,0.047619047619047616
RIKRFWPVVIRTVVAGYNLY,amp_all_clean.csv,1,amp,0,20,0.11785714285714285,0,0.14285714285714285,0.16666666666666666,0.0,0.05,0.05
RIKRFWPVVIRTVVAGYNL,amp_all_clean.csv,1,amp,0,19,0.11785714285714285,0,0.14285714285714285,0.16666666666666666,0.0,0.05263157894736842,0.05263157894736842
RIKRFWPVVIRTVVAGYN,amp_all_clean.csv,1,amp,0,18,0.13333333333333333,0,0.16666666666666666,0.16666666666666666,0.0,0.05555555555555555,0.05555555555555555
RIKRFWPVVIRTVVAGY,amp_all_clean.csv,1,amp,0,17,0.10833333333333334,0,0.16666666666666666,0.0,0.0,0.058823529411764705,0.058823529411764705
RIKRFWPVVIRTVVAG,amp_all_clean.csv,1,amp,0,16,0.10833333333333334,0,0.16666666666666666,0.0,0.0,0.0625,0.0625
RIKRFWPVVIRTVV,amp_all_clean.csv,1,amp,0,14,0.025,1,0.0,0.0,0.125,0.0,0.07142857142857142
RIKRFWPVVIRT,amp_all_clean.csv,1,amp,0,12,0.03333333333333333,1,0.0,0.0,0.16666666666666666,0.0,0.08333333333333333
RIKRFWPVVIR,amp_all_clean.csv,1,amp,0,11,0.03333333333333333,1,0.0,0.0,0.16666666666666666,0.0,0.09090909090909091
KKWLKKWLK,amp_all_clean.csv,1,amp,0,9,0.0,0,0.0,0.0,0.0,0.0,0.0
LKWLKKWLK,amp_all_clean.csv,1,amp,0,9,0.0,0,0.0,0.0,0.0,0.0,0.0
LKWLLKWLK,amp_all_clean.csv,1,amp,0,9,0.0,0,0.0,0.0,0.0,0.0,0.0
LKWLLKWLL,amp_all_clean.csv,1,amp,1,9,0.0,0,0.0,0.0,0.0,0.0,0.0
LKKWLKKWLKK,amp_all_clean.csv,1,amp,0,11,0.0,0,0.0,0.0,0.0,0.0,0.0
LLKWLKKWLKK,amp_all_clean.csv,1,amp,0,11,0.0,0,0.0,0.0,0.0,0.0,0.0
LLKWLLKWLKK,amp_all_clean.csv,1,amp,0,11,0.0,0,0.0,0.0,0.0,0.0,0.0
LLKWLLKWLLK,amp_all_clean.csv,1,amp,1,11,0.0,0,0.0,0.0,0.0,0.0,0.0
GLLSLLSLLGKLL,amp_all_clean.csv,1,amp,0,13,0.335,0,0.4,0.5,0.0,0.15384615384615385,0.0
GLLPLLSLLGKLL,amp_all_clean.csv,1,amp,0,13,0.335,0,0.4,0.5,0.0,0.15384615384615385,0.07692307692307693
WLKKLLKKLLK,amp_all_clean.csv,1,amp,0,11,0.0,0,0.0,0.0,0.0,0.0,0.0
KWLKKLLKKLL,amp_all_clean.csv,1,amp,0,11,0.0,0,0.0,0.0,0.0,0.0,0.0
LKWLKKLLKKL,amp_all_clean.csv,1,amp,0,11,0.0,0,0.0,0.0,0.0,0.0,0.0
LLKWLKKLLKK,amp_all_clean.csv,1,amp,0,11,0.0,0,0.0,0.0,0.0,0.0,0.0
KLLKWLKKLLK,amp_all_clean.csv,1,amp,0,11,0.0,0,0.0,0.0,0.0,0.0,0.0
LKKLLKWLKKL,amp_all_clean.csv,1,amp,0,11,0.0,0,0.0,0.0,0.0,0.0,0.0
LLKKLLKWLKK,amp_all_clean.csv,1,amp,0,11,0.0,0,0.0,0.0,0.0,0.0,0.0
KLLKKLLKWLK,amp_all_clean.csv,1,amp,0,11,0.0,0,0.0,0.0,0.0,0.0,0.0
KKLLKKLLKWL,amp_all_clean.csv,1,amp,0,11,0.0,0,0.0,0.0,0.0,0.0,0.0
LKKLLKKLLKW,amp_all_clean.csv,1,amp,0,11,0.0,0,0.0,0.0,0.0,0.0,0.0
RQIRIWFQNRRMRWRR,amp_all_clean.csv,1,amp,0,16,0.0,0,0.0,0.0,0.0,0.0,0.0
KQIKIWFQNKKMKWKK,amp_all_clean.csv,1,amp,0,16,0.0,0,0.0,0.0,0.0,0.0,0.0
RQIKIWFQNRRLKWKK,amp_all_clean.csv,1,amp,0,16,0.0,0,0.0,0.0,0.0,0.0,0.0
KIWFQNRRMKWKK,amp_all_clean.csv,1,amp,0,13,0.0,0,0.0,0.0,0.0,0.0,0.0
RIWFQNRRMRWRR,amp_all_clean.csv,1,amp,0,13,0.0,0,0.0,0.0,0.0,0.0,0.0
KIWFQNKKMKWKK,amp_all_clean.csv,1,amp,0,13,0.0,0,0.0,0.0,0.0,0.0,0.0
RWFKIQMQIRRWKNKK,amp_all_clean.csv,1,amp,0,16,0.0,0,0.0,0.0,0.0,0.0,0.0
RWFKIQLQIRRWKNKK,amp_all_clean.csv,1,amp,0,16,0.0,0,0.0,0.0,0.0,0.0,0.0
KWFKIQLQIKKWKNKK,amp_all_clean.csv,1,amp,0,16,0.0,0,0.0,0.0,0.0,0.0,0.0
RWFRIQLQIRRWRNRR,amp_all_clean.csv,1,amp,0,16,0.0,0,0.0,0.0,0.0,0.0,0.0
WRRRRRRR,amp_all_clean.csv,1,amp,0,8,0.0,0,0.0,0.0,0.0,0.0,0.0
WGRKKRRQRRRPPQ,amp_all_clean.csv,1,amp,0,14,0.2175,1,0.2,0.25,0.25,0.07142857142857142,0.14285714285714285
GIGKHVGKALKGLKGLLKGLGES,amp_all_clean.csv,1,amp,0,23,0.45714285714285713,2,0.5714285714285714,0.5714285714285714,0.0,0.30434782608695654,0.0
GIGKHVGKALKGLKGLLKGLGEC,amp_all_clean.csv,1,amp,0,23,0.45714285714285713,2,0.5714285714285714,0.5714285714285714,0.0,0.30434782608695654,0.0
GLKGLLGKALKGIGKHIGKAQGC,amp_all_clean.csv,1,amp,0,23,0.3892857142857143,0,0.5,0.42857142857142855,0.0,0.30434782608695654,0.0
KKLFKKILKYL,amp_all_clean.csv,1,amp,0,11,0.0,0,0.0,0.0,0.0,0.0,0.0
RRLFRRILRYL,amp_all_clean.csv,1,amp,0,11,0.0,0,0.0,0.0,0.0,0.0,0.0
RRLFRRILRWL,amp_all_clean.csv,1,amp,0,11,0.0,0,0.0,0.0,0.0,0.0,0.0
KQSHKKGGHSFPKEKIS,amp_all_clean.csv,1,amp,0,17,0.15833333333333335,0,0.16666666666666666,0.2,0.1,0.11764705882352941,0.058823529411764705
KMDSRWRWKSSKK,amp_all_clean.csv,1,amp,0,13,0.0,0,0.0,0.0,0.0,0.0,0.0
KIFGAIWPLALGALKNLIK,amp_all_clean.csv,1,amp,0,19,0.15833333333333335,2,0.16666666666666666,0.2,0.1,0.10526315789473684,0.05263157894736842
KSSTRGRKSSRRKK,amp_all_clean.csv,1,amp,0,14,0.2,2,0.25,0.25,0.0,0.07142857142857142,0.0
RGRKSSRRKK,amp_all_clean.csv,1,amp,0,10,0.26666666666666666,1,0.3333333333333333,0.3333333333333333,0.0,0.1,0.0
RGRKSSRRK,amp_all_clean.csv,1,amp,0,9,0.2916666666666667,1,0.3333333333333333,0.5,0.0,0.1111111111111111,0.0
KYYSRVRGGRSAVLSSLDK,amp_all_clean.csv,1,amp,0,19,0.13833333333333334,2,0.16666666666666666,0.2,0.0,0.10526315789473684,0.0
GIINTLQKYYSRVRGGR,amp_all_clean.csv,1,amp,0,17,0.24666666666666667,0,0.3333333333333333,0.2,0.0,0.17647058823529413,0.0
RPDKPRPYLPRPRPPRPVR,amp_all_clean.csv,1,amp,0,19,0.1,0,0.0,0.0,0.5,0.0,0.42105263157894735
GKPRPYLPRPTSHPRPIRV,amp_all_clean.csv,1,amp,0,19,0.1845238095238095,0,0.14285714285714285,0.16666666666666666,0.3333333333333333,0.05263157894736842,0.3157894736842105
VDKGSYLPRPTSHPRPIRV,amp_all_clean.csv,1,amp,0,19,0.15119047619047618,0,0.14285714285714285,0.16666666666666666,0.16666666666666666,0.05263157894736842,0.21052631578947367
GLLRRLRKKIGEIFKKYG,amp_all_clean.csv,1,amp,0,18,0.13833333333333334,1,0.16666666666666666,0.2,0.0,0.16666666666666666,0.0
GRFRRLGRKFKKLFKKYGP,amp_all_clean.csv,1,amp,1,19,0.2357142857142857,0,0.2857142857142857,0.3333333333333333,0.0,0.15789473684210525,0.05263157894736842
GLLRRLRDFLKKIGEKFKKIGY,amp_all_clean.csv,1,amp,0,22,0.11428571428571428,1,0.14285714285714285,0.14285714285714285,0.0,0.13636363636363635,0.0
GILSKLGKALKKAAKHAAKA,amp_all_clean.csv,1,amp,0,20,0.2357142857142857,0,0.2857142857142857,0.3333333333333333,0.0,0.1,0.0
GLRKRLRKARNKIKEKLKKI,amp_all_clean.csv,1,amp,1,20,0.11785714285714285,0,0.14285714285714285,0.16666666666666666,0.0,0.05,0.0
GLRKRLRKFRNKIKQKLKKI,amp_all_clean.csv,1,amp,1,20,0.11785714285714285,0,0.14285714285714285,0.16666666666666666,0.0,0.05,0.0
FLGVVFKLASKVFPAVFGKV,amp_all_clean.csv,1,amp,0,20,0.2833333333333333,2,0.3333333333333333,0.3333333333333333,0.08333333333333333,0.1,0.05
FLFRVASKVFPALIGKFKKK,amp_all_clean.csv,1,amp,0,20,0.15,2,0.16666666666666666,0.16666666666666666,0.08333333333333333,0.05,0.05
LGALFRVASKVFPAVISMVK,amp_all_clean.csv,1,amp,0,20,0.13452380952380952,1,0.14285714285714285,0.16666666666666666,0.08333333333333333,0.05,0.05
GLFDKLKSLVSDF,amp_all_clean.csv,1,amp,0,13,0.1675,0,0.2,0.25,0.0,0.07692307692307693,0.0
GLFDIVKKLVSDF,amp_all_clean.csv,1,amp,0,13,0.1675,0,0.2,0.25,0.0,0.07692307692307693,0.0
FFHLHFHY,amp_all_clean.csv,1,amp,0,8,0.0,0,0.0,0.0,0.0,0.0,0.0
ERPPGFSPFR,amp_all_clean.csv,1,amp,0,10,0.3333333333333333,1,0.3333333333333333,0.3333333333333333,0.3333333333333333,0.1,0.3
KLKLLLLL,amp_all_clean.csv,1,amp,1,8,0.0,0,0.0,0.0,0.0,0.0,0.0
KLKLLLLLKLK,amp_all_clean.csv,1,amp,0,11,0.0,0,0.0,0.0,0.0,0.0,0.0
RLKLLLLLRLK,amp_all_clean.csv,1,amp,0,11,0.0,0,0.0,0.0,0.0,0.0,0.0
RLKLLLLRLK,amp_all_clean.csv,1,amp,0,10,0.0,0,0.0,0.0,0.0,0.0,0.0
RLKLLLRLK,amp_all_clean.csv,1,amp,0,9,0.0,0,0.0,0.0,0.0,0.0,0.0
LLLFLLKKRKKRKY,amp_all_clean.csv,1,amp,0,14,0.0,0,0.0,0.0,0.0,0.0,0.0
KRLFKKLLFSLRKY,amp_all_clean.csv,1,amp,0,14,0.0,0,0.0,0.0,0.0,0.0,0.0
KEEQIGKSSTRGRKSSRRKK,amp_all_clean.csv,1,amp,0,20,0.26666666666666666,2,0.3333333333333333,0.3333333333333333,0.0,0.1,0.0
KIGAKIKIGAKIKIGAKI,amp_all_clean.csv,1,amp,0,18,0.41500000000000004,2,0.5,0.6,0.0,0.16666666666666666,0.0
KIAGKIAKIAGKIAKIAGKIA,amp_all_clean.csv,1,amp,0,21,0.11785714285714285,1,0.14285714285714285,0.16666666666666666,0.0,0.14285714285714285,0.0
KLAGLAKKLAGLAKKLAGLAK,amp_all_clean.csv,1,amp,0,21,0.11785714285714285,1,0.14285714285714285,0.16666666666666666,0.0,0.14285714285714285,0.0
RRWVRRVRRWVRRVVRVVRRWVRR,amp_all_clean.csv,1,amp,1,24,0.0,0,0.0,0.0,0.0,0.0,0.0
LALLKVLLRKIKKAL,amp_all_clean.csv,1,amp,0,15,0.0,0,0.0,0.0,0.0,0.0,0.0
ALKAALLAILKIVRVIKK,amp_all_clean.csv,1,amp,1,18,0.0,0,0.0,0.0,0.0,0.0,0.0
LLAILLLALLALRKKVLA,amp_all_clean.csv,1,amp,1,18,0.0,0,0.0,0.0,0.0,0.0,0.0
KWKSFIKKLTSAAKKVVTTAKPLISS,amp_all_clean.csv,1,amp,0,26,0.0125,1,0.0,0.0,0.0625,0.0,0.038461538461538464
KWKSFIKKLTTAVKKVLTTGLPALIS,amp_all_clean.csv,1,amp,0,26,0.10347222222222222,1,0.1111111111111111,0.125,0.0625,0.038461538461538464,0.038461538461538464
KWKSFIKKLPSAAKKVTTAAKPLTK,amp_all_clean.csv,1,amp,0,25,0.02857142857142857,2,0.0,0.0,0.14285714285714285,0.0,0.08
KWKKFIKKIGIGAVLKVLTTGLPALKLTKK,amp_all_clean.csv,1,amp,1,30,0.17444444444444443,2,0.2,0.2222222222222222,0.05555555555555555,0.1,0.03333333333333333
KKWKKFIKKIGIGAVLTTPGAKK,amp_all_clean.csv,1,amp,0,23,0.21964285714285714,1,0.25,0.2857142857142857,0.07142857142857142,0.13043478260869565,0.043478260869565216
KWKSFIKNLTKGGSKILTTGLPALIS,amp_all_clean.csv,1,amp,0,26,0.1125,2,0.125,0.125,0.0625,0.11538461538461539,0.038461538461538464
KWKKFIKNLTKGGSKILTTGLPALIS,amp_all_clean.csv,1,amp,0,26,0.1125,2,0.125,0.125,0.0625,0.11538461538461539,0.038461538461538464
KWKSFIKKLTSAAKKVLTTGLPALIS,amp_all_clean.csv,1,amp,0,26,0.10347222222222222,1,0.1111111111111111,0.125,0.0625,0.038461538461538464,0.038461538461538464
KKWWKFIKKAVNSGTTGLQTLAS,amp_all_clean.csv,1,amp,0,23,0.20535714285714285,1,0.25,0.2857142857142857,0.0,0.08695652173913043,0.0
KWKSFIKKLTSVLKKVVTTAKPLISS,amp_all_clean.csv,1,amp,0,26,0.0125,1,0.0,0.0,0.0625,0.0,0.038461538461538464
KKKSFIKLLTSAKVSVLTTAKPLISS,amp_all_clean.csv,1,amp,0,26,0.0125,1,0.0,0.0,0.0625,0.0,0.038461538461538464
WKVFKSFIKKASSFAQSVLD,amp_all_clean.csv,1,amp,0,20,0.0,0,0.0,0.0,0.0,0.0,0.0
ILKKWPWWPWRRK,amp_all_clean.csv,1,amp,0,13,0.05,0,0.0,0.0,0.25,0.0,0.15384615384615385
KWKSFIKKLPSAAKKVVTTAKPLALIS,amp_all_clean.csv,1,amp,0,27,0.025,1,0.0,0.0,0.125,0.0,0.07407407407407407
KWKSFIKKLPKAAKKVVTTAKKPLIV,amp_all_clean.csv,1,amp,1,26,0.025,2,0.0,0.0,0.125,0.0,0.07692307692307693
KWKKFIKSLTKSAAKTVVKTAKKPLIV,amp_all_clean.csv,1,amp,1,27,0.0125,1,0.0,0.0,0.0625,0.0,0.037037037037037035
KWKLFKKIGIGAVLKVLTTGLPALKLTLK,amp_all_clean.csv,1,amp,0,29,0.17444444444444443,1,0.2,0.2222222222222222,0.05555555555555555,0.10344827586206896,0.034482758620689655
KLFKKIGIGAVLKVLTTGLPALKLTK,amp_all_clean.csv,1,amp,0,26,0.21250000000000002,2,0.25,0.25,0.0625,0.11538461538461539,0.038461538461538464
KWKFKKIGIGAVLKVLTTGLPALKLTLK,amp_all_clean.csv,1,amp,0,28,0.17444444444444443,0,0.2,0.2222222222222222,0.05555555555555555,0.10714285714285714,0.03571428571428571
KLWKLFKKIGIGAVLKVLTTGLPALKLTK,amp_all_clean.csv,1,amp,0,29,0.18888888888888886,2,0.2222222222222222,0.2222222222222222,0.05555555555555555,0.10344827586206896,0.034482758620689655
AASKAAKTLAKLLSSLLKL,amp_all_clean.csv,1,amp,0,19,0.0,0,0.0,0.0,0.0,0.0,0.0
LLKKLLRAASKALSLL,amp_all_clean.csv,1,amp,0,16,0.0,0,0.0,0.0,0.0,0.0,0.0
AAKKLSKLLKTLLKLL,amp_all_clean.csv,1,amp,0,16,0.0,0,0.0,0.0,0.0,0.0,0.0
KALKKLLKLASSLLTAL,amp_all_clean.csv,1,amp,0,17,0.0,0,0.0,0.0,0.0,0.0,0.0
AASKALRTASRLARSLLT,amp_all_clean.csv,1,amp,0,18,0.0,0,0.0,0.0,0.0,0.0,0.0
LKLLKKLLKKLKKLL,amp_all_clean.csv,1,amp,0,15,0.0,0,0.0,0.0,0.0,0.0,0.0
VSSKYLSKVKVKAGK,amp_all_clean.csv,1,amp,0,15,0.13,1,0.2,0.0,0.0,0.06666666666666667,0.0
ARLAKKALRRLAKKD,amp_all_clean.csv,1,amp,0,15,0.0,0,0.0,0.0,0.0,0.0,0.0
GESLASKAAKAAER,amp_all_clean.csv,1,amp,0,14,0.1675,0,0.2,0.25,0.0,0.07142857142857142,0.0
ESLAKALSKEALKALK,amp_all_clean.csv,1,amp,0,16,0.0,0,0.0,0.0,0.0,0.0,0.0
LKALKKLAKKLKKLA,amp_all_clean.csv,1,amp,0,15,0.0,0,0.0,0.0,0.0,0.0,0.0
FASLLGKALKALAKQ,amp_all_clean.csv,1,amp,0,15,0.1675,2,0.2,0.25,0.0,0.06666666666666667,0.0
GWLLLEYIPVIAAL,amp_all_clean.csv,1,amp,1,14,0.1925,0,0.2,0.25,0.125,0.07142857142857142,0.07142857142857142
LSSALSALSSALSSK,amp_all_clean.csv,1,amp,0,15,0.0,0,0.0,0.0,0.0,0.0,0.0
EAALKAALDLAAKLA,amp_all_clean.csv,1,amp,1,15,0.0,0,0.0,0.0,0.0,0.0,0.0
ERSAAKSAARSLARR,amp_all_clean.csv,1,amp,0,15,0.0,0,0.0,0.0,0.0,0.0,0.0
EKTLARTAAKTALKK,amp_all_clean.csv,1,amp,0,15,0.0,0,0.0,0.0,0.0,0.0,0.0
EKAAAKSAAAKTLARR,amp_all_clean.csv,1,amp,0,16,0.0,0,0.0,0.0,0.0,0.0,0.0
VSSKYLSKALVKAGR,amp_all_clean.csv,1,amp,0,15,0.13,1,0.2,0.0,0.0,0.06666666666666667,0.0
FASLLGKALKALLAKLAKQ,amp_all_clean.csv,1,amp,0,19,0.13833333333333334,2,0.16666666666666666,0.2,0.0,0.05263157894736842,0.0
FASLLGKLAKKLAKKALK,amp_all_clean.csv,1,amp,0,18,0.13833333333333334,2,0.16666666666666666,0.2,0.0,0.05555555555555555,0.0
ESLKARSLKKSLKLKKLL,amp_all_clean.csv,1,amp,0,18,0.0,0,0.0,0.0,0.0,0.0,0.0
ETELAKKALKALKLKKLA,amp_all_clean.csv,1,amp,0,18,0.0,0,0.0,0.0,0.0,0.0,0.0
ELAKKALKALKKALKSAR,amp_all_clean.csv,1,amp,0,18,0.0,0,0.0,0.0,0.0,0.0,0.0
ELAKKALRALKKALKSAK,amp_all_clean.csv,1,amp,0,18,0.0,0,0.0,0.0,0.0,0.0,0.0
ETFAKKALKALEKLLKKG,amp_all_clean.csv,1,amp,0,18,0.10833333333333334,2,0.16666666666666666,0.0,0.0,0.05555555555555555,0.0
ESSLKKKALSKLSKLLKKG,amp_all_clean.csv,1,amp,0,19,0.09285714285714286,0,0.14285714285714285,0.0,0.0,0.05263157894736842,0.0
QKAASRLLRALSKLLEAF,amp_all_clean.csv,1,amp,0,18,0.0,0,0.0,0.0,0.0,0.0,0.0
QKALAKLAKKALKALAKQ,amp_all_clean.csv,1,amp,0,18,0.0,0,0.0,0.0,0.0,0.0,0.0
ESKAAKAAKKAAKAKASE,amp_all_clean.csv,1,amp,0,18,0.0,0,0.0,0.0,0.0,0.0,0.0
FFGKVLKLIRKIF,amp_all_clean.csv,1,amp,0,13,0.2125,2,0.25,0.3333333333333333,0.0,0.07692307692307693,0.0
IKWKKLLRAAKRIL,amp_all_clean.csv,1,amp,0,14,0.0,0,0.0,0.0,0.0,0.0,0.0
ALRLAIRRR,amp_all_clean.csv,1,amp,0,9,0.0,0,0.0,0.0,0.0,0.0,0.0
ALLLAIRRR,amp_all_clean.csv,1,amp,0,9,0.0,0,0.0,0.0,0.0,0.0,0.0
AWLLAIRRR,amp_all_clean.csv,1,amp,0,9,0.0,0,0.0,0.0,0.0,0.0,0.0
ALYLAIRRR,amp_all_clean.csv,1,amp,0,9,0.0,0,0.0,0.0,0.0,0.0,0.0
ALWLAIRRR,amp_all_clean.csv,1,amp,0,9,0.0,0,0.0,0.0,0.0,0.0,0.0
LCAAHCLAIGRR,amp_all_clean.csv,1,amp,0,12,0.2,0,0.25,0.25,0.0,0.08333333333333333,0.0
LCAAHCLAIRRR,amp_all_clean.csv,1,amp,0,12,0.0,0,0.0,0.0,0.0,0.0,0.0
LCAAHCLAILRR,amp_all_clean.csv,1,amp,0,12,0.0,0,0.0,0.0,0.0,0.0,0.0
LCAARCLAIGRR,amp_all_clean.csv,1,amp,0,12,0.2,0,0.25,0.25,0.0,0.08333333333333333,0.0
LCAALCLAIGRR,amp_all_clean.csv,1,amp,0,12,0.2,0,0.25,0.25,0.0,0.08333333333333333,0.0
LRAAHRLAIGRR,amp_all_clean.csv,1,amp,0,12,0.2,0,0.25,0.25,0.0,0.08333333333333333,0.0
LLAAHLLAIGRR,amp_all_clean.csv,1,amp,0,12,0.2,0,0.25,0.25,0.0,0.08333333333333333,0.0
AAHCLAIGRR,amp_all_clean.csv,1,amp,0,10,0.26666666666666666,1,0.3333333333333333,0.3333333333333333,0.0,0.1,0.0
AHCLAIGRR,amp_all_clean.csv,1,amp,0,9,0.26666666666666666,0,0.3333333333333333,0.3333333333333333,0.0,0.1111111111111111,0.0
HCLAIGRR,amp_all_clean.csv,1,amp,0,8,0.4,2,0.5,0.5,0.0,0.125,0.0
FLFSLIPKAIGGLISAFK,amp_all_clean.csv,1,amp,0,18,0.15833333333333335,1,0.16666666666666666,0.2,0.1,0.1111111111111111,0.05555555555555555
IGKEFKRIVQRIKDFLRNL,amp_all_clean.csv,1,amp,0,19,0.13333333333333333,1,0.16666666666666666,0.16666666666666666,0.0,0.05263157894736842,0.0
IGKKFKRIVQRIKDFLRNL,amp_all_clean.csv,1,amp,0,19,0.13333333333333333,1,0.16666666666666666,0.16666666666666666,0.0,0.05263157894736842,0.0
IGKKFKRIVQRIKKFLRNL,amp_all_clean.csv,1,amp,0,19,0.13333333333333333,1,0.16666666666666666,0.16666666666666666,0.0,0.05263157894736842,0.0
IGKKFKRIVQRIKKFLRKL,amp_all_clean.csv,1,amp,1,19,0.13333333333333333,1,0.16666666666666666,0.16666666666666666,0.0,0.05263157894736842,0.0
IGKKFKRIVKRIKKFLRKL,amp_all_clean.csv,1,amp,1,19,0.13333333333333333,1,0.16666666666666666,0.16666666666666666,0.0,0.05263157894736842,0.0
IGKLFKRIVQRIKKFLRNL,amp_all_clean.csv,1,amp,0,19,0.13333333333333333,1,0.16666666666666666,0.16666666666666666,0.0,0.05263157894736842,0.0
IGKLFKRIVQRILKFLRNL,amp_all_clean.csv,1,amp,0,19,0.13333333333333333,1,0.16666666666666666,0.16666666666666666,0.0,0.05263157894736842,0.0
IGKLFKRIVKRILKFLRKL,amp_all_clean.csv,1,amp,0,19,0.13333333333333333,1,0.16666666666666666,0.16666666666666666,0.0,0.05263157894736842,0.0
ILKLFKRIVKRILKFLRKL,amp_all_clean.csv,1,amp,0,19,0.0,0,0.0,0.0,0.0,0.0,0.0
IGKKWKRIVKRIKKFLRKL,amp_all_clean.csv,1,amp,1,19,0.13333333333333333,1,0.16666666666666666,0.16666666666666666,0.0,0.05263157894736842,0.0
IGKKFKRIVKRIKKWLRKL,amp_all_clean.csv,1,amp,1,19,0.13333333333333333,1,0.16666666666666666,0.16666666666666666,0.0,0.05263157894736842,0.0
RAGLQFPVGRLLRRLLRRLLR,amp_all_clean.csv,1,amp,0,21,0.2523809523809524,2,0.2857142857142857,0.3333333333333333,0.08333333333333333,0.09523809523809523,0.047619047619047616
RAGLQWPIGRLLRRLLRRLLR,amp_all_clean.csv,1,amp,0,21,0.2523809523809524,2,0.2857142857142857,0.3333333333333333,0.08333333333333333,0.09523809523809523,0.047619047619047616
RVVRQWPIGRVVRRVVRRVVR,amp_all_clean.csv,1,amp,0,21,0.13452380952380952,2,0.14285714285714285,0.16666666666666666,0.08333333333333333,0.047619047619047616,0.047619047619047616
KLLKQWPIGKLLKKLLKKLLK,amp_all_clean.csv,1,amp,0,21,0.13452380952380952,2,0.14285714285714285,0.16666666666666666,0.08333333333333333,0.047619047619047616,0.047619047619047616
KVVKQWPIGKVVKKVVKKVVK,amp_all_clean.csv,1,amp,0,21,0.13452380952380952,2,0.14285714285714285,0.16666666666666666,0.08333333333333333,0.047619047619047616,0.047619047619047616
INWKKLLDAAKQIL,amp_all_clean.csv,1,amp,0,14,0.0,0,0.0,0.0,0.0,0.0,0.0
INWLKAKKVAGMIL,amp_all_clean.csv,1,amp,0,14,0.1675,1,0.2,0.25,0.0,0.07142857142857142,0.0
GLFRALLRLLRSLWRLLLRA,amp_all_clean.csv,1,amp,0,20,0.11785714285714285,0,0.14285714285714285,0.16666666666666666,0.0,0.05,0.0
GLRRALLRLLRSLRRLLLRA,amp_all_clean.csv,1,amp,0,20,0.11785714285714285,0,0.14285714285714285,0.16666666666666666,0.0,0.05,0.0
KWKLFKKIGIGAVLKVLTTGLIALIS,amp_all_clean.csv,1,amp,0,26,0.18194444444444444,1,0.2222222222222222,0.25,0.0,0.11538461538461539,0.0
KWKLFKKIGIGAVLKVLTPGLPALKLTK,amp_all_clean.csv,1,amp,0,28,0.19999999999999998,1,0.2222222222222222,0.2222222222222222,0.1111111111111111,0.10714285714285714,0.07142857142857142
INWKKIFQKVKNLV,amp_all_clean.csv,1,amp,0,14,0.0,0,0.0,0.0,0.0,0.0,0.0
INWKKIFEKVKDLV,amp_all_clean.csv,1,amp,0,14,0.0,0,0.0,0.0,0.0,0.0,0.0
IDWKKIFEKVKNLV,amp_all_clean.csv,1,amp,0,14,0.0,0,0.0,0.0,0.0,0.0,0.0
IDWKKIFEKVKDLV,amp_all_clean.csv,1,amp,0,14,0.0,0,0.0,0.0,0.0,0.0,0.0
INWSKIFEKVKNLV,amp_all_clean.csv,1,amp,0,14,0.0,0,0.0,0.0,0.0,0.0,0.0
INWSSIFEKVKNLV,amp_all_clean.csv,1,amp,0,14,0.0,0,0.0,0.0,0.0,0.0,0.0
INWSSIFESVKNLV,amp_all_clean.csv,1,amp,0,14,0.0,0,0.0,0.0,0.0,0.0,0.0
INWSSIFESVSNLV,amp_all_clean.csv,1,amp,0,14,0.0,0,0.0,0.0,0.0,0.0,0.0
INWKKIFEKVSNLV,amp_all_clean.csv,1,amp,0,14,0.0,0,0.0,0.0,0.0,0.0,0.0
INWKKIFESVKNLV,amp_all_clean.csv,1,amp,0,14,0.0,0,0.0,0.0,0.0,0.0,0.0
INWKSIFEKVKNLV,amp_all_clean.csv,1,amp,0,14,0.0,0,0.0,0.0,0.0,0.0,0.0
NIWKKIFEKVKNLV,amp_all_clean.csv,1,amp,0,14,0.0,0,0.0,0.0,0.0,0.0,0.0
INWLKLGKKILGAI,amp_all_clean.csv,1,amp,0,14,0.2,2,0.25,0.25,0.0,0.14285714285714285,0.0
INWLRLGRRILGAL,amp_all_clean.csv,1,amp,0,14,0.2,2,0.25,0.25,0.0,0.14285714285714285,0.0
INFLKLGKKILGAL,amp_all_clean.csv,1,amp,0,14,0.2,2,0.25,0.25,0.0,0.14285714285714285,0.0
INWKKLGKKILGAL,amp_all_clean.csv,1,amp,0,14,0.2,2,0.25,0.25,0.0,0.14285714285714285,0.0
INSLKLGKKILGAL,amp_all_clean.csv,1,amp,0,14,0.2,2,0.25,0.25,0.0,0.14285714285714285,0.0
INWLKLGKKIISAL,amp_all_clean.csv,1,amp,0,14,0.1675,0,0.2,0.25,0.0,0.07142857142857142,0.0
INWLKLGKKLLSAL,amp_all_clean.csv,1,amp,0,14,0.1675,0,0.2,0.25,0.0,0.07142857142857142,0.0
INWLKLGKKMMSAI,amp_all_clean.csv,1,amp,0,14,0.1675,0,0.2,0.25,0.0,0.07142857142857142,0.0
SNWLKLGKKMMSAL,amp_all_clean.csv,1,amp,0,14,0.1675,0,0.2,0.25,0.0,0.07142857142857142,0.0
INWKKIASIGKEVLKAI,amp_all_clean.csv,1,amp,0,17,0.13833333333333334,0,0.16666666666666666,0.2,0.0,0.058823529411764705,0.0
NWKKIASIGKEVLKAL,amp_all_clean.csv,1,amp,0,16,0.1675,2,0.2,0.25,0.0,0.0625,0.0
WKKIASIGKEVLKAL,amp_all_clean.csv,1,amp,0,15,0.1675,1,0.2,0.25,0.0,0.06666666666666667,0.0
KKIASIGKEVLKAL,amp_all_clean.csv,1,amp,0,14,0.1675,0,0.2,0.25,0.0,0.07142857142857142,0.0
KIASIGKEVLKAL,amp_all_clean.csv,1,amp,0,13,0.2125,2,0.25,0.3333333333333333,0.0,0.07692307692307693,0.0
INWKKIASIGKEVLKA,amp_all_clean.csv,1,amp,0,16,0.13833333333333334,0,0.16666666666666666,0.2,0.0,0.0625,0.0
INWKKIASIGKEVLK,amp_all_clean.csv,1,amp,0,15,0.16,0,0.2,0.2,0.0,0.06666666666666667,0.0
INWKKIASIGKEVL,amp_all_clean.csv,1,amp,0,14,0.1675,0,0.2,0.25,0.0,0.07142857142857142,0.0
INWKKIASIGKEV,amp_all_clean.csv,1,amp,0,13,0.1675,0,0.2,0.25,0.0,0.07692307692307693,0.0
IWNKIAKSIGKVLEKAL,amp_all_clean.csv,1,amp,0,17,0.13833333333333334,0,0.16666666666666666,0.2,0.0,0.058823529411764705,0.0
INWKKGKEVLKAL,amp_all_clean.csv,1,amp,0,13,0.2125,2,0.25,0.3333333333333333,0.0,0.07692307692307693,0.0
NIWKKIASIAKEVLKAL,amp_all_clean.csv,1,amp,0,17,0.0,0,0.0,0.0,0.0,0.0,0.0
KNWKKIASIGKEVLKAL,amp_all_clean.csv,1,amp,0,17,0.13833333333333334,0,0.16666666666666666,0.2,0.0,0.058823529411764705,0.0
SNWKKIASIGKEVLKAL,amp_all_clean.csv,1,amp,0,17,0.13833333333333334,0,0.16666666666666666,0.2,0.0,0.058823529411764705,0.0
VARGWKRKCPLFGKGG,amp_all_clean.csv,1,amp,0,16,0.385,0,0.5,0.4,0.0,0.25,0.0625
FSLIPSAIGGLISA,amp_all_clean.csv,1,amp,0,14,0.225,2,0.25,0.25,0.125,0.14285714285714285,0.07142857142857142
KRWWKWWRRC,amp_all_clean.csv,1,amp,0,10,0.0,0,0.0,0.0,0.0,0.0,0.0
TLISWIKNKRKQRPRVSRRRRRRGGRRRR,amp_all_clean.csv,1,amp,1,29,0.09999999999999999,2,0.1111111111111111,0.1111111111111111,0.05555555555555555,0.06896551724137931,0.034482758620689655
GRRRRSVQWCA,amp_all_clean.csv,1,amp,0,11,0.2125,0,0.25,0.3333333333333333,0.0,0.09090909090909091,0.0
KKLALKALLLWLKALLKLAKLALKK,amp_all_clean.csv,1,amp,0,25,0.0,0,0.0,0.0,0.0,0.0,0.0
KKLALKALKLWLLALLKLAKLALKK,amp_all_clean.csv,1,amp,0,25,0.0,0,0.0,0.0,0.0,0.0,0.0
KKLALKALKLWLLALKKLALLALKK,amp_all_clean.csv,1,amp,0,25,0.0,0,0.0,0.0,0.0,0.0,0.0
KKLAKLALLKWLLALKKLALLALKK,amp_all_clean.csv,1,amp,0,25,0.0,0,0.0,0.0,0.0,0.0,0.0
KKLAKLALLKWLLALKLLALKALKK,amp_all_clean.csv,1,amp,0,25,0.0,0,0.0,0.0,0.0,0.0,0.0
KKLAKALKLLALLWLKLAKALKKA,amp_all_clean.csv,1,amp,0,24,0.0,0,0.0,0.0,0.0,0.0,0.0
KKLAKAPKLLALLWLKLAKALKKA,amp_all_clean.csv,1,amp,0,24,0.014285714285714285,1,0.0,0.0,0.07142857142857142,0.0,0.041666666666666664
KKLAKALKLPALLWLKLAKALKKA,amp_all_clean.csv,1,amp,0,24,0.014285714285714285,1,0.0,0.0,0.07142857142857142,0.0,0.041666666666666664
KKLAKALKLLAPLWLKLAKALKKA,amp_all_clean.csv,1,amp,0,24,0.014285714285714285,1,0.0,0.0,0.07142857142857142,0.0,0.041666666666666664
KKLALALKKLALLWKKLALALKKA,amp_all_clean.csv,1,amp,0,24,0.0,0,0.0,0.0,0.0,0.0,0.0
KKLALAPKKLALLWKKLALALKKA,amp_all_clean.csv,1,amp,0,24,0.014285714285714285,1,0.0,0.0,0.07142857142857142,0.0,0.041666666666666664
KKLALALKKPALLWKKLALALKKA,amp_all_clean.csv,1,amp,0,24,0.014285714285714285,1,0.0,0.0,0.07142857142857142,0.0,0.041666666666666664
KKLALALKKLAPLWKKLALALKKA,amp_all_clean.csv,1,amp,0,24,0.014285714285714285,1,0.0,0.0,0.07142857142857142,0.0,0.041666666666666664
KKLKLALAKLALLWKALALKLKKA,amp_all_clean.csv,1,amp,0,24,0.0,0,0.0,0.0,0.0,0.0,0.0
KKLKLAPAKLALLWKALALKLKKA,amp_all_clean.csv,1,amp,0,24,0.014285714285714285,1,0.0,0.0,0.07142857142857142,0.0,0.041666666666666664
KKLKLALAKPALLWKALALKLKKA,amp_all_clean.csv,1,amp,0,24,0.014285714285714285,1,0.0,0.0,0.07142857142857142,0.0,0.041666666666666664
KKLKLALAKLAPLWKALALKLKKA,amp_all_clean.csv,1,amp,0,24,0.014285714285714285,1,0.0,0.0,0.07142857142857142,0.0,0.041666666666666664
WKSDVRRWRSRY,amp_all_clean.csv,1,amp,0,12,0.0,0,0.0,0.0,0.0,0.0,0.0
WKSYVRRWRSRY,amp_all_clean.csv,1,amp,0,12,0.0,0,0.0,0.0,0.0,0.0,0.0
WKSYVRRWRSR,amp_all_clean.csv,1,amp,0,11,0.0,0,0.0,0.0,0.0,0.0,0.0
WWSYVRRWRSR,amp_all_clean.csv,1,amp,0,11,0.0,0,0.0,0.0,0.0,0.0,0.0
WKSYVRRWRS,amp_all_clean.csv,1,amp,0,10,0.0,0,0.0,0.0,0.0,0.0,0.0
WKSYVRRWR,amp_all_clean.csv,1,amp,0,9,0.0,0,0.0,0.0,0.0,0.0,0.0
WKSYVRRW,amp_all_clean.csv,1,amp,0,8,0.0,0,0.0,0.0,0.0,0.0,0.0
FSEAIKKIIDFLGEGLFDIIKKIAESF,amp_all_clean.csv,1,amp,0,27,0.09097222222222222,2,0.1111111111111111,0.125,0.0,0.07407407407407407,0.0
GLFDIIKKIAESFKFSEAIKKIIDFLG,amp_all_clean.csv,1,amp,0,27,0.08888888888888888,0,0.1111111111111111,0.1111111111111111,0.0,0.07407407407407407,0.0
KKFFLKVLTKIRCKVAGGCRT,amp_all_clean.csv,1,amp,0,21,0.11785714285714285,1,0.14285714285714285,0.16666666666666666,0.0,0.09523809523809523,0.0
KFAKKFKWFAKAAFKFFKK,amp_all_clean.csv,1,amp,0,19,0.0,0,0.0,0.0,0.0,0.0,0.0
KKLALLALKKWLLALKKLALLALKK,amp_all_clean.csv,1,amp,0,25,0.0,0,0.0,0.0,0.0,0.0,0.0
KKLALLALKKWLPALKKLALLALKK,amp_all_clean.csv,1,amp,0,25,0.014285714285714285,2,0.0,0.0,0.07142857142857142,0.0,0.04
KKLALALAKKWLALAKKLALALAKK,amp_all_clean.csv,1,amp,0,25,0.0,0,0.0,0.0,0.0,0.0,0.0
KKLALALAKKWLPLAKKLALALAKK,amp_all_clean.csv,1,amp,0,25,0.014285714285714285,2,0.0,0.0,0.07142857142857142,0.0,0.04
KKLALHALKKWLHALKKLAHLALKK,amp_all_clean.csv,1,amp,1,25,0.0,0,0.0,0.0,0.0,0.0,0.0
KWKSFLKTFKSLKKTVLHTLLKAISS,amp_all_clean.csv,1,amp,0,26,0.0,0,0.0,0.0,0.0,0.0,0.0
KWKSFLKTFKSAKKTVLHTALKAISS,amp_all_clean.csv,1,amp,0,26,0.0,0,0.0,0.0,0.0,0.0,0.0
KWKSFLKTFKSAKKTVLHTALKLISS,amp_all_clean.csv,1,amp,0,26,0.0,0,0.0,0.0,0.0,0.0,0.0
KWKSFLKTFKSLKKTVLHTALKAISS,amp_all_clean.csv,1,amp,0,26,0.0,0,0.0,0.0,0.0,0.0,0.0
KWKSFLKTFKSAKKTVLHTLLKAISS,amp_all_clean.csv,1,amp,0,26,0.0,0,0.0,0.0,0.0,0.0,0.0
KWKSFLKTFKSLKKTVLHTALKLISS,amp_all_clean.csv,1,amp,0,26,0.0,0,0.0,0.0,0.0,0.0,0.0
KWKSFLKTFKSAVKTVLHTALKAISS,amp_all_clean.csv,1,amp,0,26,0.0,0,0.0,0.0,0.0,0.0,0.0
KWKSFLKTFKSALKTVLHTALKAISS,amp_all_clean.csv,1,amp,0,26,0.0,0,0.0,0.0,0.0,0.0,0.0
KWKSFLKTFKSAAKTVLHTALKAISS,amp_all_clean.csv,1,amp,0,26,0.0,0,0.0,0.0,0.0,0.0,0.0
KWKSFLKTFKSAGKTVLHTALKAISS,amp_all_clean.csv,1,amp,0,26,0.09097222222222222,0,0.1111111111111111,0.125,0.0,0.038461538461538464,0.0
KWKSFLKTFKSASKTVLHTALKAISS,amp_all_clean.csv,1,amp,0,26,0.0,0,0.0,0.0,0.0,0.0,0.0
KWKSFLKTFKLAVKTVLHTALKAISS,amp_all_clean.csv,1,amp,0,26,0.0,0,0.0,0.0,0.0,0.0,0.0
KWKSFLKTFKVAVKTVLHTALKAISS,amp_all_clean.csv,1,amp,0,26,0.0,0,0.0,0.0,0.0,0.0,0.0
KWKSFLKTFKAAVKTVLHTALKAISS,amp_all_clean.csv,1,amp,0,26,0.0,0,0.0,0.0,0.0,0.0,0.0
KWKSFLKTFKGAVKTVLHTALKAISS,amp_all_clean.csv,1,amp,0,26,0.09097222222222222,1,0.1111111111111111,0.125,0.0,0.038461538461538464,0.0
KWKSFLKTFKKAVKTVLHTALKAISS,amp_all_clean.csv,1,amp,0,26,0.0,0,0.0,0.0,0.0,0.0,0.0
FIKRIARLLRKIF,amp_all_clean.csv,1,amp,0,13,0.0,0,0.0,0.0,0.0,0.0,0.0
IWRIFRRIF,amp_all_clean.csv,1,amp,0,9,0.0,0,0.0,0.0,0.0,0.0,0.0
IWRIFRRIFRIF,amp_all_clean.csv,1,amp,0,12,0.0,0,0.0,0.0,0.0,0.0,0.0
IWRIFRRIFRIFIRF,amp_all_clean.csv,1,amp,0,15,0.0,0,0.0,0.0,0.0,0.0,0.0
KSLVRRWRSRW,amp_all_clean.csv,1,amp,0,11,0.0,0,0.0,0.0,0.0,0.0,0.0
KSLRRVWRSWR,amp_all_clean.csv,1,amp,0,11,0.0,0,0.0,0.0,0.0,0.0,0.0
KWLRRVWRWWR,amp_all_clean.csv,1,amp,0,11,0.0,0,0.0,0.0,0.0,0.0,0.0
KRLRRVWRRWR,amp_all_clean.csv,1,amp,0,11,0.0,0,0.0,0.0,0.0,0.0,0.0
VNWKKSLGKSIKVVK,amp_all_clean.csv,1,amp,0,15,0.1675,1,0.2,0.25,0.0,0.06666666666666667,0.0
VNWKKILGKSIKVSK,amp_all_clean.csv,1,amp,0,15,0.1675,1,0.2,0.25,0.0,0.06666666666666667,0.0
VSWKKSLGKIIKVVK,amp_all_clean.csv,1,amp,0,15,0.1675,1,0.2,0.25,0.0,0.06666666666666667,0.0
VNSKKISGKSIKVSK,amp_all_clean.csv,1,amp,0,15,0.1675,1,0.2,0.25,0.0,0.06666666666666667,0.0
VNRKKILGKSIKVVK,amp_all_clean.csv,1,amp,0,15,0.1675,1,0.2,0.25,0.0,0.06666666666666667,0.0
VNSKKISPKSIKVSK,amp_all_clean.csv,1,amp,0,15,0.025,2,0.0,0.0,0.125,0.0,0.06666666666666667
KWFRVYRGIYRRR,amp_all_clean.csv,1,amp,0,13,0.2,1,0.25,0.25,0.0,0.07692307692307693,0.0
KWCFCVCYRGICYCRCRG,amp_all_clean.csv,1,amp,1,18,0.13333333333333333,0,0.16666666666666666,0.16666666666666666,0.0,0.1111111111111111,0.0
KWCFCVCYRGICRCRCRG,amp_all_clean.csv,1,amp,1,18,0.13333333333333333,0,0.16666666666666666,0.16666666666666666,0.0,0.1111111111111111,0.0
KWCRCVCRRGICYCRCRG,amp_all_clean.csv,1,amp,1,18,0.13333333333333333,0,0.16666666666666666,0.16666666666666666,0.0,0.1111111111111111,0.0
KWCRCVCRRGICRCRCRG,amp_all_clean.csv,1,amp,1,18,0.13333333333333333,0,0.16666666666666666,0.16666666666666666,0.0,0.1111111111111111,0.0
KWCRCVCRRGICRCRCRK,amp_all_clean.csv,1,amp,1,18,0.13333333333333333,0,0.16666666666666666,0.16666666666666666,0.0,0.05555555555555555,0.0
GFCRCLCRRGVCRCICTK,amp_all_clean.csv,1,amp,1,18,0.26666666666666666,0,0.3333333333333333,0.3333333333333333,0.0,0.1111111111111111,0.0
GWLDVAKKIGKAAFNVAKNFI,amp_all_clean.csv,1,amp,0,21,0.22857142857142856,0,0.2857142857142857,0.2857142857142857,0.0,0.09523809523809523,0.0
GWLDVAKKKGKAAFNVAKNFI,amp_all_clean.csv,1,amp,0,21,0.22857142857142856,0,0.2857142857142857,0.2857142857142857,0.0,0.09523809523809523,0.0
NVWKKVLGKIIKVAK,amp_all_clean.csv,1,amp,0,15,0.1675,1,0.2,0.25,0.0,0.06666666666666667,0.0
VNWKKVLAKIIKVAK,amp_all_clean.csv,1,amp,0,15,0.0,0,0.0,0.0,0.0,0.0,0.0
VNWKKVLKKIIKVAK,amp_all_clean.csv,1,amp,0,15,0.0,0,0.0,0.0,0.0,0.0,0.0
VNWKKVLPKIIKVAK,amp_all_clean.csv,1,amp,0,15,0.025,2,0.0,0.0,0.125,0.0,0.06666666666666667
NVWKKILGKIIKVAK,amp_all_clean.csv,1,amp,0,15,0.1675,1,0.2,0.25,0.0,0.06666666666666667,0.0
VNWKKILAKIIKVAK,amp_all_clean.csv,1,amp,0,15,0.0,0,0.0,0.0,0.0,0.0,0.0
VNWKKILKKIIKVAK,amp_all_clean.csv,1,amp,0,15,0.0,0,0.0,0.0,0.0,0.0,0.0
VNWKKILPKIIKVAK,amp_all_clean.csv,1,amp,0,15,0.025,2,0.0,0.0,0.125,0.0,0.06666666666666667
NVWKKILGKIIKVVK,amp_all_clean.csv,1,amp,0,15,0.1675,1,0.2,0.25,0.0,0.06666666666666667,0.0
VNWKKILAKIIKVVK,amp_all_clean.csv,1,amp,0,15,0.0,0,0.0,0.0,0.0,0.0,0.0
VNWKKILKKIIKVVK,amp_all_clean.csv,1,amp,0,15,0.0,0,0.0,0.0,0.0,0.0,0.0
VNWKKILPKIIKVVK,amp_all_clean.csv,1,amp,0,15,0.025,2,0.0,0.0,0.125,0.0,0.06666666666666667
VNWKKILGKI,amp_all_clean.csv,1,amp,0,10,0.26666666666666666,1,0.3333333333333333,0.3333333333333333,0.0,0.1,0.0
ILGKIIKVVK,amp_all_clean.csv,1,amp,0,10,0.2916666666666667,2,0.3333333333333333,0.5,0.0,0.1,0.0
VRRFGWWWGFLRR,amp_all_clean.csv,1,amp,0,13,0.2125,2,0.25,0.3333333333333333,0.0,0.15384615384615385,0.0
VRRFAWWWAFLRR,amp_all_clean.csv,1,amp,0,13,0.0,0,0.0,0.0,0.0,0.0,0.0
VRRFPFFFPFLRR,amp_all_clean.csv,1,amp,0,13,0.05,0,0.0,0.0,0.25,0.0,0.15384615384615385
RGLRRLGRKIAHGVKKYGPTVKRIKRKA,amp_all_clean.csv,1,amp,1,28,0.16333333333333333,0,0.2,0.2222222222222222,0.0,0.14285714285714285,0.03571428571428571
RGLRRLGRKIAHGVKKYGATVLRIIRIA,amp_all_clean.csv,1,amp,1,28,0.16333333333333333,0,0.2,0.2222222222222222,0.0,0.14285714285714285,0.0
RGLRRLGRKIAHGVKKY,amp_all_clean.csv,1,amp,0,17,0.27666666666666667,0,0.3333333333333333,0.4,0.0,0.17647058823529413,0.0
RKLRRLKRKIAHKVKKY,amp_all_clean.csv,1,amp,1,17,0.0,0,0.0,0.0,0.0,0.0,0.0
KKTWWKTWWTKWSQPKKKRKV,amp_all_clean.csv,1,amp,1,21,0.016666666666666666,1,0.0,0.0,0.08333333333333333,0.0,0.047619047619047616
FLYIVAKLLSGLL,amp_all_clean.csv,1,amp,1,13,0.2,1,0.25,0.25,0.0,0.07692307692307693,0.0
FLPIVAKLLSGLLGRKKRRQRRR,amp_all_clean.csv,1,amp,1,23,0.21964285714285714,1,0.25,0.2857142857142857,0.07142857142857142,0.08695652173913043,0.043478260869565216
INLKILARLAKKIL,amp_all_clean.csv,1,amp,0,14,0.0,0,0.0,0.0,0.0,0.0,0.0
KLKKLLKKWLKLLKKLLK,amp_all_clean.csv,1,amp,1,18,0.0,0,0.0,0.0,0.0,0.0,0.0
VGHNADLQIKLSIRRLLAAGVLKQTKGVGA,amp_all_clean.csv,1,amp,0,30,0.22833333333333333,1,0.3,0.2222222222222222,0.0,0.13333333333333333,0.0
LSIRRLLAAGVLKQTKGVGA,amp_all_clean.csv,1,amp,0,20,0.21071428571428572,0,0.2857142857142857,0.16666666666666666,0.0,0.15,0.0
KLIPIASKTCPAGKNLCYKI,amp_all_clean.csv,1,amp,0,20,0.13452380952380952,0,0.14285714285714285,0.16666666666666666,0.08333333333333333,0.05,0.1
KLIFILSKTIPAGKNLFYKI,amp_all_clean.csv,1,amp,0,20,0.13452380952380952,0,0.14285714285714285,0.16666666666666666,0.08333333333333333,0.05,0.05
KLILILSKTIPAGKNLFYKI,amp_all_clean.csv,1,amp,0,20,0.13452380952380952,0,0.14285714285714285,0.16666666666666666,0.08333333333333333,0.05,0.05
VYPFMWGGAYCFCDAELV,amp_all_clean.csv,1,amp,0,18,0.15833333333333335,1,0.16666666666666666,0.2,0.1,0.1111111111111111,0.05555555555555555
CKCRRRKVHGPMIRIRKK,amp_all_clean.csv,1,amp,1,18,0.15,0,0.16666666666666666,0.16666666666666666,0.08333333333333333,0.05555555555555555,0.05555555555555555
KCRRRKVHGPMIRIRKKNL,amp_all_clean.csv,1,amp,1,19,0.15833333333333335,2,0.16666666666666666,0.2,0.1,0.05263157894736842,0.05263157894736842
FVPWFSKFLPRIL,amp_all_clean.csv,1,amp,0,13,0.05,1,0.0,0.0,0.25,0.0,0.15384615384615385
FQWQRNPRKVR,amp_all_clean.csv,1,amp,0,11,0.03333333333333333,1,0.0,0.0,0.16666666666666666,0.0,0.09090909090909091
SRSELIVHQRRC,amp_all_clean.csv,1,amp,0,12,0.0,0,0.0,0.0,0.0,0.0,0.0
SRSELIVHQRMK,amp_all_clean.csv,1,amp,0,12,0.0,0,0.0,0.0,0.0,0.0,0.0
SRSELIVHQRLF,amp_all_clean.csv,1,amp,0,12,0.0,0,0.0,0.0,0.0,0.0,0.0
IGGYCSWLRL,amp_all_clean.csv,1,amp,0,10,0.2916666666666667,2,0.3333333333333333,0.5,0.0,0.2,0.0
KKKKPLFGLFFGLF,amp_all_clean.csv,1,amp,0,14,0.225,2,0.25,0.25,0.125,0.14285714285714285,0.07142857142857142
RRLRKKTRKRLKKIGKVLKWI,amp_all_clean.csv,1,amp,1,21,0.11785714285714285,2,0.14285714285714285,0.16666666666666666,0.0,0.047619047619047616,0.0
RKKTRKRLKKIGKVLKWI,amp_all_clean.csv,1,amp,1,18,0.13833333333333334,2,0.16666666666666666,0.2,0.0,0.05555555555555555,0.0
TRKRLKKIGKVLKWI,amp_all_clean.csv,1,amp,0,15,0.1675,2,0.2,0.25,0.0,0.06666666666666667,0.0
RLKKIGKVLKWI,amp_all_clean.csv,1,amp,0,12,0.2125,2,0.25,0.3333333333333333,0.0,0.08333333333333333,0.0
GILGKLWKGVKSIF,amp_all_clean.csv,1,amp,0,14,0.335,0,0.4,0.5,0.0,0.21428571428571427,0.0
LILGKLWKGVKSIF,amp_all_clean.csv,1,amp,0,14,0.2,2,0.25,0.25,0.0,0.14285714285714285,0.0
SILGKLWKGVKSIF,amp_all_clean.csv,1,amp,0,14,0.2,2,0.25,0.25,0.0,0.14285714285714285,0.0
FILGKLWKGVKSIF,amp_all_clean.csv,1,amp,0,14,0.2,2,0.25,0.25,0.0,0.14285714285714285,0.0
KILGKLWKGVKSIF,amp_all_clean.csv,1,amp,0,14,0.2,2,0.25,0.25,0.0,0.14285714285714285,0.0
RRLIRLILRLLR,amp_all_clean.csv,1,amp,0,12,0.0,0,0.0,0.0,0.0,0.0,0.0
RRLIWLILRLLR,amp_all_clean.csv,1,amp,0,12,0.0,0,0.0,0.0,0.0,0.0,0.0
RRLIRLWLRLLR,amp_all_clean.csv,1,amp,0,12,0.0,0,0.0,0.0,0.0,0.0,0.0
FRIRVRVFKRIVQRIKDFLR,amp_all_clean.csv,1,amp,0,20,0.0,0,0.0,0.0,0.0,0.0,0.0
FRIRVRVAKKFGKAFVGEIM,amp_all_clean.csv,1,amp,0,20,0.13333333333333333,2,0.16666666666666666,0.16666666666666666,0.0,0.1,0.0
FRIRVRVKWKLFKKI,amp_all_clean.csv,1,amp,0,15,0.0,0,0.0,0.0,0.0,0.0,0.0
KIKKGFKKIFKRLPPIGVGVSIPLAGKR,amp_all_clean.csv,1,amp,1,28,0.2777777777777778,1,0.3333333333333333,0.3333333333333333,0.05555555555555555,0.14285714285714285,0.10714285714285714
GLFKKLRRKIKKGFKKIFKRL,amp_all_clean.csv,1,amp,1,21,0.22857142857142856,0,0.2857142857142857,0.2857142857142857,0.0,0.09523809523809523,0.0
FLPIVGLLKSLLK,amp_all_clean.csv,1,amp,0,13,0.2125,2,0.25,0.3333333333333333,0.0,0.07692307692307693,0.07692307692307693
KKLLPIVANLLKSLL,amp_all_clean.csv,1,amp,0,15,0.025,2,0.0,0.0,0.125,0.0,0.06666666666666667
ILGKLWEGLKSLF,amp_all_clean.csv,1,amp,0,13,0.2125,2,0.25,0.3333333333333333,0.0,0.15384615384615385,0.0
IDWKKLLNAAKQIL,amp_all_clean.csv,1,amp,0,14,0.0,0,0.0,0.0,0.0,0.0,0.0
FVPWFSKFLGRIL,amp_all_clean.csv,1,amp,0,13,0.1925,0,0.2,0.25,0.125,0.07692307692307693,0.07692307692307693
RWQWRWQWR,amp_all_clean.csv,1,amp,0,9,0.0,0,0.0,0.0,0.0,0.0,0.0
TRSRWRRFIRGAGRFARRYGWRIAL,amp_all_clean.csv,1,amp,1,25,0.2,1,0.25,0.25,0.0,0.12,0.0
SKVWRHWRRFWHRAHRLH,amp_all_clean.csv,1,amp,1,18,0.0,0,0.0,0.0,0.0,0.0,0.0
SKVWRHWRRFW,amp_all_clean.csv,1,amp,0,11,0.0,0,0.0,0.0,0.0,0.0,0.0
SKVWRHWRRFWHR,amp_all_clean.csv,1,amp,0,13,0.0,0,0.0,0.0,0.0,0.0,0.0
VWRHWRRFWHR,amp_all_clean.csv,1,amp,0,11,0.0,0,0.0,0.0,0.0,0.0,0.0
VWRHWRRFW,amp_all_clean.csv,1,amp,0,9,0.0,0,0.0,0.0,0.0,0.0,0.0
VWRHWRRFWH,amp_all_clean.csv,1,amp,0,10,0.0,0,0.0,0.0,0.0,0.0,0.0
WRHWRRFWHR,amp_all_clean.csv,1,amp,0,10,0.0,0,0.0,0.0,0.0,0.0,0.0
VWRKWRRFW,amp_all_clean.csv,1,amp,0,9,0.0,0,0.0,0.0,0.0,0.0,0.0
VWRRWRRFW,amp_all_clean.csv,1,amp,0,9,0.0,0,0.0,0.0,0.0,0.0,0.0
VWRKWRRFWKR,amp_all_clean.csv,1,amp,0,11,0.0,0,0.0,0.0,0.0,0.0,0.0
VWRRWRRFWRR,amp_all_clean.csv,1,amp,0,11,0.0,0,0.0,0.0,0.0,0.0,0.0
KFRTRRSKSSSNGGRKGSKG,amp_all_clean.csv,1,amp,0,20,0.32857142857142857,1,0.42857142857142855,0.3333333333333333,0.0,0.2,0.0
KFRSNGRHGSGSRLGGGSLIGRPGGGS,amp_all_clean.csv,1,amp,0,27,0.46736111111111117,2,0.5555555555555556,0.625,0.0625,0.37037037037037035,0.037037037037037035
KFKKLFKKLSPVIGKEFKRIVERIKRFLR,amp_all_clean.csv,1,amp,1,29,0.08166666666666667,1,0.1,0.1111111111111111,0.0,0.034482758620689655,0.034482758620689655
GLLKRIKTL,amp_all_clean.csv,1,amp,0,9,0.26666666666666666,0,0.3333333333333333,0.3333333333333333,0.0,0.1111111111111111,0.0
GLLKRIKT,amp_all_clean.csv,1,amp,0,8,0.2916666666666667,0,0.3333333333333333,0.5,0.0,0.125,0.0
SKVWRHWRRFWHRAHRKL,amp_all_clean.csv,1,amp,1,18,0.0,0,0.0,0.0,0.0,0.0,0.0
ILKKLWEGVKSI,amp_all_clean.csv,1,amp,0,12,0.2125,1,0.25,0.3333333333333333,0.0,0.08333333333333333,0.0
ILKKLLEGVKSI,amp_all_clean.csv,1,amp,0,12,0.2125,1,0.25,0.3333333333333333,0.0,0.08333333333333333,0.0
KLIPILSKTIPAGKNLFYKI,amp_all_clean.csv,1,amp,0,20,0.13452380952380952,0,0.14285714285714285,0.16666666666666666,0.08333333333333333,0.05,0.1
KLIWILSKTIPAGKNLFYKI,amp_all_clean.csv,1,amp,0,20,0.13452380952380952,0,0.14285714285714285,0.16666666666666666,0.08333333333333333,0.05,0.05
VYPFMWGGAYCFCKAKLV,amp_all_clean.csv,1,amp,0,18,0.15833333333333335,1,0.16666666666666666,0.2,0.1,0.1111111111111111,0.05555555555555555
VYPFCWGGAYAFCKAKLV,amp_all_clean.csv,1,amp,0,18,0.15833333333333335,1,0.16666666666666666,0.2,0.1,0.1111111111111111,0.05555555555555555
FIAAIIGGLFSAGKAIHRLIRRRRR,amp_all_clean.csv,1,amp,0,25,0.18194444444444444,0,0.2222222222222222,0.25,0.0,0.12,0.0
FIHHIIGGLFSAGKAAHRLIRRRRR,amp_all_clean.csv,1,amp,1,25,0.18194444444444444,0,0.2222222222222222,0.25,0.0,0.12,0.0
FIHHIIGGLFSAGKAIHRHHRRRRR,amp_all_clean.csv,1,amp,1,25,0.18194444444444444,0,0.2222222222222222,0.25,0.0,0.12,0.0
AAHHIIGGLFSAGKAIHRLIRRRRR,amp_all_clean.csv,1,amp,1,25,0.18194444444444444,0,0.2222222222222222,0.25,0.0,0.12,0.0
FIHHIIGGAASAGKAIHRLIRRRRR,amp_all_clean.csv,1,amp,1,25,0.18194444444444444,0,0.2222222222222222,0.25,0.0,0.12,0.0
FIHHIIGGLFSAGKARHRLIRRRRR,amp_all_clean.csv,1,amp,1,25,0.18194444444444444,0,0.2222222222222222,0.25,0.0,0.12,0.0
FIHHIIGGLFSAGKAEHRLIRRRRR,amp_all_clean.csv,1,amp,1,25,0.18194444444444444,0,0.2222222222222222,0.25,0.0,0.12,0.0
FIHHAAGGLFSAGKAIHRLIRRRRR,amp_all_clean.csv,1,amp,1,25,0.18194444444444444,0,0.2222222222222222,0.25,0.0,0.12,0.0
FIHHIIGGLFSIGKIIHRLIRRRRR,amp_all_clean.csv,1,amp,1,25,0.18194444444444444,0,0.2222222222222222,0.25,0.0,0.12,0.0
FIHHIIGGLFSVGKHIHRLIRRRRR,amp_all_clean.csv,1,amp,1,25,0.18194444444444444,0,0.2222222222222222,0.25,0.0,0.12,0.0
FIHHIIGGLFSVGKHIHSLIHRRRR,amp_all_clean.csv,1,amp,1,25,0.18194444444444444,0,0.2222222222222222,0.25,0.0,0.12,0.0
FIHHIIGGLFSAGKAIHRLIRRR,amp_all_clean.csv,1,amp,0,23,0.20535714285714285,0,0.25,0.2857142857142857,0.0,0.13043478260869565,0.0
FIHHIIGGLFSAGKAIHSLIHRRRR,amp_all_clean.csv,1,amp,1,25,0.18194444444444444,0,0.2222222222222222,0.25,0.0,0.12,0.0
FIHHIIGGLFSAGKAIHRLIR,amp_all_clean.csv,1,amp,0,21,0.22857142857142856,0,0.2857142857142857,0.2857142857142857,0.0,0.14285714285714285,0.0
HHIIGGLFSAGKAIHRLIRRRRR,amp_all_clean.csv,1,amp,1,23,0.20535714285714285,1,0.25,0.2857142857142857,0.0,0.13043478260869565,0.0
IIGGLFSAGKAIHRLIRRRRR,amp_all_clean.csv,1,amp,0,21,0.2357142857142857,2,0.2857142857142857,0.3333333333333333,0.0,0.14285714285714285,0.0
FLHFLHHLF,amp_all_clean.csv,1,amp,0,9,0.0,0,0.0,0.0,0.0,0.0,0.0
FLGFLHHLF,amp_all_clean.csv,1,amp,0,9,0.2916666666666667,2,0.3333333333333333,0.5,0.0,0.1111111111111111,0.0
FLGGLIKPWWPWRR,amp_all_clean.csv,1,amp,0,14,0.25,2,0.25,0.25,0.25,0.14285714285714285,0.14285714285714285
CMSTRGDQARKICE,amp_all_clean.csv,1,amp,0,14,0.2,2,0.25,0.25,0.0,0.07142857142857142,0.0
FLGGLIKKWPWWPWRR,amp_all_clean.csv,1,amp,0,16,0.2175,2,0.2,0.25,0.25,0.125,0.125
AIHDILKYGKPS,amp_all_clean.csv,1,amp,0,12,0.24583333333333332,2,0.25,0.3333333333333333,0.16666666666666666,0.08333333333333333,0.08333333333333333
GAHDILKYGKPS,amp_all_clean.csv,1,amp,0,12,0.24583333333333332,2,0.25,0.3333333333333333,0.16666666666666666,0.16666666666666666,0.08333333333333333
GIADILKYGKPS,amp_all_clean.csv,1,amp,0,12,0.24583333333333332,2,0.25,0.3333333333333333,0.16666666666666666,0.16666666666666666,0.08333333333333333
GIHAILKYGKPS,amp_all_clean.csv,1,amp,0,12,0.24583333333333332,2,0.25,0.3333333333333333,0.16666666666666666,0.16666666666666666,0.08333333333333333
GIHDALKYGKPS,amp_all_clean.csv,1,amp,0,12,0.24583333333333332,2,0.25,0.3333333333333333,0.16666666666666666,0.16666666666666666,0.08333333333333333
GIHDIAKYGKPS,amp_all_clean.csv,1,amp,0,12,0.24583333333333332,2,0.25,0.3333333333333333,0.16666666666666666,0.16666666666666666,0.08333333333333333
GIHDILAYGKPS,amp_all_clean.csv,1,amp,0,12,0.24583333333333332,2,0.25,0.3333333333333333,0.16666666666666666,0.16666666666666666,0.08333333333333333
GIHDILKAGKPS,amp_all_clean.csv,1,amp,0,12,0.24583333333333332,2,0.25,0.3333333333333333,0.16666666666666666,0.16666666666666666,0.08333333333333333
GIHDILKYAKPS,amp_all_clean.csv,1,amp,0,12,0.225,0,0.25,0.25,0.125,0.08333333333333333,0.08333333333333333
GIHDILKYGAPS,amp_all_clean.csv,1,amp,0,12,0.24583333333333332,2,0.25,0.3333333333333333,0.16666666666666666,0.16666666666666666,0.08333333333333333
GIHDILKYGKAS,amp_all_clean.csv,1,amp,0,12,0.2125,2,0.25,0.3333333333333333,0.0,0.16666666666666666,0.0
GIHDILKYGKPA,amp_all_clean.csv,1,amp,0,12,0.24583333333333332,2,0.25,0.3333333333333333,0.16666666666666666,0.16666666666666666,0.08333333333333333
GIRDILKYGKPS,amp_all_clean.csv,1,amp,0,12,0.24583333333333332,2,0.25,0.3333333333333333,0.16666666666666666,0.16666666666666666,0.08333333333333333
LLPWKWPWWKWRR,amp_all_clean.csv,1,amp,0,13,0.05,1,0.0,0.0,0.25,0.0,0.15384615384615385
RRPWRWPWWPWRR,amp_all_clean.csv,1,amp,0,13,0.07500000000000001,1,0.0,0.0,0.375,0.0,0.23076923076923078
RRPWRWPRWPWRR,amp_all_clean.csv,1,amp,0,13,0.07500000000000001,1,0.0,0.0,0.375,0.0,0.23076923076923078
FLGGLIKWWPWRR,amp_all_clean.csv,1,amp,0,13,0.24583333333333332,2,0.25,0.3333333333333333,0.16666666666666666,0.15384615384615385,0.07692307692307693
KKLFKKILKYLA,amp_all_clean.csv,1,amp,0,12,0.0,0,0.0,0.0,0.0,0.0,0.0
RVKRFKKFFRKIKKGFRKIFKKTKIFIG,amp_all_clean.csv,1,amp,1,28,0.09097222222222222,2,0.1111111111111111,0.125,0.0,0.07142857142857142,0.0
HRVKRNGFRKFMRRLKKFFAGG,amp_all_clean.csv,1,amp,1,22,0.18392857142857144,0,0.25,0.14285714285714285,0.0,0.13636363636363635,0.0
RLLRKFFRKLKKSV,amp_all_clean.csv,1,amp,0,14,0.0,0,0.0,0.0,0.0,0.0,0.0
IDWKKLLDAAKKIL,amp_all_clean.csv,1,amp,0,14,0.0,0,0.0,0.0,0.0,0.0,0.0
FVPWFSKFLKRIL,amp_all_clean.csv,1,amp,0,13,0.025,0,0.0,0.0,0.125,0.0,0.07692307692307693
FVPWFSKFLWRIL,amp_all_clean.csv,1,amp,0,13,0.025,0,0.0,0.0,0.125,0.0,0.07692307692307693
KWKLFKKIFKRIVQRIKDFLRN,amp_all_clean.csv,1,amp,0,22,0.0,0,0.0,0.0,0.0,0.0,0.0
TRSRWRRFIRGAGRFARRYGWRIA,amp_all_clean.csv,1,amp,1,24,0.20535714285714285,1,0.25,0.2857142857142857,0.0,0.125,0.0
FLKALWNVAKSVF,amp_all_clean.csv,1,amp,0,13,0.0,0,0.0,0.0,0.0,0.0,0.0
FLGALWKVAKSVF,amp_all_clean.csv,1,amp,0,13,0.2125,2,0.25,0.3333333333333333,0.0,0.07692307692307693,0.0
FLGALWNVAKKVF,amp_all_clean.csv,1,amp,0,13,0.2125,2,0.25,0.3333333333333333,0.0,0.07692307692307693,0.0
FLGELWNVAKSVF,amp_all_clean.csv,1,amp,0,13,0.2125,2,0.25,0.3333333333333333,0.0,0.07692307692307693,0.0
FLGALWEVAKSVF,amp_all_clean.csv,1,amp,0,13,0.2125,2,0.25,0.3333333333333333,0.0,0.07692307692307693,0.0
FLGALWNVWKSVF,amp_all_clean.csv,1,amp,0,13,0.2125,2,0.25,0.3333333333333333,0.0,0.07692307692307693,0.0
FLGELWNVWKSVF,amp_all_clean.csv,1,amp,0,13,0.2125,2,0.25,0.3333333333333333,0.0,0.07692307692307693,0.0
FFSLIPKLVKGLISAFK,amp_all_clean.csv,1,amp,0,17,0.15833333333333335,1,0.16666666666666666,0.2,0.1,0.058823529411764705,0.058823529411764705
FFKLIPKLVKGLISAFK,amp_all_clean.csv,1,amp,0,17,0.15833333333333335,1,0.16666666666666666,0.2,0.1,0.058823529411764705,0.058823529411764705
ILKKLLKGVKSI,amp_all_clean.csv,1,amp,0,12,0.2125,1,0.25,0.3333333333333333,0.0,0.08333333333333333,0.0
ILKKLLKKVKSI,amp_all_clean.csv,1,amp,0,12,0.0,0,0.0,0.0,0.0,0.0,0.0
ILKKLLKKVKKI,amp_all_clean.csv,1,amp,0,12,0.0,0,0.0,0.0,0.0,0.0,0.0
LRLKKYKVPQL,amp_all_clean.csv,1,amp,0,11,0.03333333333333333,0,0.0,0.0,0.16666666666666666,0.0,0.09090909090909091
KLLSHSLLVTLA,amp_all_clean.csv,1,amp,0,12,0.0,0,0.0,0.0,0.0,0.0,0.0
KLLRHRLLVTLA,amp_all_clean.csv,1,amp,0,12,0.0,0,0.0,0.0,0.0,0.0,0.0
VRFKLLSHSLLVTLASHL,amp_all_clean.csv,1,amp,0,18,0.0,0,0.0,0.0,0.0,0.0,0.0
RRFKLLSHSLLVTLASHL,amp_all_clean.csv,1,amp,0,18,0.0,0,0.0,0.0,0.0,0.0,0.0
KFFKKLKKAVKKGFKKFAKV,amp_all_clean.csv,1,amp,1,20,0.11785714285714285,0,0.14285714285714285,0.16666666666666666,0.0,0.05,0.0
RKYVRFLHRWVKYFRAYL,amp_all_clean.csv,1,amp,0,18,0.0,0,0.0,0.0,0.0,0.0,0.0
WLLKRWKKLL,amp_all_clean.csv,1,amp,0,10,0.0,0,0.0,0.0,0.0,0.0,0.0
KLLKWWKKLL,amp_all_clean.csv,1,amp,0,10,0.0,0,0.0,0.0,0.0,0.0,0.0
KFWSLLKKALRLWANVL,amp_all_clean.csv,1,amp,0,17,0.0,0,0.0,0.0,0.0,0.0,0.0
KFWKLLKKALRLWAKVL,amp_all_clean.csv,1,amp,0,17,0.0,0,0.0,0.0,0.0,0.0,0.0
LFWKLLLKALRLWAKVL,amp_all_clean.csv,1,amp,1,17,0.0,0,0.0,0.0,0.0,0.0,0.0
WFKKLLKKALRLWKKVL,amp_all_clean.csv,1,amp,0,17,0.0,0,0.0,0.0,0.0,0.0,0.0
KFWKLLKKALRLWKKVL,amp_all_clean.csv,1,amp,0,17,0.0,0,0.0,0.0,0.0,0.0,0.0
WFWKLLWKALRLWWKVL,amp_all_clean.csv,1,amp,1,17,0.0,0,0.0,0.0,0.0,0.0,0.0
LLKKALRLWKKVL,amp_all_clean.csv,1,amp,0,13,0.0,0,0.0,0.0,0.0,0.0,0.0
LLWKALRLWWKVL,amp_all_clean.csv,1,amp,1,13,0.0,0,0.0,0.0,0.0,0.0,0.0
GLLKFIKKLL,amp_all_clean.csv,1,amp,0,10,0.2125,0,0.25,0.3333333333333333,0.0,0.1,0.0
KLLKFIKKLL,amp_all_clean.csv,1,amp,0,10,0.0,0,0.0,0.0,0.0,0.0,0.0
RLLKFIKKLL,amp_all_clean.csv,1,amp,0,10,0.0,0,0.0,0.0,0.0,0.0,0.0
GCRRLCYKQRCVTYCRGR,amp_all_clean.csv,1,amp,1,18,0.13333333333333333,0,0.16666666666666666,0.16666666666666666,0.0,0.1111111111111111,0.0
GCRRLCWKQRCVTYCRGR,amp_all_clean.csv,1,amp,1,18,0.13333333333333333,0,0.16666666666666666,0.16666666666666666,0.0,0.1111111111111111,0.0
GCRRLCYKQRCVTWCRGR,amp_all_clean.csv,1,amp,1,18,0.13333333333333333,0,0.16666666666666666,0.16666666666666666,0.0,0.1111111111111111,0.0
GCRRLCYRQRCVTYCRGR,amp_all_clean.csv,1,amp,1,18,0.13333333333333333,0,0.16666666666666666,0.16666666666666666,0.0,0.1111111111111111,0.0
GCRRLCWRQRCVTWCRGR,amp_all_clean.csv,1,amp,1,18,0.13333333333333333,0,0.16666666666666666,0.16666666666666666,0.0,0.1111111111111111,0.0
GCRALCYKQRCVTYCRGA,amp_all_clean.csv,1,amp,1,18,0.13333333333333333,0,0.16666666666666666,0.16666666666666666,0.0,0.1111111111111111,0.0
KCRRLCYRQRCVTYCRGR,amp_all_clean.csv,1,amp,1,18,0.10833333333333334,1,0.16666666666666666,0.0,0.0,0.05555555555555555,0.0
GCRRWCYKQRCVTYCRGR,amp_all_clean.csv,1,amp,1,18,0.13333333333333333,0,0.16666666666666666,0.16666666666666666,0.0,0.1111111111111111,0.0
GCRRLCYKQRCVTYCRGPPR,amp_all_clean.csv,1,amp,1,20,0.15119047619047618,1,0.14285714285714285,0.16666666666666666,0.16666666666666666,0.1,0.1
KCRRYCYRQRCVTYCRGR,amp_all_clean.csv,1,amp,1,18,0.10833333333333334,1,0.16666666666666666,0.0,0.0,0.05555555555555555,0.0
KILRGVCKKIMRPFLRRISKDILTGKK,amp_all_clean.csv,1,amp,1,27,0.10347222222222222,1,0.1111111111111111,0.125,0.0625,0.07407407407407407,0.037037037037037035
KILPGVCKKIMRPFLRRISKDILTGKK,amp_all_clean.csv,1,amp,0,27,0.11597222222222221,1,0.1111111111111111,0.125,0.125,0.07407407407407407,0.07407407407407407
RIGSILGALAKGLPTLISWIKNR,amp_all_clean.csv,1,amp,0,23,0.24285714285714285,2,0.2857142857142857,0.2857142857142857,0.07142857142857142,0.13043478260869565,0.043478260869565216
AIGSILGRLAKGLPTLISWIKNR,amp_all_clean.csv,1,amp,0,23,0.24285714285714285,2,0.2857142857142857,0.2857142857142857,0.07142857142857142,0.13043478260869565,0.043478260869565216
AIGSILGALAKGLPTLKSWIKNR,amp_all_clean.csv,1,amp,0,23,0.24285714285714285,2,0.2857142857142857,0.2857142857142857,0.07142857142857142,0.13043478260869565,0.043478260869565216
AIGSILGALAKGLPTLRSWIKNR,amp_all_clean.csv,1,amp,0,23,0.24285714285714285,2,0.2857142857142857,0.2857142857142857,0.07142857142857142,0.13043478260869565,0.043478260869565216
RIGSILGRLAKGLPTLISWIKNR,amp_all_clean.csv,1,amp,0,23,0.24285714285714285,2,0.2857142857142857,0.2857142857142857,0.07142857142857142,0.13043478260869565,0.043478260869565216
RIGSILGALAKGLPTLKSWIKNR,amp_all_clean.csv,1,amp,0,23,0.24285714285714285,2,0.2857142857142857,0.2857142857142857,0.07142857142857142,0.13043478260869565,0.043478260869565216
AIGSILGRLAKGLPTLKSWIKNR,amp_all_clean.csv,1,amp,0,23,0.24285714285714285,2,0.2857142857142857,0.2857142857142857,0.07142857142857142,0.13043478260869565,0.043478260869565216
RIGSILGRLAKGLPTLKSWIKNR,amp_all_clean.csv,1,amp,0,23,0.24285714285714285,2,0.2857142857142857,0.2857142857142857,0.07142857142857142,0.13043478260869565,0.043478260869565216
RIGSILGRLAKGLPTLRSWIKNR,amp_all_clean.csv,1,amp,0,23,0.24285714285714285,2,0.2857142857142857,0.2857142857142857,0.07142857142857142,0.13043478260869565,0.043478260869565216
FFSLIPSLVKKLIKAFK,amp_all_clean.csv,1,amp,0,17,0.020000000000000004,0,0.0,0.0,0.1,0.0,0.058823529411764705
FFKLIPKLVKKLIKAFK,amp_all_clean.csv,1,amp,0,17,0.020000000000000004,0,0.0,0.0,0.1,0.0,0.058823529411764705
ALWKKILKNAGKAALNKINQIVQ,amp_all_clean.csv,1,amp,0,23,0.10267857142857142,1,0.125,0.14285714285714285,0.0,0.043478260869565216,0.0
ALWKDILKNLLKAALNEINQIVQ,amp_all_clean.csv,1,amp,0,23,0.0,0,0.0,0.0,0.0,0.0,0.0
ATYRTGRATRESLSGVEISGRLYRLR,amp_all_clean.csv,1,amp,0,26,0.2,2,0.25,0.25,0.0,0.11538461538461539,0.0
KAAKAAKKAAKAAWK,amp_all_clean.csv,1,amp,0,15,0.0,0,0.0,0.0,0.0,0.0,0.0
RWKIFKKIPKFLHSAKKF,amp_all_clean.csv,1,amp,0,18,0.020000000000000004,1,0.0,0.0,0.1,0.0,0.05555555555555555
RWKIFKKIKKFLHSAKKF,amp_all_clean.csv,1,amp,1,18,0.0,0,0.0,0.0,0.0,0.0,0.0
WGRRGWGPGRRYVRN,amp_all_clean.csv,1,amp,0,15,0.335,1,0.4,0.5,0.0,0.26666666666666666,0.06666666666666667
WGRRGWGAGRRYVRW,amp_all_clean.csv,1,amp,0,15,0.335,1,0.4,0.5,0.0,0.26666666666666666,0.0
WGRRGWGKGRRYVRW,amp_all_clean.csv,1,amp,0,15,0.335,1,0.4,0.5,0.0,0.26666666666666666,0.0
ILPWKWPWWKWRR,amp_all_clean.csv,1,amp,0,13,0.05,1,0.0,0.0,0.25,0.0,0.15384615384615385
ILKWKWPWWPWRR,amp_all_clean.csv,1,amp,0,13,0.06666666666666667,2,0.0,0.0,0.3333333333333333,0.0,0.15384615384615385
ILKWKWKWWPWRR,amp_all_clean.csv,1,amp,0,13,0.03333333333333333,2,0.0,0.0,0.16666666666666666,0.0,0.07692307692307693
ILPWKWKWWKWRR,amp_all_clean.csv,1,amp,0,13,0.025,0,0.0,0.0,0.125,0.0,0.07692307692307693
ILKWKWPWWKWRR,amp_all_clean.csv,1,amp,0,13,0.03333333333333333,2,0.0,0.0,0.16666666666666666,0.0,0.07692307692307693
ILKWKWKWWKWRR,amp_all_clean.csv,1,amp,0,13,0.0,0,0.0,0.0,0.0,0.0,0.0
GLLWKWGWKWKEFLRIVGY,amp_all_clean.csv,1,amp,0,19,0.2357142857142857,0,0.2857142857142857,0.3333333333333333,0.0,0.15789473684210525,0.0
GLLRKWGKKWKEFLRRVWK,amp_all_clean.csv,1,amp,0,19,0.2357142857142857,0,0.2857142857142857,0.3333333333333333,0.0,0.10526315789473684,0.0
AWCFRVCYRGICYRRCR,amp_all_clean.csv,1,amp,1,17,0.13833333333333334,0,0.16666666666666666,0.2,0.0,0.058823529411764705,0.0
KACFRVCYRGICYRRCR,amp_all_clean.csv,1,amp,1,17,0.13833333333333334,0,0.16666666666666666,0.2,0.0,0.058823529411764705,0.0
KWAFRVCYRGICYRRSR,amp_all_clean.csv,1,amp,0,17,0.13833333333333334,0,0.16666666666666666,0.2,0.0,0.058823529411764705,0.0
KWCARVCYRGICYRRCR,amp_all_clean.csv,1,amp,1,17,0.13833333333333334,0,0.16666666666666666,0.2,0.0,0.058823529411764705,0.0
KWCFAVCYRGICYRRCR,amp_all_clean.csv,1,amp,1,17,0.13833333333333334,0,0.16666666666666666,0.2,0.0,0.058823529411764705,0.0
KWCFRACYRGICYRRCR,amp_all_clean.csv,1,amp,1,17,0.13833333333333334,0,0.16666666666666666,0.2,0.0,0.058823529411764705,0.0
KWCFRVAYRGISYRRCR,amp_all_clean.csv,1,amp,0,17,0.13833333333333334,0,0.16666666666666666,0.2,0.0,0.058823529411764705,0.0
KWCFRVCARGICYRRCR,amp_all_clean.csv,1,amp,1,17,0.13833333333333334,0,0.16666666666666666,0.2,0.0,0.058823529411764705,0.0
KWCFRVCYAGICYRRCR,amp_all_clean.csv,1,amp,1,17,0.13833333333333334,0,0.16666666666666666,0.2,0.0,0.058823529411764705,0.0
KWCFRVCYRAICYRRCR,amp_all_clean.csv,1,amp,1,17,0.0,0,0.0,0.0,0.0,0.0,0.0
KWCFRVCYRGACYRRCR,amp_all_clean.csv,1,amp,1,17,0.13833333333333334,0,0.16666666666666666,0.2,0.0,0.058823529411764705,0.0
KWCFRVSYRGIAYRRCR,amp_all_clean.csv,1,amp,0,17,0.13833333333333334,0,0.16666666666666666,0.2,0.0,0.058823529411764705,0.0
KWCFRVCYRGICARRCR,amp_all_clean.csv,1,amp,1,17,0.13833333333333334,0,0.16666666666666666,0.2,0.0,0.058823529411764705,0.0
KWCFRVCYRGICYARCR,amp_all_clean.csv,1,amp,1,17,0.13833333333333334,0,0.16666666666666666,0.2,0.0,0.058823529411764705,0.0
KWCFRVCYRGICYRACR,amp_all_clean.csv,1,amp,1,17,0.13833333333333334,0,0.16666666666666666,0.2,0.0,0.058823529411764705,0.0
KWSFRVCYRGICYRRAR,amp_all_clean.csv,1,amp,0,17,0.13833333333333334,0,0.16666666666666666,0.2,0.0,0.058823529411764705,0.0
KWCFRVCYRGICYRRCA,amp_all_clean.csv,1,amp,1,17,0.13833333333333334,0,0.16666666666666666,0.2,0.0,0.058823529411764705,0.0
KWAFRVCYRGICYRRAR,amp_all_clean.csv,1,amp,0,17,0.13833333333333334,0,0.16666666666666666,0.2,0.0,0.058823529411764705,0.0
KWCFRVAYRGIAYRRCR,amp_all_clean.csv,1,amp,0,17,0.13833333333333334,0,0.16666666666666666,0.2,0.0,0.058823529411764705,0.0
KWAFRVAYRGIAYRRAR,amp_all_clean.csv,1,amp,0,17,0.13833333333333334,0,0.16666666666666666,0.2,0.0,0.058823529411764705,0.0
KWCFRRCYAGICYRRCR,amp_all_clean.csv,1,amp,1,17,0.13833333333333334,0,0.16666666666666666,0.2,0.0,0.058823529411764705,0.0
RWCFRVCYRGICYRRCR,amp_all_clean.csv,1,amp,1,17,0.13833333333333334,0,0.16666666666666666,0.2,0.0,0.058823529411764705,0.0
KWCGRVCYRGICYRRCR,amp_all_clean.csv,1,amp,1,17,0.27666666666666667,0,0.3333333333333333,0.4,0.0,0.11764705882352941,0.0
KWCSRVCYRGICYRRCR,amp_all_clean.csv,1,amp,1,17,0.13833333333333334,0,0.16666666666666666,0.2,0.0,0.058823529411764705,0.0
KWCFRVCGRGICYRRCR,amp_all_clean.csv,1,amp,1,17,0.13833333333333334,0,0.16666666666666666,0.2,0.0,0.11764705882352941,0.0
KWCFRVCYRGGCYRRCR,amp_all_clean.csv,1,amp,1,17,0.13833333333333334,0,0.16666666666666666,0.2,0.0,0.11764705882352941,0.0
KWCARVCARGACYRRCR,amp_all_clean.csv,1,amp,1,17,0.13833333333333334,0,0.16666666666666666,0.2,0.0,0.058823529411764705,0.0
KWCFVCYRGICYRRCG,amp_all_clean.csv,1,amp,1,16,0.1675,2,0.2,0.25,0.0,0.125,0.0
AWCARVCYRGICYRRCR,amp_all_clean.csv,1,amp,1,17,0.13833333333333334,0,0.16666666666666666,0.2,0.0,0.058823529411764705,0.0
AWCFRVCARGICYRRCR,amp_all_clean.csv,1,amp,1,17,0.13833333333333334,0,0.16666666666666666,0.2,0.0,0.058823529411764705,0.0
AWCFRVCYRGACYRRCR,amp_all_clean.csv,1,amp,1,17,0.13833333333333334,0,0.16666666666666666,0.2,0.0,0.058823529411764705,0.0
KWCFRVCYAGICYRRCA,amp_all_clean.csv,1,amp,1,17,0.13833333333333334,0,0.16666666666666666,0.2,0.0,0.058823529411764705,0.0
KWCRCVCRRGICRCFCRG,amp_all_clean.csv,1,amp,1,18,0.13333333333333333,0,0.16666666666666666,0.16666666666666666,0.0,0.1111111111111111,0.0
GWCRCVCRRGICRCFCRK,amp_all_clean.csv,1,amp,1,18,0.26666666666666666,0,0.3333333333333333,0.3333333333333333,0.0,0.1111111111111111,0.0
RFRRLRWKTRWRLKKI,amp_all_clean.csv,1,amp,1,16,0.0,0,0.0,0.0,0.0,0.0,0.0
RFRRLRWKTRWRLKKICYCRRRFCVCV,amp_all_clean.csv,1,amp,1,27,0.0,0,0.0,0.0,0.0,0.0,0.0
RFRRLRWKTRWRLKKIWWPFLRR,amp_all_clean.csv,1,amp,1,23,0.014285714285714285,1,0.0,0.0,0.07142857142857142,0.0,0.043478260869565216
RFRRLRCKTRCRLKKI,amp_all_clean.csv,1,amp,1,16,0.0,0,0.0,0.0,0.0,0.0,0.0
RFRRLRDKTRDRLKKI,amp_all_clean.csv,1,amp,0,16,0.0,0,0.0,0.0,0.0,0.0,0.0
RFRRLRIKTRIRLKKI,amp_all_clean.csv,1,amp,1,16,0.0,0,0.0,0.0,0.0,0.0,0.0
RFRRLRPKTRPRLKKI,amp_all_clean.csv,1,amp,1,16,0.05,2,0.0,0.0,0.25,0.0,0.125
RFRRLRWRTRWRLRRI,amp_all_clean.csv,1,amp,1,16,0.0,0,0.0,0.0,0.0,0.0,0.0
IRCRRRFCRI,amp_all_clean.csv,1,amp,0,10,0.0,0,0.0,0.0,0.0,0.0,0.0
IRIRCRRRFCRIRI,amp_all_clean.csv,1,amp,0,14,0.0,0,0.0,0.0,0.0,0.0,0.0
FRCRRRFCRF,amp_all_clean.csv,1,amp,0,10,0.0,0,0.0,0.0,0.0,0.0,0.0
FRFRCRRRFCRFRF,amp_all_clean.csv,1,amp,0,14,0.0,0,0.0,0.0,0.0,0.0,0.0
WRCRRRFCRW,amp_all_clean.csv,1,amp,0,10,0.0,0,0.0,0.0,0.0,0.0,0.0
WRWRCRRRFCRWRW,amp_all_clean.csv,1,amp,0,14,0.0,0,0.0,0.0,0.0,0.0,0.0
PRCRRRFCRP,amp_all_clean.csv,1,amp,0,10,0.03333333333333333,1,0.0,0.0,0.16666666666666666,0.0,0.2
PRPRCRRRFCRPRP,amp_all_clean.csv,1,amp,0,14,0.05,0,0.0,0.0,0.25,0.0,0.2857142857142857
RWTWRGSGRWTWR,amp_all_clean.csv,1,amp,0,13,0.2125,2,0.25,0.3333333333333333,0.0,0.15384615384615385,0.0
FLKLLKKLL,amp_all_clean.csv,1,amp,0,9,0.0,0,0.0,0.0,0.0,0.0,0.0
LRRAARWARRLLRR,amp_all_clean.csv,1,amp,0,14,0.0,0,0.0,0.0,0.0,0.0,0.0
LRRLLRWLRRLLRR,amp_all_clean.csv,1,amp,0,14,0.0,0,0.0,0.0,0.0,0.0,0.0
LRRPPRWPRRLLRR,amp_all_clean.csv,1,amp,0,14,0.07500000000000001,2,0.0,0.0,0.375,0.0,0.21428571428571427
KWCFRSCYRGICYRRCR,amp_all_clean.csv,1,amp,1,17,0.13833333333333334,0,0.16666666666666666,0.2,0.0,0.058823529411764705,0.0
KWCFRRCYRGICYRRCR,amp_all_clean.csv,1,amp,1,17,0.13833333333333334,0,0.16666666666666666,0.2,0.0,0.058823529411764705,0.0
KWCFRVCSRGICYRRCR,amp_all_clean.csv,1,amp,1,17,0.13833333333333334,0,0.16666666666666666,0.2,0.0,0.058823529411764705,0.0
KWCFRVCRRGICYRRCR,amp_all_clean.csv,1,amp,1,17,0.13833333333333334,0,0.16666666666666666,0.2,0.0,0.058823529411764705,0.0
KWCFRVCYRGSCYRRCR,amp_all_clean.csv,1,amp,1,17,0.13833333333333334,0,0.16666666666666666,0.2,0.0,0.058823529411764705,0.0
KWCFRVCYRGRCYRRCR,amp_all_clean.csv,1,amp,1,17,0.13833333333333334,0,0.16666666666666666,0.2,0.0,0.058823529411764705,0.0
KRIVKLLLKWLR,amp_all_clean.csv,1,amp,0,12,0.0,0,0.0,0.0,0.0,0.0,0.0
RFRRLRKKTRKRLKKI,amp_all_clean.csv,1,amp,1,16,0.0,0,0.0,0.0,0.0,0.0,0.0
RFRRLRKKWRKRLKKI,amp_all_clean.csv,1,amp,1,16,0.0,0,0.0,0.0,0.0,0.0,0.0
RFRRLRKKIRKRLKKI,amp_all_clean.csv,1,amp,1,16,0.0,0,0.0,0.0,0.0,0.0,0.0
RFRRLRKKKRKRLKKI,amp_all_clean.csv,1,amp,1,16,0.0,0,0.0,0.0,0.0,0.0,0.0
RFRRLRKKFRKRLKKI,amp_all_clean.csv,1,amp,1,16,0.0,0,0.0,0.0,0.0,0.0,0.0
RRWWRHWRR,amp_all_clean.csv,1,amp,0,9,0.0,0,0.0,0.0,0.0,0.0,0.0
RRWHRWWRR,amp_all_clean.csv,1,amp,0,9,0.0,0,0.0,0.0,0.0,0.0,0.0
RRHWRWWRR,amp_all_clean.csv,1,amp,0,9,0.0,0,0.0,0.0,0.0,0.0,0.0
RRWHRHWRR,amp_all_clean.csv,1,amp,0,9,0.0,0,0.0,0.0,0.0,0.0,0.0
RRWWRWWRR,amp_all_clean.csv,1,amp,0,9,0.0,0,0.0,0.0,0.0,0.0,0.0
HRWWRWWRR,amp_all_clean.csv,1,amp,0,9,0.0,0,0.0,0.0,0.0,0.0,0.0
RRWWHWWRR,amp_all_clean.csv,1,amp,0,9,0.0,0,0.0,0.0,0.0,0.0,0.0
HRWWRWWRH,amp_all_clean.csv,1,amp,0,9,0.0,0,0.0,0.0,0.0,0.0,0.0
RVVRPVVQVVKQKVR,amp_all_clean.csv,1,amp,0,15,0.025,2,0.0,0.0,0.125,0.0,0.06666666666666667
RIIRPIIQIIKQKIR,amp_all_clean.csv,1,amp,0,15,0.025,2,0.0,0.0,0.125,0.0,0.06666666666666667
RLLRPLLQLLKQKLR,amp_all_clean.csv,1,amp,0,15,0.025,2,0.0,0.0,0.125,0.0,0.06666666666666667
KGCALVKVRGLTLKVCK,amp_all_clean.csv,1,amp,0,17,0.13833333333333334,0,0.16666666666666666,0.2,0.0,0.11764705882352941,0.0
KWCRKWQWRGVKFIKCV,amp_all_clean.csv,1,amp,0,17,0.13833333333333334,0,0.16666666666666666,0.2,0.0,0.058823529411764705,0.0
HKCAKIKWRGVHVKYCA,amp_all_clean.csv,1,amp,0,17,0.13833333333333334,0,0.16666666666666666,0.2,0.0,0.058823529411764705,0.0
GIHHILKYGKPS,amp_all_clean.csv,1,amp,0,12,0.24583333333333332,2,0.25,0.3333333333333333,0.16666666666666666,0.16666666666666666,0.08333333333333333
KIKWILKYWKWS,amp_all_clean.csv,1,amp,0,12,0.0,0,0.0,0.0,0.0,0.0,0.0
RIRWILRYWRWS,amp_all_clean.csv,1,amp,0,12,0.0,0,0.0,0.0,0.0,0.0,0.0
KRIVQRIKDWLR,amp_all_clean.csv,1,amp,0,12,0.0,0,0.0,0.0,0.0,0.0,0.0
KRIVQRIKKWLR,amp_all_clean.csv,1,amp,0,12,0.0,0,0.0,0.0,0.0,0.0,0.0
KRIVKRIKKWLR,amp_all_clean.csv,1,amp,0,12,0.0,0,0.0,0.0,0.0,0.0,0.0
KRIVKLIKKWLR,amp_all_clean.csv,1,amp,0,12,0.0,0,0.0,0.0,0.0,0.0,0.0
KRIVKLILKWLR,amp_all_clean.csv,1,amp,0,12,0.0,0,0.0,0.0,0.0,0.0,0.0
LRIVKLILKWLR,amp_all_clean.csv,1,amp,0,12,0.0,0,0.0,0.0,0.0,0.0,0.0
KRIRKRIKKWLR,amp_all_clean.csv,1,amp,0,12,0.0,0,0.0,0.0,0.0,0.0,0.0
KRIRKRIKKWKR,amp_all_clean.csv,1,amp,1,12,0.0,0,0.0,0.0,0.0,0.0,0.0
GIMSSLMKKLKAHIAK,amp_all_clean.csv,1,amp,0,16,0.13833333333333334,0,0.16666666666666666,0.2,0.0,0.0625,0.0
GIMSSLMKKLAKHIAK,amp_all_clean.csv,1,amp,0,16,0.13833333333333334,0,0.16666666666666666,0.2,0.0,0.0625,0.0
GIMSSLMKKLAAHIKK,amp_all_clean.csv,1,amp,0,16,0.13833333333333334,0,0.16666666666666666,0.2,0.0,0.0625,0.0
GIMSSLMKKLKKHIAK,amp_all_clean.csv,1,amp,0,16,0.13833333333333334,0,0.16666666666666666,0.2,0.0,0.0625,0.0
GIMISLMKKLAAHIAK,amp_all_clean.csv,1,amp,0,16,0.13833333333333334,0,0.16666666666666666,0.2,0.0,0.0625,0.0
GIMSSLMKKLAAIIAK,amp_all_clean.csv,1,amp,0,16,0.13833333333333334,0,0.16666666666666666,0.2,0.0,0.0625,0.0
GIMSSLMKKLAKIIAK,amp_all_clean.csv,1,amp,0,16,0.13833333333333334,0,0.16666666666666666,0.2,0.0,0.0625,0.0
GIMSSLMKKLKKIIAK,amp_all_clean.csv,1,amp,0,16,0.13833333333333334,0,0.16666666666666666,0.2,0.0,0.0625,0.0
GIMSSLMKKLAKIIKK,amp_all_clean.csv,1,amp,0,16,0.13833333333333334,0,0.16666666666666666,0.2,0.0,0.0625,0.0
GIMSSLMKKLKKIIKK,amp_all_clean.csv,1,amp,0,16,0.13833333333333334,0,0.16666666666666666,0.2,0.0,0.0625,0.0
GILSSLLKKLKKIIAK,amp_all_clean.csv,1,amp,0,16,0.13833333333333334,0,0.16666666666666666,0.2,0.0,0.0625,0.0
GILKSLLKKLKKIIAK,amp_all_clean.csv,1,amp,0,16,0.13833333333333334,0,0.16666666666666666,0.2,0.0,0.0625,0.0
GILSKLLKKLKKIIAK,amp_all_clean.csv,1,amp,0,16,0.13833333333333334,0,0.16666666666666666,0.2,0.0,0.0625,0.0
KILSSLLKKLKKIIAK,amp_all_clean.csv,1,amp,0,16,0.0,0,0.0,0.0,0.0,0.0,0.0
GIWSSLLKKLKKIIAK,amp_all_clean.csv,1,amp,0,16,0.13833333333333334,0,0.16666666666666666,0.2,0.0,0.0625,0.0
GILSSWLKKLKKIIAK,amp_all_clean.csv,1,amp,0,16,0.13833333333333334,0,0.16666666666666666,0.2,0.0,0.0625,0.0
GILSSLWKKLKKIIAK,amp_all_clean.csv,1,amp,0,16,0.13833333333333334,0,0.16666666666666666,0.2,0.0,0.0625,0.0
GKLSSLWKKLKKIIAK,amp_all_clean.csv,1,amp,0,16,0.13833333333333334,0,0.16666666666666666,0.2,0.0,0.0625,0.0
GILSSLLKKWKKIIAK,amp_all_clean.csv,1,amp,0,16,0.13833333333333334,0,0.16666666666666666,0.2,0.0,0.0625,0.0
GILSSLLKKLKKWIAK,amp_all_clean.csv,1,amp,0,16,0.13833333333333334,0,0.16666666666666666,0.2,0.0,0.0625,0.0
GILSSLWKKLKKWIAK,amp_all_clean.csv,1,amp,0,16,0.13833333333333334,0,0.16666666666666666,0.2,0.0,0.0625,0.0
GILSSLWKKPKKIIAK,amp_all_clean.csv,1,amp,0,16,0.13833333333333334,0,0.16666666666666666,0.2,0.0,0.0625,0.0625
WGEAFSAGVHRLANGGNG,amp_all_clean.csv,1,amp,0,18,0.27666666666666667,1,0.3333333333333333,0.4,0.0,0.2777777777777778,0.0
WGRAFSAGVHRLANGGNG,amp_all_clean.csv,1,amp,0,18,0.27666666666666667,1,0.3333333333333333,0.4,0.0,0.2777777777777778,0.0
WGRAFSAGVHRLARGGRG,amp_all_clean.csv,1,amp,0,18,0.27666666666666667,1,0.3333333333333333,0.4,0.0,0.2777777777777778,0.0
WGRAFSRGVRRLARGGRG,amp_all_clean.csv,1,amp,0,18,0.27666666666666667,1,0.3333333333333333,0.4,0.0,0.2777777777777778,0.0
WGRAFRRGVRRLARGGRR,amp_all_clean.csv,1,amp,0,18,0.27666666666666667,1,0.3333333333333333,0.4,0.0,0.2222222222222222,0.0
WGRAFRRLVRRLARGLRR,amp_all_clean.csv,1,amp,0,18,0.13833333333333334,1,0.16666666666666666,0.2,0.0,0.1111111111111111,0.0
WLRAFRRLVRRLARGLRR,amp_all_clean.csv,1,amp,0,18,0.13833333333333334,2,0.16666666666666666,0.2,0.0,0.05555555555555555,0.0
WLRAFRRLVRRLARLLRR,amp_all_clean.csv,1,amp,0,18,0.0,0,0.0,0.0,0.0,0.0,0.0
GANLAKKFYTYINKFINYAW,amp_all_clean.csv,1,amp,0,20,0.11785714285714285,0,0.14285714285714285,0.16666666666666666,0.0,0.05,0.0
GANAAKKFATIAKKFINYLW,amp_all_clean.csv,1,amp,0,20,0.11785714285714285,0,0.14285714285714285,0.16666666666666666,0.0,0.05,0.0
GANALKKYFTILKKFFKLAW,amp_all_clean.csv,1,amp,0,20,0.11785714285714285,0,0.14285714285714285,0.16666666666666666,0.0,0.05,0.0
GIKIAKKAITIAKKIAKIYW,amp_all_clean.csv,1,amp,0,20,0.11785714285714285,0,0.14285714285714285,0.16666666666666666,0.0,0.05,0.0
GAKYAKYIYNFYKYIAKYIW,amp_all_clean.csv,1,amp,0,20,0.11785714285714285,0,0.14285714285714285,0.16666666666666666,0.0,0.05,0.0
GAKYAKIIYNYLKKIANALW,amp_all_clean.csv,1,amp,0,20,0.11785714285714285,0,0.14285714285714285,0.16666666666666666,0.0,0.05,0.0
GAKALTKAATAFTKFYKTIW,amp_all_clean.csv,1,amp,0,20,0.11785714285714285,0,0.14285714285714285,0.16666666666666666,0.0,0.05,0.0
GATYAKKIIKTITKIATTAW,amp_all_clean.csv,1,amp,0,20,0.11785714285714285,0,0.14285714285714285,0.16666666666666666,0.0,0.05,0.0
GYNYAKKLANLAKKFANALW,amp_all_clean.csv,1,amp,0,20,0.11785714285714285,0,0.14285714285714285,0.16666666666666666,0.0,0.05,0.0
GLTFLKKILNFAKKIYTAIW,amp_all_clean.csv,1,amp,0,20,0.11785714285714285,0,0.14285714285714285,0.16666666666666666,0.0,0.05,0.0
GANAAKKLATFAKKIFTAYW,amp_all_clean.csv,1,amp,0,20,0.11785714285714285,0,0.14285714285714285,0.16666666666666666,0.0,0.05,0.0
GANAAKKFANLIKKIFNYIW,amp_all_clean.csv,1,amp,0,20,0.11785714285714285,0,0.14285714285714285,0.16666666666666666,0.0,0.05,0.0
GYKYINNIIKYINKFFKYIW,amp_all_clean.csv,1,amp,0,20,0.11785714285714285,0,0.14285714285714285,0.16666666666666666,0.0,0.05,0.0
FKKLKKLFKKILKLK,amp_all_clean.csv,1,amp,0,15,0.0,0,0.0,0.0,0.0,0.0,0.0
HLNKRVQRELRGWLDWLK,amp_all_clean.csv,1,amp,0,18,0.13833333333333334,2,0.16666666666666666,0.2,0.0,0.05555555555555555,0.0
HLNKRVQRELIRWLDWLK,amp_all_clean.csv,1,amp,0,18,0.0,0,0.0,0.0,0.0,0.0,0.0
HLNKRVQRELIGWLRWLK,amp_all_clean.csv,1,amp,0,18,0.13833333333333334,2,0.16666666666666666,0.2,0.0,0.05555555555555555,0.0
HLLKRVQRELIGWLDWLK,amp_all_clean.csv,1,amp,0,18,0.13833333333333334,2,0.16666666666666666,0.2,0.0,0.05555555555555555,0.0
HLNKRVQRLLIGWLDWLK,amp_all_clean.csv,1,amp,0,18,0.13833333333333334,2,0.16666666666666666,0.2,0.0,0.05555555555555555,0.0
HLNKRVQRLLIRWLDWLK,amp_all_clean.csv,1,amp,0,18,0.0,0,0.0,0.0,0.0,0.0,0.0
HLLKRVQRLLIGWLDWLK,amp_all_clean.csv,1,amp,0,18,0.13833333333333334,2,0.16666666666666666,0.2,0.0,0.05555555555555555,0.0
HLLKRVQRELIRWLDWLK,amp_all_clean.csv,1,amp,0,18,0.0,0,0.0,0.0,0.0,0.0,0.0
IRIKIRIK,amp_all_clean.csv,1,amp,0,8,0.0,0,0.0,0.0,0.0,0.0,0.0
IRVKIRVKIRVK,amp_all_clean.csv,1,amp,0,12,0.0,0,0.0,0.0,0.0,0.0,0.0
IIRKIIRK,amp_all_clean.csv,1,amp,0,8,0.0,0,0.0,0.0,0.0,0.0,0.0
VRRPKWWWKFLRR,amp_all_clean.csv,1,amp,0,13,0.03333333333333333,2,0.0,0.0,0.16666666666666666,0.0,0.07692307692307693
KKFKWWWKFKK,amp_all_clean.csv,1,amp,0,11,0.0,0,0.0,0.0,0.0,0.0,0.0
ILKKIWKPIKKLF,amp_all_clean.csv,1,amp,0,13,0.03333333333333333,2,0.0,0.0,0.16666666666666666,0.0,0.07692307692307693
ILKKIWKAIKKLF,amp_all_clean.csv,1,amp,0,13,0.0,0,0.0,0.0,0.0,0.0,0.0
KKKKKKAGFAAWAAFGA,amp_all_clean.csv,1,amp,0,17,0.13833333333333334,1,0.16666666666666666,0.2,0.0,0.11764705882352941,0.0
KKKKKKAGFAAWGAFGA,amp_all_clean.csv,1,amp,0,17,0.24666666666666667,0,0.3333333333333333,0.2,0.0,0.17647058823529413,0.0
KKKKKKNGFAAWGAFGA,amp_all_clean.csv,1,amp,0,17,0.24666666666666667,0,0.3333333333333333,0.2,0.0,0.17647058823529413,0.0
WKRIVRRIKRWLR,amp_all_clean.csv,1,amp,0,13,0.0,0,0.0,0.0,0.0,0.0,0.0
WKRIVRWIKRWLR,amp_all_clean.csv,1,amp,0,13,0.0,0,0.0,0.0,0.0,0.0,0.0
WKRIVRRIWRWLR,amp_all_clean.csv,1,amp,0,13,0.0,0,0.0,0.0,0.0,0.0,0.0
FKRWVQRWKRFLR,amp_all_clean.csv,1,amp,0,13,0.0,0,0.0,0.0,0.0,0.0,0.0
WKRWVQRWKRFLR,amp_all_clean.csv,1,amp,0,13,0.0,0,0.0,0.0,0.0,0.0,0.0
WKRWVQRWKRWLR,amp_all_clean.csv,1,amp,0,13,0.0,0,0.0,0.0,0.0,0.0,0.0
WKRWVRRWKRWLR,amp_all_clean.csv,1,amp,0,13,0.0,0,0.0,0.0,0.0,0.0,0.0
FIFHIIKGLFHAGKMI,amp_all_clean.csv,1,amp,0,16,0.16,1,0.2,0.2,0.0,0.125,0.0
GFFALIPKIISSPLFKTLLSAVGSALS,amp_all_clean.csv,1,amp,0,27,0.11597222222222221,1,0.1111111111111111,0.125,0.125,0.07407407407407407,0.07407407407407407
FLSLIPKLVKKIIKAFK,amp_all_clean.csv,1,amp,0,17,0.020000000000000004,0,0.0,0.0,0.1,0.0,0.058823529411764705
FLGMIPKLIKKLIKAFK,amp_all_clean.csv,1,amp,0,17,0.16,2,0.2,0.2,0.0,0.058823529411764705,0.058823529411764705
KKWRWWLKALAKK,amp_all_clean.csv,1,amp,0,13,0.0,0,0.0,0.0,0.0,0.0,0.0
KKWRWWLKALAKKLL,amp_all_clean.csv,1,amp,0,15,0.0,0,0.0,0.0,0.0,0.0,0.0
LKLKAIAALAKKKW,amp_all_clean.csv,1,amp,0,14,0.0,0,0.0,0.0,0.0,0.0,0.0
KKWRKLLKWLAKK,amp_all_clean.csv,1,amp,0,13,0.0,0,0.0,0.0,0.0,0.0,0.0
KKWRKLLKKLKKLL,amp_all_clean.csv,1,amp,0,14,0.0,0,0.0,0.0,0.0,0.0,0.0
FLFKLIPKAIKGLVKAIRK,amp_all_clean.csv,1,amp,0,19,0.15833333333333335,2,0.16666666666666666,0.2,0.1,0.05263157894736842,0.05263157894736842
FLFKLIPKVIKGLVKAIRK,amp_all_clean.csv,1,amp,0,19,0.15833333333333335,2,0.16666666666666666,0.2,0.1,0.05263157894736842,0.05263157894736842
WLSKTAKKL,amp_all_clean.csv,1,amp,0,9,0.0,0,0.0,0.0,0.0,0.0,0.0
WLSKTAKKLWLSKTAKKL,amp_all_clean.csv,1,amp,0,18,0.0,0,0.0,0.0,0.0,0.0,0.0
WLSKTAKKLWLSKTAKKLWLSKTAKKL,amp_all_clean.csv,1,amp,1,27,0.0,0,0.0,0.0,0.0,0.0,0.0
AAKAAAKAAAKAA,amp_all_clean.csv,1,amp,1,13,0.0,0,0.0,0.0,0.0,0.0,0.0
LLKAAAKAAAKLL,amp_all_clean.csv,1,amp,1,13,0.0,0,0.0,0.0,0.0,0.0,0.0
AAKLLLKLLLKAA,amp_all_clean.csv,1,amp,1,13,0.0,0,0.0,0.0,0.0,0.0,0.0
LLKLLLKLLLKLL,amp_all_clean.csv,1,amp,1,13,0.0,0,0.0,0.0,0.0,0.0,0.0
LKKLLKLLKKLLKLAG,amp_all_clean.csv,1,amp,0,16,0.10833333333333334,0,0.16666666666666666,0.0,0.0,0.0625,0.0
AKKLLKLLKKLLKLAG,amp_all_clean.csv,1,amp,0,16,0.10833333333333334,0,0.16666666666666666,0.0,0.0,0.0625,0.0
LKKALKLLKKLLKLAG,amp_all_clean.csv,1,amp,0,16,0.10833333333333334,0,0.16666666666666666,0.0,0.0,0.0625,0.0
LKKLAKLLKKLLKLAG,amp_all_clean.csv,1,amp,0,16,0.10833333333333334,0,0.16666666666666666,0.0,0.0,0.0625,0.0
LKKLLKALKKLLKLAG,amp_all_clean.csv,1,amp,0,16,0.10833333333333334,0,0.16666666666666666,0.0,0.0,0.0625,0.0
LKKLLKLAKKLLKLAG,amp_all_clean.csv,1,amp,0,16,0.10833333333333334,0,0.16666666666666666,0.0,0.0,0.0625,0.0
LKKLLKLLKKALKLAG,amp_all_clean.csv,1,amp,0,16,0.10833333333333334,0,0.16666666666666666,0.0,0.0,0.0625,0.0
LKKLLKLLKKLAKLAG,amp_all_clean.csv,1,amp,0,16,0.10833333333333334,0,0.16666666666666666,0.0,0.0,0.0625,0.0
LKKLLKLLKKLLKAAG,amp_all_clean.csv,1,amp,0,16,0.10833333333333334,0,0.16666666666666666,0.0,0.0,0.0625,0.0
LKKLLKLGKKLLKLAG,amp_all_clean.csv,1,amp,0,16,0.16,1,0.2,0.2,0.0,0.125,0.0
LKKLLKLSKKLLKLAG,amp_all_clean.csv,1,amp,0,16,0.10833333333333334,0,0.16666666666666666,0.0,0.0,0.0625,0.0
LKKLLKLPKKLLKLAG,amp_all_clean.csv,1,amp,0,16,0.12833333333333335,0,0.16666666666666666,0.0,0.1,0.0625,0.0625
LKKLLKLNKKLLKLAG,amp_all_clean.csv,1,amp,0,16,0.10833333333333334,0,0.16666666666666666,0.0,0.0,0.0625,0.0
LKKLLKLQKKLLKLAG,amp_all_clean.csv,1,amp,0,16,0.10833333333333334,0,0.16666666666666666,0.0,0.0,0.0625,0.0
LKKLLKLDKKLLKLAG,amp_all_clean.csv,1,amp,0,16,0.10833333333333334,0,0.16666666666666666,0.0,0.0,0.0625,0.0
LKKLLKLEKKLLKLAG,amp_all_clean.csv,1,amp,0,16,0.10833333333333334,0,0.16666666666666666,0.0,0.0,0.0625,0.0
LKKLLKLKKKLLKLAG,amp_all_clean.csv,1,amp,0,16,0.10833333333333334,0,0.16666666666666666,0.0,0.0,0.0625,0.0
LKKLLKLHKKLLKLAG,amp_all_clean.csv,1,amp,0,16,0.10833333333333334,0,0.16666666666666666,0.0,0.0,0.0625,0.0
AKRIVQRIKDFLR,amp_all_clean.csv,1,amp,0,13,0.0,0,0.0,0.0,0.0,0.0,0.0
FKRAVQRIKDFLR,amp_all_clean.csv,1,amp,0,13,0.0,0,0.0,0.0,0.0,0.0,0.0
FKRIAQRIKDFLR,amp_all_clean.csv,1,amp,0,13,0.0,0,0.0,0.0,0.0,0.0,0.0
FKRIVQRAKDFLR,amp_all_clean.csv,1,amp,0,13,0.0,0,0.0,0.0,0.0,0.0,0.0
FKRIVQRIKDALR,amp_all_clean.csv,1,amp,0,13,0.0,0,0.0,0.0,0.0,0.0,0.0
FKRIVQRIKDFAR,amp_all_clean.csv,1,amp,0,13,0.0,0,0.0,0.0,0.0,0.0,0.0
FKRGVQRIKDFLR,amp_all_clean.csv,1,amp,0,13,0.1675,0,0.2,0.25,0.0,0.07692307692307693,0.0
FKRSVQRIKDFLR,amp_all_clean.csv,1,amp,0,13,0.0,0,0.0,0.0,0.0,0.0,0.0
FKRNVQRIKDFLR,amp_all_clean.csv,1,amp,0,13,0.0,0,0.0,0.0,0.0,0.0,0.0
FKRQVQRIKDFLR,amp_all_clean.csv,1,amp,0,13,0.0,0,0.0,0.0,0.0,0.0,0.0
FKRHVQRIKDFLR,amp_all_clean.csv,1,amp,0,13,0.0,0,0.0,0.0,0.0,0.0,0.0
FKRIGQRIKDFLR,amp_all_clean.csv,1,amp,0,13,0.2,1,0.25,0.25,0.0,0.07692307692307693,0.0
FKRISQRIKDFLR,amp_all_clean.csv,1,amp,0,13,0.0,0,0.0,0.0,0.0,0.0,0.0
FKRINQRIKDFLR,amp_all_clean.csv,1,amp,0,13,0.0,0,0.0,0.0,0.0,0.0,0.0
FKRIQQRIKDFLR,amp_all_clean.csv,1,amp,0,13,0.0,0,0.0,0.0,0.0,0.0,0.0
FKRIHQRIKDFLR,amp_all_clean.csv,1,amp,0,13,0.0,0,0.0,0.0,0.0,0.0,0.0
FKRIVQRIKDGLR,amp_all_clean.csv,1,amp,0,13,0.2,1,0.25,0.25,0.0,0.07692307692307693,0.0
FKRIVQRIKDSLR,amp_all_clean.csv,1,amp,0,13,0.0,0,0.0,0.0,0.0,0.0,0.0
FKRIVQRIKDNLR,amp_all_clean.csv,1,amp,0,13,0.0,0,0.0,0.0,0.0,0.0,0.0
FKRIVQRIKDQLR,amp_all_clean.csv,1,amp,0,13,0.0,0,0.0,0.0,0.0,0.0,0.0
FKRIVQRIKDHLR,amp_all_clean.csv,1,amp,0,13,0.0,0,0.0,0.0,0.0,0.0,0.0
RIIDLLARVRRPQKPKFVTVWVR,amp_all_clean.csv,1,amp,0,23,0.02857142857142857,0,0.0,0.0,0.14285714285714285,0.0,0.08695652173913043
RIIDLLWRVRRPQKPKFVTVAVR,amp_all_clean.csv,1,amp,0,23,0.02857142857142857,0,0.0,0.0,0.14285714285714285,0.0,0.08695652173913043
RRRRRRRR,amp_all_clean.csv,1,amp,0,8,0.0,0,0.0,0.0,0.0,0.0,0.0
FVQWWSKWLGRIL,amp_all_clean.csv,1,amp,0,13,0.1675,0,0.2,0.25,0.0,0.07692307692307693,0.0
FVRWWSKWLRRIL,amp_all_clean.csv,1,amp,0,13,0.0,0,0.0,0.0,0.0,0.0,0.0
FVRWWSRWLRRIL,amp_all_clean.csv,1,amp,0,13,0.0,0,0.0,0.0,0.0,0.0,0.0
FVKWWSKWLKKIL,amp_all_clean.csv,1,amp,0,13,0.0,0,0.0,0.0,0.0,0.0,0.0
RRLRKKTRKRLK,amp_all_clean.csv,1,amp,1,12,0.0,0,0.0,0.0,0.0,0.0,0.0
RWLRKWTRKRLK,amp_all_clean.csv,1,amp,0,12,0.0,0,0.0,0.0,0.0,0.0,0.0
RRLRWKTRWRLK,amp_all_clean.csv,1,amp,0,12,0.0,0,0.0,0.0,0.0,0.0,0.0
RRLRKKTWKRLW,amp_all_clean.csv,1,amp,0,12,0.0,0,0.0,0.0,0.0,0.0,0.0
RWLRKWTRKWLK,amp_all_clean.csv,1,amp,0,12,0.0,0,0.0,0.0,0.0,0.0,0.0
WRLRWKTRWRLK,amp_all_clean.csv,1,amp,0,12,0.0,0,0.0,0.0,0.0,0.0,0.0
RRLWKKTWKRLW,amp_all_clean.csv,1,amp,0,12,0.0,0,0.0,0.0,0.0,0.0,0.0
RWLRWKTRWRLK,amp_all_clean.csv,1,amp,0,12,0.0,0,0.0,0.0,0.0,0.0,0.0
RRLRWWTRWRLK,amp_all_clean.csv,1,amp,0,12,0.0,0,0.0,0.0,0.0,0.0,0.0
VRLRVKTRVRLK,amp_all_clean.csv,1,amp,0,12,0.0,0,0.0,0.0,0.0,0.0,0.0
LRLRLKTRLRLK,amp_all_clean.csv,1,amp,0,12,0.0,0,0.0,0.0,0.0,0.0,0.0
RWLRWWTRWRLK,amp_all_clean.csv,1,amp,0,12,0.0,0,0.0,0.0,0.0,0.0,0.0
WRVRWKTRWRVK,amp_all_clean.csv,1,amp,0,12,0.0,0,0.0,0.0,0.0,0.0,0.0
WRIRWKTRWRIK,amp_all_clean.csv,1,amp,0,12,0.0,0,0.0,0.0,0.0,0.0,0.0
WRFRWKTRWRFK,amp_all_clean.csv,1,amp,0,12,0.0,0,0.0,0.0,0.0,0.0,0.0
WRLRWRTRWRLR,amp_all_clean.csv,1,amp,0,12,0.0,0,0.0,0.0,0.0,0.0,0.0
WRLRWRLRWRLR,amp_all_clean.csv,1,amp,0,12,0.0,0,0.0,0.0,0.0,0.0,0.0
WRVRWRVRWRVR,amp_all_clean.csv,1,amp,0,12,0.0,0,0.0,0.0,0.0,0.0,0.0
WRTRWRTRWRTR,amp_all_clean.csv,1,amp,0,12,0.0,0,0.0,0.0,0.0,0.0,0.0
WRFRWRFRWRFR,amp_all_clean.csv,1,amp,0,12,0.0,0,0.0,0.0,0.0,0.0,0.0
WKVKWKVKWKVK,amp_all_clean.csv,1,amp,0,12,0.0,0,0.0,0.0,0.0,0.0,0.0
WKLKWKLKWKLK,amp_all_clean.csv,1,amp,0,12,0.0,0,0.0,0.0,0.0,0.0,0.0
WKIKWKIKWKIK,amp_all_clean.csv,1,amp,0,12,0.0,0,0.0,0.0,0.0,0.0,0.0
WRVRWKVRWRVK,amp_all_clean.csv,1,amp,0,12,0.0,0,0.0,0.0,0.0,0.0,0.0
SFLTTVKKLVTNLAAL,amp_all_clean.csv,1,amp,0,16,0.0,0,0.0,0.0,0.0,0.0,0.0
FLRALWNVAKSVF,amp_all_clean.csv,1,amp,0,13,0.0,0,0.0,0.0,0.0,0.0,0.0
FLGALWRVAKSVF,amp_all_clean.csv,1,amp,0,13,0.2125,2,0.25,0.3333333333333333,0.0,0.07692307692307693,0.0
FLGALWNVAKRVF,amp_all_clean.csv,1,amp,0,13,0.2125,2,0.25,0.3333333333333333,0.0,0.07692307692307693,0.0
GLGALWNVAKSVF,amp_all_clean.csv,1,amp,0,13,0.2125,2,0.25,0.3333333333333333,0.0,0.15384615384615385,0.0
FLGALWNPAKSVF,amp_all_clean.csv,1,amp,0,13,0.24583333333333332,2,0.25,0.3333333333333333,0.16666666666666666,0.07692307692307693,0.07692307692307693
FLGALWNVLKSVF,amp_all_clean.csv,1,amp,0,13,0.2125,2,0.25,0.3333333333333333,0.0,0.07692307692307693,0.0
FLGALWNVFKSVF,amp_all_clean.csv,1,amp,0,13,0.2125,2,0.25,0.3333333333333333,0.0,0.07692307692307693,0.0
FLGALWNVAKSLF,amp_all_clean.csv,1,amp,0,13,0.2125,2,0.25,0.3333333333333333,0.0,0.07692307692307693,0.0
FLGALWNVAKSYF,amp_all_clean.csv,1,amp,0,13,0.2125,2,0.25,0.3333333333333333,0.0,0.07692307692307693,0.0
IHHIHHHIHHIHHH,amp_all_clean.csv,1,amp,1,14,0.0,0,0.0,0.0,0.0,0.0,0.0
IHHIHHHIHHIHHHIHHIHHH,amp_all_clean.csv,1,amp,1,21,0.0,0,0.0,0.0,0.0,0.0,0.0
IHHIHHHIHHIHHHIHHIHHHIHHIHHH,amp_all_clean.csv,1,amp,1,28,0.0,0,0.0,0.0,0.0,0.0,0.0
IHHIHHIIHHIHHI,amp_all_clean.csv,1,amp,0,14,0.0,0,0.0,0.0,0.0,0.0,0.0
IHHIHHIIHHIHHIIHHIHHI,amp_all_clean.csv,1,amp,1,21,0.0,0,0.0,0.0,0.0,0.0,0.0
IHHIHHIIHHIHHIIHHIHHIIHHIHHI,amp_all_clean.csv,1,amp,1,28,0.0,0,0.0,0.0,0.0,0.0,0.0
KKKKKAAFAKAWAAFAA,amp_all_clean.csv,1,amp,0,17,0.0,0,0.0,0.0,0.0,0.0,0.0
KKKKAAFAKAWAKAFAA,amp_all_clean.csv,1,amp,0,17,0.0,0,0.0,0.0,0.0,0.0,0.0
KKKAAFAKAWAKAFKAA,amp_all_clean.csv,1,amp,0,17,0.0,0,0.0,0.0,0.0,0.0,0.0
KKAKAFAKAWAKAFKAA,amp_all_clean.csv,1,amp,0,17,0.0,0,0.0,0.0,0.0,0.0,0.0
KAAKKFAKAWAKAFKAA,amp_all_clean.csv,1,amp,0,17,0.0,0,0.0,0.0,0.0,0.0,0.0
KKKKKKALFALWLAFLA,amp_all_clean.csv,1,amp,0,17,0.0,0,0.0,0.0,0.0,0.0,0.0
KKKKKALFLKLWAAFLA,amp_all_clean.csv,1,amp,0,17,0.0,0,0.0,0.0,0.0,0.0,0.0
KKKKAAFLKLWLKLFAA,amp_all_clean.csv,1,amp,0,17,0.0,0,0.0,0.0,0.0,0.0,0.0
KKKAAFLKLWAKLFKAL,amp_all_clean.csv,1,amp,0,17,0.0,0,0.0,0.0,0.0,0.0,0.0
KKLKAFLKAWAKLFKAL,amp_all_clean.csv,1,amp,0,17,0.0,0,0.0,0.0,0.0,0.0,0.0
KALKKFLKAWAKLFKAL,amp_all_clean.csv,1,amp,0,17,0.0,0,0.0,0.0,0.0,0.0,0.0
KLGALWNVAKSVF,amp_all_clean.csv,1,amp,0,13,0.2125,2,0.25,0.3333333333333333,0.0,0.07692307692307693,0.0
FLGALWNVKKSVF,amp_all_clean.csv,1,amp,0,13,0.2125,2,0.25,0.3333333333333333,0.0,0.07692307692307693,0.0
KLGALWNVAKSKF,amp_all_clean.csv,1,amp,0,13,0.2125,2,0.25,0.3333333333333333,0.0,0.07692307692307693,0.0
FLKALWKVAKSVF,amp_all_clean.csv,1,amp,0,13,0.0,0,0.0,0.0,0.0,0.0,0.0
FLKALWNVAKKVF,amp_all_clean.csv,1,amp,0,13,0.0,0,0.0,0.0,0.0,0.0,0.0
FLGALWKVAKKVF,amp_all_clean.csv,1,amp,0,13,0.2125,2,0.25,0.3333333333333333,0.0,0.07692307692307693,0.0
FLKALWKVAKKVF,amp_all_clean.csv,1,amp,0,13,0.0,0,0.0,0.0,0.0,0.0,0.0
AIKIRKLFKKLLR,amp_all_clean.csv,1,amp,0,13,0.0,0,0.0,0.0,0.0,0.0,0.0
GIKIRKLFKKLLR,amp_all_clean.csv,1,amp,0,13,0.1675,0,0.2,0.25,0.0,0.07692307692307693,0.0
GWAKLITKAIKKI,amp_all_clean.csv,1,amp,0,13,0.1675,0,0.2,0.25,0.0,0.07692307692307693,0.0
GIKFFLKKLKKHI,amp_all_clean.csv,1,amp,0,13,0.1675,0,0.2,0.25,0.0,0.07692307692307693,0.0
IRPAKLRWFKKIK,amp_all_clean.csv,1,amp,0,13,0.025,0,0.0,0.0,0.125,0.0,0.07692307692307693
RLFIKKLKFITRR,amp_all_clean.csv,1,amp,0,13,0.0,0,0.0,0.0,0.0,0.0,0.0
NAMRGAKRVWRHI,amp_all_clean.csv,1,amp,0,13,0.2,1,0.25,0.25,0.0,0.07692307692307693,0.0
KFRKFGKQVWVRL,amp_all_clean.csv,1,amp,0,13,0.2125,2,0.25,0.3333333333333333,0.0,0.07692307692307693,0.0
KVWSRLRKIFSTR,amp_all_clean.csv,1,amp,0,13,0.0,0,0.0,0.0,0.0,0.0,0.0
AKVLKISRRAFRK,amp_all_clean.csv,1,amp,0,13,0.0,0,0.0,0.0,0.0,0.0,0.0
IRRWRLHWFRRAI,amp_all_clean.csv,1,amp,0,13,0.0,0,0.0,0.0,0.0,0.0,0.0
IRRRIRLIVRRQI,amp_all_clean.csv,1,amp,0,13,0.0,0,0.0,0.0,0.0,0.0,0.0
HFKIRKRFVKKLV,amp_all_clean.csv,1,amp,0,13,0.0,0,0.0,0.0,0.0,0.0,0.0
RWIRWVWRKKLRI,amp_all_clean.csv,1,amp,0,13,0.0,0,0.0,0.0,0.0,0.0,0.0
RWIRWVWRKKLR,amp_all_clean.csv,1,amp,0,12,0.0,0,0.0,0.0,0.0,0.0,0.0
RWKRHISEQLRRRDRLQR,amp_all_clean.csv,1,amp,0,18,0.0,0,0.0,0.0,0.0,0.0,0.0
RWKRHISEQLRRRDRLQRQAF,amp_all_clean.csv,1,amp,0,21,0.0,0,0.0,0.0,0.0,0.0,0.0
CGIYRSLKLIKSLVLIK,amp_all_clean.csv,1,amp,0,17,0.13833333333333334,1,0.16666666666666666,0.2,0.0,0.058823529411764705,0.0
CALKLTKAKRLVRKIGF,amp_all_clean.csv,1,amp,0,17,0.10833333333333334,0,0.16666666666666666,0.0,0.0,0.058823529411764705,0.0
KFKKLFKKLSPVFKRIVQRIKDFLR,amp_all_clean.csv,1,amp,1,25,0.014285714285714285,2,0.0,0.0,0.07142857142857142,0.0,0.04
ITEVITILLNRLTDRLEK,amp_all_clean.csv,1,amp,0,18,0.0,0,0.0,0.0,0.0,0.0,0.0
ITKVITKLLNRLTKILSK,amp_all_clean.csv,1,amp,0,18,0.0,0,0.0,0.0,0.0,0.0,0.0
GKIIKLKASLKLL,amp_all_clean.csv,1,amp,0,13,0.1675,0,0.2,0.25,0.0,0.07692307692307693,0.0
KLCKIVVIKVCK,amp_all_clean.csv,1,amp,0,12,0.0,0,0.0,0.0,0.0,0.0,0.0
RLCRIWWIRWCR,amp_all_clean.csv,1,amp,0,12,0.0,0,0.0,0.0,0.0,0.0,0.0
RICRIVVIRVCR,amp_all_clean.csv,1,amp,0,12,0.0,0,0.0,0.0,0.0,0.0,0.0
RICRIWWIRWCR,amp_all_clean.csv,1,amp,0,12,0.0,0,0.0,0.0,0.0,0.0,0.0
RKCRIVVIRVCR,amp_all_clean.csv,1,amp,0,12,0.0,0,0.0,0.0,0.0,0.0,0.0
LKKWWKTSKGLLGGLLGKVTSVIK,amp_all_clean.csv,1,amp,0,24,0.20535714285714285,1,0.25,0.2857142857142857,0.0,0.16666666666666666,0.0
WVKAAAKAAAKVW,amp_all_clean.csv,1,amp,1,13,0.0,0,0.0,0.0,0.0,0.0,0.0
WIKAAAKAAAKIW,amp_all_clean.csv,1,amp,1,13,0.0,0,0.0,0.0,0.0,0.0,0.0
WFKAAAKAAAKFW,amp_all_clean.csv,1,amp,1,13,0.0,0,0.0,0.0,0.0,0.0,0.0
WWKAAAKAAAKWW,amp_all_clean.csv,1,amp,1,13,0.0,0,0.0,0.0,0.0,0.0,0.0
FLPKLFAKITKKNMAHIRC,amp_all_clean.csv,1,amp,0,19,0.016666666666666666,0,0.0,0.0,0.08333333333333333,0.0,0.05263157894736842
CFLPKLFAKITKKNMAHIR,amp_all_clean.csv,1,amp,0,19,0.020000000000000004,2,0.0,0.0,0.1,0.0,0.05263157894736842
IHKFWRCRRRFCRWFKHI,amp_all_clean.csv,1,amp,1,18,0.0,0,0.0,0.0,0.0,0.0,0.0
IHKFWRPGRWFKHI,amp_all_clean.csv,1,amp,0,14,0.1925,1,0.2,0.25,0.125,0.07142857142857142,0.07142857142857142
IHKFWRGGRWFKHI,amp_all_clean.csv,1,amp,0,14,0.1675,0,0.2,0.25,0.0,0.14285714285714285,0.0
IHKFWRRWFKHI,amp_all_clean.csv,1,amp,0,12,0.0,0,0.0,0.0,0.0,0.0,0.0
IHFKWRRWKFHI,amp_all_clean.csv,1,amp,0,12,0.0,0,0.0,0.0,0.0,0.0,0.0
KKKKKKAAFAAWAAFAA,amp_all_clean.csv,1,amp,0,17,0.0,0,0.0,0.0,0.0,0.0,0.0
WWVAARAARR,amp_all_clean.csv,1,amp,0,10,0.0,0,0.0,0.0,0.0,0.0,0.0
QQRKRKIWSILAPLGTTLVKLVAGIG,amp_all_clean.csv,1,amp,0,26,0.21250000000000002,2,0.25,0.25,0.0625,0.11538461538461539,0.038461538461538464
PLILLRLLRGQF,amp_all_clean.csv,1,amp,0,12,0.2,0,0.25,0.25,0.0,0.08333333333333333,0.08333333333333333
AAVLLPVLLAAP,amp_all_clean.csv,1,amp,1,12,0.05,0,0.0,0.0,0.25,0.0,0.16666666666666666
KLALKALKALKAALKLA,amp_all_clean.csv,1,amp,1,17,0.0,0,0.0,0.0,0.0,0.0,0.0
TLKQFAKGVGKWLVK,amp_all_clean.csv,1,amp,0,15,0.1675,1,0.2,0.25,0.0,0.13333333333333333,0.0
RLVRILVSKRPVAIKPYFRL,amp_all_clean.csv,1,amp,0,20,0.03333333333333333,2,0.0,0.0,0.16666666666666666,0.0,0.1
TTSIRRRYQVSLIRRHRGKR,amp_all_clean.csv,1,amp,1,20,0.13333333333333333,2,0.16666666666666666,0.16666666666666666,0.0,0.05,0.0
TCRTNRPCFYDLDLNVCRCS,amp_all_clean.csv,1,amp,1,20,0.016666666666666666,1,0.0,0.0,0.08333333333333333,0.0,0.05
SNGDGTLDAGSTCAPFYARA,amp_all_clean.csv,1,amp,0,20,0.13452380952380952,0,0.14285714285714285,0.16666666666666666,0.08333333333333333,0.15,0.05
YYNPLPHDCGRDNNTDICSR,amp_all_clean.csv,1,amp,0,20,0.13452380952380952,0,0.14285714285714285,0.16666666666666666,0.08333333333333333,0.05,0.1
LSVDKRPVLHPEHIYGHNHY,amp_all_clean.csv,1,amp,0,20,0.13452380952380952,0,0.14285714285714285,0.16666666666666666,0.08333333333333333,0.05,0.1
IHRDQQHESFLDARPEPGLTE,amp_all_clean.csv,1,amp,0,21,0.13452380952380952,2,0.14285714285714285,0.16666666666666666,0.08333333333333333,0.047619047619047616,0.09523809523809523
TIDFGVRNINQSNLVYDTER,amp_all_clean.csv,1,amp,0,20,0.11785714285714285,1,0.14285714285714285,0.16666666666666666,0.0,0.05,0.0
PCNPDHDYRPFGNFRIAFTT,amp_all_clean.csv,1,amp,0,20,0.16666666666666666,2,0.16666666666666666,0.16666666666666666,0.16666666666666666,0.05,0.15
TRDTNDLISSRTAAPSMV,amp_all_clean.csv,1,amp,0,18,0.020000000000000004,1,0.0,0.0,0.1,0.0,0.05555555555555555
LPLPSCSSHGGDADNTSQRN,amp_all_clean.csv,1,amp,0,20,0.13452380952380952,0,0.14285714285714285,0.16666666666666666,0.08333333333333333,0.1,0.1
PNDPDSPCVYRMPNARGCSI,amp_all_clean.csv,1,amp,0,20,0.16785714285714284,1,0.14285714285714285,0.16666666666666666,0.25,0.05,0.2
YDLSDSNCLPANRDKRYYVI,amp_all_clean.csv,1,amp,0,20,0.016666666666666666,1,0.0,0.0,0.08333333333333333,0.0,0.05
SMLAYVDKNDHINPPHSPRS,amp_all_clean.csv,1,amp,0,20,0.05,0,0.0,0.0,0.25,0.0,0.15
DATPHAALFFTVKDHTAGDN,amp_all_clean.csv,1,amp,0,20,0.15,2,0.16666666666666666,0.16666666666666666,0.08333333333333333,0.05,0.05
SDDAQRCYPHNRTPFTYTYI,amp_all_clean.csv,1,amp,0,20,0.03333333333333333,0,0.0,0.0,0.16666666666666666,0.0,0.1
EPCSPKNNYHDLFYRT,amp_all_clean.csv,1,amp,0,16,0.04000000000000001,0,0.0,0.0,0.2,0.0,0.125
CNPLNGADRRTDSFPRFTVI,amp_all_clean.csv,1,amp,0,20,0.13333333333333333,2,0.16666666666666666,0.16666666666666666,0.0,0.05,0.1
KLLKKAGKLLKKAGKLLKKAG,amp_all_clean.csv,1,amp,1,21,0.11785714285714285,1,0.14285714285714285,0.16666666666666666,0.0,0.14285714285714285,0.0
KLLKKGGKLLKKGGKLLKKGG,amp_all_clean.csv,1,amp,1,21,0.22857142857142856,0,0.2857142857142857,0.2857142857142857,0.0,0.2857142857142857,0.0
IKLSKETKDNLKKVLKGAIKGAIAVAKMV,amp_all_clean.csv,1,amp,0,29,0.08888888888888888,2,0.1111111111111111,0.1111111111111111,0.0,0.06896551724137931,0.0
IKLSPKTKDNLKKVLKGAIKGAIAVAKMV,amp_all_clean.csv,1,amp,0,29,0.09999999999999999,2,0.1111111111111111,0.1111111111111111,0.05555555555555555,0.06896551724137931,0.034482758620689655
IKLSPETKKNLKKVLKGAIKGAIAVAKMV,amp_all_clean.csv,1,amp,0,29,0.09999999999999999,2,0.1111111111111111,0.1111111111111111,0.05555555555555555,0.06896551724137931,0.034482758620689655
IKLSKKTKDNLKKVLKGAIKGAIAVAKMV,amp_all_clean.csv,1,amp,0,29,0.08888888888888888,2,0.1111111111111111,0.1111111111111111,0.0,0.06896551724137931,0.0
IKLSKETKKNLKKVLKGAIKGAIAVAKMV,amp_all_clean.csv,1,amp,0,29,0.08888888888888888,2,0.1111111111111111,0.1111111111111111,0.0,0.06896551724137931,0.0
IKLSPKTKKNLKKVLKGAIKGAIAVAKMV,amp_all_clean.csv,1,amp,1,29,0.09999999999999999,2,0.1111111111111111,0.1111111111111111,0.05555555555555555,0.06896551724137931,0.034482758620689655
VDKPPYLPRPRPPRRIYNR,amp_all_clean.csv,1,amp,0,19,0.1,2,0.0,0.0,0.5,0.0,0.3157894736842105
KFFRKLKKSVKKRAKKFFKKPRVIGVSIPF,amp_all_clean.csv,1,amp,1,30,0.1,0,0.1,0.1,0.1,0.03333333333333333,0.06666666666666667
SQRKLAAKLTSKGGGRLLRPLLQLLKQKLR,amp_all_clean.csv,1,amp,1,30,0.09277777777777778,2,0.1,0.1111111111111111,0.05555555555555555,0.1,0.03333333333333333
KIAKRIWKILRRR,amp_all_clean.csv,1,amp,0,13,0.0,0,0.0,0.0,0.0,0.0,0.0
ALLKRIKTLL,amp_all_clean.csv,1,amp,0,10,0.0,0,0.0,0.0,0.0,0.0,0.0
GLLKRIKALL,amp_all_clean.csv,1,amp,0,10,0.2125,0,0.25,0.3333333333333333,0.0,0.1,0.0
AKLIPTIAL,amp_all_clean.csv,1,amp,0,9,0.05,2,0.0,0.0,0.25,0.0,0.1111111111111111
LRCMCIKWWSGKHPK,amp_all_clean.csv,1,amp,0,15,0.1675,1,0.2,0.25,0.0,0.06666666666666667,0.06666666666666667
RIVQRIKKWLLKWKKLGY,amp_all_clean.csv,1,amp,0,18,0.10833333333333334,1,0.16666666666666666,0.0,0.0,0.05555555555555555,0.0
KGLLRKWGKKWKEFLRRVW,amp_all_clean.csv,1,amp,0,19,0.26666666666666666,1,0.3333333333333333,0.3333333333333333,0.0,0.10526315789473684,0.0
FLQRIIGALGRLF,amp_all_clean.csv,1,amp,0,13,0.335,0,0.4,0.5,0.0,0.15384615384615385,0.0
FLQRIRGALGRLF,amp_all_clean.csv,1,amp,0,13,0.335,0,0.4,0.5,0.0,0.15384615384615385,0.0
FLQRIIRALGRLF,amp_all_clean.csv,1,amp,0,13,0.1675,0,0.2,0.25,0.0,0.07692307692307693,0.0
FLQRIIGRLGRLF,amp_all_clean.csv,1,amp,0,13,0.335,0,0.4,0.5,0.0,0.15384615384615385,0.0
FLQRIIGARGRLF,amp_all_clean.csv,1,amp,0,13,0.335,0,0.4,0.5,0.0,0.15384615384615385,0.0
FLQRIIGAWGRLL,amp_all_clean.csv,1,amp,0,13,0.335,0,0.4,0.5,0.0,0.15384615384615385,0.0
GFAWNVCVYRNGVRVCHRRAN,amp_all_clean.csv,1,amp,0,21,0.11785714285714285,2,0.14285714285714285,0.16666666666666666,0.0,0.09523809523809523,0.0
KFWSLLKKALRLWKKVL,amp_all_clean.csv,1,amp,0,17,0.0,0,0.0,0.0,0.0,0.0,0.0
KFWSLLKKALRLWAKVL,amp_all_clean.csv,1,amp,0,17,0.0,0,0.0,0.0,0.0,0.0,0.0
GFGSLLGKALRLWKKVL,amp_all_clean.csv,1,amp,0,17,0.27666666666666667,0,0.3333333333333333,0.4,0.0,0.17647058823529413,0.0
FWQLVPLAIKIYRAWKRR,amp_all_clean.csv,1,amp,0,18,0.020000000000000004,1,0.0,0.0,0.1,0.0,0.05555555555555555
QLVPLAIKIYRAWKRR,amp_all_clean.csv,1,amp,0,16,0.025,2,0.0,0.0,0.125,0.0,0.0625
VPLAIKIYRAWKRR,amp_all_clean.csv,1,amp,0,14,0.025,0,0.0,0.0,0.125,0.0,0.07142857142857142
LAIKIYRAWKRR,amp_all_clean.csv,1,amp,0,12,0.0,0,0.0,0.0,0.0,0.0,0.0
LAKKIYRAWKRR,amp_all_clean.csv,1,amp,0,12,0.0,0,0.0,0.0,0.0,0.0,0.0
LAKKIYRAWKRW,amp_all_clean.csv,1,amp,0,12,0.0,0,0.0,0.0,0.0,0.0,0.0
LAKKIYRKWKRW,amp_all_clean.csv,1,amp,0,12,0.0,0,0.0,0.0,0.0,0.0,0.0
LIKKIYRKWKRW,amp_all_clean.csv,1,amp,0,12,0.0,0,0.0,0.0,0.0,0.0,0.0
LWKKIYRKWKRW,amp_all_clean.csv,1,amp,0,12,0.0,0,0.0,0.0,0.0,0.0,0.0
GLVTDTLKGAAKTVAAELLRKAH,amp_all_clean.csv,1,amp,0,23,0.11428571428571428,2,0.14285714285714285,0.14285714285714285,0.0,0.08695652173913043,0.0
GVITDALKGAAKTVAAELPRKAH,amp_all_clean.csv,1,amp,0,23,0.1285714285714286,2,0.14285714285714285,0.14285714285714285,0.07142857142857142,0.08695652173913043,0.043478260869565216
VRLIVKVRIWRR,amp_all_clean.csv,1,amp,0,12,0.0,0,0.0,0.0,0.0,0.0,0.0
INWLKIAKKVKGML,amp_all_clean.csv,1,amp,0,14,0.2,2,0.25,0.25,0.0,0.07142857142857142,0.0
GIWKFLKKAKKFWK,amp_all_clean.csv,1,amp,0,14,0.1675,0,0.2,0.25,0.0,0.07142857142857142,0.0
FKRLKKLISWIKRKRQQ,amp_all_clean.csv,1,amp,0,17,0.0,0,0.0,0.0,0.0,0.0,0.0
GLPGPLGPAGPK,amp_all_clean.csv,1,amp,0,12,0.9,0,1.0,1.0,0.5,0.3333333333333333,0.3333333333333333
GLSRLFTALK,amp_all_clean.csv,1,amp,0,10,0.2125,0,0.25,0.3333333333333333,0.0,0.1,0.0
GIRDVLKGAAKAFVKTVAGHIAN,amp_all_clean.csv,1,amp,0,23,0.20535714285714285,0,0.25,0.2857142857142857,0.0,0.13043478260869565,0.0
GFKDLLKGAAKALVKAVLF,amp_all_clean.csv,1,amp,0,19,0.13333333333333333,1,0.16666666666666666,0.16666666666666666,0.0,0.10526315789473684,0.0
CLNLKALLAVAKKILC,amp_all_clean.csv,1,amp,0,16,0.0,0,0.0,0.0,0.0,0.0,0.0
RKKRRQRRRLNLKALLAVAKKIL,amp_all_clean.csv,1,amp,1,23,0.0,0,0.0,0.0,0.0,0.0,0.0
ANLKALLAVAKKIL,amp_all_clean.csv,1,amp,1,14,0.0,0,0.0,0.0,0.0,0.0,0.0
LALKALLAVAKKIL,amp_all_clean.csv,1,amp,1,14,0.0,0,0.0,0.0,0.0,0.0,0.0
LNAKALLAVAKKIL,amp_all_clean.csv,1,amp,1,14,0.0,0,0.0,0.0,0.0,0.0,0.0
LNLAALLAVAKKIL,amp_all_clean.csv,1,amp,1,14,0.0,0,0.0,0.0,0.0,0.0,0.0
LNLKAALAVAKKIL,amp_all_clean.csv,1,amp,1,14,0.0,0,0.0,0.0,0.0,0.0,0.0
LNLKALAAVAKKIL,amp_all_clean.csv,1,amp,1,14,0.0,0,0.0,0.0,0.0,0.0,0.0
LNLKALLAAAKKIL,amp_all_clean.csv,1,amp,1,14,0.0,0,0.0,0.0,0.0,0.0,0.0
LNLKALLAVAAKIL,amp_all_clean.csv,1,amp,1,14,0.0,0,0.0,0.0,0.0,0.0,0.0
LNLKALLAVAKAIL,amp_all_clean.csv,1,amp,1,14,0.0,0,0.0,0.0,0.0,0.0,0.0
LNLKALLAVAKKAL,amp_all_clean.csv,1,amp,1,14,0.0,0,0.0,0.0,0.0,0.0,0.0
LNLKALLAVAKKIA,amp_all_clean.csv,1,amp,1,14,0.0,0,0.0,0.0,0.0,0.0,0.0
GNLKALLAVAKKIL,amp_all_clean.csv,1,amp,0,14,0.1675,0,0.2,0.25,0.0,0.07142857142857142,0.0
LNLKALGAVAKKIL,amp_all_clean.csv,1,amp,0,14,0.1675,0,0.2,0.25,0.0,0.07142857142857142,0.0
KNLKALLAVAKKIL,amp_all_clean.csv,1,amp,0,14,0.0,0,0.0,0.0,0.0,0.0,0.0
GNLKALAAVAKKIL,amp_all_clean.csv,1,amp,0,14,0.1675,0,0.2,0.25,0.0,0.07142857142857142,0.0
LNLRALLAVARRIL,amp_all_clean.csv,1,amp,1,14,0.0,0,0.0,0.0,0.0,0.0,0.0
LNLKKLLAVAKKIL,amp_all_clean.csv,1,amp,0,14,0.0,0,0.0,0.0,0.0,0.0,0.0
LNLKKLLKVAKKIL,amp_all_clean.csv,1,amp,0,14,0.0,0,0.0,0.0,0.0,0.0,0.0
LNLKALLAVAKKI,amp_all_clean.csv,1,amp,0,13,0.0,0,0.0,0.0,0.0,0.0,0.0
LNLKALLAVAKK,amp_all_clean.csv,1,amp,0,12,0.0,0,0.0,0.0,0.0,0.0,0.0
LNLKALLAVAK,amp_all_clean.csv,1,amp,1,11,0.0,0,0.0,0.0,0.0,0.0,0.0
GNLKKLLAVAKKIL,amp_all_clean.csv,1,amp,0,14,0.1675,0,0.2,0.25,0.0,0.07142857142857142,0.0
LNLKKLAAVAKKIL,amp_all_clean.csv,1,amp,0,14,0.0,0,0.0,0.0,0.0,0.0,0.0
LNLKKLLAVAKKI,amp_all_clean.csv,1,amp,0,13,0.0,0,0.0,0.0,0.0,0.0,0.0
KLLGPLLKIAAKVGSNLL,amp_all_clean.csv,1,amp,0,18,0.15,0,0.16666666666666666,0.16666666666666666,0.08333333333333333,0.1111111111111111,0.05555555555555555
GLLGKLLKIAAKVGSNLL,amp_all_clean.csv,1,amp,0,18,0.26666666666666666,0,0.3333333333333333,0.3333333333333333,0.0,0.16666666666666666,0.0
GLLGPLLKIAKKVGSNLL,amp_all_clean.csv,1,amp,0,18,0.2833333333333333,0,0.3333333333333333,0.3333333333333333,0.08333333333333333,0.16666666666666666,0.05555555555555555
GLLGPLLKIAAKVGKNLL,amp_all_clean.csv,1,amp,0,18,0.2833333333333333,0,0.3333333333333333,0.3333333333333333,0.08333333333333333,0.16666666666666666,0.05555555555555555
GLLGPLLKIAAKVGKKLL,amp_all_clean.csv,1,amp,0,18,0.2833333333333333,0,0.3333333333333333,0.3333333333333333,0.08333333333333333,0.16666666666666666,0.05555555555555555
GLLGPLLKIAAKVGSKLL,amp_all_clean.csv,1,amp,0,18,0.2833333333333333,0,0.3333333333333333,0.3333333333333333,0.08333333333333333,0.16666666666666666,0.05555555555555555
GLLGKLLKIAAKVGKKLL,amp_all_clean.csv,1,amp,0,18,0.26666666666666666,0,0.3333333333333333,0.3333333333333333,0.0,0.16666666666666666,0.0
GLLKKLLKIAAKVGKKLL,amp_all_clean.csv,1,amp,0,18,0.13833333333333334,1,0.16666666666666666,0.2,0.0,0.1111111111111111,0.0
KLLNLLPGLLAGIF,amp_all_clean.csv,1,amp,0,14,0.225,2,0.25,0.25,0.125,0.14285714285714285,0.07142857142857142
ALLKLAPRLLAGIF,amp_all_clean.csv,1,amp,1,14,0.225,2,0.25,0.25,0.125,0.07142857142857142,0.07142857142857142
LLNSGVKLGTKLLSGLLN,amp_all_clean.csv,1,amp,0,18,0.27666666666666667,2,0.3333333333333333,0.4,0.0,0.16666666666666666,0.0
NGAICWGPCPTAFRQIGNCGHFKVRCCKIR,amp_all_clean.csv,1,amp,1,30,0.2561111111111111,1,0.3,0.3333333333333333,0.05555555555555555,0.13333333333333333,0.06666666666666667
NGAICWGPCPTAFRQIGNCGRFRVRCCRIR,amp_all_clean.csv,1,amp,1,30,0.2561111111111111,1,0.3,0.3333333333333333,0.05555555555555555,0.13333333333333333,0.06666666666666667
IQKEIDRLNEVAKNLNESLIDLQELGK,amp_all_clean.csv,1,amp,0,27,0.07222222222222222,1,0.1111111111111111,0.0,0.0,0.037037037037037035,0.0
IDRLNEVAKNLNESLIDLQELGK,amp_all_clean.csv,1,amp,0,23,0.08125,0,0.125,0.0,0.0,0.043478260869565216,0.0
SVVNIQKEIDRLNEVAKNLNESLIK,amp_all_clean.csv,1,amp,0,25,0.0,0,0.0,0.0,0.0,0.0,0.0
TFLDKFNHEAEDLFYQ,amp_all_clean.csv,1,amp,0,16,0.0,0,0.0,0.0,0.0,0.0,0.0
EDLFYQSSL,amp_all_clean.csv,1,amp,0,9,0.0,0,0.0,0.0,0.0,0.0,0.0
GKGDFRIL,amp_all_clean.csv,1,amp,0,8,0.4,2,0.5,0.5,0.0,0.25,0.0
QAKTFLDKFNHEA,amp_all_clean.csv,1,amp,0,13,0.0,0,0.0,0.0,0.0,0.0,0.0
LQTALYALMEEIHIAALEKTWTALRHQYT,amp_all_clean.csv,1,amp,0,29,0.0,0,0.0,0.0,0.0,0.0,0.0
SALEEQYKTFLDKFLHELEDLLYQLALAL,amp_all_clean.csv,1,amp,0,29,0.0,0,0.0,0.0,0.0,0.0,0.0
SALEEQLKTFLDKFMHELEDLLYQLAL,amp_all_clean.csv,1,amp,0,27,0.0,0,0.0,0.0,0.0,0.0,0.0
SALEEQYKTFLDKFMHELEDLLYQLSL,amp_all_clean.csv,1,amp,0,27,0.0,0,0.0,0.0,0.0,0.0,0.0
SALEEQYKTFLDKFMHELEDLLYQLAL,amp_all_clean.csv,1,amp,0,27,0.0,0,0.0,0.0,0.0,0.0,0.0
RGAHIKGRWKSRCHRF,amp_all_clean.csv,1,amp,0,16,0.16,1,0.2,0.2,0.0,0.125,0.0
GNGVIKTISHECHMNTWQFIFTCCS,amp_all_clean.csv,1,amp,1,25,0.10267857142857142,2,0.125,0.14285714285714285,0.0,0.08,0.0
TTPATPAISILSAYISTNTCPTTKCTRAC,amp_all_clean.csv,1,amp,1,29,0.03333333333333333,0,0.0,0.0,0.16666666666666666,0.0,0.10344827586206896
STPACAIGVVGITVAVTGISTACTSRCINK,amp_all_clean.csv,1,amp,1,30,0.17444444444444443,1,0.2,0.2222222222222222,0.05555555555555555,0.1,0.03333333333333333
TTWPCATVGVSVALCPTTKCTSQC,amp_all_clean.csv,1,amp,1,24,0.13125,2,0.125,0.14285714285714285,0.14285714285714285,0.041666666666666664,0.08333333333333333
ASIVKTTIKASKKLCRGFTLTCGCHFTGKK,amp_all_clean.csv,1,amp,1,30,0.16333333333333333,1,0.2,0.2222222222222222,0.0,0.1,0.0
FKSWSLCTPGCARTGSFNSYCC,amp_all_clean.csv,1,amp,1,22,0.11785714285714285,2,0.14285714285714285,0.16666666666666666,0.0,0.09090909090909091,0.045454545454545456
KKKSGVIPTVSHDCHMNTFQFMFTCCS,amp_all_clean.csv,1,amp,1,27,0.09097222222222222,1,0.1111111111111111,0.125,0.0,0.037037037037037035,0.037037037037037035
GSRYLCTPGSCWKLVCFTTTVK,amp_all_clean.csv,1,amp,1,22,0.13452380952380952,2,0.14285714285714285,0.16666666666666666,0.08333333333333333,0.09090909090909091,0.045454545454545456
FSSLSLCSLGCTGVKNPSFNSYCC,amp_all_clean.csv,1,amp,1,24,0.21250000000000002,0,0.25,0.25,0.0625,0.08333333333333333,0.041666666666666664
CVQSCSFGPLTWSCDGNTK,amp_all_clean.csv,1,amp,1,19,0.15,1,0.16666666666666666,0.16666666666666666,0.08333333333333333,0.10526315789473684,0.05263157894736842
ASGWVCTLTIECGTVICAC,amp_all_clean.csv,1,amp,1,19,0.13833333333333334,2,0.16666666666666666,0.2,0.0,0.10526315789473684,0.0
FVYGNGVTSILVQAQFLVNGQRRFFYTPDK,amp_all_clean.csv,1,amp,0,30,0.09277777777777778,1,0.1,0.1111111111111111,0.05555555555555555,0.1,0.03333333333333333
KKKKQSWYAAAGDAIVSFGEGFLNAW,amp_all_clean.csv,1,amp,0,26,0.2,2,0.25,0.25,0.0,0.11538461538461539,0.0
GNPKVAHCASQIGRSTAWGAVSGA,amp_all_clean.csv,1,amp,0,24,0.3125,0,0.375,0.375,0.0625,0.16666666666666666,0.041666666666666664
RNKLAYNMGHYAGKATIFGLAAWALLA,amp_all_clean.csv,1,amp,0,27,0.17777777777777776,0,0.2222222222222222,0.2222222222222222,0.0,0.1111111111111111,0.0
GWVACVGACGTVCLASGGVGTEFAAASYFL,amp_all_clean.csv,1,amp,1,30,0.24,0,0.3,0.3,0.0,0.2,0.0
SCNCVCGVCCSCSP,amp_all_clean.csv,1,amp,1,14,0.1675,0,0.2,0.25,0.0,0.07142857142857142,0.07142857142857142
SCNCVCGFCCSCSP,amp_all_clean.csv,1,amp,1,14,0.1675,0,0.2,0.25,0.0,0.07142857142857142,0.07142857142857142
STNCFCYICCSCSS,amp_all_clean.csv,1,amp,1,14,0.0,0,0.0,0.0,0.0,0.0,0.0
KTHYPTNAWKSLWKGFWESLRYTDGF,amp_all_clean.csv,1,amp,0,26,0.1125,2,0.125,0.125,0.0625,0.07692307692307693,0.038461538461538464
AVPAVRKTNETLD,amp_all_clean.csv,1,amp,0,13,0.025,0,0.0,0.0,0.125,0.0,0.07692307692307693
MVPTTFTLTTNNFLSDYQQLFI,amp_all_clean.csv,1,amp,0,22,0.014285714285714285,0,0.0,0.0,0.07142857142857142,0.0,0.045454545454545456
ASILTNAS,amp_all_clean.csv,1,amp,0,8,0.0,0,0.0,0.0,0.0,0.0,0.0
YSLQMGATAIKQVKKLFKKWGW,amp_all_clean.csv,1,amp,0,22,0.21071428571428572,2,0.2857142857142857,0.16666666666666666,0.0,0.09090909090909091,0.0
GATAIKQVKKLFKKWGW,amp_all_clean.csv,1,amp,0,17,0.24666666666666667,0,0.3333333333333333,0.2,0.0,0.11764705882352941,0.0
NIPQLTPTP,amp_all_clean.csv,1,amp,0,9,0.1,1,0.0,0.0,0.5,0.0,0.3333333333333333
TPVVNPPFLQQT,amp_all_clean.csv,1,amp,0,12,0.06666666666666667,1,0.0,0.0,0.3333333333333333,0.0,0.25
DIGGSRQGCVA,amp_all_clean.csv,1,amp,0,11,0.26666666666666666,2,0.3333333333333333,0.3333333333333333,0.0,0.2727272727272727,0.0
DIDITGCSACKYAAG,amp_all_clean.csv,1,amp,0,15,0.2975,2,0.4,0.25,0.0,0.13333333333333333,0.0
DYHHGVRVL,amp_all_clean.csv,1,amp,0,9,0.2916666666666667,1,0.3333333333333333,0.5,0.0,0.1111111111111111,0.0
ALPKKLKYLNLFNDGFNYMGVV,amp_all_clean.csv,1,amp,0,22,0.1285714285714286,1,0.14285714285714285,0.14285714285714285,0.07142857142857142,0.09090909090909091,0.045454545454545456
EALYNSEDLYEETSDSDD,amp_all_clean.csv,1,amp,0,18,0.0,0,0.0,0.0,0.0,0.0,0.0
SPPEAAYGPGNTNSDSGDK,amp_all_clean.csv,1,amp,0,19,0.3,1,0.3333333333333333,0.3333333333333333,0.16666666666666666,0.15789473684210525,0.15789473684210525
ESGINLQGDATLANN,amp_all_clean.csv,1,amp,0,15,0.1675,1,0.2,0.25,0.0,0.13333333333333333,0.0
QGIGVGDNDGKRGKR,amp_all_clean.csv,1,amp,0,15,0.48,0,0.6,0.6,0.0,0.3333333333333333,0.0
LDSLSFSYNNFEEDD,amp_all_clean.csv,1,amp,0,15,0.0,0,0.0,0.0,0.0,0.0,0.0
AKITFTNNHPRTIWP,amp_all_clean.csv,1,amp,0,15,0.025,1,0.0,0.0,0.125,0.0,0.13333333333333333
ANFEIVNNCPYTVWAAASPGGGRRLDRGQT,amp_all_clean.csv,1,amp,0,30,0.16,0,0.2,0.2,0.0,0.13333333333333333,0.06666666666666667
QKIQEIDLQTYLQPQ,amp_all_clean.csv,1,amp,0,15,0.025,2,0.0,0.0,0.125,0.0,0.06666666666666667
LPSDATLVLDQTGKELDARL,amp_all_clean.csv,1,amp,0,20,0.13452380952380952,0,0.14285714285714285,0.16666666666666666,0.08333333333333333,0.05,0.05
ADPTFGFTPLGLSEKANLQIMKAYD,amp_all_clean.csv,1,amp,0,25,0.125,1,0.125,0.125,0.125,0.08,0.08
PNPKVFFDMTIGGQSAGRIVMEEYA,amp_all_clean.csv,1,amp,0,25,0.1125,1,0.125,0.125,0.0625,0.12,0.08
DADIAVWAPPVNAQN,amp_all_clean.csv,1,amp,0,15,0.05,1,0.0,0.0,0.25,0.0,0.13333333333333333
SIGFDGLNDPDIVAR,amp_all_clean.csv,1,amp,0,15,0.36000000000000004,2,0.4,0.5,0.125,0.13333333333333333,0.06666666666666667
GPLQLSWNYNYGAAGK,amp_all_clean.csv,1,amp,0,16,0.2975,2,0.4,0.25,0.0,0.1875,0.0625
AIGFDGLNDPDIVAR,amp_all_clean.csv,1,amp,0,15,0.36000000000000004,2,0.4,0.5,0.125,0.13333333333333333,0.06666666666666667
SAIWFWMTPQSPK,amp_all_clean.csv,1,amp,0,13,0.05,0,0.0,0.0,0.25,0.0,0.15384615384615385
TAGFGVFTNIINGGLECGK,amp_all_clean.csv,1,amp,0,19,0.26666666666666666,1,0.3333333333333333,0.3333333333333333,0.0,0.2631578947368421,0.0
MYDESTGYSSALK,amp_all_clean.csv,1,amp,0,13,0.1675,0,0.2,0.25,0.0,0.07692307692307693,0.0
EQCGRQAGGATCPNNLCCSQYGY,amp_all_clean.csv,1,amp,1,23,0.18392857142857144,0,0.25,0.14285714285714285,0.0,0.17391304347826086,0.043478260869565216
ENCGRQAG,amp_all_clean.csv,1,amp,0,8,0.2916666666666667,0,0.3333333333333333,0.5,0.0,0.25,0.0
GIFTFEDESTSTVAPAKLYK,amp_all_clean.csv,1,amp,0,20,0.13452380952380952,0,0.14285714285714285,0.16666666666666666,0.08333333333333333,0.05,0.05
SVFAFENEQSSTIAPARLYK,amp_all_clean.csv,1,amp,0,20,0.016666666666666666,0,0.0,0.0,0.08333333333333333,0.0,0.05
GIFTFEDESTTTVAPAKLYK,amp_all_clean.csv,1,amp,0,20,0.13452380952380952,0,0.14285714285714285,0.16666666666666666,0.08333333333333333,0.05,0.05
SVFAFQDESTSTIAQARLFI,amp_all_clean.csv,1,amp,0,20,0.0,0,0.0,0.0,0.0,0.0,0.0
SIFAFQDESPSAIAQAKLFK,amp_all_clean.csv,1,amp,0,20,0.016666666666666666,1,0.0,0.0,0.08333333333333333,0.0,0.05
GVFTFEDESTSTVAPAKLYK,amp_all_clean.csv,1,amp,0,20,0.13452380952380952,0,0.14285714285714285,0.16666666666666666,0.08333333333333333,0.05,0.05
DLDVNVFNR,amp_all_clean.csv,1,amp,0,9,0.0,0,0.0,0.0,0.0,0.0,0.0
KIMAKPSKFYEQLRGR,amp_all_clean.csv,1,amp,0,16,0.13,2,0.2,0.0,0.0,0.0625,0.0625
ISCQDVKQSLAPCLPYVTGRAPKPA,amp_all_clean.csv,1,amp,0,25,0.1284722222222222,0,0.1111111111111111,0.125,0.1875,0.04,0.16
ITCPQVTQSLAPCVPYLISG,amp_all_clean.csv,1,amp,0,20,0.14285714285714285,1,0.14285714285714285,0.0,0.25,0.05,0.15
VAGPFRIPPLRREFQ,amp_all_clean.csv,1,amp,0,15,0.2175,2,0.2,0.25,0.25,0.06666666666666667,0.2
SDYSRKRDPPQKYEEE,amp_all_clean.csv,1,amp,0,16,0.04000000000000001,1,0.0,0.0,0.2,0.0,0.125
PEDPQRRYQEEQRRE,amp_all_clean.csv,1,amp,0,15,0.025,1,0.0,0.0,0.125,0.0,0.13333333333333333
SGECNMYGRCPPGYCCSKFGYCGGVRAYCG,amp_all_clean.csv,1,amp,1,30,0.3377777777777778,1,0.4,0.4444444444444444,0.05555555555555555,0.23333333333333334,0.06666666666666667
DRCSQQCQHHRDPDRKQQCMRECRRH,amp_all_clean.csv,1,amp,1,26,0.0125,1,0.0,0.0,0.0625,0.0,0.038461538461538464
IQCGESCVWIPCISSAWGCSCKNKICSS,amp_all_clean.csv,1,amp,1,28,0.10347222222222222,2,0.1111111111111111,0.125,0.0625,0.07142857142857142,0.03571428571428571
FSGSVNQACSGFGWK,amp_all_clean.csv,1,amp,0,15,0.1675,1,0.2,0.25,0.0,0.2,0.0
GIPCGESCVWIPCITSAIGCSCKSKVCYRN,amp_all_clean.csv,1,amp,1,30,0.18000000000000002,0,0.2,0.2,0.1,0.1,0.06666666666666667
QKLCERPSGTWSGVCGNNNACKN,amp_all_clean.csv,1,amp,1,23,0.20535714285714285,0,0.25,0.2857142857142857,0.0,0.13043478260869565,0.043478260869565216
QKLCERPSGTWSGVCGNNNACKNQCIN,amp_all_clean.csv,1,amp,1,27,0.17777777777777776,0,0.2222222222222222,0.2222222222222222,0.0,0.1111111111111111,0.037037037037037035
ATKVKAKQRGKEKVSSGRPGQHN,amp_all_clean.csv,1,amp,0,23,0.21964285714285714,1,0.25,0.2857142857142857,0.07142857142857142,0.13043478260869565,0.043478260869565216
GLPVCGETCFGGTCNTPGCTCDPWPVCTRN,amp_all_clean.csv,1,amp,1,30,0.2783333333333333,2,0.3,0.3333333333333333,0.16666666666666666,0.16666666666666666,0.13333333333333333
GLPVCGETCAGGTCNTPGCSCSWPICTRN,amp_all_clean.csv,1,amp,1,29,0.2777777777777778,2,0.3333333333333333,0.3333333333333333,0.05555555555555555,0.1724137931034483,0.10344827586206896
GDACGETCFTGICFTAGCSCNPWPTCTRN,amp_all_clean.csv,1,amp,1,29,0.26722222222222225,1,0.3,0.3333333333333333,0.1111111111111111,0.13793103448275862,0.06896551724137931
GASCGETCFTGICFTAGCSCNPWPTCTRN,amp_all_clean.csv,1,amp,1,29,0.26722222222222225,1,0.3,0.3333333333333333,0.1111111111111111,0.13793103448275862,0.06896551724137931
GEYCGESCYLIPCFTPGCYCVSRQCVNKN,amp_all_clean.csv,1,amp,1,29,0.18555555555555556,1,0.2,0.2222222222222222,0.1111111111111111,0.10344827586206896,0.06896551724137931
GIACGESCVFLGCFIPGCSCKSKVCYFN,amp_all_clean.csv,1,amp,1,28,0.18888888888888886,1,0.2222222222222222,0.2222222222222222,0.05555555555555555,0.14285714285714285,0.03571428571428571
GEFLKCGESCVQGECYTPGCSCDWPICKKN,amp_all_clean.csv,1,amp,1,30,0.33,0,0.4,0.4,0.05,0.13333333333333333,0.06666666666666667
GLPTCGETCTLGTCYVPDCSCSWPICMKN,amp_all_clean.csv,1,amp,1,29,0.18888888888888886,2,0.2222222222222222,0.2222222222222222,0.05555555555555555,0.10344827586206896,0.10344827586206896
GIPCGESCVYIPCLTSAIGCSCKSKVCYRN,amp_all_clean.csv,1,amp,1,30,0.18000000000000002,0,0.2,0.2,0.1,0.1,0.06666666666666667
SAIACGESCVYIPCFIPGCSCRNRVCYLN,amp_all_clean.csv,1,amp,1,29,0.19999999999999998,2,0.2222222222222222,0.2222222222222222,0.1111111111111111,0.06896551724137931,0.06896551724137931
GLPVCGETCFGGTCNTPGCICDPWPVCTRN,amp_all_clean.csv,1,amp,1,30,0.2783333333333333,2,0.3,0.3333333333333333,0.16666666666666666,0.16666666666666666,0.13333333333333333
GLPVCGETCFTGTCYTNGCTCDPWPVCTRN,amp_all_clean.csv,1,amp,1,30,0.26722222222222225,2,0.3,0.3333333333333333,0.1111111111111111,0.13333333333333333,0.1
RNCESLSHRFKGPCTRDSNC,amp_all_clean.csv,1,amp,1,20,0.15,2,0.16666666666666666,0.16666666666666666,0.08333333333333333,0.05,0.05
GVGYKVVVTTTAAADDDDVV,amp_all_clean.csv,1,amp,0,20,0.13333333333333333,2,0.16666666666666666,0.16666666666666666,0.0,0.1,0.0
RDWERREFERRQNELRREQEQRREELL,amp_all_clean.csv,1,amp,0,27,0.0,0,0.0,0.0,0.0,0.0,0.0
KTCENLADDY,amp_all_clean.csv,1,amp,0,10,0.0,0,0.0,0.0,0.0,0.0,0.0
PQRGEGGRAGNLLREEQEI,amp_all_clean.csv,1,amp,0,19,0.3535714285714286,0,0.42857142857142855,0.5,0.0,0.21052631578947367,0.05263157894736842
VKSTGRADDDLAVKTKYLPP,amp_all_clean.csv,1,amp,0,20,0.13452380952380952,1,0.14285714285714285,0.16666666666666666,0.08333333333333333,0.05,0.1
ARCENFADSYRQPPISSSQT,amp_all_clean.csv,1,amp,0,20,0.03333333333333333,2,0.0,0.0,0.16666666666666666,0.0,0.1
SNDIYFNFQR,amp_all_clean.csv,1,amp,0,10,0.0,0,0.0,0.0,0.0,0.0,0.0
DDFLCAGGCL,amp_all_clean.csv,1,amp,0,10,0.26666666666666666,1,0.3333333333333333,0.3333333333333333,0.0,0.2,0.0
ATITFTNKCTRTVWPGG,amp_all_clean.csv,1,amp,0,17,0.12833333333333335,0,0.16666666666666666,0.0,0.1,0.11764705882352941,0.058823529411764705
VLSHNNESSYSDTSSCTSQ,amp_all_clean.csv,1,amp,0,19,0.0,0,0.0,0.0,0.0,0.0,0.0
DLPECCSATELELDSGKQTS,amp_all_clean.csv,1,amp,0,20,0.13452380952380952,0,0.14285714285714285,0.16666666666666666,0.08333333333333333,0.05,0.05
SESILIVHQQQSRSSGS,amp_all_clean.csv,1,amp,0,17,0.10833333333333334,0,0.16666666666666666,0.0,0.0,0.058823529411764705,0.0
NSMERVEELRKKLQD,amp_all_clean.csv,1,amp,0,15,0.0,0,0.0,0.0,0.0,0.0,0.0
PVVDTTGNNPLQQQEEYYV,amp_all_clean.csv,1,amp,0,19,0.11785714285714285,0,0.14285714285714285,0.16666666666666666,0.0,0.05263157894736842,0.10526315789473684
KQTENLADTY,amp_all_clean.csv,1,amp,0,10,0.0,0,0.0,0.0,0.0,0.0,0.0
ILGAILPLVSGLLSNKL,amp_all_clean.csv,1,amp,0,17,0.18000000000000002,2,0.2,0.2,0.1,0.11764705882352941,0.058823529411764705
ILGAILPLVSGLLSSKL,amp_all_clean.csv,1,amp,0,17,0.18000000000000002,2,0.2,0.2,0.1,0.11764705882352941,0.058823529411764705
GLKDIFKAGLGSLVKNIAAHVAN,amp_all_clean.csv,1,amp,0,23,0.11428571428571428,2,0.14285714285714285,0.14285714285714285,0.0,0.13043478260869565,0.0
GFKEVLKADLGSLVKGIAAHVAN,amp_all_clean.csv,1,amp,0,23,0.20535714285714285,0,0.25,0.2857142857142857,0.0,0.13043478260869565,0.0
GFKEVLKAGLGSLVKGIPAHVAN,amp_all_clean.csv,1,amp,0,23,0.21964285714285714,0,0.25,0.2857142857142857,0.07142857142857142,0.17391304347826086,0.043478260869565216
IIGPVLGLVGKPLESLLE,amp_all_clean.csv,1,amp,0,18,0.2833333333333333,0,0.3333333333333333,0.3333333333333333,0.08333333333333333,0.16666666666666666,0.1111111111111111
GIGAAILSAGKSIIKGLANGLAEHF,amp_all_clean.csv,1,amp,0,25,0.2729166666666667,0,0.3333333333333333,0.375,0.0,0.2,0.0
GIGGALLSAAKVGLKGLAKGLAEHFAN,amp_all_clean.csv,1,amp,0,27,0.3555555555555555,0,0.4444444444444444,0.4444444444444444,0.0,0.2222222222222222,0.0
ILGPVLGLVGNALGGLIKNE,amp_all_clean.csv,1,amp,0,20,0.2833333333333333,2,0.3333333333333333,0.3333333333333333,0.08333333333333333,0.25,0.05
ILGPVLSLVGNALGGLLKNE,amp_all_clean.csv,1,amp,0,20,0.2833333333333333,2,0.3333333333333333,0.3333333333333333,0.08333333333333333,0.2,0.05
GSNKGFNFMVDMIQALSN,amp_all_clean.csv,1,amp,0,18,0.13833333333333334,1,0.16666666666666666,0.2,0.0,0.1111111111111111,0.0
GSNKGFNFMVDMINALSN,amp_all_clean.csv,1,amp,0,18,0.13833333333333334,1,0.16666666666666666,0.2,0.0,0.1111111111111111,0.0
GSNKGFNFMVDMIQALSK,amp_all_clean.csv,1,amp,0,18,0.13833333333333334,1,0.16666666666666666,0.2,0.0,0.1111111111111111,0.0
GIGAKILGGVKTALKGALKELASTYVN,amp_all_clean.csv,1,amp,0,27,0.18194444444444444,2,0.2222222222222222,0.25,0.0,0.18518518518518517,0.0
GIGTKILGGLKTAVKGALKELASTYVN,amp_all_clean.csv,1,amp,0,27,0.18194444444444444,2,0.2222222222222222,0.25,0.0,0.18518518518518517,0.0
GIGGALLSAGKSALKGLAKGLAEHFAS,amp_all_clean.csv,1,amp,0,27,0.3555555555555555,0,0.4444444444444444,0.4444444444444444,0.0,0.2222222222222222,0.0
GIGTKIIGGLKTAVKGALKELASTYVN,amp_all_clean.csv,1,amp,0,27,0.18194444444444444,2,0.2222222222222222,0.25,0.0,0.18518518518518517,0.0
GIGGALLSAGKAALKGLAKGFAEHF,amp_all_clean.csv,1,amp,0,25,0.3638888888888889,0,0.4444444444444444,0.5,0.0,0.24,0.0
GIGGALLSAGKSALKGLAKGFAEHF,amp_all_clean.csv,1,amp,0,25,0.3638888888888889,0,0.4444444444444444,0.5,0.0,0.24,0.0
ILGPVLGLVSNAIGGLIKKI,amp_all_clean.csv,1,amp,0,20,0.2833333333333333,2,0.3333333333333333,0.3333333333333333,0.08333333333333333,0.2,0.05
GIGGALLSAGKSALKGLAKGLVEHFAN,amp_all_clean.csv,1,amp,0,27,0.3555555555555555,0,0.4444444444444444,0.4444444444444444,0.0,0.2222222222222222,0.0
ILGPVIGTIGNVLGGLLKNL,amp_all_clean.csv,1,amp,0,20,0.2833333333333333,2,0.3333333333333333,0.3333333333333333,0.08333333333333333,0.25,0.05
ILGPVLGLVSNALGGLLKNI,amp_all_clean.csv,1,amp,0,20,0.2833333333333333,2,0.3333333333333333,0.3333333333333333,0.08333333333333333,0.2,0.05
ILGPVLGLVSNALGGLIKKI,amp_all_clean.csv,1,amp,0,20,0.2833333333333333,2,0.3333333333333333,0.3333333333333333,0.08333333333333333,0.2,0.05
ILGPVLGLVSNALGGLLKNL,amp_all_clean.csv,1,amp,0,20,0.2833333333333333,2,0.3333333333333333,0.3333333333333333,0.08333333333333333,0.2,0.05
ILGPVLGLVGSALGGLIKKI,amp_all_clean.csv,1,amp,0,20,0.2833333333333333,2,0.3333333333333333,0.3333333333333333,0.08333333333333333,0.25,0.05
ILGPVIKTIGGVLGGLLKNL,amp_all_clean.csv,1,amp,0,20,0.2833333333333333,2,0.3333333333333333,0.3333333333333333,0.08333333333333333,0.25,0.05
LLGPVLGLVSNALGGLLKNI,amp_all_clean.csv,1,amp,0,20,0.2833333333333333,2,0.3333333333333333,0.3333333333333333,0.08333333333333333,0.2,0.05
ILGPVLGLVGEPLGGLIKKI,amp_all_clean.csv,1,amp,0,20,0.2833333333333333,2,0.3333333333333333,0.3333333333333333,0.08333333333333333,0.25,0.1
ILGPVLGLVGNALGGLLKNL,amp_all_clean.csv,1,amp,0,20,0.2833333333333333,2,0.3333333333333333,0.3333333333333333,0.08333333333333333,0.25,0.05
ILGPVLSLVGNALGGLIKKI,amp_all_clean.csv,1,amp,0,20,0.2833333333333333,2,0.3333333333333333,0.3333333333333333,0.08333333333333333,0.2,0.05
GVLDAFRKIATVVKNLV,amp_all_clean.csv,1,amp,0,17,0.13833333333333334,0,0.16666666666666666,0.2,0.0,0.058823529411764705,0.0
GVLDAFKKIATVVKNLV,amp_all_clean.csv,1,amp,0,17,0.13833333333333334,0,0.16666666666666666,0.2,0.0,0.058823529411764705,0.0
GVGDLIRKAVAAIKNIV,amp_all_clean.csv,1,amp,0,17,0.16,2,0.2,0.2,0.0,0.11764705882352941,0.0
GVIDAAKKVVNVLKNLP,amp_all_clean.csv,1,amp,0,17,0.13833333333333334,0,0.16666666666666666,0.2,0.0,0.058823529411764705,0.058823529411764705
GVIAAAKKVVNVLKNLF,amp_all_clean.csv,1,amp,0,17,0.13833333333333334,0,0.16666666666666666,0.2,0.0,0.058823529411764705,0.0
GVIDAAAKVVNVLKNLF,amp_all_clean.csv,1,amp,0,17,0.13833333333333334,0,0.16666666666666666,0.2,0.0,0.058823529411764705,0.0
GVIDAAKKVVNVLANLF,amp_all_clean.csv,1,amp,0,17,0.13833333333333334,0,0.16666666666666666,0.2,0.0,0.058823529411764705,0.0
GVGDIFRKIVSTIKNVV,amp_all_clean.csv,1,amp,0,17,0.16,2,0.2,0.2,0.0,0.11764705882352941,0.0
TRSSRAGLQFPVGRVHRLLRK,amp_all_clean.csv,1,amp,0,21,0.24285714285714285,0,0.2857142857142857,0.2857142857142857,0.07142857142857142,0.09523809523809523,0.047619047619047616
GIGALSAKGALKGLAKGLAEHFAN,amp_all_clean.csv,1,amp,0,24,0.20535714285714285,2,0.25,0.2857142857142857,0.0,0.20833333333333334,0.0
FLPVILPVIGKLLNGILGK,amp_all_clean.csv,1,amp,0,19,0.2666666666666667,2,0.3333333333333333,0.2,0.1,0.15789473684210525,0.10526315789473684
FLPMLAKLLSGFLGK,amp_all_clean.csv,1,amp,0,15,0.3225,1,0.4,0.25,0.125,0.13333333333333333,0.06666666666666667
ENREVPPGFTALIKTLRKCKII,amp_all_clean.csv,1,amp,0,22,0.14285714285714285,1,0.14285714285714285,0.14285714285714285,0.14285714285714285,0.045454545454545456,0.09090909090909091
GVVDILKGAAKDLAGHLASKVMNKI,amp_all_clean.csv,1,amp,0,25,0.10267857142857142,2,0.125,0.14285714285714285,0.0,0.12,0.0
GVLDILKGAAKDLAGHVATKVI,amp_all_clean.csv,1,amp,0,22,0.11785714285714285,2,0.14285714285714285,0.16666666666666666,0.0,0.13636363636363635,0.0
GVLDILKGAAKDLAGH,amp_all_clean.csv,1,amp,0,16,0.16,1,0.2,0.2,0.0,0.1875,0.0
LALKSGGWLRLFGLKDKKH,amp_all_clean.csv,1,amp,0,19,0.2357142857142857,0,0.2857142857142857,0.3333333333333333,0.0,0.15789473684210525,0.0
KEKLKLKCKAPKCYNDKLACT,amp_all_clean.csv,1,amp,1,21,0.016666666666666666,2,0.0,0.0,0.08333333333333333,0.0,0.047619047619047616
ENMFNIKSSVESDSFWG,amp_all_clean.csv,1,amp,0,17,0.10833333333333334,1,0.16666666666666666,0.0,0.0,0.058823529411764705,0.0
EMLKKKKEVKMERKT,amp_all_clean.csv,1,amp,0,15,0.0,0,0.0,0.0,0.0,0.0,0.0
GLLDFAKHVIGIASKLG,amp_all_clean.csv,1,amp,0,17,0.24666666666666667,1,0.3333333333333333,0.2,0.0,0.17647058823529413,0.0
SIITMTREAKLPQLWKQIACRLYNTC,amp_all_clean.csv,1,amp,0,26,0.0125,0,0.0,0.0,0.0625,0.0,0.038461538461538464
SIITTTKEAKLPQLWKQIACRLYNTC,amp_all_clean.csv,1,amp,0,26,0.0125,0,0.0,0.0,0.0625,0.0,0.038461538461538464
GFMDTAKQVAKNVAVTLIDKLRCKVTGGC,amp_all_clean.csv,1,amp,0,29,0.14666666666666667,0,0.2,0.1111111111111111,0.0,0.10344827586206896,0.0
ALFSILRGLKKLGKMGQAFVNCEIYKKC,amp_all_clean.csv,1,amp,0,28,0.16333333333333333,0,0.2,0.2222222222222222,0.0,0.10714285714285714,0.0
IGTISLSLCEQERDADEDEGETLEE,amp_all_clean.csv,1,amp,0,25,0.2,1,0.25,0.25,0.0,0.08,0.0
SAVGRHSRRFGLRKHRKH,amp_all_clean.csv,1,amp,1,18,0.13833333333333334,1,0.16666666666666666,0.2,0.0,0.1111111111111111,0.0
RPPGFSPF,amp_all_clean.csv,1,amp,0,8,0.39166666666666666,0,0.3333333333333333,0.5,0.5,0.125,0.375
RPPGFTPFR,amp_all_clean.csv,1,amp,0,9,0.3333333333333333,0,0.3333333333333333,0.3333333333333333,0.3333333333333333,0.1111111111111111,0.3333333333333333
RPPGFTPF,amp_all_clean.csv,1,amp,0,8,0.39166666666666666,0,0.3333333333333333,0.5,0.5,0.125,0.375
RPPGFSPFRIY,amp_all_clean.csv,1,amp,0,11,0.2791666666666667,0,0.25,0.3333333333333333,0.3333333333333333,0.09090909090909091,0.2727272727272727
RPPGFTPFRIY,amp_all_clean.csv,1,amp,0,11,0.2791666666666667,0,0.25,0.3333333333333333,0.3333333333333333,0.09090909090909091,0.2727272727272727
QEYRGWMDF,amp_all_clean.csv,1,amp,0,9,0.2916666666666667,1,0.3333333333333333,0.5,0.0,0.1111111111111111,0.0
FLSLIPHIVSGVASLAKHFG,amp_all_clean.csv,1,amp,0,20,0.22738095238095238,1,0.2857142857142857,0.16666666666666666,0.08333333333333333,0.1,0.05
FLSLIPHIVSGVASLAIHFG,amp_all_clean.csv,1,amp,0,20,0.22738095238095238,1,0.2857142857142857,0.16666666666666666,0.08333333333333333,0.1,0.05
FLISIPYSASIGGTATLTGTA,amp_all_clean.csv,1,amp,0,21,0.24285714285714285,0,0.2857142857142857,0.2857142857142857,0.07142857142857142,0.14285714285714285,0.047619047619047616
FLLSLPHLASGLASLVLSK,amp_all_clean.csv,1,amp,0,19,0.15,1,0.16666666666666666,0.16666666666666666,0.08333333333333333,0.05263157894736842,0.05263157894736842
FLSLIPHAINAISAIANHF,amp_all_clean.csv,1,amp,0,19,0.016666666666666666,0,0.0,0.0,0.08333333333333333,0.0,0.05263157894736842
FLSLIPHAINAISAIADHF,amp_all_clean.csv,1,amp,0,19,0.016666666666666666,0,0.0,0.0,0.08333333333333333,0.0,0.05263157894736842
FLSLIPHAINAISAIANHL,amp_all_clean.csv,1,amp,0,19,0.016666666666666666,0,0.0,0.0,0.08333333333333333,0.0,0.05263157894736842
FLSLIPHAINAISAIAHHL,amp_all_clean.csv,1,amp,0,19,0.016666666666666666,0,0.0,0.0,0.08333333333333333,0.0,0.05263157894736842
FLSLIPHAISAISAIAHHL,amp_all_clean.csv,1,amp,0,19,0.016666666666666666,0,0.0,0.0,0.08333333333333333,0.0,0.05263157894736842
FLSLIPHAISAISAIANHL,amp_all_clean.csv,1,amp,0,19,0.016666666666666666,0,0.0,0.0,0.08333333333333333,0.0,0.05263157894736842
FLSLIPHAISAISAIADHL,amp_all_clean.csv,1,amp,0,19,0.016666666666666666,0,0.0,0.0,0.08333333333333333,0.0,0.05263157894736842
FRPALIVRTKGK,amp_all_clean.csv,1,amp,0,12,0.19583333333333333,1,0.25,0.0,0.16666666666666666,0.08333333333333333,0.08333333333333333
FRPALIVRTKGTRL,amp_all_clean.csv,1,amp,0,14,0.1925,1,0.2,0.25,0.125,0.07142857142857142,0.07142857142857142
LRPAVIVRTKGK,amp_all_clean.csv,1,amp,0,12,0.19583333333333333,1,0.25,0.0,0.16666666666666666,0.08333333333333333,0.08333333333333333
FLSLIPHAINAVSAIAKHFG,amp_all_clean.csv,1,amp,0,20,0.10952380952380952,1,0.14285714285714285,0.0,0.08333333333333333,0.05,0.05
FLSLIPHAINAVSALAKHF,amp_all_clean.csv,1,amp,0,19,0.016666666666666666,0,0.0,0.0,0.08333333333333333,0.0,0.05263157894736842
FLGLLPSIVSGAVSLVKKL,amp_all_clean.csv,1,amp,0,19,0.15,1,0.16666666666666666,0.16666666666666666,0.08333333333333333,0.10526315789473684,0.05263157894736842
FLSLLPSLVSGAVSLVKKL,amp_all_clean.csv,1,amp,0,19,0.15,1,0.16666666666666666,0.16666666666666666,0.08333333333333333,0.05263157894736842,0.05263157894736842
FLSLLPSLVSGAVSLVKIL,amp_all_clean.csv,1,amp,0,19,0.15,1,0.16666666666666666,0.16666666666666666,0.08333333333333333,0.05263157894736842,0.05263157894736842
FLSLIPHAINAVSALVHHF,amp_all_clean.csv,1,amp,0,19,0.016666666666666666,0,0.0,0.0,0.08333333333333333,0.0,0.05263157894736842
FLSLLPSIVSGAVSLAKKLG,amp_all_clean.csv,1,amp,0,20,0.22738095238095238,1,0.2857142857142857,0.16666666666666666,0.08333333333333333,0.1,0.05
FLSLIPAAISAVSALADHF,amp_all_clean.csv,1,amp,0,19,0.016666666666666666,0,0.0,0.0,0.08333333333333333,0.0,0.05263157894736842
LLSLVPHAINAVSAIAKHF,amp_all_clean.csv,1,amp,0,19,0.016666666666666666,0,0.0,0.0,0.08333333333333333,0.0,0.05263157894736842
LRPAVIVRTKAL,amp_all_clean.csv,1,amp,0,12,0.03333333333333333,1,0.0,0.0,0.16666666666666666,0.0,0.08333333333333333
FLPPSPWKETFRTT,amp_all_clean.csv,1,amp,0,14,0.07500000000000001,1,0.0,0.0,0.375,0.0,0.21428571428571427
FLPMLAGLAANLLPKLFCKITKKC,amp_all_clean.csv,1,amp,0,24,0.125,0,0.125,0.125,0.125,0.041666666666666664,0.08333333333333333
LLPIVGKLLSGLL,amp_all_clean.csv,1,amp,0,13,0.225,1,0.25,0.25,0.125,0.15384615384615385,0.07692307692307693
FLPMLAGLAANFLPELFCKITKKC,amp_all_clean.csv,1,amp,0,24,0.125,0,0.125,0.125,0.125,0.041666666666666664,0.08333333333333333
RVCMAIPLPLCH,amp_all_clean.csv,1,amp,0,12,0.06666666666666667,1,0.0,0.0,0.3333333333333333,0.0,0.16666666666666666
FLGGLFKLVPSVICAVTKKC,amp_all_clean.csv,1,amp,0,20,0.15,2,0.16666666666666666,0.16666666666666666,0.08333333333333333,0.1,0.05
GFLDKLKKGASDFANALVNSIKGT,amp_all_clean.csv,1,amp,0,24,0.10267857142857142,2,0.125,0.14285714285714285,0.0,0.125,0.0
GLFGVLAKVASHVVPAIAEHFQA,amp_all_clean.csv,1,amp,0,23,0.21964285714285714,0,0.25,0.2857142857142857,0.07142857142857142,0.08695652173913043,0.043478260869565216
GFMDTAKNAAKNVAVTLLDNLKCKITKAC,amp_all_clean.csv,1,amp,0,29,0.08166666666666667,0,0.1,0.1111111111111111,0.0,0.034482758620689655,0.0
GIFGKILGVGKKVLCGLSGVC,amp_all_clean.csv,1,amp,0,21,0.5714285714285714,0,0.7142857142857143,0.7142857142857143,0.0,0.2857142857142857,0.0
GFFTLIKAANKLINKTVNKEAGKGGLEIMA,amp_all_clean.csv,1,amp,0,30,0.24,0,0.3,0.3,0.0,0.13333333333333333,0.0
VEVQVRDKGKGIYGLSPLRQPAP,amp_all_clean.csv,1,amp,0,23,0.21964285714285714,1,0.25,0.2857142857142857,0.07142857142857142,0.13043478260869565,0.13043478260869565
ATAWDFGPHGLLPIRPIRIRPLCGKDKS,amp_all_clean.csv,1,amp,0,28,0.18555555555555556,0,0.2,0.2222222222222222,0.1111111111111111,0.10714285714285714,0.14285714285714285
AVPLIYNRPGIYVTKRPKGK,amp_all_clean.csv,1,amp,0,20,0.26071428571428573,0,0.2857142857142857,0.16666666666666666,0.25,0.1,0.15
GLFGKSSVWGRKYYVDLAGCAKA,amp_all_clean.csv,1,amp,0,23,0.4107142857142857,0,0.5,0.5714285714285714,0.0,0.17391304347826086,0.0
GLFTFIKCAYKLRAPAVAC,amp_all_clean.csv,1,amp,0,19,0.13452380952380952,0,0.14285714285714285,0.16666666666666666,0.08333333333333333,0.05263157894736842,0.05263157894736842
AVPLIYNRPGIYAPKRPKGK,amp_all_clean.csv,1,amp,0,20,0.2773809523809524,0,0.2857142857142857,0.16666666666666666,0.3333333333333333,0.1,0.2
GILSGILGVGKKLVCGLSGLC,amp_all_clean.csv,1,amp,0,21,0.45714285714285713,0,0.5714285714285714,0.5714285714285714,0.0,0.2857142857142857,0.0
GILSGILGVGKMLVCGLSGLC,amp_all_clean.csv,1,amp,0,21,0.45714285714285713,0,0.5714285714285714,0.5714285714285714,0.0,0.2857142857142857,0.0
GILSGLLGVGKMLVCGLSGLC,amp_all_clean.csv,1,amp,0,21,0.45714285714285713,0,0.5714285714285714,0.5714285714285714,0.0,0.2857142857142857,0.0
GLLSGILGAGKHIVCGLSGLR,amp_all_clean.csv,1,amp,0,21,0.45714285714285713,0,0.5714285714285714,0.5714285714285714,0.0,0.2857142857142857,0.0
GLFSKFAGKGIKNFLNKGVKHIGKE,amp_all_clean.csv,1,amp,0,25,0.2,1,0.25,0.25,0.0,0.2,0.0
QVFTLIKGATQLIRKTLGEQ,amp_all_clean.csv,1,amp,0,20,0.13333333333333333,2,0.16666666666666666,0.16666666666666666,0.0,0.1,0.0
KGAAKGLLEVASCKLSKSC,amp_all_clean.csv,1,amp,0,19,0.13833333333333334,2,0.16666666666666666,0.2,0.0,0.10526315789473684,0.0
FTMKKSLFLILFLGAIPLSMC,amp_all_clean.csv,1,amp,0,21,0.11785714285714285,1,0.14285714285714285,0.16666666666666666,0.0,0.047619047619047616,0.047619047619047616
FTMKKSLLFIFFLGTISLSLC,amp_all_clean.csv,1,amp,0,21,0.11785714285714285,1,0.14285714285714285,0.16666666666666666,0.0,0.047619047619047616,0.0
FTMKKSLLLIFFLGTISLSLC,amp_all_clean.csv,1,amp,0,21,0.11785714285714285,1,0.14285714285714285,0.16666666666666666,0.0,0.047619047619047616,0.0
FTMKKSPLLLFFLGTISLSLC,amp_all_clean.csv,1,amp,0,21,0.13452380952380952,1,0.14285714285714285,0.16666666666666666,0.08333333333333333,0.047619047619047616,0.047619047619047616
FTMKKSLLLIFFLGTISLSLCEQER,amp_all_clean.csv,1,amp,0,25,0.1,1,0.125,0.125,0.0,0.04,0.0
FTMKKSLFLLFFLGTISLSLC,amp_all_clean.csv,1,amp,0,21,0.11785714285714285,1,0.14285714285714285,0.16666666666666666,0.0,0.047619047619047616,0.0
CVISAGWDHKVRCKLTGNC,amp_all_clean.csv,1,amp,1,19,0.13833333333333334,2,0.16666666666666666,0.2,0.0,0.10526315789473684,0.0
CKIALPYHMRCRVLGRC,amp_all_clean.csv,1,amp,1,17,0.16,2,0.2,0.2,0.0,0.058823529411764705,0.058823529411764705
CVISAGWNHKIR,amp_all_clean.csv,1,amp,0,12,0.2125,2,0.25,0.3333333333333333,0.0,0.08333333333333333,0.0
FKTWKRPPFQTSCSGIIKE,amp_all_clean.csv,1,amp,0,19,0.17833333333333334,2,0.16666666666666666,0.2,0.2,0.05263157894736842,0.10526315789473684
CVHWQTNPARTSCIGP,amp_all_clean.csv,1,amp,0,16,0.155,2,0.2,0.0,0.125,0.0625,0.125
CVHWQTNPARTSRIGP,amp_all_clean.csv,1,amp,0,16,0.155,2,0.2,0.0,0.125,0.0625,0.125
GCTQWINNIHGRICVRN,amp_all_clean.csv,1,amp,0,17,0.13833333333333334,0,0.16666666666666666,0.2,0.0,0.11764705882352941,0.0
SFLSKFKDIALDVPRMRARVY,amp_all_clean.csv,1,amp,0,21,0.016666666666666666,2,0.0,0.0,0.08333333333333333,0.0,0.047619047619047616
GLLSSLSSVA,amp_all_clean.csv,1,amp,0,10,0.2125,0,0.25,0.3333333333333333,0.0,0.1,0.0
GLFSVLGAVAKHVLPHVVPVIAEKL,amp_all_clean.csv,1,amp,0,25,0.19444444444444445,0,0.2222222222222222,0.25,0.0625,0.08,0.08
GLFKVLGSVAKHLLPHVAPVIAEKL,amp_all_clean.csv,1,amp,0,25,0.19444444444444445,0,0.2222222222222222,0.25,0.0625,0.08,0.08
GLFKVLGSVAKHLLPHVVPVIAEKL,amp_all_clean.csv,1,amp,0,25,0.19444444444444445,0,0.2222222222222222,0.25,0.0625,0.08,0.08
GLFGVLGSIAKHVLPHVVPVIAEKL,amp_all_clean.csv,1,amp,0,25,0.28541666666666665,0,0.3333333333333333,0.375,0.0625,0.12,0.08
ALGGLLADVVKSKEQPA,amp_all_clean.csv,1,amp,0,17,0.18000000000000002,2,0.2,0.2,0.1,0.11764705882352941,0.058823529411764705
GLVASIGRALGGLLADVVKSKEQPA,amp_all_clean.csv,1,amp,0,25,0.19444444444444445,0,0.2222222222222222,0.25,0.0625,0.16,0.04
GLFGILGSVAKHVLPHVVPVIAEHS,amp_all_clean.csv,1,amp,0,25,0.28541666666666665,0,0.3333333333333333,0.375,0.0625,0.12,0.08
GLLSVLGSLKLIVPHVVPLIAEHL,amp_all_clean.csv,1,amp,0,24,0.225,0,0.25,0.25,0.125,0.08333333333333333,0.08333333333333333
SVLGKSVAKHLPHVVPVIAEKT,amp_all_clean.csv,1,amp,0,22,0.11696428571428572,0,0.125,0.14285714285714285,0.07142857142857142,0.045454545454545456,0.09090909090909091
GLFGLAKGSVAKPHVVPVISQLV,amp_all_clean.csv,1,amp,0,23,0.21964285714285714,0,0.25,0.2857142857142857,0.07142857142857142,0.13043478260869565,0.08695652173913043
FDVIKKVASVIGGL,amp_all_clean.csv,1,amp,0,14,0.2,2,0.25,0.25,0.0,0.14285714285714285,0.0
DVIKKVASVIGGL,amp_all_clean.csv,1,amp,0,13,0.2,1,0.25,0.25,0.0,0.15384615384615385,0.0
FDIIKKVASVVG,amp_all_clean.csv,1,amp,0,12,0.1625,2,0.25,0.0,0.0,0.08333333333333333,0.0
GLFDIIKKVAS,amp_all_clean.csv,1,amp,0,11,0.2125,0,0.25,0.3333333333333333,0.0,0.09090909090909091,0.0
GLFDIVKKIAGHIA,amp_all_clean.csv,1,amp,0,14,0.1675,0,0.2,0.25,0.0,0.14285714285714285,0.0
FDIVKKIAGHIAGSI,amp_all_clean.csv,1,amp,0,15,0.1675,2,0.2,0.25,0.0,0.13333333333333333,0.0
FDIVKKIAGHIVSSI,amp_all_clean.csv,1,amp,0,15,0.1675,2,0.2,0.25,0.0,0.06666666666666667,0.0
ILGPILGLVSNAGGLL,amp_all_clean.csv,1,amp,0,16,0.27666666666666667,0,0.3333333333333333,0.4,0.0,0.25,0.0625
GWMSKIASGIGTFLSGVQQG,amp_all_clean.csv,1,amp,0,20,0.2357142857142857,0,0.2857142857142857,0.3333333333333333,0.0,0.25,0.0
GLWKSLLKNVGKAAGKAALNAVTDMVNQ,amp_all_clean.csv,1,amp,0,28,0.09097222222222222,2,0.1111111111111111,0.125,0.0,0.10714285714285714,0.0
GLWKSLLKNVGVAAGKAALNAVTDMVNQ,amp_all_clean.csv,1,amp,0,28,0.09097222222222222,2,0.1111111111111111,0.125,0.0,0.10714285714285714,0.0
FLSLIPHIVSGVAALAKHLG,amp_all_clean.csv,1,amp,0,20,0.22738095238095238,1,0.2857142857142857,0.16666666666666666,0.08333333333333333,0.1,0.05
ALWKNMLKGIGKLAGQAALGAVKTLVGAE,amp_all_clean.csv,1,amp,0,29,0.26666666666666666,2,0.3333333333333333,0.3333333333333333,0.0,0.1724137931034483,0.0
GLWSKIKEAGKAVLTAAGKAALGAVSDAV,amp_all_clean.csv,1,amp,0,29,0.16333333333333333,0,0.2,0.2222222222222222,0.0,0.13793103448275862,0.0
RGLWSKIKEAGKAALTAAGKAALGAVSDAV,amp_all_clean.csv,1,amp,0,30,0.16333333333333333,1,0.2,0.2222222222222222,0.0,0.13333333333333333,0.0
GLWKNMLSGIGKLAGQAALGAVKTLV,amp_all_clean.csv,1,amp,0,26,0.2,2,0.25,0.25,0.0,0.19230769230769232,0.0
GLWKNMLSGIGKLAGEAALGAVKTLV,amp_all_clean.csv,1,amp,0,26,0.2,2,0.25,0.25,0.0,0.19230769230769232,0.0
ALWKNMLSGIGKLAGQAALGAVKTLV,amp_all_clean.csv,1,amp,0,26,0.2,2,0.25,0.25,0.0,0.15384615384615385,0.0
ALWKDMLSGIGKLAGQAALGAVKTLV,amp_all_clean.csv,1,amp,0,26,0.2,2,0.25,0.25,0.0,0.15384615384615385,0.0
GLWSKIKEAGKAAVKAAGKAALGAVANSV,amp_all_clean.csv,1,amp,0,29,0.16333333333333333,0,0.2,0.2222222222222222,0.0,0.13793103448275862,0.0
GLWSKIKEAGKAAVKAAGKAALGAVADSV,amp_all_clean.csv,1,amp,0,29,0.16333333333333333,0,0.2,0.2222222222222222,0.0,0.13793103448275862,0.0
GLWKSLLKNVGKAAGKAALNAVTDMVNQA,amp_all_clean.csv,1,amp,0,29,0.08888888888888888,2,0.1111111111111111,0.1111111111111111,0.0,0.10344827586206896,0.0
GLWKSLLKNVGKAAGKAALNAVTDMVNQS,amp_all_clean.csv,1,amp,0,29,0.08888888888888888,2,0.1111111111111111,0.1111111111111111,0.0,0.10344827586206896,0.0
ALWKSLLKGAGQLVGGVVQHFMGSQGQPES,amp_all_clean.csv,1,amp,0,30,0.2561111111111111,1,0.3,0.3333333333333333,0.05555555555555555,0.2,0.03333333333333333
ALWMTLLKKVLKAAAKALNAVLVGANA,amp_all_clean.csv,1,amp,1,27,0.09097222222222222,2,0.1111111111111111,0.125,0.0,0.037037037037037035,0.0
GLWSKIKETGKEAAKAAGKAALNKIAEAV,amp_all_clean.csv,1,amp,0,29,0.16333333333333333,0,0.2,0.2222222222222222,0.0,0.10344827586206896,0.0
GLFKTLIKGAGKMLGHVAKQFLGSQGQPES,amp_all_clean.csv,1,amp,0,30,0.2561111111111111,1,0.3,0.3333333333333333,0.05555555555555555,0.2,0.03333333333333333
GLWSKIKEAAKTAGKAAMGFVNEMV,amp_all_clean.csv,1,amp,0,25,0.18194444444444444,0,0.2222222222222222,0.25,0.0,0.12,0.0
ALWKTLLKGAGKVFGHVAKQFLGSQGQPES,amp_all_clean.csv,1,amp,0,30,0.2561111111111111,1,0.3,0.3333333333333333,0.05555555555555555,0.16666666666666666,0.03333333333333333
GLWSKIKEAAKTAGKMAMGFVNDMV,amp_all_clean.csv,1,amp,0,25,0.18194444444444444,0,0.2222222222222222,0.25,0.0,0.12,0.0
GLRSKIKEAAKTAGKMALGFVNDMA,amp_all_clean.csv,1,amp,0,25,0.18194444444444444,0,0.2222222222222222,0.25,0.0,0.12,0.0
SLGSFMKGVGKGLATVGKIVADQFGKLLEA,amp_all_clean.csv,1,amp,0,30,0.16333333333333333,1,0.2,0.2222222222222222,0.0,0.2,0.0
SLWSKIKEMAATAGKAALNAVTGMVNQ,amp_all_clean.csv,1,amp,0,27,0.18194444444444444,1,0.2222222222222222,0.25,0.0,0.07407407407407407,0.0
GMFTNMLKGIGKLAGQAALGAVKTLA,amp_all_clean.csv,1,amp,0,26,0.2,2,0.25,0.25,0.0,0.19230769230769232,0.0
GMWGSLLKGVATVVKHVLPHALSSQQS,amp_all_clean.csv,1,amp,0,27,0.17777777777777776,0,0.2222222222222222,0.2222222222222222,0.0,0.1111111111111111,0.037037037037037035
GLVSGLLNTAGGLLGDLLGSLGSLSG,amp_all_clean.csv,1,amp,0,26,0.2729166666666667,0,0.3333333333333333,0.375,0.0,0.3076923076923077,0.0
LLGDLLGQTSKLVNDLTDTVGSIV,amp_all_clean.csv,1,amp,0,24,0.20535714285714285,2,0.25,0.2857142857142857,0.0,0.125,0.0
GLWSKIKDVAAAAGKAALGAVNEALGEQ,amp_all_clean.csv,1,amp,0,28,0.17777777777777776,1,0.2222222222222222,0.2222222222222222,0.0,0.14285714285714285,0.0
GLWSTIKNVGKEAAIAAGKAVLGSL,amp_all_clean.csv,1,amp,0,25,0.18194444444444444,0,0.2222222222222222,0.25,0.0,0.16,0.0
DLWNSIKDMAAAAGRAALNAVTGMVNQ,amp_all_clean.csv,1,amp,0,27,0.18194444444444444,1,0.2222222222222222,0.25,0.0,0.07407407407407407,0.0
GLLSGILNTAGGLLGNLIGSLSNGES,amp_all_clean.csv,1,amp,0,26,0.30000000000000004,2,0.375,0.375,0.0,0.2692307692307692,0.0
GLLSGILNSAGGLLGNLIGSLSNGES,amp_all_clean.csv,1,amp,0,26,0.30000000000000004,2,0.375,0.375,0.0,0.2692307692307692,0.0
SVLSTITDMAKAAGRAALNAITGLVNQGEQ,amp_all_clean.csv,1,amp,0,30,0.16333333333333333,1,0.2,0.2222222222222222,0.0,0.1,0.0
ALWKDLLKNVGIAAGKAVLNKVTDMVNQ,amp_all_clean.csv,1,amp,0,28,0.09097222222222222,2,0.1111111111111111,0.125,0.0,0.07142857142857142,0.0
ALWKNMLKGIGKLAGKAALGAVK,amp_all_clean.csv,1,amp,0,23,0.22857142857142856,2,0.2857142857142857,0.2857142857142857,0.0,0.17391304347826086,0.0
HFLGKLVNLAKKIL,amp_all_clean.csv,1,amp,0,14,0.1675,0,0.2,0.25,0.0,0.07142857142857142,0.0
FLPILGKLLSGFL,amp_all_clean.csv,1,amp,0,13,0.225,1,0.25,0.25,0.125,0.15384615384615385,0.07692307692307693
FLPILGKLLSGLL,amp_all_clean.csv,1,amp,0,13,0.225,1,0.25,0.25,0.125,0.15384615384615385,0.07692307692307693
FLPILGNLLNGLL,amp_all_clean.csv,1,amp,0,13,0.225,1,0.25,0.25,0.125,0.15384615384615385,0.07692307692307693
FLPFVGNLLNGLL,amp_all_clean.csv,1,amp,0,13,0.225,1,0.25,0.25,0.125,0.15384615384615385,0.07692307692307693
FVDLKKIANIINSIFGK,amp_all_clean.csv,1,amp,0,17,0.10833333333333334,0,0.16666666666666666,0.0,0.0,0.058823529411764705,0.0
FLGALAKIISGIF,amp_all_clean.csv,1,amp,0,13,0.2125,2,0.25,0.3333333333333333,0.0,0.15384615384615385,0.0
FLPIIGQLLSGLL,amp_all_clean.csv,1,amp,0,13,0.225,1,0.25,0.25,0.125,0.15384615384615385,0.07692307692307693
FLPALAGIAGLLGKIFGK,amp_all_clean.csv,1,amp,0,18,0.4166666666666667,0,0.5,0.5,0.08333333333333333,0.2222222222222222,0.05555555555555555
AVDLAKIANIANKVLSSLFGK,amp_all_clean.csv,1,amp,0,21,0.09285714285714286,1,0.14285714285714285,0.0,0.0,0.047619047619047616,0.0
FLPLIGKILGTILGK,amp_all_clean.csv,1,amp,0,15,0.18000000000000002,0,0.2,0.2,0.1,0.2,0.06666666666666667
FLSGIVGMLGKLFGK,amp_all_clean.csv,1,amp,0,15,0.48,0,0.6,0.6,0.0,0.26666666666666666,0.0
FLPIVTNLLSGLLGK,amp_all_clean.csv,1,amp,0,15,0.3225,1,0.4,0.25,0.125,0.13333333333333333,0.06666666666666667
FLSHIAGFLSNLFGK,amp_all_clean.csv,1,amp,0,15,0.16,0,0.2,0.2,0.0,0.13333333333333333,0.0
FLPAALAGIGGILGKLFGK,amp_all_clean.csv,1,amp,0,19,0.4166666666666667,1,0.5,0.5,0.08333333333333333,0.2631578947368421,0.05263157894736842
FFFLSRIFGK,amp_all_clean.csv,1,amp,0,10,0.21666666666666667,2,0.3333333333333333,0.0,0.0,0.1,0.0
FLPFFASLLGKLL,amp_all_clean.csv,1,amp,0,13,0.1925,0,0.2,0.25,0.125,0.07692307692307693,0.07692307692307693
ILPILGNLLNGLL,amp_all_clean.csv,1,amp,0,13,0.225,1,0.25,0.25,0.125,0.15384615384615385,0.07692307692307693
ILPILGNLLNSLL,amp_all_clean.csv,1,amp,0,13,0.2125,2,0.25,0.3333333333333333,0.0,0.07692307692307693,0.07692307692307693
VLPLVGNLLNDLL,amp_all_clean.csv,1,amp,0,13,0.2125,2,0.25,0.3333333333333333,0.0,0.07692307692307693,0.07692307692307693
ILPILAPLIGGLL,amp_all_clean.csv,1,amp,0,13,0.25,1,0.25,0.25,0.25,0.15384615384615385,0.15384615384615385
FIGPLISALASLFKG,amp_all_clean.csv,1,amp,0,15,0.3225,2,0.4,0.25,0.125,0.13333333333333333,0.06666666666666667
FIGPIISALASLFGG,amp_all_clean.csv,1,amp,0,15,0.3225,2,0.4,0.25,0.125,0.2,0.06666666666666667
FLPFLASLLTKVL,amp_all_clean.csv,1,amp,0,13,0.025,0,0.0,0.0,0.125,0.0,0.07692307692307693
GFRDVLKGAAKEFVKTVAGHIAN,amp_all_clean.csv,1,amp,0,23,0.20535714285714285,0,0.25,0.2857142857142857,0.0,0.13043478260869565,0.0
GFREVLKGAAKAFVKTVAGHIANI,amp_all_clean.csv,1,amp,0,24,0.2,0,0.25,0.25,0.0,0.125,0.0
GFKDWIKGAAKKLIKTVASNIANQ,amp_all_clean.csv,1,amp,0,24,0.10267857142857142,1,0.125,0.14285714285714285,0.0,0.08333333333333333,0.0
GIKDWIKGAAKTLIKTVASHIANQ,amp_all_clean.csv,1,amp,0,24,0.10267857142857142,1,0.125,0.14285714285714285,0.0,0.08333333333333333,0.0
GFKDWIKSAAKKLIKTVASNIANQ,amp_all_clean.csv,1,amp,0,24,0.1,0,0.125,0.125,0.0,0.041666666666666664,0.0
GFRDVLKGAAKQFVKTVAGHIANI,amp_all_clean.csv,1,amp,0,24,0.2,0,0.25,0.25,0.0,0.125,0.0
GFKDWIKGAAKKLIKTVAANIANQ,amp_all_clean.csv,1,amp,0,24,0.10267857142857142,1,0.125,0.14285714285714285,0.0,0.08333333333333333,0.0
GFKDWIKGAAKKLIKTVASSIANE,amp_all_clean.csv,1,amp,0,24,0.10267857142857142,1,0.125,0.14285714285714285,0.0,0.08333333333333333,0.0
GFKKLLKGAAKALVKTVLF,amp_all_clean.csv,1,amp,0,19,0.13333333333333333,1,0.16666666666666666,0.16666666666666666,0.0,0.10526315789473684,0.0
FLPLIAGLAANFLPKLFCKITKKC,amp_all_clean.csv,1,amp,0,24,0.125,0,0.125,0.125,0.125,0.041666666666666664,0.08333333333333333
FLPIIASVAAKLIPSIVCRITKKC,amp_all_clean.csv,1,amp,0,24,0.025,0,0.0,0.0,0.125,0.0,0.08333333333333333
VIPFVASVAAEMMPHVYCAASRKC,amp_all_clean.csv,1,amp,0,24,0.025,0,0.0,0.0,0.125,0.0,0.08333333333333333
FFGPLIKIATGVLPNLICKALGKC,amp_all_clean.csv,1,amp,0,24,0.13125,2,0.125,0.14285714285714285,0.14285714285714285,0.125,0.08333333333333333
GIGSMLLGLAKNVGMSLLNKAQCKISGKC,amp_all_clean.csv,1,amp,0,29,0.17777777777777776,2,0.2222222222222222,0.2222222222222222,0.0,0.1724137931034483,0.0
GFMGDTLKGIARNAALALMNAAQCKLSGKC,amp_all_clean.csv,1,amp,0,30,0.24,0,0.3,0.3,0.0,0.13333333333333333,0.0
GIGSILGVIAKGLPTLISWIKNR,amp_all_clean.csv,1,amp,0,23,0.24285714285714285,2,0.2857142857142857,0.2857142857142857,0.07142857142857142,0.17391304347826086,0.043478260869565216
FLGAIAGVAAKFLPKVFCFITKKC,amp_all_clean.csv,1,amp,0,24,0.11696428571428572,2,0.125,0.14285714285714285,0.07142857142857142,0.08333333333333333,0.041666666666666664
FLPVIASVAAKVLPKVFCFITKKC,amp_all_clean.csv,1,amp,0,24,0.025,0,0.0,0.0,0.125,0.0,0.08333333333333333
FLPLIAGVAANFLPKIFCLISKKC,amp_all_clean.csv,1,amp,0,24,0.125,0,0.125,0.125,0.125,0.041666666666666664,0.08333333333333333
FLPLIAGVAASILPKIFCFITKKC,amp_all_clean.csv,1,amp,0,24,0.125,0,0.125,0.125,0.125,0.041666666666666664,0.08333333333333333
FFPIVAGVAGQVLKKIFCTISKKC,amp_all_clean.csv,1,amp,0,24,0.21250000000000002,0,0.25,0.25,0.0625,0.08333333333333333,0.041666666666666664
FLPLLAGLAANFLPKLFCKITKKC,amp_all_clean.csv,1,amp,0,24,0.125,0,0.125,0.125,0.125,0.041666666666666664,0.08333333333333333
FLPLLAGLAANFLPKLFCKITRKC,amp_all_clean.csv,1,amp,0,24,0.125,0,0.125,0.125,0.125,0.041666666666666664,0.08333333333333333
FLPFLAGLAANFLPKLFCKITRKC,amp_all_clean.csv,1,amp,0,24,0.125,0,0.125,0.125,0.125,0.041666666666666664,0.08333333333333333
FFPLIAGLAANFLPQILCKIARKC,amp_all_clean.csv,1,amp,0,24,0.125,0,0.125,0.125,0.125,0.041666666666666664,0.08333333333333333
FFPNVASVPGQVLKKIFCAISKKC,amp_all_clean.csv,1,amp,0,24,0.125,0,0.125,0.125,0.125,0.041666666666666664,0.08333333333333333
FFPAIFRLVAKVVPSIICSVTKKC,amp_all_clean.csv,1,amp,0,24,0.025,0,0.0,0.0,0.125,0.0,0.08333333333333333
FLPAIFRMAAKVVPTIICSITKKC,amp_all_clean.csv,1,amp,0,24,0.025,0,0.0,0.0,0.125,0.0,0.08333333333333333
GILDSLKNLAKNAGQILLNKASCKLSGQC,amp_all_clean.csv,1,amp,0,29,0.08888888888888888,2,0.1111111111111111,0.1111111111111111,0.0,0.10344827586206896,0.0
GIFDKLKNFAKGVAQSLLNKASCKLSGQC,amp_all_clean.csv,1,amp,0,29,0.17777777777777776,2,0.2222222222222222,0.2222222222222222,0.0,0.10344827586206896,0.0
GIFLDKLKNFAKGVAQSLLNKASCKLSGQC,amp_all_clean.csv,1,amp,0,30,0.24,0,0.3,0.3,0.0,0.1,0.0
GLWNTKLEAGLLFAMGKLDLKRCLKAGGC,amp_all_clean.csv,1,amp,0,29,0.31,0,0.4,0.3333333333333333,0.0,0.1724137931034483,0.0
FMGGLIKAATKALPAAFCAITKKC,amp_all_clean.csv,1,amp,0,24,0.11696428571428572,2,0.125,0.14285714285714285,0.07142857142857142,0.08333333333333333,0.041666666666666664
FLPFLLSALPKVFCFFSKKC,amp_all_clean.csv,1,amp,0,20,0.03333333333333333,1,0.0,0.0,0.16666666666666666,0.0,0.1
FLPLLPSALPSFLCLVFKKC,amp_all_clean.csv,1,amp,0,20,0.05,1,0.0,0.0,0.25,0.0,0.15
FLPLLLSALPSFSCLVFKKC,amp_all_clean.csv,1,amp,0,20,0.03333333333333333,1,0.0,0.0,0.16666666666666666,0.0,0.1
VIPFVASVAAEMMQHVYCAASRRC,amp_all_clean.csv,1,amp,0,24,0.014285714285714285,1,0.0,0.0,0.07142857142857142,0.0,0.041666666666666664
KLKNFAIGVAQSLLNKASCKLSGQC,amp_all_clean.csv,1,amp,0,25,0.2,1,0.25,0.25,0.0,0.08,0.0
GILDSLKNFAKDAAGILLKKASCKLSGQC,amp_all_clean.csv,1,amp,0,29,0.17777777777777776,2,0.2222222222222222,0.2222222222222222,0.0,0.10344827586206896,0.0
GLMSTLKGAATNAAVTLLNKLQCKLTGTC,amp_all_clean.csv,1,amp,0,29,0.08888888888888888,2,0.1111111111111111,0.1111111111111111,0.0,0.10344827586206896,0.0
GLMSTLKGAATNVAVTLLNKLQCKLTGTC,amp_all_clean.csv,1,amp,0,29,0.08888888888888888,2,0.1111111111111111,0.1111111111111111,0.0,0.10344827586206896,0.0
GILDSLKNLAKNAAQILLNKASCKLSGQC,amp_all_clean.csv,1,amp,0,29,0.08888888888888888,2,0.1111111111111111,0.1111111111111111,0.0,0.06896551724137931,0.0
FLPLIASVAANLAPKIICKITKTC,amp_all_clean.csv,1,amp,0,24,0.025,0,0.0,0.0,0.125,0.0,0.08333333333333333
GLWDTIKQAGKKIFLSVLDKIRCKVAGGC,amp_all_clean.csv,1,amp,0,29,0.22833333333333333,0,0.3,0.2222222222222222,0.0,0.13793103448275862,0.0
FFGSVLKVAAKVLPAALCQIFKKC,amp_all_clean.csv,1,amp,0,24,0.11696428571428572,2,0.125,0.14285714285714285,0.07142857142857142,0.041666666666666664,0.041666666666666664
FLPLVRVAAKLIPSVVCAISKRC,amp_all_clean.csv,1,amp,0,23,0.02857142857142857,1,0.0,0.0,0.14285714285714285,0.0,0.08695652173913043
FLPVLARLAVKFLPSIVCAATKKC,amp_all_clean.csv,1,amp,0,24,0.025,0,0.0,0.0,0.125,0.0,0.08333333333333333
FLPALIGIAAKALPSLLCKITKKC,amp_all_clean.csv,1,amp,0,24,0.125,0,0.125,0.125,0.125,0.041666666666666664,0.08333333333333333
FFPAILRVAAKVGPAVLCAITKKC,amp_all_clean.csv,1,amp,0,24,0.125,0,0.125,0.125,0.125,0.041666666666666664,0.08333333333333333
GIWDTLKNVGKAVLGKVLENV,amp_all_clean.csv,1,amp,0,21,0.22857142857142856,0,0.2857142857142857,0.2857142857142857,0.0,0.14285714285714285,0.0
FITLLLRKFICSITKKC,amp_all_clean.csv,1,amp,0,17,0.0,0,0.0,0.0,0.0,0.0,0.0
FLPLLLAGLPKLLCFLFKKC,amp_all_clean.csv,1,amp,0,20,0.15119047619047618,1,0.14285714285714285,0.16666666666666666,0.16666666666666666,0.05,0.1
FLPLLAASFACTVTKKC,amp_all_clean.csv,1,amp,0,17,0.020000000000000004,0,0.0,0.0,0.1,0.0,0.058823529411764705
FVPLLVSKLVCVVTKKC,amp_all_clean.csv,1,amp,0,17,0.020000000000000004,0,0.0,0.0,0.1,0.0,0.058823529411764705
FLPIIASVAAKVFPKIFCAISKKC,amp_all_clean.csv,1,amp,0,24,0.025,0,0.0,0.0,0.125,0.0,0.08333333333333333
FLGSLLGLVGKIVPTLICKISKKC,amp_all_clean.csv,1,amp,0,24,0.21250000000000002,0,0.25,0.25,0.0625,0.125,0.041666666666666664
FIKELLPHLSGIIDSVANAIK,amp_all_clean.csv,1,amp,0,21,0.13452380952380952,1,0.14285714285714285,0.16666666666666666,0.08333333333333333,0.047619047619047616,0.047619047619047616
GLASTLGSFLGKFAKGGAQAFLQPK,amp_all_clean.csv,1,amp,0,25,0.28541666666666665,0,0.3333333333333333,0.375,0.0625,0.2,0.04
GLLKPLLKIAAKVGSNLL,amp_all_clean.csv,1,amp,0,18,0.15,0,0.16666666666666666,0.16666666666666666,0.08333333333333333,0.1111111111111111,0.05555555555555555
GWGDTFGKVLKNFAKVAGVKAAK,amp_all_clean.csv,1,amp,0,23,0.22857142857142856,2,0.2857142857142857,0.2857142857142857,0.0,0.17391304347826086,0.0
GWGDTFLKTMAKIAKVGPKLLHS,amp_all_clean.csv,1,amp,0,23,0.11696428571428572,0,0.125,0.14285714285714285,0.07142857142857142,0.13043478260869565,0.043478260869565216
QDKPFWSPPIYPV,amp_all_clean.csv,1,amp,0,13,0.07500000000000001,0,0.0,0.0,0.375,0.0,0.3076923076923077
QDKPFWSPPIYPH,amp_all_clean.csv,1,amp,0,13,0.07500000000000001,0,0.0,0.0,0.375,0.0,0.3076923076923077
QDKPFWDPPIYPV,amp_all_clean.csv,1,amp,0,13,0.07500000000000001,0,0.0,0.0,0.375,0.0,0.3076923076923077
QDKPFWPPPIYIM,amp_all_clean.csv,1,amp,0,13,0.1,2,0.0,0.0,0.5,0.0,0.3076923076923077
QDKPFWPPPIYPM,amp_all_clean.csv,1,amp,0,13,0.1,1,0.0,0.0,0.5,0.0,0.38461538461538464
EPRTPWDWV,amp_all_clean.csv,1,amp,0,9,0.06666666666666667,0,0.0,0.0,0.3333333333333333,0.0,0.2222222222222222
QEKPYWPPPIYPM,amp_all_clean.csv,1,amp,0,13,0.1,1,0.0,0.0,0.5,0.0,0.38461538461538464
GLLDVVKGAAKNLLASALDKLKCKVTGC,amp_all_clean.csv,1,amp,0,28,0.08888888888888888,1,0.1111111111111111,0.1111111111111111,0.0,0.10714285714285714,0.0
GLMDMVKGAAKNLFASALDTLKCKITGC,amp_all_clean.csv,1,amp,0,28,0.08888888888888888,1,0.1111111111111111,0.1111111111111111,0.0,0.10714285714285714,0.0
GIMDTVKNAAKDLAGQLLDKLKCKITAC,amp_all_clean.csv,1,amp,0,28,0.09097222222222222,2,0.1111111111111111,0.125,0.0,0.07142857142857142,0.0
AFFTTVKNLVTNVAGTVIDKMKCKLTGEC,amp_all_clean.csv,1,amp,0,29,0.17777777777777776,2,0.2222222222222222,0.2222222222222222,0.0,0.06896551724137931,0.0
AAKLLLNPKFRCKAAFC,amp_all_clean.csv,1,amp,0,17,0.020000000000000004,0,0.0,0.0,0.1,0.0,0.058823529411764705
AVNIPFKVKFRCKAAFC,amp_all_clean.csv,1,amp,0,17,0.020000000000000004,0,0.0,0.0,0.1,0.0,0.058823529411764705
GFLSTVKNLATNVAGTVIDTIKCKVTGGC,amp_all_clean.csv,1,amp,0,29,0.17777777777777776,2,0.2222222222222222,0.2222222222222222,0.0,0.13793103448275862,0.0
FLPIASLLGKYL,amp_all_clean.csv,1,amp,0,12,0.2125,2,0.25,0.3333333333333333,0.0,0.08333333333333333,0.08333333333333333
FLSAIASMLGKFL,amp_all_clean.csv,1,amp,0,13,0.1675,0,0.2,0.25,0.0,0.07692307692307693,0.0
FISAIASFLGKFL,amp_all_clean.csv,1,amp,0,13,0.1675,0,0.2,0.25,0.0,0.07692307692307693,0.0
GLADYWRTAFRANFANLGPGIRCKSARC,amp_all_clean.csv,1,amp,0,28,0.10347222222222222,2,0.1111111111111111,0.125,0.0625,0.10714285714285714,0.03571428571428571
GMFSVLKNLGKVGLGFVACKINKQC,amp_all_clean.csv,1,amp,0,25,0.2729166666666667,0,0.3333333333333333,0.375,0.0,0.16,0.0
LMDTVKNVAKNLAGHMLDKLKCKITGC,amp_all_clean.csv,1,amp,0,27,0.16319444444444442,1,0.2222222222222222,0.125,0.0,0.07407407407407407,0.0
RCRFCCRCCPRMRGCGICCRF,amp_all_clean.csv,1,amp,1,21,0.13452380952380952,1,0.14285714285714285,0.16666666666666666,0.08333333333333333,0.09523809523809523,0.047619047619047616
FIGGIISFFKRLF,amp_all_clean.csv,1,amp,0,13,0.2125,2,0.25,0.3333333333333333,0.0,0.15384615384615385,0.0
FIGGIISLIKKLF,amp_all_clean.csv,1,amp,0,13,0.2125,2,0.25,0.3333333333333333,0.0,0.15384615384615385,0.0
FIGGIISFIKKLF,amp_all_clean.csv,1,amp,0,13,0.2125,2,0.25,0.3333333333333333,0.0,0.15384615384615385,0.0
NWRKILGQIASVGAGLLGSLLAGYE,amp_all_clean.csv,1,amp,0,25,0.20535714285714285,2,0.25,0.2857142857142857,0.0,0.2,0.0
LFGFLIPLLPHLIGAIPQVIGAIR,amp_all_clean.csv,1,amp,0,24,0.2482142857142857,2,0.25,0.2857142857142857,0.21428571428571427,0.125,0.125
FFHHIFRGIVHVGKTIHKLVTGG,amp_all_clean.csv,1,amp,0,23,0.18392857142857144,0,0.25,0.14285714285714285,0.0,0.17391304347826086,0.0
FFHHIFRGIVHVGKTIHRLVTGG,amp_all_clean.csv,1,amp,0,23,0.18392857142857144,0,0.25,0.14285714285714285,0.0,0.17391304347826086,0.0
FFHHIFRGIVHVGRTIHKLVTGG,amp_all_clean.csv,1,amp,0,23,0.18392857142857144,0,0.25,0.14285714285714285,0.0,0.17391304347826086,0.0
FFHHIFRGIVHVGRTIHRLVTGG,amp_all_clean.csv,1,amp,0,23,0.18392857142857144,0,0.25,0.14285714285714285,0.0,0.17391304347826086,0.0
IFHHIFKGIVHVGKTIHRLVTG,amp_all_clean.csv,1,amp,0,22,0.18392857142857144,0,0.25,0.14285714285714285,0.0,0.13636363636363635,0.0
PKRKSATKGDEPA,amp_all_clean.csv,1,amp,0,13,0.2125,2,0.25,0.3333333333333333,0.0,0.07692307692307693,0.15384615384615385
KVHGSLARAGK,amp_all_clean.csv,1,amp,0,11,0.375,0,0.5,0.3333333333333333,0.0,0.18181818181818182,0.0
RSTEDIIKSISGGGFLNAMNA,amp_all_clean.csv,1,amp,0,21,0.11785714285714285,1,0.14285714285714285,0.16666666666666666,0.0,0.14285714285714285,0.0
FLGLIFHGLVHAGKLIHGLIHRNRG,amp_all_clean.csv,1,amp,0,25,0.20535714285714285,2,0.25,0.2857142857142857,0.0,0.2,0.0
GWKSVFRKAKKVGKTVGGLALDHYLG,amp_all_clean.csv,1,amp,0,26,0.18194444444444444,0,0.2222222222222222,0.25,0.0,0.19230769230769232,0.0
GWKKWFNRAKKVGKTVGGLAVDHYLG,amp_all_clean.csv,1,amp,0,26,0.18194444444444444,0,0.2222222222222222,0.25,0.0,0.19230769230769232,0.0
GWRTLLKKAEVKTVGKLALKHYL,amp_all_clean.csv,1,amp,0,23,0.11428571428571428,2,0.14285714285714285,0.14285714285714285,0.0,0.08695652173913043,0.0
QSHLSLCRFCCKCCRNKGCGYCCKF,amp_all_clean.csv,1,amp,1,25,0.10267857142857142,2,0.125,0.14285714285714285,0.0,0.08,0.0
LFGFLIKLIPSLFGALSNIGRNRNQ,amp_all_clean.csv,1,amp,0,25,0.21250000000000002,1,0.25,0.25,0.0625,0.12,0.04
LFGFLIPLLPHIIGAIPQVIGAIR,amp_all_clean.csv,1,amp,0,24,0.2482142857142857,2,0.25,0.2857142857142857,0.21428571428571427,0.125,0.125
WWRELLKKLAFTAAGHLGSVLAAKQSGW,amp_all_clean.csv,1,amp,0,28,0.25416666666666665,2,0.3333333333333333,0.25,0.0,0.10714285714285714,0.0
IGGIISFFKRLF,amp_all_clean.csv,1,amp,0,12,0.2125,1,0.25,0.3333333333333333,0.0,0.16666666666666666,0.0
NWRKILGKIAKVAAGLLGSMLAGYQV,amp_all_clean.csv,1,amp,0,26,0.2,2,0.25,0.25,0.0,0.15384615384615385,0.0
PDPAKTAPKKKSKKAVT,amp_all_clean.csv,1,amp,0,17,0.04000000000000001,0,0.0,0.0,0.2,0.0,0.17647058823529413
GWFKKAWRKVKNAGRVLKGVGIHYGVGLIG,amp_all_clean.csv,1,amp,0,30,0.24,0,0.3,0.3,0.0,0.23333333333333334,0.0
AVPDVAFNAYG,amp_all_clean.csv,1,amp,0,11,0.19583333333333333,1,0.25,0.0,0.16666666666666666,0.09090909090909091,0.09090909090909091
GCPQTPRCTNYAEKGQCPPN,amp_all_clean.csv,1,amp,1,20,0.16785714285714284,0,0.14285714285714285,0.16666666666666666,0.25,0.1,0.2
CPAIQRCCQQLRNIQPPCRCCQ,amp_all_clean.csv,1,amp,1,22,0.03333333333333333,2,0.0,0.0,0.16666666666666666,0.0,0.13636363636363635
QSERFEQQMQGQDFSHDERFLSQAA,amp_all_clean.csv,1,amp,0,25,0.1,1,0.125,0.125,0.0,0.04,0.0
PAQPFRIKKRQGPFERP,amp_all_clean.csv,1,amp,0,17,0.22,2,0.2,0.2,0.3,0.058823529411764705,0.23529411764705882
ACHAHCQSVGRRGGYCGNFRMTCYCY,amp_all_clean.csv,1,amp,1,26,0.18194444444444444,0,0.2222222222222222,0.25,0.0,0.15384615384615385,0.0
NCIQQCVSKGAQGGYCTNEKCTCY,amp_all_clean.csv,1,amp,1,24,0.2,0,0.25,0.25,0.0,0.125,0.0
EQPGGDKVNLGYFTN,amp_all_clean.csv,1,amp,0,15,0.36000000000000004,1,0.4,0.5,0.125,0.2,0.06666666666666667
LYKLVKVVLNM,amp_all_clean.csv,1,amp,1,11,0.0,0,0.0,0.0,0.0,0.0,0.0
TGVAWRIT,amp_all_clean.csv,1,amp,0,8,0.2916666666666667,1,0.3333333333333333,0.5,0.0,0.125,0.0
KIFTKCELARKLRAEGMDGF,amp_all_clean.csv,1,amp,0,20,0.21071428571428572,0,0.2857142857142857,0.16666666666666666,0.0,0.1,0.0
ADSRNPLEEEFRETNYEEF,amp_all_clean.csv,1,amp,0,19,0.016666666666666666,0,0.0,0.0,0.08333333333333333,0.0,0.05263157894736842
DGVCSNRRQCNKEVCGSSYDVAIVGA,amp_all_clean.csv,1,amp,1,26,0.16319444444444442,0,0.2222222222222222,0.125,0.0,0.11538461538461539,0.0
ADVRNPLEEFRETDYEVL,amp_all_clean.csv,1,amp,0,18,0.020000000000000004,1,0.0,0.0,0.1,0.0,0.05555555555555555
ADDRNPLEECFRETDYEEFLEIAKNGLSTT,amp_all_clean.csv,1,amp,0,30,0.09277777777777778,1,0.1,0.1111111111111111,0.05555555555555555,0.03333333333333333,0.03333333333333333
ADDKNPLEEAFREADYEVFLEIAKNGL,amp_all_clean.csv,1,amp,0,27,0.08472222222222221,1,0.1111111111111111,0.0,0.0625,0.037037037037037035,0.037037037037037035
ADDINPKEECFFEDDYYEFE,amp_all_clean.csv,1,amp,0,20,0.016666666666666666,0,0.0,0.0,0.08333333333333333,0.0,0.05
ADDKNPLEECFCEDDDYCEG,amp_all_clean.csv,1,amp,1,20,0.10952380952380952,1,0.14285714285714285,0.0,0.08333333333333333,0.05,0.05
SCTTCECCCSCS,amp_all_clean.csv,1,amp,1,12,0.0,0,0.0,0.0,0.0,0.0,0.0
IASASCTTCICTCSCSS,amp_all_clean.csv,1,amp,1,17,0.0,0,0.0,0.0,0.0,0.0,0.0
KFFRKLKKSVKKRAK,amp_all_clean.csv,1,amp,1,15,0.0,0,0.0,0.0,0.0,0.0,0.0
KFFKKLKNSVKKRAKKFFKKPKVIGVTFPF,amp_all_clean.csv,1,amp,1,30,0.1,0,0.1,0.1,0.1,0.03333333333333333,0.06666666666666667
ADDRNPLEEFRENNYEEFL,amp_all_clean.csv,1,amp,0,19,0.016666666666666666,0,0.0,0.0,0.08333333333333333,0.0,0.05263157894736842
KFFKKLKNSVKKRAKKFFKKPRVIGVSIPF,amp_all_clean.csv,1,amp,1,30,0.1,0,0.1,0.1,0.1,0.03333333333333333,0.06666666666666667
HVINLEESFQEPEYENHLA,amp_all_clean.csv,1,amp,0,19,0.016666666666666666,0,0.0,0.0,0.08333333333333333,0.0,0.05263157894736842
RCICVLGIC,amp_all_clean.csv,1,amp,1,9,0.26666666666666666,0,0.3333333333333333,0.3333333333333333,0.0,0.1111111111111111,0.0
RCLCRRGVC,amp_all_clean.csv,1,amp,1,9,0.26666666666666666,0,0.3333333333333333,0.3333333333333333,0.0,0.1111111111111111,0.0
RCICTRGFC,amp_all_clean.csv,1,amp,1,9,0.26666666666666666,0,0.3333333333333333,0.3333333333333333,0.0,0.1111111111111111,0.0
RCLCRRGVCRCLCRRGVC,amp_all_clean.csv,1,amp,1,18,0.26666666666666666,0,0.3333333333333333,0.3333333333333333,0.0,0.1111111111111111,0.0
RCICTRGFCRCICTRGFC,amp_all_clean.csv,1,amp,1,18,0.26666666666666666,0,0.3333333333333333,0.3333333333333333,0.0,0.1111111111111111,0.0
GDFFRKSKEKIGKEFKRIVQRIKDFLRN,amp_all_clean.csv,1,amp,0,28,0.09097222222222222,2,0.1111111111111111,0.125,0.0,0.07142857142857142,0.0
MKVFFLFAVLFCLVRRNSVHISHQEARGP,amp_all_clean.csv,1,amp,0,29,0.065,0,0.1,0.0,0.0,0.034482758620689655,0.034482758620689655
ACYCRIPACLAGERRYGTCFYLRRVWAFCC,amp_all_clean.csv,1,amp,1,30,0.09277777777777778,1,0.1,0.1111111111111111,0.05555555555555555,0.06666666666666667,0.03333333333333333
ACYCRIPACLAGERRYGTCIYQGRLWAFCC,amp_all_clean.csv,1,amp,1,30,0.17444444444444443,1,0.2,0.2222222222222222,0.05555555555555555,0.1,0.03333333333333333
DTHFPIYIFCCGCCHRSKCGMCCKT,amp_all_clean.csv,1,amp,1,25,0.11696428571428572,2,0.125,0.14285714285714285,0.07142857142857142,0.08,0.04
FWGTLAKLALKAVPAVMGMIKKE,amp_all_clean.csv,1,amp,0,23,0.24285714285714285,2,0.2857142857142857,0.2857142857142857,0.07142857142857142,0.08695652173913043,0.043478260869565216
ALKAVPAVMGMIKKE,amp_all_clean.csv,1,amp,0,15,0.18000000000000002,0,0.2,0.2,0.1,0.06666666666666667,0.06666666666666667
GLKDWWNKHKDKIIAVAKEMGKAGLQAA,amp_all_clean.csv,1,amp,0,28,0.18194444444444444,2,0.2222222222222222,0.25,0.0,0.10714285714285714,0.0
FLGGLIGPLMSLIPGLLK,amp_all_clean.csv,1,amp,0,18,0.3166666666666667,2,0.3333333333333333,0.4,0.2,0.2222222222222222,0.1111111111111111
GVVPHDFRI,amp_all_clean.csv,1,amp,0,9,0.26666666666666666,0,0.3333333333333333,0.3333333333333333,0.0,0.1111111111111111,0.1111111111111111
GLKDWWNKHKDKIIDVVKEMGKAGLQAA,amp_all_clean.csv,1,amp,0,28,0.18194444444444444,2,0.2222222222222222,0.25,0.0,0.10714285714285714,0.0
IIGLVSKGTCVLVKTVCKKVLKQG,amp_all_clean.csv,1,amp,0,24,0.18392857142857144,2,0.25,0.14285714285714285,0.0,0.125,0.0
IDWKKVDWKKVSKKTCKVMLKACKFL,amp_all_clean.csv,1,amp,0,26,0.0,0,0.0,0.0,0.0,0.0,0.0
AHCLAIGRK,amp_all_clean.csv,1,amp,0,9,0.26666666666666666,0,0.3333333333333333,0.3333333333333333,0.0,0.1111111111111111,0.0
AVVNGVNYVGETTAA,amp_all_clean.csv,1,amp,0,15,0.1675,1,0.2,0.25,0.0,0.13333333333333333,0.0
FHPSLWVLIPQYIQLIRKILKSG,amp_all_clean.csv,1,amp,0,23,0.10982142857142857,1,0.125,0.0,0.14285714285714285,0.043478260869565216,0.08695652173913043
FHPSLWVLIPQYIQLIRKILKS,amp_all_clean.csv,1,amp,0,22,0.02857142857142857,1,0.0,0.0,0.14285714285714285,0.0,0.09090909090909091
RQKDKRPYSERKNQYTGPQFLYPPERIPP,amp_all_clean.csv,1,amp,0,29,0.12611111111111112,1,0.1,0.1111111111111111,0.2222222222222222,0.034482758620689655,0.20689655172413793
FAEPLPSEEEGESYSKEVPEMEKRYGGFM,amp_all_clean.csv,1,amp,0,29,0.19666666666666666,1,0.2,0.2222222222222222,0.16666666666666666,0.10344827586206896,0.10344827586206896
QCVGTITLDQSDDLFDLNCNELQSVR,amp_all_clean.csv,1,amp,0,26,0.09097222222222222,0,0.1111111111111111,0.125,0.0,0.038461538461538464,0.0
ILAWKWAWWAWRR,amp_all_clean.csv,1,amp,1,13,0.0,0,0.0,0.0,0.0,0.0,0.0
GRFKRFRKKFKKLFKKLS,amp_all_clean.csv,1,amp,1,18,0.13333333333333333,0,0.16666666666666666,0.16666666666666666,0.0,0.05555555555555555,0.0
GGLRSLGRKILRAWKKYG,amp_all_clean.csv,1,amp,0,18,0.26666666666666666,0,0.3333333333333333,0.3333333333333333,0.0,0.2222222222222222,0.0
GGLRSLGRKILRAWKKYGPQATPATRQ,amp_all_clean.csv,1,amp,0,27,0.18888888888888886,0,0.2222222222222222,0.2222222222222222,0.05555555555555555,0.14814814814814814,0.07407407407407407
CLGVGSCNNFAGCGYAIVCFW,amp_all_clean.csv,1,amp,1,21,0.2357142857142857,1,0.2857142857142857,0.3333333333333333,0.0,0.19047619047619047,0.0
LRRIIRKIIHIIKK,amp_all_clean.csv,1,amp,0,14,0.0,0,0.0,0.0,0.0,0.0,0.0
IRRIIRKIIHIIKK,amp_all_clean.csv,1,amp,0,14,0.0,0,0.0,0.0,0.0,0.0,0.0
DTHFPICIFCCGCCKTPKCGLCCKT,amp_all_clean.csv,1,amp,1,25,0.13125,2,0.125,0.14285714285714285,0.14285714285714285,0.08,0.08
GRFRRLRKKTRKRLKKIGKV,amp_all_clean.csv,1,amp,1,20,0.13333333333333333,2,0.16666666666666666,0.16666666666666666,0.0,0.1,0.0
DTHFPICIFCCGCCRKAICGMCCKT,amp_all_clean.csv,1,amp,1,25,0.11696428571428572,2,0.125,0.14285714285714285,0.07142857142857142,0.08,0.04
AGFAAQAAASLAPVAIQQL,amp_all_clean.csv,1,amp,0,19,0.15,1,0.16666666666666666,0.16666666666666666,0.08333333333333333,0.05263157894736842,0.05263157894736842
PFKISIHL,amp_all_clean.csv,1,amp,0,8,0.0,0,0.0,0.0,0.0,0.0,0.125
TPFKISIHL,amp_all_clean.csv,1,amp,0,9,0.03333333333333333,0,0.0,0.0,0.16666666666666666,0.0,0.1111111111111111
EPFKISIHL,amp_all_clean.csv,1,amp,0,9,0.03333333333333333,0,0.0,0.0,0.16666666666666666,0.0,0.1111111111111111
IKITTMLAKLGKVLAHV,amp_all_clean.csv,1,amp,0,17,0.13833333333333334,1,0.16666666666666666,0.2,0.0,0.058823529411764705,0.0
IKIMDILAKLGKVLAHV,amp_all_clean.csv,1,amp,0,17,0.13833333333333334,1,0.16666666666666666,0.2,0.0,0.058823529411764705,0.0
INIKDILAKLVKVLGHV,amp_all_clean.csv,1,amp,0,17,0.16,2,0.2,0.2,0.0,0.058823529411764705,0.0
INVLGILGLLGKALSHL,amp_all_clean.csv,1,amp,0,17,0.41500000000000004,1,0.5,0.6,0.0,0.17647058823529413,0.0
LKLKDILGKIKVILSHLNK,amp_all_clean.csv,1,amp,0,19,0.13333333333333333,1,0.16666666666666666,0.16666666666666666,0.0,0.05263157894736842,0.0
LKLKSILGKLGVILSHLNK,amp_all_clean.csv,1,amp,0,19,0.26666666666666666,1,0.3333333333333333,0.3333333333333333,0.0,0.10526315789473684,0.0
INWKKIKSLIKAAMS,amp_all_clean.csv,1,amp,0,15,0.0,0,0.0,0.0,0.0,0.0,0.0
IKWKAILDAVKKVL,amp_all_clean.csv,1,amp,0,14,0.0,0,0.0,0.0,0.0,0.0,0.0
INLKAIAALAKKLLG,amp_all_clean.csv,1,amp,0,15,0.13,2,0.2,0.0,0.0,0.06666666666666667,0.0
ILGIITSLLKSL,amp_all_clean.csv,1,amp,0,12,0.2125,2,0.25,0.3333333333333333,0.0,0.08333333333333333,0.0
EPILGIITSLLKSL,amp_all_clean.csv,1,amp,0,14,0.1675,1,0.2,0.25,0.0,0.07142857142857142,0.07142857142857142
GVSGHGQHGVHG,amp_all_clean.csv,1,amp,0,12,0.5875,2,0.75,0.6666666666666666,0.0,0.4166666666666667,0.0
RRQGPIFDTRPSPFNPNQPRPGPIY,amp_all_clean.csv,1,amp,0,25,0.23194444444444443,0,0.2222222222222222,0.25,0.25,0.08,0.28
GIGGKPVQTAFVDNDGIYD,amp_all_clean.csv,1,amp,0,19,0.37023809523809526,0,0.42857142857142855,0.5,0.08333333333333333,0.21052631578947367,0.05263157894736842
ALLHHGLNCAKGVLA,amp_all_clean.csv,1,amp,0,15,0.335,2,0.4,0.5,0.0,0.13333333333333333,0.0
RCVCTRGFC,amp_all_clean.csv,1,amp,1,9,0.26666666666666666,0,0.3333333333333333,0.3333333333333333,0.0,0.1111111111111111,0.0
RCVCRRGVC,amp_all_clean.csv,1,amp,1,9,0.26666666666666666,0,0.3333333333333333,0.3333333333333333,0.0,0.1111111111111111,0.0
RCVCRRGVCRCVCTRGFC,amp_all_clean.csv,1,amp,1,18,0.26666666666666666,0,0.3333333333333333,0.3333333333333333,0.0,0.1111111111111111,0.0
RCVCTRGFCRCVCTRGFC,amp_all_clean.csv,1,amp,1,18,0.26666666666666666,0,0.3333333333333333,0.3333333333333333,0.0,0.1111111111111111,0.0
RCICLLGIC,amp_all_clean.csv,1,amp,1,9,0.26666666666666666,0,0.3333333333333333,0.3333333333333333,0.0,0.1111111111111111,0.0
RCFCRRGVC,amp_all_clean.csv,1,amp,1,9,0.26666666666666666,0,0.3333333333333333,0.3333333333333333,0.0,0.1111111111111111,0.0
RCVCTRGFCRCVCRRGVC,amp_all_clean.csv,1,amp,1,18,0.26666666666666666,0,0.3333333333333333,0.3333333333333333,0.0,0.1111111111111111,0.0
RCVCRRGVCRCVCRRGVC,amp_all_clean.csv,1,amp,1,18,0.26666666666666666,0,0.3333333333333333,0.3333333333333333,0.0,0.1111111111111111,0.0
RCVCTRGFCRCICLLGIC,amp_all_clean.csv,1,amp,1,18,0.26666666666666666,0,0.3333333333333333,0.3333333333333333,0.0,0.1111111111111111,0.0
RCVCTRGFCRCFCRRGVC,amp_all_clean.csv,1,amp,1,18,0.26666666666666666,0,0.3333333333333333,0.3333333333333333,0.0,0.1111111111111111,0.0
GLFGKLIKKFGRKAISYAVKKARGKN,amp_all_clean.csv,1,amp,1,26,0.18194444444444444,0,0.2222222222222222,0.25,0.0,0.15384615384615385,0.0
KIKWFKTMKSLAKFLAKEQMKKHLGE,amp_all_clean.csv,1,amp,0,26,0.07222222222222222,0,0.1111111111111111,0.0,0.0,0.038461538461538464,0.0
MIASHLAFEKLSKLGSKHTML,amp_all_clean.csv,1,amp,0,21,0.11785714285714285,2,0.14285714285714285,0.16666666666666666,0.0,0.047619047619047616,0.0
AGIGKIGDFIKKAIAKYKN,amp_all_clean.csv,1,amp,0,19,0.2357142857142857,0,0.2857142857142857,0.3333333333333333,0.0,0.15789473684210525,0.0
LPRHTLHCVAYHGYCFHSKV,amp_all_clean.csv,1,amp,0,20,0.13452380952380952,0,0.14285714285714285,0.16666666666666666,0.08333333333333333,0.05,0.05
HSCVCRRICAARQVRKGRCSRRRRICCLY,amp_all_clean.csv,1,amp,1,29,0.08166666666666667,1,0.1,0.1111111111111111,0.0,0.034482758620689655,0.0
HPLKQYWWRPSI,amp_all_clean.csv,1,amp,0,12,0.03333333333333333,1,0.0,0.0,0.16666666666666666,0.0,0.16666666666666666
PRCPPCPRCSWCPRCPTCPRCNCNPK,amp_all_clean.csv,1,amp,1,26,0.08750000000000001,2,0.0,0.0,0.4375,0.0,0.3076923076923077
PPCPSCPSCPWCPMCPRCPSCKCNPK,amp_all_clean.csv,1,amp,1,26,0.08750000000000001,1,0.0,0.0,0.4375,0.0,0.34615384615384615
PPCPSCLSCPWCPRCLRCPMCKCNPK,amp_all_clean.csv,1,amp,1,26,0.0625,1,0.0,0.0,0.3125,0.0,0.2692307692307692
DTNFPICIFCCKCCNNSQCGICCKT,amp_all_clean.csv,1,amp,1,25,0.1,1,0.125,0.125,0.0,0.04,0.04
DINFPICRFCCQCCNKPSCGICCEE,amp_all_clean.csv,1,amp,1,25,0.1,1,0.125,0.125,0.0,0.04,0.08
DTNFPICLFCCKCCKNSSCGLCCIT,amp_all_clean.csv,1,amp,1,25,0.1,1,0.125,0.125,0.0,0.04,0.04
PRGSPRTEYEAARR,amp_all_clean.csv,1,amp,0,14,0.225,2,0.25,0.25,0.125,0.07142857142857142,0.14285714285714285
PAQPFRFPKHPQGPQTRPPI,amp_all_clean.csv,1,amp,0,20,0.1845238095238095,0,0.14285714285714285,0.16666666666666666,0.3333333333333333,0.05,0.35
GVCDMADLA,amp_all_clean.csv,1,amp,0,9,0.26666666666666666,0,0.3333333333333333,0.3333333333333333,0.0,0.1111111111111111,0.0
MDVVRTLILCVCLFGLTFA,amp_all_clean.csv,1,amp,0,19,0.13833333333333334,2,0.16666666666666666,0.2,0.0,0.05263157894736842,0.0
DNGEAGRAAR,amp_all_clean.csv,1,amp,0,10,0.5833333333333334,2,0.6666666666666666,1.0,0.0,0.2,0.0
VRPYLVAF,amp_all_clean.csv,1,amp,1,8,0.05,0,0.0,0.0,0.25,0.0,0.125
AGETHTVMINHAGRGAPKLVVGGKKLS,amp_all_clean.csv,1,amp,0,27,0.18888888888888886,0,0.2222222222222222,0.2222222222222222,0.05555555555555555,0.18518518518518517,0.037037037037037035
TPDHREVPSFSSRWEPNFGLTFSK,amp_all_clean.csv,1,amp,0,24,0.125,0,0.125,0.125,0.125,0.041666666666666664,0.125
EWEPVQNGGSSYYMVPRIWA,amp_all_clean.csv,1,amp,0,20,0.16666666666666666,2,0.16666666666666666,0.16666666666666666,0.16666666666666666,0.1,0.1
HKTDSFVGLM,amp_all_clean.csv,1,amp,0,10,0.26666666666666666,1,0.3333333333333333,0.3333333333333333,0.0,0.1,0.0
FLAKAVAKAAAKALAKAL,amp_all_clean.csv,1,amp,1,18,0.0,0,0.0,0.0,0.0,0.0,0.0
KAGLAFPVGRVHRLLRK,amp_all_clean.csv,1,amp,0,17,0.34,2,0.4,0.4,0.1,0.11764705882352941,0.058823529411764705
IGKEFKRIVQRIKDFLRNLVPRTES,amp_all_clean.csv,1,amp,0,25,0.1125,1,0.125,0.125,0.0625,0.04,0.04
FKRIVQRIKDFLRNLV,amp_all_clean.csv,1,amp,0,16,0.0,0,0.0,0.0,0.0,0.0,0.0
FKRIVQRIKDFLR,amp_all_clean.csv,1,amp,0,13,0.0,0,0.0,0.0,0.0,0.0,0.0
ATFNFINNCPFTVWAAAVPG,amp_all_clean.csv,1,amp,0,20,0.1261904761904762,1,0.14285714285714285,0.0,0.16666666666666666,0.05,0.1
ADNKNPLEECFRETNYEEFLEIAR,amp_all_clean.csv,1,amp,0,24,0.014285714285714285,1,0.0,0.0,0.07142857142857142,0.0,0.041666666666666664
FFHHIFRGIVHVGKSIHKLVTG,amp_all_clean.csv,1,amp,0,22,0.18392857142857144,0,0.25,0.14285714285714285,0.0,0.13636363636363635,0.0
DTHISEKIIDCNDIG,amp_all_clean.csv,1,amp,0,15,0.13,2,0.2,0.0,0.0,0.06666666666666667,0.0
SKCYQWQRRMRKLGAPSITCIRRTS,amp_all_clean.csv,1,amp,0,25,0.1125,1,0.125,0.125,0.0625,0.04,0.04
ADDRNPLEECFRETDYEEFLEIARNGLKKT,amp_all_clean.csv,1,amp,0,30,0.09277777777777778,1,0.1,0.1111111111111111,0.05555555555555555,0.03333333333333333,0.03333333333333333
FLSLIPSLVGGSISAFK,amp_all_clean.csv,1,amp,0,17,0.15833333333333335,0,0.16666666666666666,0.2,0.1,0.11764705882352941,0.058823529411764705
GWINEEKIQKKIDEP,amp_all_clean.csv,1,amp,0,15,0.18000000000000002,0,0.2,0.2,0.1,0.06666666666666667,0.06666666666666667
QLEARFEPKQRNFRKRELDFEKLFANMPDY,amp_all_clean.csv,1,amp,0,30,0.022222222222222223,2,0.0,0.0,0.1111111111111111,0.0,0.06666666666666667
LFFLPSLIGGLISAFK,amp_all_clean.csv,1,amp,0,16,0.1925,2,0.2,0.25,0.125,0.125,0.0625
LFGLIPSMMGGLVSAFK,amp_all_clean.csv,1,amp,0,17,0.16,2,0.2,0.2,0.0,0.17647058823529413,0.058823529411764705
LFFLPSLIGGLISAIK,amp_all_clean.csv,1,amp,0,16,0.1925,2,0.2,0.25,0.125,0.125,0.0625
FPFSLIPHAIGGLISAIK,amp_all_clean.csv,1,amp,0,18,0.15833333333333335,1,0.16666666666666666,0.2,0.1,0.1111111111111111,0.1111111111111111
IFSAIGGFLKSIF,amp_all_clean.csv,1,amp,0,13,0.2125,2,0.25,0.3333333333333333,0.0,0.15384615384615385,0.0
IFSAIAGLLSNLL,amp_all_clean.csv,1,amp,0,13,0.1675,0,0.2,0.25,0.0,0.07692307692307693,0.0
FIFDLLKKLV,amp_all_clean.csv,1,amp,0,10,0.0,0,0.0,0.0,0.0,0.0,0.0
SIYERCELARELINR,amp_all_clean.csv,1,amp,0,15,0.0,0,0.0,0.0,0.0,0.0,0.0
IFGSLFSLGSKLLPSVFKLFSRKKQ,amp_all_clean.csv,1,amp,0,25,0.21964285714285714,2,0.25,0.2857142857142857,0.07142857142857142,0.08,0.04
IFGSLFSLGSKLLPTVFKLFSRKKQ,amp_all_clean.csv,1,amp,0,25,0.21964285714285714,2,0.25,0.2857142857142857,0.07142857142857142,0.08,0.04
FLSSLIPSAISGLISAFK,amp_all_clean.csv,1,amp,0,18,0.15833333333333335,2,0.16666666666666666,0.2,0.1,0.05555555555555555,0.05555555555555555
FLGGLWKAMSNLL,amp_all_clean.csv,1,amp,0,13,0.2125,2,0.25,0.3333333333333333,0.0,0.15384615384615385,0.0
FIMDLLGKIF,amp_all_clean.csv,1,amp,0,10,0.2125,0,0.25,0.3333333333333333,0.0,0.1,0.0
FFSLIPSLIGGLVFAIK,amp_all_clean.csv,1,amp,0,17,0.15833333333333335,0,0.16666666666666666,0.2,0.1,0.11764705882352941,0.058823529411764705
ILSAIWSGIKS,amp_all_clean.csv,1,amp,0,11,0.2125,1,0.25,0.3333333333333333,0.0,0.09090909090909091,0.0
GILGKIWEGVKS,amp_all_clean.csv,1,amp,0,12,0.4,0,0.5,0.5,0.0,0.25,0.0
FWATLAKGALKLIPTIANAFSSKS,amp_all_clean.csv,1,amp,0,24,0.10267857142857142,1,0.125,0.14285714285714285,0.0,0.041666666666666664,0.041666666666666664
FLGALLSKIF,amp_all_clean.csv,1,amp,0,10,0.2916666666666667,2,0.3333333333333333,0.5,0.0,0.1,0.0
ANDPQCLYGNVAAKF,amp_all_clean.csv,1,amp,0,15,0.1925,2,0.2,0.25,0.125,0.06666666666666667,0.06666666666666667
CPCGRRRCCVRGLNVYCCF,amp_all_clean.csv,1,amp,1,19,0.13833333333333334,2,0.16666666666666666,0.2,0.0,0.10526315789473684,0.05263157894736842
GLVSGLLNTAGGLLGDLLGSLGSLSGGES,amp_all_clean.csv,1,amp,0,29,0.26666666666666666,2,0.3333333333333333,0.3333333333333333,0.0,0.3103448275862069,0.0
GLLSGILNTAGGLLGNLIGSLSN,amp_all_clean.csv,1,amp,0,23,0.22857142857142856,2,0.2857142857142857,0.2857142857142857,0.0,0.2608695652173913,0.0
GLLSGILNSAGGLLGNLIGSLSN,amp_all_clean.csv,1,amp,0,23,0.22857142857142856,2,0.2857142857142857,0.2857142857142857,0.0,0.2608695652173913,0.0
GLVSDLLSTVTGLLGNLGGGGLKKI,amp_all_clean.csv,1,amp,0,25,0.4107142857142857,2,0.5,0.5714285714285714,0.0,0.28,0.0
DNTDSVVKIQSWFRMATARKSYL,amp_all_clean.csv,1,amp,0,23,0.0,0,0.0,0.0,0.0,0.0,0.0
RQIKIWFQNRRMKWKK,amp_all_clean.csv,1,amp,0,16,0.0,0,0.0,0.0,0.0,0.0,0.0
AIGNILKTLGNLAQKILGK,amp_all_clean.csv,1,amp,0,19,0.24666666666666667,2,0.3333333333333333,0.2,0.0,0.15789473684210525,0.0
GDVHAQTTWPCATVGVSVALCPTTKCTSQC,amp_all_clean.csv,1,amp,1,30,0.10388888888888889,2,0.1,0.1111111111111111,0.1111111111111111,0.06666666666666667,0.06666666666666667
HSACAANCLSMGKAGGRCENGVCLCR,amp_all_clean.csv,1,amp,1,26,0.30000000000000004,2,0.375,0.375,0.0,0.15384615384615385,0.0
RCICGRGICRCICGRGIC,amp_all_clean.csv,1,amp,1,18,0.27666666666666667,1,0.3333333333333333,0.4,0.0,0.2222222222222222,0.0
GGYCSGIIKQTCTCYRN,amp_all_clean.csv,1,amp,1,17,0.16,2,0.2,0.2,0.0,0.17647058823529413,0.0
GICYVLTCNSLCFPKLGRCSYNTCYCY,amp_all_clean.csv,1,amp,1,27,0.09999999999999999,0,0.1111111111111111,0.1111111111111111,0.05555555555555555,0.07407407407407407,0.037037037037037035
HISHISMCRWCCNCCKAKGCGFCCKF,amp_all_clean.csv,1,amp,1,26,0.1,2,0.125,0.125,0.0,0.07692307692307693,0.0
ILPFLAGLFSKIL,amp_all_clean.csv,1,amp,0,13,0.1925,0,0.2,0.25,0.125,0.07692307692307693,0.07692307692307693
AKRHHGYKRKFH,amp_all_clean.csv,1,amp,0,12,0.2125,2,0.25,0.3333333333333333,0.0,0.08333333333333333,0.0
EPHPDEFVGLM,amp_all_clean.csv,1,amp,0,11,0.3,2,0.3333333333333333,0.3333333333333333,0.16666666666666666,0.09090909090909091,0.18181818181818182
EPNPDEFVGLM,amp_all_clean.csv,1,amp,0,11,0.3,2,0.3333333333333333,0.3333333333333333,0.16666666666666666,0.09090909090909091,0.18181818181818182
EPHPNEFVGLM,amp_all_clean.csv,1,amp,0,11,0.3,2,0.3333333333333333,0.3333333333333333,0.16666666666666666,0.09090909090909091,0.18181818181818182
EPNPDEFFGLM,amp_all_clean.csv,1,amp,0,11,0.3,2,0.3333333333333333,0.3333333333333333,0.16666666666666666,0.09090909090909091,0.18181818181818182
EPNPNEFFGLM,amp_all_clean.csv,1,amp,0,11,0.3,2,0.3333333333333333,0.3333333333333333,0.16666666666666666,0.09090909090909091,0.18181818181818182
EKKPPRPPQWAVGHFM,amp_all_clean.csv,1,amp,0,16,0.17833333333333334,0,0.16666666666666666,0.2,0.2,0.0625,0.25
IDWLKLGKMVIDAL,amp_all_clean.csv,1,amp,0,14,0.1675,0,0.2,0.25,0.0,0.07142857142857142,0.0
WLNALLHHGLNCAKGVL,amp_all_clean.csv,1,amp,0,17,0.32,2,0.4,0.4,0.0,0.11764705882352941,0.0
WLNALLKKGLNCAKGVLA,amp_all_clean.csv,1,amp,0,18,0.27666666666666667,2,0.3333333333333333,0.4,0.0,0.1111111111111111,0.0
KWLNALLHHGLNCAKGVLA,amp_all_clean.csv,1,amp,0,19,0.2357142857142857,0,0.2857142857142857,0.3333333333333333,0.0,0.10526315789473684,0.0
KWLNALLKKGLNCAKGVLA,amp_all_clean.csv,1,amp,0,19,0.2357142857142857,0,0.2857142857142857,0.3333333333333333,0.0,0.10526315789473684,0.0
GLRKRLRKFRNKIKEKLKKI,amp_all_clean.csv,1,amp,1,20,0.11785714285714285,0,0.14285714285714285,0.16666666666666666,0.0,0.05,0.0
GLRKALRKFRNKIKEALKKI,amp_all_clean.csv,1,amp,0,20,0.11785714285714285,0,0.14285714285714285,0.16666666666666666,0.0,0.05,0.0
HVDKKVADKVLLLKQLRIMRL,amp_all_clean.csv,1,amp,0,21,0.0,0,0.0,0.0,0.0,0.0,0.0
ALRSAVRTVARVGRAVLPHVAI,amp_all_clean.csv,1,amp,0,22,0.11696428571428572,0,0.125,0.14285714285714285,0.07142857142857142,0.045454545454545456,0.045454545454545456
RSQMQDGQLQSCCQELQNVEEQCQC,amp_all_clean.csv,1,amp,1,25,0.09097222222222222,0,0.1111111111111111,0.125,0.0,0.04,0.0
FPVTWRWWKWWKG,amp_all_clean.csv,1,amp,0,13,0.155,0,0.2,0.0,0.125,0.07692307692307693,0.07692307692307693
FPVTWPTKWWKG,amp_all_clean.csv,1,amp,0,12,0.1625,2,0.25,0.0,0.0,0.08333333333333333,0.16666666666666666
FSIARLLKWWKG,amp_all_clean.csv,1,amp,0,12,0.1625,2,0.25,0.0,0.0,0.08333333333333333,0.0
FPISTLLKWWKG,amp_all_clean.csv,1,amp,0,12,0.1625,2,0.25,0.0,0.0,0.08333333333333333,0.08333333333333333
FPVTWPTKWWKS,amp_all_clean.csv,1,amp,0,12,0.05,0,0.0,0.0,0.25,0.0,0.16666666666666666
FPVTWPTKWRKG,amp_all_clean.csv,1,amp,0,12,0.1625,2,0.25,0.0,0.0,0.08333333333333333,0.16666666666666666
FPVTWPTKWLKG,amp_all_clean.csv,1,amp,0,12,0.1625,2,0.25,0.0,0.0,0.08333333333333333,0.16666666666666666
FSVTWRWWKWWKG,amp_all_clean.csv,1,amp,0,13,0.13,0,0.2,0.0,0.0,0.07692307692307693,0.0
FPVTWGWWKWWKG,amp_all_clean.csv,1,amp,0,13,0.2125,2,0.25,0.3333333333333333,0.0,0.15384615384615385,0.07692307692307693
FPVTFRFFKFFKG,amp_all_clean.csv,1,amp,0,13,0.155,0,0.2,0.0,0.125,0.07692307692307693,0.07692307692307693
FPVTWRWWTWWKG,amp_all_clean.csv,1,amp,0,13,0.155,0,0.2,0.0,0.125,0.07692307692307693,0.07692307692307693
MPLSWFFPRTWGKR,amp_all_clean.csv,1,amp,0,14,0.225,2,0.25,0.25,0.125,0.07142857142857142,0.14285714285714285
GPIRRPKPRPRPRPE,amp_all_clean.csv,1,amp,0,15,0.26,0,0.2,0.2,0.5,0.06666666666666667,0.4
GPIRRPKPRPRQRPE,amp_all_clean.csv,1,amp,0,15,0.24000000000000002,0,0.2,0.2,0.4,0.06666666666666667,0.3333333333333333
IGCWTKSIPPRPCFVK,amp_all_clean.csv,1,amp,0,16,0.22,1,0.2,0.2,0.3,0.0625,0.1875
AVNIPFKVHFRCKSIFC,amp_all_clean.csv,1,amp,0,17,0.020000000000000004,0,0.0,0.0,0.1,0.0,0.058823529411764705
SVIGCWTKSIPPRPRCFVK,amp_all_clean.csv,1,amp,0,19,0.16785714285714284,0,0.14285714285714285,0.16666666666666666,0.25,0.05263157894736842,0.15789473684210525
SFKKFWGGVKAIFKGARKGWK,amp_all_clean.csv,1,amp,0,21,0.22857142857142856,0,0.2857142857142857,0.2857142857142857,0.0,0.19047619047619047,0.0
FFKKFWGGVKAIFKGARKGWK,amp_all_clean.csv,1,amp,0,21,0.22857142857142856,0,0.2857142857142857,0.2857142857142857,0.0,0.19047619047619047,0.0
SVKKFWGGVKAIFKGARKGLK,amp_all_clean.csv,1,amp,0,21,0.22857142857142856,0,0.2857142857142857,0.2857142857142857,0.0,0.19047619047619047,0.0
FVKKFWGGVKAIFKGARKGLK,amp_all_clean.csv,1,amp,0,21,0.22857142857142856,0,0.2857142857142857,0.2857142857142857,0.0,0.19047619047619047,0.0
GFGSLGKALRLGANVL,amp_all_clean.csv,1,amp,0,16,0.5025,2,0.6,0.75,0.0,0.25,0.0
GVGKFLHSAKKFGQALVSEIMKS,amp_all_clean.csv,1,amp,0,23,0.20535714285714285,0,0.25,0.2857142857142857,0.0,0.13043478260869565,0.0
GFKQFVHSMGKFGKAFVGEIINPK,amp_all_clean.csv,1,amp,0,24,0.3125,0,0.375,0.375,0.0625,0.16666666666666666,0.041666666666666664
GLGSLLGSLFKFIPKLLPSIQQ,amp_all_clean.csv,1,amp,0,22,0.23392857142857143,0,0.25,0.2857142857142857,0.14285714285714285,0.13636363636363635,0.09090909090909091
GLLTNVLGFLKKAGKGVLSGLLPL,amp_all_clean.csv,1,amp,0,24,0.3080357142857143,1,0.375,0.42857142857142855,0.0,0.20833333333333334,0.041666666666666664
GIKEFAHSLGKFGKAFVGGILNQ,amp_all_clean.csv,1,amp,0,23,0.4107142857142857,0,0.5,0.5714285714285714,0.0,0.21739130434782608,0.0
GLGSVLGKILKMGANLLGGAPKGA,amp_all_clean.csv,1,amp,0,24,0.41250000000000003,0,0.5,0.5,0.0625,0.2916666666666667,0.041666666666666664
GWASKIGQALGKVAKVGLQQFIQPK,amp_all_clean.csv,1,amp,0,25,0.21250000000000002,1,0.25,0.25,0.0625,0.16,0.04
GLGSLLGKALKFGLKAAGKFMGGEPQQ,amp_all_clean.csv,1,amp,0,27,0.3555555555555555,0,0.4444444444444444,0.4444444444444444,0.0,0.25925925925925924,0.037037037037037035
GLASFLGKALKAGLKIGAHLLGGAPQQ,amp_all_clean.csv,1,amp,0,27,0.3555555555555555,0,0.4444444444444444,0.4444444444444444,0.0,0.2222222222222222,0.037037037037037035
GFASFLGKALKAALKIGANMLGGTPQQ,amp_all_clean.csv,1,amp,0,27,0.26666666666666666,0,0.3333333333333333,0.3333333333333333,0.0,0.18518518518518517,0.037037037037037035
GFGSFLGKALKAALKIGANALGGSPQQ,amp_all_clean.csv,1,amp,0,27,0.26666666666666666,0,0.3333333333333333,0.3333333333333333,0.0,0.2222222222222222,0.037037037037037035
GLASLLGKALKAGLKIGTHFLGGAPQQ,amp_all_clean.csv,1,amp,0,27,0.3555555555555555,0,0.4444444444444444,0.4444444444444444,0.0,0.2222222222222222,0.037037037037037035
FKRLKKLFKKIWNWK,amp_all_clean.csv,1,amp,0,15,0.0,0,0.0,0.0,0.0,0.0,0.0
AKRLKKLFKKIWNWK,amp_all_clean.csv,1,amp,0,15,0.0,0,0.0,0.0,0.0,0.0,0.0
FKRLKKLAKKIWNWK,amp_all_clean.csv,1,amp,0,15,0.0,0,0.0,0.0,0.0,0.0,0.0
AKRLKKLAKKIWNWK,amp_all_clean.csv,1,amp,0,15,0.0,0,0.0,0.0,0.0,0.0,0.0
AKRLKKLAKKIWKWL,amp_all_clean.csv,1,amp,0,15,0.0,0,0.0,0.0,0.0,0.0,0.0
AKRLKKLAKKIWKWK,amp_all_clean.csv,1,amp,0,15,0.0,0,0.0,0.0,0.0,0.0,0.0
KKSLLAKAKNFGGKVITIFKA,amp_all_clean.csv,1,amp,0,21,0.11785714285714285,2,0.14285714285714285,0.16666666666666666,0.0,0.09523809523809523,0.0
GIGAILKVLSTGLPALISWIKRKRQQ,amp_all_clean.csv,1,amp,0,26,0.21250000000000002,2,0.25,0.25,0.0625,0.11538461538461539,0.038461538461538464
TDHQMAQSACIGVSQDNAYASAIPRDCHGG,amp_all_clean.csv,1,amp,0,30,0.14666666666666667,2,0.2,0.1111111111111111,0.0,0.1,0.03333333333333333
VYINKLTPPCGTMYYACEAV,amp_all_clean.csv,1,amp,0,20,0.13452380952380952,1,0.14285714285714285,0.16666666666666666,0.08333333333333333,0.05,0.1
SMIGGVMSKG,amp_all_clean.csv,1,amp,0,10,0.375,0,0.5,0.3333333333333333,0.0,0.3,0.0
GSNIEVMLGLPNSDVK,amp_all_clean.csv,1,amp,0,16,0.1925,2,0.2,0.25,0.125,0.125,0.0625
FLKGIIDTVSNWL,amp_all_clean.csv,1,amp,0,13,0.1675,0,0.2,0.25,0.0,0.07692307692307693,0.0
FLKGIIDTVSKLF,amp_all_clean.csv,1,amp,0,13,0.1675,0,0.2,0.25,0.0,0.07692307692307693,0.0
VAVKATTTEEETEIPAK,amp_all_clean.csv,1,amp,0,17,0.020000000000000004,0,0.0,0.0,0.1,0.0,0.058823529411764705
SGTSEKERESGRLLGVVKRLIVGFRSPFR,amp_all_clean.csv,1,amp,0,29,0.2561111111111111,1,0.3,0.3333333333333333,0.05555555555555555,0.13793103448275862,0.034482758620689655
SGTPEKERESGRLLGVVKRYIVCVRNPCP,amp_all_clean.csv,1,amp,0,29,0.18555555555555556,1,0.2,0.2222222222222222,0.1111111111111111,0.10344827586206896,0.10344827586206896
SGTSEKERESERLLGVVNPLIKCFRSPCP,amp_all_clean.csv,1,amp,0,29,0.1111111111111111,2,0.1111111111111111,0.1111111111111111,0.1111111111111111,0.06896551724137931,0.10344827586206896
ADPRNPLEECFRETD,amp_all_clean.csv,1,amp,0,15,0.05,1,0.0,0.0,0.25,0.0,0.13333333333333333
NRILPTLIGPL,amp_all_clean.csv,1,amp,0,11,0.3333333333333333,2,0.3333333333333333,0.3333333333333333,0.3333333333333333,0.09090909090909091,0.18181818181818182
INWDILIDTIKDKL,amp_all_clean.csv,1,amp,0,14,0.0,0,0.0,0.0,0.0,0.0,0.0
ILGKFCDEIKRIV,amp_all_clean.csv,1,amp,0,13,0.2125,2,0.25,0.3333333333333333,0.0,0.07692307692307693,0.0
IFKAIWSGIKRLC,amp_all_clean.csv,1,amp,0,13,0.2,1,0.25,0.25,0.0,0.07692307692307693,0.0
FLFSLIPHAISGLISAFK,amp_all_clean.csv,1,amp,0,18,0.15833333333333335,2,0.16666666666666666,0.2,0.1,0.05555555555555555,0.05555555555555555
FLFSLIPNAISGLLSAFK,amp_all_clean.csv,1,amp,0,18,0.15833333333333335,2,0.16666666666666666,0.2,0.1,0.05555555555555555,0.05555555555555555
ASGWVCTLTIECGTLVCAC,amp_all_clean.csv,1,amp,1,19,0.13833333333333334,2,0.16666666666666666,0.2,0.0,0.10526315789473684,0.0
VSTLSVSSPCPGWPSSFTWSNC,amp_all_clean.csv,1,amp,0,22,0.15119047619047618,2,0.14285714285714285,0.16666666666666666,0.16666666666666666,0.045454545454545456,0.13636363636363635
SCNCVCGVCCSC,amp_all_clean.csv,1,amp,1,12,0.2,0,0.25,0.25,0.0,0.08333333333333333,0.0
TSQTWGSPVP,amp_all_clean.csv,1,amp,0,10,0.3416666666666667,2,0.3333333333333333,0.5,0.25,0.1,0.2
EKYTEVPEYI,amp_all_clean.csv,1,amp,0,10,0.05,2,0.0,0.0,0.25,0.0,0.1
EKYTEAPEYV,amp_all_clean.csv,1,amp,0,10,0.05,2,0.0,0.0,0.25,0.0,0.1
EKYTEIPEYV,amp_all_clean.csv,1,amp,0,10,0.05,2,0.0,0.0,0.25,0.0,0.1
KYGDVPLY,amp_all_clean.csv,1,amp,0,8,0.4,2,0.5,0.5,0.0,0.125,0.125
KCPWWNLSCHLGNDGKICTYSHECTAGCNA,amp_all_clean.csv,1,amp,1,30,0.245,2,0.3,0.3333333333333333,0.0,0.1,0.03333333333333333
VTTSIPCTVMVSAAVCPTLVCSNKCGGRG,amp_all_clean.csv,1,amp,1,29,0.15777777777777777,1,0.2,0.1111111111111111,0.05555555555555555,0.10344827586206896,0.06896551724137931
AYSLQMGATAIKQVKKLFKKWGW,amp_all_clean.csv,1,amp,0,23,0.18392857142857144,0,0.25,0.14285714285714285,0.0,0.08695652173913043,0.0
ALQFIQNTASGALYYNTKTHKYQYQQTSGA,amp_all_clean.csv,1,amp,0,30,0.14666666666666667,1,0.2,0.1111111111111111,0.0,0.06666666666666667,0.0
SCTTCECSCSCSS,amp_all_clean.csv,1,amp,1,13,0.0,0,0.0,0.0,0.0,0.0,0.0
SCNCVCGFCCSCSPSA,amp_all_clean.csv,1,amp,1,16,0.15833333333333335,0,0.16666666666666666,0.2,0.1,0.0625,0.0625
MGAVAKFLGKAALGGAAGGATYAGLKKIFG,amp_all_clean.csv,1,amp,0,30,0.39166666666666666,2,0.5,0.4444444444444444,0.0,0.26666666666666666,0.0
GNGVFKTISHECHLNTWAFLATCCS,amp_all_clean.csv,1,amp,1,25,0.10267857142857142,2,0.125,0.14285714285714285,0.0,0.08,0.0
CLGIGSCNNFAGCGYAVVCFW,amp_all_clean.csv,1,amp,1,21,0.2357142857142857,1,0.2857142857142857,0.3333333333333333,0.0,0.19047619047619047,0.0
DKGRRRSKFVLHRRQCAN,amp_all_clean.csv,1,amp,0,18,0.13833333333333334,2,0.16666666666666666,0.2,0.0,0.05555555555555555,0.0
HKMDLHWYLRTLEEVVIRALQRFQFR,amp_all_clean.csv,1,amp,0,26,0.0,0,0.0,0.0,0.0,0.0,0.0
RWRFLRKISSVHMFSVKALDDFRQL,amp_all_clean.csv,1,amp,0,25,0.0,0,0.0,0.0,0.0,0.0,0.0
FIHHIIGGLISVGKHIHGLIHGH,amp_all_clean.csv,1,amp,0,23,0.2866071428571429,0,0.375,0.2857142857142857,0.0,0.21739130434782608,0.0
FSGGNCRGFRRRCFCTK,amp_all_clean.csv,1,amp,1,17,0.16,2,0.2,0.2,0.0,0.17647058823529413,0.0
FQWQRNMRKVR,amp_all_clean.csv,1,amp,0,11,0.0,0,0.0,0.0,0.0,0.0,0.0
GIIKVIKSLIEQFTGK,amp_all_clean.csv,1,amp,0,16,0.13833333333333334,0,0.16666666666666666,0.2,0.0,0.125,0.0
VGTIIKIIKAIIDIFAK,amp_all_clean.csv,1,amp,0,17,0.13833333333333334,1,0.16666666666666666,0.2,0.0,0.058823529411764705,0.0
GDGTGPGPGP,amp_all_clean.csv,1,amp,0,10,0.5583333333333333,2,0.6666666666666666,0.5,0.25,0.5,0.3
GWLDVAKKIGKAAFNVAKNFL,amp_all_clean.csv,1,amp,0,21,0.22857142857142856,0,0.2857142857142857,0.2857142857142857,0.0,0.09523809523809523,0.0
LLAGLAANFLPKIFCKITRKC,amp_all_clean.csv,1,amp,0,21,0.1285714285714286,0,0.14285714285714285,0.14285714285714285,0.07142857142857142,0.047619047619047616,0.047619047619047616
GLAANFLPKIFCKITRKC,amp_all_clean.csv,1,amp,0,18,0.15,0,0.16666666666666666,0.16666666666666666,0.08333333333333333,0.05555555555555555,0.05555555555555555
ANFLPKIFCKITRKC,amp_all_clean.csv,1,amp,0,15,0.025,2,0.0,0.0,0.125,0.0,0.06666666666666667
GLGSVFGRLARILGRVIPKV,amp_all_clean.csv,1,amp,0,20,0.2523809523809524,0,0.2857142857142857,0.3333333333333333,0.08333333333333333,0.2,0.05
KETWWETWWTEWSQPKKKRKV,amp_all_clean.csv,1,amp,0,21,0.016666666666666666,1,0.0,0.0,0.08333333333333333,0.0,0.047619047619047616
PSVQGAAAQLTADVKK,amp_all_clean.csv,1,amp,0,16,0.16,1,0.2,0.2,0.0,0.0625,0.0625
ISAAEFGKINGPIKK,amp_all_clean.csv,1,amp,0,15,0.1925,1,0.2,0.25,0.125,0.13333333333333333,0.06666666666666667
VLASKNFGDK,amp_all_clean.csv,1,amp,0,10,0.26666666666666666,1,0.3333333333333333,0.3333333333333333,0.0,0.1,0.0
KCRRRKVHGPMIRIRKK,amp_all_clean.csv,1,amp,1,17,0.18000000000000002,2,0.2,0.2,0.1,0.058823529411764705,0.058823529411764705
ELVRKNVDHLSTPDVLELV,amp_all_clean.csv,1,amp,0,19,0.020000000000000004,2,0.0,0.0,0.1,0.0,0.05263157894736842
SLPPTLEEEFNMKKMG,amp_all_clean.csv,1,amp,0,16,0.12833333333333335,0,0.16666666666666666,0.0,0.1,0.0625,0.125
SPPPGESKVDMSFNYALSNPAQ,amp_all_clean.csv,1,amp,0,22,0.14285714285714285,1,0.14285714285714285,0.14285714285714285,0.14285714285714285,0.045454545454545456,0.18181818181818182
GIADILKGLL,amp_all_clean.csv,1,amp,0,10,0.26666666666666666,1,0.3333333333333333,0.3333333333333333,0.0,0.2,0.0
LLGGLLQSLL,amp_all_clean.csv,1,amp,0,10,0.2916666666666667,2,0.3333333333333333,0.5,0.0,0.2,0.0
GILDAITGLL,amp_all_clean.csv,1,amp,0,10,0.26666666666666666,1,0.3333333333333333,0.3333333333333333,0.0,0.2,0.0
YIRDFITRRPPFGNI,amp_all_clean.csv,1,amp,0,15,0.18000000000000002,0,0.2,0.2,0.1,0.06666666666666667,0.13333333333333333
GILDALTGIL,amp_all_clean.csv,1,amp,0,10,0.26666666666666666,1,0.3333333333333333,0.3333333333333333,0.0,0.2,0.0
FLFNVIPHAINATASLIKK,amp_all_clean.csv,1,amp,0,19,0.020000000000000004,2,0.0,0.0,0.1,0.0,0.05263157894736842
FLVGILPRMRGFITPFLKKVR,amp_all_clean.csv,1,amp,0,21,0.15119047619047618,1,0.14285714285714285,0.16666666666666666,0.16666666666666666,0.09523809523809523,0.09523809523809523
FLWSLIPSAISAVTSLIKK,amp_all_clean.csv,1,amp,0,19,0.020000000000000004,2,0.0,0.0,0.1,0.0,0.05263157894736842
FDLGGLIKGVVDLF,amp_all_clean.csv,1,amp,0,14,0.2,2,0.25,0.25,0.0,0.21428571428571427,0.0
LRPAVIRPKGK,amp_all_clean.csv,1,amp,0,11,0.22916666666666669,0,0.25,0.0,0.3333333333333333,0.09090909090909091,0.18181818181818182
LRPAFIRPKGK,amp_all_clean.csv,1,amp,0,11,0.22916666666666669,0,0.25,0.0,0.3333333333333333,0.09090909090909091,0.18181818181818182
LGPALITRKPLKGKP,amp_all_clean.csv,1,amp,0,15,0.2175,1,0.2,0.25,0.25,0.13333333333333333,0.2
RPKPQQWFWLM,amp_all_clean.csv,1,amp,0,11,0.03333333333333333,0,0.0,0.0,0.16666666666666666,0.0,0.18181818181818182
KHFGKDSNFPF,amp_all_clean.csv,1,amp,0,11,0.2125,0,0.25,0.3333333333333333,0.0,0.09090909090909091,0.09090909090909091
FQWQRNMRKVRGPPVS,amp_all_clean.csv,1,amp,0,16,0.2175,2,0.2,0.25,0.25,0.0625,0.125
AERVGAGAPVYL,amp_all_clean.csv,1,amp,0,12,0.24583333333333332,1,0.25,0.3333333333333333,0.16666666666666666,0.16666666666666666,0.08333333333333333
AKKFGKAFVGEIM,amp_all_clean.csv,1,amp,0,13,0.2,1,0.25,0.25,0.0,0.15384615384615385,0.0
KWKLFKKI,amp_all_clean.csv,1,amp,0,8,0.0,0,0.0,0.0,0.0,0.0,0.0
GLFVGVLAKVAAHVVPAIAEHF,amp_all_clean.csv,1,amp,0,22,0.1285714285714286,1,0.14285714285714285,0.14285714285714285,0.07142857142857142,0.09090909090909091,0.045454545454545456
LFCKRGTCHFGRCPSHLIKV,amp_all_clean.csv,1,amp,1,20,0.15,2,0.16666666666666666,0.16666666666666666,0.08333333333333333,0.1,0.05
DLRDSWKVIGSDKK,amp_all_clean.csv,1,amp,0,14,0.1675,0,0.2,0.25,0.0,0.07142857142857142,0.0
KTRNWFSEHFKKVKEKLKDTFA,amp_all_clean.csv,1,amp,0,22,0.0,0,0.0,0.0,0.0,0.0,0.0
MNKVKEWIKYLKSLFSM,amp_all_clean.csv,1,amp,0,17,0.0,0,0.0,0.0,0.0,0.0,0.0
MMRVMRRKTKVIWEKKDFIGLYSID,amp_all_clean.csv,1,amp,0,25,0.1,1,0.125,0.125,0.0,0.04,0.0
KLLKHKLLVTLA,amp_all_clean.csv,1,amp,0,12,0.0,0,0.0,0.0,0.0,0.0,0.0
KILRGVCKKIMRTFLRRISKDILTGKK,amp_all_clean.csv,1,amp,1,27,0.09097222222222222,1,0.1111111111111111,0.125,0.0,0.07407407407407407,0.0
GIGGALLNVGKVALKGLAKGLAEHFAN,amp_all_clean.csv,1,amp,0,27,0.3555555555555555,0,0.4444444444444444,0.4444444444444444,0.0,0.2222222222222222,0.0
FLGLLGGLL,amp_all_clean.csv,1,amp,0,9,0.5833333333333334,2,0.6666666666666666,1.0,0.0,0.3333333333333333,0.0
FLGLIGSLL,amp_all_clean.csv,1,amp,0,9,0.5833333333333334,2,0.6666666666666666,1.0,0.0,0.2222222222222222,0.0
GIGGALLSAKAALGLAKGLAEHFAN,amp_all_clean.csv,1,amp,0,25,0.20535714285714285,2,0.25,0.2857142857142857,0.0,0.2,0.0
GIGKFLHSAKKWGKAFVGEIMNS,amp_all_clean.csv,1,amp,0,23,0.22857142857142856,2,0.2857142857142857,0.2857142857142857,0.0,0.17391304347826086,0.0
HLNKRVQRELIGWLDWLK,amp_all_clean.csv,1,amp,0,18,0.13833333333333334,2,0.16666666666666666,0.2,0.0,0.05555555555555555,0.0
GIMDTVKNAAKNLAGQLLDKLKCKITAC,amp_all_clean.csv,1,amp,0,28,0.09097222222222222,2,0.1111111111111111,0.125,0.0,0.07142857142857142,0.0
GIMDTVKNAAKNLAGQLLDKLK,amp_all_clean.csv,1,amp,0,22,0.11785714285714285,2,0.14285714285714285,0.16666666666666666,0.0,0.09090909090909091,0.0
GRFKRFRKKFKKLFKKLSPVIPLLHL,amp_all_clean.csv,1,amp,1,26,0.09097222222222222,0,0.1111111111111111,0.125,0.0,0.038461538461538464,0.07692307692307693
RRYGTCIYQGRLWAF,amp_all_clean.csv,1,amp,0,15,0.32,0,0.4,0.4,0.0,0.13333333333333333,0.0
GILDWGKKVMDWIKDKM,amp_all_clean.csv,1,amp,0,17,0.16,2,0.2,0.2,0.0,0.11764705882352941,0.0
GVKELFGKAWGLVKKHLPKACGLLGYVKQ,amp_all_clean.csv,1,amp,0,29,0.3377777777777778,0,0.4,0.4444444444444444,0.05555555555555555,0.1724137931034483,0.034482758620689655
IWGALLGTLIPAITSAIQ,amp_all_clean.csv,1,amp,0,18,0.15833333333333335,2,0.16666666666666666,0.2,0.1,0.1111111111111111,0.05555555555555555
FRKKWNKWALSR,amp_all_clean.csv,1,amp,0,12,0.0,0,0.0,0.0,0.0,0.0,0.0
ARLDVASEFRKKWNKWALSR,amp_all_clean.csv,1,amp,0,20,0.0,0,0.0,0.0,0.0,0.0,0.0
KKRLKKIFKKPMVIGVTIPF,amp_all_clean.csv,1,amp,0,20,0.16666666666666666,2,0.16666666666666666,0.16666666666666666,0.16666666666666666,0.05,0.1
KTMMQSGGTFGTFMAIGMGIR,amp_all_clean.csv,1,amp,0,21,0.3535714285714286,1,0.42857142857142855,0.5,0.0,0.23809523809523808,0.0
TQQAFQKFLAAVTSALGKQYH,amp_all_clean.csv,1,amp,0,21,0.11785714285714285,1,0.14285714285714285,0.16666666666666666,0.0,0.047619047619047616,0.0
IRPIPFIPRGGKT,amp_all_clean.csv,1,amp,0,13,0.24250000000000002,0,0.2,0.25,0.375,0.15384615384615385,0.23076923076923078
LKGASKLIPHLLPSRQQ,amp_all_clean.csv,1,amp,0,17,0.18000000000000002,2,0.2,0.2,0.1,0.058823529411764705,0.11764705882352941
IRPVPFFPPVHAKKVFPLH,amp_all_clean.csv,1,amp,0,19,0.08333333333333334,0,0.0,0.0,0.4166666666666667,0.0,0.2631578947368421
GGLIGTLTAKQIKK,amp_all_clean.csv,1,amp,0,14,0.335,1,0.4,0.5,0.0,0.21428571428571427,0.0
GLMGTLISKQMKK,amp_all_clean.csv,1,amp,0,13,0.335,0,0.4,0.5,0.0,0.15384615384615385,0.0
STNCFCYPCCSCSS,amp_all_clean.csv,1,amp,1,14,0.025,0,0.0,0.0,0.125,0.0,0.07142857142857142
DYPKLTFTTS,amp_all_clean.csv,1,amp,0,10,0.03333333333333333,0,0.0,0.0,0.16666666666666666,0.0,0.1
GVQKSEVVITSA,amp_all_clean.csv,1,amp,0,12,0.2,0,0.25,0.25,0.0,0.08333333333333333,0.0
NVRFDLSGATSSSYKTFIKN,amp_all_clean.csv,1,amp,0,20,0.11785714285714285,1,0.14285714285714285,0.16666666666666666,0.0,0.05,0.0
EIKARGKNKTKPTPSSGKGGKHN,amp_all_clean.csv,1,amp,0,23,0.21964285714285714,1,0.25,0.2857142857142857,0.07142857142857142,0.17391304347826086,0.08695652173913043
GLPGKKNVLKKSRESSGKPGGTNKKPF,amp_all_clean.csv,1,amp,0,27,0.20694444444444443,1,0.2222222222222222,0.25,0.125,0.18518518518518517,0.1111111111111111
SLNVMRKGIRKQPVSSGKRGGVNDYDM,amp_all_clean.csv,1,amp,0,27,0.28541666666666665,1,0.3333333333333333,0.375,0.0625,0.14814814814814814,0.037037037037037035
ITAVLRRRPRPPPYSSGRPGQNN,amp_all_clean.csv,1,amp,0,23,0.2625,1,0.25,0.2857142857142857,0.2857142857142857,0.08695652173913043,0.21739130434782608
VSGNVAARKGKQQTSSGKGGGTN,amp_all_clean.csv,1,amp,0,23,0.22857142857142856,2,0.2857142857142857,0.2857142857142857,0.0,0.2608695652173913,0.0
KLCGETCFKFKCYTPGCSCSYPFCK,amp_all_clean.csv,1,amp,1,25,0.19444444444444445,0,0.2222222222222222,0.25,0.0625,0.08,0.08
GIPCGESCVFIPCLTSAIDCSCKSKVCYRN,amp_all_clean.csv,1,amp,1,30,0.10388888888888889,1,0.1,0.1111111111111111,0.1111111111111111,0.06666666666666667,0.06666666666666667
GIPCGESCVFIPCISSVIGCSCSSKVCYRN,amp_all_clean.csv,1,amp,1,30,0.18000000000000002,0,0.2,0.2,0.1,0.1,0.06666666666666667
GLPVCGETCVGGTCNTPGCGCSWPVCTRN,amp_all_clean.csv,1,amp,1,29,0.2777777777777778,2,0.3333333333333333,0.3333333333333333,0.05555555555555555,0.20689655172413793,0.10344827586206896
GLPVCGETCVGGTCNTPGCACSWPVCTRN,amp_all_clean.csv,1,amp,1,29,0.2777777777777778,2,0.3333333333333333,0.3333333333333333,0.05555555555555555,0.1724137931034483,0.10344827586206896
GLPVCGETCVGGTCNTPGCSCSWPVCTRN,amp_all_clean.csv,1,amp,1,29,0.2777777777777778,2,0.3333333333333333,0.3333333333333333,0.05555555555555555,0.1724137931034483,0.10344827586206896
GLPVCGETCFGGTCNTPGCSCDPWPMCSRN,amp_all_clean.csv,1,amp,1,30,0.2783333333333333,2,0.3,0.3333333333333333,0.16666666666666666,0.16666666666666666,0.13333333333333333
GVPICGETCVGGTCNTPGCSCSWPVCTRN,amp_all_clean.csv,1,amp,1,29,0.2777777777777778,2,0.3333333333333333,0.3333333333333333,0.05555555555555555,0.1724137931034483,0.10344827586206896
GLPICGETCVGGSCNTPGCSCSWPVCTRN,amp_all_clean.csv,1,amp,1,29,0.2777777777777778,2,0.3333333333333333,0.3333333333333333,0.05555555555555555,0.1724137931034483,0.10344827586206896
GVPICGETCTLGTCYTAGCSCSWPVCTRN,amp_all_clean.csv,1,amp,1,29,0.26666666666666666,2,0.3333333333333333,0.3333333333333333,0.0,0.13793103448275862,0.06896551724137931
GVPVCGETCFGGTCNTPGCSCDPWPVCSRN,amp_all_clean.csv,1,amp,1,30,0.2783333333333333,2,0.3,0.3333333333333333,0.16666666666666666,0.16666666666666666,0.13333333333333333
GLPVCGETCFGGTCNTPGCSCETWPVCSRN,amp_all_clean.csv,1,amp,1,30,0.26722222222222225,2,0.3,0.3333333333333333,0.1111111111111111,0.16666666666666666,0.1
GLPVCGETCTLGKCYTAGCSCSWPVCYRN,amp_all_clean.csv,1,amp,1,29,0.26666666666666666,2,0.3333333333333333,0.3333333333333333,0.0,0.13793103448275862,0.06896551724137931
GAPICGESCFTGKCYTVQCSCSWPVCTRN,amp_all_clean.csv,1,amp,1,29,0.17777777777777776,2,0.2222222222222222,0.2222222222222222,0.0,0.10344827586206896,0.06896551724137931
GIPCGESCVWIPCISSAIGCSCKNKVCYRN,amp_all_clean.csv,1,amp,1,30,0.18000000000000002,0,0.2,0.2,0.1,0.1,0.06666666666666667
GTPCGESCVWIPCISSAVGCSCKNKVCYKN,amp_all_clean.csv,1,amp,1,30,0.18000000000000002,0,0.2,0.2,0.1,0.1,0.06666666666666667
GTLPCGESCVWIPCISAVGCSCKSKVCYKN,amp_all_clean.csv,1,amp,1,30,0.16,0,0.2,0.2,0.0,0.1,0.06666666666666667
SIPCGESCVWIPCTITALAGCKCKSKVCYN,amp_all_clean.csv,1,amp,1,30,0.18555555555555556,1,0.2,0.2222222222222222,0.1111111111111111,0.06666666666666667,0.06666666666666667
GIPCGESCVWIPCLTSAVGCSCKSKVCYRN,amp_all_clean.csv,1,amp,1,30,0.18000000000000002,0,0.2,0.2,0.1,0.1,0.06666666666666667
GIPCGESCVYIPCLTSAVGCSCKSKVCYRN,amp_all_clean.csv,1,amp,1,30,0.18000000000000002,0,0.2,0.2,0.1,0.1,0.06666666666666667
GIPCGESCVWIPGISAAIGCSCKNKVCYRN,amp_all_clean.csv,1,amp,1,30,0.26,0,0.3,0.3,0.1,0.13333333333333333,0.06666666666666667
GIPCGESCVWIPCLTSAIGCSCKSKVCYKD,amp_all_clean.csv,1,amp,1,30,0.18000000000000002,0,0.2,0.2,0.1,0.1,0.06666666666666667
GLPVCGETCVTGSCYTPGCTCSWPVCTRN,amp_all_clean.csv,1,amp,1,29,0.2777777777777778,2,0.3333333333333333,0.3333333333333333,0.05555555555555555,0.13793103448275862,0.10344827586206896
GLPICGETCVGGTCNTPGCTCSWPVCTRN,amp_all_clean.csv,1,amp,1,29,0.2777777777777778,2,0.3333333333333333,0.3333333333333333,0.05555555555555555,0.1724137931034483,0.10344827586206896
GIGCGESCVWIPCVSAAIGCSCSNKICYRN,amp_all_clean.csv,1,amp,1,30,0.17,0,0.2,0.2,0.05,0.13333333333333333,0.03333333333333333
GIPCGESCVFIPCISSVVGCSCKSKVCYLD,amp_all_clean.csv,1,amp,1,30,0.18000000000000002,0,0.2,0.2,0.1,0.1,0.06666666666666667
GLPCGESCVFIPCITTVVGCSCKNKVCYND,amp_all_clean.csv,1,amp,1,30,0.18000000000000002,0,0.2,0.2,0.1,0.1,0.06666666666666667
HEPCGESCVFIPCITTVVGCSCKNKVCYN,amp_all_clean.csv,1,amp,1,29,0.10388888888888889,0,0.1,0.1111111111111111,0.1111111111111111,0.06896551724137931,0.06896551724137931
HEPCGESCVFIPCITTVVGCSCKNKVCYD,amp_all_clean.csv,1,amp,1,29,0.10388888888888889,0,0.1,0.1111111111111111,0.1111111111111111,0.06896551724137931,0.06896551724137931
GIPCGESCVFIPCITGIAGCSCKSKVCYRN,amp_all_clean.csv,1,amp,1,30,0.26,0,0.3,0.3,0.1,0.13333333333333333,0.06666666666666667
GIPCGESCVFIPCISTVIGCSCKNKVCYRN,amp_all_clean.csv,1,amp,1,30,0.18000000000000002,0,0.2,0.2,0.1,0.1,0.06666666666666667
GSAFCGETCVLGTCYTPDCSCTALVCLKN,amp_all_clean.csv,1,amp,1,29,0.18888888888888886,2,0.2222222222222222,0.2222222222222222,0.05555555555555555,0.10344827586206896,0.034482758620689655
GLPTCGETCFGGTCNTPGCTCDPWPICTRD,amp_all_clean.csv,1,amp,1,30,0.2783333333333333,2,0.3,0.3333333333333333,0.16666666666666666,0.16666666666666666,0.13333333333333333
GLPVCGETCVGGTCNTPGCTCSWPVCTRD,amp_all_clean.csv,1,amp,1,29,0.2777777777777778,2,0.3333333333333333,0.3333333333333333,0.05555555555555555,0.1724137931034483,0.10344827586206896
GLPTCGETCFGGTCNTPGCSCSSWPICTRD,amp_all_clean.csv,1,amp,1,30,0.26722222222222225,2,0.3,0.3333333333333333,0.1111111111111111,0.16666666666666666,0.1
GLPVCGETCFGGTCNTPGCSCTDPICTRD,amp_all_clean.csv,1,amp,1,29,0.2777777777777778,2,0.3333333333333333,0.3333333333333333,0.05555555555555555,0.1724137931034483,0.10344827586206896
GSLCGDTCFVLGCNDSSCSCNYPICVKD,amp_all_clean.csv,1,amp,1,28,0.10347222222222222,2,0.1111111111111111,0.125,0.0625,0.10714285714285714,0.03571428571428571
GLPVCGETCFGGTCNTPGCACDPWPVCTRD,amp_all_clean.csv,1,amp,1,30,0.2783333333333333,2,0.3,0.3333333333333333,0.16666666666666666,0.16666666666666666,0.13333333333333333
GLPVCGESCFGGTCNTPGCACDPWPVCTRD,amp_all_clean.csv,1,amp,1,30,0.2783333333333333,2,0.3,0.3333333333333333,0.16666666666666666,0.16666666666666666,0.13333333333333333
GLPVCGESCFGGSCYTPGCSCTWPICTRD,amp_all_clean.csv,1,amp,1,29,0.2777777777777778,2,0.3333333333333333,0.3333333333333333,0.05555555555555555,0.1724137931034483,0.10344827586206896
GIPCAESCVYIPCTITALLGCKCQDKVCYD,amp_all_clean.csv,1,amp,1,30,0.10388888888888889,1,0.1,0.1111111111111111,0.1111111111111111,0.06666666666666667,0.06666666666666667
GIPCAESCVYIPCTITALLGCKCKDQVCYN,amp_all_clean.csv,1,amp,1,30,0.10388888888888889,1,0.1,0.1111111111111111,0.1111111111111111,0.06666666666666667,0.06666666666666667
SCVYIPCTITALLGCSCKNKVCYNGIPCAE,amp_all_clean.csv,1,amp,1,30,0.10388888888888889,1,0.1,0.1111111111111111,0.1111111111111111,0.06666666666666667,0.06666666666666667
GEIPCGESCVYLPCFLPNCYCRNHVCYLN,amp_all_clean.csv,1,amp,1,29,0.1222222222222222,2,0.1111111111111111,0.1111111111111111,0.16666666666666666,0.06896551724137931,0.10344827586206896
SISCGETCTTFNCWIPNCKCNHHDKVCYWN,amp_all_clean.csv,1,amp,1,30,0.09277777777777778,1,0.1,0.1111111111111111,0.05555555555555555,0.03333333333333333,0.03333333333333333
CAETCVVLPCFIVPGCSCKSSVCYFN,amp_all_clean.csv,1,amp,1,26,0.1125,2,0.125,0.125,0.0625,0.038461538461538464,0.07692307692307693
CAETCIYIPCFTEAVGCKCKDKVCYKN,amp_all_clean.csv,1,amp,1,27,0.09999999999999999,0,0.1111111111111111,0.1111111111111111,0.05555555555555555,0.037037037037037035,0.037037037037037035
GIPCGESCVFIPCISGVIGCSCKSKVCYRN,amp_all_clean.csv,1,amp,1,30,0.26,0,0.3,0.3,0.1,0.13333333333333333,0.06666666666666667
GIACGESCAYFGCWIPGCSCRNKVCYFN,amp_all_clean.csv,1,amp,1,28,0.18888888888888886,1,0.2222222222222222,0.2222222222222222,0.05555555555555555,0.14285714285714285,0.03571428571428571
GTPCGESCVYIPCFTAVVGCTCKDKVCYLN,amp_all_clean.csv,1,amp,1,30,0.18000000000000002,0,0.2,0.2,0.1,0.1,0.06666666666666667
GTPCAESCVYLPCFTGVIGCTCKDKVCYLN,amp_all_clean.csv,1,amp,1,30,0.26,0,0.3,0.3,0.1,0.1,0.06666666666666667
GNIPCGESCIFFPCFNPGCSCKDNLCYYN,amp_all_clean.csv,1,amp,1,29,0.21111111111111108,2,0.2222222222222222,0.2222222222222222,0.16666666666666666,0.10344827586206896,0.10344827586206896
CGETCVILPCISAALGCSCKDTVCYKN,amp_all_clean.csv,1,amp,1,27,0.10347222222222222,1,0.1111111111111111,0.125,0.0625,0.07407407407407407,0.037037037037037035
CGETCVIFPCISAAFGCSCKDTVCYKN,amp_all_clean.csv,1,amp,1,27,0.10347222222222222,1,0.1111111111111111,0.125,0.0625,0.07407407407407407,0.037037037037037035
CVWIPCISGIAGCSCKNKVCYLN,amp_all_clean.csv,1,amp,1,23,0.24285714285714285,2,0.2857142857142857,0.2857142857142857,0.07142857142857142,0.08695652173913043,0.043478260869565216
CGETCLFIPCIFSVVGCSCSSKVCYRN,amp_all_clean.csv,1,amp,1,27,0.10347222222222222,1,0.1111111111111111,0.125,0.0625,0.07407407407407407,0.037037037037037035
CGETCVTGTCYTPGCACDWPVCKRD,amp_all_clean.csv,1,amp,1,25,0.3125,1,0.375,0.375,0.0625,0.12,0.08
CGETCIWGRCYSENIGCHCGFGICTLN,amp_all_clean.csv,1,amp,1,27,0.2729166666666667,1,0.3333333333333333,0.375,0.0,0.18518518518518517,0.0
RGCYKICGETCLFIPCLTSVFGCSCKN,amp_all_clean.csv,1,amp,1,27,0.19444444444444445,1,0.2222222222222222,0.25,0.0625,0.1111111111111111,0.037037037037037035
CGETCVVDTRCYTKKCSCAWPVCMRN,amp_all_clean.csv,1,amp,1,26,0.10347222222222222,1,0.1111111111111111,0.125,0.0625,0.038461538461538464,0.038461538461538464
CVWIPCISAAIGCSCKSKVCYRN,amp_all_clean.csv,1,amp,1,23,0.1285714285714286,2,0.14285714285714285,0.14285714285714285,0.07142857142857142,0.043478260869565216,0.043478260869565216
CGESCVYIPCTVTALLGCSCKDKVCYKN,amp_all_clean.csv,1,amp,1,28,0.18888888888888886,1,0.2222222222222222,0.2222222222222222,0.05555555555555555,0.07142857142857142,0.03571428571428571
CGETCKVTKRCSGQGCSCLKGRSCYD,amp_all_clean.csv,1,amp,1,26,0.2,2,0.25,0.25,0.0,0.15384615384615385,0.0
CGETCVVLPCFIVPGCSCKSSVCYFN,amp_all_clean.csv,1,amp,1,26,0.1125,2,0.125,0.125,0.0625,0.07692307692307693,0.07692307692307693
CGETCIYIPCFTEAVGCKCKDKVCYKN,amp_all_clean.csv,1,amp,1,27,0.10347222222222222,1,0.1111111111111111,0.125,0.0625,0.07407407407407407,0.037037037037037035
GIPCAESCVWIPCTVTALLGCSCSNKVCYN,amp_all_clean.csv,1,amp,1,30,0.10388888888888889,1,0.1,0.1111111111111111,0.1111111111111111,0.06666666666666667,0.06666666666666667
GLPVCGETCFGGTCNTPGCSCSYPICTRN,amp_all_clean.csv,1,amp,1,29,0.2777777777777778,2,0.3333333333333333,0.3333333333333333,0.05555555555555555,0.1724137931034483,0.10344827586206896
GLPVCGETCFGGTCNTPGCTCSYPICTRN,amp_all_clean.csv,1,amp,1,29,0.2777777777777778,2,0.3333333333333333,0.3333333333333333,0.05555555555555555,0.1724137931034483,0.10344827586206896
GLPVCGETCAFGSCYTPGCSCSWPVCTRN,amp_all_clean.csv,1,amp,1,29,0.2777777777777778,2,0.3333333333333333,0.3333333333333333,0.05555555555555555,0.13793103448275862,0.10344827586206896
GLPVCGETCFGGRCNTPGCTCSYPICTRN,amp_all_clean.csv,1,amp,1,29,0.2777777777777778,2,0.3333333333333333,0.3333333333333333,0.05555555555555555,0.1724137931034483,0.10344827586206896
GIPCAESCVWIPCTVTALIGCGCSNKVCYN,amp_all_clean.csv,1,amp,1,30,0.18000000000000002,0,0.2,0.2,0.1,0.1,0.06666666666666667
GIPCGESCVWIPCLTSTVGCSCKSKVCYRN,amp_all_clean.csv,1,amp,1,30,0.18000000000000002,0,0.2,0.2,0.1,0.1,0.06666666666666667
GIPCGESCVWIPCLTSAVGCPCKSKVCYRN,amp_all_clean.csv,1,amp,1,30,0.19,0,0.2,0.2,0.15,0.1,0.1
PGMGIYLPM,amp_all_clean.csv,1,amp,0,9,0.3,0,0.3333333333333333,0.3333333333333333,0.16666666666666666,0.2222222222222222,0.2222222222222222
DVSFSLSGGGTASYEK,amp_all_clean.csv,1,amp,0,16,0.1675,2,0.2,0.25,0.0,0.1875,0.0
QGRLGTQWAVGHLM,amp_all_clean.csv,1,amp,0,14,0.5025,1,0.6,0.75,0.0,0.21428571428571427,0.0
GILDIAKKLVGGIRNVLGI,amp_all_clean.csv,1,amp,0,19,0.24666666666666667,2,0.3333333333333333,0.2,0.0,0.21052631578947367,0.0
FQFVNPSDIVFGS,amp_all_clean.csv,1,amp,0,13,0.1625,2,0.25,0.0,0.0,0.07692307692307693,0.07692307692307693
GLAGAISSALDKLKQSQLIKNYAKKLGYPR,amp_all_clean.csv,1,amp,0,30,0.17,0,0.2,0.2,0.05,0.1,0.03333333333333333
GLAGAISSVLDKLKQSQLIKNYAKKLGYPR,amp_all_clean.csv,1,amp,0,30,0.17,0,0.2,0.2,0.05,0.1,0.03333333333333333
RAEAVPPGFTPFRKP,amp_all_clean.csv,1,amp,0,15,0.2175,1,0.2,0.25,0.25,0.06666666666666667,0.26666666666666666
RVCSAIPLPICH,amp_all_clean.csv,1,amp,0,12,0.06666666666666667,1,0.0,0.0,0.3333333333333333,0.0,0.16666666666666666
FKVLGSVAKHLLPHVAPVIAEK,amp_all_clean.csv,1,amp,0,22,0.1285714285714286,1,0.14285714285714285,0.14285714285714285,0.07142857142857142,0.045454545454545456,0.09090909090909091
DIIKKVASVVG,amp_all_clean.csv,1,amp,0,11,0.1625,1,0.25,0.0,0.0,0.09090909090909091,0.0
GLFDIIKKVASVVGLASP,amp_all_clean.csv,1,amp,0,18,0.15,0,0.16666666666666666,0.16666666666666666,0.08333333333333333,0.1111111111111111,0.05555555555555555
GLFDIIKKVASVVGLASQ,amp_all_clean.csv,1,amp,0,18,0.13833333333333334,1,0.16666666666666666,0.2,0.0,0.1111111111111111,0.0
GLFDVIKKVASVIGLASQ,amp_all_clean.csv,1,amp,0,18,0.13833333333333334,1,0.16666666666666666,0.2,0.0,0.1111111111111111,0.0
DLFQVIKEKLKELTGGVIEGIQGV,amp_all_clean.csv,1,amp,0,24,0.18392857142857144,1,0.25,0.14285714285714285,0.0,0.16666666666666666,0.0
RGFMDTAKNVAKNMAVTLLDNLKCKITKAC,amp_all_clean.csv,1,amp,0,30,0.08166666666666667,1,0.1,0.1111111111111111,0.0,0.03333333333333333,0.0
AWLDKLKSLGKVVGKVAIGVAQHYLNPQQ,amp_all_clean.csv,1,amp,0,29,0.17444444444444443,0,0.2,0.2222222222222222,0.05555555555555555,0.10344827586206896,0.034482758620689655
AWLDKLKSLGKVVGKVGLGVVQNYLNPRQ,amp_all_clean.csv,1,amp,0,29,0.17444444444444443,0,0.2,0.2222222222222222,0.05555555555555555,0.13793103448275862,0.034482758620689655
AWLDKLKNLGKVVGKVALGVVQNYLNPRQ,amp_all_clean.csv,1,amp,0,29,0.17444444444444443,0,0.2,0.2222222222222222,0.05555555555555555,0.10344827586206896,0.034482758620689655
ALLDKLKSLGKVVGKVALGVAQHYLNPQQ,amp_all_clean.csv,1,amp,0,29,0.17444444444444443,0,0.2,0.2222222222222222,0.05555555555555555,0.10344827586206896,0.034482758620689655
ALLDKLKSLGKVVGKVAIGVAQHYLNPQQ,amp_all_clean.csv,1,amp,0,29,0.17444444444444443,0,0.2,0.2222222222222222,0.05555555555555555,0.10344827586206896,0.034482758620689655
ALLDKLKSLGKVVGKVAIGVAQHYLNPQ,amp_all_clean.csv,1,amp,0,28,0.17444444444444443,0,0.2,0.2222222222222222,0.05555555555555555,0.10714285714285714,0.03571428571428571
FIGSALKVLAGVLPSIVSWVKQ,amp_all_clean.csv,1,amp,0,22,0.13452380952380952,2,0.14285714285714285,0.16666666666666666,0.08333333333333333,0.09090909090909091,0.045454545454545456
NEEEKVKWEPDVP,amp_all_clean.csv,1,amp,0,13,0.05,1,0.0,0.0,0.25,0.0,0.15384615384615385
NEEEKVKWQPDVP,amp_all_clean.csv,1,amp,0,13,0.05,1,0.0,0.0,0.25,0.0,0.15384615384615385
FLPAIAGILSQLF,amp_all_clean.csv,1,amp,0,13,0.1925,0,0.2,0.25,0.125,0.07692307692307693,0.07692307692307693
FLPLIAGLLGKLF,amp_all_clean.csv,1,amp,0,13,0.36000000000000004,0,0.4,0.5,0.125,0.15384615384615385,0.07692307692307693
QQWAVGHFM,amp_all_clean.csv,1,amp,0,9,0.2916666666666667,2,0.3333333333333333,0.5,0.0,0.1111111111111111,0.0
QLWATGHFM,amp_all_clean.csv,1,amp,0,9,0.2916666666666667,2,0.3333333333333333,0.5,0.0,0.1111111111111111,0.0
FVGAALKVLANVLPPVISWIKQ,amp_all_clean.csv,1,amp,0,22,0.13452380952380952,2,0.14285714285714285,0.16666666666666666,0.08333333333333333,0.045454545454545456,0.09090909090909091
SEEEKRQPWLPFG,amp_all_clean.csv,1,amp,0,13,0.18,0,0.2,0.0,0.25,0.07692307692307693,0.15384615384615385
DAQEKRQPWIPFV,amp_all_clean.csv,1,amp,0,13,0.06666666666666667,2,0.0,0.0,0.3333333333333333,0.0,0.15384615384615385
DAQEKRQPWLPFV,amp_all_clean.csv,1,amp,0,13,0.06666666666666667,2,0.0,0.0,0.3333333333333333,0.0,0.15384615384615385
QVPQWAVGHFM,amp_all_clean.csv,1,amp,0,11,0.24583333333333332,1,0.25,0.3333333333333333,0.16666666666666666,0.09090909090909091,0.09090909090909091
QTPQWATGHFM,amp_all_clean.csv,1,amp,0,11,0.24583333333333332,1,0.25,0.3333333333333333,0.16666666666666666,0.09090909090909091,0.09090909090909091
SNTALRRYNQWATGHFM,amp_all_clean.csv,1,amp,0,17,0.13833333333333334,1,0.16666666666666666,0.2,0.0,0.058823529411764705,0.0
GPIPWQRRI,amp_all_clean.csv,1,amp,0,9,0.3,0,0.3333333333333333,0.3333333333333333,0.16666666666666666,0.1111111111111111,0.2222222222222222
GIGKYLHSAKKFGKAWVGEIMNS,amp_all_clean.csv,1,amp,0,23,0.22857142857142856,2,0.2857142857142857,0.2857142857142857,0.0,0.17391304347826086,0.0
GMASKAGTIAGKIAKTAIKLAL,amp_all_clean.csv,1,amp,0,22,0.20535714285714285,0,0.25,0.2857142857142857,0.0,0.13636363636363635,0.0
GMASKAGSIVGKIAKIALGAL,amp_all_clean.csv,1,amp,0,21,0.34285714285714286,0,0.42857142857142855,0.42857142857142855,0.0,0.19047619047619047,0.0
GIWKTIKSMGKVFAGKILQNL,amp_all_clean.csv,1,amp,0,21,0.22857142857142856,0,0.2857142857142857,0.2857142857142857,0.0,0.14285714285714285,0.0
FPLPCAYKGTYC,amp_all_clean.csv,1,amp,0,12,0.24583333333333332,2,0.25,0.3333333333333333,0.16666666666666666,0.08333333333333333,0.16666666666666666
QIHLSLCGLCCNCCHNIGCGFCCKF,amp_all_clean.csv,1,amp,1,25,0.2,1,0.25,0.25,0.0,0.12,0.0
GLLSKFGRLARKLARVIPKV,amp_all_clean.csv,1,amp,0,20,0.2523809523809524,0,0.2857142857142857,0.3333333333333333,0.08333333333333333,0.1,0.05
GEKLKKIGQKIKNFFQKL,amp_all_clean.csv,1,amp,0,18,0.13833333333333334,1,0.16666666666666666,0.2,0.0,0.1111111111111111,0.0
RVIEVVQGACRAIRHIPRRIRQGLERIL,amp_all_clean.csv,1,amp,0,28,0.17777777777777776,1,0.2222222222222222,0.2222222222222222,0.0,0.07142857142857142,0.03571428571428571
RIAGYGLRGLAVIIRICIRGLNLIFEIIR,amp_all_clean.csv,1,amp,0,29,0.17777777777777776,2,0.2222222222222222,0.2222222222222222,0.0,0.13793103448275862,0.0
GFFALIPGIE,amp_all_clean.csv,1,amp,0,10,0.3,1,0.3333333333333333,0.3333333333333333,0.16666666666666666,0.2,0.1
VAAGGWRPIESLNSAEVQDV,amp_all_clean.csv,1,amp,0,20,0.13452380952380952,0,0.14285714285714285,0.16666666666666666,0.08333333333333333,0.1,0.05
LSAGPNGGSIAKLSVK,amp_all_clean.csv,1,amp,0,16,0.2966666666666667,0,0.3333333333333333,0.4,0.1,0.1875,0.0625
ANIVFDVESATTGTYSTFLTSF,amp_all_clean.csv,1,amp,0,22,0.10267857142857142,0,0.125,0.14285714285714285,0.0,0.045454545454545456,0.0
DVTFSLLGANTKSYAAFITNFRKDVASEKK,amp_all_clean.csv,1,amp,0,30,0.08166666666666667,1,0.1,0.1111111111111111,0.0,0.03333333333333333,0.0
DVTFSMLGANGATYYQFF,amp_all_clean.csv,1,amp,0,18,0.27666666666666667,1,0.3333333333333333,0.4,0.0,0.1111111111111111,0.0
QDFMKHLDKKTQTPKL,amp_all_clean.csv,1,amp,0,16,0.025,2,0.0,0.0,0.125,0.0,0.0625
AECMVDETVCYIHNHNNC,amp_all_clean.csv,1,amp,1,18,0.0,0,0.0,0.0,0.0,0.0,0.0
PSPPGFSPFR,amp_all_clean.csv,1,amp,0,10,0.3333333333333333,1,0.3333333333333333,0.3333333333333333,0.3333333333333333,0.1,0.4
EAPPGFSPFR,amp_all_clean.csv,1,amp,0,10,0.3333333333333333,1,0.3333333333333333,0.3333333333333333,0.3333333333333333,0.1,0.3
EELEAKDVIESKALATLDEER,amp_all_clean.csv,1,amp,0,21,0.0,0,0.0,0.0,0.0,0.0,0.0
YCQKWMWTCDAERKCCEDMACELWCKKRL,amp_all_clean.csv,1,amp,1,29,0.0,0,0.0,0.0,0.0,0.0,0.0
LKCNKLVPLFYKTCPAGKNL,amp_all_clean.csv,1,amp,0,20,0.13452380952380952,1,0.14285714285714285,0.16666666666666666,0.08333333333333333,0.05,0.1
CCSCSCSTCTCTCTCASSAATKM,amp_all_clean.csv,1,amp,1,23,0.0,0,0.0,0.0,0.0,0.0,0.0
ITVCISVC,amp_all_clean.csv,1,amp,0,8,0.0,0,0.0,0.0,0.0,0.0,0.0
VTACITFC,amp_all_clean.csv,1,amp,0,8,0.0,0,0.0,0.0,0.0,0.0,0.0
CCCCCTTCCFSIATGSGNSQGGSGSYTPGK,amp_all_clean.csv,1,amp,1,30,0.2561111111111111,2,0.3,0.3333333333333333,0.05555555555555555,0.2,0.03333333333333333
GFIGWGNNIFGHYSGDF,amp_all_clean.csv,1,amp,0,17,0.32,2,0.4,0.4,0.0,0.29411764705882354,0.0
GLPWGCPSDIPGWNTPWAC,amp_all_clean.csv,1,amp,0,19,0.19833333333333333,2,0.16666666666666666,0.2,0.3,0.15789473684210525,0.21052631578947367
GNWHGTAPDWFFNYYW,amp_all_clean.csv,1,amp,0,16,0.16,1,0.2,0.2,0.0,0.125,0.0625
EDGLHPRLCSC,amp_all_clean.csv,1,amp,0,11,0.26666666666666666,2,0.3333333333333333,0.3333333333333333,0.0,0.09090909090909091,0.09090909090909091
GFGSKPIDSFGLSWL,amp_all_clean.csv,1,amp,0,15,0.1925,1,0.2,0.25,0.125,0.2,0.06666666666666667
SWLSKTAKKLENSAKKRISEGIAIAQGGPR,amp_all_clean.csv,1,amp,0,30,0.17444444444444443,2,0.2,0.2222222222222222,0.05555555555555555,0.1,0.03333333333333333
AAWKLLKALAKA,amp_all_clean.csv,1,amp,1,12,0.0,0,0.0,0.0,0.0,0.0,0.0
LLWKLLKLLLK,amp_all_clean.csv,1,amp,1,11,0.0,0,0.0,0.0,0.0,0.0,0.0
LLWKLLKKLLK,amp_all_clean.csv,1,amp,0,11,0.0,0,0.0,0.0,0.0,0.0,0.0
LLWKLLKKL,amp_all_clean.csv,1,amp,0,9,0.0,0,0.0,0.0,0.0,0.0,0.0
KLALKLLKLL,amp_all_clean.csv,1,amp,0,10,0.0,0,0.0,0.0,0.0,0.0,0.0
KAAAKAAKAA,amp_all_clean.csv,1,amp,0,10,0.0,0,0.0,0.0,0.0,0.0,0.0
KLLLKLLKLL,amp_all_clean.csv,1,amp,0,10,0.0,0,0.0,0.0,0.0,0.0,0.0
KLLLKLLKKLL,amp_all_clean.csv,1,amp,0,11,0.0,0,0.0,0.0,0.0,0.0,0.0
KLLKKLLKLL,amp_all_clean.csv,1,amp,0,10,0.0,0,0.0,0.0,0.0,0.0,0.0
KWLLKLLKKL,amp_all_clean.csv,1,amp,0,10,0.0,0,0.0,0.0,0.0,0.0,0.0
LKWLLKLLKLK,amp_all_clean.csv,1,amp,0,11,0.0,0,0.0,0.0,0.0,0.0,0.0
AATKPKKAGAAP,amp_all_clean.csv,1,amp,0,12,0.24583333333333332,2,0.25,0.3333333333333333,0.16666666666666666,0.08333333333333333,0.16666666666666666
KPAKKQTKKKP,amp_all_clean.csv,1,amp,0,11,0.03333333333333333,0,0.0,0.0,0.16666666666666666,0.0,0.18181818181818182
WNLLRQAQEKFGKDKSP,amp_all_clean.csv,1,amp,0,17,0.18000000000000002,2,0.2,0.2,0.1,0.058823529411764705,0.058823529411764705
WKLLSKAQEKFGKNKSR,amp_all_clean.csv,1,amp,0,17,0.16,2,0.2,0.2,0.0,0.058823529411764705,0.0
RQGRTLYGFGG,amp_all_clean.csv,1,amp,0,11,0.375,1,0.5,0.3333333333333333,0.0,0.36363636363636365,0.0
LPGELAKHAVSEGTKAVTKYTSSK,amp_all_clean.csv,1,amp,0,24,0.1125,0,0.125,0.125,0.0625,0.08333333333333333,0.041666666666666664
LGPQLNKGCATCSIGAACLVDGPIPDEIAG,amp_all_clean.csv,1,amp,1,30,0.18555555555555556,1,0.2,0.2222222222222222,0.1111111111111111,0.16666666666666666,0.1
YEPGQVRCCLMPA,amp_all_clean.csv,1,amp,0,13,0.2175,0,0.2,0.25,0.25,0.07692307692307693,0.15384615384615385
HRRSVAHQEEASLHVKTDELPSPDTVREQL,amp_all_clean.csv,1,amp,0,30,0.020000000000000004,0,0.0,0.0,0.1,0.0,0.06666666666666667
TSNNWLAKNYLSMWNKKSSNPNL,amp_all_clean.csv,1,amp,0,23,0.014285714285714285,0,0.0,0.0,0.07142857142857142,0.0,0.043478260869565216
CGEKWRIFS,amp_all_clean.csv,1,amp,0,9,0.2916666666666667,1,0.3333333333333333,0.5,0.0,0.1111111111111111,0.0
FRLQLWQF,amp_all_clean.csv,1,amp,0,8,0.0,0,0.0,0.0,0.0,0.0,0.0
LGCNQSSIWSIFFWNH,amp_all_clean.csv,1,amp,0,16,0.16,1,0.2,0.2,0.0,0.0625,0.0
WLTAKRFCRCHPLHPGGYDPVPEKKSVL,amp_all_clean.csv,1,amp,0,28,0.1222222222222222,1,0.1111111111111111,0.1111111111111111,0.16666666666666666,0.07142857142857142,0.14285714285714285
WLTLRRLSRCHPFTPCGCDPVPD,amp_all_clean.csv,1,amp,1,23,0.1455357142857143,1,0.125,0.14285714285714285,0.21428571428571427,0.043478260869565216,0.17391304347826086
KIPCGESCVWIPCVTSIFNCKCENKVCYHD,amp_all_clean.csv,1,amp,1,30,0.10388888888888889,1,0.1,0.1111111111111111,0.1111111111111111,0.03333333333333333,0.06666666666666667
AIPCGESCVWIPCISAAIGCSCKNKVCYR,amp_all_clean.csv,1,amp,1,29,0.10388888888888889,0,0.1,0.1111111111111111,0.1111111111111111,0.06896551724137931,0.06896551724137931
GLLSVLGSVAKHVLPHVVPVIAAAL,amp_all_clean.csv,1,amp,0,25,0.19444444444444445,0,0.2222222222222222,0.25,0.0625,0.08,0.08
GLLSVLGSVAKHVLPHVVPVIAKLH,amp_all_clean.csv,1,amp,0,25,0.19444444444444445,0,0.2222222222222222,0.25,0.0625,0.08,0.08
GLLKVLGSVAKKVLPKVVPVIAEKL,amp_all_clean.csv,1,amp,0,25,0.19444444444444445,0,0.2222222222222222,0.25,0.0625,0.08,0.08
GLFGVLGSIAKHLLPHVVPVIAEKL,amp_all_clean.csv,1,amp,0,25,0.28541666666666665,0,0.3333333333333333,0.375,0.0625,0.12,0.08
QRPRLSHKGPMPF,amp_all_clean.csv,1,amp,0,13,0.24583333333333332,2,0.25,0.3333333333333333,0.16666666666666666,0.07692307692307693,0.23076923076923078
KFFRKKSVKK,amp_all_clean.csv,1,amp,0,10,0.0,0,0.0,0.0,0.0,0.0,0.0
DHVTPDIAYNPRTYM,amp_all_clean.csv,1,amp,0,15,0.05,2,0.0,0.0,0.25,0.0,0.13333333333333333
DHVTPDIAYNPWAYF,amp_all_clean.csv,1,amp,0,15,0.05,2,0.0,0.0,0.25,0.0,0.13333333333333333
DHVTPDIAYNP,amp_all_clean.csv,1,amp,0,11,0.06666666666666667,2,0.0,0.0,0.3333333333333333,0.0,0.18181818181818182
AIGKFLHSAKKFGKAFVGEIMNS,amp_all_clean.csv,1,amp,0,23,0.22857142857142856,2,0.2857142857142857,0.2857142857142857,0.0,0.13043478260869565,0.0
GRKKRRQRRRGGWMWVTNLRTD,amp_all_clean.csv,1,amp,0,22,0.11785714285714285,2,0.14285714285714285,0.16666666666666666,0.0,0.13636363636363635,0.0
HSHRDFQPVLHLVALNSPLSGGMRG,amp_all_clean.csv,1,amp,0,25,0.18819444444444441,0,0.2222222222222222,0.125,0.125,0.12,0.08
MRGIRGADFQAFQQARAVGLAGTFR,amp_all_clean.csv,1,amp,0,25,0.20535714285714285,2,0.25,0.2857142857142857,0.0,0.16,0.0
TFRAFLSSRLQDLYSIVRRADRAAV,amp_all_clean.csv,1,amp,0,25,0.0,0,0.0,0.0,0.0,0.0,0.0
AAVPIVNLKDELLFPSWEALFSGSE,amp_all_clean.csv,1,amp,0,25,0.125,1,0.125,0.125,0.125,0.04,0.08
GSEGPLKPGARIFSFDGKDVLRHPT,amp_all_clean.csv,1,amp,0,25,0.21944444444444444,0,0.2222222222222222,0.25,0.1875,0.16,0.12
HPTWPQKSVWHGSDPNGRRLTESY,amp_all_clean.csv,1,amp,0,24,0.11696428571428572,1,0.125,0.14285714285714285,0.07142857142857142,0.08333333333333333,0.125
ETWRTEAPSATGQASSLLGGRLLGQ,amp_all_clean.csv,1,amp,0,25,0.19821428571428573,2,0.25,0.14285714285714285,0.07142857142857142,0.16,0.04
LGQSAASAHHAYIVLAIENSFMTASKKK,amp_all_clean.csv,1,amp,0,28,0.08888888888888888,1,0.1111111111111111,0.1111111111111111,0.0,0.03571428571428571,0.0
MWKWFHNVLSSGQLLADKWWAWWYNWW,amp_all_clean.csv,1,amp,0,27,0.09097222222222222,2,0.1111111111111111,0.125,0.0,0.037037037037037035,0.0
AKSKAKSKAKSKAKSKAKSKAKSK,amp_all_clean.csv,1,amp,1,24,0.0,0,0.0,0.0,0.0,0.0,0.0
FKCRRWQWRMKKLGAPSITCVR,amp_all_clean.csv,1,amp,0,22,0.1285714285714286,1,0.14285714285714285,0.14285714285714285,0.07142857142857142,0.045454545454545456,0.045454545454545456
KKKFPWWWPFKKK,amp_all_clean.csv,1,amp,0,13,0.05,0,0.0,0.0,0.25,0.0,0.15384615384615385
KKKFPWWWPFKKKCKKKFPWWWPFKKKC,amp_all_clean.csv,1,amp,1,28,0.037500000000000006,2,0.0,0.0,0.1875,0.0,0.14285714285714285
ETFSDLWKLL,amp_all_clean.csv,1,amp,0,10,0.0,0,0.0,0.0,0.0,0.0,0.0
ILPILSLIGGLL,amp_all_clean.csv,1,amp,0,12,0.225,0,0.25,0.25,0.125,0.16666666666666666,0.08333333333333333
FKCRRWQWRMKK,amp_all_clean.csv,1,amp,0,12,0.0,0,0.0,0.0,0.0,0.0,0.0
KAAKKAAKAAKKAAKAAKKAA,amp_all_clean.csv,1,amp,1,21,0.0,0,0.0,0.0,0.0,0.0,0.0
GIPCGESCVFIPCLTSAIGCSCKSKVCYRN,amp_all_clean.csv,1,amp,1,30,0.18000000000000002,0,0.2,0.2,0.1,0.1,0.06666666666666667
PLLQATLGGGS,amp_all_clean.csv,1,amp,0,11,0.26666666666666666,2,0.3333333333333333,0.3333333333333333,0.0,0.2727272727272727,0.09090909090909091
GLFGKLIKKFARKAISYAVKKARGKH,amp_all_clean.csv,1,amp,1,26,0.18194444444444444,0,0.2222222222222222,0.25,0.0,0.11538461538461539,0.0
RRRRRNWMWC,amp_all_clean.csv,1,amp,0,10,0.0,0,0.0,0.0,0.0,0.0,0.0
RRRRRWCMNW,amp_all_clean.csv,1,amp,0,10,0.0,0,0.0,0.0,0.0,0.0,0.0
RLGDGCTR,amp_all_clean.csv,1,amp,0,8,0.4,2,0.5,0.5,0.0,0.25,0.0
LKLSPKTKKTLKKVLKGAIKGAIAIASMA,amp_all_clean.csv,1,amp,0,29,0.09999999999999999,2,0.1111111111111111,0.1111111111111111,0.05555555555555555,0.06896551724137931,0.034482758620689655
GTSCGETCVLLPCLSSVLGCTCQNKRCYKD,amp_all_clean.csv,1,amp,1,30,0.17,0,0.2,0.2,0.05,0.1,0.03333333333333333
FWQRRIRRWRRFWQRRIRRWRR,amp_all_clean.csv,1,amp,1,22,0.0,0,0.0,0.0,0.0,0.0,0.0
PFWRIRIRRPRRIRIRWFP,amp_all_clean.csv,1,amp,0,19,0.03333333333333333,1,0.0,0.0,0.16666666666666666,0.0,0.15789473684210525
PFWRRRIRIRRRRIRIRRRWFP,amp_all_clean.csv,1,amp,1,22,0.014285714285714285,1,0.0,0.0,0.07142857142857142,0.0,0.09090909090909091
RWKRINRQWFFWQRNIRKWR,amp_all_clean.csv,1,amp,0,20,0.0,0,0.0,0.0,0.0,0.0,0.0
WWRRWWRRWRRWWRRWWR,amp_all_clean.csv,1,amp,1,18,0.0,0,0.0,0.0,0.0,0.0,0.0
GKPICGETCFKGKCYTPGCTCSYPICKKD,amp_all_clean.csv,1,amp,1,29,0.2777777777777778,2,0.3333333333333333,0.3333333333333333,0.05555555555555555,0.13793103448275862,0.10344827586206896
GKPICGETCFKGKCYTPGCTCSYPICKKN,amp_all_clean.csv,1,amp,1,29,0.2777777777777778,2,0.3333333333333333,0.3333333333333333,0.05555555555555555,0.13793103448275862,0.10344827586206896
GKPTCGETCFKGKCYTPGCTCSYPLCKKD,amp_all_clean.csv,1,amp,1,29,0.2777777777777778,2,0.3333333333333333,0.3333333333333333,0.05555555555555555,0.13793103448275862,0.10344827586206896
GKYTCGETCFKGKCYTPGCTCSYPICKKD,amp_all_clean.csv,1,amp,1,29,0.2777777777777778,2,0.3333333333333333,0.3333333333333333,0.05555555555555555,0.13793103448275862,0.06896551724137931
GLPTCGETCFKGKCYTPGCSCSYPICKKD,amp_all_clean.csv,1,amp,1,29,0.2777777777777778,2,0.3333333333333333,0.3333333333333333,0.05555555555555555,0.13793103448275862,0.10344827586206896
GLPTCGETCFKGKCYTPGCSCSYPICKKN,amp_all_clean.csv,1,amp,1,29,0.2777777777777778,2,0.3333333333333333,0.3333333333333333,0.05555555555555555,0.13793103448275862,0.10344827586206896
GLPTCGETCTLGKCNTPKCTCNWPICYKD,amp_all_clean.csv,1,amp,1,29,0.18888888888888886,2,0.2222222222222222,0.2222222222222222,0.05555555555555555,0.10344827586206896,0.10344827586206896
GLPTCGETCTLGKCNTPKCTCNWPICYKN,amp_all_clean.csv,1,amp,1,29,0.18888888888888886,2,0.2222222222222222,0.2222222222222222,0.05555555555555555,0.10344827586206896,0.10344827586206896
KRFKKFFKKVKKSV,amp_all_clean.csv,1,amp,0,14,0.0,0,0.0,0.0,0.0,0.0,0.0
YGFVMPRSGLWFR,amp_all_clean.csv,1,amp,0,13,0.225,1,0.25,0.25,0.125,0.15384615384615385,0.07692307692307693
FFSMIPKIAGGIASLVKNL,amp_all_clean.csv,1,amp,0,19,0.15,1,0.16666666666666666,0.16666666666666666,0.08333333333333333,0.10526315789473684,0.05263157894736842
TSLDASIWAMMQNA,amp_all_clean.csv,1,amp,0,14,0.0,0,0.0,0.0,0.0,0.0,0.0
GIKHILFMAKTKLPRATCTAEIKENCDRKK,amp_all_clean.csv,1,amp,0,30,0.09000000000000001,0,0.1,0.1,0.05,0.03333333333333333,0.03333333333333333
FIGAIARLLSK,amp_all_clean.csv,1,amp,0,11,0.26666666666666666,2,0.3333333333333333,0.3333333333333333,0.0,0.09090909090909091,0.0
FLGAIAQALTSLLGKL,amp_all_clean.csv,1,amp,0,16,0.1675,2,0.2,0.25,0.0,0.125,0.0
RWQWRMKKLG,amp_all_clean.csv,1,amp,0,10,0.1625,0,0.25,0.0,0.0,0.1,0.0
ALWKEVLKNAGKAALNEINNLVQ,amp_all_clean.csv,1,amp,0,23,0.10267857142857142,1,0.125,0.14285714285714285,0.0,0.043478260869565216,0.0
GIGSAILSAGKSIIKGLAKGLA,amp_all_clean.csv,1,amp,0,22,0.3080357142857143,0,0.375,0.42857142857142855,0.0,0.22727272727272727,0.0
CIKPHQGQHICNDE,amp_all_clean.csv,1,amp,0,14,0.1675,0,0.2,0.25,0.0,0.07142857142857142,0.07142857142857142
GALKGCWTKSIPPKPCK,amp_all_clean.csv,1,amp,0,17,0.19833333333333333,1,0.16666666666666666,0.2,0.3,0.11764705882352941,0.17647058823529413
IWLTALKFLGKNLGKLAKQQLAKL,amp_all_clean.csv,1,amp,0,24,0.10267857142857142,1,0.125,0.14285714285714285,0.0,0.08333333333333333,0.0
RRGCFRVCYRGFCFQRCR,amp_all_clean.csv,1,amp,1,18,0.13833333333333334,1,0.16666666666666666,0.2,0.0,0.1111111111111111,0.0
GRFKRFRKKLKRLWHKVGPFVGPILHY,amp_all_clean.csv,1,amp,1,27,0.18888888888888886,0,0.2222222222222222,0.2222222222222222,0.05555555555555555,0.1111111111111111,0.07407407407407407
SNVYRPPPYRPVYRPLRRPGYRP,amp_all_clean.csv,1,amp,0,23,0.1598214285714286,1,0.125,0.14285714285714285,0.2857142857142857,0.043478260869565216,0.30434782608695654
GIPCAESCVYIPCTVTALLGCSCSDKVCYN,amp_all_clean.csv,1,amp,1,30,0.10388888888888889,1,0.1,0.1111111111111111,0.1111111111111111,0.06666666666666667,0.06666666666666667
GTHPCQETCVTSTRCSTQGCHCNWPICFKN,amp_all_clean.csv,1,amp,1,30,0.16,0,0.2,0.2,0.0,0.06666666666666667,0.06666666666666667
GVPCGESCVYIPCFTGIINCSCRDKVCYNN,amp_all_clean.csv,1,amp,1,30,0.18000000000000002,0,0.2,0.2,0.1,0.1,0.06666666666666667
SIPCAESCVWIPCTVTALLGCSCSDKVCYN,amp_all_clean.csv,1,amp,1,30,0.10388888888888889,1,0.1,0.1111111111111111,0.1111111111111111,0.03333333333333333,0.06666666666666667
FALGAVTCLIRTKCKVLPKLF,amp_all_clean.csv,1,amp,0,21,0.1285714285714286,0,0.14285714285714285,0.14285714285714285,0.07142857142857142,0.047619047619047616,0.047619047619047616
FALGAVTKVLYKLFCLITRKC,amp_all_clean.csv,1,amp,0,21,0.11428571428571428,0,0.14285714285714285,0.14285714285714285,0.0,0.047619047619047616,0.0
VKLRSLLCS,amp_all_clean.csv,1,amp,0,9,0.0,0,0.0,0.0,0.0,0.0,0.0
DVNFLLHKIYGNIRY,amp_all_clean.csv,1,amp,0,15,0.1675,1,0.2,0.25,0.0,0.06666666666666667,0.0
KKRKKKAFALKFVVDLI,amp_all_clean.csv,1,amp,0,17,0.0,0,0.0,0.0,0.0,0.0,0.0
VTFVLIAAK,amp_all_clean.csv,1,amp,1,9,0.0,0,0.0,0.0,0.0,0.0,0.0
FLPLLISALTSLFPKLGK,amp_all_clean.csv,1,amp,0,18,0.12833333333333335,1,0.16666666666666666,0.0,0.1,0.05555555555555555,0.1111111111111111
RQSHFANAQP,amp_all_clean.csv,1,amp,0,10,0.03333333333333333,1,0.0,0.0,0.16666666666666666,0.0,0.1
SLPQNIPPLTQTPVVVPPF,amp_all_clean.csv,1,amp,0,19,0.08000000000000002,2,0.0,0.0,0.4,0.0,0.3157894736842105
GNKKWEQKQVQIKTLEGEFSVTMWSS,amp_all_clean.csv,1,amp,0,26,0.09097222222222222,0,0.1111111111111111,0.125,0.0,0.07692307692307693,0.0
LNQEDARKSE,amp_all_clean.csv,1,amp,0,10,0.0,0,0.0,0.0,0.0,0.0,0.0
LNQEEARKSE,amp_all_clean.csv,1,amp,0,10,0.0,0,0.0,0.0,0.0,0.0,0.0
LNQESARKSE,amp_all_clean.csv,1,amp,0,10,0.0,0,0.0,0.0,0.0,0.0,0.0
GIPCGESCAFLPCLTSLLGCTCQNKVCYRD,amp_all_clean.csv,1,amp,1,30,0.18000000000000002,0,0.2,0.2,0.1,0.1,0.06666666666666667
GISCAETCVLLPCLSSVIGCTCQNKRCYKN,amp_all_clean.csv,1,amp,1,30,0.17,0,0.2,0.2,0.05,0.06666666666666667,0.03333333333333333
GNPCGESCVYLPCITTVVGCSCQNSVCYHN,amp_all_clean.csv,1,amp,1,30,0.18000000000000002,0,0.2,0.2,0.1,0.1,0.06666666666666667
GYPICGESCVGGTCNTPGCSCSWPVCTTN,amp_all_clean.csv,1,amp,1,29,0.2777777777777778,2,0.3333333333333333,0.3333333333333333,0.05555555555555555,0.1724137931034483,0.10344827586206896
GLPICGETCVGGTCNTPGCFCTWPVCTRN,amp_all_clean.csv,1,amp,1,29,0.2777777777777778,2,0.3333333333333333,0.3333333333333333,0.05555555555555555,0.1724137931034483,0.10344827586206896
GLPVCGETCFTGSCYTPGCSCNWPVCNRN,amp_all_clean.csv,1,amp,1,29,0.2777777777777778,2,0.3333333333333333,0.3333333333333333,0.05555555555555555,0.13793103448275862,0.10344827586206896
GLPVCGETCVGGTCNTPGCSCSWPVCFRN,amp_all_clean.csv,1,amp,1,29,0.2777777777777778,2,0.3333333333333333,0.3333333333333333,0.05555555555555555,0.1724137931034483,0.10344827586206896
FLPLLLAGLPSFLCLVFKKC,amp_all_clean.csv,1,amp,0,20,0.15119047619047618,1,0.14285714285714285,0.16666666666666666,0.16666666666666666,0.05,0.1
EGKLSSNDTEGGLCKEFLHPSKVDLPR,amp_all_clean.csv,1,amp,0,27,0.18194444444444444,1,0.2222222222222222,0.25,0.0,0.1111111111111111,0.07407407407407407
KEFLHPSKVDLPR,amp_all_clean.csv,1,amp,0,13,0.05,0,0.0,0.0,0.25,0.0,0.15384615384615385
NEPCDSDGDCCTSSEQCISTGSKYFC,amp_all_clean.csv,1,amp,1,26,0.10347222222222222,1,0.1111111111111111,0.125,0.0625,0.07692307692307693,0.038461538461538464
VKLFPFFNQY,amp_all_clean.csv,1,amp,0,10,0.05,2,0.0,0.0,0.25,0.0,0.1
VKLFPWFNQY,amp_all_clean.csv,1,amp,0,10,0.05,2,0.0,0.0,0.25,0.0,0.1
VKLFPWWNQY,amp_all_clean.csv,1,amp,0,10,0.05,2,0.0,0.0,0.25,0.0,0.1
KPPPWVPV,amp_all_clean.csv,1,amp,0,8,0.15000000000000002,1,0.0,0.0,0.75,0.0,0.5
FLSGIVGMLGKLE,amp_all_clean.csv,1,amp,0,13,0.5025,0,0.6,0.75,0.0,0.23076923076923078,0.0
NGRKACLNPASPIVKKIIEKMLNS,amp_all_clean.csv,1,amp,0,24,0.13125,1,0.125,0.14285714285714285,0.14285714285714285,0.041666666666666664,0.08333333333333333
NGKKACLNPASPMVQKIIEKIL,amp_all_clean.csv,1,amp,0,22,0.14285714285714285,1,0.14285714285714285,0.14285714285714285,0.14285714285714285,0.045454545454545456,0.09090909090909091
NGKEICLDPEAPFLKKVIQKILD,amp_all_clean.csv,1,amp,0,23,0.13125,1,0.125,0.14285714285714285,0.14285714285714285,0.043478260869565216,0.08695652173913043
NGKQVCLDPEAPFLKKVIQKILDS,amp_all_clean.csv,1,amp,0,24,0.13125,1,0.125,0.14285714285714285,0.14285714285714285,0.041666666666666664,0.08333333333333333
DGRKICLDPDAPRIKKIVQKKL,amp_all_clean.csv,1,amp,0,22,0.14285714285714285,1,0.14285714285714285,0.14285714285714285,0.14285714285714285,0.045454545454545456,0.09090909090909091
DGRELCLDPKENWVQRVVEKFLK,amp_all_clean.csv,1,amp,0,23,0.11696428571428572,1,0.125,0.14285714285714285,0.07142857142857142,0.043478260869565216,0.043478260869565216
GIMDTIKGAAKDLAGQLLDKLKCKITKC,amp_all_clean.csv,1,amp,0,28,0.09097222222222222,2,0.1111111111111111,0.125,0.0,0.10714285714285714,0.0
PWIPLTPL,amp_all_clean.csv,1,amp,0,8,0.1,1,0.0,0.0,0.5,0.0,0.375
PFDSRAVTY,amp_all_clean.csv,1,amp,0,9,0.0,0,0.0,0.0,0.0,0.0,0.1111111111111111
PWVPLIPI,amp_all_clean.csv,1,amp,0,8,0.1,1,0.0,0.0,0.5,0.0,0.375
IPWFPLTP,amp_all_clean.csv,1,amp,0,8,0.1,0,0.0,0.0,0.5,0.0,0.375
QPFPFIFP,amp_all_clean.csv,1,amp,0,8,0.1,2,0.0,0.0,0.5,0.0,0.375
IFVLPPYIPP,amp_all_clean.csv,1,amp,0,10,0.1,0,0.0,0.0,0.5,0.0,0.4
ANPRYPYT,amp_all_clean.csv,1,amp,0,8,0.1,0,0.0,0.0,0.5,0.0,0.25
IPYVPLTP,amp_all_clean.csv,1,amp,0,8,0.1,0,0.0,0.0,0.5,0.0,0.375
PPIFALPPYI,amp_all_clean.csv,1,amp,0,10,0.1,2,0.0,0.0,0.5,0.0,0.4
PPIFTLPPYI,amp_all_clean.csv,1,amp,0,10,0.1,2,0.0,0.0,0.5,0.0,0.4
GYPICGESCVGGICNIPGCSCSWPVCTTN,amp_all_clean.csv,1,amp,1,29,0.2777777777777778,2,0.3333333333333333,0.3333333333333333,0.05555555555555555,0.1724137931034483,0.10344827586206896
FPFFNQYVKL,amp_all_clean.csv,1,amp,0,10,0.03333333333333333,0,0.0,0.0,0.16666666666666666,0.0,0.1
FPWFNQYVKL,amp_all_clean.csv,1,amp,0,10,0.03333333333333333,0,0.0,0.0,0.16666666666666666,0.0,0.1
FPWWNQYVKL,amp_all_clean.csv,1,amp,0,10,0.03333333333333333,0,0.0,0.0,0.16666666666666666,0.0,0.1
ILPIIGKILSTIFGK,amp_all_clean.csv,1,amp,0,15,0.1675,2,0.2,0.25,0.0,0.13333333333333333,0.06666666666666667
GLPLCGETCVGGTCNTPGCSCGWPVCVRN,amp_all_clean.csv,1,amp,1,29,0.2777777777777778,2,0.3333333333333333,0.3333333333333333,0.05555555555555555,0.20689655172413793,0.10344827586206896
CGESCVWIPCISSAIGCSCKSKVCYRNGIP,amp_all_clean.csv,1,amp,1,30,0.18000000000000002,0,0.2,0.2,0.1,0.1,0.06666666666666667
RQIKIWFQNRRMKWK,amp_all_clean.csv,1,amp,0,15,0.0,0,0.0,0.0,0.0,0.0,0.0
FDIVKKVVGTIAGL,amp_all_clean.csv,1,amp,0,14,0.2,2,0.25,0.25,0.0,0.14285714285714285,0.0
MDAQTRRRERRAEKQAQWKAANGC,amp_all_clean.csv,1,amp,0,24,0.08125,1,0.125,0.0,0.0,0.041666666666666664,0.0
RKKRRQRR,amp_all_clean.csv,1,amp,0,8,0.0,0,0.0,0.0,0.0,0.0,0.0
GIGVLLSAGKAALKGLAKVLAEKYAN,amp_all_clean.csv,1,amp,0,26,0.30000000000000004,2,0.375,0.375,0.0,0.15384615384615385,0.0
ALWKTLLKKVLKAPKKKRKV,amp_all_clean.csv,1,amp,1,20,0.016666666666666666,0,0.0,0.0,0.08333333333333333,0.0,0.05
VQRKRQKLMP,amp_all_clean.csv,1,amp,0,10,0.03333333333333333,1,0.0,0.0,0.16666666666666666,0.0,0.1
GRKKRRQRRRPP,amp_all_clean.csv,1,amp,0,12,0.25,0,0.25,0.25,0.25,0.08333333333333333,0.16666666666666666
RGGRLSYSRRRFSTSTGR,amp_all_clean.csv,1,amp,0,18,0.24666666666666667,1,0.3333333333333333,0.2,0.0,0.16666666666666666,0.0
RHIKIWFQNRRMKWKK,amp_all_clean.csv,1,amp,0,16,0.0,0,0.0,0.0,0.0,0.0,0.0
GLFDIVKKVVGTIAGL,amp_all_clean.csv,1,amp,0,16,0.16,1,0.2,0.2,0.0,0.1875,0.0
RKKRRRESRKKRRRES,amp_all_clean.csv,1,amp,1,16,0.0,0,0.0,0.0,0.0,0.0,0.0
VNADIKATTVFGGKYVSLTTP,amp_all_clean.csv,1,amp,0,21,0.1285714285714286,0,0.14285714285714285,0.14285714285714285,0.07142857142857142,0.09523809523809523,0.047619047619047616
MLLLTRRRST,amp_all_clean.csv,1,amp,0,10,0.0,0,0.0,0.0,0.0,0.0,0.0
LIRLWSHLIHIWFQNRRLKWKKK,amp_all_clean.csv,1,amp,1,23,0.0,0,0.0,0.0,0.0,0.0,0.0
MVTVLFRRLRIRRACGPPRVRV,amp_all_clean.csv,1,amp,0,22,0.13125,0,0.125,0.14285714285714285,0.14285714285714285,0.045454545454545456,0.09090909090909091
VRLPPPVRLPPPVRLPPP,amp_all_clean.csv,1,amp,0,18,0.12,2,0.0,0.0,0.6,0.0,0.5
MVRRFLVTLRIRRACGPPRVRV,amp_all_clean.csv,1,amp,0,22,0.13125,0,0.125,0.14285714285714285,0.14285714285714285,0.045454545454545456,0.09090909090909091
LLPFPYPTPF,amp_all_clean.csv,1,amp,0,10,0.1,0,0.0,0.0,0.5,0.0,0.4
GSGKKGGKKHCQKY,amp_all_clean.csv,1,amp,0,14,0.4,2,0.5,0.5,0.0,0.2857142857142857,0.0
CRKKRRQRRR,amp_all_clean.csv,1,amp,0,10,0.0,0,0.0,0.0,0.0,0.0,0.0
RQIKIWFQNRRMKW,amp_all_clean.csv,1,amp,0,14,0.0,0,0.0,0.0,0.0,0.0,0.0
RQIKIWFQNRRMK,amp_all_clean.csv,1,amp,0,13,0.0,0,0.0,0.0,0.0,0.0,0.0
RQIKIWFQNRRM,amp_all_clean.csv,1,amp,0,12,0.0,0,0.0,0.0,0.0,0.0,0.0
RQIKIWFQNRR,amp_all_clean.csv,1,amp,0,11,0.0,0,0.0,0.0,0.0,0.0,0.0
RQIKIWFQNR,amp_all_clean.csv,1,amp,0,10,0.0,0,0.0,0.0,0.0,0.0,0.0
RQIKIWFQN,amp_all_clean.csv,1,amp,0,9,0.0,0,0.0,0.0,0.0,0.0,0.0
RQIKIWFQ,amp_all_clean.csv,1,amp,0,8,0.0,0,0.0,0.0,0.0,0.0,0.0
QIKIWFQNRRMKWKK,amp_all_clean.csv,1,amp,0,15,0.0,0,0.0,0.0,0.0,0.0,0.0
IKIWFQNRRMKWKK,amp_all_clean.csv,1,amp,0,14,0.0,0,0.0,0.0,0.0,0.0,0.0
IWFQNRRMKWKK,amp_all_clean.csv,1,amp,0,12,0.0,0,0.0,0.0,0.0,0.0,0.0
WFQNRRMKWKK,amp_all_clean.csv,1,amp,0,11,0.0,0,0.0,0.0,0.0,0.0,0.0
QNRRMKWKK,amp_all_clean.csv,1,amp,0,9,0.0,0,0.0,0.0,0.0,0.0,0.0
NRRMKWKK,amp_all_clean.csv,1,amp,0,8,0.0,0,0.0,0.0,0.0,0.0,0.0
AQIKIWFQNRRMKWKK,amp_all_clean.csv,1,amp,0,16,0.0,0,0.0,0.0,0.0,0.0,0.0
RAIKIWFQNRRMKWKK,amp_all_clean.csv,1,amp,0,16,0.0,0,0.0,0.0,0.0,0.0,0.0
RQAKIWFQNRRMKWKK,amp_all_clean.csv,1,amp,0,16,0.0,0,0.0,0.0,0.0,0.0,0.0
RQIAIWFQNRRMKWKK,amp_all_clean.csv,1,amp,0,16,0.0,0,0.0,0.0,0.0,0.0,0.0
RQIKAWFQNRRMKWKK,amp_all_clean.csv,1,amp,0,16,0.0,0,0.0,0.0,0.0,0.0,0.0
RQIKIAFQNRRMKWKK,amp_all_clean.csv,1,amp,0,16,0.0,0,0.0,0.0,0.0,0.0,0.0
RQIKIWAQNRRMKWKK,amp_all_clean.csv,1,amp,0,16,0.0,0,0.0,0.0,0.0,0.0,0.0
RQIKIWFANRRMKWKK,amp_all_clean.csv,1,amp,0,16,0.0,0,0.0,0.0,0.0,0.0,0.0
RQIKIWFQARRMKWKK,amp_all_clean.csv,1,amp,0,16,0.0,0,0.0,0.0,0.0,0.0,0.0
RQIKIWFQNARMKWKK,amp_all_clean.csv,1,amp,0,16,0.0,0,0.0,0.0,0.0,0.0,0.0
RQIKIWFQNRAMKWKK,amp_all_clean.csv,1,amp,0,16,0.0,0,0.0,0.0,0.0,0.0,0.0
RQIKIWFQNRRAKWKK,amp_all_clean.csv,1,amp,0,16,0.0,0,0.0,0.0,0.0,0.0,0.0
RQIKIWFQNRRMAWKK,amp_all_clean.csv,1,amp,0,16,0.0,0,0.0,0.0,0.0,0.0,0.0
RQIKIWFQNRRMKAKK,amp_all_clean.csv,1,amp,0,16,0.0,0,0.0,0.0,0.0,0.0,0.0
RQIKIWFQNRRMKWAK,amp_all_clean.csv,1,amp,0,16,0.0,0,0.0,0.0,0.0,0.0,0.0
RQIKIWFQNRRMKWKA,amp_all_clean.csv,1,amp,0,16,0.0,0,0.0,0.0,0.0,0.0,0.0
CRQIKIWFPNRRMKWKKC,amp_all_clean.csv,1,amp,0,18,0.020000000000000004,1,0.0,0.0,0.1,0.0,0.05555555555555555
PSSSSSSRIGDP,amp_all_clean.csv,1,amp,0,12,0.225,0,0.25,0.25,0.125,0.08333333333333333,0.16666666666666666
KKRRQRRR,amp_all_clean.csv,1,amp,0,8,0.0,0,0.0,0.0,0.0,0.0,0.0
RKKRRQRRR,amp_all_clean.csv,1,amp,0,9,0.0,0,0.0,0.0,0.0,0.0,0.0
RRRQRRKKR,amp_all_clean.csv,1,amp,0,9,0.0,0,0.0,0.0,0.0,0.0,0.0
AKKRRQRRR,amp_all_clean.csv,1,amp,0,9,0.0,0,0.0,0.0,0.0,0.0,0.0
RAKRRQRRR,amp_all_clean.csv,1,amp,0,9,0.0,0,0.0,0.0,0.0,0.0,0.0
RKARRQRRR,amp_all_clean.csv,1,amp,0,9,0.0,0,0.0,0.0,0.0,0.0,0.0
RKKARQRRR,amp_all_clean.csv,1,amp,0,9,0.0,0,0.0,0.0,0.0,0.0,0.0
RKKRAQRRR,amp_all_clean.csv,1,amp,0,9,0.0,0,0.0,0.0,0.0,0.0,0.0
RKKRRARRR,amp_all_clean.csv,1,amp,0,9,0.0,0,0.0,0.0,0.0,0.0,0.0
RKKRRQARR,amp_all_clean.csv,1,amp,0,9,0.0,0,0.0,0.0,0.0,0.0,0.0
RKKRRQRAR,amp_all_clean.csv,1,amp,0,9,0.0,0,0.0,0.0,0.0,0.0,0.0
RKKRRQRRA,amp_all_clean.csv,1,amp,0,9,0.0,0,0.0,0.0,0.0,0.0,0.0
PKKKRKVALWKTLLKKVLKA,amp_all_clean.csv,1,amp,1,20,0.0,0,0.0,0.0,0.0,0.0,0.05
VKRKKKPALWKTLLKKVLKA,amp_all_clean.csv,1,amp,1,20,0.016666666666666666,1,0.0,0.0,0.08333333333333333,0.0,0.05
RQARRNRRRALWKTLLKKVLKA,amp_all_clean.csv,1,amp,1,22,0.0,0,0.0,0.0,0.0,0.0,0.0
RQARRNRRRC,amp_all_clean.csv,1,amp,0,10,0.0,0,0.0,0.0,0.0,0.0,0.0
GRKKRRQRRRPPQC,amp_all_clean.csv,1,amp,0,14,0.2175,0,0.2,0.25,0.25,0.07142857142857142,0.14285714285714285
SKKKKTKV,amp_all_clean.csv,1,amp,0,8,0.0,0,0.0,0.0,0.0,0.0,0.0
GKKKKRKREKL,amp_all_clean.csv,1,amp,0,11,0.2125,0,0.25,0.3333333333333333,0.0,0.09090909090909091,0.0
ERKKRRRE,amp_all_clean.csv,1,amp,0,8,0.0,0,0.0,0.0,0.0,0.0,0.0
RRLSYSRRRF,amp_all_clean.csv,1,amp,0,10,0.0,0,0.0,0.0,0.0,0.0,0.0
RGGRLAYLRRRWAVLGR,amp_all_clean.csv,1,amp,0,17,0.16,2,0.2,0.2,0.0,0.17647058823529413,0.0
VRLPPPVRLPPP,amp_all_clean.csv,1,amp,0,12,0.13333333333333333,2,0.0,0.0,0.6666666666666666,0.0,0.5
VHLPPPVHLPPP,amp_all_clean.csv,1,amp,0,12,0.13333333333333333,2,0.0,0.0,0.6666666666666666,0.0,0.5
VHLPPPVHLPPPVHLPPP,amp_all_clean.csv,1,amp,0,18,0.12,2,0.0,0.0,0.6,0.0,0.5
VKLPPPVKLPPP,amp_all_clean.csv,1,amp,0,12,0.13333333333333333,2,0.0,0.0,0.6666666666666666,0.0,0.5
VKLPPPVKLPPPVKLPPP,amp_all_clean.csv,1,amp,0,18,0.12,2,0.0,0.0,0.6,0.0,0.5
GRPRESGKKRKRKRLKP,amp_all_clean.csv,1,amp,1,17,0.2966666666666667,0,0.3333333333333333,0.4,0.1,0.11764705882352941,0.11764705882352941
GKRKKKGKLGKKRPRSR,amp_all_clean.csv,1,amp,1,17,0.43500000000000005,0,0.5,0.6,0.1,0.17647058823529413,0.058823529411764705
RKKRRRESRRARRSPRHL,amp_all_clean.csv,1,amp,1,18,0.020000000000000004,1,0.0,0.0,0.1,0.0,0.05555555555555555
SRRARRSPRESGKKRKRKR,amp_all_clean.csv,1,amp,1,19,0.15833333333333335,2,0.16666666666666666,0.2,0.1,0.05263157894736842,0.05263157894736842
VKRGLKLRHVRPRVTRMDV,amp_all_clean.csv,1,amp,0,19,0.13452380952380952,0,0.14285714285714285,0.16666666666666666,0.08333333333333333,0.05263157894736842,0.05263157894736842
SRRARRSPRHLGSG,amp_all_clean.csv,1,amp,0,14,0.225,2,0.25,0.25,0.125,0.14285714285714285,0.07142857142857142
LRRERQSRLRRERQSR,amp_all_clean.csv,1,amp,0,16,0.0,0,0.0,0.0,0.0,0.0,0.0
GAYDLRRRERQSRLRRRERQSR,amp_all_clean.csv,1,amp,0,22,0.10267857142857142,0,0.125,0.14285714285714285,0.0,0.045454545454545456,0.0
GRKKRRQRRRPPQTYADFIASGRTGRRNAI,amp_all_clean.csv,1,amp,1,30,0.26,0,0.3,0.3,0.1,0.1,0.06666666666666667
RRRRRRRRRRRTYADFIASGRTGRRNAI,amp_all_clean.csv,1,amp,1,28,0.17777777777777776,1,0.2222222222222222,0.2222222222222222,0.0,0.07142857142857142,0.0
GKYVSLTTPKNPTKRRITPKDV,amp_all_clean.csv,1,amp,0,22,0.13125,0,0.125,0.14285714285714285,0.14285714285714285,0.045454545454545456,0.13636363636363635
TKRRITPKDVIDVRSVTTEINT,amp_all_clean.csv,1,amp,0,22,0.016666666666666666,2,0.0,0.0,0.08333333333333333,0.0,0.045454545454545456
RSVTTEINTLFQTLTSIAEKVDP,amp_all_clean.csv,1,amp,0,23,0.014285714285714285,2,0.0,0.0,0.07142857142857142,0.0,0.043478260869565216
AEKVDPVKLNLTLSAAAEALTGLGDK,amp_all_clean.csv,1,amp,0,26,0.10347222222222222,0,0.1111111111111111,0.125,0.0625,0.07692307692307693,0.038461538461538464
GDVYADAAPDLFDFLDSSVTTARTINA,amp_all_clean.csv,1,amp,0,27,0.09999999999999999,0,0.1111111111111111,0.1111111111111111,0.05555555555555555,0.037037037037037035,0.037037037037037035
ADVFDRGGPYLQRGVADLVPTATLLDTYSP,amp_all_clean.csv,1,amp,0,30,0.17444444444444443,1,0.2,0.2222222222222222,0.05555555555555555,0.1,0.1
LDTYSPELFCTIRNFYDADRPDRGAAA,amp_all_clean.csv,1,amp,0,27,0.09097222222222222,2,0.1111111111111111,0.125,0.0,0.037037037037037035,0.07407407407407407
TKRRITPDDVIDVRSVTTEINT,amp_all_clean.csv,1,amp,0,22,0.016666666666666666,2,0.0,0.0,0.08333333333333333,0.0,0.045454545454545456
TKRRITPKKVIDVRSVTTEINT,amp_all_clean.csv,1,amp,0,22,0.016666666666666666,2,0.0,0.0,0.08333333333333333,0.0,0.045454545454545456
TKRRITPKDVIDVRSVTTKINT,amp_all_clean.csv,1,amp,0,22,0.016666666666666666,2,0.0,0.0,0.08333333333333333,0.0,0.045454545454545456
TKRRITPKDVIDV,amp_all_clean.csv,1,amp,0,13,0.03333333333333333,2,0.0,0.0,0.16666666666666666,0.0,0.07692307692307693
TKRRITPKDVIDVESVTTEINT,amp_all_clean.csv,1,amp,0,22,0.016666666666666666,2,0.0,0.0,0.08333333333333333,0.0,0.045454545454545456
TARRITPKDVIDVRSVTTEINT,amp_all_clean.csv,1,amp,0,22,0.016666666666666666,2,0.0,0.0,0.08333333333333333,0.0,0.045454545454545456
TKAARITPKDVIDVRSVTTEINT,amp_all_clean.csv,1,amp,0,23,0.014285714285714285,0,0.0,0.0,0.07142857142857142,0.0,0.043478260869565216
HHHHHHTKRRITPKDVIDVRSVTTEINT,amp_all_clean.csv,1,amp,0,28,0.0125,2,0.0,0.0,0.0625,0.0,0.03571428571428571
FVTRGCPRRLVARLIRVMVPRR,amp_all_clean.csv,1,amp,0,22,0.1285714285714286,1,0.14285714285714285,0.14285714285714285,0.07142857142857142,0.045454545454545456,0.09090909090909091
VRRFLVTLRIRRA,amp_all_clean.csv,1,amp,0,13,0.0,0,0.0,0.0,0.0,0.0,0.0
RVRILARFLRTRV,amp_all_clean.csv,1,amp,0,13,0.0,0,0.0,0.0,0.0,0.0,0.0
RVRVFVVHIPRLT,amp_all_clean.csv,1,amp,0,13,0.03333333333333333,2,0.0,0.0,0.16666666666666666,0.0,0.07692307692307693
VIRVHFRLPVRTV,amp_all_clean.csv,1,amp,0,13,0.025,0,0.0,0.0,0.125,0.0,0.07692307692307693
GSGKKGGKKICQKY,amp_all_clean.csv,1,amp,0,14,0.4,2,0.5,0.5,0.0,0.2857142857142857,0.0
TRQARRNRRRRWRERQRGC,amp_all_clean.csv,1,amp,1,19,0.10833333333333334,2,0.16666666666666666,0.0,0.0,0.05263157894736842,0.0
RRRRNRTRRNRRRVRGC,amp_all_clean.csv,1,amp,1,17,0.10833333333333334,0,0.16666666666666666,0.0,0.0,0.058823529411764705,0.0
KMTRAQRRAAARRNRWTARGC,amp_all_clean.csv,1,amp,0,21,0.09285714285714286,1,0.14285714285714285,0.0,0.0,0.047619047619047616,0.0
TRRQRTRRARRNRGC,amp_all_clean.csv,1,amp,0,15,0.13,1,0.2,0.0,0.0,0.06666666666666667,0.0
RIKAERKRMRNRIAASKSRKRKLERIARGC,amp_all_clean.csv,1,amp,1,30,0.065,1,0.1,0.0,0.0,0.03333333333333333,0.0
KRRIRRERNKMAAAKSRNRRRELTDTGC,amp_all_clean.csv,1,amp,1,28,0.07222222222222222,2,0.1111111111111111,0.0,0.0,0.03571428571428571,0.0
KCFQWQRNMRKVRGPPVSC,amp_all_clean.csv,1,amp,0,19,0.16666666666666666,1,0.16666666666666666,0.16666666666666666,0.16666666666666666,0.05263157894736842,0.10526315789473684
KCFQWQRNMRKVRGPPVSSIKR,amp_all_clean.csv,1,amp,0,22,0.14285714285714285,1,0.14285714285714285,0.14285714285714285,0.14285714285714285,0.045454545454545456,0.09090909090909091
KCFQWQRNMRKVR,amp_all_clean.csv,1,amp,0,13,0.0,0,0.0,0.0,0.0,0.0,0.0
QWQRNMRKVRGPPVSCIKR,amp_all_clean.csv,1,amp,0,19,0.16666666666666666,1,0.16666666666666666,0.16666666666666666,0.16666666666666666,0.05263157894736842,0.10526315789473684
QWQRNMRKVR,amp_all_clean.csv,1,amp,0,10,0.0,0,0.0,0.0,0.0,0.0,0.0
KCFMWQEMLNKAGVPKLRCARK,amp_all_clean.csv,1,amp,0,22,0.11696428571428572,0,0.125,0.14285714285714285,0.07142857142857142,0.045454545454545456,0.045454545454545456
KWFETWFTEWPKKRK,amp_all_clean.csv,1,amp,0,15,0.025,2,0.0,0.0,0.125,0.0,0.06666666666666667
GLWWRLWWRLRSWFRLWFRA,amp_all_clean.csv,1,amp,0,20,0.11785714285714285,0,0.14285714285714285,0.16666666666666666,0.0,0.05,0.0
TPATPTVAQFVIQGSTICLVC,amp_all_clean.csv,1,amp,0,21,0.11785714285714285,1,0.14285714285714285,0.16666666666666666,0.0,0.047619047619047616,0.09523809523809523
VELPPPVELPPPVELPPP,amp_all_clean.csv,1,amp,0,18,0.12,2,0.0,0.0,0.6,0.0,0.5
MIIYRDLISH,amp_all_clean.csv,1,amp,0,10,0.0,0,0.0,0.0,0.0,0.0,0.0
MIIYRDLIS,amp_all_clean.csv,1,amp,0,9,0.0,0,0.0,0.0,0.0,0.0,0.0
MIIYRDLI,amp_all_clean.csv,1,amp,1,8,0.0,0,0.0,0.0,0.0,0.0,0.0
IIYRDLISH,amp_all_clean.csv,1,amp,0,9,0.0,0,0.0,0.0,0.0,0.0,0.0
IYRDLISH,amp_all_clean.csv,1,amp,0,8,0.0,0,0.0,0.0,0.0,0.0,0.0
AIIYRDLIS,amp_all_clean.csv,1,amp,0,9,0.0,0,0.0,0.0,0.0,0.0,0.0
MAIYRDLIS,amp_all_clean.csv,1,amp,0,9,0.0,0,0.0,0.0,0.0,0.0,0.0
MIAYRDLIS,amp_all_clean.csv,1,amp,0,9,0.0,0,0.0,0.0,0.0,0.0,0.0
MIIARDLIS,amp_all_clean.csv,1,amp,0,9,0.0,0,0.0,0.0,0.0,0.0,0.0
MIIYADLIS,amp_all_clean.csv,1,amp,1,9,0.0,0,0.0,0.0,0.0,0.0,0.0
MIIYRALIS,amp_all_clean.csv,1,amp,1,9,0.0,0,0.0,0.0,0.0,0.0,0.0
MIIYRDAIS,amp_all_clean.csv,1,amp,0,9,0.0,0,0.0,0.0,0.0,0.0,0.0
MIIYRDLAS,amp_all_clean.csv,1,amp,0,9,0.0,0,0.0,0.0,0.0,0.0,0.0
MIIYRDLIA,amp_all_clean.csv,1,amp,1,9,0.0,0,0.0,0.0,0.0,0.0,0.0
MIIYRDLISKK,amp_all_clean.csv,1,amp,0,11,0.0,0,0.0,0.0,0.0,0.0,0.0
MIIYRDKKSH,amp_all_clean.csv,1,amp,0,10,0.0,0,0.0,0.0,0.0,0.0,0.0
MIIFRDLISH,amp_all_clean.csv,1,amp,0,10,0.0,0,0.0,0.0,0.0,0.0,0.0
MIISRDLISH,amp_all_clean.csv,1,amp,0,10,0.0,0,0.0,0.0,0.0,0.0,0.0
QIISRDLISH,amp_all_clean.csv,1,amp,0,10,0.0,0,0.0,0.0,0.0,0.0,0.0
CIISRDLISH,amp_all_clean.csv,1,amp,0,10,0.0,0,0.0,0.0,0.0,0.0,0.0
MIIYRALISHKK,amp_all_clean.csv,1,amp,0,12,0.0,0,0.0,0.0,0.0,0.0,0.0
MIIYRIAASHKK,amp_all_clean.csv,1,amp,0,12,0.0,0,0.0,0.0,0.0,0.0,0.0
MIIRRDLISE,amp_all_clean.csv,1,amp,0,10,0.0,0,0.0,0.0,0.0,0.0,0.0
MIIYRAEISH,amp_all_clean.csv,1,amp,0,10,0.0,0,0.0,0.0,0.0,0.0,0.0
MIIYARRAEE,amp_all_clean.csv,1,amp,0,10,0.0,0,0.0,0.0,0.0,0.0,0.0
MIIFRIAASHKK,amp_all_clean.csv,1,amp,0,12,0.0,0,0.0,0.0,0.0,0.0,0.0
MIIFRALISHKK,amp_all_clean.csv,1,amp,0,12,0.0,0,0.0,0.0,0.0,0.0,0.0
MIIFRAAASHKK,amp_all_clean.csv,1,amp,0,12,0.0,0,0.0,0.0,0.0,0.0,0.0
FIIFRIAASHKK,amp_all_clean.csv,1,amp,0,12,0.0,0,0.0,0.0,0.0,0.0,0.0
LIIFRIAASHKK,amp_all_clean.csv,1,amp,0,12,0.0,0,0.0,0.0,0.0,0.0,0.0
WIIFRIAASHKK,amp_all_clean.csv,1,amp,0,12,0.0,0,0.0,0.0,0.0,0.0,0.0
WIIFRAAASHKK,amp_all_clean.csv,1,amp,0,12,0.0,0,0.0,0.0,0.0,0.0,0.0
WIIFRALISHKK,amp_all_clean.csv,1,amp,0,12,0.0,0,0.0,0.0,0.0,0.0,0.0
MIIFRIAAYHKK,amp_all_clean.csv,1,amp,0,12,0.0,0,0.0,0.0,0.0,0.0,0.0
WIIFRIAAYHKK,amp_all_clean.csv,1,amp,0,12,0.0,0,0.0,0.0,0.0,0.0,0.0
MIIFRIAATHKK,amp_all_clean.csv,1,amp,0,12,0.0,0,0.0,0.0,0.0,0.0,0.0
WIIFRIAATHKK,amp_all_clean.csv,1,amp,0,12,0.0,0,0.0,0.0,0.0,0.0,0.0
MIIFKIAASHKK,amp_all_clean.csv,1,amp,0,12,0.0,0,0.0,0.0,0.0,0.0,0.0
WIIFKIAASHKK,amp_all_clean.csv,1,amp,0,12,0.0,0,0.0,0.0,0.0,0.0,0.0
MIIFAIAASHKK,amp_all_clean.csv,1,amp,0,12,0.0,0,0.0,0.0,0.0,0.0,0.0
LIIFRILISHKK,amp_all_clean.csv,1,amp,0,12,0.0,0,0.0,0.0,0.0,0.0,0.0
MIIFRILISHKK,amp_all_clean.csv,1,amp,0,12,0.0,0,0.0,0.0,0.0,0.0,0.0
LIIFRILISHRR,amp_all_clean.csv,1,amp,0,12,0.0,0,0.0,0.0,0.0,0.0,0.0
LIIFRILISHHH,amp_all_clean.csv,1,amp,0,12,0.0,0,0.0,0.0,0.0,0.0,0.0
LIIFRILISHK,amp_all_clean.csv,1,amp,0,11,0.0,0,0.0,0.0,0.0,0.0,0.0
LIIFRILISHR,amp_all_clean.csv,1,amp,0,11,0.0,0,0.0,0.0,0.0,0.0,0.0
LIIFRILISH,amp_all_clean.csv,1,amp,0,10,0.0,0,0.0,0.0,0.0,0.0,0.0
LIIFAIAASHKK,amp_all_clean.csv,1,amp,0,12,0.0,0,0.0,0.0,0.0,0.0,0.0
LIIFAILISHKK,amp_all_clean.csv,1,amp,0,12,0.0,0,0.0,0.0,0.0,0.0,0.0
KCFQWQRNMRKVRGPPVSCIKR,amp_all_clean.csv,1,amp,0,22,0.14285714285714285,1,0.14285714285714285,0.14285714285714285,0.14285714285714285,0.045454545454545456,0.09090909090909091
GLPVCGETCVGGTCNTPGCKCSWPVCTRN,amp_all_clean.csv,1,amp,1,29,0.2777777777777778,2,0.3333333333333333,0.3333333333333333,0.05555555555555555,0.1724137931034483,0.10344827586206896
GLPVCGETCVGGTCNTPGCTCSWPKCTRN,amp_all_clean.csv,1,amp,1,29,0.2777777777777778,2,0.3333333333333333,0.3333333333333333,0.05555555555555555,0.1724137931034483,0.10344827586206896
WKLFDDGV,amp_all_clean.csv,1,amp,0,8,0.21666666666666667,0,0.3333333333333333,0.0,0.0,0.125,0.0
GCGGGYGRKKRRQRRR,amp_all_clean.csv,1,amp,0,16,0.41500000000000004,0,0.5,0.6,0.0,0.3125,0.0
CGGGYGRKKRRQRRR,amp_all_clean.csv,1,amp,0,15,0.335,2,0.4,0.5,0.0,0.26666666666666666,0.0
YGRKKRPQRRR,amp_all_clean.csv,1,amp,0,11,0.24583333333333332,1,0.25,0.3333333333333333,0.16666666666666666,0.09090909090909091,0.09090909090909091
CALNNYGRKKRRQRRR,amp_all_clean.csv,1,amp,0,16,0.13833333333333334,0,0.16666666666666666,0.2,0.0,0.0625,0.0
RKKRRQRRRGC,amp_all_clean.csv,1,amp,0,11,0.1625,0,0.25,0.0,0.0,0.09090909090909091,0.0
LLIILRRRIRKQAHAHSKNHQQQNPHQPPM,amp_all_clean.csv,1,amp,1,30,0.03333333333333333,2,0.0,0.0,0.16666666666666666,0.0,0.1
CGETCVGGTCNTPGCTCSWPVCTRNGLPV,amp_all_clean.csv,1,amp,1,29,0.34888888888888886,1,0.4,0.4444444444444444,0.1111111111111111,0.1724137931034483,0.10344827586206896
NYRWRCKNQN,amp_all_clean.csv,1,amp,0,10,0.0,0,0.0,0.0,0.0,0.0,0.0
NYQRRCKNQN,amp_all_clean.csv,1,amp,0,10,0.0,0,0.0,0.0,0.0,0.0,0.0
NYQWRCKNQN,amp_all_clean.csv,1,amp,0,10,0.0,0,0.0,0.0,0.0,0.0,0.0
NYRRRCKNQN,amp_all_clean.csv,1,amp,0,10,0.0,0,0.0,0.0,0.0,0.0,0.0
YRWRCKNQN,amp_all_clean.csv,1,amp,0,9,0.0,0,0.0,0.0,0.0,0.0,0.0
NYRWRCKNQ,amp_all_clean.csv,1,amp,0,9,0.0,0,0.0,0.0,0.0,0.0,0.0
YRWRCKNQ,amp_all_clean.csv,1,amp,0,8,0.0,0,0.0,0.0,0.0,0.0,0.0
NYRWRCKN,amp_all_clean.csv,1,amp,0,8,0.0,0,0.0,0.0,0.0,0.0,0.0
RWRCKNQN,amp_all_clean.csv,1,amp,0,8,0.0,0,0.0,0.0,0.0,0.0,0.0
GRKKRRQRRRP,amp_all_clean.csv,1,amp,0,11,0.2125,0,0.25,0.3333333333333333,0.0,0.09090909090909091,0.09090909090909091
KLAKLAKKLAKLAKGRKKRRQRRRP,amp_all_clean.csv,1,amp,1,25,0.10267857142857142,2,0.125,0.14285714285714285,0.0,0.04,0.04
KLAKLAKKLAKLAKNYRWRCKNQN,amp_all_clean.csv,1,amp,1,24,0.0,0,0.0,0.0,0.0,0.0,0.0
AYLLGKINLKALAALAKKIL,amp_all_clean.csv,1,amp,0,20,0.11785714285714285,1,0.14285714285714285,0.16666666666666666,0.0,0.05,0.0
TPWWRLWTKWHHKRRDLPRKPEGC,amp_all_clean.csv,1,amp,0,24,0.10982142857142857,1,0.125,0.0,0.14285714285714285,0.041666666666666664,0.125
LSTAADMQGVVTDGMASGLDKDYLKPDD,amp_all_clean.csv,1,amp,0,28,0.19444444444444445,2,0.2222222222222222,0.25,0.0625,0.10714285714285714,0.03571428571428571
RKKRRQRRRGGG,amp_all_clean.csv,1,amp,0,12,0.2,0,0.25,0.25,0.0,0.25,0.0
RKKRRQRRRGGGKLLKLLLKLLLKLLK,amp_all_clean.csv,1,amp,1,27,0.09097222222222222,1,0.1111111111111111,0.125,0.0,0.1111111111111111,0.0
KCFQAQRNMRKVRGPPVSCIKR,amp_all_clean.csv,1,amp,0,22,0.14285714285714285,1,0.14285714285714285,0.14285714285714285,0.14285714285714285,0.045454545454545456,0.09090909090909091
KCFQWARNMRKVRGPPVSCIKR,amp_all_clean.csv,1,amp,0,22,0.14285714285714285,1,0.14285714285714285,0.14285714285714285,0.14285714285714285,0.045454545454545456,0.09090909090909091
KCFQWQRNARKVRGPPVSCIKR,amp_all_clean.csv,1,amp,0,22,0.14285714285714285,1,0.14285714285714285,0.14285714285714285,0.14285714285714285,0.045454545454545456,0.09090909090909091
KCFQWQRNMRKVRGAPVSCIKR,amp_all_clean.csv,1,amp,0,22,0.1285714285714286,1,0.14285714285714285,0.14285714285714285,0.07142857142857142,0.045454545454545456,0.045454545454545456
KCFQWQRNMRKRRGPPVSCIKR,amp_all_clean.csv,1,amp,0,22,0.14285714285714285,1,0.14285714285714285,0.14285714285714285,0.14285714285714285,0.045454545454545456,0.09090909090909091
KCFQWQANMRKVRGPPVSCIKR,amp_all_clean.csv,1,amp,0,22,0.14285714285714285,1,0.14285714285714285,0.14285714285714285,0.14285714285714285,0.045454545454545456,0.09090909090909091
KCFQWQRNMRKVAGPPVSCIKR,amp_all_clean.csv,1,amp,0,22,0.14285714285714285,1,0.14285714285714285,0.14285714285714285,0.14285714285714285,0.045454545454545456,0.09090909090909091
KCFQWQANMRKRRGPPVSCIKR,amp_all_clean.csv,1,amp,0,22,0.14285714285714285,1,0.14285714285714285,0.14285714285714285,0.14285714285714285,0.045454545454545456,0.09090909090909091
KCFQWQRNMRKVAGRPVSCIKR,amp_all_clean.csv,1,amp,0,22,0.1285714285714286,1,0.14285714285714285,0.14285714285714285,0.07142857142857142,0.045454545454545456,0.045454545454545456
KCFRWQRNRRKVRGRPVRCIKR,amp_all_clean.csv,1,amp,1,22,0.1285714285714286,1,0.14285714285714285,0.14285714285714285,0.07142857142857142,0.045454545454545456,0.045454545454545456
KRFRWQRNMRKVRGRPVRSIKR,amp_all_clean.csv,1,amp,1,22,0.1285714285714286,1,0.14285714285714285,0.14285714285714285,0.07142857142857142,0.045454545454545456,0.045454545454545456
RCFQWQRNMRRVRGPPVSCIRR,amp_all_clean.csv,1,amp,0,22,0.14285714285714285,1,0.14285714285714285,0.14285714285714285,0.14285714285714285,0.045454545454545456,0.09090909090909091
KCFQWQKNMKKVKGPPVSCIKK,amp_all_clean.csv,1,amp,0,22,0.14285714285714285,1,0.14285714285714285,0.14285714285714285,0.14285714285714285,0.045454545454545456,0.09090909090909091
CELAGIGILTVRKKRRQRRR,amp_all_clean.csv,1,amp,0,20,0.11785714285714285,0,0.14285714285714285,0.16666666666666666,0.0,0.1,0.0
RIMRILRILKLAR,amp_all_clean.csv,1,amp,0,13,0.0,0,0.0,0.0,0.0,0.0,0.0
CGGKDCERRFSRSDQLKRHQRRHTGVKPFQ,amp_all_clean.csv,1,amp,0,30,0.09277777777777778,1,0.1,0.1111111111111111,0.05555555555555555,0.1,0.03333333333333333
KDCERRFSRSDQLKRHQRRHTGVKPFQK,amp_all_clean.csv,1,amp,1,28,0.08166666666666667,0,0.1,0.1111111111111111,0.0,0.03571428571428571,0.03571428571428571
AYGRKKRRQRRR,amp_all_clean.csv,1,amp,0,12,0.2125,2,0.25,0.3333333333333333,0.0,0.08333333333333333,0.0
CRQIKIWFQNRRMKWKK,amp_all_clean.csv,1,amp,0,17,0.0,0,0.0,0.0,0.0,0.0,0.0
YGRKKRRQRRRGC,amp_all_clean.csv,1,amp,0,13,0.2,1,0.25,0.25,0.0,0.15384615384615385,0.0
CKYGRKKRRQRRR,amp_all_clean.csv,1,amp,1,13,0.1675,0,0.2,0.25,0.0,0.07692307692307693,0.0
RRRQRRKKRGYCKCKYGRKKRRQRRR,amp_all_clean.csv,1,amp,1,26,0.09097222222222222,0,0.1111111111111111,0.125,0.0,0.07692307692307693,0.0
YGRKKRRQRRRPPQG,amp_all_clean.csv,1,amp,0,15,0.2175,1,0.2,0.25,0.25,0.13333333333333333,0.13333333333333333
VSRRRRRRGGRRRR,amp_all_clean.csv,1,amp,1,14,0.2,2,0.25,0.25,0.0,0.14285714285714285,0.0
FSGSGSGSGRQIKIWFQNRRMKWKKGC,amp_all_clean.csv,1,amp,0,27,0.18194444444444444,2,0.2222222222222222,0.25,0.0,0.18518518518518517,0.0
GSGSGSGSGRQIKIWFQNRRMKWKKGC,amp_all_clean.csv,1,amp,0,27,0.18194444444444444,2,0.2222222222222222,0.25,0.0,0.2222222222222222,0.0
VTPHHVLVDEYTGEWVDSQFK,amp_all_clean.csv,1,amp,0,21,0.1285714285714286,0,0.14285714285714285,0.14285714285714285,0.07142857142857142,0.047619047619047616,0.047619047619047616
MAARLCCQLDPARDVLCLRP,amp_all_clean.csv,1,amp,1,20,0.03333333333333333,2,0.0,0.0,0.16666666666666666,0.0,0.1
MAARLCCQLDPARDV,amp_all_clean.csv,1,amp,0,15,0.025,2,0.0,0.0,0.125,0.0,0.06666666666666667
MAARLCCQ,amp_all_clean.csv,1,amp,0,8,0.0,0,0.0,0.0,0.0,0.0,0.0
KKKKKKNKKLQQRGD,amp_all_clean.csv,1,amp,0,15,0.13,1,0.2,0.0,0.0,0.06666666666666667,0.0
RGDGPRRRPRKRRGR,amp_all_clean.csv,1,amp,0,15,0.3225,1,0.4,0.25,0.125,0.2,0.13333333333333333
RRRQKRIVVRRRLIR,amp_all_clean.csv,1,amp,1,15,0.0,0,0.0,0.0,0.0,0.0,0.0
RRVWRRYRRQRWCRR,amp_all_clean.csv,1,amp,1,15,0.0,0,0.0,0.0,0.0,0.0,0.0
RRARRPRRLRPAPGR,amp_all_clean.csv,1,amp,0,15,0.18,1,0.2,0.0,0.25,0.06666666666666667,0.2
LLRARWRRRRSRRFR,amp_all_clean.csv,1,amp,1,15,0.0,0,0.0,0.0,0.0,0.0,0.0
RGPRRQPRRHRRPRR,amp_all_clean.csv,1,amp,1,15,0.24250000000000002,1,0.2,0.25,0.375,0.06666666666666667,0.2
RRWRRWNRFNRRRCR,amp_all_clean.csv,1,amp,1,15,0.0,0,0.0,0.0,0.0,0.0,0.0
RKKRRQRRRRKKRRQRRR,amp_all_clean.csv,1,amp,1,18,0.0,0,0.0,0.0,0.0,0.0,0.0
CAYGRKKRRQRRR,amp_all_clean.csv,1,amp,0,13,0.1675,0,0.2,0.25,0.0,0.07692307692307693,0.0
PLWPVIPI,amp_all_clean.csv,1,amp,0,8,0.1,1,0.0,0.0,0.5,0.0,0.375
YKQCHKKGGKKGSG,amp_all_clean.csv,1,amp,0,14,0.4,2,0.5,0.5,0.0,0.2857142857142857,0.0
YKQSHKKGGKKGSG,amp_all_clean.csv,1,amp,0,14,0.4,2,0.5,0.5,0.0,0.2857142857142857,0.0
YRQSHRRGGRRGSG,amp_all_clean.csv,1,amp,0,14,0.4,2,0.5,0.5,0.0,0.2857142857142857,0.0
WKQSHKKGGKKGSG,amp_all_clean.csv,1,amp,0,14,0.4,2,0.5,0.5,0.0,0.2857142857142857,0.0
GSTLLSLL,amp_all_clean.csv,1,amp,0,8,0.2916666666666667,0,0.3333333333333333,0.5,0.0,0.125,0.0
FLSLIPHIVSGVAALANHL,amp_all_clean.csv,1,amp,0,19,0.15,1,0.16666666666666666,0.16666666666666666,0.08333333333333333,0.05263157894736842,0.05263157894736842
FLSLIPKIAGGIAALVKNL,amp_all_clean.csv,1,amp,0,19,0.15,1,0.16666666666666666,0.16666666666666666,0.08333333333333333,0.10526315789473684,0.05263157894736842
GSRGWGFEPGVRCLIWCD,amp_all_clean.csv,1,amp,0,18,0.4166666666666667,0,0.5,0.5,0.08333333333333333,0.2222222222222222,0.05555555555555555
GGGGRGYEYNKQCLIFC,amp_all_clean.csv,1,amp,0,17,0.32,2,0.4,0.4,0.0,0.29411764705882354,0.0
ALWKDLLKNVGIAAGKAALNKVTDMVNQ,amp_all_clean.csv,1,amp,0,28,0.09097222222222222,2,0.1111111111111111,0.125,0.0,0.07142857142857142,0.0
LKTKALNKLKQKLQAVGNLIGSVIKG,amp_all_clean.csv,1,amp,0,26,0.16319444444444442,1,0.2222222222222222,0.125,0.0,0.11538461538461539,0.0
GMFTNMLKGIGKLAGKAALGAVKTLA,amp_all_clean.csv,1,amp,0,26,0.2,2,0.25,0.25,0.0,0.19230769230769232,0.0
GAGIVVASIDTGVRVSHE,amp_all_clean.csv,1,amp,0,18,0.27666666666666667,2,0.3333333333333333,0.4,0.0,0.16666666666666666,0.0
LGISYGRKKRRQRRRPPQ,amp_all_clean.csv,1,amp,0,18,0.17833333333333334,2,0.16666666666666666,0.2,0.2,0.1111111111111111,0.1111111111111111
FITKALGISYGRKKRRQRRRPPQ,amp_all_clean.csv,1,amp,1,23,0.13125,1,0.125,0.14285714285714285,0.14285714285714285,0.08695652173913043,0.08695652173913043
FITKALGISYGRKKRR,amp_all_clean.csv,1,amp,0,16,0.16,1,0.2,0.2,0.0,0.125,0.0
GNHDCCMGQLPKCMLGPGQGAATCQGK,amp_all_clean.csv,1,amp,1,27,0.25416666666666665,1,0.3333333333333333,0.25,0.0,0.2222222222222222,0.07407407407407407
GFVPFTIP,amp_all_clean.csv,1,amp,0,8,0.2916666666666667,0,0.3333333333333333,0.5,0.0,0.125,0.25
LVPWPFPT,amp_all_clean.csv,1,amp,0,8,0.1,0,0.0,0.0,0.5,0.0,0.375
LVFPIFPP,amp_all_clean.csv,1,amp,0,8,0.15000000000000002,2,0.0,0.0,0.75,0.0,0.375
CGESCVFIPCISSVIGCSCSSKVCYRNGIP,amp_all_clean.csv,1,amp,1,30,0.18000000000000002,0,0.2,0.2,0.1,0.1,0.06666666666666667
CGESCVFIPCLTSAIDCSCKSKVCYRNGIP,amp_all_clean.csv,1,amp,1,30,0.1,0,0.1,0.1,0.1,0.06666666666666667,0.06666666666666667
CGETCVGGTCNTPGCACSWPVCTRNGLPV,amp_all_clean.csv,1,amp,1,29,0.34888888888888886,1,0.4,0.4444444444444444,0.1111111111111111,0.1724137931034483,0.10344827586206896
CGETCVGGTCNTPGCGCSWPVCTRNGLPV,amp_all_clean.csv,1,amp,1,29,0.34888888888888886,1,0.4,0.4444444444444444,0.1111111111111111,0.20689655172413793,0.10344827586206896
TCTLGTCYTAGCSCSWPVCTRNGVPICGE,amp_all_clean.csv,1,amp,1,29,0.2561111111111111,1,0.3,0.3333333333333333,0.05555555555555555,0.13793103448275862,0.06896551724137931
GRKKRRQRRPPQC,amp_all_clean.csv,1,amp,0,13,0.1925,0,0.2,0.25,0.125,0.07692307692307693,0.15384615384615385
GRKKRRQRPPQC,amp_all_clean.csv,1,amp,0,12,0.225,0,0.25,0.25,0.125,0.08333333333333333,0.16666666666666666
GRKKRRQPPQC,amp_all_clean.csv,1,amp,0,11,0.2791666666666667,0,0.25,0.3333333333333333,0.3333333333333333,0.09090909090909091,0.18181818181818182
GRKKRRQRARPPQC,amp_all_clean.csv,1,amp,0,14,0.2175,0,0.2,0.25,0.25,0.07142857142857142,0.14285714285714285
GRKKRRQARAPPQC,amp_all_clean.csv,1,amp,0,14,0.2175,0,0.2,0.25,0.25,0.07142857142857142,0.14285714285714285
CGAYDLRRRERQSRLRRRERQSR,amp_all_clean.csv,1,amp,0,23,0.10267857142857142,1,0.125,0.14285714285714285,0.0,0.043478260869565216,0.0
RKKRRRESRKKRRRESC,amp_all_clean.csv,1,amp,1,17,0.0,0,0.0,0.0,0.0,0.0,0.0
CVKRGLKLRHVRPRVTRDV,amp_all_clean.csv,1,amp,0,19,0.15,1,0.16666666666666666,0.16666666666666666,0.08333333333333333,0.05263157894736842,0.05263157894736842
MQDAITAV,amp_all_clean.csv,1,amp,0,8,0.0,0,0.0,0.0,0.0,0.0,0.0
TCRSSGRYCRSPYDRRRRYCRRITDACV,amp_all_clean.csv,1,amp,1,28,0.09097222222222222,2,0.1111111111111111,0.125,0.0,0.03571428571428571,0.03571428571428571
FFGLIPGLVGSLISAFK,amp_all_clean.csv,1,amp,0,17,0.2966666666666667,0,0.3333333333333333,0.4,0.1,0.17647058823529413,0.058823529411764705
LQHTTGALGHLI,amp_all_clean.csv,1,amp,0,12,0.425,2,0.5,0.6666666666666666,0.0,0.16666666666666666,0.0
KKFKETADKLIESAKQQLESLAKEMK,amp_all_clean.csv,1,amp,0,26,0.0,0,0.0,0.0,0.0,0.0,0.0
FKCRRWQWRMKKLGAVRRAF,amp_all_clean.csv,1,amp,0,20,0.11785714285714285,1,0.14285714285714285,0.16666666666666666,0.0,0.05,0.0
GLTRLRRILFRLLLWRTK,amp_all_clean.csv,1,amp,0,18,0.13333333333333333,0,0.16666666666666666,0.16666666666666666,0.0,0.05555555555555555,0.0
CRSWCKRPGHPEKNAFYCC,amp_all_clean.csv,1,amp,1,19,0.17833333333333334,2,0.16666666666666666,0.2,0.2,0.05263157894736842,0.10526315789473684
FLPFFAACAITKKC,amp_all_clean.csv,1,amp,0,14,0.025,0,0.0,0.0,0.125,0.0,0.07142857142857142
LFGKLIKKFGRKAISYAVKKARGKH,amp_all_clean.csv,1,amp,1,25,0.10267857142857142,2,0.125,0.14285714285714285,0.0,0.12,0.0
SGFIPLKPTVK,amp_all_clean.csv,1,amp,0,11,0.2125,1,0.25,0.3333333333333333,0.0,0.09090909090909091,0.18181818181818182
AFALIAGALYRIFHRR,amp_all_clean.csv,1,amp,0,16,0.13833333333333334,0,0.16666666666666666,0.2,0.0,0.0625,0.0
GLESINFQ,amp_all_clean.csv,1,amp,0,8,0.2916666666666667,0,0.3333333333333333,0.5,0.0,0.125,0.0
PYIPQPRPPHPRL,amp_all_clean.csv,1,amp,0,13,0.1,0,0.0,0.0,0.5,0.0,0.46153846153846156
KTISFILK,amp_all_clean.csv,1,amp,0,8,0.0,0,0.0,0.0,0.0,0.0,0.0
GGSGGGSSGGSIGGR,amp_all_clean.csv,1,amp,0,15,0.64,0,0.8,0.8,0.0,0.6,0.0
GQKGDQGPPGPMGPPGPRGAPGERGRT,amp_all_clean.csv,1,amp,0,27,0.8777777777777779,0,1.0,1.0,0.3888888888888889,0.3333333333333333,0.25925925925925924
GFDGLAGIPGPPGERGDPGSDGQPGPPGPS,amp_all_clean.csv,1,amp,0,30,0.88,0,1.0,1.0,0.4,0.3333333333333333,0.26666666666666666
GPEGLRGNRGERGPRGFRG,amp_all_clean.csv,1,amp,0,19,0.8333333333333334,0,1.0,1.0,0.16666666666666666,0.3684210526315789,0.10526315789473684
LELPCPREGQVGPRGPRGFPGPPGRAGD,amp_all_clean.csv,1,amp,0,28,0.6930555555555555,2,0.7777777777777778,0.75,0.375,0.25,0.25
LRSNSRAFLKKVYFLRGFQKY,amp_all_clean.csv,1,amp,0,21,0.11785714285714285,1,0.14285714285714285,0.16666666666666666,0.0,0.047619047619047616,0.0
REIIPRLAVDTGLGLGRRGQKGDQGP,amp_all_clean.csv,1,amp,0,26,0.35763888888888884,0,0.4444444444444444,0.375,0.0625,0.23076923076923078,0.07692307692307693
SPELPQPPSSDLLGCLRA,amp_all_clean.csv,1,amp,0,18,0.15833333333333335,1,0.16666666666666666,0.2,0.1,0.05555555555555555,0.2222222222222222
TRRAALFGFPGLKGRAGVMGFPGPKG,amp_all_clean.csv,1,amp,0,26,0.6555555555555554,1,0.7777777777777778,0.75,0.1875,0.2692307692307692,0.11538461538461539
REIGRAMRFISRNVFKRTLPGAHTRK,amp_all_clean.csv,1,amp,0,26,0.1125,2,0.125,0.125,0.0625,0.07692307692307693,0.038461538461538464
AAGDAGKPGERG,amp_all_clean.csv,1,amp,0,12,0.8333333333333334,2,1.0,1.0,0.16666666666666666,0.3333333333333333,0.08333333333333333
AAGPPGATGFPG,amp_all_clean.csv,1,amp,0,12,0.9,2,1.0,1.0,0.5,0.3333333333333333,0.25
AAGPPGATGFPGAAGR,amp_all_clean.csv,1,amp,0,16,0.8750000000000001,2,1.0,1.0,0.375,0.3125,0.1875
AGPPGADGQAGAK,amp_all_clean.csv,1,amp,0,13,0.8500000000000001,1,1.0,1.0,0.25,0.3076923076923077,0.15384615384615385
ASGPAGPRGPA,amp_all_clean.csv,1,amp,0,11,0.9,2,1.0,1.0,0.5,0.2727272727272727,0.2727272727272727
ASGPAGPRGPAGPA,amp_all_clean.csv,1,amp,0,14,0.9,2,1.0,1.0,0.5,0.2857142857142857,0.2857142857142857
ATGPAGARGSPGSPGND,amp_all_clean.csv,1,amp,0,17,0.86,2,1.0,1.0,0.3,0.29411764705882354,0.17647058823529413
DGAKGDSGPAGPK,amp_all_clean.csv,1,amp,0,13,0.8500000000000001,1,1.0,1.0,0.25,0.3076923076923077,0.15384615384615385
DGAKGDSGPAGPKGEPGSSGE,amp_all_clean.csv,1,amp,0,21,0.8500000000000001,1,1.0,1.0,0.25,0.3333333333333333,0.14285714285714285
FSGLDGAKGDSGPAGPK,amp_all_clean.csv,1,amp,0,17,0.8400000000000001,2,1.0,1.0,0.2,0.29411764705882354,0.11764705882352941
FSGLPGPTGEPGKQGPGGPSGE,amp_all_clean.csv,1,amp,0,22,0.8833333333333334,2,1.0,1.0,0.4166666666666667,0.36363636363636365,0.22727272727272727
GAAGDAGKPGE,amp_all_clean.csv,1,amp,0,11,0.8333333333333334,0,1.0,1.0,0.16666666666666666,0.36363636363636365,0.09090909090909091
GAAGDAGKPGERG,amp_all_clean.csv,1,amp,0,13,0.8250000000000001,0,1.0,1.0,0.125,0.38461538461538464,0.07692307692307693
GERGFPGERGGPG,amp_all_clean.csv,1,amp,0,13,0.8500000000000001,0,1.0,1.0,0.25,0.46153846153846156,0.15384615384615385
GFPGERGGPGA,amp_all_clean.csv,1,amp,0,11,0.8666666666666667,0,1.0,1.0,0.3333333333333333,0.45454545454545453,0.18181818181818182
GGDGAPGKDGIRG,amp_all_clean.csv,1,amp,0,13,0.8250000000000001,0,1.0,1.0,0.125,0.46153846153846156,0.07692307692307693
GGDGAPGKDGIRGM,amp_all_clean.csv,1,amp,0,14,0.8250000000000001,0,1.0,1.0,0.125,0.42857142857142855,0.07142857142857142
GGPGAKGEVGPAGGRGSDGPQGARG,amp_all_clean.csv,1,amp,0,25,0.8375,0,1.0,1.0,0.1875,0.44,0.12
GGPGATGPAGAR,amp_all_clean.csv,1,amp,0,12,0.8500000000000001,0,1.0,1.0,0.25,0.4166666666666667,0.16666666666666666
GKNGDRGESGPAGPA,amp_all_clean.csv,1,amp,0,15,0.8400000000000001,0,1.0,1.0,0.2,0.3333333333333333,0.13333333333333333
GKNGDRGESGPAGPAGPA,amp_all_clean.csv,1,amp,0,18,0.8500000000000001,0,1.0,1.0,0.25,0.3333333333333333,0.16666666666666666
GKNGDRGESGPAGPAGPAGPA,amp_all_clean.csv,1,amp,0,21,0.8571428571428572,0,1.0,1.0,0.2857142857142857,0.3333333333333333,0.19047619047619047
GKNGDRGESGPAGPAGPAGPAGA,amp_all_clean.csv,1,amp,0,23,0.8571428571428572,0,1.0,1.0,0.2857142857142857,0.34782608695652173,0.17391304347826086
GKNGDRGESGPAGPAGPAGPAGAR,amp_all_clean.csv,1,amp,0,24,0.8500000000000001,0,1.0,1.0,0.25,0.3333333333333333,0.16666666666666666
GKNGDRGESGPAGPAGPAGPAGARG,amp_all_clean.csv,1,amp,0,25,0.8500000000000001,0,1.0,1.0,0.25,0.36,0.16
GPAGPAGARG,amp_all_clean.csv,1,amp,0,10,0.8666666666666667,0,1.0,1.0,0.3333333333333333,0.4,0.2
GPAGPRGPA,amp_all_clean.csv,1,amp,0,9,0.9,0,1.0,1.0,0.5,0.3333333333333333,0.3333333333333333
GPAGPRGPAGPA,amp_all_clean.csv,1,amp,0,12,0.9,0,1.0,1.0,0.5,0.3333333333333333,0.3333333333333333
GPSGPQGAR,amp_all_clean.csv,1,amp,0,9,0.8666666666666667,0,1.0,1.0,0.3333333333333333,0.3333333333333333,0.2222222222222222
GSRGSPGERGESGPPGPAG,amp_all_clean.csv,1,amp,0,19,0.8666666666666667,0,1.0,1.0,0.3333333333333333,0.3684210526315789,0.21052631578947367
IGPAGPPGTPGPPGPPGPPGGGFD,amp_all_clean.csv,1,amp,0,24,0.8616071428571429,1,0.875,1.0,0.7142857142857143,0.375,0.4166666666666667
IVGLPGQRGERG,amp_all_clean.csv,1,amp,0,12,0.8333333333333334,2,1.0,1.0,0.16666666666666666,0.3333333333333333,0.08333333333333333
LDGAKGDSGPAGPK,amp_all_clean.csv,1,amp,0,14,0.8500000000000001,2,1.0,1.0,0.25,0.2857142857142857,0.14285714285714285
LSGAPGEAGREG,amp_all_clean.csv,1,amp,0,12,0.8333333333333334,2,1.0,1.0,0.16666666666666666,0.3333333333333333,0.08333333333333333
LTGSPGSPGPDGKTGPAGPAGQ,amp_all_clean.csv,1,amp,0,22,0.8833333333333334,2,1.0,1.0,0.4166666666666667,0.3181818181818182,0.22727272727272727
NGDRGESGPAGPAGPAGPAGAR,amp_all_clean.csv,1,amp,0,22,0.8571428571428572,1,1.0,1.0,0.2857142857142857,0.3181818181818182,0.18181818181818182
RGDKGEAGEAGERG,amp_all_clean.csv,1,amp,0,14,0.8,1,1.0,1.0,0.0,0.35714285714285715,0.0
RGESGPAGAPGAPGAPGA,amp_all_clean.csv,1,amp,0,18,0.88,1,1.0,1.0,0.4,0.3333333333333333,0.2222222222222222
RGESGPPGPAGF,amp_all_clean.csv,1,amp,0,12,0.9,1,1.0,1.0,0.5,0.3333333333333333,0.25
RGPPGPMGPPG,amp_all_clean.csv,1,amp,0,11,0.9666666666666667,1,1.0,1.0,0.8333333333333334,0.36363636363636365,0.45454545454545453
RGPPGPMGPPGL,amp_all_clean.csv,1,amp,0,12,0.9666666666666667,1,1.0,1.0,0.8333333333333334,0.3333333333333333,0.4166666666666667
SAGAQGARGDKGEAGE,amp_all_clean.csv,1,amp,0,16,0.8,2,1.0,1.0,0.0,0.3125,0.0
SAGAQGARGDKGEAGEAGER,amp_all_clean.csv,1,amp,0,20,0.8,2,1.0,1.0,0.0,0.3,0.0
SGAPGEAGREG,amp_all_clean.csv,1,amp,0,11,0.8333333333333334,1,1.0,1.0,0.16666666666666666,0.36363636363636365,0.09090909090909091
SGAPGEAGREGAAG,amp_all_clean.csv,1,amp,0,14,0.8250000000000001,1,1.0,1.0,0.125,0.35714285714285715,0.07142857142857142
VAGAPGALG,amp_all_clean.csv,1,amp,0,9,0.8500000000000001,2,1.0,1.0,0.25,0.3333333333333333,0.1111111111111111
VGATGPKGSRG,amp_all_clean.csv,1,amp,0,11,0.8333333333333334,1,1.0,1.0,0.16666666666666666,0.36363636363636365,0.09090909090909091
AGPAGPAGAR,amp_all_clean.csv,1,amp,0,10,0.8666666666666667,1,1.0,1.0,0.3333333333333333,0.3,0.2
AGPPGADGQAGA,amp_all_clean.csv,1,amp,0,12,0.8666666666666667,1,1.0,1.0,0.3333333333333333,0.3333333333333333,0.16666666666666666
AGPPGADGQAGAKGEPGDS,amp_all_clean.csv,1,amp,0,19,0.8500000000000001,1,1.0,1.0,0.25,0.3157894736842105,0.15789473684210525
AGRPGEPGPAGPPGPTGE,amp_all_clean.csv,1,amp,0,18,0.92,1,1.0,1.0,0.6,0.3333333333333333,0.3333333333333333
AKGEPGDSGAKGDAG,amp_all_clean.csv,1,amp,0,15,0.8250000000000001,2,1.0,1.0,0.125,0.3333333333333333,0.06666666666666667
AKGETGPAGAPG,amp_all_clean.csv,1,amp,0,12,0.8666666666666667,2,1.0,1.0,0.3333333333333333,0.3333333333333333,0.16666666666666666
APDPFRHY,amp_all_clean.csv,1,amp,0,8,0.05,0,0.0,0.0,0.25,0.0,0.25
APGEAGREGAAG,amp_all_clean.csv,1,amp,0,12,0.8,2,1.0,1.0,0.0,0.3333333333333333,0.08333333333333333
APGEKGESGPAGPGGPTG,amp_all_clean.csv,1,amp,0,18,0.86,2,1.0,1.0,0.3,0.3888888888888889,0.2222222222222222
APGEKGESGPAGPGGPTGS,amp_all_clean.csv,1,amp,0,19,0.86,2,1.0,1.0,0.3,0.3684210526315789,0.21052631578947367
APGFPGGPGA,amp_all_clean.csv,1,amp,0,10,0.9,2,1.0,1.0,0.5,0.4,0.3
ARGSPGSPGNDGAKGETGPAG,amp_all_clean.csv,1,amp,0,21,0.8500000000000001,2,1.0,1.0,0.25,0.3333333333333333,0.14285714285714285
ASGPAGPRGPAGPAGSSGKD,amp_all_clean.csv,1,amp,0,20,0.8666666666666667,2,1.0,1.0,0.3333333333333333,0.3,0.2
ASGPAGPRGPAGPAGSSGKDGVSG,amp_all_clean.csv,1,amp,0,24,0.8571428571428572,2,1.0,1.0,0.2857142857142857,0.3333333333333333,0.16666666666666666
EKGESGPAGPGGPT,amp_all_clean.csv,1,amp,0,14,0.8750000000000001,2,1.0,1.0,0.375,0.35714285714285715,0.21428571428571427
GAAGDAGKPGERGVA,amp_all_clean.csv,1,amp,0,15,0.8200000000000001,0,1.0,1.0,0.1,0.3333333333333333,0.06666666666666667
GAAGPKGGPGE,amp_all_clean.csv,1,amp,0,11,0.8666666666666667,0,1.0,1.0,0.3333333333333333,0.45454545454545453,0.18181818181818182
GADGQAGAKGEPG,amp_all_clean.csv,1,amp,0,13,0.8250000000000001,0,1.0,1.0,0.125,0.38461538461538464,0.07692307692307693
GAKGDAGSPGPAGPTG,amp_all_clean.csv,1,amp,0,16,0.86,0,1.0,1.0,0.3,0.375,0.1875
GARGDKGEAGEAGE,amp_all_clean.csv,1,amp,0,14,0.8,0,1.0,1.0,0.0,0.35714285714285715,0.0
GDRGESGPAG,amp_all_clean.csv,1,amp,0,10,0.8333333333333334,0,1.0,1.0,0.16666666666666666,0.4,0.1
GEPGDSGAKGDAGSPGPAGPTG,amp_all_clean.csv,1,amp,0,22,0.8571428571428572,0,1.0,1.0,0.2857142857142857,0.36363636363636365,0.18181818181818182
GEPGPGGVQ,amp_all_clean.csv,1,amp,0,9,0.8666666666666667,0,1.0,1.0,0.3333333333333333,0.4444444444444444,0.2222222222222222
GEVGPAGGRGSDGPQGA,amp_all_clean.csv,1,amp,0,17,0.8400000000000001,0,1.0,1.0,0.2,0.4117647058823529,0.11764705882352941
GFPGADGAAGPKG,amp_all_clean.csv,1,amp,0,13,0.8500000000000001,0,1.0,1.0,0.25,0.38461538461538464,0.15384615384615385
GFPGPKGAAGDAGKP,amp_all_clean.csv,1,amp,0,15,0.86,0,1.0,1.0,0.3,0.3333333333333333,0.2
GGDGAPGKDGIR,amp_all_clean.csv,1,amp,0,12,0.8250000000000001,0,1.0,1.0,0.125,0.4166666666666667,0.08333333333333333
GGPGATGPAGA,amp_all_clean.csv,1,amp,0,11,0.8666666666666667,0,1.0,1.0,0.3333333333333333,0.45454545454545453,0.18181818181818182
GHRGFTGL,amp_all_clean.csv,1,amp,0,8,0.8,0,1.0,1.0,0.0,0.375,0.0
GIAGQRGIVG,amp_all_clean.csv,1,amp,0,10,0.8,0,1.0,1.0,0.0,0.4,0.0
GPAGPAGPAG,amp_all_clean.csv,1,amp,0,10,0.9,0,1.0,1.0,0.5,0.4,0.3
GPAGPAGSSGK,amp_all_clean.csv,1,amp,0,11,0.8666666666666667,0,1.0,1.0,0.3333333333333333,0.36363636363636365,0.18181818181818182
GPAGPRGPAGPAG,amp_all_clean.csv,1,amp,0,13,0.9,0,1.0,1.0,0.5,0.38461538461538464,0.3076923076923077
GPMGPRGPPGPA,amp_all_clean.csv,1,amp,0,12,0.925,0,1.0,1.0,0.625,0.3333333333333333,0.4166666666666667
GPMGPRGPPGPAG,amp_all_clean.csv,1,amp,0,13,0.925,0,1.0,1.0,0.625,0.38461538461538464,0.38461538461538464
GPRGPPGPAG,amp_all_clean.csv,1,amp,0,10,0.9333333333333333,0,1.0,1.0,0.6666666666666666,0.4,0.4
GSAGAQGARGDKGEAGE,amp_all_clean.csv,1,amp,0,17,0.8,0,1.0,1.0,0.0,0.35294117647058826,0.0
GSPGERGESGPPGPAG,amp_all_clean.csv,1,amp,0,16,0.88,0,1.0,1.0,0.4,0.375,0.25
GSPGSPGNDGAKGETGPAG,amp_all_clean.csv,1,amp,0,19,0.8500000000000001,0,1.0,1.0,0.25,0.3684210526315789,0.15789473684210525
KGDAGSPGPAGPTG,amp_all_clean.csv,1,amp,0,14,0.8750000000000001,1,1.0,1.0,0.375,0.35714285714285715,0.21428571428571427
KNGDRGESGPAGPAGPAGPA,amp_all_clean.csv,1,amp,0,20,0.8666666666666667,2,1.0,1.0,0.3333333333333333,0.3,0.2
KNGDRGESGPAGPAGPAGPAG,amp_all_clean.csv,1,amp,0,21,0.8666666666666667,2,1.0,1.0,0.3333333333333333,0.3333333333333333,0.19047619047619047
KNGDRGESGPAGPAGPAGPAGA,amp_all_clean.csv,1,amp,0,22,0.8666666666666667,2,1.0,1.0,0.3333333333333333,0.3181818181818182,0.18181818181818182
KNGDRGESGPAGPAGPAGPAGAR,amp_all_clean.csv,1,amp,0,23,0.8571428571428572,2,1.0,1.0,0.2857142857142857,0.30434782608695654,0.17391304347826086
LPGPTGEPGKQGPGGPSGE,amp_all_clean.csv,1,amp,0,19,0.88,2,1.0,1.0,0.4,0.3684210526315789,0.2631578947368421
MSAPGPMGPMGPRGPPGPAG,amp_all_clean.csv,1,amp,0,20,0.7988095238095239,1,0.8571428571428571,0.8333333333333334,0.5833333333333334,0.3,0.35
MSAPGPMGPMGPRGPPGPAGSN,amp_all_clean.csv,1,amp,0,22,0.7857142857142857,1,0.8571428571428571,0.8571428571428571,0.5,0.2727272727272727,0.3181818181818182
NGDRGESGPAGPAGPAGPAGA,amp_all_clean.csv,1,amp,0,21,0.8666666666666667,1,1.0,1.0,0.3333333333333333,0.3333333333333333,0.19047619047619047
PAGPAGQDGRAGPPGPSGARG,amp_all_clean.csv,1,amp,0,21,0.8666666666666667,2,1.0,1.0,0.3333333333333333,0.3333333333333333,0.23809523809523808
PGPTGEPGKQGPGGPSGE,amp_all_clean.csv,1,amp,0,18,0.88,1,1.0,1.0,0.4,0.3888888888888889,0.2777777777777778
RGDKGEAGEAGE,amp_all_clean.csv,1,amp,0,12,0.8,1,1.0,1.0,0.0,0.3333333333333333,0.0
RGEGGPAGAPGF,amp_all_clean.csv,1,amp,0,12,0.8666666666666667,1,1.0,1.0,0.3333333333333333,0.4166666666666667,0.16666666666666666
RGESGPAGPAGPAGPAGA,amp_all_clean.csv,1,amp,0,18,0.88,1,1.0,1.0,0.4,0.3333333333333333,0.2222222222222222
RGSAGAQGARGDKGEAGE,amp_all_clean.csv,1,amp,0,18,0.8,1,1.0,1.0,0.0,0.3333333333333333,0.0
RGSAGAQGARGDKGEAGEA,amp_all_clean.csv,1,amp,0,19,0.8,1,1.0,1.0,0.0,0.3157894736842105,0.0
RGSPGSPGNDGAKGETGPAG,amp_all_clean.csv,1,amp,0,20,0.8500000000000001,1,1.0,1.0,0.25,0.35,0.15
SGAPGEAGREGAAGN,amp_all_clean.csv,1,amp,0,15,0.8250000000000001,1,1.0,1.0,0.125,0.3333333333333333,0.06666666666666667
SGAPGEAGREGAAGNEGAPGRD,amp_all_clean.csv,1,amp,0,22,0.8285714285714286,1,1.0,1.0,0.14285714285714285,0.3181818181818182,0.09090909090909091
SGPAGPRGPAGPA,amp_all_clean.csv,1,amp,0,13,0.9,1,1.0,1.0,0.5,0.3076923076923077,0.3076923076923077
SGPPGPAG,amp_all_clean.csv,1,amp,0,8,0.9500000000000001,1,1.0,1.0,0.75,0.375,0.375
SRGERGFPGERGGPGATGPAG,amp_all_clean.csv,1,amp,0,21,0.8500000000000001,2,1.0,1.0,0.25,0.38095238095238093,0.14285714285714285
VKGGDGAPGKDGIRG,amp_all_clean.csv,1,amp,0,15,0.8250000000000001,2,1.0,1.0,0.125,0.4,0.06666666666666667
VKGGDGAPGKDGIRGM,amp_all_clean.csv,1,amp,0,16,0.8250000000000001,2,1.0,1.0,0.125,0.375,0.0625
GVRPDGFAHIRDFVSRIVRRLNIGPSKV,amp_all_clean.csv,1,amp,0,28,0.20694444444444443,2,0.2222222222222222,0.25,0.125,0.10714285714285714,0.07142857142857142
FYLKTYRSQAPVLDAIRRLRLRGGS,amp_all_clean.csv,1,amp,0,25,0.1,1,0.125,0.125,0.0,0.08,0.04
FFLKDFSTKRQIIDAINKVVYKGGR,amp_all_clean.csv,1,amp,0,25,0.1,1,0.125,0.125,0.0,0.08,0.0
VTTEIRFADSKPKSVLLDKIKNLQVALTSK,amp_all_clean.csv,1,amp,0,30,0.011111111111111112,1,0.0,0.0,0.05555555555555555,0.0,0.03333333333333333
GPLGAAGP,amp_all_clean.csv,1,amp,0,8,0.8500000000000001,0,1.0,1.0,0.25,0.375,0.25
MTGTQGEAGR,amp_all_clean.csv,1,amp,0,10,0.8,2,1.0,1.0,0.0,0.3,0.0
VTTEIRFADSKRKSVLLDKIKNLQVALTSK,amp_all_clean.csv,1,amp,0,30,0.0,0,0.0,0.0,0.0,0.0,0.0
KPEILNLVKRMKIKTGKALN,amp_all_clean.csv,1,amp,0,20,0.13452380952380952,0,0.14285714285714285,0.16666666666666666,0.08333333333333333,0.05,0.05
GFAHIRDFVSRIVRRLNIGP,amp_all_clean.csv,1,amp,0,20,0.21071428571428572,0,0.2857142857142857,0.16666666666666666,0.0,0.1,0.05
QAPVLDAIRRLRLRGGSPLN,amp_all_clean.csv,1,amp,0,20,0.15119047619047618,0,0.14285714285714285,0.16666666666666666,0.16666666666666666,0.1,0.1
KGFESKVDAILNRISQMHRV,amp_all_clean.csv,1,amp,0,20,0.11785714285714285,1,0.14285714285714285,0.16666666666666666,0.0,0.05,0.0
RKVAVFFSNTPTRASPQLRE,amp_all_clean.csv,1,amp,0,20,0.03333333333333333,2,0.0,0.0,0.16666666666666666,0.0,0.1
VAAKPVATKMAVRPPVAVKP,amp_all_clean.csv,1,amp,0,20,0.05,0,0.0,0.0,0.25,0.0,0.2
AAKPVATKPEVPRPQAAKPA,amp_all_clean.csv,1,amp,0,20,0.06666666666666667,1,0.0,0.0,0.3333333333333333,0.0,0.25
TTKPVTTTKPVTTTTKPVTT,amp_all_clean.csv,1,amp,0,20,0.05,2,0.0,0.0,0.25,0.0,0.15
YDRLIKESRRQKTRVFAVVI,amp_all_clean.csv,1,amp,0,20,0.0,0,0.0,0.0,0.0,0.0,0.0
EQNFHKARRFVEQVARRLTL,amp_all_clean.csv,1,amp,0,20,0.0,0,0.0,0.0,0.0,0.0,0.0
VVHAINAIVRSPRGGARRHA,amp_all_clean.csv,1,amp,0,20,0.13452380952380952,1,0.14285714285714285,0.16666666666666666,0.08333333333333333,0.1,0.05
LRLKPYGALVDKVKSFTKRF,amp_all_clean.csv,1,amp,0,20,0.13452380952380952,0,0.14285714285714285,0.16666666666666666,0.08333333333333333,0.05,0.05
FTKRFIDNLRDRYYRCDRNL,amp_all_clean.csv,1,amp,0,20,0.0,0,0.0,0.0,0.0,0.0,0.0
RDALKSSVDAVKYFGKGTYT,amp_all_clean.csv,1,amp,0,20,0.13333333333333333,2,0.16666666666666666,0.16666666666666666,0.0,0.1,0.0
TKRFAKRLAERFLTAGRTDP,amp_all_clean.csv,1,amp,0,20,0.11785714285714285,0,0.14285714285714285,0.16666666666666666,0.0,0.05,0.05
LELHVRRELHRLRRDVSHLQLTRRQQRR,amp_all_clean.csv,1,amp,1,28,0.0,0,0.0,0.0,0.0,0.0,0.0
TRRRVRRTSRLVAKRALLLCILLYCT,amp_all_clean.csv,1,amp,0,26,0.0,0,0.0,0.0,0.0,0.0,0.0
LRSPGISRFRRKIAKRSIKTL,amp_all_clean.csv,1,amp,0,21,0.13452380952380952,1,0.14285714285714285,0.16666666666666666,0.08333333333333333,0.047619047619047616,0.047619047619047616
SPEYPEHMRWKRSLSRKAKRKP,amp_all_clean.csv,1,amp,0,22,0.02857142857142857,0,0.0,0.0,0.14285714285714285,0.0,0.13636363636363635
GFDILLGLDVNKKVKKRIQLSPKKIKGYEV,amp_all_clean.csv,1,amp,0,30,0.16,0,0.2,0.2,0.0,0.1,0.03333333333333333
DNSCTPKPSCFF,non_amp_negative.csv,0,non_amp,0,12,0.05,0,0.0,0.0,0.25,0.0,0.16666666666666666
MFLGPGGAGGQAFDQAR,non_amp_negative.csv,0,non_amp,0,17,0.43500000000000005,0,0.5,0.6,0.1,0.29411764705882354,0.058823529411764705
AKKRAGNGCFGLKLDRIGSMSGLGC,non_amp_negative.csv,0,non_amp,0,25,0.2866071428571429,2,0.375,0.2857142857142857,0.0,0.24,0.0
FLSALLGMLKNL,non_amp_negative.csv,0,non_amp,0,12,0.2,0,0.25,0.25,0.0,0.08333333333333333,0.0
TDPDADKGEFLAEGGGVR,non_amp_negative.csv,0,non_amp,0,18,0.2966666666666667,1,0.3333333333333333,0.4,0.1,0.2222222222222222,0.05555555555555555
QGGAPWNPIPP,non_amp_negative.csv,0,non_amp,0,11,0.39999999999999997,2,0.3333333333333333,0.3333333333333333,0.6666666666666666,0.18181818181818182,0.36363636363636365
LRDYANRVINGGPVEAAGPPA,non_amp_negative.csv,0,non_amp,0,21,0.2857142857142857,2,0.2857142857142857,0.3333333333333333,0.25,0.14285714285714285,0.14285714285714285
RMAGRNRTEFYKLLSRHELDANDFKE,non_amp_negative.csv,0,non_amp,0,26,0.09097222222222222,0,0.1111111111111111,0.125,0.0,0.038461538461538464,0.0
DTEGRMKKEHYH,non_amp_negative.csv,0,non_amp,0,12,0.2,0,0.25,0.25,0.0,0.08333333333333333,0.0
MGDCGCSGASSCNCGSGCSCSNCGSK,non_amp_negative.csv,0,non_amp,1,26,0.3638888888888889,1,0.4444444444444444,0.5,0.0,0.23076923076923078,0.0
NPVVRITNGAIRGQN,non_amp_negative.csv,0,non_amp,0,15,0.18000000000000002,0,0.2,0.2,0.1,0.13333333333333333,0.06666666666666667
GDRNFLRF,non_amp_negative.csv,0,non_amp,0,8,0.2916666666666667,0,0.3333333333333333,0.5,0.0,0.125,0.0
QSSFHSWG,non_amp_negative.csv,0,non_amp,0,8,0.21666666666666667,1,0.3333333333333333,0.0,0.0,0.125,0.0
MTRCISKKMLLEVDALSLIYSPHLYMS,non_amp_negative.csv,0,non_amp,0,27,0.0125,1,0.0,0.0,0.0625,0.0,0.037037037037037035
SETGNTVTVKGFSPLR,non_amp_negative.csv,0,non_amp,0,16,0.16,1,0.2,0.2,0.0,0.125,0.0625
NLIQFANMIGCANHGSR,non_amp_negative.csv,0,non_amp,0,17,0.16,2,0.2,0.2,0.0,0.11764705882352941,0.0
AGEGLSSPFWSLAAPQRF,non_amp_negative.csv,0,non_amp,0,18,0.16666666666666666,0,0.16666666666666666,0.16666666666666666,0.16666666666666666,0.1111111111111111,0.1111111111111111
EELRPEVLPDVSE,non_amp_negative.csv,0,non_amp,0,13,0.05,0,0.0,0.0,0.25,0.0,0.15384615384615385
EDSLSDWERVYLPIDPGVVL,non_amp_negative.csv,0,non_amp,0,20,0.15119047619047618,1,0.14285714285714285,0.16666666666666666,0.16666666666666666,0.05,0.1
DVSLPAEGFR,non_amp_negative.csv,0,non_amp,0,10,0.26666666666666666,1,0.3333333333333333,0.3333333333333333,0.0,0.1,0.1
LAAGKVEDSD,non_amp_negative.csv,0,non_amp,0,10,0.2125,0,0.25,0.3333333333333333,0.0,0.1,0.0
AYTVTLYLQG,non_amp_negative.csv,0,non_amp,0,10,0.1625,0,0.25,0.0,0.0,0.1,0.0
NYTIGNDNVLTEPLSEIKTAGLMYKMGVQ,non_amp_negative.csv,0,non_amp,0,29,0.18888888888888886,2,0.2222222222222222,0.2222222222222222,0.05555555555555555,0.10344827586206896,0.034482758620689655
RCCGYKMCHPC,non_amp_negative.csv,0,non_amp,1,11,0.2125,0,0.25,0.3333333333333333,0.0,0.09090909090909091,0.09090909090909091
MKLAILGAGCYRTDAASGI,non_amp_negative.csv,0,non_amp,0,19,0.24666666666666667,2,0.3333333333333333,0.2,0.0,0.15789473684210525,0.0
SSEAAPEEKVAILGA,non_amp_negative.csv,0,non_amp,0,15,0.155,1,0.2,0.0,0.125,0.06666666666666667,0.06666666666666667
TYKKPPFNGSIF,non_amp_negative.csv,0,non_amp,0,12,0.24583333333333332,2,0.25,0.3333333333333333,0.16666666666666666,0.08333333333333333,0.16666666666666666
GCCSDPRCRYRC,non_amp_negative.csv,0,non_amp,1,12,0.225,0,0.25,0.25,0.125,0.08333333333333333,0.08333333333333333
SDIGISEPNFLRF,non_amp_negative.csv,0,non_amp,0,13,0.1925,0,0.2,0.25,0.125,0.07692307692307693,0.07692307692307693
RICLNQQSSEPQTTEICPDGEDTCY,non_amp_negative.csv,0,non_amp,1,25,0.1125,1,0.125,0.125,0.0625,0.04,0.08
SYFVAAAQLL,non_amp_negative.csv,0,non_amp,1,10,0.0,0,0.0,0.0,0.0,0.0,0.0
MINGWTGNILRINLTTGAIS,non_amp_negative.csv,0,non_amp,0,20,0.2357142857142857,0,0.2857142857142857,0.3333333333333333,0.0,0.15,0.0
NLINFMEMIRYTIP,non_amp_negative.csv,0,non_amp,0,14,0.025,2,0.0,0.0,0.125,0.0,0.07142857142857142
RDWRREQERRQERR,non_amp_negative.csv,0,non_amp,0,14,0.0,0,0.0,0.0,0.0,0.0,0.0
PDMYAFGL,non_amp_negative.csv,0,non_amp,0,8,0.21666666666666667,0,0.3333333333333333,0.0,0.0,0.125,0.125
VDTVVRKNVDSL,non_amp_negative.csv,0,non_amp,0,12,0.0,0,0.0,0.0,0.0,0.0,0.0
GTQTNAPWGLARLIS,non_amp_negative.csv,0,non_amp,0,15,0.1925,2,0.2,0.25,0.125,0.13333333333333333,0.06666666666666667
DCPSDWSNHEGHCYRVFNEWMNWAD,non_amp_negative.csv,0,non_amp,0,25,0.1125,1,0.125,0.125,0.0625,0.04,0.04
FVPFFTQSDIQKMQEKERNKGQ,non_amp_negative.csv,0,non_amp,0,22,0.09285714285714286,2,0.14285714285714285,0.0,0.0,0.045454545454545456,0.045454545454545456
TPTHDFMRF,non_amp_negative.csv,0,non_amp,0,9,0.03333333333333333,0,0.0,0.0,0.16666666666666666,0.0,0.1111111111111111
GKTKGVTSGLIAFPRL,non_amp_negative.csv,0,non_amp,0,16,0.1925,2,0.2,0.25,0.125,0.1875,0.0625
TQSTGTSQTVEVGLWGGPDN,non_amp_negative.csv,0,non_amp,0,20,0.2523809523809524,0,0.2857142857142857,0.3333333333333333,0.08333333333333333,0.2,0.05
LSIEYVTFSELNRAH,non_amp_negative.csv,0,non_amp,0,15,0.0,0,0.0,0.0,0.0,0.0,0.0
CLITNCPRG,non_amp_negative.csv,0,non_amp,0,9,0.26666666666666666,2,0.3333333333333333,0.0,0.25,0.1111111111111111,0.1111111111111111
NPVDDHHDDHHDAPIVEHHD,non_amp_negative.csv,0,non_amp,0,20,0.03333333333333333,0,0.0,0.0,0.16666666666666666,0.0,0.1
SDPNFLRF,non_amp_negative.csv,0,non_amp,0,8,0.05,0,0.0,0.0,0.25,0.0,0.125
AGQDGFMRF,non_amp_negative.csv,0,non_amp,0,9,0.5833333333333334,1,0.6666666666666666,1.0,0.0,0.2222222222222222,0.0
SPCTCSTCNCAGACNSCSCTSCSH,non_amp_negative.csv,0,non_amp,1,24,0.10267857142857142,2,0.125,0.14285714285714285,0.0,0.041666666666666664,0.041666666666666664
MNILHICVTSKWFNIDNKIVDHRP,non_amp_negative.csv,0,non_amp,0,24,0.0125,0,0.0,0.0,0.0625,0.0,0.041666666666666664
HSDGTFTSELSRLRESARLQRLLQGLV,non_amp_negative.csv,0,non_amp,0,27,0.17777777777777776,0,0.2222222222222222,0.2222222222222222,0.0,0.07407407407407407,0.0
AGVDPAIPAYVKTNG,non_amp_negative.csv,0,non_amp,0,15,0.18,2,0.2,0.0,0.25,0.13333333333333333,0.13333333333333333
SPAPPACDPRLLNKLLRDDHVLHGRL,non_amp_negative.csv,0,non_amp,0,26,0.125,2,0.125,0.125,0.125,0.038461538461538464,0.15384615384615385
MPSQKSPTKRSPTKRSPQKGGKGAKR,non_amp_negative.csv,0,non_amp,1,26,0.20694444444444443,1,0.2222222222222222,0.25,0.125,0.11538461538461539,0.15384615384615385
GCIGRNESQKKDNVYKFKE,non_amp_negative.csv,0,non_amp,0,19,0.2357142857142857,0,0.2857142857142857,0.3333333333333333,0.0,0.10526315789473684,0.0
SEIPQPSLDFEQFSNMIQCTIPPGEECLAY,non_amp_negative.csv,0,non_amp,0,30,0.11499999999999999,2,0.1,0.1111111111111111,0.16666666666666666,0.03333333333333333,0.13333333333333333
IDPVNVKKLQCDGDTYKCTADLDFGDGR,non_amp_negative.csv,0,non_amp,0,28,0.17444444444444443,0,0.2,0.2222222222222222,0.05555555555555555,0.10714285714285714,0.03571428571428571
MVWLVWKRSTISRKNKKFFKTIFKKN,non_amp_negative.csv,0,non_amp,1,26,0.0,0,0.0,0.0,0.0,0.0,0.0
AHRFAAEDFGALDTA,non_amp_negative.csv,0,non_amp,0,15,0.16,0,0.2,0.2,0.0,0.06666666666666667,0.0
ANQTYFNFQRFEETN,non_amp_negative.csv,0,non_amp,0,15,0.0,0,0.0,0.0,0.0,0.0,0.0
SLVQFEKMIKEVAGKNGVPWY,non_amp_negative.csv,0,non_amp,0,21,0.2523809523809524,1,0.2857142857142857,0.3333333333333333,0.08333333333333333,0.09523809523809523,0.047619047619047616
MEALMAASVAALTI,non_amp_negative.csv,0,non_amp,1,14,0.0,0,0.0,0.0,0.0,0.0,0.0
SPSQDFMRF,non_amp_negative.csv,0,non_amp,0,9,0.03333333333333333,0,0.0,0.0,0.16666666666666666,0.0,0.1111111111111111
MIEIRFHGRGGQGAV,non_amp_negative.csv,0,non_amp,0,15,0.335,1,0.4,0.5,0.0,0.26666666666666666,0.0
AESEAGDASPLVTEVLIGSPPGYVGYTEGG,non_amp_negative.csv,0,non_amp,0,30,0.2505555555555556,2,0.3,0.2222222222222222,0.1111111111111111,0.2,0.1
CEHSHDGA,non_amp_negative.csv,0,non_amp,0,8,0.21666666666666667,0,0.3333333333333333,0.0,0.0,0.125,0.0
PVPDSSFLRDP,non_amp_negative.csv,0,non_amp,0,11,0.03333333333333333,0,0.0,0.0,0.16666666666666666,0.0,0.2727272727272727
DSDSAHLIG,non_amp_negative.csv,0,non_amp,0,9,0.21666666666666667,2,0.3333333333333333,0.0,0.0,0.1111111111111111,0.0
QKKDKKDKF,non_amp_negative.csv,0,non_amp,0,9,0.0,0,0.0,0.0,0.0,0.0,0.0
RRTVKSAPQ,non_amp_negative.csv,0,non_amp,0,9,0.05,2,0.0,0.0,0.25,0.0,0.1111111111111111
VVNTPGHAVSYHVY,non_amp_negative.csv,0,non_amp,0,14,0.225,2,0.25,0.25,0.125,0.07142857142857142,0.07142857142857142
SDTVDIYDAGKILERVII,non_amp_negative.csv,0,non_amp,0,18,0.13333333333333333,0,0.16666666666666666,0.16666666666666666,0.0,0.05555555555555555,0.0
GDVQEGEFIAEGGGVR,non_amp_negative.csv,0,non_amp,0,16,0.335,2,0.4,0.5,0.0,0.3125,0.0
MAKINELLRESTTTNSNSIGR,non_amp_negative.csv,0,non_amp,0,21,0.09285714285714286,1,0.14285714285714285,0.0,0.0,0.047619047619047616,0.0
KKDLTEVTHKVYFDVEIDGKPAGRIVMGLF,non_amp_negative.csv,0,non_amp,0,30,0.17,0,0.2,0.2,0.05,0.1,0.03333333333333333
MAAACRCLSLLLLSTCVALLL,non_amp_negative.csv,0,non_amp,1,21,0.0,0,0.0,0.0,0.0,0.0,0.0
GSNDFMRF,non_amp_negative.csv,0,non_amp,0,8,0.2916666666666667,0,0.3333333333333333,0.5,0.0,0.125,0.0
QVWYDREVTAFVEPG,non_amp_negative.csv,0,non_amp,0,15,0.155,2,0.2,0.0,0.125,0.06666666666666667,0.06666666666666667
AEYPNDVNLTVYWDP,non_amp_negative.csv,0,non_amp,0,15,0.025,1,0.0,0.0,0.125,0.0,0.13333333333333333
KTNESFVILGGSM,non_amp_negative.csv,0,non_amp,0,13,0.2,1,0.25,0.25,0.0,0.15384615384615385,0.0
YKSDSFYGLM,non_amp_negative.csv,0,non_amp,0,10,0.26666666666666666,1,0.3333333333333333,0.3333333333333333,0.0,0.1,0.0
GYEEREVAETVRELDAA,non_amp_negative.csv,0,non_amp,0,17,0.13833333333333334,0,0.16666666666666666,0.2,0.0,0.058823529411764705,0.0
AQLVYKHAISTIMPGQPI,non_amp_negative.csv,0,non_amp,0,18,0.17833333333333334,2,0.16666666666666666,0.2,0.2,0.05555555555555555,0.1111111111111111
EEEDKKEDVGTVVGI,non_amp_negative.csv,0,non_amp,0,15,0.16,0,0.2,0.2,0.0,0.13333333333333333,0.0
NSVVLGKKQRFHSWG,non_amp_negative.csv,0,non_amp,0,15,0.2975,2,0.4,0.25,0.0,0.13333333333333333,0.0
GSSSGLISMPRV,non_amp_negative.csv,0,non_amp,0,12,0.24583333333333332,1,0.25,0.3333333333333333,0.16666666666666666,0.16666666666666666,0.08333333333333333
IYQCMGCCFSRAYPTPARSKKTMLV,non_amp_negative.csv,0,non_amp,1,25,0.13125,2,0.125,0.14285714285714285,0.14285714285714285,0.04,0.08
MDIVNIAWAALMVVSTSSLSPVAWGRSGL,non_amp_negative.csv,0,non_amp,0,29,0.15777777777777777,0,0.2,0.1111111111111111,0.05555555555555555,0.06896551724137931,0.034482758620689655
CKGKGQSCSKLMYDCCTGSCSRRGKC,non_amp_negative.csv,0,non_amp,1,26,0.30000000000000004,2,0.375,0.375,0.0,0.15384615384615385,0.0
SIKEKICKIIEAKIGKKPPFCP,non_amp_negative.csv,0,non_amp,0,22,0.13452380952380952,2,0.14285714285714285,0.16666666666666666,0.08333333333333333,0.045454545454545456,0.13636363636363635
ARKFFVGRNWPEL,non_amp_negative.csv,0,non_amp,0,13,0.1925,0,0.2,0.25,0.125,0.07692307692307693,0.07692307692307693
FIAGLNGLR,non_amp_negative.csv,0,non_amp,0,9,0.5333333333333333,0,0.6666666666666666,0.6666666666666666,0.0,0.2222222222222222,0.0
ADVDFTGIADSIIK,non_amp_negative.csv,0,non_amp,0,14,0.1675,0,0.2,0.25,0.0,0.07142857142857142,0.0
VNSTYIGYAPIDDPK,non_amp_negative.csv,0,non_amp,0,15,0.18000000000000002,0,0.2,0.2,0.1,0.06666666666666667,0.13333333333333333
MDIISLGWVFLMVFFSFSLSLVVWARNGL,non_amp_negative.csv,0,non_amp,0,29,0.14666666666666667,0,0.2,0.1111111111111111,0.0,0.06896551724137931,0.0
GCCSHPACNVNNPHICG,non_amp_negative.csv,0,non_amp,1,17,0.15833333333333335,0,0.16666666666666666,0.2,0.1,0.11764705882352941,0.11764705882352941
LFSLVLAG,non_amp_negative.csv,0,non_amp,1,8,0.21666666666666667,1,0.3333333333333333,0.0,0.0,0.125,0.0
VNQSETPVKHIGKVF,non_amp_negative.csv,0,non_amp,0,15,0.1925,2,0.2,0.25,0.125,0.06666666666666667,0.06666666666666667
LPDSSFLRL,non_amp_negative.csv,0,non_amp,0,9,0.03333333333333333,0,0.0,0.0,0.16666666666666666,0.0,0.1111111111111111
DWTYTTWLWWWWWWT,non_amp_negative.csv,0,non_amp,0,15,0.0,0,0.0,0.0,0.0,0.0,0.0
MVEYLVILSGMFGLALACFFGLRSIKLI,non_amp_negative.csv,0,non_amp,0,28,0.16333333333333333,0,0.2,0.2222222222222222,0.0,0.10714285714285714,0.0
GTGCSSGCHRVGQQCRCG,non_amp_negative.csv,0,non_amp,1,18,0.385,2,0.5,0.4,0.0,0.2777777777777778,0.0
DDIKLSQQYDVLDLFKYMHQ,non_amp_negative.csv,0,non_amp,0,20,0.0,0,0.0,0.0,0.0,0.0,0.0
NSDEQFDDYGYMRF,non_amp_negative.csv,0,non_amp,0,14,0.1675,0,0.2,0.25,0.0,0.07142857142857142,0.0
VLYSPDTKVPR,non_amp_negative.csv,0,non_amp,0,11,0.06666666666666667,2,0.0,0.0,0.3333333333333333,0.0,0.18181818181818182
ARICPRILMKCKKDSDCLAECICQEHGFCG,non_amp_negative.csv,0,non_amp,1,30,0.15777777777777777,2,0.2,0.1111111111111111,0.05555555555555555,0.06666666666666667,0.03333333333333333
MIEEKKELKKR,non_amp_negative.csv,0,non_amp,0,11,0.0,0,0.0,0.0,0.0,0.0,0.0
ADPPIHIASL,non_amp_negative.csv,0,non_amp,0,10,0.06666666666666667,1,0.0,0.0,0.3333333333333333,0.0,0.2
SGQSWRPQGRF,non_amp_negative.csv,0,non_amp,0,11,0.3,2,0.3333333333333333,0.3333333333333333,0.16666666666666666,0.18181818181818182,0.09090909090909091
GRPPGFSPFRID,non_amp_negative.csv,0,non_amp,0,12,0.2791666666666667,1,0.25,0.3333333333333333,0.3333333333333333,0.16666666666666666,0.25
QKKDKKDK,non_amp_negative.csv,0,non_amp,0,8,0.0,0,0.0,0.0,0.0,0.0,0.0
PAASESGFRRDP,non_amp_negative.csv,0,non_amp,0,12,0.225,0,0.25,0.25,0.125,0.08333333333333333,0.16666666666666666
GRCCHPACGKNYSC,non_amp_negative.csv,0,non_amp,1,14,0.2,2,0.25,0.25,0.0,0.14285714285714285,0.07142857142857142
DDCGKLFSGCDTNADCCEGYVCRLWCKLDW,non_amp_negative.csv,0,non_amp,1,30,0.16,0,0.2,0.2,0.0,0.1,0.0
MTYQTAIDAVRELKA,non_amp_negative.csv,0,non_amp,0,15,0.0,0,0.0,0.0,0.0,0.0,0.0
MTKKAVVVLWGISQVEGVVNLLQE,non_amp_negative.csv,0,non_amp,0,24,0.20535714285714285,1,0.25,0.2857142857142857,0.0,0.08333333333333333,0.0
RICPRILMECKADSDCLAQCICEESGFCG,non_amp_negative.csv,0,non_amp,1,29,0.15777777777777777,1,0.2,0.1111111111111111,0.05555555555555555,0.06896551724137931,0.034482758620689655
AKPAKRVAVTGAAGQIAYSLL,non_amp_negative.csv,0,non_amp,0,21,0.2523809523809524,1,0.2857142857142857,0.3333333333333333,0.08333333333333333,0.09523809523809523,0.047619047619047616
AIGPVDEV,non_amp_negative.csv,0,non_amp,0,8,0.45,2,0.5,0.5,0.25,0.125,0.125
MDIVSLTWAALMVVFTFSLSLVVWGRSGL,non_amp_negative.csv,0,non_amp,0,29,0.14666666666666667,0,0.2,0.1111111111111111,0.0,0.06896551724137931,0.0
ECCHPACGKHFSC,non_amp_negative.csv,0,non_amp,1,13,0.2,1,0.25,0.25,0.0,0.07692307692307693,0.07692307692307693
ENFKIKHTEPGLLSMANAGKN,non_amp_negative.csv,0,non_amp,0,21,0.13452380952380952,1,0.14285714285714285,0.16666666666666666,0.08333333333333333,0.09523809523809523,0.047619047619047616
DFFFDFDR,non_amp_negative.csv,0,non_amp,0,8,0.0,0,0.0,0.0,0.0,0.0,0.0
MKAIMLVNFCDERGSGR,non_amp_negative.csv,0,non_amp,0,17,0.13833333333333334,1,0.16666666666666666,0.2,0.0,0.11764705882352941,0.0
VVYTDCTESGQNLCLCE,non_amp_negative.csv,0,non_amp,1,17,0.13833333333333334,0,0.16666666666666666,0.2,0.0,0.058823529411764705,0.0
SGPGFMGVR,non_amp_negative.csv,0,non_amp,0,9,0.5666666666666667,0,0.6666666666666666,0.6666666666666666,0.16666666666666666,0.3333333333333333,0.1111111111111111
SHGKQETDEEFDARWVTYFNKSDI,non_amp_negative.csv,0,non_amp,0,24,0.10267857142857142,2,0.125,0.14285714285714285,0.0,0.041666666666666664,0.0
MAPCSCKSCGTSCAGSCTSCSCGSCSH,non_amp_negative.csv,0,non_amp,1,27,0.10347222222222222,1,0.1111111111111111,0.125,0.0625,0.1111111111111111,0.037037037037037035
TNVKESEFIAEGAAGR,non_amp_negative.csv,0,non_amp,0,16,0.2975,2,0.4,0.25,0.0,0.125,0.0
MAQDIISTISDLVKWIIDTVNKFTKK,non_amp_negative.csv,0,non_amp,0,26,0.0,0,0.0,0.0,0.0,0.0,0.0
DVNGGGHTLPQPLYQTTVVL,non_amp_negative.csv,0,non_amp,0,20,0.15119047619047618,1,0.14285714285714285,0.16666666666666666,0.16666666666666666,0.15,0.1
TTGVGAIAAVVVVVAGLVTG,non_amp_negative.csv,0,non_amp,0,20,0.21071428571428572,1,0.2857142857142857,0.16666666666666666,0.0,0.2,0.0
LTNKTARFLVNGTSIPEVDFDVGE,non_amp_negative.csv,0,non_amp,0,24,0.11696428571428572,2,0.125,0.14285714285714285,0.07142857142857142,0.08333333333333333,0.041666666666666664
ITACLDPDGWKEPGPLPGISTK,non_amp_negative.csv,0,non_amp,0,22,0.2857142857142857,2,0.2857142857142857,0.3333333333333333,0.25,0.13636363636363635,0.18181818181818182
MMKHVIILVILLVISFQAY,non_amp_negative.csv,0,non_amp,1,19,0.0,0,0.0,0.0,0.0,0.0,0.0
ATKGSSDNRVLTGV,non_amp_negative.csv,0,non_amp,0,14,0.2975,0,0.4,0.25,0.0,0.14285714285714285,0.0
KAEEEVEKNKEEAEEEAEKKIAE,non_amp_negative.csv,0,non_amp,0,23,0.0,0,0.0,0.0,0.0,0.0,0.0
CENTISGCSRADCLLTHRKQGCQKTCGLC,non_amp_negative.csv,0,non_amp,1,29,0.17777777777777776,2,0.2222222222222222,0.2222222222222222,0.0,0.10344827586206896,0.0
MLYPLSYMLLWTDSIVEQYKKFYLFRFDL,non_amp_negative.csv,0,non_amp,0,29,0.011111111111111112,1,0.0,0.0,0.05555555555555555,0.0,0.034482758620689655
FTAAAEAEAAAA,non_amp_negative.csv,0,non_amp,1,12,0.0,0,0.0,0.0,0.0,0.0,0.0
QFRPSYQIPP,non_amp_negative.csv,0,non_amp,0,10,0.1,1,0.0,0.0,0.5,0.0,0.3
SFYACTNGCWVKPGGGCQC,non_amp_negative.csv,0,non_amp,1,19,0.2833333333333333,1,0.3333333333333333,0.3333333333333333,0.08333333333333333,0.21052631578947367,0.05263157894736842
NEQSGKSQTVIVGSWGAKVS,non_amp_negative.csv,0,non_amp,0,20,0.2357142857142857,0,0.2857142857142857,0.3333333333333333,0.0,0.15,0.0
QGLFTSDQDLYTDSR,non_amp_negative.csv,0,non_amp,0,15,0.1675,1,0.2,0.25,0.0,0.06666666666666667,0.0
AADDVTVVIGSAAPMSGPQ,non_amp_negative.csv,0,non_amp,0,19,0.15119047619047618,0,0.14285714285714285,0.16666666666666666,0.16666666666666666,0.10526315789473684,0.10526315789473684
APNQPSDNMIRF,non_amp_negative.csv,0,non_amp,0,12,0.05,0,0.0,0.0,0.25,0.0,0.16666666666666666
HYQEVPRQIQEKLIKGQ,non_amp_negative.csv,0,non_amp,0,17,0.12833333333333335,0,0.16666666666666666,0.0,0.1,0.058823529411764705,0.058823529411764705
KSTDFDYNNKKANYD,non_amp_negative.csv,0,non_amp,0,15,0.0,0,0.0,0.0,0.0,0.0,0.0
FPVDEEFQSPFGSRSRGYFLFRPRN,non_amp_negative.csv,0,non_amp,0,25,0.13125,2,0.125,0.14285714285714285,0.14285714285714285,0.08,0.12
ANLFTSDQDLYTDSR,non_amp_negative.csv,0,non_amp,0,15,0.0,0,0.0,0.0,0.0,0.0,0.0
IDVSLLKKVEKAVKINDKKPLKTWS,non_amp_negative.csv,0,non_amp,0,25,0.014285714285714285,2,0.0,0.0,0.07142857142857142,0.0,0.04
VVAAGANPVLITRDLVNVLEDAIR,non_amp_negative.csv,0,non_amp,0,24,0.10267857142857142,1,0.125,0.14285714285714285,0.0,0.041666666666666664,0.041666666666666664
DMDDFGLGDFDDGR,non_amp_negative.csv,0,non_amp,0,14,0.2,2,0.25,0.25,0.0,0.21428571428571427,0.0
FLPILGKILGGLL,non_amp_negative.csv,0,non_amp,0,13,0.225,1,0.25,0.25,0.125,0.23076923076923078,0.07692307692307693
SISAMQFIQR,non_amp_negative.csv,0,non_amp,0,10,0.0,0,0.0,0.0,0.0,0.0,0.0
GAGEALNAKRQQDVNHLLDLIYDHLHY,non_amp_negative.csv,0,non_amp,0,27,0.09097222222222222,2,0.1111111111111111,0.125,0.0,0.07407407407407407,0.0
TEIQSFNFNGFVPEN,non_amp_negative.csv,0,non_amp,0,15,0.16,0,0.2,0.2,0.0,0.06666666666666667,0.06666666666666667
SNSKCPDGPDCFVGLM,non_amp_negative.csv,0,non_amp,0,16,0.36000000000000004,1,0.4,0.4,0.2,0.125,0.125
NIIDVPCRPCYYRDSSGNCVYDQLGCGA,non_amp_negative.csv,0,non_amp,1,28,0.1111111111111111,1,0.1111111111111111,0.1111111111111111,0.1111111111111111,0.10714285714285714,0.07142857142857142
LKCEWDGLVGTRGEIAKETIER,non_amp_negative.csv,0,non_amp,0,22,0.3080357142857143,0,0.375,0.42857142857142855,0.0,0.13636363636363635,0.0
MDILTLGWVSILALFTWSIAMVVWGRNGF,non_amp_negative.csv,0,non_amp,0,29,0.22833333333333333,0,0.3,0.2222222222222222,0.0,0.10344827586206896,0.0
ADGSDPASSEFLAEGGGVR,non_amp_negative.csv,0,non_amp,0,19,0.27666666666666667,2,0.3333333333333333,0.4,0.0,0.21052631578947367,0.05263157894736842
DVNWPLGWPVGGYPG,non_amp_negative.csv,0,non_amp,0,15,0.3475,2,0.4,0.25,0.25,0.26666666666666666,0.2
YIELAVVADHGIFTKYNSNLNTIR,non_amp_negative.csv,0,non_amp,0,24,0.10267857142857142,1,0.125,0.14285714285714285,0.0,0.041666666666666664,0.0
MITDFQVYIALMAALLASVLAIRLGATLYQ,non_amp_negative.csv,0,non_amp,1,30,0.08,0,0.1,0.1,0.0,0.03333333333333333,0.0
QVRYRQCYFNPISCF,non_amp_negative.csv,0,non_amp,0,15,0.025,2,0.0,0.0,0.125,0.0,0.06666666666666667
EVPLDDTGL,non_amp_negative.csv,0,non_amp,0,9,0.26666666666666666,1,0.3333333333333333,0.0,0.25,0.1111111111111111,0.1111111111111111
QGRAPHPPIPPAP,non_amp_negative.csv,0,non_amp,0,13,0.275,1,0.25,0.25,0.375,0.07692307692307693,0.46153846153846156
GTGITEEFEEVPVQSRGFGILDVGYR,non_amp_negative.csv,0,non_amp,0,26,0.2,2,0.25,0.25,0.0,0.19230769230769232,0.038461538461538464
YCQKWLWTCDSERKCCEDMVCRLWCKKRL,non_amp_negative.csv,0,non_amp,1,29,0.0,0,0.0,0.0,0.0,0.0,0.0
ADREPNHFVA,non_amp_negative.csv,0,non_amp,0,10,0.05,2,0.0,0.0,0.25,0.0,0.1
GCIEIGGDCDGYQEKSYCQCCRNNGFCS,non_amp_negative.csv,0,non_amp,1,28,0.245,0,0.3,0.3333333333333333,0.0,0.17857142857142858,0.0
ELPGLPKGEKEQQEAIEHIDEV,non_amp_negative.csv,0,non_amp,0,22,0.14285714285714285,1,0.14285714285714285,0.14285714285714285,0.14285714285714285,0.09090909090909091,0.09090909090909091
NQDCRPGWSFYEQNCYKVF,non_amp_negative.csv,0,non_amp,0,19,0.13452380952380952,0,0.14285714285714285,0.16666666666666666,0.08333333333333333,0.05263157894736842,0.05263157894736842
MHPVLRQMRPQQQAPSQQQPQKALLAP,non_amp_negative.csv,0,non_amp,0,27,0.044444444444444446,0,0.0,0.0,0.2222222222222222,0.0,0.18518518518518517
VVGGDCIPQVPFLAFLYSEYFC,non_amp_negative.csv,0,non_amp,0,22,0.15119047619047618,2,0.14285714285714285,0.16666666666666666,0.16666666666666666,0.09090909090909091,0.09090909090909091
APIVSGGYDF,non_amp_negative.csv,0,non_amp,0,10,0.2916666666666667,2,0.3333333333333333,0.5,0.0,0.2,0.1
MSIADLKSRLIKASTS,non_amp_negative.csv,0,non_amp,0,16,0.0,0,0.0,0.0,0.0,0.0,0.0
ARCEQCPSYCCQSDSPPECDGCE,non_amp_negative.csv,0,non_amp,1,23,0.15714285714285717,2,0.14285714285714285,0.14285714285714285,0.21428571428571427,0.043478260869565216,0.13043478260869565
QNWPHPPMPPAP,non_amp_negative.csv,0,non_amp,0,12,0.16666666666666669,1,0.0,0.0,0.8333333333333334,0.0,0.5
LQLSYRPRVMIMAVMFVFCINKGYDIY,non_amp_negative.csv,0,non_amp,0,27,0.10347222222222222,1,0.1111111111111111,0.125,0.0625,0.037037037037037035,0.037037037037037035
MLKYIYMHLSHKYNHILFTYNTRIIS,non_amp_negative.csv,0,non_amp,0,26,0.0,0,0.0,0.0,0.0,0.0,0.0
MRELIRLVSSAGTGHFYT,non_amp_negative.csv,0,non_amp,0,18,0.13833333333333334,1,0.16666666666666666,0.2,0.0,0.1111111111111111,0.0
MTPRGFSCLLLPTSETDLPVKRRT,non_amp_negative.csv,0,non_amp,0,24,0.1455357142857143,1,0.125,0.14285714285714285,0.21428571428571427,0.041666666666666664,0.125
SPSNSKCPDGPDCFVGLM,non_amp_negative.csv,0,non_amp,0,18,0.31666666666666665,0,0.3333333333333333,0.3333333333333333,0.25,0.1111111111111111,0.16666666666666666
ANQRLPPLSNDPDRCERAFVGNT,non_amp_negative.csv,0,non_amp,0,23,0.1285714285714286,2,0.14285714285714285,0.14285714285714285,0.07142857142857142,0.043478260869565216,0.13043478260869565
AGGTSGLYAFPRV,non_amp_negative.csv,0,non_amp,0,13,0.4583333333333333,2,0.5,0.6666666666666666,0.16666666666666666,0.23076923076923078,0.07692307692307693
ESIVRPPPVEAKVEETPE,non_amp_negative.csv,0,non_amp,0,18,0.06,2,0.0,0.0,0.3,0.0,0.2222222222222222
SKQCCHLAACRFGCTPCCW,non_amp_negative.csv,0,non_amp,1,19,0.11785714285714285,0,0.14285714285714285,0.16666666666666666,0.0,0.05263157894736842,0.05263157894736842
MNRVQFNHHHHHHPD,non_amp_negative.csv,0,non_amp,0,15,0.025,2,0.0,0.0,0.125,0.0,0.06666666666666667
RPEEIGAGDQGHMFG,non_amp_negative.csv,0,non_amp,0,15,0.335,1,0.4,0.5,0.0,0.26666666666666666,0.06666666666666667
SLFELGKMILQETGKNPAQSYGAYGCNC,non_amp_negative.csv,0,non_amp,0,28,0.17444444444444443,0,0.2,0.2222222222222222,0.05555555555555555,0.14285714285714285,0.03571428571428571
ECCTHAHCSQGCRPCC,non_amp_negative.csv,0,non_amp,1,16,0.16,1,0.2,0.2,0.0,0.0625,0.0625
MDIVSLAWAVLMVVFTFSLSLVVWGRSGL,non_amp_negative.csv,0,non_amp,0,29,0.14666666666666667,0,0.2,0.1111111111111111,0.0,0.06896551724137931,0.0
DFPIANGERQSPVDIDTKAVVQDPA,non_amp_negative.csv,0,non_amp,0,25,0.1284722222222222,0,0.1111111111111111,0.125,0.1875,0.04,0.12
KKCADIDQDCKTSCDCCE,non_amp_negative.csv,0,non_amp,1,18,0.0,0,0.0,0.0,0.0,0.0,0.0
NLYQFGGMIGCANKGTRSWLSYVNYGCYCG,non_amp_negative.csv,0,non_amp,1,30,0.22833333333333333,2,0.3,0.2222222222222222,0.0,0.2,0.0
GVVDSAIDAETR,non_amp_negative.csv,0,non_amp,0,12,0.2,0,0.25,0.25,0.0,0.08333333333333333,0.0
CCGIPNAACHPCVCTGKC,non_amp_negative.csv,0,non_amp,1,18,0.17833333333333334,2,0.16666666666666666,0.2,0.2,0.1111111111111111,0.1111111111111111
FTLTNSDVLE,non_amp_negative.csv,0,non_amp,0,10,0.0,0,0.0,0.0,0.0,0.0,0.0
MADAAVHGHGDHHDTRGFFTRWFMS,non_amp_negative.csv,0,non_amp,0,25,0.2,1,0.25,0.25,0.0,0.12,0.0
MTDAQVFTILAIALVPAVMALLLGSALARS,non_amp_negative.csv,0,non_amp,0,30,0.09277777777777778,2,0.1,0.1111111111111111,0.05555555555555555,0.03333333333333333,0.03333333333333333
NDWRNAMYPVVPGHE,non_amp_negative.csv,0,non_amp,0,15,0.2,0,0.2,0.2,0.2,0.06666666666666667,0.13333333333333333
QSAPGNEAIPP,non_amp_negative.csv,0,non_amp,0,11,0.2791666666666667,1,0.25,0.3333333333333333,0.3333333333333333,0.09090909090909091,0.2727272727272727
SGSAKVAFSAIRSTNH,non_amp_negative.csv,0,non_amp,0,16,0.16,1,0.2,0.2,0.0,0.0625,0.0
APASGFFGMR,non_amp_negative.csv,0,non_amp,0,10,0.5333333333333333,1,0.6666666666666666,0.6666666666666666,0.0,0.2,0.1
NYPTQDSTMDKTFANNL,non_amp_negative.csv,0,non_amp,0,17,0.020000000000000004,0,0.0,0.0,0.1,0.0,0.058823529411764705
MCLGVPIKLSKLMKILFNLPQ,non_amp_negative.csv,0,non_amp,0,21,0.14285714285714285,0,0.14285714285714285,0.14285714285714285,0.14285714285714285,0.047619047619047616,0.09523809523809523
KPRPGQFFGLM,non_amp_negative.csv,0,non_amp,0,11,0.3,2,0.3333333333333333,0.3333333333333333,0.16666666666666666,0.18181818181818182,0.18181818181818182
GCKLTFWKCKNKKECCGWNACALGICMPR,non_amp_negative.csv,0,non_amp,1,29,0.09999999999999999,2,0.1111111111111111,0.1111111111111111,0.05555555555555555,0.10344827586206896,0.034482758620689655
GGCCSYPPCAVSNPQHC,non_amp_negative.csv,0,non_amp,1,17,0.17833333333333334,0,0.16666666666666666,0.2,0.2,0.11764705882352941,0.17647058823529413
MWTKPAYTDLRIGFEVTMYFASR,non_amp_negative.csv,0,non_amp,0,23,0.11696428571428572,0,0.125,0.14285714285714285,0.07142857142857142,0.043478260869565216,0.043478260869565216
MNKNELVSAVAERAGL,non_amp_negative.csv,0,non_amp,0,16,0.13,2,0.2,0.0,0.0,0.0625,0.0
LAGLDTAIILIAFIITASVLAYV,non_amp_negative.csv,0,non_amp,1,23,0.11428571428571428,2,0.14285714285714285,0.14285714285714285,0.0,0.043478260869565216,0.0
MGTTTMGVKLDDATRERIKSAASRID,non_amp_negative.csv,0,non_amp,0,26,0.09097222222222222,0,0.1111111111111111,0.125,0.0,0.07692307692307693,0.0
AMRNALVRF,non_amp_negative.csv,0,non_amp,0,9,0.0,0,0.0,0.0,0.0,0.0,0.0
AVPDKIDRRESGYV,non_amp_negative.csv,0,non_amp,0,14,0.2,2,0.25,0.25,0.0,0.07142857142857142,0.07142857142857142
GFKNVQLSTARGF,non_amp_negative.csv,0,non_amp,0,13,0.1675,0,0.2,0.25,0.0,0.15384615384615385,0.0
AVSLVLPQLK,non_amp_negative.csv,0,non_amp,0,10,0.05,2,0.0,0.0,0.25,0.0,0.1
VGEAFWSAEEQK,non_amp_negative.csv,0,non_amp,0,12,0.2125,1,0.25,0.3333333333333333,0.0,0.08333333333333333,0.0
VEIIANDQGNR,non_amp_negative.csv,0,non_amp,0,11,0.26666666666666666,2,0.3333333333333333,0.3333333333333333,0.0,0.09090909090909091,0.0
FYAGLILTLVNTFPYNISPASS,non_amp_negative.csv,0,non_amp,0,22,0.11696428571428572,0,0.125,0.14285714285714285,0.07142857142857142,0.045454545454545456,0.09090909090909091
EWEEWLLA,non_amp_negative.csv,0,non_amp,0,8,0.0,0,0.0,0.0,0.0,0.0,0.0
MALKAVCVLKGAGETSGTVHFEQEDN,non_amp_negative.csv,0,non_amp,0,26,0.18194444444444444,1,0.2222222222222222,0.25,0.0,0.11538461538461539,0.0
MKIKFVFDLLTPDDILHPSNHVNLIIRPI,non_amp_negative.csv,0,non_amp,0,29,0.03333333333333333,1,0.0,0.0,0.16666666666666666,0.0,0.10344827586206896
KRTLEGTKRKSIRKSGFRARMATK,non_amp_negative.csv,0,non_amp,1,24,0.10267857142857142,2,0.125,0.14285714285714285,0.0,0.08333333333333333,0.0
QLTFTPGW,non_amp_negative.csv,0,non_amp,0,8,0.26666666666666666,0,0.3333333333333333,0.0,0.25,0.125,0.125
KPNPERFYAPM,non_amp_negative.csv,0,non_amp,0,11,0.06666666666666667,1,0.0,0.0,0.3333333333333333,0.0,0.2727272727272727
AEVQDKGEFLAEGGGVR,non_amp_negative.csv,0,non_amp,0,17,0.27666666666666667,0,0.3333333333333333,0.4,0.0,0.23529411764705882,0.0
QGYGFNEPEQTRNQGGSSWEAP,non_amp_negative.csv,0,non_amp,0,22,0.21964285714285714,0,0.25,0.2857142857142857,0.07142857142857142,0.18181818181818182,0.09090909090909091
RDVAVGSFLPPS,non_amp_negative.csv,0,non_amp,0,12,0.2791666666666667,2,0.25,0.3333333333333333,0.3333333333333333,0.08333333333333333,0.16666666666666666
FLPLLILGSLLMTPPVIQAIHDAQR,non_amp_negative.csv,0,non_amp,0,25,0.125,1,0.125,0.125,0.125,0.04,0.12
DTHKSEIAHR,non_amp_negative.csv,0,non_amp,0,10,0.0,0,0.0,0.0,0.0,0.0,0.0
TEFGPSQPFKGAK,non_amp_negative.csv,0,non_amp,0,13,0.2175,0,0.2,0.25,0.25,0.15384615384615385,0.15384615384615385
DQAAGVAAIIEIDNIFSESEVISK,non_amp_negative.csv,0,non_amp,0,24,0.10267857142857142,1,0.125,0.14285714285714285,0.0,0.041666666666666664,0.0
TVKVTVTGAAGQIGYALLFR,non_amp_negative.csv,0,non_amp,0,20,0.3535714285714286,1,0.42857142857142855,0.5,0.0,0.15,0.0
VLDIYEQKLGQTRVLDIYEQK,non_amp_negative.csv,0,non_amp,0,21,0.11428571428571428,0,0.14285714285714285,0.14285714285714285,0.0,0.047619047619047616,0.0
MPVCTSRSLQGGKVDTHFPLHVLHSVACDV,non_amp_negative.csv,0,non_amp,0,30,0.09277777777777778,1,0.1,0.1111111111111111,0.05555555555555555,0.06666666666666667,0.06666666666666667
APSMGFQGMR,non_amp_negative.csv,0,non_amp,0,10,0.5333333333333333,1,0.6666666666666666,0.6666666666666666,0.0,0.2,0.1
SLGSPAVAEPAVIAE,non_amp_negative.csv,0,non_amp,0,15,0.2175,2,0.2,0.25,0.25,0.06666666666666667,0.13333333333333333
MTKDEPLEGNVGVLT,non_amp_negative.csv,0,non_amp,0,15,0.335,2,0.4,0.5,0.0,0.13333333333333333,0.06666666666666667
LECNKLVDIAYITCPAGKNL,non_amp_negative.csv,0,non_amp,0,20,0.13452380952380952,1,0.14285714285714285,0.16666666666666666,0.08333333333333333,0.05,0.05
GLLSGLGL,non_amp_negative.csv,0,non_amp,0,8,0.5083333333333333,0,0.6666666666666666,0.5,0.0,0.375,0.0
MGEVFAGGFALLVVLFILLIIIGASWLY,non_amp_negative.csv,0,non_amp,1,28,0.26666666666666666,1,0.3333333333333333,0.3333333333333333,0.0,0.14285714285714285,0.0
FENKVPEKQKLFQEDNGIPVVLKGGVADA,non_amp_negative.csv,0,non_amp,0,29,0.10388888888888889,1,0.1,0.1111111111111111,0.1111111111111111,0.10344827586206896,0.06896551724137931
GAVGEIQILLNNIASQLNGDQKKADKV,non_amp_negative.csv,0,non_amp,0,27,0.26666666666666666,0,0.3333333333333333,0.3333333333333333,0.0,0.1111111111111111,0.0
FCCPFIRYCCW,non_amp_negative.csv,0,non_amp,1,11,0.03333333333333333,1,0.0,0.0,0.16666666666666666,0.0,0.09090909090909091
AKELLDSDGIILRNGANYYI,non_amp_negative.csv,0,non_amp,0,20,0.26666666666666666,2,0.3333333333333333,0.3333333333333333,0.0,0.1,0.0
QPPGGSKVILF,non_amp_negative.csv,0,non_amp,0,11,0.2791666666666667,0,0.25,0.3333333333333333,0.3333333333333333,0.18181818181818182,0.18181818181818182
DCIPGGENCDVFRPYRCCSGYCILLLCA,non_amp_negative.csv,0,non_amp,1,28,0.18888888888888886,1,0.2222222222222222,0.2222222222222222,0.05555555555555555,0.10714285714285714,0.07142857142857142
ALCNCNRIIIPHMCWKKCGKK,non_amp_negative.csv,0,non_amp,1,21,0.1285714285714286,0,0.14285714285714285,0.14285714285714285,0.07142857142857142,0.047619047619047616,0.047619047619047616
SLGSGGSL,non_amp_negative.csv,0,non_amp,0,8,0.8,2,1.0,1.0,0.0,0.375,0.0
MAIIIGLEFAQLPMSFGAKYE,non_amp_negative.csv,0,non_amp,0,21,0.13452380952380952,1,0.14285714285714285,0.16666666666666666,0.08333333333333333,0.09523809523809523,0.047619047619047616
NIVDVPCRDDYYRDSDGNCVCCKFGGA,non_amp_negative.csv,0,non_amp,1,27,0.17569444444444443,1,0.2222222222222222,0.125,0.0625,0.1111111111111111,0.037037037037037035
DFKCPSEWYAYDQHCYRIIN,non_amp_negative.csv,0,non_amp,0,20,0.016666666666666666,0,0.0,0.0,0.08333333333333333,0.0,0.05
SDCACLHALGHVAR,non_amp_negative.csv,0,non_amp,0,14,0.1675,0,0.2,0.25,0.0,0.07142857142857142,0.0
FHGGSWYRFPWGY,non_amp_negative.csv,0,non_amp,0,13,0.4083333333333333,2,0.5,0.3333333333333333,0.16666666666666666,0.23076923076923078,0.07692307692307693
GCCGVPSCMAGCRPCC,non_amp_negative.csv,0,non_amp,1,16,0.3166666666666667,0,0.3333333333333333,0.4,0.2,0.1875,0.125
AMAGTATVQGQGTR,non_amp_negative.csv,0,non_amp,0,14,0.335,0,0.4,0.5,0.0,0.21428571428571427,0.0
PGQDFMRF,non_amp_negative.csv,0,non_amp,0,8,0.2916666666666667,1,0.3333333333333333,0.5,0.0,0.125,0.125
MTINFVFGFHIVTLSICQSF,non_amp_negative.csv,0,non_amp,0,20,0.11785714285714285,1,0.14285714285714285,0.16666666666666666,0.0,0.05,0.0
EEQIKSSKE,non_amp_negative.csv,0,non_amp,0,9,0.0,0,0.0,0.0,0.0,0.0,0.0
DPCCGYRMCVPC,non_amp_negative.csv,0,non_amp,1,12,0.2125,1,0.25,0.3333333333333333,0.0,0.08333333333333333,0.16666666666666666
TSAEVPATAQGVTHALEGTQ,non_amp_negative.csv,0,non_amp,0,20,0.13452380952380952,1,0.14285714285714285,0.16666666666666666,0.08333333333333333,0.1,0.05
AFQTSFVFQRFYETN,non_amp_negative.csv,0,non_amp,0,15,0.0,0,0.0,0.0,0.0,0.0,0.0
LLAFGLDARILLL,non_amp_negative.csv,0,non_amp,1,13,0.2,1,0.25,0.25,0.0,0.07692307692307693,0.0
LVSGCADLTALAAR,non_amp_negative.csv,0,non_amp,0,14,0.1675,0,0.2,0.25,0.0,0.07142857142857142,0.0
FLPKSLFTLVTDKSL,non_amp_negative.csv,0,non_amp,0,15,0.025,1,0.0,0.0,0.125,0.0,0.06666666666666667
LNPFRWMINKYREWKNKKN,non_amp_negative.csv,0,non_amp,0,19,0.016666666666666666,0,0.0,0.0,0.08333333333333333,0.0,0.05263157894736842
MQWTKPAFTDLRIGFEVTMYFEAR,non_amp_negative.csv,0,non_amp,0,24,0.11696428571428572,1,0.125,0.14285714285714285,0.07142857142857142,0.041666666666666664,0.041666666666666664
MDILTLGWVSVLVLFTWSISMVVWGRNGF,non_amp_negative.csv,0,non_amp,0,29,0.22833333333333333,0,0.3,0.2222222222222222,0.0,0.10344827586206896,0.0
MPIAQIHILEGRSDE,non_amp_negative.csv,0,non_amp,0,15,0.1675,1,0.2,0.25,0.0,0.06666666666666667,0.06666666666666667
IRCQGSNQCYGHCREKTGCPNGKCID,non_amp_negative.csv,0,non_amp,1,26,0.18194444444444444,1,0.2222222222222222,0.25,0.0,0.15384615384615385,0.038461538461538464
QGRPPRPHIPP,non_amp_negative.csv,0,non_amp,0,11,0.3125,1,0.25,0.3333333333333333,0.5,0.09090909090909091,0.45454545454545453
SGLQLLDLSNNREVEML,non_amp_negative.csv,0,non_amp,0,17,0.13833333333333334,1,0.16666666666666666,0.2,0.0,0.058823529411764705,0.0
EAGEECDCGTPENPCCDAAT,non_amp_negative.csv,0,non_amp,1,20,0.3,2,0.3333333333333333,0.3333333333333333,0.16666666666666666,0.1,0.1
MADAEDIQPLVCD,non_amp_negative.csv,0,non_amp,0,13,0.025,0,0.0,0.0,0.125,0.0,0.07692307692307693
SFSVNPAVEILQHRYMEKVAQNNRNFLNRV,non_amp_negative.csv,0,non_amp,0,30,0.011111111111111112,1,0.0,0.0,0.05555555555555555,0.0,0.03333333333333333
ALKCQGWVDYCNGNVECCNECVMY,non_amp_negative.csv,0,non_amp,1,24,0.10267857142857142,2,0.125,0.14285714285714285,0.0,0.08333333333333333,0.0
SLRKMHALGET,non_amp_negative.csv,0,non_amp,0,11,0.26666666666666666,2,0.3333333333333333,0.3333333333333333,0.0,0.09090909090909091,0.0
TKSPDCGGILSPSGLSYFA,non_amp_negative.csv,0,non_amp,0,19,0.3,1,0.3333333333333333,0.3333333333333333,0.16666666666666666,0.15789473684210525,0.10526315789473684
AKEKEVTFQ,non_amp_negative.csv,0,non_amp,0,9,0.0,0,0.0,0.0,0.0,0.0,0.0
CYFRNCPIG,non_amp_negative.csv,0,non_amp,0,9,0.26666666666666666,2,0.3333333333333333,0.0,0.25,0.1111111111111111,0.1111111111111111
YSSQLAQVQGLIGNVESQLAEIR,non_amp_negative.csv,0,non_amp,0,23,0.20535714285714285,0,0.25,0.2857142857142857,0.0,0.08695652173913043,0.0
AEPLASQLKEPIAGGGWWAA,non_amp_negative.csv,0,non_amp,0,20,0.15119047619047618,0,0.14285714285714285,0.16666666666666666,0.16666666666666666,0.15,0.1
AAAAPPRRGPSGPDA,non_amp_negative.csv,0,non_amp,0,15,0.41000000000000003,2,0.4,0.5,0.375,0.13333333333333333,0.26666666666666666
GDTRRQIL,non_amp_negative.csv,0,non_amp,0,8,0.2916666666666667,0,0.3333333333333333,0.5,0.0,0.125,0.0
PYIGLLGTVMGIMLTFMDLG,non_amp_negative.csv,0,non_amp,0,20,0.2357142857142857,0,0.2857142857142857,0.3333333333333333,0.0,0.2,0.05
MLMPKRVKYRREHRGRMKGRAKAVRI,non_amp_negative.csv,0,non_amp,1,26,0.1125,2,0.125,0.125,0.0625,0.07692307692307693,0.038461538461538464
TKTEGSFLAEGGGVR,non_amp_negative.csv,0,non_amp,0,15,0.335,1,0.4,0.5,0.0,0.26666666666666666,0.0
ERRCPRILKQCKRDSDCPGECICMAHGFCG,non_amp_negative.csv,0,non_amp,1,30,0.15777777777777777,2,0.2,0.1111111111111111,0.05555555555555555,0.1,0.06666666666666667
MRNYSFGL,non_amp_negative.csv,0,non_amp,0,8,0.21666666666666667,0,0.3333333333333333,0.0,0.0,0.125,0.0
NNRSPQLRLRF,non_amp_negative.csv,0,non_amp,0,11,0.03333333333333333,0,0.0,0.0,0.16666666666666666,0.0,0.09090909090909091
AYSYVSEYKRLPVYNFGL,non_amp_negative.csv,0,non_amp,0,18,0.12833333333333335,1,0.16666666666666666,0.0,0.1,0.05555555555555555,0.05555555555555555
CCAIRLCNVYLCGSCCP,non_amp_negative.csv,0,non_amp,1,17,0.13833333333333334,0,0.16666666666666666,0.2,0.0,0.058823529411764705,0.058823529411764705
QVNFSPGWGT,non_amp_negative.csv,0,non_amp,0,10,0.24583333333333332,0,0.25,0.3333333333333333,0.16666666666666666,0.2,0.1
TLMLEIDF,non_amp_negative.csv,0,non_amp,0,8,0.0,0,0.0,0.0,0.0,0.0,0.0
MITDSQVFIGLVIALVPAILAFKLGLSLYE,non_amp_negative.csv,0,non_amp,0,30,0.17,0,0.2,0.2,0.05,0.06666666666666667,0.03333333333333333
AKGLNKILEKVGEEA,non_amp_negative.csv,0,non_amp,0,15,0.335,2,0.4,0.5,0.0,0.13333333333333333,0.0
ITCCTRGTCAQHC,non_amp_negative.csv,0,non_amp,1,13,0.1675,0,0.2,0.25,0.0,0.07692307692307693,0.0
MNEAKSLFTTFLILAFLLFLLYAFYEAAF,non_amp_negative.csv,0,non_amp,1,29,0.0,0,0.0,0.0,0.0,0.0,0.0
DRPYSFGL,non_amp_negative.csv,0,non_amp,0,8,0.26666666666666666,0,0.3333333333333333,0.0,0.25,0.125,0.125
FKSLTKYSPGRQN,non_amp_negative.csv,0,non_amp,0,13,0.1925,0,0.2,0.25,0.125,0.07692307692307693,0.07692307692307693
NCCPIDEESCCS,non_amp_negative.csv,0,non_amp,1,12,0.03333333333333333,1,0.0,0.0,0.16666666666666666,0.0,0.08333333333333333
AYGEGANVFGKRKETDQFFEISGDGWSGKL,non_amp_negative.csv,0,non_amp,0,30,0.24,0,0.3,0.3,0.0,0.2,0.0
SGETSGEGNGMWFGPRL,non_amp_negative.csv,0,non_amp,0,17,0.43500000000000005,1,0.5,0.6,0.1,0.29411764705882354,0.058823529411764705
NLLQIGIMKRCANKRRRPVFHYRDYGCYC,non_amp_negative.csv,0,non_amp,1,29,0.09277777777777778,1,0.1,0.1111111111111111,0.05555555555555555,0.06896551724137931,0.034482758620689655
PTHIKWGD,non_amp_negative.csv,0,non_amp,0,8,0.21666666666666667,0,0.3333333333333333,0.0,0.0,0.125,0.125
HLLQFNKMIKFETRKNAIPFYAF,non_amp_negative.csv,0,non_amp,0,23,0.014285714285714285,1,0.0,0.0,0.07142857142857142,0.0,0.043478260869565216
MDIVSIGWAALMVVFTFSLSLVVWGRSGL,non_amp_negative.csv,0,non_amp,0,29,0.22833333333333333,0,0.3,0.2222222222222222,0.0,0.10344827586206896,0.0
ALPTYTPESPADATR,non_amp_negative.csv,0,non_amp,0,15,0.07500000000000001,1,0.0,0.0,0.375,0.0,0.2
AGDTSSEAKGMWFGPRL,non_amp_negative.csv,0,non_amp,0,17,0.2966666666666667,1,0.3333333333333333,0.4,0.1,0.17647058823529413,0.058823529411764705
AFEIINDIK,non_amp_negative.csv,0,non_amp,0,9,0.0,0,0.0,0.0,0.0,0.0,0.0
DQPGDVKTHKQYDVNYLFFKI,non_amp_negative.csv,0,non_amp,0,21,0.1285714285714286,0,0.14285714285714285,0.14285714285714285,0.07142857142857142,0.047619047619047616,0.047619047619047616
MRYISLNTTIITTTETTGYGAG,non_amp_negative.csv,0,non_amp,0,22,0.11785714285714285,2,0.14285714285714285,0.16666666666666666,0.0,0.13636363636363635,0.0
SGGEMSNMGHSMEE,non_amp_negative.csv,0,non_amp,0,14,0.4,2,0.5,0.5,0.0,0.21428571428571427,0.0
KKCLTKYSAGLQTSQTCPAGQKICFKKW,non_amp_negative.csv,0,non_amp,1,28,0.09999999999999999,1,0.1111111111111111,0.1111111111111111,0.05555555555555555,0.07142857142857142,0.03571428571428571
KCGVSIPYKISPSTDCSSVK,non_amp_negative.csv,0,non_amp,0,20,0.15,2,0.16666666666666666,0.16666666666666666,0.08333333333333333,0.05,0.1
DPLNEERRANRYGFGL,non_amp_negative.csv,0,non_amp,0,16,0.15833333333333335,0,0.16666666666666666,0.2,0.1,0.125,0.0625
ENFAVGCTPGYQRTADGRCKPTF,non_amp_negative.csv,0,non_amp,0,23,0.13125,0,0.125,0.14285714285714285,0.14285714285714285,0.13043478260869565,0.08695652173913043
MFSKLAQSSIKAMF,non_amp_negative.csv,0,non_amp,0,14,0.0,0,0.0,0.0,0.0,0.0,0.0
MLKLHGFSVSNYYNMVKLALLEKG,non_amp_negative.csv,0,non_amp,0,24,0.18392857142857144,2,0.25,0.14285714285714285,0.0,0.08333333333333333,0.0
CCGVPNAACHPCVCKNTC,non_amp_negative.csv,0,non_amp,1,18,0.17833333333333334,2,0.16666666666666666,0.2,0.2,0.05555555555555555,0.1111111111111111
SVAVAGAVIEGASLTFNVLQ,non_amp_negative.csv,0,non_amp,0,20,0.13333333333333333,2,0.16666666666666666,0.16666666666666666,0.0,0.1,0.0
LPVYNFGL,non_amp_negative.csv,0,non_amp,0,8,0.26666666666666666,0,0.3333333333333333,0.0,0.25,0.125,0.125
IVPFLGPLLGLLT,non_amp_negative.csv,0,non_amp,0,13,0.24583333333333332,2,0.25,0.3333333333333333,0.16666666666666666,0.15384615384615385,0.15384615384615385
GVPSVSTVNVAQKQHDVNFLLFKVYI,non_amp_negative.csv,0,non_amp,0,26,0.10347222222222222,0,0.1111111111111111,0.125,0.0625,0.038461538461538464,0.038461538461538464
GLRQKVQSLV,non_amp_negative.csv,0,non_amp,0,10,0.2125,0,0.25,0.3333333333333333,0.0,0.1,0.0
KQRSGESQNIIVGSWGAKVS,non_amp_negative.csv,0,non_amp,0,20,0.2357142857142857,0,0.2857142857142857,0.3333333333333333,0.0,0.15,0.0
LTCYKGYHDTVVCKP,non_amp_negative.csv,0,non_amp,0,15,0.1675,2,0.2,0.25,0.0,0.06666666666666667,0.06666666666666667
ADGSDPAGGEFLAEGGGVR,non_amp_negative.csv,0,non_amp,0,19,0.41500000000000004,2,0.5,0.6,0.0,0.3157894736842105,0.05263157894736842
LSLHEYMSMELLQEAGVSIP,non_amp_negative.csv,0,non_amp,0,20,0.11785714285714285,0,0.14285714285714285,0.16666666666666666,0.0,0.05,0.05
LSLQEFLGLWR,non_amp_negative.csv,0,non_amp,0,11,0.2125,1,0.25,0.3333333333333333,0.0,0.09090909090909091,0.0
AIANAPLLDTTITDRVFFD,non_amp_negative.csv,0,non_amp,0,19,0.016666666666666666,0,0.0,0.0,0.08333333333333333,0.0,0.05263157894736842
FENEDEGYFQDPEDCS,non_amp_negative.csv,0,non_amp,0,16,0.15833333333333335,0,0.16666666666666666,0.2,0.1,0.0625,0.0625
FEDAKKVRFFKSNSETIK,non_amp_negative.csv,0,non_amp,0,18,0.0,0,0.0,0.0,0.0,0.0,0.0
YIQGYSGDVR,non_amp_negative.csv,0,non_amp,0,10,0.425,0,0.5,0.6666666666666666,0.0,0.2,0.0
MAWTKPAYTDLRIGFEVTMYFASR,non_amp_negative.csv,0,non_amp,0,24,0.11696428571428572,1,0.125,0.14285714285714285,0.07142857142857142,0.041666666666666664,0.041666666666666664
PHAYPFLSPEQKKEL,non_amp_negative.csv,0,non_amp,0,15,0.04000000000000001,0,0.0,0.0,0.2,0.0,0.2
MNGRPSVFTSQDYLSDHLWRALNA,non_amp_negative.csv,0,non_amp,0,24,0.11696428571428572,2,0.125,0.14285714285714285,0.07142857142857142,0.041666666666666664,0.041666666666666664
GFGFVTFGNEK,non_amp_negative.csv,0,non_amp,0,11,0.26666666666666666,2,0.3333333333333333,0.3333333333333333,0.0,0.2727272727272727,0.0
FNAGGHINHSLFWQNLAPASSNEAK,non_amp_negative.csv,0,non_amp,0,25,0.1125,1,0.125,0.125,0.0625,0.08,0.04
ATVYNNDGTQVDVGGRFDVALG,non_amp_negative.csv,0,non_amp,0,22,0.22857142857142856,1,0.2857142857142857,0.2857142857142857,0.0,0.18181818181818182,0.0
VCCPFGRCHQICQCCER,non_amp_negative.csv,0,non_amp,1,17,0.18000000000000002,2,0.2,0.2,0.1,0.058823529411764705,0.058823529411764705
RRRRRRRGHRGRRGRGGRRSRGRRRRAA,non_amp_negative.csv,0,non_amp,1,28,0.3555555555555555,1,0.4444444444444444,0.4444444444444444,0.0,0.21428571428571427,0.0
QQRFPQRYVQLVITVDHVMN,non_amp_negative.csv,0,non_amp,0,20,0.016666666666666666,0,0.0,0.0,0.08333333333333333,0.0,0.05
MDTKLGLVEEEAAN,non_amp_negative.csv,0,non_amp,0,14,0.2,2,0.25,0.25,0.0,0.07142857142857142,0.0
KPEEDWGRES,non_amp_negative.csv,0,non_amp,0,10,0.24583333333333332,0,0.25,0.3333333333333333,0.16666666666666666,0.1,0.1
GVIAWELQHNEPGRKDSTAG,non_amp_negative.csv,0,non_amp,0,20,0.2523809523809524,0,0.2857142857142857,0.3333333333333333,0.08333333333333333,0.15,0.05
PRLNDARNLIRRFERD,non_amp_negative.csv,0,non_amp,0,16,0.0,0,0.0,0.0,0.0,0.0,0.0625
KHSLPDLPYDYGA,non_amp_negative.csv,0,non_amp,0,13,0.22916666666666669,2,0.25,0.0,0.3333333333333333,0.07692307692307693,0.15384615384615385
EQFDDYGHMRF,non_amp_negative.csv,0,non_amp,0,11,0.2125,0,0.25,0.3333333333333333,0.0,0.09090909090909091,0.0
SALAINQPNYSVLKELGLNED,non_amp_negative.csv,0,non_amp,0,21,0.11785714285714285,1,0.14285714285714285,0.16666666666666666,0.0,0.047619047619047616,0.047619047619047616
DCPSDWSPYEGHCYKHFIKWMNNEDAERFC,non_amp_negative.csv,0,non_amp,1,30,0.09277777777777778,1,0.1,0.1111111111111111,0.05555555555555555,0.03333333333333333,0.06666666666666667
GGVGRCIYNCMNSGGGLNFIQCKTMCY,non_amp_negative.csv,0,non_amp,1,27,0.26666666666666666,0,0.3333333333333333,0.3333333333333333,0.0,0.2222222222222222,0.0
AVPDKIDPRESGYVTGVKDQ,non_amp_negative.csv,0,non_amp,0,20,0.15119047619047618,0,0.14285714285714285,0.16666666666666666,0.16666666666666666,0.1,0.1
GWTLNSAGYLLGPHAIDNHRSFNDKHGLA,non_amp_negative.csv,0,non_amp,0,29,0.18888888888888886,2,0.2222222222222222,0.2222222222222222,0.05555555555555555,0.13793103448275862,0.034482758620689655
RGSNLTHPLRNIRDLFYVG,non_amp_negative.csv,0,non_amp,0,19,0.13333333333333333,1,0.16666666666666666,0.16666666666666666,0.0,0.10526315789473684,0.05263157894736842
MLTVKIINGDGAIDKHLTLNEKEAFKKTI,non_amp_negative.csv,0,non_amp,0,29,0.08888888888888888,2,0.1111111111111111,0.1111111111111111,0.0,0.06896551724137931,0.0
MAAEINMVILAWDLCLLELPY,non_amp_negative.csv,0,non_amp,1,21,0.016666666666666666,2,0.0,0.0,0.08333333333333333,0.0,0.047619047619047616
EVIAQLTMIAMIGIAGPMIIFLLAVRRGNL,non_amp_negative.csv,0,non_amp,0,30,0.25,0,0.3,0.3,0.05,0.1,0.03333333333333333
MTRVQFKHHHHPD,non_amp_negative.csv,0,non_amp,0,13,0.025,0,0.0,0.0,0.125,0.0,0.07692307692307693
MERQNVQQQRGKDQRPQRPGASNPRRPNQR,non_amp_negative.csv,0,non_amp,0,30,0.20777777777777778,1,0.2,0.2222222222222222,0.2222222222222222,0.06666666666666667,0.13333333333333333
DLSNLLSRVPNERSN,non_amp_negative.csv,0,non_amp,0,15,0.025,1,0.0,0.0,0.125,0.0,0.06666666666666667
QVNFSPNW,non_amp_negative.csv,0,non_amp,0,8,0.05,0,0.0,0.0,0.25,0.0,0.125
KPEEDWDRTD,non_amp_negative.csv,0,non_amp,0,10,0.03333333333333333,0,0.0,0.0,0.16666666666666666,0.0,0.1
CKGTGKPCSRIAYNCCTGSCRSGKCG,non_amp_negative.csv,0,non_amp,1,26,0.26666666666666666,1,0.3333333333333333,0.25,0.0625,0.19230769230769232,0.038461538461538464
MDTQGFSCLLLLISEIDLSVKRRI,non_amp_negative.csv,0,non_amp,0,24,0.10267857142857142,1,0.125,0.14285714285714285,0.0,0.041666666666666664,0.0
ATVYNQDGTQVNVGGRVEVAL,non_amp_negative.csv,0,non_amp,0,21,0.2357142857142857,1,0.2857142857142857,0.3333333333333333,0.0,0.14285714285714285,0.0
AKFDKFYGLM,non_amp_negative.csv,0,non_amp,0,10,0.26666666666666666,1,0.3333333333333333,0.3333333333333333,0.0,0.1,0.0
KLGEFSPTRTYRGHNKKDKKMQKK,non_amp_negative.csv,0,non_amp,0,24,0.11696428571428572,2,0.125,0.14285714285714285,0.07142857142857142,0.08333333333333333,0.041666666666666664
PNIQTKIIEQIWKEHIFQGTVVK,non_amp_negative.csv,0,non_amp,0,23,0.10267857142857142,0,0.125,0.14285714285714285,0.0,0.043478260869565216,0.043478260869565216
AVREYHWFVE,non_amp_negative.csv,0,non_amp,0,10,0.0,0,0.0,0.0,0.0,0.0,0.0
CYIQNCLRV,non_amp_negative.csv,0,non_amp,0,9,0.0,0,0.0,0.0,0.0,0.0,0.0
MNVQFTVNGRAASIDVPPNTLLVQ,non_amp_negative.csv,0,non_amp,0,24,0.11696428571428572,2,0.125,0.14285714285714285,0.07142857142857142,0.041666666666666664,0.08333333333333333
NYDKPPVEKPPVYKPPVEKPPVYKP,non_amp_negative.csv,0,non_amp,0,25,0.07500000000000001,0,0.0,0.0,0.375,0.0,0.36
GLSLSFAPK,non_amp_negative.csv,0,non_amp,0,9,0.3,0,0.3333333333333333,0.3333333333333333,0.16666666666666666,0.1111111111111111,0.1111111111111111
SHTCEICAFAACAGC,non_amp_negative.csv,0,non_amp,1,15,0.13,1,0.2,0.0,0.0,0.06666666666666667,0.0
SVLEIGLMLQEETEKNPKTSYSI,non_amp_negative.csv,0,non_amp,0,23,0.1285714285714286,2,0.14285714285714285,0.14285714285714285,0.07142857142857142,0.043478260869565216,0.043478260869565216
MEDEGAGG,non_amp_negative.csv,0,non_amp,0,8,0.5083333333333333,1,0.6666666666666666,0.5,0.0,0.375,0.0
GSSGLIAMPRV,non_amp_negative.csv,0,non_amp,0,11,0.4583333333333333,0,0.5,0.6666666666666666,0.16666666666666666,0.18181818181818182,0.09090909090909091
SPTEQPYSSAAPLI,non_amp_negative.csv,0,non_amp,0,14,0.07500000000000001,0,0.0,0.0,0.375,0.0,0.21428571428571427
MLPSISFDYIKRPNIVLFSNVLSLSSNI,non_amp_negative.csv,0,non_amp,0,28,0.022222222222222223,1,0.0,0.0,0.1111111111111111,0.0,0.07142857142857142
GPQQQHRL,non_amp_negative.csv,0,non_amp,0,8,0.3416666666666667,0,0.3333333333333333,0.5,0.25,0.125,0.125
DHAGTVSKAHKQHDVNSVLYKVYEDI,non_amp_negative.csv,0,non_amp,0,26,0.09097222222222222,0,0.1111111111111111,0.125,0.0,0.038461538461538464,0.0
PSATYFVR,non_amp_negative.csv,0,non_amp,0,8,0.0,0,0.0,0.0,0.0,0.0,0.125
DCLPCGHDVCC,non_amp_negative.csv,0,non_amp,1,11,0.3,2,0.3333333333333333,0.3333333333333333,0.16666666666666666,0.09090909090909091,0.09090909090909091
NRTFKTNTKCHVKNQCNFLCQ,non_amp_negative.csv,0,non_amp,1,21,0.0,0,0.0,0.0,0.0,0.0,0.0
ATLTVFFRDN,non_amp_negative.csv,0,non_amp,0,10,0.0,0,0.0,0.0,0.0,0.0,0.0
GASGLIAFPRL,non_amp_negative.csv,0,non_amp,0,11,0.4583333333333333,0,0.5,0.6666666666666666,0.16666666666666666,0.18181818181818182,0.09090909090909091
MLNAVDAKLTTDFGQR,non_amp_negative.csv,0,non_amp,0,16,0.16,1,0.2,0.2,0.0,0.0625,0.0
YDPSPLQDFCIAD,non_amp_negative.csv,0,non_amp,0,13,0.05,0,0.0,0.0,0.25,0.0,0.15384615384615385
SSGGGDGSGMWFGPRL,non_amp_negative.csv,0,non_amp,0,16,0.43500000000000005,0,0.5,0.6,0.1,0.375,0.0625
GPSMGFHGMR,non_amp_negative.csv,0,non_amp,0,10,0.5333333333333333,1,0.6666666666666666,0.6666666666666666,0.0,0.3,0.1
MAAYLDPTGQY,non_amp_negative.csv,0,non_amp,0,11,0.3,2,0.3333333333333333,0.3333333333333333,0.16666666666666666,0.09090909090909091,0.09090909090909091
MLASGLLLVALLACLTVMVL,non_amp_negative.csv,0,non_amp,1,20,0.11785714285714285,1,0.14285714285714285,0.16666666666666666,0.0,0.05,0.0
EPIDLLGKVFVFSKESNVDDVKLLTPQTE,non_amp_negative.csv,0,non_amp,0,29,0.10388888888888889,0,0.1,0.1111111111111111,0.1111111111111111,0.034482758620689655,0.06896551724137931
NLVQFGKMIE,non_amp_negative.csv,0,non_amp,0,10,0.2916666666666667,2,0.3333333333333333,0.5,0.0,0.1,0.0
IVGGYECEAYSKPYQVSINLGY,non_amp_negative.csv,0,non_amp,0,22,0.22738095238095238,2,0.2857142857142857,0.16666666666666666,0.08333333333333333,0.13636363636363635,0.045454545454545456
NNFSDCFWKYCV,non_amp_negative.csv,0,non_amp,0,12,0.0,0,0.0,0.0,0.0,0.0,0.0
APALRLRF,non_amp_negative.csv,0,non_amp,0,8,0.05,0,0.0,0.0,0.25,0.0,0.125
FYEKEGLPAFPMGK,non_amp_negative.csv,0,non_amp,0,14,0.25,2,0.25,0.25,0.25,0.14285714285714285,0.14285714285714285
MVYVMSMVSLLKRLLTVTRWKLQITG,non_amp_negative.csv,0,non_amp,0,26,0.07222222222222222,1,0.1111111111111111,0.0,0.0,0.038461538461538464,0.0
QLNFSPNW,non_amp_negative.csv,0,non_amp,0,8,0.05,0,0.0,0.0,0.25,0.0,0.125
SKIKKEIAELLKREGFIRDVE,non_amp_negative.csv,0,non_amp,0,21,0.11785714285714285,2,0.14285714285714285,0.16666666666666666,0.0,0.047619047619047616,0.0
AQPPQADFL,non_amp_negative.csv,0,non_amp,0,9,0.1,1,0.0,0.0,0.5,0.0,0.2222222222222222
MLRYLSLFAVGLATGYAWGWIDGLAASLTV,non_amp_negative.csv,0,non_amp,0,30,0.16333333333333333,1,0.2,0.2222222222222222,0.0,0.13333333333333333,0.0
AAKIKKGDNVVVLTG,non_amp_negative.csv,0,non_amp,0,15,0.16,0,0.2,0.2,0.0,0.13333333333333333,0.0
LENRVAEKQKLFQEDNGLPVHLKGGATDN,non_amp_negative.csv,0,non_amp,0,29,0.09999999999999999,2,0.1111111111111111,0.1111111111111111,0.05555555555555555,0.10344827586206896,0.034482758620689655
VWNVTNGKRFTTYAI,non_amp_negative.csv,0,non_amp,0,15,0.16,0,0.2,0.2,0.0,0.06666666666666667,0.0
CCIARQICEGCICCI,non_amp_negative.csv,0,non_amp,1,15,0.16,0,0.2,0.2,0.0,0.06666666666666667,0.0
ADKNFLRF,non_amp_negative.csv,0,non_amp,0,8,0.0,0,0.0,0.0,0.0,0.0,0.0
VKTPITEAIAAADTQG,non_amp_negative.csv,0,non_amp,0,16,0.10833333333333334,0,0.16666666666666666,0.0,0.0,0.0625,0.0625
NSTMDSLLQLGR,non_amp_negative.csv,0,non_amp,0,12,0.1625,1,0.25,0.0,0.0,0.08333333333333333,0.0
GRNGKSQSIIVGPWGDRVTN,non_amp_negative.csv,0,non_amp,0,20,0.2833333333333333,2,0.3333333333333333,0.3333333333333333,0.08333333333333333,0.2,0.05
IIGGVESRPHSRPYMATLEIT,non_amp_negative.csv,0,non_amp,0,21,0.13452380952380952,2,0.14285714285714285,0.16666666666666666,0.08333333333333333,0.09523809523809523,0.09523809523809523
WNETSDKDLYTDSR,non_amp_negative.csv,0,non_amp,0,14,0.0,0,0.0,0.0,0.0,0.0,0.0
QRRCPRIYMECKHDSDCLADCVCLEHGICG,non_amp_negative.csv,0,non_amp,1,30,0.15777777777777777,2,0.2,0.1111111111111111,0.05555555555555555,0.06666666666666667,0.03333333333333333
CCRLACGLGCHPCC,non_amp_negative.csv,0,non_amp,1,14,0.2,2,0.25,0.25,0.0,0.14285714285714285,0.07142857142857142
QCCPTMPECCRI,non_amp_negative.csv,0,non_amp,1,12,0.06666666666666667,1,0.0,0.0,0.3333333333333333,0.0,0.16666666666666666
SANTKNDFMRF,non_amp_negative.csv,0,non_amp,0,11,0.0,0,0.0,0.0,0.0,0.0,0.0
RGSNLTHPLRNI,non_amp_negative.csv,0,non_amp,0,12,0.2125,1,0.25,0.3333333333333333,0.0,0.08333333333333333,0.08333333333333333
ARICPRILMKCKKDSDCLAECICEEHGFCG,non_amp_negative.csv,0,non_amp,1,30,0.15777777777777777,2,0.2,0.1111111111111111,0.05555555555555555,0.06666666666666667,0.03333333333333333
SATAAREEYQRKRSQFIEIG,non_amp_negative.csv,0,non_amp,0,20,0.09285714285714286,1,0.14285714285714285,0.0,0.0,0.05,0.0
GSTTAESAALR,non_amp_negative.csv,0,non_amp,0,11,0.2125,0,0.25,0.3333333333333333,0.0,0.09090909090909091,0.0
GGETGGEGKGMWFGPRL,non_amp_negative.csv,0,non_amp,0,17,0.5733333333333334,1,0.6666666666666666,0.8,0.1,0.4117647058823529,0.058823529411764705
RAHFLPPLLLL,non_amp_negative.csv,0,non_amp,0,11,0.06666666666666667,1,0.0,0.0,0.3333333333333333,0.0,0.18181818181818182
LGYITCPGSNLGTLR,non_amp_negative.csv,0,non_amp,0,15,0.36000000000000004,1,0.4,0.5,0.125,0.2,0.06666666666666667
AIEVQTVTLIPGD,non_amp_negative.csv,0,non_amp,0,13,0.19583333333333333,2,0.25,0.0,0.16666666666666666,0.07692307692307693,0.07692307692307693
MATPGFSCLLLSTSEIDLPMKRRV,non_amp_negative.csv,0,non_amp,0,24,0.13125,1,0.125,0.14285714285714285,0.14285714285714285,0.041666666666666664,0.08333333333333333
KKNGYAVDSSGKVAE,non_amp_negative.csv,0,non_amp,0,15,0.1675,1,0.2,0.25,0.0,0.13333333333333333,0.0
MEFGNLTNLDVA,non_amp_negative.csv,0,non_amp,0,12,0.2,0,0.25,0.25,0.0,0.08333333333333333,0.0
GSSFCDSKCAVRCSKAGVQD,non_amp_negative.csv,0,non_amp,1,20,0.11785714285714285,0,0.14285714285714285,0.16666666666666666,0.0,0.1,0.0
GSNTECFWKYCV,non_amp_negative.csv,0,non_amp,0,12,0.2,0,0.25,0.25,0.0,0.08333333333333333,0.0
GYGDRNFLRF,non_amp_negative.csv,0,non_amp,0,10,0.2916666666666667,2,0.3333333333333333,0.5,0.0,0.2,0.0
SPATMGFAGVR,non_amp_negative.csv,0,non_amp,0,11,0.5333333333333333,2,0.6666666666666666,0.6666666666666666,0.0,0.18181818181818182,0.09090909090909091
EQFDEEFDIT,non_amp_negative.csv,0,non_amp,0,10,0.0,0,0.0,0.0,0.0,0.0,0.0
SLEDIEHEVEELLR,non_amp_negative.csv,0,non_amp,0,14,0.0,0,0.0,0.0,0.0,0.0,0.0
KDGYLVGSDGCKYSCLTRPG,non_amp_negative.csv,0,non_amp,0,20,0.2357142857142857,0,0.2857142857142857,0.3333333333333333,0.0,0.2,0.05
SITKIKAREILD,non_amp_negative.csv,0,non_amp,0,12,0.0,0,0.0,0.0,0.0,0.0,0.0
NYIYSGHNYHQ,non_amp_negative.csv,0,non_amp,0,11,0.26666666666666666,2,0.3333333333333333,0.3333333333333333,0.0,0.09090909090909091,0.0
MFSLSNSQYTCQDYISDHIWKTSSH,non_amp_negative.csv,0,non_amp,0,25,0.0,0,0.0,0.0,0.0,0.0,0.0
RALATQLPVIPRSQVTFLAPVTRPEK,non_amp_negative.csv,0,non_amp,0,26,0.05,0,0.0,0.0,0.25,0.0,0.15384615384615385
ADYLQLAR,non_amp_negative.csv,0,non_amp,0,8,0.0,0,0.0,0.0,0.0,0.0,0.0
HPGYGGATASVDRRKRQRLSRAASAWLARH,non_amp_negative.csv,0,non_amp,0,30,0.16333333333333333,2,0.2,0.2222222222222222,0.0,0.1,0.03333333333333333
PAWLVDCPCVGDDVNFILTRGQK,non_amp_negative.csv,0,non_amp,0,23,0.1285714285714286,2,0.14285714285714285,0.14285714285714285,0.07142857142857142,0.08695652173913043,0.08695652173913043
VKRCCDEEECSSACWPCCWG,non_amp_negative.csv,0,non_amp,1,20,0.10952380952380952,1,0.14285714285714285,0.0,0.08333333333333333,0.05,0.05
MIRVARESFALVSVIGFVWMMCTVANLVA,non_amp_negative.csv,0,non_amp,0,29,0.08166666666666667,0,0.1,0.1111111111111111,0.0,0.034482758620689655,0.0
SCLEYGHSCWGAH,non_amp_negative.csv,0,non_amp,0,13,0.2125,2,0.25,0.3333333333333333,0.0,0.15384615384615385,0.0
DVAGLVPAKDSPAFQKRAAAAVNTTAD,non_amp_negative.csv,0,non_amp,0,27,0.09999999999999999,0,0.1111111111111111,0.1111111111111111,0.05555555555555555,0.037037037037037035,0.07407407407407407
VARSLLIFEVQQPFLFLL,non_amp_negative.csv,0,non_amp,0,18,0.020000000000000004,1,0.0,0.0,0.1,0.0,0.05555555555555555
DHLPHDVYSPRL,non_amp_negative.csv,0,non_amp,0,12,0.06666666666666667,1,0.0,0.0,0.3333333333333333,0.0,0.16666666666666666
ENFAGGCTPGYQRTADGRCKATF,non_amp_negative.csv,0,non_amp,0,23,0.21964285714285714,1,0.25,0.2857142857142857,0.07142857142857142,0.17391304347826086,0.043478260869565216
YGLAADNVLDAR,non_amp_negative.csv,0,non_amp,0,12,0.2125,1,0.25,0.3333333333333333,0.0,0.08333333333333333,0.0
SDNNQQGKSAQQGGY,non_amp_negative.csv,0,non_amp,0,15,0.32,0,0.4,0.4,0.0,0.2,0.0
LQAIGVEFDLILTSPLVRAQQTAQIL,non_amp_negative.csv,0,non_amp,0,26,0.10347222222222222,1,0.1111111111111111,0.125,0.0625,0.038461538461538464,0.038461538461538464
MSDINAIRAPILMLAILPCVGDDIEVLR,non_amp_negative.csv,0,non_amp,0,28,0.10347222222222222,2,0.1111111111111111,0.125,0.0625,0.03571428571428571,0.07142857142857142
AGEPKLDAGV,non_amp_negative.csv,0,non_amp,0,10,0.3,1,0.3333333333333333,0.3333333333333333,0.16666666666666666,0.2,0.1
AGPYSFGL,non_amp_negative.csv,0,non_amp,0,8,0.3416666666666667,1,0.3333333333333333,0.5,0.25,0.25,0.125
MSTDLKFSLVTTIIVLGLIVAVGLTAALH,non_amp_negative.csv,0,non_amp,0,29,0.16333333333333333,1,0.2,0.2222222222222222,0.0,0.06896551724137931,0.0
FKVDEEFQGPIVSQNRRYFLFRPRN,non_amp_negative.csv,0,non_amp,0,25,0.13125,2,0.125,0.14285714285714285,0.14285714285714285,0.04,0.08
ERVCCGYPMSCKSRACKPSYCC,non_amp_negative.csv,0,non_amp,1,22,0.13452380952380952,2,0.14285714285714285,0.16666666666666666,0.08333333333333333,0.045454545454545456,0.09090909090909091
INNKKTHIRCRRCG,non_amp_negative.csv,0,non_amp,0,14,0.13,1,0.2,0.0,0.0,0.07142857142857142,0.0
LSTDIVAPPV,non_amp_negative.csv,0,non_amp,0,10,0.06666666666666667,0,0.0,0.0,0.3333333333333333,0.0,0.2
ADYLQLTRA,non_amp_negative.csv,0,non_amp,0,9,0.0,0,0.0,0.0,0.0,0.0,0.0
TQSTGTSQTIAVGLWGGPDN,non_amp_negative.csv,0,non_amp,0,20,0.2523809523809524,0,0.2857142857142857,0.3333333333333333,0.08333333333333333,0.2,0.05
MELCWLTTIHGS,non_amp_negative.csv,0,non_amp,0,12,0.1625,1,0.25,0.0,0.0,0.08333333333333333,0.0
MIPAQFTYRRVSSVDEALAAVAEHGD,non_amp_negative.csv,0,non_amp,0,26,0.08472222222222221,0,0.1111111111111111,0.0,0.0625,0.038461538461538464,0.038461538461538464
AKSILLGEEGRHSMQAGVDKLANTVKVTLG,non_amp_negative.csv,0,non_amp,0,30,0.16,0,0.2,0.2,0.0,0.13333333333333333,0.0
PGGYGAILRYKQHERTFSAGY,non_amp_negative.csv,0,non_amp,0,21,0.32857142857142857,1,0.42857142857142855,0.3333333333333333,0.0,0.19047619047619047,0.047619047619047616
MDIVSLGWAFLMVVFSFSLSLVVWGRNGL,non_amp_negative.csv,0,non_amp,0,29,0.22833333333333333,0,0.3,0.2222222222222222,0.0,0.10344827586206896,0.0
EGSGSGETSGMWFGPRL,non_amp_negative.csv,0,non_amp,0,17,0.2966666666666667,0,0.3333333333333333,0.4,0.1,0.29411764705882354,0.058823529411764705
PALIPFPRV,non_amp_negative.csv,0,non_amp,0,9,0.1,2,0.0,0.0,0.5,0.0,0.3333333333333333
PQTETKASVGFKAGVK,non_amp_negative.csv,0,non_amp,0,16,0.16,1,0.2,0.2,0.0,0.125,0.0625
MESIEQRVKKIVAEQLGVAEAEIKA,non_amp_negative.csv,0,non_amp,0,25,0.1,1,0.125,0.125,0.0,0.04,0.0
MKFYTIKLPKFLGGIVRAMLGSFRKD,non_amp_negative.csv,0,non_amp,0,26,0.10347222222222222,0,0.1111111111111111,0.125,0.0625,0.11538461538461539,0.038461538461538464
MDYLITFYHSPQTNS,non_amp_negative.csv,0,non_amp,0,15,0.025,2,0.0,0.0,0.125,0.0,0.06666666666666667
GGHGHQHQQQHQGHGQ,non_amp_negative.csv,0,non_amp,0,16,0.41500000000000004,0,0.5,0.6,0.0,0.3125,0.0
AKSDVAELKPR,non_amp_negative.csv,0,non_amp,0,11,0.03333333333333333,1,0.0,0.0,0.16666666666666666,0.0,0.09090909090909091
MKKCAFVSDFDGTISKQDFY,non_amp_negative.csv,0,non_amp,0,20,0.13333333333333333,2,0.16666666666666666,0.16666666666666666,0.0,0.05,0.0
VKKVAIIGAGVSGLASIRS,non_amp_negative.csv,0,non_amp,0,19,0.2357142857142857,0,0.2857142857142857,0.3333333333333333,0.0,0.15789473684210525,0.0
ALVLIAFAQVLQQCP,non_amp_negative.csv,0,non_amp,0,15,0.020000000000000004,0,0.0,0.0,0.1,0.0,0.06666666666666667
TATTRRRGRPPGFSPFR,non_amp_negative.csv,0,non_amp,0,17,0.2,2,0.2,0.2,0.2,0.11764705882352941,0.17647058823529413
DASFHSWG,non_amp_negative.csv,0,non_amp,0,8,0.21666666666666667,1,0.3333333333333333,0.0,0.0,0.125,0.0
SMPSLRLRF,non_amp_negative.csv,0,non_amp,0,9,0.05,1,0.0,0.0,0.25,0.0,0.1111111111111111
ALVSADGDSWFAR,non_amp_negative.csv,0,non_amp,0,13,0.1675,0,0.2,0.25,0.0,0.07692307692307693,0.0
AGVWTVWGTI,non_amp_negative.csv,0,non_amp,0,10,0.5333333333333333,1,0.6666666666666666,0.6666666666666666,0.0,0.2,0.0
MNEYLLPK,non_amp_negative.csv,0,non_amp,0,8,0.05,1,0.0,0.0,0.25,0.0,0.125
GPSQDFMRF,non_amp_negative.csv,0,non_amp,0,9,0.3,0,0.3333333333333333,0.3333333333333333,0.16666666666666666,0.1111111111111111,0.1111111111111111
GSSGLIPFPRV,non_amp_negative.csv,0,non_amp,0,11,0.4583333333333333,0,0.5,0.6666666666666666,0.16666666666666666,0.18181818181818182,0.18181818181818182
MIGIADVKLLNLGMLFPFVEVES,non_amp_negative.csv,0,non_amp,0,23,0.1285714285714286,2,0.14285714285714285,0.14285714285714285,0.07142857142857142,0.08695652173913043,0.043478260869565216
YEYSVYREIIGSGHIIAR,non_amp_negative.csv,0,non_amp,0,18,0.13833333333333334,1,0.16666666666666666,0.2,0.0,0.1111111111111111,0.0
APLSGFYGVR,non_amp_negative.csv,0,non_amp,0,10,0.5333333333333333,1,0.6666666666666666,0.6666666666666666,0.0,0.2,0.1
QNWPSPKVPP,non_amp_negative.csv,0,non_amp,0,10,0.13333333333333333,1,0.0,0.0,0.6666666666666666,0.0,0.4
SAIDPNPDTPDSE,non_amp_negative.csv,0,non_amp,0,13,0.1,2,0.0,0.0,0.5,0.0,0.23076923076923078
SLLEFGMMILEE,non_amp_negative.csv,0,non_amp,0,12,0.2125,2,0.25,0.3333333333333333,0.0,0.08333333333333333,0.0
QGAVGSVQIPVVEVDELPEGYD,non_amp_negative.csv,0,non_amp,0,22,0.37142857142857144,1,0.42857142857142855,0.42857142857142855,0.14285714285714285,0.13636363636363635,0.09090909090909091
RLSKKPGKVKE,non_amp_negative.csv,0,non_amp,0,11,0.24583333333333332,0,0.25,0.3333333333333333,0.16666666666666666,0.09090909090909091,0.09090909090909091
GCCSPWNCIQLRACPCCPN,non_amp_negative.csv,0,non_amp,1,19,0.16785714285714284,0,0.14285714285714285,0.16666666666666666,0.25,0.05263157894736842,0.15789473684210525
ANNPGARKAIRKIEARTEVN,non_amp_negative.csv,0,non_amp,0,20,0.13452380952380952,1,0.14285714285714285,0.16666666666666666,0.08333333333333333,0.05,0.05
GWTLNSAGYLLGPHGIDGHRTLSDKHGLA,non_amp_negative.csv,0,non_amp,0,29,0.36666666666666664,2,0.4444444444444444,0.4444444444444444,0.05555555555555555,0.20689655172413793,0.034482758620689655
MPEPAKSAPKKGSTRTAAKGGKKRRKSRK,non_amp_negative.csv,0,non_amp,1,29,0.18888888888888886,2,0.2222222222222222,0.2222222222222222,0.05555555555555555,0.10344827586206896,0.10344827586206896
YGVGLGKDHTLFAKVDGVVKFETKGA,non_amp_negative.csv,0,non_amp,0,26,0.18194444444444444,1,0.2222222222222222,0.25,0.0,0.19230769230769232,0.0
GGGGTSGLFAFPRV,non_amp_negative.csv,0,non_amp,0,14,0.5275000000000001,0,0.6,0.75,0.125,0.35714285714285715,0.07142857142857142
YAEVPSPAAQAPTAD,non_amp_negative.csv,0,non_amp,0,15,0.05,1,0.0,0.0,0.25,0.0,0.2
KPSGCGEQNMINFYPNVL,non_amp_negative.csv,0,non_amp,0,18,0.16666666666666666,0,0.16666666666666666,0.16666666666666666,0.16666666666666666,0.1111111111111111,0.1111111111111111
AAQEGETLTVEETV,non_amp_negative.csv,0,non_amp,0,14,0.1675,1,0.2,0.25,0.0,0.07142857142857142,0.0
GTIAYELVCNMPLR,non_amp_negative.csv,0,non_amp,0,14,0.1925,0,0.2,0.25,0.125,0.07142857142857142,0.07142857142857142
EGANSNEAKGMWFGPRL,non_amp_negative.csv,0,non_amp,0,17,0.2966666666666667,1,0.3333333333333333,0.4,0.1,0.17647058823529413,0.058823529411764705
THPSVLPFIKQLIGTMDSVRGLPR,non_amp_negative.csv,0,non_amp,0,24,0.13125,1,0.125,0.14285714285714285,0.14285714285714285,0.08333333333333333,0.125
ARRRRRSSRPQRRRRRRRHGRRRRGRR,non_amp_negative.csv,0,non_amp,1,27,0.10347222222222222,1,0.1111111111111111,0.125,0.0625,0.07407407407407407,0.037037037037037035
ADKEESLRLAEMLRS,non_amp_negative.csv,0,non_amp,0,15,0.0,0,0.0,0.0,0.0,0.0,0.0
KAVVLGKAGGTAELPCQASQ,non_amp_negative.csv,0,non_amp,0,20,0.26666666666666666,2,0.3333333333333333,0.3333333333333333,0.0,0.15,0.05
QARPRHPKIPP,non_amp_negative.csv,0,non_amp,0,11,0.13333333333333333,2,0.0,0.0,0.6666666666666666,0.0,0.36363636363636365
ALVEDPQMQKYHKH,non_amp_negative.csv,0,non_amp,0,14,0.025,0,0.0,0.0,0.125,0.0,0.07142857142857142
ITAKPAKTPT,non_amp_negative.csv,0,non_amp,0,10,0.06666666666666667,0,0.0,0.0,0.3333333333333333,0.0,0.2
GSGADCFWKYCV,non_amp_negative.csv,0,non_amp,0,12,0.2125,2,0.25,0.3333333333333333,0.0,0.16666666666666666,0.0
MSGRGKGGKGLGKGGAKRHRKVLRD,non_amp_negative.csv,0,non_amp,1,25,0.3080357142857143,2,0.375,0.42857142857142855,0.0,0.32,0.0
DDLHPFNENNMYYGCKGLSNSNKFED,non_amp_negative.csv,0,non_amp,0,26,0.18194444444444444,1,0.2222222222222222,0.25,0.0,0.07692307692307693,0.038461538461538464
SLGGKPDLRPCYPPCHYIPRPKPR,non_amp_negative.csv,0,non_amp,0,24,0.17410714285714288,2,0.125,0.14285714285714285,0.35714285714285715,0.08333333333333333,0.2916666666666667
MAWKAPKIVEVPCGMEINMYVSATRK,non_amp_negative.csv,0,non_amp,0,26,0.11597222222222221,1,0.1111111111111111,0.125,0.125,0.038461538461538464,0.07692307692307693
DDDDLEGFSE,non_amp_negative.csv,0,non_amp,0,10,0.2125,0,0.25,0.3333333333333333,0.0,0.1,0.0
DDCGTLFSGCDTSKDCCEGYVCHLWCKYK,non_amp_negative.csv,0,non_amp,1,29,0.16333333333333333,0,0.2,0.2222222222222222,0.0,0.10344827586206896,0.0
QGGPPRPQIPP,non_amp_negative.csv,0,non_amp,0,11,0.43333333333333335,2,0.3333333333333333,0.3333333333333333,0.8333333333333334,0.18181818181818182,0.45454545454545453
QLTFTSSWG,non_amp_negative.csv,0,non_amp,0,9,0.21666666666666667,2,0.3333333333333333,0.0,0.0,0.1111111111111111,0.0
TPGQDFMRF,non_amp_negative.csv,0,non_amp,0,9,0.2916666666666667,2,0.3333333333333333,0.5,0.0,0.1111111111111111,0.1111111111111111
NAAVAGAVIEGATLTFEVLQ,non_amp_negative.csv,0,non_amp,0,20,0.13333333333333333,2,0.16666666666666666,0.16666666666666666,0.0,0.1,0.0
SGLQFAVLDGQGFLPFPRV,non_amp_negative.csv,0,non_amp,0,19,0.15833333333333335,2,0.16666666666666666,0.2,0.1,0.15789473684210525,0.10526315789473684
MANTQNISIWWWAR,non_amp_negative.csv,0,non_amp,0,14,0.0,0,0.0,0.0,0.0,0.0,0.0
GGPAGKQNAVNQLLVLIYDPKSYKD,non_amp_negative.csv,0,non_amp,0,25,0.21250000000000002,1,0.25,0.25,0.0625,0.12,0.08
PDQLVQDLVEERLEQADAKSGWILDGFPR,non_amp_negative.csv,0,non_amp,0,29,0.09999999999999999,2,0.1111111111111111,0.1111111111111111,0.05555555555555555,0.06896551724137931,0.06896551724137931
HLKYKDPEQG,non_amp_negative.csv,0,non_amp,0,10,0.1625,0,0.25,0.0,0.0,0.1,0.1
MKTKFVFDLLTPDDILHPSNHVNLIIRPI,non_amp_negative.csv,0,non_amp,0,29,0.03333333333333333,1,0.0,0.0,0.16666666666666666,0.0,0.10344827586206896
QLWPRPHIPP,non_amp_negative.csv,0,non_amp,0,10,0.13333333333333333,1,0.0,0.0,0.6666666666666666,0.0,0.4
TPEHQRYIELFLVVDSGMFMKYNGNSDKI,non_amp_negative.csv,0,non_amp,0,29,0.08888888888888888,2,0.1111111111111111,0.1111111111111111,0.0,0.06896551724137931,0.034482758620689655
APAMGFQGVR,non_amp_negative.csv,0,non_amp,0,10,0.5333333333333333,1,0.6666666666666666,0.6666666666666666,0.0,0.2,0.1
SAPGQDFMRF,non_amp_negative.csv,0,non_amp,0,10,0.24583333333333332,0,0.25,0.3333333333333333,0.16666666666666666,0.1,0.1
ITFSKIYRSCKSDSDCGNQKCARGRCV,non_amp_negative.csv,0,non_amp,1,27,0.09097222222222222,1,0.1111111111111111,0.125,0.0,0.07407407407407407,0.0
KFKVVTTFTVIQDIAQNVAGDAAT,non_amp_negative.csv,0,non_amp,0,24,0.10267857142857142,1,0.125,0.14285714285714285,0.0,0.041666666666666664,0.0
AIKVFHIVAETGIHARPAT,non_amp_negative.csv,0,non_amp,0,19,0.15833333333333335,2,0.16666666666666666,0.2,0.1,0.05263157894736842,0.05263157894736842
DGPAQKQNTVNQLLVLIYLYK,non_amp_negative.csv,0,non_amp,0,21,0.13452380952380952,1,0.14285714285714285,0.16666666666666666,0.08333333333333333,0.047619047619047616,0.047619047619047616
KPCCSIHDSSCCGI,non_amp_negative.csv,0,non_amp,1,14,0.155,0,0.2,0.0,0.125,0.07142857142857142,0.07142857142857142
IVGGVSVAIE,non_amp_negative.csv,0,non_amp,0,10,0.2916666666666667,2,0.3333333333333333,0.5,0.0,0.2,0.0
RCCPMPGCFAGPFCPCC,non_amp_negative.csv,0,non_amp,1,17,0.21833333333333335,1,0.16666666666666666,0.2,0.4,0.11764705882352941,0.23529411764705882
VLAGISREDTEAD,non_amp_negative.csv,0,non_amp,0,13,0.1675,0,0.2,0.25,0.0,0.07692307692307693,0.0
GALVAAYGLYDGFLTL,non_amp_negative.csv,0,non_amp,0,16,0.1675,2,0.2,0.25,0.0,0.1875,0.0
DGDDGDGD,non_amp_negative.csv,0,non_amp,0,8,0.5833333333333334,1,0.6666666666666666,1.0,0.0,0.375,0.0
VGCEECPMHCKGKNAVPTCDNGVCNCNA,non_amp_negative.csv,0,non_amp,1,28,0.11597222222222221,2,0.1111111111111111,0.125,0.125,0.10714285714285714,0.07142857142857142
LAEQAERYEEMVEFMEK,non_amp_negative.csv,0,non_amp,0,17,0.0,0,0.0,0.0,0.0,0.0,0.0
MTRSLKKNPFVANHLLNKIDKLNT,non_amp_negative.csv,0,non_amp,0,24,0.014285714285714285,1,0.0,0.0,0.07142857142857142,0.0,0.041666666666666664
TQLEAACPNVVSCADILALAAR,non_amp_negative.csv,0,non_amp,0,22,0.016666666666666666,2,0.0,0.0,0.08333333333333333,0.0,0.045454545454545456
MAPRGFSCLLLSTSEIDLPVKRLLSSVF,non_amp_negative.csv,0,non_amp,0,28,0.1111111111111111,1,0.1111111111111111,0.1111111111111111,0.1111111111111111,0.03571428571428571,0.07142857142857142
FIGDIWSGIQG,non_amp_negative.csv,0,non_amp,0,11,0.375,1,0.5,0.3333333333333333,0.0,0.2727272727272727,0.0
APGQDFMRF,non_amp_negative.csv,0,non_amp,0,9,0.2916666666666667,2,0.3333333333333333,0.5,0.0,0.1111111111111111,0.1111111111111111
LKCNKLVPLFYKTCP,non_amp_negative.csv,0,non_amp,0,15,0.04000000000000001,0,0.0,0.0,0.2,0.0,0.13333333333333333
MHIVVCIKQVPDSAQIRV,non_amp_negative.csv,0,non_amp,0,18,0.020000000000000004,2,0.0,0.0,0.1,0.0,0.05555555555555555
ADGSDPVGGESLPDTGGAR,non_amp_negative.csv,0,non_amp,0,19,0.3,1,0.3333333333333333,0.3333333333333333,0.16666666666666666,0.2631578947368421,0.10526315789473684
MAKFELPNLPTADDAL,non_amp_negative.csv,0,non_amp,0,16,0.05,2,0.0,0.0,0.25,0.0,0.125
MTDTQVFVALLLALVPAVLAYRLGTELYR,non_amp_negative.csv,0,non_amp,0,29,0.09999999999999999,2,0.1111111111111111,0.1111111111111111,0.05555555555555555,0.034482758620689655,0.034482758620689655
STNAAQASMVAPFTGLKSA,non_amp_negative.csv,0,non_amp,0,19,0.13833333333333334,2,0.16666666666666666,0.2,0.0,0.05263157894736842,0.05263157894736842
NIQIICCKHTPKCCT,non_amp_negative.csv,0,non_amp,1,15,0.025,2,0.0,0.0,0.125,0.0,0.06666666666666667
DVPSANANANNQRTAAAKPQANAEASS,non_amp_negative.csv,0,non_amp,0,27,0.025,1,0.0,0.0,0.125,0.0,0.07407407407407407
EVLYIPVTTDA,non_amp_negative.csv,0,non_amp,0,11,0.03333333333333333,0,0.0,0.0,0.16666666666666666,0.0,0.09090909090909091
VIGGAEENINEHRSL,non_amp_negative.csv,0,non_amp,0,15,0.1675,2,0.2,0.25,0.0,0.13333333333333333,0.0
ATGQYAFGL,non_amp_negative.csv,0,non_amp,0,9,0.2916666666666667,2,0.3333333333333333,0.5,0.0,0.2222222222222222,0.0
MKKAERGASPKQIKPHRYYLLAVH,non_amp_negative.csv,0,non_amp,0,24,0.1125,0,0.125,0.125,0.0625,0.041666666666666664,0.08333333333333333
TFDVCYEQLFFVGGNWK,non_amp_negative.csv,0,non_amp,0,17,0.13833333333333334,0,0.16666666666666666,0.2,0.0,0.11764705882352941,0.0
EAEYNPDITVRDAIKLAEKALKSS,non_amp_negative.csv,0,non_amp,0,24,0.014285714285714285,1,0.0,0.0,0.07142857142857142,0.0,0.041666666666666664
AWVDWEDQILQDTVPLVNFVRMI,non_amp_negative.csv,0,non_amp,0,23,0.014285714285714285,0,0.0,0.0,0.07142857142857142,0.0,0.043478260869565216
GDSEVPGMWFGPRL,non_amp_negative.csv,0,non_amp,0,14,0.385,0,0.4,0.5,0.25,0.21428571428571427,0.14285714285714285
AVFVILTNVYT,non_amp_negative.csv,0,non_amp,1,11,0.0,0,0.0,0.0,0.0,0.0,0.0
MLLHRLSKFCKIERDIVYIS,non_amp_negative.csv,0,non_amp,0,20,0.0,0,0.0,0.0,0.0,0.0,0.0
DCPSDWSPYEGHCYK,non_amp_negative.csv,0,non_amp,0,15,0.1925,1,0.2,0.25,0.125,0.06666666666666667,0.13333333333333333
ISALFDEYEPLNDAD,non_amp_negative.csv,0,non_amp,0,15,0.025,1,0.0,0.0,0.125,0.0,0.06666666666666667
KDGYLMGADGCKLCVLTAPYDYCACE,non_amp_negative.csv,0,non_amp,1,26,0.18194444444444444,0,0.2222222222222222,0.25,0.0,0.11538461538461539,0.038461538461538464
LEDNGRTHWAVLVA,non_amp_negative.csv,0,non_amp,0,14,0.1675,1,0.2,0.25,0.0,0.07142857142857142,0.0
VARGGKTKGRRG,non_amp_negative.csv,0,non_amp,0,12,0.375,2,0.5,0.3333333333333333,0.0,0.3333333333333333,0.0
HTAADLLR,non_amp_negative.csv,0,non_amp,0,8,0.0,0,0.0,0.0,0.0,0.0,0.0
GPMEDPLEIIRI,non_amp_negative.csv,0,non_amp,0,12,0.25,0,0.25,0.25,0.25,0.08333333333333333,0.16666666666666666
MAPRGFSCLLLSTSEIDLPMAPVKRRA,non_amp_negative.csv,0,non_amp,0,27,0.1284722222222222,1,0.1111111111111111,0.125,0.1875,0.037037037037037035,0.1111111111111111
VKSPCEDKIVGV,non_amp_negative.csv,0,non_amp,0,12,0.19583333333333333,1,0.25,0.0,0.16666666666666666,0.08333333333333333,0.08333333333333333
GSLGEKYAQKAAEVLTSIIP,non_amp_negative.csv,0,non_amp,0,20,0.2357142857142857,0,0.2857142857142857,0.3333333333333333,0.0,0.1,0.05
PGGGVSGALSSLVQSLVR,non_amp_negative.csv,0,non_amp,0,18,0.26666666666666666,0,0.3333333333333333,0.3333333333333333,0.0,0.2222222222222222,0.05555555555555555
APSDTTIAETLTITEEFFPD,non_amp_negative.csv,0,non_amp,0,20,0.016666666666666666,0,0.0,0.0,0.08333333333333333,0.0,0.1
AGVPFNTKTPYGPT,non_amp_negative.csv,0,non_amp,0,14,0.275,2,0.25,0.25,0.375,0.14285714285714285,0.21428571428571427
MREKWKKKRSRRLRRKRRKMRARSK,non_amp_negative.csv,0,non_amp,1,25,0.0,0,0.0,0.0,0.0,0.0,0.0
ASGENQAELKLATHNVYML,non_amp_negative.csv,0,non_amp,0,19,0.13833333333333334,2,0.16666666666666666,0.2,0.0,0.05263157894736842,0.0
GFGMLFKFL,non_amp_negative.csv,0,non_amp,0,9,0.2916666666666667,2,0.3333333333333333,0.5,0.0,0.2222222222222222,0.0
EAEPKPFNPVCYEPKEVGPCKAYVP,non_amp_negative.csv,0,non_amp,0,25,0.1455357142857143,2,0.125,0.14285714285714285,0.21428571428571427,0.04,0.24
KRMLSNRESARRSRMRKQK,non_amp_negative.csv,0,non_amp,0,19,0.0,0,0.0,0.0,0.0,0.0,0.0
AGDVIYIVR,non_amp_negative.csv,0,non_amp,0,9,0.2916666666666667,1,0.3333333333333333,0.5,0.0,0.1111111111111111,0.0
KPENENEEALHE,non_amp_negative.csv,0,non_amp,0,12,0.025,0,0.0,0.0,0.125,0.0,0.08333333333333333
LVLPEVYDQDGHPLRIGQRYIINNP,non_amp_negative.csv,0,non_amp,0,25,0.23750000000000002,1,0.25,0.25,0.1875,0.08,0.12
GLLSSLGLNL,non_amp_negative.csv,0,non_amp,0,10,0.425,0,0.5,0.6666666666666666,0.0,0.2,0.0
AAAELSLVQLESLREVCEQ,non_amp_negative.csv,0,non_amp,0,19,0.0,0,0.0,0.0,0.0,0.0,0.0
TGDMSGEGKGMWFGPRL,non_amp_negative.csv,0,non_amp,0,17,0.43500000000000005,1,0.5,0.6,0.1,0.29411764705882354,0.058823529411764705
QPPTPPEHRFPGLM,non_amp_negative.csv,0,non_amp,0,14,0.25,2,0.25,0.25,0.25,0.07142857142857142,0.35714285714285715
MIINHNMSAMFAQRTLGVTNNAIGKDME,non_amp_negative.csv,0,non_amp,0,28,0.09097222222222222,2,0.1111111111111111,0.125,0.0,0.07142857142857142,0.0
MSRLFFVCRKVR,non_amp_negative.csv,0,non_amp,0,12,0.0,0,0.0,0.0,0.0,0.0,0.0
VSGTSYADYLR,non_amp_negative.csv,0,non_amp,0,11,0.26666666666666666,2,0.3333333333333333,0.3333333333333333,0.0,0.09090909090909091,0.0
GRCCDVPNACSGRWCRDHAQCC,non_amp_negative.csv,0,non_amp,1,22,0.13452380952380952,2,0.14285714285714285,0.16666666666666666,0.08333333333333333,0.09090909090909091,0.045454545454545456
DEGPYKMEHFRWGSPRKD,non_amp_negative.csv,0,non_amp,0,18,0.15833333333333335,2,0.16666666666666666,0.2,0.1,0.1111111111111111,0.1111111111111111
VFEIAPSAK,non_amp_negative.csv,0,non_amp,0,9,0.05,1,0.0,0.0,0.25,0.0,0.1111111111111111
QLHVNKARRVYIL,non_amp_negative.csv,0,non_amp,0,13,0.0,0,0.0,0.0,0.0,0.0,0.0
EAIKRARNIALLPI,non_amp_negative.csv,0,non_amp,0,14,0.025,1,0.0,0.0,0.125,0.0,0.07142857142857142
GPMGWVPVFYRF,non_amp_negative.csv,0,non_amp,0,12,0.42500000000000004,0,0.5,0.5,0.125,0.16666666666666666,0.16666666666666666
APQPYAFGL,non_amp_negative.csv,0,non_amp,0,9,0.26666666666666666,1,0.3333333333333333,0.0,0.25,0.1111111111111111,0.2222222222222222
VVKQGLLAGRIPGL,non_amp_negative.csv,0,non_amp,0,14,0.2,2,0.25,0.25,0.0,0.21428571428571427,0.07142857142857142
SVAVAGAIIKGAALTFNVLQ,non_amp_negative.csv,0,non_amp,0,20,0.13333333333333333,2,0.16666666666666666,0.16666666666666666,0.0,0.1,0.0
SVFDEYLEKSKANK,non_amp_negative.csv,0,non_amp,0,14,0.0,0,0.0,0.0,0.0,0.0,0.0
TQAGSQNPNDLSPGP,non_amp_negative.csv,0,non_amp,0,15,0.2,0,0.2,0.2,0.2,0.13333333333333333,0.2
DRVYVHPFHL,non_amp_negative.csv,0,non_amp,0,10,0.05,2,0.0,0.0,0.25,0.0,0.1
DSSVLTSEYPR,non_amp_negative.csv,0,non_amp,0,11,0.03333333333333333,1,0.0,0.0,0.16666666666666666,0.0,0.09090909090909091
MRWEKPSYNDMRFGFEVTMYIYNR,non_amp_negative.csv,0,non_amp,0,24,0.11696428571428572,1,0.125,0.14285714285714285,0.07142857142857142,0.041666666666666664,0.041666666666666664
QQWPPGHHIPP,non_amp_negative.csv,0,non_amp,0,11,0.39999999999999997,2,0.3333333333333333,0.3333333333333333,0.6666666666666666,0.09090909090909091,0.36363636363636365
KLSYDDKVFENVEFTPRL,non_amp_negative.csv,0,non_amp,0,18,0.020000000000000004,1,0.0,0.0,0.1,0.0,0.05555555555555555
GVPTVNAV,non_amp_negative.csv,0,non_amp,0,8,0.3416666666666667,0,0.3333333333333333,0.5,0.25,0.125,0.125
PLATMKEYLATSSVNEGTSKES,non_amp_negative.csv,0,non_amp,0,22,0.11428571428571428,1,0.14285714285714285,0.14285714285714285,0.0,0.045454545454545456,0.045454545454545456
IRCTGSKECYSPCYKATGCPNAKC,non_amp_negative.csv,0,non_amp,1,24,0.11696428571428572,1,0.125,0.14285714285714285,0.07142857142857142,0.08333333333333333,0.08333333333333333
YLSDVAKGVICGLGAKGYDYALDFAISELQ,non_amp_negative.csv,0,non_amp,0,30,0.245,1,0.3,0.3333333333333333,0.0,0.13333333333333333,0.0
GDCPWKPWC,non_amp_negative.csv,0,non_amp,0,9,0.26666666666666666,0,0.3333333333333333,0.3333333333333333,0.0,0.1111111111111111,0.2222222222222222
YDIPEPFRWDESFKVFYE,non_amp_negative.csv,0,non_amp,0,18,0.04000000000000001,1,0.0,0.0,0.2,0.0,0.1111111111111111
EFLKDYIDRKSRVAVHNRIKDLKTLGFKIE,non_amp_negative.csv,0,non_amp,0,30,0.08166666666666667,1,0.1,0.1111111111111111,0.0,0.03333333333333333,0.0
GAYGQGQNIGQLFVNILIFLFY,non_amp_negative.csv,0,non_amp,0,22,0.3080357142857143,0,0.375,0.42857142857142855,0.0,0.18181818181818182,0.0
NLMQFELLIMKVAGRSGIVWYSD,non_amp_negative.csv,0,non_amp,0,23,0.20535714285714285,1,0.25,0.2857142857142857,0.0,0.08695652173913043,0.0
GLPGESGAVGPAGPIGSR,non_amp_negative.csv,0,non_amp,0,18,0.8500000000000001,0,1.0,1.0,0.25,0.3333333333333333,0.16666666666666666
KCDVDIRK,non_amp_negative.csv,0,non_amp,0,8,0.0,0,0.0,0.0,0.0,0.0,0.0
CSVVDLAR,non_amp_negative.csv,0,non_amp,0,8,0.0,0,0.0,0.0,0.0,0.0,0.0
GSSGGLITFGRT,non_amp_negative.csv,0,non_amp,0,12,0.6000000000000001,0,0.75,0.75,0.0,0.3333333333333333,0.0
QKKDKKDRFY,non_amp_negative.csv,0,non_amp,0,10,0.0,0,0.0,0.0,0.0,0.0,0.0
VVGGDECNINEHRSLVAIF,non_amp_negative.csv,0,non_amp,0,19,0.13833333333333334,2,0.16666666666666666,0.2,0.0,0.10526315789473684,0.0
NYDKNFYEDTLP,non_amp_negative.csv,0,non_amp,0,12,0.025,0,0.0,0.0,0.125,0.0,0.08333333333333333
NLQYLKNMIKCTNTRHWLSFTNYGCYCG,non_amp_negative.csv,0,non_amp,1,28,0.09097222222222222,2,0.1111111111111111,0.125,0.0,0.07142857142857142,0.0
MATPLVDPAK,non_amp_negative.csv,0,non_amp,0,10,0.1,2,0.0,0.0,0.5,0.0,0.2
SGGAQGQQTEIEI,non_amp_negative.csv,0,non_amp,0,13,0.425,2,0.5,0.6666666666666666,0.0,0.23076923076923078,0.0
VIGGDECNINEHRFL,non_amp_negative.csv,0,non_amp,0,15,0.1675,2,0.2,0.25,0.0,0.13333333333333333,0.0
HSQGTFTSDYSKYLDSRRAQDFVQWLMNT,non_amp_negative.csv,0,non_amp,0,29,0.08166666666666667,0,0.1,0.1111111111111111,0.0,0.034482758620689655,0.0
MSDELIHVVIALGLVISFGLGAITAGVLR,non_amp_negative.csv,0,non_amp,0,29,0.16333333333333333,0,0.2,0.2222222222222222,0.0,0.13793103448275862,0.0
DCCPCPAGAVRCRFACC,non_amp_negative.csv,0,non_amp,1,17,0.17833333333333334,1,0.16666666666666666,0.2,0.2,0.058823529411764705,0.11764705882352941
GLVSNLGI,non_amp_negative.csv,0,non_amp,0,8,0.5083333333333333,0,0.6666666666666666,0.5,0.0,0.25,0.0
VIGGSDTTIGQYPHQLSLR,non_amp_negative.csv,0,non_amp,0,19,0.2357142857142857,0,0.2857142857142857,0.3333333333333333,0.0,0.15789473684210525,0.05263157894736842
MICYSHKTPQPSATIGCEEKTCYKKSVRKL,non_amp_negative.csv,0,non_amp,1,30,0.1,0,0.1,0.1,0.1,0.03333333333333333,0.06666666666666667
VVVTLASGLEMCDTTTDGGGWTIFQ,non_amp_negative.csv,0,non_amp,0,25,0.2,1,0.25,0.25,0.0,0.16,0.0
NSTMNSLLQLGR,non_amp_negative.csv,0,non_amp,0,12,0.1625,1,0.25,0.0,0.0,0.08333333333333333,0.0
LKRDDIDIILINQNCAEL,non_amp_negative.csv,0,non_amp,0,18,0.0,0,0.0,0.0,0.0,0.0,0.0
DMHDFFVGLM,non_amp_negative.csv,0,non_amp,0,10,0.26666666666666666,1,0.3333333333333333,0.3333333333333333,0.0,0.1,0.0
TLTSFGEWR,non_amp_negative.csv,0,non_amp,0,9,0.2916666666666667,2,0.3333333333333333,0.5,0.0,0.1111111111111111,0.0
QGCCNGPKGCSSKWCRDHARCC,non_amp_negative.csv,0,non_amp,1,22,0.2523809523809524,2,0.2857142857142857,0.3333333333333333,0.08333333333333333,0.13636363636363635,0.045454545454545456
GNKATQSQVQTAMFMYIVFQGVLMYIGYR,non_amp_negative.csv,0,non_amp,0,29,0.17777777777777776,2,0.2222222222222222,0.2222222222222222,0.0,0.10344827586206896,0.0
DTRPPGFTPFR,non_amp_negative.csv,0,non_amp,0,11,0.3333333333333333,2,0.3333333333333333,0.3333333333333333,0.3333333333333333,0.09090909090909091,0.2727272727272727
GLISNLGI,non_amp_negative.csv,0,non_amp,0,8,0.5083333333333333,0,0.6666666666666666,0.5,0.0,0.25,0.0
MGRIGVLTGNAGEIR,non_amp_negative.csv,0,non_amp,0,15,0.335,1,0.4,0.5,0.0,0.26666666666666666,0.0
GGCDGDRQDM,non_amp_negative.csv,0,non_amp,0,10,0.5333333333333333,1,0.6666666666666666,0.6666666666666666,0.0,0.3,0.0
AEYTLPDLGWDYAASGPG,non_amp_negative.csv,0,non_amp,0,18,0.2666666666666667,2,0.3333333333333333,0.2,0.1,0.16666666666666666,0.1111111111111111
AEYFQHWGQGTLVTVSS,non_amp_negative.csv,0,non_amp,0,17,0.13833333333333334,0,0.16666666666666666,0.2,0.0,0.11764705882352941,0.0
CKGKGASCSRTMYNCCSGSCNRGKCG,non_amp_negative.csv,0,non_amp,1,26,0.25416666666666665,1,0.3333333333333333,0.25,0.0,0.19230769230769232,0.0
ASEPTALGLPRIFPGLM,non_amp_negative.csv,0,non_amp,0,17,0.22,2,0.2,0.2,0.3,0.11764705882352941,0.17647058823529413
GASGLIPFPRL,non_amp_negative.csv,0,non_amp,0,11,0.4583333333333333,0,0.5,0.6666666666666666,0.16666666666666666,0.18181818181818182,0.18181818181818182
SPALADEHNDNFLRF,non_amp_negative.csv,0,non_amp,0,15,0.020000000000000004,0,0.0,0.0,0.1,0.0,0.06666666666666667
GPETAFLRL,non_amp_negative.csv,0,non_amp,0,9,0.3,0,0.3333333333333333,0.3333333333333333,0.16666666666666666,0.1111111111111111,0.1111111111111111
FRGRTVARGPLSIARLGPR,non_amp_negative.csv,0,non_amp,0,19,0.2966666666666667,2,0.3333333333333333,0.4,0.1,0.15789473684210525,0.10526315789473684
MLFKKISKFVGWLSGSSVGSITSKTHE,non_amp_negative.csv,0,non_amp,0,27,0.09097222222222222,1,0.1111111111111111,0.125,0.0,0.1111111111111111,0.0
WCASGCRKKRHGGCSC,non_amp_negative.csv,0,non_amp,1,16,0.1675,2,0.2,0.25,0.0,0.1875,0.0
YNSSLIIE,non_amp_negative.csv,0,non_amp,0,8,0.0,0,0.0,0.0,0.0,0.0,0.0
THSGGACNSHDQCCNAFCSTATRTCV,non_amp_negative.csv,0,non_amp,1,26,0.09097222222222222,0,0.1111111111111111,0.125,0.0,0.07692307692307693,0.0
GADFYSWG,non_amp_negative.csv,0,non_amp,0,8,0.2916666666666667,0,0.3333333333333333,0.5,0.0,0.25,0.0
MRDKWRKKRVRRLKRKRRKMRARSK,non_amp_negative.csv,0,non_amp,1,25,0.0,0,0.0,0.0,0.0,0.0,0.0
SDRNFLRF,non_amp_negative.csv,0,non_amp,0,8,0.0,0,0.0,0.0,0.0,0.0,0.0
MELILNKEYRLVIIVLISVYYRYRFFLLLF,non_amp_negative.csv,0,non_amp,1,30,0.0,0,0.0,0.0,0.0,0.0,0.0
TGTRARYQRQLSRAVKRARYLSLLPYTDH,non_amp_negative.csv,0,non_amp,0,29,0.09277777777777778,1,0.1,0.1111111111111111,0.05555555555555555,0.034482758620689655,0.034482758620689655
NPNPVPIPLVDIDYL,non_amp_negative.csv,0,non_amp,0,15,0.06,0,0.0,0.0,0.3,0.0,0.26666666666666666
AQNVIAPNTLSNSIRMLGSQSPLIQAYG,non_amp_negative.csv,0,non_amp,0,28,0.11597222222222221,2,0.1111111111111111,0.125,0.125,0.07142857142857142,0.07142857142857142
MQVNLRCSE,non_amp_negative.csv,0,non_amp,0,9,0.0,0,0.0,0.0,0.0,0.0,0.0
FYSAPTRDNVFEL,non_amp_negative.csv,0,non_amp,0,13,0.03333333333333333,2,0.0,0.0,0.16666666666666666,0.0,0.07692307692307693
RCCGYKFCYIC,non_amp_negative.csv,0,non_amp,1,11,0.2125,0,0.25,0.3333333333333333,0.0,0.09090909090909091,0.0
SPHYNFGL,non_amp_negative.csv,0,non_amp,0,8,0.26666666666666666,0,0.3333333333333333,0.0,0.25,0.125,0.125
LRCTFGRTVK,non_amp_negative.csv,0,non_amp,0,10,0.2916666666666667,2,0.3333333333333333,0.5,0.0,0.1,0.0
GLTDQKSAPPGL,non_amp_negative.csv,0,non_amp,0,12,0.22916666666666669,1,0.25,0.0,0.3333333333333333,0.16666666666666666,0.16666666666666666
MALPLLEYKPT,non_amp_negative.csv,0,non_amp,0,11,0.06666666666666667,1,0.0,0.0,0.3333333333333333,0.0,0.18181818181818182
RICPRIWMECKRDSDCMAQCICVDGHCG,non_amp_negative.csv,0,non_amp,1,28,0.14666666666666667,0,0.2,0.1111111111111111,0.0,0.07142857142857142,0.03571428571428571
MLHHMTSRANLLLLRRGGSQRS,non_amp_negative.csv,0,non_amp,0,22,0.11785714285714285,2,0.14285714285714285,0.16666666666666666,0.0,0.09090909090909091,0.0
VSCEDCPDHCSTQKARAKCDNDKCVCEPI,non_amp_negative.csv,0,non_amp,1,29,0.022222222222222223,1,0.0,0.0,0.1111111111111111,0.0,0.06896551724137931
PYDRISSSAFSDF,non_amp_negative.csv,0,non_amp,0,13,0.0,0,0.0,0.0,0.0,0.0,0.07692307692307693
QAVLGAGLPCNTTTSPIIKVCASGMK,non_amp_negative.csv,0,non_amp,0,26,0.11597222222222221,1,0.1111111111111111,0.125,0.125,0.11538461538461539,0.07692307692307693
GCPWDSWC,non_amp_negative.csv,0,non_amp,0,8,0.3416666666666667,0,0.3333333333333333,0.5,0.25,0.125,0.125
MVKLRLKRCGRK,non_amp_negative.csv,0,non_amp,0,12,0.2,0,0.25,0.25,0.0,0.08333333333333333,0.0
VAAGRPRF,non_amp_negative.csv,0,non_amp,0,8,0.3416666666666667,0,0.3333333333333333,0.5,0.25,0.125,0.125
MQLFHLCLIISCSCPTVQASKLCLGWL,non_amp_negative.csv,0,non_amp,1,27,0.09999999999999999,0,0.1111111111111111,0.1111111111111111,0.05555555555555555,0.037037037037037035,0.037037037037037035
GGGSNFGQFAGGLLDR,non_amp_negative.csv,0,non_amp,0,16,0.335,2,0.4,0.5,0.0,0.375,0.0
PYLLNLPPEK,non_amp_negative.csv,0,non_amp,0,10,0.1,2,0.0,0.0,0.5,0.0,0.3
QKKDRFLGLM,non_amp_negative.csv,0,non_amp,0,10,0.26666666666666666,1,0.3333333333333333,0.3333333333333333,0.0,0.1,0.0
ATYTLPEPPYDYAAL,non_amp_negative.csv,0,non_amp,0,15,0.06,0,0.0,0.0,0.3,0.0,0.2
ACGSCRKKCKGPGKCINGRCKCY,non_amp_negative.csv,0,non_amp,1,23,0.22857142857142856,2,0.2857142857142857,0.2857142857142857,0.0,0.17391304347826086,0.043478260869565216
SQEEVQKMTDAAI,non_amp_negative.csv,0,non_amp,0,13,0.0,0,0.0,0.0,0.0,0.0,0.0
TDMLAVSVSSTDAIGHKYGT,non_amp_negative.csv,0,non_amp,0,20,0.13333333333333333,2,0.16666666666666666,0.16666666666666666,0.0,0.1,0.0
MIKPDGVQRGLVGEIISRGDFAIDIGR,non_amp_negative.csv,0,non_amp,0,27,0.26666666666666666,0,0.3333333333333333,0.3333333333333333,0.0,0.18518518518518517,0.037037037037037035
QNWPHPPMPP,non_amp_negative.csv,0,non_amp,0,10,0.16666666666666669,1,0.0,0.0,0.8333333333333334,0.0,0.5
EAAGLLAFPRT,non_amp_negative.csv,0,non_amp,0,11,0.24583333333333332,0,0.25,0.3333333333333333,0.16666666666666666,0.09090909090909091,0.09090909090909091
GYRKPPFNGSIF,non_amp_negative.csv,0,non_amp,0,12,0.25,0,0.25,0.25,0.25,0.16666666666666666,0.16666666666666666
MQLVLAAKYIGAAIATIGLIGADDKTSNM,non_amp_negative.csv,0,non_amp,0,29,0.17777777777777776,2,0.2222222222222222,0.2222222222222222,0.0,0.10344827586206896,0.0
MDTVSIAWAALMVIFTFSISLVVWGRNGL,non_amp_negative.csv,0,non_amp,0,29,0.14666666666666667,0,0.2,0.1111111111111111,0.0,0.06896551724137931,0.0
MNPCSSNCSCGASCTCSGCSSHKK,non_amp_negative.csv,0,non_amp,1,24,0.11696428571428572,1,0.125,0.14285714285714285,0.07142857142857142,0.08333333333333333,0.041666666666666664
GCVLLPWC,non_amp_negative.csv,0,non_amp,0,8,0.3416666666666667,0,0.3333333333333333,0.5,0.25,0.125,0.125
VIGGDECNINEHRFLVALYDPDGFLSGGIL,non_amp_negative.csv,0,non_amp,0,30,0.17,0,0.2,0.2,0.05,0.16666666666666666,0.03333333333333333
GRDAYIADSENCTYT,non_amp_negative.csv,0,non_amp,0,15,0.16,0,0.2,0.2,0.0,0.06666666666666667,0.0
QELASFHSVSKGFMGECGFR,non_amp_negative.csv,0,non_amp,0,20,0.4,2,0.5,0.5,0.0,0.15,0.0
RVCPRILMECKKDSDCLAECVCLEHGYCG,non_amp_negative.csv,0,non_amp,1,29,0.15777777777777777,1,0.2,0.1111111111111111,0.05555555555555555,0.06896551724137931,0.034482758620689655
KMLGVVAKKPMSDYE,non_amp_negative.csv,0,non_amp,0,15,0.16,0,0.2,0.2,0.0,0.06666666666666667,0.06666666666666667
FQPSLVLDTAKILLDNYTFPESLMG,non_amp_negative.csv,0,non_amp,0,25,0.09722222222222221,0,0.1111111111111111,0.0,0.125,0.04,0.08
RGDKDIFTVHDILKARGEI,non_amp_negative.csv,0,non_amp,0,19,0.26666666666666666,1,0.3333333333333333,0.3333333333333333,0.0,0.10526315789473684,0.0
DSPAGVSDAQKQ,non_amp_negative.csv,0,non_amp,0,12,0.24583333333333332,1,0.25,0.3333333333333333,0.16666666666666666,0.08333333333333333,0.08333333333333333
LTYDEIQSKGGSTGYDNAVALPAGGR,non_amp_negative.csv,0,non_amp,0,26,0.19444444444444445,1,0.2222222222222222,0.25,0.0625,0.19230769230769232,0.038461538461538464
MDLSFTLSVVTA,non_amp_negative.csv,0,non_amp,0,12,0.0,0,0.0,0.0,0.0,0.0,0.0
MIERELGNWKDFIEVMLRK,non_amp_negative.csv,0,non_amp,0,19,0.11785714285714285,0,0.14285714285714285,0.16666666666666666,0.0,0.05263157894736842,0.0
RLKVIPEKLKDVKLVCTDVFGDN,non_amp_negative.csv,0,non_amp,0,23,0.11428571428571428,2,0.14285714285714285,0.14285714285714285,0.0,0.043478260869565216,0.043478260869565216
SDYLQLARG,non_amp_negative.csv,0,non_amp,0,9,0.21666666666666667,2,0.3333333333333333,0.0,0.0,0.1111111111111111,0.0
MKTISRQAYADMFGPTTGDRLRLADTELFL,non_amp_negative.csv,0,non_amp,0,30,0.09277777777777778,1,0.1,0.1111111111111111,0.05555555555555555,0.06666666666666667,0.03333333333333333
DGDMSGEGKGMWFGPRL,non_amp_negative.csv,0,non_amp,0,17,0.43500000000000005,1,0.5,0.6,0.1,0.29411764705882354,0.058823529411764705
MSYIVRFTGLLLLNAFIVRGRPVGGIQH,non_amp_negative.csv,0,non_amp,0,28,0.19444444444444445,2,0.2222222222222222,0.25,0.0625,0.14285714285714285,0.03571428571428571
MTWTTPAYTELRLGFEITMYIANR,non_amp_negative.csv,0,non_amp,0,24,0.11696428571428572,1,0.125,0.14285714285714285,0.07142857142857142,0.041666666666666664,0.041666666666666664
PAPESNFVRDP,non_amp_negative.csv,0,non_amp,0,11,0.03333333333333333,0,0.0,0.0,0.16666666666666666,0.0,0.2727272727272727
MNNSCLSQSTQWWWRAN,non_amp_negative.csv,0,non_amp,0,17,0.0,0,0.0,0.0,0.0,0.0,0.0
MTPHDEEVDSSD,non_amp_negative.csv,0,non_amp,0,12,0.03333333333333333,1,0.0,0.0,0.16666666666666666,0.0,0.08333333333333333
MIDKAIIVLGALIALLELIRFLLQLLN,non_amp_negative.csv,0,non_amp,1,27,0.08888888888888888,0,0.1111111111111111,0.1111111111111111,0.0,0.037037037037037035,0.0
RWDVDQCIYYCLNGVVGYSYTECQTMCT,non_amp_negative.csv,0,non_amp,1,28,0.17777777777777776,1,0.2222222222222222,0.2222222222222222,0.0,0.07142857142857142,0.0
TSSLFPHPRL,non_amp_negative.csv,0,non_amp,0,10,0.06666666666666667,0,0.0,0.0,0.3333333333333333,0.0,0.2
PASDSGFLRDP,non_amp_negative.csv,0,non_amp,0,11,0.3,2,0.3333333333333333,0.3333333333333333,0.16666666666666666,0.09090909090909091,0.18181818181818182
MISDSQIFVALLFALVSAVLAIRLGTDLYQ,non_amp_negative.csv,0,non_amp,0,30,0.08,0,0.1,0.1,0.0,0.03333333333333333,0.0
DDSMEEVVTVFIRTGSSLKA,non_amp_negative.csv,0,non_amp,0,20,0.13333333333333333,2,0.16666666666666666,0.16666666666666666,0.0,0.05,0.0
MLVGMTEMVN,non_amp_negative.csv,0,non_amp,0,10,0.2125,0,0.25,0.3333333333333333,0.0,0.1,0.0
MTTKFVFDLLAPDDILHPSNHVNLIIRPI,non_amp_negative.csv,0,non_amp,0,29,0.03333333333333333,1,0.0,0.0,0.16666666666666666,0.0,0.10344827586206896
NCPYCVVYCCPPAYCEASGCRPP,non_amp_negative.csv,0,non_amp,1,23,0.1455357142857143,0,0.125,0.14285714285714285,0.21428571428571427,0.043478260869565216,0.21739130434782608
CTCKDMTDKECLYFCHQDIIW,non_amp_negative.csv,0,non_amp,1,21,0.0,0,0.0,0.0,0.0,0.0,0.0
SLSIMEPIR,non_amp_negative.csv,0,non_amp,0,9,0.05,1,0.0,0.0,0.25,0.0,0.1111111111111111
LPVMVIFGLSFPPIFLELLISLALFFVVR,non_amp_negative.csv,0,non_amp,1,29,0.10388888888888889,1,0.1,0.1111111111111111,0.1111111111111111,0.034482758620689655,0.10344827586206896
KPKCGLCRYRCCSGGCSSGKCVNGACDCS,non_amp_negative.csv,0,non_amp,1,29,0.17777777777777776,2,0.2222222222222222,0.2222222222222222,0.0,0.1724137931034483,0.034482758620689655
FVLPFDVLDSGRDLDRGWPYA,non_amp_negative.csv,0,non_amp,0,21,0.26904761904761904,1,0.2857142857142857,0.3333333333333333,0.16666666666666666,0.09523809523809523,0.09523809523809523
QDGKSSFQKEGGGVR,non_amp_negative.csv,0,non_amp,0,15,0.335,2,0.4,0.5,0.0,0.26666666666666666,0.0
VDSEDLIEAFKIYVEDDNEHLQGSVD,non_amp_negative.csv,0,non_amp,0,26,0.09097222222222222,1,0.1111111111111111,0.125,0.0,0.038461538461538464,0.0
MVELKFLIAFFLAFTAGILAIKLGQALYDC,non_amp_negative.csv,0,non_amp,0,30,0.08166666666666667,1,0.1,0.1111111111111111,0.0,0.06666666666666667,0.0
APVENQGSFPKMFPRGSHWAVGHLM,non_amp_negative.csv,0,non_amp,0,25,0.29791666666666666,0,0.3333333333333333,0.375,0.125,0.12,0.12
SDRELHRSKAAYFF,non_amp_negative.csv,0,non_amp,0,14,0.0,0,0.0,0.0,0.0,0.0,0.0
AGLLVYPRL,non_amp_negative.csv,0,non_amp,0,9,0.3416666666666667,1,0.3333333333333333,0.5,0.25,0.1111111111111111,0.1111111111111111
LIPTIILILGWGYQPERLPASYYFLFYTLL,non_amp_negative.csv,0,non_amp,0,30,0.1,0,0.1,0.1,0.1,0.06666666666666667,0.1
SHDKPDHIRLFELKKDDLLISVHNA,non_amp_negative.csv,0,non_amp,0,25,0.014285714285714285,2,0.0,0.0,0.07142857142857142,0.0,0.04
PTSQPRGDPTGPKE,non_amp_negative.csv,0,non_amp,0,14,0.24250000000000002,0,0.2,0.25,0.375,0.14285714285714285,0.2857142857142857
AFCCPSGWSAYDQ,non_amp_negative.csv,0,non_amp,0,13,0.1925,0,0.2,0.25,0.125,0.07692307692307693,0.07692307692307693
MQLFHLCLIIFCSCPTVQASKLCLGWL,non_amp_negative.csv,0,non_amp,1,27,0.09999999999999999,0,0.1111111111111111,0.1111111111111111,0.05555555555555555,0.037037037037037035,0.037037037037037035
TRSGGACNSHNQCCDDFCSTATSTCI,non_amp_negative.csv,0,non_amp,1,26,0.09097222222222222,0,0.1111111111111111,0.125,0.0,0.07692307692307693,0.0
LQPGLEYQYRYSARV,non_amp_negative.csv,0,non_amp,0,15,0.18000000000000002,0,0.2,0.2,0.1,0.06666666666666667,0.06666666666666667
MDIVGITWAALMVVFTFSLSLVVWGRSGL,non_amp_negative.csv,0,non_amp,0,29,0.14666666666666667,0,0.2,0.1111111111111111,0.0,0.10344827586206896,0.0
DCQPCGHNVCC,non_amp_negative.csv,0,non_amp,1,11,0.3,2,0.3333333333333333,0.3333333333333333,0.16666666666666666,0.09090909090909091,0.09090909090909091
GADPGCQDVVTPVQ,non_amp_negative.csv,0,non_amp,0,14,0.2175,1,0.2,0.25,0.25,0.14285714285714285,0.14285714285714285
MARIAGVNIPTGKRVPI,non_amp_negative.csv,0,non_amp,0,17,0.36000000000000004,2,0.4,0.4,0.2,0.11764705882352941,0.11764705882352941
RATVNGLPA,non_amp_negative.csv,0,non_amp,0,9,0.3416666666666667,2,0.3333333333333333,0.5,0.25,0.1111111111111111,0.1111111111111111
ANIVGGIEYSINNASICSVGFSVTR,non_amp_negative.csv,0,non_amp,0,25,0.2,1,0.25,0.25,0.0,0.12,0.0
NQDCLSDWSFYEQYCYKVF,non_amp_negative.csv,0,non_amp,0,19,0.0,0,0.0,0.0,0.0,0.0,0.0
QKKDKDRFYGLM,non_amp_negative.csv,0,non_amp,0,12,0.2,0,0.25,0.25,0.0,0.08333333333333333,0.0
VATVSLPR,non_amp_negative.csv,0,non_amp,0,8,0.05,1,0.0,0.0,0.25,0.0,0.125
GGPYAFGL,non_amp_negative.csv,0,non_amp,0,8,0.5583333333333333,0,0.6666666666666666,0.5,0.25,0.375,0.125
QYADCSEIYNDGFK,non_amp_negative.csv,0,non_amp,0,14,0.2,2,0.25,0.25,0.0,0.07142857142857142,0.0
APSQSTVTALLTSCVSYIDDQ,non_amp_negative.csv,0,non_amp,0,21,0.014285714285714285,0,0.0,0.0,0.07142857142857142,0.0,0.047619047619047616
INWLKLGKKVSAIL,non_amp_negative.csv,0,non_amp,0,14,0.1675,0,0.2,0.25,0.0,0.07142857142857142,0.0
LPTGPNNPTTLDNSSII,non_amp_negative.csv,0,non_amp,0,17,0.19833333333333333,0,0.16666666666666666,0.2,0.3,0.058823529411764705,0.17647058823529413
RKRHPDCDKAADTRI,non_amp_negative.csv,0,non_amp,0,15,0.025,2,0.0,0.0,0.125,0.0,0.06666666666666667
MIPAAFDYVAPSTVDEAVQAL,non_amp_negative.csv,0,non_amp,0,21,0.02857142857142857,0,0.0,0.0,0.14285714285714285,0.0,0.09523809523809523
HSEGTFSNDYSKYLETRRAQDFVQWLKNS,non_amp_negative.csv,0,non_amp,0,29,0.08166666666666667,0,0.1,0.1111111111111111,0.0,0.034482758620689655,0.0
MCMLSWFISTSPLKEYCGGKRNLQRNNF,non_amp_negative.csv,0,non_amp,0,28,0.09277777777777778,0,0.1,0.1111111111111111,0.05555555555555555,0.07142857142857142,0.03571428571428571
AELTSCFPVDHECDGGASNCNCCGDDVYCA,non_amp_negative.csv,0,non_amp,1,30,0.17444444444444443,2,0.2,0.2222222222222222,0.05555555555555555,0.1,0.03333333333333333
AQPPQQADFL,non_amp_negative.csv,0,non_amp,0,10,0.06666666666666667,1,0.0,0.0,0.3333333333333333,0.0,0.2
KQCTSNMCSADCSPGCCIIDKLEWCTCDC,non_amp_negative.csv,0,non_amp,1,29,0.09999999999999999,2,0.1111111111111111,0.1111111111111111,0.05555555555555555,0.034482758620689655,0.034482758620689655
CYINNCPVG,non_amp_negative.csv,0,non_amp,0,9,0.26666666666666666,2,0.3333333333333333,0.0,0.25,0.1111111111111111,0.1111111111111111
KTGVNKPELLPKEETTVIDV,non_amp_negative.csv,0,non_amp,0,20,0.16666666666666666,2,0.16666666666666666,0.16666666666666666,0.16666666666666666,0.05,0.1
PAWLVDCPCVGDDVNRLLTRGER,non_amp_negative.csv,0,non_amp,0,23,0.1285714285714286,2,0.14285714285714285,0.14285714285714285,0.07142857142857142,0.08695652173913043,0.08695652173913043
GFGSLFKFL,non_amp_negative.csv,0,non_amp,0,9,0.2916666666666667,2,0.3333333333333333,0.5,0.0,0.2222222222222222,0.0
TEVTFKVGEGSSGKS,non_amp_negative.csv,0,non_amp,0,15,0.32,0,0.4,0.4,0.0,0.2,0.0
AYGEAANVFGAPK,non_amp_negative.csv,0,non_amp,0,13,0.2125,2,0.25,0.3333333333333333,0.0,0.15384615384615385,0.07692307692307693
TNRNFLRF,non_amp_negative.csv,0,non_amp,0,8,0.0,0,0.0,0.0,0.0,0.0,0.0
FLNPFRWMINKYREWKNKKN,non_amp_negative.csv,0,non_amp,0,20,0.016666666666666666,1,0.0,0.0,0.08333333333333333,0.0,0.05
SVINTQIKPFKTQAFKNGKFIEVTE,non_amp_negative.csv,0,non_amp,0,25,0.10267857142857142,2,0.125,0.14285714285714285,0.0,0.04,0.04
FLFQPQRF,non_amp_negative.csv,0,non_amp,0,8,0.05,0,0.0,0.0,0.25,0.0,0.125
KDDYPVDTAK,non_amp_negative.csv,0,non_amp,0,10,0.05,2,0.0,0.0,0.25,0.0,0.1
VIGGDECNINEHPFLA,non_amp_negative.csv,0,non_amp,0,16,0.1925,2,0.2,0.25,0.125,0.125,0.0625
GFIGDIWSGIQG,non_amp_negative.csv,0,non_amp,0,12,0.4,0,0.5,0.5,0.0,0.3333333333333333,0.0
SGLQFAVLDGQGFIPFPRV,non_amp_negative.csv,0,non_amp,0,19,0.15833333333333335,2,0.16666666666666666,0.2,0.1,0.15789473684210525,0.10526315789473684
PSYKLHYFDLRAAGE,non_amp_negative.csv,0,non_amp,0,15,0.13,1,0.2,0.0,0.0,0.06666666666666667,0.06666666666666667
DMYSKSTAAMSTYAGILTDQVLSMLKGEE,non_amp_negative.csv,0,non_amp,0,29,0.17777777777777776,2,0.2222222222222222,0.2222222222222222,0.0,0.06896551724137931,0.0
ALGDQLLSVFVDHTLVDEVA,non_amp_negative.csv,0,non_amp,0,20,0.13333333333333333,2,0.16666666666666666,0.16666666666666666,0.0,0.05,0.0
YAIAGRPRF,non_amp_negative.csv,0,non_amp,0,9,0.3416666666666667,1,0.3333333333333333,0.5,0.25,0.1111111111111111,0.1111111111111111
ADDSDPVGGEFLAEGGGVR,non_amp_negative.csv,0,non_amp,0,19,0.2833333333333333,1,0.3333333333333333,0.3333333333333333,0.08333333333333333,0.2631578947368421,0.05263157894736842
APACVGFQGMR,non_amp_negative.csv,0,non_amp,0,11,0.5333333333333333,2,0.6666666666666666,0.6666666666666666,0.0,0.18181818181818182,0.09090909090909091
QVNFTPGW,non_amp_negative.csv,0,non_amp,0,8,0.26666666666666666,0,0.3333333333333333,0.0,0.25,0.125,0.125
NNQLNASHK,non_amp_negative.csv,0,non_amp,0,9,0.0,0,0.0,0.0,0.0,0.0,0.0
HSDLPSGVYDPAQA,non_amp_negative.csv,0,non_amp,0,14,0.2175,0,0.2,0.25,0.25,0.07142857142857142,0.14285714285714285
EDHPVHNRGEYSVCDSVNVWV,non_amp_negative.csv,0,non_amp,0,21,0.13452380952380952,2,0.14285714285714285,0.16666666666666666,0.08333333333333333,0.047619047619047616,0.047619047619047616
IVGGAECVPY,non_amp_negative.csv,0,non_amp,0,10,0.2916666666666667,2,0.3333333333333333,0.5,0.0,0.2,0.1
AGLFAQPRL,non_amp_negative.csv,0,non_amp,0,9,0.3416666666666667,1,0.3333333333333333,0.5,0.25,0.1111111111111111,0.1111111111111111
MMKLLIIVVLLVISFPAY,non_amp_negative.csv,0,non_amp,1,18,0.020000000000000004,1,0.0,0.0,0.1,0.0,0.05555555555555555
MIIGAVEAGGTKFVDGVGNEKGEIFER,non_amp_negative.csv,0,non_amp,0,27,0.3555555555555555,0,0.4444444444444444,0.4444444444444444,0.0,0.2222222222222222,0.0
PAWLVDCPCVGDDINRLLTRGEK,non_amp_negative.csv,0,non_amp,0,23,0.1285714285714286,2,0.14285714285714285,0.14285714285714285,0.07142857142857142,0.08695652173913043,0.08695652173913043
LKCNKLIPLAYKTCPAGKNLCYKMYMVATP,non_amp_negative.csv,0,non_amp,1,30,0.09277777777777778,1,0.1,0.1111111111111111,0.05555555555555555,0.03333333333333333,0.1
MDILSLGWAALMASFTFSLSLVVWGRNGF,non_amp_negative.csv,0,non_amp,0,29,0.22833333333333333,0,0.3,0.2222222222222222,0.0,0.10344827586206896,0.0
VKAAAEYVRLIRSAQKNAEYAGLAPEKM,non_amp_negative.csv,0,non_amp,0,28,0.08166666666666667,0,0.1,0.1111111111111111,0.0,0.03571428571428571,0.03571428571428571
YQTSSPGSNITIGPL,non_amp_negative.csv,0,non_amp,0,15,0.36000000000000004,0,0.4,0.4,0.2,0.13333333333333333,0.13333333333333333
MDTVSLAWAALMVVFTFSLSLVVWGRSGL,non_amp_negative.csv,0,non_amp,0,29,0.14666666666666667,0,0.2,0.1111111111111111,0.0,0.06896551724137931,0.0
AYPAAHQGYPAHVGYARVGYGGYPSYGYPA,non_amp_negative.csv,0,non_amp,0,30,0.19666666666666666,1,0.2,0.2222222222222222,0.16666666666666666,0.2,0.13333333333333333
GANDFMRF,non_amp_negative.csv,0,non_amp,0,8,0.2916666666666667,0,0.3333333333333333,0.5,0.0,0.125,0.0
MKWETPTATDLRFGFEITMYVSAR,non_amp_negative.csv,0,non_amp,0,24,0.11696428571428572,1,0.125,0.14285714285714285,0.07142857142857142,0.041666666666666664,0.041666666666666664
KDFCHLPPKPGPCRAAI,non_amp_negative.csv,0,non_amp,0,17,0.19833333333333333,1,0.16666666666666666,0.2,0.3,0.058823529411764705,0.23529411764705882
CYIQNCPVG,non_amp_negative.csv,0,non_amp,0,9,0.26666666666666666,2,0.3333333333333333,0.0,0.25,0.1111111111111111,0.1111111111111111
ISPLTGTNGEIR,non_amp_negative.csv,0,non_amp,0,12,0.425,2,0.5,0.6666666666666666,0.0,0.16666666666666666,0.08333333333333333
GCCGPYPNAACHPCGCKVGRPPYCDRPSGG,non_amp_negative.csv,0,non_amp,1,30,0.27,0,0.3,0.3,0.15,0.2,0.2
MKTKFVFDLLAPDDILHPSNHVNLIIRLI,non_amp_negative.csv,0,non_amp,0,29,0.022222222222222223,0,0.0,0.0,0.1111111111111111,0.0,0.06896551724137931
KDGYPVDNANCKYE,non_amp_negative.csv,0,non_amp,0,14,0.225,2,0.25,0.25,0.125,0.07142857142857142,0.07142857142857142
AAKPLDKSSSSLHHGYSKVHVP,non_amp_negative.csv,0,non_amp,0,22,0.13452380952380952,2,0.14285714285714285,0.16666666666666666,0.08333333333333333,0.045454545454545456,0.09090909090909091
SRPYSFGL,non_amp_negative.csv,0,non_amp,0,8,0.26666666666666666,0,0.3333333333333333,0.0,0.25,0.125,0.125
MAWNTPKVTEIPLGAEINSYVCGEKK,non_amp_negative.csv,0,non_amp,0,26,0.20694444444444443,1,0.2222222222222222,0.25,0.125,0.07692307692307693,0.07692307692307693
MCDILLNVLNIVFIGIAIILVIIC,non_amp_negative.csv,0,non_amp,1,24,0.10267857142857142,2,0.125,0.14285714285714285,0.0,0.041666666666666664,0.0
QGLIPFPRV,non_amp_negative.csv,0,non_amp,0,9,0.3416666666666667,1,0.3333333333333333,0.5,0.25,0.1111111111111111,0.2222222222222222
LQQAEARR,non_amp_negative.csv,0,non_amp,0,8,0.0,0,0.0,0.0,0.0,0.0,0.0
MLQMRATLAFLGQTLTYNTSCQRRQK,non_amp_negative.csv,0,non_amp,0,26,0.1,2,0.125,0.125,0.0,0.038461538461538464,0.0
ISVDELSNYNF,non_amp_negative.csv,0,non_amp,0,11,0.0,0,0.0,0.0,0.0,0.0,0.0
IKNGYPRDS,non_amp_negative.csv,0,non_amp,0,9,0.3,0,0.3333333333333333,0.3333333333333333,0.16666666666666666,0.1111111111111111,0.1111111111111111
FDDLMLLLCCRQGPVCFIPLNEWPCSRM,non_amp_negative.csv,0,non_amp,1,28,0.10388888888888889,0,0.1,0.1111111111111111,0.1111111111111111,0.03571428571428571,0.10714285714285714
VIKFLMVMQKHGYIGEFEYVDDHRSG,non_amp_negative.csv,0,non_amp,0,26,0.2,2,0.25,0.25,0.0,0.11538461538461539,0.0
GCCHIIACRMGCSPCCW,non_amp_negative.csv,0,non_amp,1,17,0.15833333333333335,0,0.16666666666666666,0.2,0.1,0.11764705882352941,0.058823529411764705
MVPVPVHHMADELLRNGPDTVI,non_amp_negative.csv,0,non_amp,0,22,0.14285714285714285,1,0.14285714285714285,0.14285714285714285,0.14285714285714285,0.045454545454545456,0.13636363636363635
GCCPFPACTHHIICRCC,non_amp_negative.csv,0,non_amp,1,17,0.15833333333333335,0,0.16666666666666666,0.2,0.1,0.058823529411764705,0.11764705882352941
LDTDLQGTMPEVYASERAAFL,non_amp_negative.csv,0,non_amp,0,21,0.11428571428571428,0,0.14285714285714285,0.14285714285714285,0.0,0.047619047619047616,0.047619047619047616
GHGGASNYVRL,non_amp_negative.csv,0,non_amp,0,11,0.425,0,0.5,0.6666666666666666,0.0,0.2727272727272727,0.0
IMYDCCSGSCSGYTGRC,non_amp_negative.csv,0,non_amp,1,17,0.32,2,0.4,0.4,0.0,0.17647058823529413,0.0
ARTDNFVRL,non_amp_negative.csv,0,non_amp,0,9,0.0,0,0.0,0.0,0.0,0.0,0.0
ALAGDHFFRF,non_amp_negative.csv,0,non_amp,0,10,0.2125,0,0.25,0.3333333333333333,0.0,0.1,0.0
RLHQNGMPFSPRL,non_amp_negative.csv,0,non_amp,0,13,0.2791666666666667,2,0.25,0.3333333333333333,0.3333333333333333,0.07692307692307693,0.15384615384615385
MIFVATSLSCRWWWPVM,non_amp_negative.csv,0,non_amp,0,17,0.020000000000000004,0,0.0,0.0,0.1,0.0,0.058823529411764705
MLTYTGTVINVQTFAAKPDP,non_amp_negative.csv,0,non_amp,0,20,0.15,2,0.16666666666666666,0.16666666666666666,0.08333333333333333,0.05,0.1
NAPWAQIDEV,non_amp_negative.csv,0,non_amp,0,10,0.03333333333333333,0,0.0,0.0,0.16666666666666666,0.0,0.1
DYCCRRPPCTLIC,non_amp_negative.csv,0,non_amp,1,13,0.06666666666666667,2,0.0,0.0,0.3333333333333333,0.0,0.15384615384615385
MKNLRNRSFLTLLDFSRQEVEFLLTLSEDL,non_amp_negative.csv,0,non_amp,0,30,0.0,0,0.0,0.0,0.0,0.0,0.0
QSPKDAYPYDISELVKDAYPYDISELVK,non_amp_negative.csv,0,non_amp,0,28,0.03333333333333333,0,0.0,0.0,0.16666666666666666,0.0,0.10714285714285714
DGRCCHPACAKHFNC,non_amp_negative.csv,0,non_amp,1,15,0.1925,1,0.2,0.25,0.125,0.06666666666666667,0.06666666666666667
MRKPSAFHACNIIFLPLVKCASATIMLN,non_amp_negative.csv,0,non_amp,0,28,0.025,2,0.0,0.0,0.125,0.0,0.07142857142857142
PAPDSSFIRDP,non_amp_negative.csv,0,non_amp,0,11,0.03333333333333333,0,0.0,0.0,0.16666666666666666,0.0,0.2727272727272727
CCGPTACVAGCKPCC,non_amp_negative.csv,0,non_amp,1,15,0.2175,2,0.2,0.25,0.25,0.13333333333333333,0.13333333333333333
MVKIGINEFGRIGRLAFRRIYEL,non_amp_negative.csv,0,non_amp,0,23,0.20535714285714285,0,0.25,0.2857142857142857,0.0,0.13043478260869565,0.0
GDCGCSGASSCTCASGQCTCSGCGK,non_amp_negative.csv,0,non_amp,1,25,0.45486111111111116,0,0.5555555555555556,0.625,0.0,0.24,0.0
MELGLEPADDFKEKLIKLSA,non_amp_negative.csv,0,non_amp,0,20,0.11785714285714285,0,0.14285714285714285,0.16666666666666666,0.0,0.05,0.05
NAPPNLTLR,non_amp_negative.csv,0,non_amp,0,9,0.1,1,0.0,0.0,0.5,0.0,0.2222222222222222
TPPQPADNFIRF,non_amp_negative.csv,0,non_amp,0,12,0.07500000000000001,0,0.0,0.0,0.375,0.0,0.25
SNPNFILTLVNNVPYTIWPA,non_amp_negative.csv,0,non_amp,0,20,0.03333333333333333,0,0.0,0.0,0.16666666666666666,0.0,0.15
PFCNAFTGC,non_amp_negative.csv,0,non_amp,0,9,0.21666666666666667,1,0.3333333333333333,0.0,0.0,0.1111111111111111,0.1111111111111111
ESECPWHPWC,non_amp_negative.csv,0,non_amp,0,10,0.1,2,0.0,0.0,0.5,0.0,0.2
AFVKGSAQRVAHGY,non_amp_negative.csv,0,non_amp,0,14,0.1675,1,0.2,0.25,0.0,0.14285714285714285,0.0
DCCHNTQLPFIYKTCPEGCNL,non_amp_negative.csv,0,non_amp,1,21,0.13452380952380952,2,0.14285714285714285,0.16666666666666666,0.08333333333333333,0.047619047619047616,0.09523809523809523
LAGTVPLANK,non_amp_negative.csv,0,non_amp,0,10,0.2916666666666667,2,0.3333333333333333,0.5,0.0,0.1,0.1
FLFFAFPHPL,non_amp_negative.csv,0,non_amp,0,10,0.06666666666666667,1,0.0,0.0,0.3333333333333333,0.0,0.2
LGYLGTCPTNIGTGLR,non_amp_negative.csv,0,non_amp,0,16,0.48,1,0.6,0.6,0.0,0.25,0.0625
GFGCYRSCWKAGHDEETCKKECS,non_amp_negative.csv,0,non_amp,1,23,0.22857142857142856,2,0.2857142857142857,0.2857142857142857,0.0,0.13043478260869565,0.0
MFFKIDLKNHPYLIRLKKQEE,non_amp_negative.csv,0,non_amp,0,21,0.016666666666666666,2,0.0,0.0,0.08333333333333333,0.0,0.047619047619047616
GSTSECFWKYCV,non_amp_negative.csv,0,non_amp,0,12,0.2,0,0.25,0.25,0.0,0.08333333333333333,0.0
KPAPEPAPEPAPEAAPEA,non_amp_negative.csv,0,non_amp,0,18,0.1,1,0.0,0.0,0.5,0.0,0.3888888888888889
YYEEYVDGQGMVVR,non_amp_negative.csv,0,non_amp,0,14,0.1675,0,0.2,0.25,0.0,0.14285714285714285,0.0
TMCYSHTTTSRAILTNCGENSCYRKSRVHP,non_amp_negative.csv,0,non_amp,1,30,0.08166666666666667,2,0.1,0.1111111111111111,0.0,0.03333333333333333,0.03333333333333333
GLVGEIISRGDFAIDIGR,non_amp_negative.csv,0,non_amp,0,18,0.4,0,0.5,0.5,0.0,0.2222222222222222,0.0
KLGEFAVTRTFKGH,non_amp_negative.csv,0,non_amp,0,14,0.2,2,0.25,0.25,0.0,0.14285714285714285,0.0
ALSVPVFAVAPLNKK,non_amp_negative.csv,0,non_amp,0,15,0.05,2,0.0,0.0,0.25,0.0,0.13333333333333333
GLLGAWMTSGQFKPVPQI,non_amp_negative.csv,0,non_amp,0,18,0.4166666666666667,0,0.5,0.5,0.08333333333333333,0.16666666666666666,0.1111111111111111
GKVVCTGAKSVDAVHDA,non_amp_negative.csv,0,non_amp,0,17,0.27666666666666667,0,0.3333333333333333,0.4,0.0,0.11764705882352941,0.0
ANEAKVVLVADNVQGDN,non_amp_negative.csv,0,non_amp,0,17,0.16,2,0.2,0.2,0.0,0.058823529411764705,0.0
MDILTLGWVGLLGLFTYSIAMVVWGRHGM,non_amp_negative.csv,0,non_amp,0,29,0.39166666666666666,0,0.5,0.4444444444444444,0.0,0.1724137931034483,0.0
MDPAGPDNDERFTYDYYRLRVVGLIVAAVL,non_amp_negative.csv,0,non_amp,0,30,0.18555555555555556,1,0.2,0.2222222222222222,0.1111111111111111,0.06666666666666667,0.06666666666666667
RIGRYLKKGKYAKRVGAGAPVYLAAVLE,non_amp_negative.csv,0,non_amp,0,28,0.28541666666666665,2,0.3333333333333333,0.375,0.0625,0.14285714285714285,0.03571428571428571
DINGGGATLPQKLYQTSGVLT,non_amp_negative.csv,0,non_amp,0,21,0.2523809523809524,2,0.2857142857142857,0.3333333333333333,0.08333333333333333,0.19047619047619047,0.047619047619047616
GLLAFPRV,non_amp_negative.csv,0,non_amp,0,8,0.3416666666666667,0,0.3333333333333333,0.5,0.25,0.125,0.125
TNSKEGEFIAEGGGVR,non_amp_negative.csv,0,non_amp,0,16,0.335,2,0.4,0.5,0.0,0.25,0.0
AVWQFREMIKCTIPPSDDLLDF,non_amp_negative.csv,0,non_amp,0,22,0.02857142857142857,0,0.0,0.0,0.14285714285714285,0.0,0.09090909090909091
RYNDAVLRHLVIKTKKA,non_amp_negative.csv,0,non_amp,0,17,0.0,0,0.0,0.0,0.0,0.0,0.0
GGSSGLISMPRV,non_amp_negative.csv,0,non_amp,0,12,0.4583333333333333,1,0.5,0.6666666666666666,0.16666666666666666,0.25,0.08333333333333333
MRDVTVVATSKFNIVKNRIKAERWVKI,non_amp_negative.csv,0,non_amp,0,27,0.0,0,0.0,0.0,0.0,0.0,0.0
DLLTTIKRVKESMKRRT,non_amp_negative.csv,0,non_amp,0,17,0.0,0,0.0,0.0,0.0,0.0,0.0
TSGLIAFPRL,non_amp_negative.csv,0,non_amp,0,10,0.3416666666666667,2,0.3333333333333333,0.5,0.25,0.1,0.1
QNAHPSPKVPP,non_amp_negative.csv,0,non_amp,0,11,0.13333333333333333,2,0.0,0.0,0.6666666666666666,0.0,0.36363636363636365
GPLTILHINDVHAAFEQFNT,non_amp_negative.csv,0,non_amp,0,20,0.13452380952380952,0,0.14285714285714285,0.16666666666666666,0.08333333333333333,0.05,0.05
GIYCIFEGGTPDDR,non_amp_negative.csv,0,non_amp,0,14,0.225,2,0.25,0.25,0.125,0.21428571428571427,0.07142857142857142
ASLFNAPRV,non_amp_negative.csv,0,non_amp,0,9,0.05,1,0.0,0.0,0.25,0.0,0.1111111111111111
QKKDKKDR,non_amp_negative.csv,0,non_amp,0,8,0.0,0,0.0,0.0,0.0,0.0,0.0
EDAYKFTTW,non_amp_negative.csv,0,non_amp,0,9,0.0,0,0.0,0.0,0.0,0.0,0.0
SITKIKAREIL,non_amp_negative.csv,0,non_amp,0,11,0.0,0,0.0,0.0,0.0,0.0,0.0
VMYYSLPRPV,non_amp_negative.csv,0,non_amp,0,10,0.06666666666666667,1,0.0,0.0,0.3333333333333333,0.0,0.2
VPATIPLTITNDSGG,non_amp_negative.csv,0,non_amp,0,15,0.155,1,0.2,0.0,0.125,0.13333333333333333,0.13333333333333333
IAAHRGPVLRGWYP,non_amp_negative.csv,0,non_amp,0,14,0.25,2,0.25,0.25,0.25,0.14285714285714285,0.14285714285714285
FFGDFGNISSAAAITGNPK,non_amp_negative.csv,0,non_amp,0,19,0.27666666666666667,2,0.3333333333333333,0.4,0.0,0.15789473684210525,0.05263157894736842
TPNRDFMRF,non_amp_negative.csv,0,non_amp,0,9,0.03333333333333333,0,0.0,0.0,0.16666666666666666,0.0,0.1111111111111111
ARAVGIDLGTTNAVVAVLEG,non_amp_negative.csv,0,non_amp,0,20,0.21071428571428572,1,0.2857142857142857,0.16666666666666666,0.0,0.15,0.0
DEPPQTPWDRVKDLVTVYVE,non_amp_negative.csv,0,non_amp,0,20,0.05,1,0.0,0.0,0.25,0.0,0.15
ALAQLLSLAR,non_amp_negative.csv,0,non_amp,0,10,0.0,0,0.0,0.0,0.0,0.0,0.0
MIRIISRANSVTSSNEVNRLVTGQIPHD,non_amp_negative.csv,0,non_amp,0,28,0.08888888888888888,1,0.1111111111111111,0.1111111111111111,0.0,0.03571428571428571,0.03571428571428571
SFSVNPAVDILQHRYMEKVAQNNRNFLNRV,non_amp_negative.csv,0,non_amp,0,30,0.011111111111111112,1,0.0,0.0,0.05555555555555555,0.0,0.03333333333333333
TRSGGACNSHNQCCDDFCSTATSTCV,non_amp_negative.csv,0,non_amp,1,26,0.09097222222222222,0,0.1111111111111111,0.125,0.0,0.07692307692307693,0.0
SVKSEVDNFDKHLKAESAPFNNE,non_amp_negative.csv,0,non_amp,0,23,0.014285714285714285,1,0.0,0.0,0.07142857142857142,0.0,0.043478260869565216
SPVISYDKT,non_amp_negative.csv,0,non_amp,0,9,0.03333333333333333,0,0.0,0.0,0.16666666666666666,0.0,0.1111111111111111
ILGGDGYSTKTPLPTVKRHERRSVVNE,non_amp_negative.csv,0,non_amp,0,27,0.19444444444444445,2,0.2222222222222222,0.25,0.0625,0.1111111111111111,0.07407407407407407
AYERQFYPGATSVAENNIGH,non_amp_negative.csv,0,non_amp,0,20,0.15,2,0.16666666666666666,0.16666666666666666,0.08333333333333333,0.1,0.05
TKKDGEEKVA,non_amp_negative.csv,0,non_amp,0,10,0.26666666666666666,1,0.3333333333333333,0.3333333333333333,0.0,0.1,0.0
GHKLGEFAPTRTFRGHKKEDKKVKR,non_amp_negative.csv,0,non_amp,0,25,0.1125,1,0.125,0.125,0.0625,0.12,0.04
SQRGLRKILGKRQRLLAYLSKKNR,non_amp_negative.csv,0,non_amp,1,24,0.2,0,0.25,0.25,0.0,0.08333333333333333,0.0
CYIQNCPRG,non_amp_negative.csv,0,non_amp,0,9,0.26666666666666666,2,0.3333333333333333,0.0,0.25,0.1111111111111111,0.1111111111111111
TSTVFSDGQR,non_amp_negative.csv,0,non_amp,0,10,0.26666666666666666,1,0.3333333333333333,0.3333333333333333,0.0,0.1,0.0
MLLLKHGRIEILDQNTMYG,non_amp_negative.csv,0,non_amp,0,19,0.21071428571428572,0,0.2857142857142857,0.16666666666666666,0.0,0.10526315789473684,0.0
SKCRIGKDGFYSVTCTEKENLCFTQF,non_amp_negative.csv,0,non_amp,1,26,0.2,2,0.25,0.25,0.0,0.07692307692307693,0.0
IYVRPTKDELLYCGEFRELGQPDKKCRC,non_amp_negative.csv,0,non_amp,1,28,0.18888888888888886,1,0.2222222222222222,0.2222222222222222,0.05555555555555555,0.07142857142857142,0.07142857142857142
KAEEEVEKNKEEAEEKAEKKIAE,non_amp_negative.csv,0,non_amp,0,23,0.0,0,0.0,0.0,0.0,0.0,0.0
AVLDTALSGIDKVLHGSIDAHKAD,non_amp_negative.csv,0,non_amp,0,24,0.10267857142857142,2,0.125,0.14285714285714285,0.0,0.08333333333333333,0.0
DQCTYCGIYCCPPKFCTSSGCRSP,non_amp_negative.csv,0,non_amp,1,24,0.13125,1,0.125,0.14285714285714285,0.14285714285714285,0.08333333333333333,0.125
YYTVLFGVSRALGLPLERPK,non_amp_negative.csv,0,non_amp,0,20,0.2523809523809524,0,0.2857142857142857,0.3333333333333333,0.08333333333333333,0.1,0.1
VSCEDCPEHCSTQKAQAKCDNDKCVCEPI,non_amp_negative.csv,0,non_amp,1,29,0.022222222222222223,1,0.0,0.0,0.1111111111111111,0.0,0.06896551724137931
SDPAGGEFLAEGGGVR,non_amp_negative.csv,0,non_amp,0,16,0.34,1,0.4,0.4,0.1,0.3125,0.0625
ASVHEFLVK,non_amp_negative.csv,0,non_amp,0,9,0.0,0,0.0,0.0,0.0,0.0,0.0
MTASMRLK,non_amp_negative.csv,0,non_amp,0,8,0.0,0,0.0,0.0,0.0,0.0,0.0
LPYPVNCKTECECVMCGLGIICKQCYYQQ,non_amp_negative.csv,0,non_amp,1,29,0.09277777777777778,0,0.1,0.1111111111111111,0.05555555555555555,0.06896551724137931,0.06896551724137931
CNGRPCECFAKI,non_amp_negative.csv,0,non_amp,1,12,0.24583333333333332,2,0.25,0.3333333333333333,0.16666666666666666,0.08333333333333333,0.08333333333333333
GFRDGSADRISHGF,non_amp_negative.csv,0,non_amp,0,14,0.2975,0,0.4,0.25,0.0,0.21428571428571427,0.0
DPAFNSWG,non_amp_negative.csv,0,non_amp,0,8,0.21666666666666667,1,0.3333333333333333,0.0,0.0,0.125,0.125
DCCPIAGCPFGCTICC,non_amp_negative.csv,0,non_amp,1,16,0.2,1,0.2,0.2,0.2,0.125,0.125
SCQKWMWLCDEERKCCEDMVCKLWCK,non_amp_negative.csv,0,non_amp,1,26,0.0,0,0.0,0.0,0.0,0.0,0.0
FINTIKLLIEKYREWKNKQSS,non_amp_negative.csv,0,non_amp,0,21,0.0,0,0.0,0.0,0.0,0.0,0.0
AVPQSIDWRDYGAVNEVKNQNPCGSCW,non_amp_negative.csv,0,non_amp,0,27,0.19444444444444445,2,0.2222222222222222,0.25,0.0625,0.07407407407407407,0.07407407407407407
VQIFVRDNNVDQALKALK,non_amp_negative.csv,0,non_amp,0,18,0.0,0,0.0,0.0,0.0,0.0,0.0
LPSFLYAEMVGYNIL,non_amp_negative.csv,0,non_amp,0,15,0.1675,1,0.2,0.25,0.0,0.06666666666666667,0.06666666666666667
YGEPKLDAGV,non_amp_negative.csv,0,non_amp,0,10,0.3,1,0.3333333333333333,0.3333333333333333,0.16666666666666666,0.2,0.1
MLADVFEKIMGD,non_amp_negative.csv,0,non_amp,0,12,0.1625,1,0.25,0.0,0.0,0.08333333333333333,0.0
ILGLLKGISALLS,non_amp_negative.csv,0,non_amp,0,13,0.2125,2,0.25,0.3333333333333333,0.0,0.15384615384615385,0.0
AGLPTEEKPPLL,non_amp_negative.csv,0,non_amp,0,12,0.3125,1,0.25,0.3333333333333333,0.5,0.08333333333333333,0.25
VIGGDECNINEHRFLAALYD,non_amp_negative.csv,0,non_amp,0,20,0.13333333333333333,2,0.16666666666666666,0.16666666666666666,0.0,0.1,0.0
KIANGSGSEQDIAEAKI,non_amp_negative.csv,0,non_amp,0,17,0.13833333333333334,0,0.16666666666666666,0.2,0.0,0.11764705882352941,0.0
MEILTLGWVSLLVVFTWSIAMVVWGRNGL,non_amp_negative.csv,0,non_amp,0,29,0.22833333333333333,0,0.3,0.2222222222222222,0.0,0.10344827586206896,0.0
GVIELTKMIVQEMGKNALTSYSL,non_amp_negative.csv,0,non_amp,0,23,0.10267857142857142,0,0.125,0.14285714285714285,0.0,0.08695652173913043,0.0
LNPFRWVINKYREWKNKKDS,non_amp_negative.csv,0,non_amp,0,20,0.016666666666666666,0,0.0,0.0,0.08333333333333333,0.0,0.05
APQAGFYGVR,non_amp_negative.csv,0,non_amp,0,10,0.5333333333333333,1,0.6666666666666666,0.6666666666666666,0.0,0.2,0.1
DRIPVICEKVDKSD,non_amp_negative.csv,0,non_amp,0,14,0.025,1,0.0,0.0,0.125,0.0,0.07142857142857142
FLAKKLAKHLAKKQAES,non_amp_negative.csv,0,non_amp,0,17,0.0,0,0.0,0.0,0.0,0.0,0.0
DVLELTDENFESRVSSDTG,non_amp_negative.csv,0,non_amp,0,19,0.09285714285714286,0,0.14285714285714285,0.0,0.0,0.05263157894736842,0.0
LCLEGMMLSLFILAALTI,non_amp_negative.csv,0,non_amp,1,18,0.13833333333333334,1,0.16666666666666666,0.2,0.0,0.05555555555555555,0.0
DKNAYGIDLIL,non_amp_negative.csv,0,non_amp,0,11,0.26666666666666666,2,0.3333333333333333,0.3333333333333333,0.0,0.09090909090909091,0.0
MGQEQDTPWIL,non_amp_negative.csv,0,non_amp,0,11,0.2125,1,0.25,0.3333333333333333,0.0,0.09090909090909091,0.09090909090909091
MLHLIGFDKLYSYNMVKLALLEKGVPFTEV,non_amp_negative.csv,0,non_amp,0,30,0.17444444444444443,2,0.2,0.2222222222222222,0.05555555555555555,0.06666666666666667,0.03333333333333333
DGVTDPLEVNVVK,non_amp_negative.csv,0,non_amp,0,13,0.225,1,0.25,0.25,0.125,0.07692307692307693,0.07692307692307693
AKEKIHINIVVIGHV,non_amp_negative.csv,0,non_amp,0,15,0.16,0,0.2,0.2,0.0,0.06666666666666667,0.0
GCCSRPPCIANNPDIC,non_amp_negative.csv,0,non_amp,1,16,0.15833333333333335,0,0.16666666666666666,0.2,0.1,0.0625,0.1875
AAVPSGASTGVYEALELRFRAPVEPY,non_amp_negative.csv,0,non_amp,0,26,0.1375,2,0.125,0.125,0.1875,0.07692307692307693,0.11538461538461539
TKQTLKVLITGAAGQIGYSL,non_amp_negative.csv,0,non_amp,0,20,0.3535714285714286,1,0.42857142857142855,0.5,0.0,0.15,0.0
DPSFNSWG,non_amp_negative.csv,0,non_amp,0,8,0.21666666666666667,1,0.3333333333333333,0.0,0.0,0.125,0.125
YSQVARPRF,non_amp_negative.csv,0,non_amp,0,9,0.05,1,0.0,0.0,0.25,0.0,0.1111111111111111
PKRTKYRKPHRVS,non_amp_negative.csv,0,non_amp,0,13,0.025,0,0.0,0.0,0.125,0.0,0.15384615384615385
NSELINAILGSPTLMGEV,non_amp_negative.csv,0,non_amp,0,18,0.2833333333333333,0,0.3333333333333333,0.3333333333333333,0.08333333333333333,0.1111111111111111,0.05555555555555555
NVCHGSDSVESANKEIDLWFK,non_amp_negative.csv,0,non_amp,0,21,0.11785714285714285,1,0.14285714285714285,0.16666666666666666,0.0,0.047619047619047616,0.0
GASGLISFPRV,non_amp_negative.csv,0,non_amp,0,11,0.4583333333333333,0,0.5,0.6666666666666666,0.16666666666666666,0.18181818181818182,0.09090909090909091
RQRHRDCDKPPDKTN,non_amp_negative.csv,0,non_amp,0,15,0.05,2,0.0,0.0,0.25,0.0,0.13333333333333333
MRFLFFLPPSFITSFLYLALYSFPVPYCII,non_amp_negative.csv,0,non_amp,0,30,0.04000000000000001,0,0.0,0.0,0.2,0.0,0.13333333333333333
NYQYSPPPPPKKKYY,non_amp_negative.csv,0,non_amp,0,15,0.1,1,0.0,0.0,0.5,0.0,0.3333333333333333
YVMGHFRWDKF,non_amp_negative.csv,0,non_amp,0,11,0.2125,0,0.25,0.3333333333333333,0.0,0.09090909090909091,0.0
GSLTGLISMPRT,non_amp_negative.csv,0,non_amp,0,12,0.24583333333333332,1,0.25,0.3333333333333333,0.16666666666666666,0.16666666666666666,0.08333333333333333
TDPDADEGEFLAEGGGVR,non_amp_negative.csv,0,non_amp,0,18,0.2966666666666667,1,0.3333333333333333,0.4,0.1,0.2222222222222222,0.05555555555555555
ATQRLPPLSTEPNR,non_amp_negative.csv,0,non_amp,0,14,0.07500000000000001,1,0.0,0.0,0.375,0.0,0.21428571428571427
GRCCEGPNGCSSRWCKDHARCC,non_amp_negative.csv,0,non_amp,1,22,0.2523809523809524,2,0.2857142857142857,0.3333333333333333,0.08333333333333333,0.13636363636363635,0.045454545454545456
GFCAEAGIKCNDIHCCGNLKCKAVGSNRV,non_amp_negative.csv,0,non_amp,1,29,0.245,0,0.3,0.3333333333333333,0.0,0.13793103448275862,0.0
DGAETPGAAASLWFGPRV,non_amp_negative.csv,0,non_amp,0,18,0.17833333333333334,1,0.16666666666666666,0.2,0.2,0.16666666666666666,0.1111111111111111
MPLEVLGHLSKAFLFLARNNEHSHKKYNQ,non_amp_negative.csv,0,non_amp,0,29,0.09277777777777778,0,0.1,0.1111111111111111,0.05555555555555555,0.034482758620689655,0.034482758620689655
GPAAVVRLLGK,non_amp_negative.csv,0,non_amp,0,11,0.4083333333333333,0,0.5,0.3333333333333333,0.16666666666666666,0.18181818181818182,0.09090909090909091
ELVSNASDALDKLR,non_amp_negative.csv,0,non_amp,0,14,0.0,0,0.0,0.0,0.0,0.0,0.0
GFKNVALSTARGF,non_amp_negative.csv,0,non_amp,0,13,0.1675,0,0.2,0.25,0.0,0.15384615384615385,0.0
AVQLLEVNPEIAQNS,non_amp_negative.csv,0,non_amp,0,15,0.025,1,0.0,0.0,0.125,0.0,0.06666666666666667
IYTYVIGRG,non_amp_negative.csv,0,non_amp,0,9,0.26666666666666666,0,0.3333333333333333,0.3333333333333333,0.0,0.2222222222222222,0.0
EKDCYHERDC,non_amp_negative.csv,0,non_amp,0,10,0.0,0,0.0,0.0,0.0,0.0,0.0
WLINYARLRNEKV,non_amp_negative.csv,0,non_amp,0,13,0.0,0,0.0,0.0,0.0,0.0,0.0
MDLLSLGWSSLMVMFSFSLALVVWGRNGF,non_amp_negative.csv,0,non_amp,0,29,0.22833333333333333,0,0.3,0.2222222222222222,0.0,0.10344827586206896,0.0
MPGIAFKGKDMVKAIQFLEIVVPCHCTT,non_amp_negative.csv,0,non_amp,0,28,0.10347222222222222,2,0.1111111111111111,0.125,0.0625,0.07142857142857142,0.07142857142857142
GPSSSAFFGMR,non_amp_negative.csv,0,non_amp,0,11,0.26666666666666666,2,0.3333333333333333,0.3333333333333333,0.0,0.18181818181818182,0.09090909090909091
IIGGYECKPHSQPWQAFLVDNK,non_amp_negative.csv,0,non_amp,0,22,0.13452380952380952,2,0.14285714285714285,0.16666666666666666,0.08333333333333333,0.09090909090909091,0.09090909090909091
YYVDLQNR,non_amp_negative.csv,0,non_amp,0,8,0.0,0,0.0,0.0,0.0,0.0,0.0
TVKCGGCNRKCCPGGCRSGKCINGKCQCY,non_amp_negative.csv,0,non_amp,1,29,0.2777777777777778,2,0.3333333333333333,0.3333333333333333,0.05555555555555555,0.20689655172413793,0.034482758620689655
FALESFWDGKGNASAHAMEMTK,non_amp_negative.csv,0,non_amp,0,22,0.11785714285714285,2,0.14285714285714285,0.16666666666666666,0.0,0.09090909090909091,0.0
RGSNLTIHPLRNIKDLVYLGNMGIG,non_amp_negative.csv,0,non_amp,0,25,0.3125,1,0.375,0.375,0.0625,0.16,0.04
MSGCGCASTGTCHCGKDCTCAGCPHK,non_amp_negative.csv,0,non_amp,1,26,0.2,2,0.25,0.25,0.0,0.19230769230769232,0.038461538461538464
FYYGLKKLHFCSF,non_amp_negative.csv,0,non_amp,0,13,0.1675,0,0.2,0.25,0.0,0.07692307692307693,0.0
GSSGMISFPRT,non_amp_negative.csv,0,non_amp,0,11,0.4583333333333333,0,0.5,0.6666666666666666,0.16666666666666666,0.18181818181818182,0.09090909090909091
ADYLQLARA,non_amp_negative.csv,0,non_amp,0,9,0.0,0,0.0,0.0,0.0,0.0,0.0
DEPDGVPTTQKQ,non_amp_negative.csv,0,non_amp,0,12,0.2791666666666667,1,0.25,0.3333333333333333,0.3333333333333333,0.08333333333333333,0.16666666666666666
YEITGVKEELAREAFARAAAK,non_amp_negative.csv,0,non_amp,0,21,0.11785714285714285,1,0.14285714285714285,0.16666666666666666,0.0,0.047619047619047616,0.0
QGPSPRHPIPP,non_amp_negative.csv,0,non_amp,0,11,0.2791666666666667,1,0.25,0.3333333333333333,0.3333333333333333,0.09090909090909091,0.45454545454545453
RGFFYNPKGIVEQCCHRPCNIRVLE,non_amp_negative.csv,0,non_amp,1,25,0.125,1,0.125,0.125,0.125,0.08,0.08
ETISFNFNQFQQND,non_amp_negative.csv,0,non_amp,0,14,0.0,0,0.0,0.0,0.0,0.0,0.0
NNVDKLNGDW,non_amp_negative.csv,0,non_amp,0,10,0.26666666666666666,1,0.3333333333333333,0.3333333333333333,0.0,0.1,0.0
VIGGDECNINEHRFLVALYDGLSGTFLCGG,non_amp_negative.csv,0,non_amp,0,30,0.31,2,0.4,0.3333333333333333,0.0,0.2,0.0
AISGLTPCKESKQFAKREKQ,non_amp_negative.csv,0,non_amp,0,20,0.11785714285714285,0,0.14285714285714285,0.16666666666666666,0.0,0.05,0.05
MREIEHIPPP,non_amp_negative.csv,0,non_amp,0,10,0.06666666666666667,0,0.0,0.0,0.3333333333333333,0.0,0.3
QTPGCCWHPACGKNRC,non_amp_negative.csv,0,non_amp,1,16,0.17833333333333334,0,0.16666666666666666,0.2,0.2,0.125,0.125
MSPLKAVAVLTGADVKGVVQFT,non_amp_negative.csv,0,non_amp,0,22,0.1285714285714286,1,0.14285714285714285,0.14285714285714285,0.07142857142857142,0.09090909090909091,0.045454545454545456
ARPPGFSPFRIV,non_amp_negative.csv,0,non_amp,0,12,0.2791666666666667,1,0.25,0.3333333333333333,0.3333333333333333,0.08333333333333333,0.25
EDKYTDKYDNINLDE,non_amp_negative.csv,0,non_amp,0,15,0.0,0,0.0,0.0,0.0,0.0,0.0
GGSGSGETSGMWFGPRL,non_amp_negative.csv,0,non_amp,0,17,0.43500000000000005,0,0.5,0.6,0.1,0.35294117647058826,0.058823529411764705
VIGGDECNIN,non_amp_negative.csv,0,non_amp,0,10,0.2916666666666667,2,0.3333333333333333,0.5,0.0,0.2,0.0
QDVVHSFLRF,non_amp_negative.csv,0,non_amp,0,10,0.0,0,0.0,0.0,0.0,0.0,0.0
FDKNQPWGVIRDLNVVNFKR,non_amp_negative.csv,0,non_amp,0,20,0.13452380952380952,1,0.14285714285714285,0.16666666666666666,0.08333333333333333,0.05,0.05
SVQFKPRL,non_amp_negative.csv,0,non_amp,0,8,0.05,0,0.0,0.0,0.25,0.0,0.125
MSWTKPAYTDLRIGFEVTMYFASR,non_amp_negative.csv,0,non_amp,0,24,0.11696428571428572,1,0.125,0.14285714285714285,0.07142857142857142,0.041666666666666664,0.041666666666666664
APDFSTLELIPDKLKEFGNTLEEKARMA,non_amp_negative.csv,0,non_amp,0,28,0.10347222222222222,2,0.1111111111111111,0.125,0.0625,0.03571428571428571,0.07142857142857142
MTHIVRFIGLLLLNASSLRGRRVSGIQH,non_amp_negative.csv,0,non_amp,0,28,0.09097222222222222,2,0.1111111111111111,0.125,0.0,0.10714285714285714,0.0
AATAATPATAATPATAARA,non_amp_negative.csv,0,non_amp,0,19,0.04000000000000001,2,0.0,0.0,0.2,0.0,0.10526315789473684
APTDMYSFGL,non_amp_negative.csv,0,non_amp,0,10,0.21666666666666667,2,0.3333333333333333,0.0,0.0,0.1,0.1
SFQCELVFAK,non_amp_negative.csv,0,non_amp,0,10,0.0,0,0.0,0.0,0.0,0.0,0.0
GYSSASKIIFGSGTRLSIRP,non_amp_negative.csv,0,non_amp,0,20,0.2357142857142857,0,0.2857142857142857,0.3333333333333333,0.0,0.15,0.05
IVGGQEATPHTWVHQVALFI,non_amp_negative.csv,0,non_amp,0,20,0.13452380952380952,0,0.14285714285714285,0.16666666666666666,0.08333333333333333,0.1,0.05
ASEALVEIKPGEIGMVSGIPDEHLRRFVVI,non_amp_negative.csv,0,non_amp,0,30,0.17444444444444443,1,0.2,0.2222222222222222,0.05555555555555555,0.1,0.06666666666666667
ATTDSPATLTGVI,non_amp_negative.csv,0,non_amp,0,13,0.225,1,0.25,0.25,0.125,0.07692307692307693,0.07692307692307693
DKYIALGEWAGCFGIKEKDIDKDLVI,non_amp_negative.csv,0,non_amp,0,26,0.18194444444444444,1,0.2222222222222222,0.25,0.0,0.11538461538461539,0.0
FEDGKKVRFFKSNKETIK,non_amp_negative.csv,0,non_amp,0,18,0.13333333333333333,0,0.16666666666666666,0.16666666666666666,0.0,0.05555555555555555,0.0
MVKAVTVLNSSEGPHGIVYFAQEGDGPTTV,non_amp_negative.csv,0,non_amp,0,30,0.18000000000000002,0,0.2,0.2,0.1,0.13333333333333333,0.06666666666666667
APFSLATA,non_amp_negative.csv,0,non_amp,0,8,0.05,0,0.0,0.0,0.25,0.0,0.125
ALVPLRLLLDHAAENG,non_amp_negative.csv,0,non_amp,0,16,0.10833333333333334,0,0.16666666666666666,0.0,0.0,0.0625,0.0625
KAKEAVENVKEKANDVIDKFK,non_amp_negative.csv,0,non_amp,0,21,0.0,0,0.0,0.0,0.0,0.0,0.0
GSFVNPTTPIR,non_amp_negative.csv,0,non_amp,0,11,0.2791666666666667,0,0.25,0.3333333333333333,0.3333333333333333,0.09090909090909091,0.18181818181818182
MENEHQYSGARCSGQAAYVAKRQECAK,non_amp_negative.csv,0,non_amp,0,27,0.09097222222222222,1,0.1111111111111111,0.125,0.0,0.07407407407407407,0.0
VSKGDLGLVVRCLP,non_amp_negative.csv,0,non_amp,0,14,0.335,0,0.4,0.5,0.0,0.14285714285714285,0.07142857142857142
GGCCSHPACFASNPDYC,non_amp_negative.csv,0,non_amp,1,17,0.15833333333333335,0,0.16666666666666666,0.2,0.1,0.11764705882352941,0.11764705882352941
GSSGLIPMPRV,non_amp_negative.csv,0,non_amp,0,11,0.4583333333333333,0,0.5,0.6666666666666666,0.16666666666666666,0.18181818181818182,0.18181818181818182
ELPVNFYALNLTADNINIGY,non_amp_negative.csv,0,non_amp,0,20,0.10952380952380952,0,0.14285714285714285,0.0,0.08333333333333333,0.05,0.05
SKDNQKNYIPLIVPFAT,non_amp_negative.csv,0,non_amp,0,17,0.04000000000000001,2,0.0,0.0,0.2,0.0,0.11764705882352941
ADTGEGEFLAEGGGVR,non_amp_negative.csv,0,non_amp,0,16,0.335,2,0.4,0.5,0.0,0.3125,0.0
RHAGSAHTF,non_amp_negative.csv,0,non_amp,0,9,0.26666666666666666,0,0.3333333333333333,0.3333333333333333,0.0,0.1111111111111111,0.0
QLNYSPDW,non_amp_negative.csv,0,non_amp,0,8,0.05,0,0.0,0.0,0.25,0.0,0.125
ASNVPKELVEKGQNRV,non_amp_negative.csv,0,non_amp,0,16,0.1925,2,0.2,0.25,0.125,0.0625,0.0625
ADNPGDDGN,non_amp_negative.csv,0,non_amp,0,9,0.5583333333333333,1,0.6666666666666666,0.5,0.25,0.2222222222222222,0.1111111111111111
AEIDFSGIPEDIIKQIKETNAKPPA,non_amp_negative.csv,0,non_amp,0,25,0.1284722222222222,0,0.1111111111111111,0.125,0.1875,0.04,0.12
IAIFNAYTPLPFAD,non_amp_negative.csv,0,non_amp,0,14,0.05,0,0.0,0.0,0.25,0.0,0.14285714285714285
LDVELTVEER,non_amp_negative.csv,0,non_amp,0,10,0.0,0,0.0,0.0,0.0,0.0,0.0
DCCIIAGCPFGCTICC,non_amp_negative.csv,0,non_amp,1,16,0.18000000000000002,1,0.2,0.2,0.1,0.125,0.0625
ALPCPYGCPLRCCHMTDGVCLRNKQGC,non_amp_negative.csv,0,non_amp,1,27,0.1222222222222222,0,0.1111111111111111,0.1111111111111111,0.16666666666666666,0.1111111111111111,0.1111111111111111
VATSEPNRYFNPYSYVELIITVDHS,non_amp_negative.csv,0,non_amp,0,25,0.025,0,0.0,0.0,0.125,0.0,0.08
GLCCPMRWSSSEG,non_amp_negative.csv,0,non_amp,0,13,0.3225,0,0.4,0.25,0.125,0.15384615384615385,0.07692307692307693
SDIRAKLLEVLESGVVNGKWT,non_amp_negative.csv,0,non_amp,0,21,0.11785714285714285,1,0.14285714285714285,0.16666666666666666,0.0,0.09523809523809523,0.0
VAAIQTVLG,non_amp_negative.csv,0,non_amp,0,9,0.21666666666666667,2,0.3333333333333333,0.0,0.0,0.1111111111111111,0.0
PYDRISNSAFSDF,non_amp_negative.csv,0,non_amp,0,13,0.0,0,0.0,0.0,0.0,0.0,0.07692307692307693
QKKDKKDRF,non_amp_negative.csv,0,non_amp,0,9,0.0,0,0.0,0.0,0.0,0.0,0.0
GSSGIIPFPRV,non_amp_negative.csv,0,non_amp,0,11,0.4583333333333333,0,0.5,0.6666666666666666,0.16666666666666666,0.18181818181818182,0.18181818181818182
ECCHRQLLCCLRFV,non_amp_negative.csv,0,non_amp,1,14,0.0,0,0.0,0.0,0.0,0.0,0.0
ANFPTVSLNTVGITRQIPQDFMNAV,non_amp_negative.csv,0,non_amp,0,25,0.11696428571428572,2,0.125,0.14285714285714285,0.07142857142857142,0.04,0.08
AEAAGLLPFPRV,non_amp_negative.csv,0,non_amp,0,12,0.24583333333333332,1,0.25,0.3333333333333333,0.16666666666666666,0.08333333333333333,0.16666666666666666
NVTELIGNTPLVELI,non_amp_negative.csv,0,non_amp,0,15,0.16,0,0.2,0.2,0.0,0.06666666666666667,0.06666666666666667
YMVIQGEPGAVIRLGDYLIDQGL,non_amp_negative.csv,0,non_amp,0,23,0.35714285714285715,2,0.42857142857142855,0.42857142857142855,0.07142857142857142,0.17391304347826086,0.043478260869565216
QVRFRQCYFNPISCF,non_amp_negative.csv,0,non_amp,0,15,0.025,2,0.0,0.0,0.125,0.0,0.06666666666666667
ATFFDPQPRLLAD,non_amp_negative.csv,0,non_amp,0,13,0.05,0,0.0,0.0,0.25,0.0,0.15384615384615385
RRKQFHVLLSTI,non_amp_negative.csv,0,non_amp,0,12,0.0,0,0.0,0.0,0.0,0.0,0.0
YPDGFDGEAV,non_amp_negative.csv,0,non_amp,0,10,0.4583333333333333,0,0.5,0.6666666666666666,0.16666666666666666,0.2,0.1
YGGTPPFV,non_amp_negative.csv,0,non_amp,0,8,0.45,2,0.5,0.5,0.25,0.25,0.25
HAKDVVFGGEARARMVEGVNILANA,non_amp_negative.csv,0,non_amp,0,25,0.20535714285714285,2,0.25,0.2857142857142857,0.0,0.12,0.0
APWLVPSQITTCCGYNPGTMCPSCMCTNTC,non_amp_negative.csv,0,non_amp,1,30,0.10388888888888889,1,0.1,0.1111111111111111,0.1111111111111111,0.06666666666666667,0.13333333333333333
TLASYIRARRLTKAAVELRLTKK,non_amp_negative.csv,0,non_amp,0,23,0.0,0,0.0,0.0,0.0,0.0,0.0
GASGLIAFPRV,non_amp_negative.csv,0,non_amp,0,11,0.4583333333333333,0,0.5,0.6666666666666666,0.16666666666666666,0.18181818181818182,0.09090909090909091
VAPFPHGKLVTYKYIADVKAGVDPSLV,non_amp_negative.csv,0,non_amp,0,27,0.1222222222222222,0,0.1111111111111111,0.1111111111111111,0.16666666666666666,0.07407407407407407,0.1111111111111111
TPSQDFMRF,non_amp_negative.csv,0,non_amp,0,9,0.03333333333333333,0,0.0,0.0,0.16666666666666666,0.0,0.1111111111111111
DGCPPHPVPGMHPCMCTNTC,non_amp_negative.csv,0,non_amp,1,20,0.1845238095238095,1,0.14285714285714285,0.16666666666666666,0.3333333333333333,0.1,0.25
TPQQDFMRF,non_amp_negative.csv,0,non_amp,0,9,0.03333333333333333,0,0.0,0.0,0.16666666666666666,0.0,0.1111111111111111
TIEEVLNLPPYVVAA,non_amp_negative.csv,0,non_amp,0,15,0.05,1,0.0,0.0,0.25,0.0,0.13333333333333333
LMYYTLPRPV,non_amp_negative.csv,0,non_amp,0,10,0.06666666666666667,1,0.0,0.0,0.3333333333333333,0.0,0.2
TPDHQRYVELFIVVDHGMYTKYNGD,non_amp_negative.csv,0,non_amp,0,25,0.1,1,0.125,0.125,0.0,0.08,0.04
SFDSSVLTK,non_amp_negative.csv,0,non_amp,0,9,0.0,0,0.0,0.0,0.0,0.0,0.0
FRLSPAARNILEKHSLDASQGTATGPR,non_amp_negative.csv,0,non_amp,0,27,0.11597222222222221,2,0.1111111111111111,0.125,0.125,0.07407407407407407,0.07407407407407407
NSGGGEGSGMWFGPRL,non_amp_negative.csv,0,non_amp,0,16,0.43500000000000005,0,0.5,0.6,0.1,0.375,0.0625
SHYAEGPGKN,non_amp_negative.csv,0,non_amp,0,10,0.3416666666666667,2,0.3333333333333333,0.5,0.25,0.2,0.1
LLGMIPVAISAINLMKL,non_amp_negative.csv,0,non_amp,1,17,0.16,2,0.2,0.2,0.0,0.058823529411764705,0.058823529411764705
GSSGLISVPRV,non_amp_negative.csv,0,non_amp,0,11,0.4583333333333333,0,0.5,0.6666666666666666,0.16666666666666666,0.18181818181818182,0.09090909090909091
VAGKSFVPIALGRQSKQTPF,non_amp_negative.csv,0,non_amp,0,20,0.3,2,0.3333333333333333,0.3333333333333333,0.16666666666666666,0.1,0.1
VVSQYHELVVQARLSEQELEFR,non_amp_negative.csv,0,non_amp,0,22,0.0,0,0.0,0.0,0.0,0.0,0.0
NGRRYTTYGCSPPVT,non_amp_negative.csv,0,non_amp,0,15,0.2175,1,0.2,0.25,0.25,0.13333333333333333,0.13333333333333333
RRRRRRRRHRRRRGRRGRRSRGRR,non_amp_negative.csv,0,non_amp,1,24,0.20535714285714285,1,0.25,0.2857142857142857,0.0,0.125,0.0
ERGCPRILKQCKQDSDCPGECICMAHGFCG,non_amp_negative.csv,0,non_amp,1,30,0.23944444444444443,2,0.3,0.2222222222222222,0.05555555555555555,0.13333333333333333,0.06666666666666667
MKDVDQIFDALDCHILREYLILLFYD,non_amp_negative.csv,0,non_amp,0,26,0.0,0,0.0,0.0,0.0,0.0,0.0
PAPETNYLRDP,non_amp_negative.csv,0,non_amp,0,11,0.03333333333333333,0,0.0,0.0,0.16666666666666666,0.0,0.2727272727272727
KPTADFDYIVVGAGNAGNVVAYRTVQAL,non_amp_negative.csv,0,non_amp,0,28,0.17777777777777776,1,0.2222222222222222,0.2222222222222222,0.0,0.10714285714285714,0.03571428571428571
VIHDDAREWDSSL,non_amp_negative.csv,0,non_amp,0,13,0.0,0,0.0,0.0,0.0,0.0,0.0
RDVDVGSFLPKSPSDPSMVL,non_amp_negative.csv,0,non_amp,0,20,0.18333333333333332,2,0.16666666666666666,0.16666666666666666,0.25,0.05,0.15
DSDSAFLIG,non_amp_negative.csv,0,non_amp,0,9,0.21666666666666667,2,0.3333333333333333,0.0,0.0,0.1111111111111111,0.0
QGRPPGPPIPP,non_amp_negative.csv,0,non_amp,0,11,0.4666666666666667,2,0.3333333333333333,0.3333333333333333,1.0,0.18181818181818182,0.5454545454545454
AADIFAKFKTSMEVK,non_amp_negative.csv,0,non_amp,0,15,0.0,0,0.0,0.0,0.0,0.0,0.0
ADSRKPIWI,non_amp_negative.csv,0,non_amp,0,9,0.05,1,0.0,0.0,0.25,0.0,0.1111111111111111
QLYENKSRRPYIL,non_amp_negative.csv,0,non_amp,0,13,0.03333333333333333,2,0.0,0.0,0.16666666666666666,0.0,0.07692307692307693
ELLETPTHVLRFWESKFPQIKPVKR,non_amp_negative.csv,0,non_amp,0,25,0.037500000000000006,1,0.0,0.0,0.1875,0.0,0.12
GPETAFFRL,non_amp_negative.csv,0,non_amp,0,9,0.3,0,0.3333333333333333,0.3333333333333333,0.16666666666666666,0.1111111111111111,0.1111111111111111
MPRKGPAPK,non_amp_negative.csv,0,non_amp,0,9,0.3416666666666667,1,0.3333333333333333,0.5,0.25,0.1111111111111111,0.3333333333333333
QTLIPMPRL,non_amp_negative.csv,0,non_amp,0,9,0.1,2,0.0,0.0,0.5,0.0,0.2222222222222222
TPSDGFMGMR,non_amp_negative.csv,0,non_amp,0,10,0.5333333333333333,1,0.6666666666666666,0.6666666666666666,0.0,0.2,0.1
DYYGSPTPLNQLASISVPE,non_amp_negative.csv,0,non_amp,0,19,0.16785714285714284,0,0.14285714285714285,0.16666666666666666,0.25,0.05263157894736842,0.15789473684210525
GNYYGYCRVHLNTAY,non_amp_negative.csv,0,non_amp,0,15,0.1675,1,0.2,0.25,0.0,0.13333333333333333,0.0
GFIMEFAENLILRRMEDPK,non_amp_negative.csv,0,non_amp,0,19,0.13452380952380952,0,0.14285714285714285,0.16666666666666666,0.08333333333333333,0.05263157894736842,0.05263157894736842
QWFGPYPPVNYIN,non_amp_negative.csv,0,non_amp,0,13,0.2175,0,0.2,0.25,0.25,0.07692307692307693,0.23076923076923078
DDDDDDHTIEHFETF,non_amp_negative.csv,0,non_amp,0,15,0.0,0,0.0,0.0,0.0,0.0,0.0
GRGASSNYVRL,non_amp_negative.csv,0,non_amp,0,11,0.26666666666666666,2,0.3333333333333333,0.3333333333333333,0.0,0.18181818181818182,0.0
QLAELKYVI,non_amp_negative.csv,0,non_amp,0,9,0.0,0,0.0,0.0,0.0,0.0,0.0
VPPVYADLGKGARDLFSKGYNYGFSKL,non_amp_negative.csv,0,non_amp,0,27,0.19444444444444445,1,0.2222222222222222,0.25,0.0625,0.14814814814814814,0.07407407407407407
MKIILWAVLIIFLIGLLVVTGVFKMIF,non_amp_negative.csv,0,non_amp,1,27,0.18194444444444444,2,0.2222222222222222,0.25,0.0,0.07407407407407407,0.0
QKKDKKDRFPNGLV,non_amp_negative.csv,0,non_amp,0,14,0.225,2,0.25,0.25,0.125,0.07142857142857142,0.07142857142857142
TALPQLRLPATSRILCAGVLEGGIDTCNR,non_amp_negative.csv,0,non_amp,0,29,0.10388888888888889,1,0.1,0.1111111111111111,0.1111111111111111,0.10344827586206896,0.06896551724137931
IVGGTAADISQFPHQLSLQTT,non_amp_negative.csv,0,non_amp,0,21,0.13452380952380952,2,0.14285714285714285,0.16666666666666666,0.08333333333333333,0.09523809523809523,0.047619047619047616
IPLDTIAGYKE,non_amp_negative.csv,0,non_amp,0,11,0.2125,1,0.25,0.3333333333333333,0.0,0.09090909090909091,0.09090909090909091
MEIDVLGWVALLVVFTWSIAMVVWGRNGL,non_amp_negative.csv,0,non_amp,0,29,0.22833333333333333,0,0.3,0.2222222222222222,0.0,0.10344827586206896,0.0
QTCCGSKVFCC,non_amp_negative.csv,0,non_amp,1,11,0.2125,1,0.25,0.3333333333333333,0.0,0.09090909090909091,0.0
AQVMKELQECK,non_amp_negative.csv,0,non_amp,0,11,0.0,0,0.0,0.0,0.0,0.0,0.0
AAAGDNFMRF,non_amp_negative.csv,0,non_amp,0,10,0.2125,0,0.25,0.3333333333333333,0.0,0.1,0.0
YFDPFSLDVWDPFQA,non_amp_negative.csv,0,non_amp,0,15,0.05,1,0.0,0.0,0.25,0.0,0.13333333333333333
AGESSNEAKGMWFGPRL,non_amp_negative.csv,0,non_amp,0,17,0.2966666666666667,1,0.3333333333333333,0.4,0.1,0.17647058823529413,0.058823529411764705
MPGKVQDFFLCSLLLCIVSAGWCG,non_amp_negative.csv,0,non_amp,1,24,0.2866071428571429,2,0.375,0.2857142857142857,0.0,0.125,0.041666666666666664
ADRELHRSKA,non_amp_negative.csv,0,non_amp,0,10,0.0,0,0.0,0.0,0.0,0.0,0.0
MDMVSLAWAALMVVFTFSLSLVVWGRSGL,non_amp_negative.csv,0,non_amp,0,29,0.14666666666666667,0,0.2,0.1111111111111111,0.0,0.06896551724137931,0.0
GMNLVFVGAEVAPWSKTGGLGDVLA,non_amp_negative.csv,0,non_amp,0,25,0.21964285714285714,2,0.25,0.2857142857142857,0.07142857142857142,0.2,0.04
MSKNTKSKNNGIRKYNAKTEVKLVYFK,non_amp_negative.csv,0,non_amp,0,27,0.09097222222222222,1,0.1111111111111111,0.125,0.0,0.037037037037037035,0.0
IHSKPPREQL,non_amp_negative.csv,0,non_amp,0,10,0.06666666666666667,0,0.0,0.0,0.3333333333333333,0.0,0.2
NDPCEEVCLQHTGNVKACEEACQ,non_amp_negative.csv,0,non_amp,1,23,0.11696428571428572,0,0.125,0.14285714285714285,0.07142857142857142,0.043478260869565216,0.043478260869565216
APLEDEDDLELLEKVKRDRKKRLERQGAIN,non_amp_negative.csv,0,non_amp,0,30,0.08166666666666667,2,0.1,0.1111111111111111,0.0,0.03333333333333333,0.03333333333333333
ENFSGGCVAGYMRTPDGRCKPTFYQ,non_amp_negative.csv,0,non_amp,0,25,0.225,1,0.25,0.25,0.125,0.16,0.08
MVTMVKKWLLLMTFMAGCRGMIY,non_amp_negative.csv,0,non_amp,0,23,0.20535714285714285,1,0.25,0.2857142857142857,0.0,0.08695652173913043,0.0
GYFLFRPRN,non_amp_negative.csv,0,non_amp,0,9,0.26666666666666666,0,0.3333333333333333,0.3333333333333333,0.0,0.1111111111111111,0.1111111111111111
MKRISTTITTTITTTITITITTGNGAG,non_amp_negative.csv,0,non_amp,0,27,0.09097222222222222,1,0.1111111111111111,0.125,0.0,0.1111111111111111,0.0
AHQLPMGTLCNFYEWYRRDD,non_amp_negative.csv,0,non_amp,0,20,0.13452380952380952,0,0.14285714285714285,0.16666666666666666,0.08333333333333333,0.05,0.05
IYSRLTVSPTGTLNR,non_amp_negative.csv,0,non_amp,0,15,0.1925,1,0.2,0.25,0.125,0.06666666666666667,0.06666666666666667
QRPEYPVWREKGAV,non_amp_negative.csv,0,non_amp,0,14,0.2,2,0.25,0.25,0.0,0.07142857142857142,0.14285714285714285
DRVYVHPFYL,non_amp_negative.csv,0,non_amp,0,10,0.05,2,0.0,0.0,0.25,0.0,0.1
SNSLFEEVRPIVNGMDCKLG,non_amp_negative.csv,0,non_amp,0,20,0.22738095238095238,1,0.2857142857142857,0.16666666666666666,0.08333333333333333,0.1,0.05
GKCGDINAPCKAECDCCGYTTCDCYWGN,non_amp_negative.csv,0,non_amp,1,28,0.17444444444444443,0,0.2,0.2222222222222222,0.05555555555555555,0.14285714285714285,0.03571428571428571
NDQCLVIEIL,non_amp_negative.csv,0,non_amp,0,10,0.0,0,0.0,0.0,0.0,0.0,0.0
ADGSDPASGEFLTEGGGVR,non_amp_negative.csv,0,non_amp,0,19,0.41500000000000004,2,0.5,0.6,0.0,0.2631578947368421,0.05263157894736842
SQISLRGS,non_amp_negative.csv,0,non_amp,0,8,0.21666666666666667,0,0.3333333333333333,0.0,0.0,0.125,0.0
AYRKPPFNGSIF,non_amp_negative.csv,0,non_amp,0,12,0.24583333333333332,2,0.25,0.3333333333333333,0.16666666666666666,0.08333333333333333,0.16666666666666666
DEPDGVPTRQKQ,non_amp_negative.csv,0,non_amp,0,12,0.2791666666666667,1,0.25,0.3333333333333333,0.3333333333333333,0.08333333333333333,0.16666666666666666
GYQVDCVSYNYDNVNENLAQQFVDTQG,non_amp_negative.csv,0,non_amp,0,27,0.08888888888888888,0,0.1111111111111111,0.1111111111111111,0.0,0.07407407407407407,0.0
FVVETENQLMSQGGRYYILPVIYGKGGGLG,non_amp_negative.csv,0,non_amp,0,30,0.23944444444444443,2,0.3,0.2222222222222222,0.05555555555555555,0.23333333333333334,0.03333333333333333
MVKQIEFKYAFQEALNSAGDK,non_amp_negative.csv,0,non_amp,0,21,0.11428571428571428,0,0.14285714285714285,0.14285714285714285,0.0,0.047619047619047616,0.0
MDILTLGWVSVLTLFTYSIAMVVWGRHGM,non_amp_negative.csv,0,non_amp,0,29,0.22833333333333333,0,0.3,0.2222222222222222,0.0,0.10344827586206896,0.0
EPVKKKDLKKATVPL,non_amp_negative.csv,0,non_amp,0,15,0.04000000000000001,0,0.0,0.0,0.2,0.0,0.13333333333333333
GGCCSHPACAANNQDYC,non_amp_negative.csv,0,non_amp,1,17,0.15833333333333335,1,0.16666666666666666,0.2,0.1,0.11764705882352941,0.058823529411764705
NLVQFELLIMKVAKRSGLLSYSA,non_amp_negative.csv,0,non_amp,0,23,0.10267857142857142,1,0.125,0.14285714285714285,0.0,0.043478260869565216,0.0
AHSDAVTPLPARSKV,non_amp_negative.csv,0,non_amp,0,15,0.05,2,0.0,0.0,0.25,0.0,0.13333333333333333
AEPNVTVTGAAGQIGYALLFRI,non_amp_negative.csv,0,non_amp,0,22,0.3535714285714286,2,0.42857142857142855,0.5,0.0,0.13636363636363635,0.045454545454545456
DCLPGWSSHEGHCYKVFNQEMYWADAEKFC,non_amp_negative.csv,0,non_amp,1,30,0.17444444444444443,1,0.2,0.2222222222222222,0.05555555555555555,0.06666666666666667,0.03333333333333333
IVRRACCSDRRCRWRCG,non_amp_negative.csv,0,non_amp,1,17,0.10833333333333334,1,0.16666666666666666,0.0,0.0,0.058823529411764705,0.0
ACGPGCSGSCRQKGDRIKCINGSCHCYP,non_amp_negative.csv,0,non_amp,1,28,0.2888888888888889,1,0.3333333333333333,0.3333333333333333,0.1111111111111111,0.17857142857142858,0.07142857142857142
ANDPDFPYTVQANRP,non_amp_negative.csv,0,non_amp,0,15,0.05,1,0.0,0.0,0.25,0.0,0.2
MTVKIAQKKVLPVIGRAAALCGSCYPCSCM,non_amp_negative.csv,0,non_amp,1,30,0.1,0,0.1,0.1,0.1,0.06666666666666667,0.06666666666666667
NKLKPSQWISL,non_amp_negative.csv,0,non_amp,0,11,0.03333333333333333,0,0.0,0.0,0.16666666666666666,0.0,0.09090909090909091
AIGGLSRSFPVEAFE,non_amp_negative.csv,0,non_amp,0,15,0.1925,2,0.2,0.25,0.125,0.13333333333333333,0.06666666666666667
GHACYRNCWREGNDEETCKERCG,non_amp_negative.csv,0,non_amp,1,23,0.11428571428571428,2,0.14285714285714285,0.14285714285714285,0.0,0.13043478260869565,0.0
EYIPFIHEWV,non_amp_negative.csv,0,non_amp,0,10,0.05,2,0.0,0.0,0.25,0.0,0.1
EPFCNKRDDISSPRTGVDIPSFILPGLNL,non_amp_negative.csv,0,non_amp,0,29,0.10388888888888889,0,0.1,0.1111111111111111,0.1111111111111111,0.06896551724137931,0.13793103448275862
AVSCFKACMKKRGIPFVCSVDC,non_amp_negative.csv,0,non_amp,1,22,0.11696428571428572,0,0.125,0.14285714285714285,0.07142857142857142,0.045454545454545456,0.045454545454545456
ELIGAANRDTKSFSINRKDAKERVAKAAR,non_amp_negative.csv,0,non_amp,0,29,0.08166666666666667,0,0.1,0.1111111111111111,0.0,0.034482758620689655,0.0
DPMPAEDIVDLAYES,non_amp_negative.csv,0,non_amp,0,15,0.025,1,0.0,0.0,0.125,0.0,0.13333333333333333
NFSCPPDWYAYD,non_amp_negative.csv,0,non_amp,0,12,0.05,0,0.0,0.0,0.25,0.0,0.16666666666666666
PFDRISSSAFSDF,non_amp_negative.csv,0,non_amp,0,13,0.0,0,0.0,0.0,0.0,0.0,0.07692307692307693
VLLESHARDLSSLEK,non_amp_negative.csv,0,non_amp,0,15,0.0,0,0.0,0.0,0.0,0.0,0.0
MSQASSSPGEGPSSEAAAISEAEAASGS,non_amp_negative.csv,0,non_amp,0,28,0.17569444444444443,2,0.2222222222222222,0.125,0.0625,0.10714285714285714,0.07142857142857142
AKDGNQSAIIGNIL,non_amp_negative.csv,0,non_amp,0,14,0.1675,0,0.2,0.25,0.0,0.14285714285714285,0.0
VLLDGNGEVVQNGGTYYLLP,non_amp_negative.csv,0,non_amp,0,20,0.2357142857142857,0,0.2857142857142857,0.3333333333333333,0.0,0.2,0.05
KKDGYPVEYDRAY,non_amp_negative.csv,0,non_amp,0,13,0.1925,0,0.2,0.25,0.125,0.07692307692307693,0.07692307692307693
MALNLQDKQAIVAEVSEVAKG,non_amp_negative.csv,0,non_amp,0,21,0.09285714285714286,2,0.14285714285714285,0.0,0.0,0.047619047619047616,0.0
MMCPRILMKCKHDSDCLPGCVCLEHIEYCG,non_amp_negative.csv,0,non_amp,1,30,0.09000000000000001,0,0.1,0.1,0.05,0.06666666666666667,0.06666666666666667
MVQLVDLARCVSF,non_amp_negative.csv,0,non_amp,0,13,0.0,0,0.0,0.0,0.0,0.0,0.0
KFNYASVMQVPRIEKITLNMGVGEALTDK,non_amp_negative.csv,0,non_amp,0,29,0.09999999999999999,2,0.1111111111111111,0.1111111111111111,0.05555555555555555,0.06896551724137931,0.034482758620689655
MVKTPITEAIAAADTQGRFLS,non_amp_negative.csv,0,non_amp,0,21,0.11785714285714285,1,0.14285714285714285,0.16666666666666666,0.0,0.047619047619047616,0.047619047619047616
GPDSTFLRL,non_amp_negative.csv,0,non_amp,0,9,0.3,0,0.3333333333333333,0.3333333333333333,0.16666666666666666,0.1111111111111111,0.1111111111111111
CAAFGSFCGLPGLVDCCSGRCFIVCLL,non_amp_negative.csv,0,non_amp,1,27,0.19444444444444445,2,0.2222222222222222,0.25,0.0625,0.14814814814814814,0.037037037037037035
KLSGCFGFKLDRIGTMSGLGC,non_amp_negative.csv,0,non_amp,0,21,0.22857142857142856,0,0.2857142857142857,0.2857142857142857,0.0,0.23809523809523808,0.0
SASGSGESSGMWFGPRL,non_amp_negative.csv,0,non_amp,0,17,0.2966666666666667,0,0.3333333333333333,0.4,0.1,0.23529411764705882,0.058823529411764705
QNECPWKPWC,non_amp_negative.csv,0,non_amp,0,10,0.1,2,0.0,0.0,0.5,0.0,0.2
TVAACNSPKVGLDSDAELVR,non_amp_negative.csv,0,non_amp,0,20,0.11785714285714285,1,0.14285714285714285,0.16666666666666666,0.0,0.05,0.05
PVLAAASWALFNIGRLALQQFNKIASR,non_amp_negative.csv,0,non_amp,0,27,0.09097222222222222,1,0.1111111111111111,0.125,0.0,0.037037037037037035,0.037037037037037035
SKTPIRVAVTGAAGNIGYHLLFRIA,non_amp_negative.csv,0,non_amp,0,25,0.3125,1,0.375,0.375,0.0625,0.12,0.04
KASSSAPKGWTHHGSRFTFHRGSM,non_amp_negative.csv,0,non_amp,0,24,0.11696428571428572,1,0.125,0.14285714285714285,0.07142857142857142,0.125,0.041666666666666664
MRNLQPNMSRWAFFAKSVGTWNKSSCRS,non_amp_negative.csv,0,non_amp,0,28,0.09277777777777778,0,0.1,0.1111111111111111,0.05555555555555555,0.03571428571428571,0.03571428571428571
REVCELNPDCDELADHIGFQEAYR,non_amp_negative.csv,0,non_amp,0,24,0.11696428571428572,2,0.125,0.14285714285714285,0.07142857142857142,0.041666666666666664,0.041666666666666664
NLYQFKNMIQCTTKRSVLEFMEYGCYC,non_amp_negative.csv,0,non_amp,1,27,0.09097222222222222,2,0.1111111111111111,0.125,0.0,0.037037037037037035,0.0
QARPRPGPKIPP,non_amp_negative.csv,0,non_amp,0,12,0.3,0,0.25,0.25,0.5,0.08333333333333333,0.4166666666666667
MKNRVYESLTTVFSVLVVSSFLYIWFATY,non_amp_negative.csv,0,non_amp,0,29,0.0,0,0.0,0.0,0.0,0.0,0.0
RLLGNVLVRVLACNFGPEFTPQVQAAFQK,non_amp_negative.csv,0,non_amp,0,29,0.18555555555555556,0,0.2,0.2222222222222222,0.1111111111111111,0.06896551724137931,0.06896551724137931
KVIDVKCTSPKQCLPPCKAQFGD,non_amp_negative.csv,0,non_amp,1,23,0.0955357142857143,0,0.125,0.0,0.07142857142857142,0.043478260869565216,0.13043478260869565
MWISYLGFLIFYFILAAASYKILKRIKWI,non_amp_negative.csv,0,non_amp,1,29,0.08166666666666667,0,0.1,0.1111111111111111,0.0,0.034482758620689655,0.0
SLLQFNKMIKFETRKNAIPFYAF,non_amp_negative.csv,0,non_amp,0,23,0.014285714285714285,1,0.0,0.0,0.07142857142857142,0.0,0.043478260869565216
GAGGALFVHRD,non_amp_negative.csv,0,non_amp,0,11,0.425,0,0.5,0.6666666666666666,0.0,0.2727272727272727,0.0
VQPPHSHGDNFYIWT,non_amp_negative.csv,0,non_amp,0,15,0.2175,1,0.2,0.25,0.25,0.06666666666666667,0.13333333333333333
ESQKVQGDVIGVDLGTTYSCVA,non_amp_negative.csv,0,non_amp,0,22,0.11785714285714285,2,0.14285714285714285,0.16666666666666666,0.0,0.13636363636363635,0.0
GCPWMPWC,non_amp_negative.csv,0,non_amp,0,8,0.39166666666666666,0,0.3333333333333333,0.5,0.5,0.125,0.25
QNRHPPIPPAP,non_amp_negative.csv,0,non_amp,0,11,0.13333333333333333,0,0.0,0.0,0.6666666666666666,0.0,0.45454545454545453
SAPSQDFMRF,non_amp_negative.csv,0,non_amp,0,10,0.03333333333333333,0,0.0,0.0,0.16666666666666666,0.0,0.1
TICYNHLTIRSEVTEICIICDDDYYF,non_amp_negative.csv,0,non_amp,1,26,0.0,0,0.0,0.0,0.0,0.0,0.0
ATPFGGSSYEGH,non_amp_negative.csv,0,non_amp,0,12,0.4083333333333333,1,0.5,0.3333333333333333,0.16666666666666666,0.25,0.08333333333333333
GLIDVRCYDSSQCE,non_amp_negative.csv,0,non_amp,0,14,0.1675,0,0.2,0.25,0.0,0.07142857142857142,0.0
VVGGKPAKLGAWPWMVALGF,non_amp_negative.csv,0,non_amp,0,20,0.34523809523809523,0,0.42857142857142855,0.3333333333333333,0.08333333333333333,0.2,0.1
SPLEQFSILMLIPM,non_amp_negative.csv,0,non_amp,0,14,0.025,0,0.0,0.0,0.125,0.0,0.14285714285714285
GPQQENMMEE,non_amp_negative.csv,0,non_amp,0,10,0.24583333333333332,0,0.25,0.3333333333333333,0.16666666666666666,0.1,0.1
MKLIAKTRILNTLVFSAAGK,non_amp_negative.csv,0,non_amp,0,20,0.09285714285714286,0,0.14285714285714285,0.0,0.0,0.05,0.0
GCCRFPCPDSCRSLCC,non_amp_negative.csv,0,non_amp,1,16,0.17833333333333334,0,0.16666666666666666,0.2,0.2,0.0625,0.125
QGPWMEEEEAAYGWMDF,non_amp_negative.csv,0,non_amp,0,17,0.15833333333333335,0,0.16666666666666666,0.2,0.1,0.11764705882352941,0.058823529411764705
FGGFTGARKSARKLANQ,non_amp_negative.csv,0,non_amp,0,17,0.32,2,0.4,0.4,0.0,0.17647058823529413,0.0
MRNIKVKPFLN,non_amp_negative.csv,0,non_amp,0,11,0.03333333333333333,0,0.0,0.0,0.16666666666666666,0.0,0.09090909090909091
MKIFLYLLRKKIAEVWIFQNPANFLSL,non_amp_negative.csv,0,non_amp,0,27,0.0125,1,0.0,0.0,0.0625,0.0,0.037037037037037035
VSDVPNNDDRFTY,non_amp_negative.csv,0,non_amp,0,13,0.03333333333333333,2,0.0,0.0,0.16666666666666666,0.0,0.07692307692307693
MSISFPKMQHLIVMTTIGDKKVNNNIILFL,non_amp_negative.csv,0,non_amp,0,30,0.08166666666666667,2,0.1,0.1111111111111111,0.0,0.03333333333333333,0.03333333333333333
KYPLEKFQNIG,non_amp_negative.csv,0,non_amp,0,11,0.19583333333333333,1,0.25,0.0,0.16666666666666666,0.09090909090909091,0.09090909090909091
TIMSHNVP,non_amp_negative.csv,0,non_amp,0,8,0.05,2,0.0,0.0,0.25,0.0,0.125
QWAQWPRPQIPP,non_amp_negative.csv,0,non_amp,0,12,0.1,0,0.0,0.0,0.5,0.0,0.3333333333333333
QERRAMGFVGMR,non_amp_negative.csv,0,non_amp,0,12,0.4,0,0.5,0.5,0.0,0.16666666666666666,0.0
STIEVRNNSPYYSVD,non_amp_negative.csv,0,non_amp,0,15,0.025,1,0.0,0.0,0.125,0.0,0.06666666666666667
MSGYGTSFALIVVLFILLIIVGTAFVGGY,non_amp_negative.csv,0,non_amp,0,29,0.17777777777777776,2,0.2222222222222222,0.2222222222222222,0.0,0.1724137931034483,0.0
EASGETFVAENDACKCGSDCKCNPCTCK,non_amp_negative.csv,0,non_amp,1,28,0.09999999999999999,1,0.1111111111111111,0.1111111111111111,0.05555555555555555,0.07142857142857142,0.03571428571428571
SPALDDEHNDNFLRL,non_amp_negative.csv,0,non_amp,0,15,0.020000000000000004,0,0.0,0.0,0.1,0.0,0.06666666666666667
ALFEESTVSAEPR,non_amp_negative.csv,0,non_amp,0,13,0.025,0,0.0,0.0,0.125,0.0,0.07692307692307693
QWPDPSSDIPP,non_amp_negative.csv,0,non_amp,0,11,0.1,2,0.0,0.0,0.5,0.0,0.36363636363636365
MAKEQQVQANDLQEKLIAVNRVAK,non_amp_negative.csv,0,non_amp,0,24,0.0,0,0.0,0.0,0.0,0.0,0.0
VSTAPYGAWQSPID,non_amp_negative.csv,0,non_amp,0,14,0.2175,0,0.2,0.25,0.25,0.07142857142857142,0.14285714285714285
TDVDHVFLRF,non_amp_negative.csv,0,non_amp,0,10,0.0,0,0.0,0.0,0.0,0.0,0.0
MRAKWRKKRVRRLKRKRRKTRARSK,non_amp_negative.csv,0,non_amp,1,25,0.0,0,0.0,0.0,0.0,0.0,0.0
MQRPRPPRPLSYSRSSEEAFLEA,non_amp_negative.csv,0,non_amp,0,23,0.05714285714285714,1,0.0,0.0,0.2857142857142857,0.0,0.17391304347826086
QASTDYDDEDESTVPEAR,non_amp_negative.csv,0,non_amp,0,18,0.020000000000000004,1,0.0,0.0,0.1,0.0,0.05555555555555555
MTLDVFTKVVSQADSRG,non_amp_negative.csv,0,non_amp,0,17,0.10833333333333334,1,0.16666666666666666,0.0,0.0,0.058823529411764705,0.0
SNKKDYQKEIVDKHNALRRSVK,non_amp_negative.csv,0,non_amp,0,22,0.0,0,0.0,0.0,0.0,0.0,0.0
QGGWPRPGPEIPP,non_amp_negative.csv,0,non_amp,0,13,0.5,1,0.5,0.5,0.5,0.23076923076923078,0.38461538461538464
AVNVNTNVSAMTAQRYLNQA,non_amp_negative.csv,0,non_amp,0,20,0.0,0,0.0,0.0,0.0,0.0,0.0
NLVQLGKMIFQETGKNPATSYGL,non_amp_negative.csv,0,non_amp,0,23,0.1285714285714286,2,0.14285714285714285,0.14285714285714285,0.07142857142857142,0.13043478260869565,0.043478260869565216
CKPASIKIRLNSTADTGFYV,non_amp_negative.csv,0,non_amp,0,20,0.13452380952380952,1,0.14285714285714285,0.16666666666666666,0.08333333333333333,0.05,0.05
GFYDHELEGLRVIHEGEDIGEVT,non_amp_negative.csv,0,non_amp,0,23,0.20535714285714285,0,0.25,0.2857142857142857,0.0,0.17391304347826086,0.0
EEQEQEQEQDTKMA,non_amp_negative.csv,0,non_amp,0,14,0.0,0,0.0,0.0,0.0,0.0,0.0
SGTSPLLPAITFILD,non_amp_negative.csv,0,non_amp,0,15,0.1675,1,0.2,0.25,0.0,0.06666666666666667,0.13333333333333333
MTKNKFVLLRYLCLFCTNIDQIDFNSVLK,non_amp_negative.csv,0,non_amp,0,29,0.0,0,0.0,0.0,0.0,0.0,0.0
WLRMASGLTDYR,non_amp_negative.csv,0,non_amp,0,12,0.2,0,0.25,0.25,0.0,0.08333333333333333,0.0
GGNDFMRF,non_amp_negative.csv,0,non_amp,0,8,0.2916666666666667,0,0.3333333333333333,0.5,0.0,0.25,0.0
AYDPDPYKRYSAEHTFFLL,non_amp_negative.csv,0,non_amp,0,19,0.03333333333333333,1,0.0,0.0,0.16666666666666666,0.0,0.10526315789473684
ITFSKIYRSCKSNSVCGNQKCVRGRCV,non_amp_negative.csv,0,non_amp,1,27,0.09097222222222222,1,0.1111111111111111,0.125,0.0,0.07407407407407407,0.0
GSHWAVGHLM,non_amp_negative.csv,0,non_amp,0,10,0.425,0,0.5,0.6666666666666666,0.0,0.2,0.0
NSELINSILGLPKVMNEA,non_amp_negative.csv,0,non_amp,0,18,0.15,0,0.16666666666666666,0.16666666666666666,0.08333333333333333,0.05555555555555555,0.05555555555555555
HAEGTYTSDVSSYLQDQAAKEFVSWLKTGR,non_amp_negative.csv,0,non_amp,0,30,0.08,0,0.1,0.1,0.0,0.06666666666666667,0.0
MAVKAISGCDKDQELI,non_amp_negative.csv,0,non_amp,0,16,0.16,1,0.2,0.2,0.0,0.0625,0.0
MFKPGYSEAKKPKITDEFSYKQT,non_amp_negative.csv,0,non_amp,0,23,0.13125,1,0.125,0.14285714285714285,0.14285714285714285,0.043478260869565216,0.08695652173913043
MRAKWRKKRVRRLKRKRRKVRARSK,non_amp_negative.csv,0,non_amp,1,25,0.0,0,0.0,0.0,0.0,0.0,0.0
MSKRVEVLLTQLPRPTA,non_amp_negative.csv,0,non_amp,0,17,0.04000000000000001,1,0.0,0.0,0.2,0.0,0.11764705882352941
VNDGYLDNGLQEGDFE,non_amp_negative.csv,0,non_amp,0,16,0.27666666666666667,0,0.3333333333333333,0.4,0.0,0.1875,0.0
MLYANPNTESSPVGFRKKYDNFI,non_amp_negative.csv,0,non_amp,0,23,0.13125,1,0.125,0.14285714285714285,0.14285714285714285,0.043478260869565216,0.08695652173913043
ECKWYLGTCSKDGDCCKHLQCHSNYE,non_amp_negative.csv,0,non_amp,1,26,0.18194444444444444,0,0.2222222222222222,0.25,0.0,0.07692307692307693,0.0
KFGKVLKFLAKTLAKHLAKKQAQS,non_amp_negative.csv,0,non_amp,0,24,0.10267857142857142,2,0.125,0.14285714285714285,0.0,0.041666666666666664,0.0
VVGGDECNINEHRSLALMYA,non_amp_negative.csv,0,non_amp,0,20,0.13333333333333333,2,0.16666666666666666,0.16666666666666666,0.0,0.1,0.0
EKGYNPYVR,non_amp_negative.csv,0,non_amp,0,9,0.2916666666666667,2,0.3333333333333333,0.5,0.0,0.1111111111111111,0.1111111111111111
ASCTERKHDCTKDRHSCCRG,non_amp_negative.csv,0,non_amp,1,20,0.09285714285714286,1,0.14285714285714285,0.0,0.0,0.05,0.0
GSGGSGEANGMWFGPRL,non_amp_negative.csv,0,non_amp,0,17,0.43500000000000005,0,0.5,0.6,0.1,0.35294117647058826,0.058823529411764705
IEMAEGGNDNIGNESIK,non_amp_negative.csv,0,non_amp,0,17,0.32,2,0.4,0.4,0.0,0.17647058823529413,0.0
QGLISFPRV,non_amp_negative.csv,0,non_amp,0,9,0.3416666666666667,1,0.3333333333333333,0.5,0.25,0.1111111111111111,0.1111111111111111
DPHHDFMRF,non_amp_negative.csv,0,non_amp,0,9,0.03333333333333333,0,0.0,0.0,0.16666666666666666,0.0,0.1111111111111111
HGGYKPTDK,non_amp_negative.csv,0,non_amp,0,9,0.3416666666666667,1,0.3333333333333333,0.5,0.25,0.2222222222222222,0.1111111111111111
DDCGGLFSGCDSNADCCEGYVCRLWCKYKL,non_amp_negative.csv,0,non_amp,1,30,0.16,0,0.2,0.2,0.0,0.13333333333333333,0.0
NLLQFGYMIRCANGRSRPVW,non_amp_negative.csv,0,non_amp,0,20,0.13452380952380952,1,0.14285714285714285,0.16666666666666666,0.08333333333333333,0.1,0.05
GTSGLISFPRT,non_amp_negative.csv,0,non_amp,0,11,0.4583333333333333,0,0.5,0.6666666666666666,0.16666666666666666,0.18181818181818182,0.09090909090909091
AILELPQSPNVFHPEKPSAVG,non_amp_negative.csv,0,non_amp,0,21,0.1261904761904762,2,0.14285714285714285,0.0,0.16666666666666666,0.047619047619047616,0.19047619047619047
VALGGCLPTVQLGR,non_amp_negative.csv,0,non_amp,0,14,0.3225,0,0.4,0.25,0.125,0.21428571428571427,0.07142857142857142
CCAPSACRLGCRPCCR,non_amp_negative.csv,0,non_amp,1,16,0.13833333333333334,0,0.16666666666666666,0.2,0.0,0.0625,0.125
AENRERVMVQ,non_amp_negative.csv,0,non_amp,0,10,0.0,0,0.0,0.0,0.0,0.0,0.0
MDILSLGWAALMAMFTFSIAMVVWGRNGF,non_amp_negative.csv,0,non_amp,0,29,0.22833333333333333,0,0.3,0.2222222222222222,0.0,0.10344827586206896,0.0
DTHKSEIAHRQPDLG,non_amp_negative.csv,0,non_amp,0,15,0.13,2,0.2,0.0,0.0,0.06666666666666667,0.06666666666666667
NGAPQPFVRF,non_amp_negative.csv,0,non_amp,0,10,0.3333333333333333,1,0.3333333333333333,0.3333333333333333,0.3333333333333333,0.1,0.2
GPDSSFLRL,non_amp_negative.csv,0,non_amp,0,9,0.3,0,0.3333333333333333,0.3333333333333333,0.16666666666666666,0.1111111111111111,0.1111111111111111
ALIFATLSAAYIGEALE,non_amp_negative.csv,0,non_amp,1,17,0.13833333333333334,0,0.16666666666666666,0.2,0.0,0.058823529411764705,0.0
PKVSPRWPPIPP,non_amp_negative.csv,0,non_amp,0,12,0.125,0,0.0,0.0,0.625,0.0,0.5
EAPVGFTPPELDPSTPSPIFGGSTGGLLR,non_amp_negative.csv,0,non_amp,0,29,0.21888888888888888,1,0.2,0.2222222222222222,0.2777777777777778,0.1724137931034483,0.20689655172413793
ARVPFYRYYK,non_amp_negative.csv,0,non_amp,0,10,0.05,2,0.0,0.0,0.25,0.0,0.1
MLIYYLQSEKVLFFLYIFLLNFKLRIL,non_amp_negative.csv,0,non_amp,1,27,0.0,0,0.0,0.0,0.0,0.0,0.0
LRNVEQQCRADALVERAQELIHGQQ,non_amp_negative.csv,0,non_amp,0,25,0.1,1,0.125,0.125,0.0,0.04,0.0
SGDTSSQAKGMWFGPRL,non_amp_negative.csv,0,non_amp,0,17,0.2966666666666667,1,0.3333333333333333,0.4,0.1,0.17647058823529413,0.058823529411764705
SCCARNPACRHNHPCV,non_amp_negative.csv,0,non_amp,1,16,0.05,2,0.0,0.0,0.25,0.0,0.125
HKQGDFVLRVGAASVVPNDS,non_amp_negative.csv,0,non_amp,0,20,0.13452380952380952,0,0.14285714285714285,0.16666666666666666,0.08333333333333333,0.1,0.05
EQATLIDFGKLNADIVPDKNGGMTQ,non_amp_negative.csv,0,non_amp,0,25,0.21964285714285714,2,0.25,0.2857142857142857,0.07142857142857142,0.12,0.04
APYQKRNI,non_amp_negative.csv,0,non_amp,0,8,0.05,0,0.0,0.0,0.25,0.0,0.125
VTAKAVAAAEAASSAR,non_amp_negative.csv,0,non_amp,0,16,0.0,0,0.0,0.0,0.0,0.0,0.0
GVTSNPAIFQKAISTSNAYNDQFR,non_amp_negative.csv,0,non_amp,0,24,0.1125,0,0.125,0.125,0.0625,0.041666666666666664,0.041666666666666664
MNFFLRWCYAVAI,non_amp_negative.csv,0,non_amp,1,13,0.0,0,0.0,0.0,0.0,0.0,0.0
MKFNNAGAQGRDRGYIYSEPEFGRTRQVFY,non_amp_negative.csv,0,non_amp,0,30,0.17,0,0.2,0.2,0.05,0.13333333333333333,0.03333333333333333
PNYKLTYFNLRGRAEISRYLFAYAGIKY,non_amp_negative.csv,0,non_amp,0,28,0.09097222222222222,2,0.1111111111111111,0.125,0.0,0.07142857142857142,0.03571428571428571
GLWDDLKAAAKKVVSSLASAAIEKL,non_amp_negative.csv,0,non_amp,0,25,0.09097222222222222,0,0.1111111111111111,0.125,0.0,0.04,0.0
YDPSPLQDFCVAD,non_amp_negative.csv,0,non_amp,0,13,0.05,0,0.0,0.0,0.25,0.0,0.15384615384615385
AEKLEPVLPLIV,non_amp_negative.csv,0,non_amp,0,12,0.06666666666666667,1,0.0,0.0,0.3333333333333333,0.0,0.16666666666666666
MDILALGWVSVLALFTWSIAMVVWGRNGF,non_amp_negative.csv,0,non_amp,0,29,0.22833333333333333,0,0.3,0.2222222222222222,0.0,0.10344827586206896,0.0
VDACYEACMHHHMNSDDCIEACKNPVPP,non_amp_negative.csv,0,non_amp,1,28,0.03333333333333333,1,0.0,0.0,0.16666666666666666,0.0,0.10714285714285714
MWTKPAFEDIRLGFEITMYAAVE,non_amp_negative.csv,0,non_amp,0,23,0.11696428571428572,0,0.125,0.14285714285714285,0.07142857142857142,0.043478260869565216,0.043478260869565216
QTFQYSRGWTN,non_amp_negative.csv,0,non_amp,0,11,0.2125,1,0.25,0.3333333333333333,0.0,0.09090909090909091,0.0
QEDIEAGKQKSATCTACHGQEGNST,non_amp_negative.csv,0,non_amp,0,25,0.2729166666666667,0,0.3333333333333333,0.375,0.0,0.12,0.0
WFDPLRITETTTGSVTLK,non_amp_negative.csv,0,non_amp,0,18,0.13333333333333333,0,0.16666666666666666,0.16666666666666666,0.0,0.05555555555555555,0.05555555555555555
KARLELRLSNAAQPHRNRKR,non_amp_negative.csv,0,non_amp,0,20,0.016666666666666666,0,0.0,0.0,0.08333333333333333,0.0,0.05
ISDFDEYEPLNDADNNEVLDF,non_amp_negative.csv,0,non_amp,0,21,0.016666666666666666,1,0.0,0.0,0.08333333333333333,0.0,0.047619047619047616
APSMGFMGMR,non_amp_negative.csv,0,non_amp,0,10,0.5333333333333333,1,0.6666666666666666,0.6666666666666666,0.0,0.2,0.1
GGCCSHPACQNNPDYC,non_amp_negative.csv,0,non_amp,1,16,0.2,1,0.2,0.2,0.2,0.125,0.125
RGSNLTHPLRNIGDLFYVGN,non_amp_negative.csv,0,non_amp,0,20,0.22738095238095238,0,0.2857142857142857,0.16666666666666666,0.08333333333333333,0.15,0.05
HEEQITQPSATNDEA,non_amp_negative.csv,0,non_amp,0,15,0.025,2,0.0,0.0,0.125,0.0,0.06666666666666667
SKDNYKNYIPLIVPFAT,non_amp_negative.csv,0,non_amp,0,17,0.04000000000000001,2,0.0,0.0,0.2,0.0,0.11764705882352941
DQSCPWCGFTCCLPNYCQGLTCTVI,non_amp_negative.csv,0,non_amp,1,25,0.11597222222222221,0,0.1111111111111111,0.125,0.125,0.08,0.08
FKAVRGERLVYSVKWEGGGKITTRIL,non_amp_negative.csv,0,non_amp,0,26,0.2,2,0.25,0.25,0.0,0.15384615384615385,0.0
VVSCADILAVAAR,non_amp_negative.csv,0,non_amp,0,13,0.0,0,0.0,0.0,0.0,0.0,0.0
GRGGSSNYVRL,non_amp_negative.csv,0,non_amp,0,11,0.425,0,0.5,0.6666666666666666,0.0,0.2727272727272727,0.0
MDIINIAWAALMVIFTFSLSLVVWGRSGL,non_amp_negative.csv,0,non_amp,0,29,0.14666666666666667,0,0.2,0.1111111111111111,0.0,0.06896551724137931,0.0
SYPNKQPYGPSGFWM,non_amp_negative.csv,0,non_amp,0,15,0.385,2,0.4,0.5,0.25,0.13333333333333333,0.2
IVGGMEATPHSWPHQVA,non_amp_negative.csv,0,non_amp,0,17,0.18000000000000002,2,0.2,0.2,0.1,0.11764705882352941,0.11764705882352941
LKCNKLVPLF,non_amp_negative.csv,0,non_amp,0,10,0.05,2,0.0,0.0,0.25,0.0,0.1
SLNTKNDFMRF,non_amp_negative.csv,0,non_amp,0,11,0.0,0,0.0,0.0,0.0,0.0,0.0
MRKYEIMYIIRPDMD,non_amp_negative.csv,0,non_amp,0,15,0.025,1,0.0,0.0,0.125,0.0,0.06666666666666667
MDFNISGIGNVS,non_amp_negative.csv,0,non_amp,0,12,0.2125,2,0.25,0.3333333333333333,0.0,0.16666666666666666,0.0
QKKDKKDRFYGLM,non_amp_negative.csv,0,non_amp,0,13,0.2,1,0.25,0.25,0.0,0.07692307692307693,0.0
ATSAAQGAALDESVRKVLKP,non_amp_negative.csv,0,non_amp,0,20,0.11785714285714285,0,0.14285714285714285,0.16666666666666666,0.0,0.05,0.05
ATVVAPKYTAIKPLGDRVLVK,non_amp_negative.csv,0,non_amp,0,21,0.13452380952380952,2,0.14285714285714285,0.16666666666666666,0.08333333333333333,0.047619047619047616,0.09523809523809523
FAVGTESIAKTFSEALDTTKISDVLSK,non_amp_negative.csv,0,non_amp,0,27,0.08888888888888888,0,0.1111111111111111,0.1111111111111111,0.0,0.037037037037037035,0.0
ELISNSSDALDKTNNSLTIIDSGIGMTK,non_amp_negative.csv,0,non_amp,0,28,0.08888888888888888,1,0.1111111111111111,0.1111111111111111,0.0,0.07142857142857142,0.0
DAPGGASDAQKQ,non_amp_negative.csv,0,non_amp,0,12,0.24583333333333332,1,0.25,0.3333333333333333,0.16666666666666666,0.16666666666666666,0.08333333333333333
MMYLMPLLIVIVGCLALHCSDDDMPDGHA,non_amp_negative.csv,0,non_amp,0,29,0.09999999999999999,2,0.1111111111111111,0.1111111111111111,0.05555555555555555,0.06896551724137931,0.06896551724137931
NEQSGKSQTVIVGPWGAQVST,non_amp_negative.csv,0,non_amp,0,21,0.24285714285714285,0,0.2857142857142857,0.2857142857142857,0.07142857142857142,0.14285714285714285,0.047619047619047616
DSPGGASDAQKQ,non_amp_negative.csv,0,non_amp,0,12,0.24583333333333332,1,0.25,0.3333333333333333,0.16666666666666666,0.16666666666666666,0.08333333333333333
NGERAPGSKKAPSGFLGTR,non_amp_negative.csv,0,non_amp,0,19,0.43333333333333335,1,0.5,0.5,0.16666666666666666,0.21052631578947367,0.10526315789473684
CCSTNCAVCIPCCP,non_amp_negative.csv,0,non_amp,1,14,0.05,2,0.0,0.0,0.25,0.0,0.14285714285714285
SETSKADRVGFKIEDGKKLRIFK,non_amp_negative.csv,0,non_amp,0,23,0.20535714285714285,0,0.25,0.2857142857142857,0.0,0.08695652173913043,0.0
GVTGFGFDLVRYLFAGVVDGR,non_amp_negative.csv,0,non_amp,0,21,0.34285714285714286,0,0.42857142857142855,0.42857142857142855,0.0,0.23809523809523808,0.0
QDGTISVDGVISTKVDGT,non_amp_negative.csv,0,non_amp,0,18,0.27666666666666667,2,0.3333333333333333,0.4,0.0,0.16666666666666666,0.0
ENFAGGCTPGYQRTADGRCKPTF,non_amp_negative.csv,0,non_amp,0,23,0.23392857142857143,1,0.25,0.2857142857142857,0.14285714285714285,0.17391304347826086,0.08695652173913043
VVAFERAK,non_amp_negative.csv,0,non_amp,0,8,0.0,0,0.0,0.0,0.0,0.0,0.0
DGCCIAKQCC,non_amp_negative.csv,0,non_amp,1,10,0.26666666666666666,1,0.3333333333333333,0.3333333333333333,0.0,0.1,0.0
MNNTEFYDRLGVSKDASQDEIKKA,non_amp_negative.csv,0,non_amp,0,24,0.10267857142857142,1,0.125,0.14285714285714285,0.0,0.041666666666666664,0.0
FKGGGPYGQGVTRG,non_amp_negative.csv,0,non_amp,0,14,0.49000000000000005,1,0.6,0.5,0.125,0.42857142857142855,0.07142857142857142
GASGLIPVMRN,non_amp_negative.csv,0,non_amp,0,11,0.425,0,0.5,0.6666666666666666,0.0,0.18181818181818182,0.09090909090909091
MATGGFGCLLLLIREIDLSVKRQI,non_amp_negative.csv,0,non_amp,0,24,0.2,0,0.25,0.25,0.0,0.125,0.0
VSYNSKFLAATVQAEPVVLDA,non_amp_negative.csv,0,non_amp,0,21,0.016666666666666666,1,0.0,0.0,0.08333333333333333,0.0,0.047619047619047616
NSELINSILGLPKVMNDA,non_amp_negative.csv,0,non_amp,0,18,0.15,0,0.16666666666666666,0.16666666666666666,0.08333333333333333,0.05555555555555555,0.05555555555555555
AKIIGIDGLTTNSWVAVLESDKVHV,non_amp_negative.csv,0,non_amp,0,25,0.2,1,0.25,0.25,0.0,0.08,0.0
YKDQGLEILAFPCNQFG,non_amp_negative.csv,0,non_amp,0,17,0.2666666666666667,1,0.3333333333333333,0.2,0.1,0.11764705882352941,0.058823529411764705
VETDKATVGF,non_amp_negative.csv,0,non_amp,0,10,0.21666666666666667,2,0.3333333333333333,0.0,0.0,0.1,0.0
LLCISCCVSITECCQLMSGCAVEIKS,non_amp_negative.csv,0,non_amp,1,26,0.09097222222222222,0,0.1111111111111111,0.125,0.0,0.038461538461538464,0.0
QSDDYGHMRF,non_amp_negative.csv,0,non_amp,0,10,0.2916666666666667,2,0.3333333333333333,0.5,0.0,0.1,0.0
LKPDEELQGPGGVLSRGYFVFRPRN,non_amp_negative.csv,0,non_amp,0,25,0.23392857142857143,2,0.25,0.2857142857142857,0.14285714285714285,0.16,0.12
GLYCCQPKPNGQMMCNRWCEINSRCCGRR,non_amp_negative.csv,0,non_amp,1,29,0.10388888888888889,1,0.1,0.1111111111111111,0.1111111111111111,0.10344827586206896,0.06896551724137931
TTVYDAEGSKVDFDGSLRIIV,non_amp_negative.csv,0,non_amp,0,21,0.11785714285714285,1,0.14285714285714285,0.16666666666666666,0.0,0.09523809523809523,0.0
ELLSEINR,non_amp_negative.csv,0,non_amp,0,8,0.0,0,0.0,0.0,0.0,0.0,0.0
DLARNLGLVDIDDEYDEDSDKEKPIFNV,non_amp_negative.csv,0,non_amp,0,28,0.09277777777777778,0,0.1,0.1111111111111111,0.05555555555555555,0.03571428571428571,0.03571428571428571
MSELSAAPLRPGKTQESEKGIYYAREGCVS,non_amp_negative.csv,0,non_amp,0,30,0.18555555555555556,2,0.2,0.2222222222222222,0.1111111111111111,0.1,0.06666666666666667
GIEKIISRSMFDQMLKHRNNPASFG,non_amp_negative.csv,0,non_amp,0,25,0.17569444444444443,0,0.2222222222222222,0.125,0.0625,0.08,0.04
MYKLLIINP,non_amp_negative.csv,0,non_amp,0,9,0.03333333333333333,0,0.0,0.0,0.16666666666666666,0.0,0.1111111111111111
KPNPERFYGLM,non_amp_negative.csv,0,non_amp,0,11,0.3,2,0.3333333333333333,0.3333333333333333,0.16666666666666666,0.09090909090909091,0.18181818181818182
MLLVIGSKNLSSTNM,non_amp_negative.csv,0,non_amp,0,15,0.1675,2,0.2,0.25,0.0,0.06666666666666667,0.0
KLQELRMWSMLKKWILMFILDFPTR,non_amp_negative.csv,0,non_amp,0,25,0.014285714285714285,2,0.0,0.0,0.07142857142857142,0.0,0.04
VGCEECPAHCKGKNAKPTCDDGVCNCNV,non_amp_negative.csv,0,non_amp,1,28,0.11597222222222221,2,0.1111111111111111,0.125,0.125,0.10714285714285714,0.07142857142857142
RCCGYKFCHIC,non_amp_negative.csv,0,non_amp,1,11,0.2125,0,0.25,0.3333333333333333,0.0,0.09090909090909091,0.0
MTTRGFSCLLLLIREIDLSAKRRI,non_amp_negative.csv,0,non_amp,0,24,0.10267857142857142,1,0.125,0.14285714285714285,0.0,0.041666666666666664,0.0
QGWAWPRPQIPP,non_amp_negative.csv,0,non_amp,0,12,0.24583333333333332,1,0.25,0.3333333333333333,0.16666666666666666,0.08333333333333333,0.3333333333333333
MAKEKIRIRLKAYDHR,non_amp_negative.csv,0,non_amp,0,16,0.0,0,0.0,0.0,0.0,0.0,0.0
MQTLPKERRY,non_amp_negative.csv,0,non_amp,0,10,0.05,2,0.0,0.0,0.25,0.0,0.1
MVQRGSKVKILRPESYVYNEVGTVAS,non_amp_negative.csv,0,non_amp,0,26,0.10347222222222222,1,0.1111111111111111,0.125,0.0625,0.07692307692307693,0.038461538461538464
RDSNVTILPLRNMKD,non_amp_negative.csv,0,non_amp,0,15,0.025,1,0.0,0.0,0.125,0.0,0.06666666666666667
CSTCLDKP,non_amp_negative.csv,0,non_amp,0,8,0.05,2,0.0,0.0,0.25,0.0,0.125
GCPWEPWC,non_amp_negative.csv,0,non_amp,0,8,0.39166666666666666,0,0.3333333333333333,0.5,0.5,0.125,0.25
QNWPRPQIPP,non_amp_negative.csv,0,non_amp,0,10,0.13333333333333333,1,0.0,0.0,0.6666666666666666,0.0,0.4
AQENETNESGSID,non_amp_negative.csv,0,non_amp,0,13,0.1675,0,0.2,0.25,0.0,0.07692307692307693,0.0
QSHISKARRPYIL,non_amp_negative.csv,0,non_amp,0,13,0.03333333333333333,2,0.0,0.0,0.16666666666666666,0.0,0.07692307692307693
MDLIFPLVGSLLLVICVMVGVAFLTLL,non_amp_negative.csv,0,non_amp,1,27,0.10347222222222222,1,0.1111111111111111,0.125,0.0625,0.07407407407407407,0.037037037037037035
TVIDVKCTSPKQCLPPCAKQ,non_amp_negative.csv,0,non_amp,1,20,0.05,1,0.0,0.0,0.25,0.0,0.15
CSCADMTDKECLYFCHQDVIW,non_amp_negative.csv,0,non_amp,1,21,0.0,0,0.0,0.0,0.0,0.0,0.0
PQVGLIPFPRV,non_amp_negative.csv,0,non_amp,0,11,0.24583333333333332,0,0.25,0.3333333333333333,0.16666666666666666,0.09090909090909091,0.2727272727272727
GHAKKDKKIQKK,non_amp_negative.csv,0,non_amp,0,12,0.2,0,0.25,0.25,0.0,0.08333333333333333,0.0
NLYQFKNMIHCTVPSRPWWHFADYGCYCGR,non_amp_negative.csv,0,non_amp,1,30,0.1,0,0.1,0.1,0.1,0.06666666666666667,0.06666666666666667
VVGCPWQPWC,non_amp_negative.csv,0,non_amp,0,10,0.39166666666666666,2,0.3333333333333333,0.5,0.5,0.1,0.2
DFGHIQYVAAYR,non_amp_negative.csv,0,non_amp,0,12,0.2125,2,0.25,0.3333333333333333,0.0,0.08333333333333333,0.0
MNKKSIRNVNLKGKRVFDRV,non_amp_negative.csv,0,non_amp,0,20,0.11785714285714285,0,0.14285714285714285,0.16666666666666666,0.0,0.05,0.0
GWTLNSAGYLLGPHAIDNHRSFHDKHGLA,non_amp_negative.csv,0,non_amp,0,29,0.18888888888888886,2,0.2222222222222222,0.2222222222222222,0.05555555555555555,0.13793103448275862,0.034482758620689655
AEFGPSQPFKGAK,non_amp_negative.csv,0,non_amp,0,13,0.2175,0,0.2,0.25,0.25,0.15384615384615385,0.15384615384615385
GRKKGVQFDEGAPDDFDPNNPYKKDVAFL,non_amp_negative.csv,0,non_amp,0,29,0.19666666666666666,1,0.2,0.2222222222222222,0.16666666666666666,0.10344827586206896,0.10344827586206896
SDNSVVLRYGDGEYSYPVVD,non_amp_negative.csv,0,non_amp,0,20,0.15,2,0.16666666666666666,0.16666666666666666,0.08333333333333333,0.1,0.05
KPEEDWGHK,non_amp_negative.csv,0,non_amp,0,9,0.3,0,0.3333333333333333,0.3333333333333333,0.16666666666666666,0.1111111111111111,0.1111111111111111
MFDKTRLPYVALDVL,non_amp_negative.csv,0,non_amp,0,15,0.025,2,0.0,0.0,0.125,0.0,0.06666666666666667
QNQPPDFANPFIIPQNAA,non_amp_negative.csv,0,non_amp,0,18,0.08000000000000002,2,0.0,0.0,0.4,0.0,0.2222222222222222
VGTRVVRIEDQQLITQGGTYVEDL,non_amp_negative.csv,0,non_amp,0,24,0.20535714285714285,1,0.25,0.2857142857142857,0.0,0.125,0.0
SEAENDLMNKLFTAYNPKVRPAEK,non_amp_negative.csv,0,non_amp,0,24,0.025,0,0.0,0.0,0.125,0.0,0.08333333333333333
MALNLQDKQAIVAEVSEVAKGALS,non_amp_negative.csv,0,non_amp,0,24,0.10267857142857142,2,0.125,0.14285714285714285,0.0,0.041666666666666664,0.0
LSLTPTPGVLHK,non_amp_negative.csv,0,non_amp,0,12,0.24583333333333332,1,0.25,0.3333333333333333,0.16666666666666666,0.08333333333333333,0.16666666666666666
GCWICWGPNACCRGSVCHDYCPS,non_amp_negative.csv,0,non_amp,1,23,0.21964285714285714,0,0.25,0.2857142857142857,0.07142857142857142,0.13043478260869565,0.08695652173913043
QSPGCCWNPACVKNRC,non_amp_negative.csv,0,non_amp,1,16,0.17833333333333334,0,0.16666666666666666,0.2,0.2,0.0625,0.125
GVLFASGQNLARTLIEFLLR,non_amp_negative.csv,0,non_amp,0,20,0.2357142857142857,0,0.2857142857142857,0.3333333333333333,0.0,0.1,0.0
VPSSFRTTITDAQLRG,non_amp_negative.csv,0,non_amp,0,16,0.12833333333333335,0,0.16666666666666666,0.0,0.1,0.0625,0.0625
AAGQDFMRF,non_amp_negative.csv,0,non_amp,0,9,0.2916666666666667,2,0.3333333333333333,0.5,0.0,0.1111111111111111,0.0
CKGKGASCRRTSYDCCTGSCRSGKCG,non_amp_negative.csv,0,non_amp,1,26,0.25416666666666665,1,0.3333333333333333,0.25,0.0,0.19230769230769232,0.0
LICFICFSPTAH,non_amp_negative.csv,0,non_amp,0,12,0.03333333333333333,1,0.0,0.0,0.16666666666666666,0.0,0.08333333333333333
SPPFTSDQDLYTDSR,non_amp_negative.csv,0,non_amp,0,15,0.04000000000000001,0,0.0,0.0,0.2,0.0,0.13333333333333333
DEGPKSDCKP,non_amp_negative.csv,0,non_amp,0,10,0.3416666666666667,2,0.3333333333333333,0.5,0.25,0.1,0.2
MNRISTTTITTITITTGNGAG,non_amp_negative.csv,0,non_amp,0,21,0.11785714285714285,1,0.14285714285714285,0.16666666666666666,0.0,0.14285714285714285,0.0
QLTFSPDW,non_amp_negative.csv,0,non_amp,0,8,0.05,0,0.0,0.0,0.25,0.0,0.125
QHWSLCHAPG,non_amp_negative.csv,0,non_amp,0,10,0.19583333333333333,0,0.25,0.0,0.16666666666666666,0.1,0.1
AVPPRYGYTRG,non_amp_negative.csv,0,non_amp,0,11,0.24583333333333332,0,0.25,0.3333333333333333,0.16666666666666666,0.18181818181818182,0.18181818181818182
GPPYDFGM,non_amp_negative.csv,0,non_amp,0,8,0.6083333333333333,0,0.6666666666666666,0.5,0.5,0.25,0.25
MIINNNISALNANRQLNLTGNSMTK,non_amp_negative.csv,0,non_amp,0,25,0.1,1,0.125,0.125,0.0,0.04,0.0
SANAKNDFMRF,non_amp_negative.csv,0,non_amp,0,11,0.0,0,0.0,0.0,0.0,0.0,0.0
ASEDTAEAAAPSA,non_amp_negative.csv,0,non_amp,0,13,0.03333333333333333,2,0.0,0.0,0.16666666666666666,0.0,0.07692307692307693
HSDAVFTDNYSRFRKQMAAKKYLNS,non_amp_negative.csv,0,non_amp,0,25,0.0,0,0.0,0.0,0.0,0.0,0.0
MSAGVITGVLLVFLLLGYLVYALINAEAF,non_amp_negative.csv,0,non_amp,1,29,0.16333333333333333,1,0.2,0.2222222222222222,0.0,0.10344827586206896,0.0
YCQKWMWTCDSARKCCEGLVCRLWCKKII,non_amp_negative.csv,0,non_amp,1,29,0.08888888888888888,2,0.1111111111111111,0.1111111111111111,0.0,0.034482758620689655,0.0
QRWPSPKVPP,non_amp_negative.csv,0,non_amp,0,10,0.13333333333333333,1,0.0,0.0,0.6666666666666666,0.0,0.4
MSKVIETKQQVVTEIADKLRA,non_amp_negative.csv,0,non_amp,0,21,0.0,0,0.0,0.0,0.0,0.0,0.0
ITCLSDINSK,non_amp_negative.csv,0,non_amp,0,10,0.0,0,0.0,0.0,0.0,0.0,0.0
IIGGREARPNSHPYMAFLLIQSPEGL,non_amp_negative.csv,0,non_amp,0,26,0.18819444444444441,0,0.2222222222222222,0.125,0.125,0.11538461538461539,0.11538461538461539
MLNERFSILVLLLILLTFSLG,non_amp_negative.csv,0,non_amp,0,21,0.09285714285714286,2,0.14285714285714285,0.0,0.0,0.047619047619047616,0.0
AGPRFIRF,non_amp_negative.csv,0,non_amp,0,8,0.3416666666666667,1,0.3333333333333333,0.5,0.25,0.125,0.125
RSVCSNGCRPKPFGGCSC,non_amp_negative.csv,0,non_amp,1,18,0.17833333333333334,1,0.16666666666666666,0.2,0.2,0.16666666666666666,0.1111111111111111
IKPNKPVMAFGLVTLSLCVAYI,non_amp_negative.csv,0,non_amp,0,22,0.14285714285714285,1,0.14285714285714285,0.14285714285714285,0.14285714285714285,0.045454545454545456,0.09090909090909091
HSDAVFTDNYSRIRKQMAVKKYINSLLA,non_amp_negative.csv,0,non_amp,0,28,0.0,0,0.0,0.0,0.0,0.0,0.0
LVSVSPAFNGNYFVE,non_amp_negative.csv,0,non_amp,0,15,0.18000000000000002,0,0.2,0.2,0.1,0.06666666666666667,0.06666666666666667
TAANVKIFNTEEVQNFINLL,non_amp_negative.csv,0,non_amp,0,20,0.0,0,0.0,0.0,0.0,0.0,0.0
MLDIISLGWGSLLAIFSFSIALVVWGRNGF,non_amp_negative.csv,0,non_amp,0,30,0.22833333333333333,1,0.3,0.2222222222222222,0.0,0.13333333333333333,0.0
AMASSLLSGWGGPTTLLVAPM,non_amp_negative.csv,0,non_amp,0,21,0.26904761904761904,2,0.2857142857142857,0.3333333333333333,0.16666666666666666,0.14285714285714285,0.09523809523809523
KSAAEVQNTQQAIIPAQEKANLGNQNIMA,non_amp_negative.csv,0,non_amp,0,29,0.09277777777777778,1,0.1,0.1111111111111111,0.05555555555555555,0.034482758620689655,0.034482758620689655
MLSLIFYLRFPSYIRG,non_amp_negative.csv,0,non_amp,0,16,0.12833333333333335,0,0.16666666666666666,0.0,0.1,0.0625,0.0625
GYNRSFLRF,non_amp_negative.csv,0,non_amp,0,9,0.26666666666666666,0,0.3333333333333333,0.3333333333333333,0.0,0.1111111111111111,0.0
SGLQFAVLDGQGFIPFSRV,non_amp_negative.csv,0,non_amp,0,19,0.15,1,0.16666666666666666,0.16666666666666666,0.08333333333333333,0.15789473684210525,0.05263157894736842
RELLMGIFEKNGTGKTAAFVIPLLQK,non_amp_negative.csv,0,non_amp,0,26,0.21250000000000002,2,0.25,0.25,0.0625,0.11538461538461539,0.038461538461538464
LPEQDFMRF,non_amp_negative.csv,0,non_amp,0,9,0.03333333333333333,0,0.0,0.0,0.16666666666666666,0.0,0.1111111111111111
ELCCPMERSS,non_amp_negative.csv,0,non_amp,0,10,0.05,2,0.0,0.0,0.25,0.0,0.1
NQCPQAYSYAK,non_amp_negative.csv,0,non_amp,0,11,0.03333333333333333,1,0.0,0.0,0.16666666666666666,0.0,0.09090909090909091
APQANSFYVGAKAGD,non_amp_negative.csv,0,non_amp,0,15,0.18000000000000002,0,0.2,0.2,0.1,0.13333333333333333,0.06666666666666667
QQWPRDPAPIPP,non_amp_negative.csv,0,non_amp,0,12,0.1,1,0.0,0.0,0.5,0.0,0.4166666666666667
QTCVSCVNFGNGFCGDNCGNSWACSGC,non_amp_negative.csv,0,non_amp,1,27,0.18194444444444444,2,0.2222222222222222,0.25,0.0,0.18518518518518517,0.0
MADENTPVMPEEVPAVEGVGM,non_amp_negative.csv,0,non_amp,0,21,0.16785714285714284,2,0.14285714285714285,0.16666666666666666,0.25,0.09523809523809523,0.14285714285714285
MDIVSLAWAGLMVVFTFSLSLVVWGRSGL,non_amp_negative.csv,0,non_amp,0,29,0.22833333333333333,0,0.3,0.2222222222222222,0.0,0.10344827586206896,0.0
GPVEIYYLQSADAKG,non_amp_negative.csv,0,non_amp,0,15,0.18000000000000002,0,0.2,0.2,0.1,0.13333333333333333,0.06666666666666667
VIGGDICNINEHNFLVALYE,non_amp_negative.csv,0,non_amp,0,20,0.13333333333333333,2,0.16666666666666666,0.16666666666666666,0.0,0.1,0.0
VTIGKEGTLT,non_amp_negative.csv,0,non_amp,0,10,0.425,0,0.5,0.6666666666666666,0.0,0.2,0.0
LTPETASFPR,non_amp_negative.csv,0,non_amp,0,10,0.06666666666666667,0,0.0,0.0,0.3333333333333333,0.0,0.2
APPQPSDNFIRF,non_amp_negative.csv,0,non_amp,0,12,0.07500000000000001,0,0.0,0.0,0.375,0.0,0.25
RDPTGCEVDQVIMVKRHGERYPSPSAGK,non_amp_negative.csv,0,non_amp,0,28,0.17569444444444443,2,0.2222222222222222,0.125,0.0625,0.10714285714285714,0.10714285714285714
GYIAYVHQNELVKR,non_amp_negative.csv,0,non_amp,0,14,0.1675,0,0.2,0.25,0.0,0.07142857142857142,0.0
MLNIALHGYSLSKSAMDSRLTRKQSKSCT,non_amp_negative.csv,0,non_amp,0,29,0.08166666666666667,1,0.1,0.1111111111111111,0.0,0.034482758620689655,0.0
PQLGLPFPRV,non_amp_negative.csv,0,non_amp,0,10,0.2791666666666667,0,0.25,0.3333333333333333,0.3333333333333333,0.1,0.3
SGSGVRSAKKGGKAQGGQAGVGYKGSTEPG,non_amp_negative.csv,0,non_amp,0,30,0.33,0,0.4,0.4,0.05,0.3333333333333333,0.03333333333333333
VDFDSESPRRPEIQ,non_amp_negative.csv,0,non_amp,0,14,0.05,0,0.0,0.0,0.25,0.0,0.14285714285714285
SCNNSCQQHSQCASHCVCLLNKCRTVN,non_amp_negative.csv,0,non_amp,1,27,0.0,0,0.0,0.0,0.0,0.0,0.0
SNGSNIDVAGAVNTLVETAGKLFQ,non_amp_negative.csv,0,non_amp,0,24,0.10267857142857142,1,0.125,0.14285714285714285,0.0,0.125,0.0
EAFPGQST,non_amp_negative.csv,0,non_amp,0,8,0.3416666666666667,1,0.3333333333333333,0.5,0.25,0.125,0.125
CYINNCPLG,non_amp_negative.csv,0,non_amp,0,9,0.26666666666666666,2,0.3333333333333333,0.0,0.25,0.1111111111111111,0.1111111111111111
MAQDAITAV,non_amp_negative.csv,0,non_amp,0,9,0.0,0,0.0,0.0,0.0,0.0,0.0
NLMQFELLIMKVAGRSGIVWYSDY,non_amp_negative.csv,0,non_amp,0,24,0.20535714285714285,1,0.25,0.2857142857142857,0.0,0.08333333333333333,0.0
ACGSCRKKCKGSGKCINGRCKCY,non_amp_negative.csv,0,non_amp,1,23,0.22857142857142856,2,0.2857142857142857,0.2857142857142857,0.0,0.17391304347826086,0.0
SEGGQDFWL,non_amp_negative.csv,0,non_amp,0,9,0.2916666666666667,2,0.3333333333333333,0.5,0.0,0.2222222222222222,0.0
CKGKGAPCTRLMYDCCHGSCSSSKGRCG,non_amp_negative.csv,0,non_amp,1,28,0.19444444444444445,2,0.2222222222222222,0.25,0.0625,0.17857142857142858,0.03571428571428571
DCLPGWSVYEGRCYKVFNQKTWKAAEKFC,non_amp_negative.csv,0,non_amp,1,29,0.17444444444444443,1,0.2,0.2222222222222222,0.05555555555555555,0.06896551724137931,0.034482758620689655
QLTFTPGWGY,non_amp_negative.csv,0,non_amp,0,10,0.24583333333333332,0,0.25,0.3333333333333333,0.16666666666666666,0.2,0.1
DFTGVKFDNTIGCGKG,non_amp_negative.csv,0,non_amp,0,16,0.24666666666666667,0,0.3333333333333333,0.2,0.0,0.25,0.0
AQPSMRLRF,non_amp_negative.csv,0,non_amp,0,9,0.05,1,0.0,0.0,0.25,0.0,0.1111111111111111
MWTKPAYTDLRIGFEVTMYFANR,non_amp_negative.csv,0,non_amp,0,23,0.11696428571428572,0,0.125,0.14285714285714285,0.07142857142857142,0.043478260869565216,0.043478260869565216
AVHGQFATL,non_amp_negative.csv,0,non_amp,0,9,0.26666666666666666,0,0.3333333333333333,0.3333333333333333,0.0,0.1111111111111111,0.0
CFVRNCPTG,non_amp_negative.csv,0,non_amp,0,9,0.26666666666666666,2,0.3333333333333333,0.0,0.25,0.1111111111111111,0.1111111111111111
IYGGYQADEIEIDDEKYIFVDF,non_amp_negative.csv,0,non_amp,0,22,0.11785714285714285,2,0.14285714285714285,0.16666666666666666,0.0,0.09090909090909091,0.0
MSPQTETKAKVGFQAGVKDYKLTYYT,non_amp_negative.csv,0,non_amp,0,26,0.10347222222222222,0,0.1111111111111111,0.125,0.0625,0.07692307692307693,0.038461538461538464
SGGKKIKVDKPLGLGGGLTVDIDA,non_amp_negative.csv,0,non_amp,0,24,0.21964285714285714,2,0.25,0.2857142857142857,0.07142857142857142,0.25,0.041666666666666664
PSSQPRGDPTGPKE,non_amp_negative.csv,0,non_amp,0,14,0.24250000000000002,0,0.2,0.25,0.375,0.14285714285714285,0.2857142857142857
FKGGGPYGQGVTRGQDLSGKDF,non_amp_negative.csv,0,non_amp,0,22,0.35714285714285715,1,0.42857142857142855,0.42857142857142855,0.07142857142857142,0.3181818181818182,0.045454545454545456
KVQVEMTPYDLTK,non_amp_negative.csv,0,non_amp,0,13,0.03333333333333333,2,0.0,0.0,0.16666666666666666,0.0,0.07692307692307693
ETFTVKMGGDAGTLQ,non_amp_negative.csv,0,non_amp,0,15,0.335,2,0.4,0.5,0.0,0.2,0.0
GAVSGLLTNLGL,non_amp_negative.csv,0,non_amp,0,12,0.375,1,0.5,0.3333333333333333,0.0,0.25,0.0
AIVGRPRF,non_amp_negative.csv,0,non_amp,0,8,0.3416666666666667,0,0.3333333333333333,0.5,0.25,0.125,0.125
QHWSYGLQPG,non_amp_negative.csv,0,non_amp,0,10,0.2916666666666667,2,0.3333333333333333,0.5,0.0,0.2,0.1
HKNIWKRKGYSIAL,non_amp_negative.csv,0,non_amp,0,14,0.2,2,0.25,0.25,0.0,0.07142857142857142,0.0
GCPRILMRCKQDSDCLAGCVCGPNGFCGSP,non_amp_negative.csv,0,non_amp,1,30,0.35000000000000003,0,0.4,0.4,0.15,0.16666666666666666,0.1
RICPRILMECSSDSDCLAECICLEQDGFCG,non_amp_negative.csv,0,non_amp,1,30,0.15777777777777777,2,0.2,0.1111111111111111,0.05555555555555555,0.06666666666666667,0.03333333333333333
GSSGLISMPRV,non_amp_negative.csv,0,non_amp,0,11,0.4583333333333333,0,0.5,0.6666666666666666,0.16666666666666666,0.18181818181818182,0.09090909090909091
MAEAFYILIGFLIMAAIIVMAVLYLENHS,non_amp_negative.csv,0,non_amp,1,29,0.08166666666666667,0,0.1,0.1111111111111111,0.0,0.034482758620689655,0.0
QIIEANLALRR,non_amp_negative.csv,0,non_amp,0,11,0.0,0,0.0,0.0,0.0,0.0,0.0
LSSQVRLPMSLRVATAPAPARVSV,non_amp_negative.csv,0,non_amp,0,24,0.04285714285714286,2,0.0,0.0,0.21428571428571427,0.0,0.125
NTFYCCELCCNPACAGCY,non_amp_negative.csv,0,non_amp,1,18,0.15,0,0.16666666666666666,0.16666666666666666,0.08333333333333333,0.05555555555555555,0.05555555555555555
VGQDATISFK,non_amp_negative.csv,0,non_amp,0,10,0.26666666666666666,1,0.3333333333333333,0.3333333333333333,0.0,0.1,0.0
MIRQKIFVFIVKSRRNSICPAIRRKEDY,non_amp_negative.csv,0,non_amp,0,28,0.0125,2,0.0,0.0,0.0625,0.0,0.03571428571428571
TRTPVNVTVTGAAGQIGYAL,non_amp_negative.csv,0,non_amp,0,20,0.37023809523809526,1,0.42857142857142855,0.5,0.08333333333333333,0.15,0.05
EGDFTPRL,non_amp_negative.csv,0,non_amp,0,8,0.3416666666666667,1,0.3333333333333333,0.5,0.25,0.125,0.125
RFYEMLQVYGSTLKALVH,non_amp_negative.csv,0,non_amp,0,18,0.13333333333333333,0,0.16666666666666666,0.16666666666666666,0.0,0.05555555555555555,0.0
GPNGKSQSIIVGPWGDRVTN,non_amp_negative.csv,0,non_amp,0,20,0.2833333333333333,2,0.3333333333333333,0.3333333333333333,0.08333333333333333,0.2,0.1
GCCSLPPCAANNPDYC,non_amp_negative.csv,0,non_amp,1,16,0.15833333333333335,0,0.16666666666666666,0.2,0.1,0.0625,0.1875
KFLSGGFKEIVCHRYCAKGIAKEFCNCPD,non_amp_negative.csv,0,non_amp,1,29,0.09999999999999999,2,0.1111111111111111,0.1111111111111111,0.05555555555555555,0.10344827586206896,0.034482758620689655
MFTFAILLLCVQGCLIQ,non_amp_negative.csv,0,non_amp,0,17,0.13833333333333334,0,0.16666666666666666,0.2,0.0,0.058823529411764705,0.0
FAKRYVELVIVA,non_amp_negative.csv,0,non_amp,1,12,0.0,0,0.0,0.0,0.0,0.0,0.0
MSGRGKGGKGLGKGGAKR,non_amp_negative.csv,0,non_amp,0,18,0.41500000000000004,1,0.5,0.6,0.0,0.4444444444444444,0.0
NPASGFFGMR,non_amp_negative.csv,0,non_amp,0,10,0.5333333333333333,1,0.6666666666666666,0.6666666666666666,0.0,0.2,0.1
VKVYNQFGTKVELGVSMRIF,non_amp_negative.csv,0,non_amp,0,20,0.2357142857142857,1,0.2857142857142857,0.3333333333333333,0.0,0.1,0.0
FYDTTCPK,non_amp_negative.csv,0,non_amp,0,8,0.05,1,0.0,0.0,0.25,0.0,0.125
NLYQFKNMIEEAATGT,non_amp_negative.csv,0,non_amp,0,16,0.13,2,0.2,0.0,0.0,0.0625,0.0
DLVALSGAHTIGQAR,non_amp_negative.csv,0,non_amp,0,15,0.1675,2,0.2,0.25,0.0,0.13333333333333333,0.0
AYAQWVIIII,non_amp_negative.csv,0,non_amp,1,10,0.0,0,0.0,0.0,0.0,0.0,0.0
QKKDKKDKFYGLF,non_amp_negative.csv,0,non_amp,0,13,0.2,1,0.25,0.25,0.0,0.07692307692307693,0.0
GCCGSFACRFGCVPCCV,non_amp_negative.csv,0,non_amp,1,17,0.2966666666666667,0,0.3333333333333333,0.4,0.1,0.17647058823529413,0.058823529411764705
GPLNAQHQS,non_amp_negative.csv,0,non_amp,0,9,0.3,0,0.3333333333333333,0.3333333333333333,0.16666666666666666,0.1111111111111111,0.1111111111111111
SLGGKPDLRPCHPPCHYIPRPKPR,non_amp_negative.csv,0,non_amp,0,24,0.17410714285714288,2,0.125,0.14285714285714285,0.35714285714285715,0.08333333333333333,0.2916666666666667
GMYTHEGSDP,non_amp_negative.csv,0,non_amp,0,10,0.425,0,0.5,0.6666666666666666,0.0,0.2,0.1
GCCSDPRCKHQC,non_amp_negative.csv,0,non_amp,1,12,0.225,0,0.25,0.25,0.125,0.08333333333333333,0.08333333333333333
IIDFIPQIE,non_amp_negative.csv,0,non_amp,0,9,0.05,1,0.0,0.0,0.25,0.0,0.1111111111111111
IKFLSDIEVTTVDERLTTVQAERMLIEEAD,non_amp_negative.csv,0,non_amp,0,30,0.0,0,0.0,0.0,0.0,0.0,0.0
YCQEFLWTCDEERKCCGDMVCRLWCKKRL,non_amp_negative.csv,0,non_amp,1,29,0.08166666666666667,1,0.1,0.1111111111111111,0.0,0.034482758620689655,0.0
ASPYAFGL,non_amp_negative.csv,0,non_amp,0,8,0.26666666666666666,0,0.3333333333333333,0.0,0.25,0.125,0.125
AQRSPSLRLRF,non_amp_negative.csv,0,non_amp,0,11,0.03333333333333333,0,0.0,0.0,0.16666666666666666,0.0,0.09090909090909091
ANPICPKIPNPTIRISGRNDLCVDVK,non_amp_negative.csv,0,non_amp,0,26,0.1284722222222222,1,0.1111111111111111,0.125,0.1875,0.038461538461538464,0.15384615384615385
ALAGTIIAGASLTFKILDEV,non_amp_negative.csv,0,non_amp,0,20,0.13333333333333333,2,0.16666666666666666,0.16666666666666666,0.0,0.1,0.0
APKDDTWYTGAKLGWSQYHDT,non_amp_negative.csv,0,non_amp,0,21,0.1285714285714286,0,0.14285714285714285,0.14285714285714285,0.07142857142857142,0.09523809523809523,0.047619047619047616
MRITVNVDGTSYTDEVEPRTLLVH,non_amp_negative.csv,0,non_amp,0,24,0.10267857142857142,2,0.125,0.14285714285714285,0.0,0.041666666666666664,0.041666666666666664
AMTEELEAVENNGVR,non_amp_negative.csv,0,non_amp,0,15,0.16,0,0.2,0.2,0.0,0.06666666666666667,0.0
SGHTKIKVAVDT,non_amp_negative.csv,0,non_amp,0,12,0.2125,1,0.25,0.3333333333333333,0.0,0.08333333333333333,0.0
VERYAFGL,non_amp_negative.csv,0,non_amp,0,8,0.21666666666666667,0,0.3333333333333333,0.0,0.0,0.125,0.0
SCIKHGDFCDGDNDDCQCCRDNGF,non_amp_negative.csv,0,non_amp,1,24,0.18392857142857144,1,0.25,0.14285714285714285,0.0,0.125,0.0
QVSLKYPEGKMYSFGL,non_amp_negative.csv,0,non_amp,0,16,0.3225,2,0.4,0.25,0.125,0.125,0.0625
SCSGRDSRCPPVCCMGLMCSRGKCVSIYGE,non_amp_negative.csv,0,non_amp,1,30,0.25,0,0.3,0.3,0.05,0.13333333333333333,0.06666666666666667
LVGAEIDYKEDLEGAQFVIKNPN,non_amp_negative.csv,0,non_amp,0,23,0.1285714285714286,2,0.14285714285714285,0.14285714285714285,0.07142857142857142,0.08695652173913043,0.043478260869565216
SPPSQDFMRF,non_amp_negative.csv,0,non_amp,0,10,0.06666666666666667,0,0.0,0.0,0.3333333333333333,0.0,0.2
MWPFPSDK,non_amp_negative.csv,0,non_amp,0,8,0.1,0,0.0,0.0,0.5,0.0,0.25
MDIVSLAWAALMIVFTFSLSLVVWGRSGL,non_amp_negative.csv,0,non_amp,0,29,0.14666666666666667,0,0.2,0.1111111111111111,0.0,0.06896551724137931,0.0
MDITSIAWGALMVVFTFSLSLVVWGRSGL,non_amp_negative.csv,0,non_amp,0,29,0.14666666666666667,0,0.2,0.1111111111111111,0.0,0.10344827586206896,0.0
VDEQLPRTIMNIFEK,non_amp_negative.csv,0,non_amp,0,15,0.025,1,0.0,0.0,0.125,0.0,0.06666666666666667
ETLFDPCSTQDIKKVGV,non_amp_negative.csv,0,non_amp,0,17,0.12833333333333335,0,0.16666666666666666,0.0,0.1,0.058823529411764705,0.058823529411764705
IISPPVCGNELLEEGEECDCGTPEN,non_amp_negative.csv,0,non_amp,1,25,0.2482142857142857,2,0.25,0.2857142857142857,0.21428571428571427,0.12,0.12
VKMELDGGVASNSR,non_amp_negative.csv,0,non_amp,0,14,0.1675,0,0.2,0.25,0.0,0.14285714285714285,0.0
SCSSGCSDCNSDSCQCTLNQFTNSDSCCC,non_amp_negative.csv,0,non_amp,1,29,0.08166666666666667,1,0.1,0.1111111111111111,0.0,0.034482758620689655,0.0
KEQPEFVPY,non_amp_negative.csv,0,non_amp,0,9,0.1,2,0.0,0.0,0.5,0.0,0.2222222222222222
EFSPTRKFGGHGDDKKKKK,non_amp_negative.csv,0,non_amp,0,19,0.2966666666666667,2,0.3333333333333333,0.4,0.1,0.15789473684210525,0.05263157894736842
LWTRDYAGVYEAIRGFDWSQDAK,non_amp_negative.csv,0,non_amp,0,23,0.11428571428571428,2,0.14285714285714285,0.14285714285714285,0.0,0.08695652173913043,0.0
GGLGRCIYNCMNSGGGLSFIQCKTMCY,non_amp_negative.csv,0,non_amp,1,27,0.26666666666666666,0,0.3333333333333333,0.3333333333333333,0.0,0.2222222222222222,0.0
SVTADNASETKVREIGQEKSS,non_amp_negative.csv,0,non_amp,0,21,0.11428571428571428,0,0.14285714285714285,0.14285714285714285,0.0,0.047619047619047616,0.0
MDKLAAGGLYLLFLLLAGIIVTH,non_amp_negative.csv,0,non_amp,0,23,0.11428571428571428,2,0.14285714285714285,0.14285714285714285,0.0,0.13043478260869565,0.0
MKKTTIIMMGVAIIVVLGTELGWW,non_amp_negative.csv,0,non_amp,0,24,0.2,0,0.25,0.25,0.0,0.125,0.0
SSGGGEGSGMWFGPRL,non_amp_negative.csv,0,non_amp,0,16,0.43500000000000005,0,0.5,0.6,0.1,0.375,0.0625
MLPRKYKPAYKKQAHRVKSNPQPAYTFQ,non_amp_negative.csv,0,non_amp,0,28,0.044444444444444446,0,0.0,0.0,0.2222222222222222,0.0,0.14285714285714285
ATIEVYNILPYYYYVSKAWSWNGN,non_amp_negative.csv,0,non_amp,0,24,0.0955357142857143,1,0.125,0.0,0.07142857142857142,0.041666666666666664,0.041666666666666664
QNARIAVVYFAGY,non_amp_negative.csv,0,non_amp,0,13,0.1625,2,0.25,0.0,0.0,0.07692307692307693,0.0
MLMPKRTKYR,non_amp_negative.csv,0,non_amp,0,10,0.05,2,0.0,0.0,0.25,0.0,0.1
MRAKWRKKRMRGLKRKRRKMRQRSK,non_amp_negative.csv,0,non_amp,1,25,0.10267857142857142,2,0.125,0.14285714285714285,0.0,0.04,0.0
VAAVQASAWQQVAAGVD,non_amp_negative.csv,0,non_amp,0,17,0.16,2,0.2,0.2,0.0,0.058823529411764705,0.0
SLLQFEMMIMEVAKRSGIFWYSA,non_amp_negative.csv,0,non_amp,0,23,0.10267857142857142,1,0.125,0.14285714285714285,0.0,0.043478260869565216,0.0
MELSLLLFLALLLGLLLLLF,non_amp_negative.csv,0,non_amp,1,20,0.11785714285714285,1,0.14285714285714285,0.16666666666666666,0.0,0.05,0.0
NLLQFENMIRNVAGRSGIWWYSD,non_amp_negative.csv,0,non_amp,0,23,0.20535714285714285,1,0.25,0.2857142857142857,0.0,0.08695652173913043,0.0
VAIIIYSMYGHIAKYGNFPGQWK,non_amp_negative.csv,0,non_amp,0,23,0.20535714285714285,0,0.25,0.2857142857142857,0.0,0.13043478260869565,0.043478260869565216
CCGVPNAACHPCVCTGKC,non_amp_negative.csv,0,non_amp,1,18,0.17833333333333334,2,0.16666666666666666,0.2,0.2,0.1111111111111111,0.1111111111111111
MERQVFIRLRHRLEADP,non_amp_negative.csv,0,non_amp,0,17,0.020000000000000004,2,0.0,0.0,0.1,0.0,0.058823529411764705
QWGQHPNIPP,non_amp_negative.csv,0,non_amp,0,10,0.2916666666666667,2,0.3333333333333333,0.5,0.0,0.1,0.3
WDCLTGWVEYPLVLEWRQFEQSKQLTENG,non_amp_negative.csv,0,non_amp,0,29,0.09999999999999999,2,0.1111111111111111,0.1111111111111111,0.05555555555555555,0.06896551724137931,0.034482758620689655
GCCGKYPNAACHPCGCTVGRPPYCDRPSGG,non_amp_negative.csv,0,non_amp,1,30,0.26,0,0.3,0.3,0.1,0.2,0.16666666666666666
SVVDGWTTFR,non_amp_negative.csv,0,non_amp,0,10,0.26666666666666666,1,0.3333333333333333,0.3333333333333333,0.0,0.1,0.0
GSSGLIPFGRT,non_amp_negative.csv,0,non_amp,0,11,0.425,0,0.5,0.6666666666666666,0.0,0.2727272727272727,0.09090909090909091
GGIYIAASVGLSMAAV,non_amp_negative.csv,0,non_amp,0,16,0.27666666666666667,0,0.3333333333333333,0.4,0.0,0.1875,0.0
MDIISLAWAALMVVFTFSLSLVVWGRSGL,non_amp_negative.csv,0,non_amp,0,29,0.14666666666666667,0,0.2,0.1111111111111111,0.0,0.06896551724137931,0.0
SCSCKRNFLCC,non_amp_negative.csv,0,non_amp,1,11,0.0,0,0.0,0.0,0.0,0.0,0.0
CCSQDCLVCIPCCPN,non_amp_negative.csv,0,non_amp,1,15,0.05,2,0.0,0.0,0.25,0.0,0.13333333333333333
GDDVLSACCD,non_amp_negative.csv,0,non_amp,0,10,0.2125,0,0.25,0.3333333333333333,0.0,0.1,0.0
HDRPKFCYLPADPGECMA,non_amp_negative.csv,0,non_amp,0,18,0.19833333333333333,1,0.16666666666666666,0.2,0.3,0.05555555555555555,0.16666666666666666
MVPYRNPRHQHVASVLRSGG,non_amp_negative.csv,0,non_amp,0,20,0.1261904761904762,1,0.14285714285714285,0.0,0.16666666666666666,0.1,0.1
FLPLILGKLVKGLL,non_amp_negative.csv,0,non_amp,0,14,0.2,2,0.25,0.25,0.0,0.14285714285714285,0.07142857142857142
NPQQDFMRF,non_amp_negative.csv,0,non_amp,0,9,0.03333333333333333,0,0.0,0.0,0.16666666666666666,0.0,0.1111111111111111
RPPGFTPFRKA,non_amp_negative.csv,0,non_amp,0,11,0.2791666666666667,0,0.25,0.3333333333333333,0.3333333333333333,0.09090909090909091,0.2727272727272727
TQACRINSGNVPSELDLRSLRTVTPIRMQG,non_amp_negative.csv,0,non_amp,0,30,0.15777777777777777,2,0.2,0.1111111111111111,0.05555555555555555,0.06666666666666667,0.06666666666666667
AVTSSVADTTTVVRDDF,non_amp_negative.csv,0,non_amp,0,17,0.0,0,0.0,0.0,0.0,0.0,0.0
GKLYFNQEKQELICKADRLAFPLRD,non_amp_negative.csv,0,non_amp,0,25,0.09097222222222222,0,0.1111111111111111,0.125,0.0,0.04,0.04
ADVPGNYPLNSYGASYYCTI,non_amp_negative.csv,0,non_amp,0,20,0.13452380952380952,0,0.14285714285714285,0.16666666666666666,0.08333333333333333,0.1,0.1
VTFVEGGPMKYSLIEGDALANK,non_amp_negative.csv,0,non_amp,0,22,0.21964285714285714,0,0.25,0.2857142857142857,0.07142857142857142,0.13636363636363635,0.045454545454545456
TQRLANFLIHSSNNFGAIFSPPN,non_amp_negative.csv,0,non_amp,0,23,0.11696428571428572,0,0.125,0.14285714285714285,0.07142857142857142,0.043478260869565216,0.08695652173913043
QGGLPRPGPEIPP,non_amp_negative.csv,0,non_amp,0,13,0.5,1,0.5,0.5,0.5,0.23076923076923078,0.38461538461538464
MDIITLGWVGVLSVFTLSIAFVVWGRHGM,non_amp_negative.csv,0,non_amp,0,29,0.31,0,0.4,0.3333333333333333,0.0,0.13793103448275862,0.0
VVGGDECNINEHRFLVALYY,non_amp_negative.csv,0,non_amp,0,20,0.13333333333333333,2,0.16666666666666666,0.16666666666666666,0.0,0.1,0.0
ADVPGNYPLDKNGNRYY,non_amp_negative.csv,0,non_amp,0,17,0.15833333333333335,0,0.16666666666666666,0.2,0.1,0.11764705882352941,0.11764705882352941
GSSGGMIPFPRV,non_amp_negative.csv,0,non_amp,0,12,0.42500000000000004,0,0.5,0.5,0.125,0.25,0.16666666666666666
GPNPGFSPFR,non_amp_negative.csv,0,non_amp,0,10,0.3,1,0.3333333333333333,0.3333333333333333,0.16666666666666666,0.2,0.3
YDASLKPNLQIPQKNIPNNDAVNIK,non_amp_negative.csv,0,non_amp,0,25,0.02857142857142857,2,0.0,0.0,0.14285714285714285,0.0,0.12
TSSGCPNFESLVR,non_amp_negative.csv,0,non_amp,0,13,0.1925,0,0.2,0.25,0.125,0.07692307692307693,0.07692307692307693
AEYDVSDADIEAFYQ,non_amp_negative.csv,0,non_amp,0,15,0.0,0,0.0,0.0,0.0,0.0,0.0
ISAVKEMTVRDALNSA,non_amp_negative.csv,0,non_amp,0,16,0.0,0,0.0,0.0,0.0,0.0,0.0
ESIASFQGVLDGKYD,non_amp_negative.csv,0,non_amp,0,15,0.1675,1,0.2,0.25,0.0,0.13333333333333333,0.0
FMKVIDPGTKWCGPGNKAADDTDNGKN,non_amp_negative.csv,0,non_amp,0,27,0.18888888888888886,0,0.2222222222222222,0.2222222222222222,0.05555555555555555,0.14814814814814814,0.07407407407407407
LQVDYLVLEVA,non_amp_negative.csv,0,non_amp,1,11,0.0,0,0.0,0.0,0.0,0.0,0.0
MIYDSQVYTVLLIALLASVLAIRLGSTLYQ,non_amp_negative.csv,0,non_amp,0,30,0.08,0,0.1,0.1,0.0,0.03333333333333333,0.0
PSSQPRGDPTGQEEPKKKVEKKTTTDPFD,non_amp_negative.csv,0,non_amp,0,29,0.12611111111111112,0,0.1,0.1111111111111111,0.2222222222222222,0.06896551724137931,0.1724137931034483
ECWSQAADCSDGHCCAGRSFSKNCRPYGGD,non_amp_negative.csv,0,non_amp,1,30,0.14666666666666667,1,0.2,0.1111111111111111,0.0,0.13333333333333333,0.03333333333333333
AEVYNKDGNKLDIYGKAVGLHYFS,non_amp_negative.csv,0,non_amp,0,24,0.10267857142857142,1,0.125,0.14285714285714285,0.0,0.125,0.0
QKNDKKDRFYGLM,non_amp_negative.csv,0,non_amp,0,13,0.2,1,0.25,0.25,0.0,0.07692307692307693,0.0
ALPNQQTVDYPSFKSNYNFEKPFLYLAR,non_amp_negative.csv,0,non_amp,0,28,0.025,2,0.0,0.0,0.125,0.0,0.10714285714285714
LTPNTLSDLNSK,non_amp_negative.csv,0,non_amp,0,12,0.03333333333333333,1,0.0,0.0,0.16666666666666666,0.0,0.08333333333333333
MADAEDIQPLVCDNGTG,non_amp_negative.csv,0,non_amp,0,17,0.16,2,0.2,0.2,0.0,0.11764705882352941,0.058823529411764705
EVHNFACLGKPDPGGCAHYIYRRYYYV,non_amp_negative.csv,0,non_amp,0,27,0.20694444444444443,2,0.2222222222222222,0.25,0.125,0.1111111111111111,0.07407407407407407
NLLQFGFMIRCANKRRRPVWPYEESGC,non_amp_negative.csv,0,non_amp,0,27,0.09722222222222221,1,0.1111111111111111,0.0,0.125,0.07407407407407407,0.07407407407407407
AKLDETLTMLKALTDAKGVPGNEREARDVM,non_amp_negative.csv,0,non_amp,0,30,0.17444444444444443,2,0.2,0.2222222222222222,0.05555555555555555,0.06666666666666667,0.03333333333333333
SKYESEGVARSEELQEVHQAFADAGRKPI,non_amp_negative.csv,0,non_amp,0,29,0.16333333333333333,0,0.2,0.2222222222222222,0.0,0.06896551724137931,0.034482758620689655
AKDVRFGADVRALMLQGVDVLADA,non_amp_negative.csv,0,non_amp,0,24,0.10267857142857142,1,0.125,0.14285714285714285,0.0,0.08333333333333333,0.0
SQPSMRLRF,non_amp_negative.csv,0,non_amp,0,9,0.05,1,0.0,0.0,0.25,0.0,0.1111111111111111
KDETDDMKMETDIKRNKKT,non_amp_negative.csv,0,non_amp,0,19,0.0,0,0.0,0.0,0.0,0.0,0.0
EPSQLRVAKVTGGAASKL,non_amp_negative.csv,0,non_amp,0,18,0.15,0,0.16666666666666666,0.16666666666666666,0.08333333333333333,0.1111111111111111,0.05555555555555555
QTSFTPRL,non_amp_negative.csv,0,non_amp,0,8,0.05,0,0.0,0.0,0.25,0.0,0.125
RKSAGKPKN,non_amp_negative.csv,0,non_amp,0,9,0.3416666666666667,1,0.3333333333333333,0.5,0.25,0.1111111111111111,0.1111111111111111
GSPKYCHLPADPGPC,non_amp_negative.csv,0,non_amp,0,15,0.4,0,0.4,0.4,0.4,0.13333333333333333,0.26666666666666666
APTAFYGVR,non_amp_negative.csv,0,non_amp,0,9,0.3,0,0.3333333333333333,0.3333333333333333,0.16666666666666666,0.1111111111111111,0.1111111111111111
DAHGSGNAHKQQDINHLLD,non_amp_negative.csv,0,non_amp,0,19,0.13833333333333334,2,0.16666666666666666,0.2,0.0,0.10526315789473684,0.0
GKITFYEDRNFQGRCYECSTDCPDLSPYFS,non_amp_negative.csv,0,non_amp,1,30,0.18000000000000002,0,0.2,0.2,0.1,0.06666666666666667,0.06666666666666667
ADDDLEGFSEEDLKAIKEHRAGLAA,non_amp_negative.csv,0,non_amp,0,25,0.18194444444444444,0,0.2222222222222222,0.25,0.0,0.08,0.0
EDDHHHHHHHHHGVGGGGGGGGGG,non_amp_negative.csv,0,non_amp,0,24,0.4,0,0.5,0.5,0.0,0.4583333333333333,0.0
TIFLQQQQQQQQQQQ,non_amp_negative.csv,0,non_amp,0,15,0.0,0,0.0,0.0,0.0,0.0,0.0
AQTPVKVTVTGAAGQIGYALLFRI,non_amp_negative.csv,0,non_amp,0,24,0.3223214285714286,1,0.375,0.42857142857142855,0.07142857142857142,0.125,0.041666666666666664
GRGGPSNYVRL,non_amp_negative.csv,0,non_amp,0,11,0.4583333333333333,0,0.5,0.6666666666666666,0.16666666666666666,0.2727272727272727,0.09090909090909091
MGDISPLTGTNGQIR,non_amp_negative.csv,0,non_amp,0,15,0.335,2,0.4,0.5,0.0,0.2,0.06666666666666667
SNKKNYQKEIVDKHNALRRSVK,non_amp_negative.csv,0,non_amp,0,22,0.0,0,0.0,0.0,0.0,0.0,0.0
LNVGDSVIAIECRPLSKTKSFRLKTIVATG,non_amp_negative.csv,0,non_amp,0,30,0.09000000000000001,0,0.1,0.1,0.05,0.06666666666666667,0.03333333333333333
QLTFSSGWGN,non_amp_negative.csv,0,non_amp,0,10,0.21666666666666667,2,0.3333333333333333,0.0,0.0,0.2,0.0
MFEISFYIALKNFNSLGILKMWRFI,non_amp_negative.csv,0,non_amp,0,25,0.1,1,0.125,0.125,0.0,0.04,0.0
KEEAKVLGTVIGIDLGTQYL,non_amp_negative.csv,0,non_amp,0,20,0.13333333333333333,2,0.16666666666666666,0.16666666666666666,0.0,0.15,0.0
KRPPGWSPLR,non_amp_negative.csv,0,non_amp,0,10,0.3333333333333333,1,0.3333333333333333,0.3333333333333333,0.3333333333333333,0.1,0.3
NLFQFAEMIVKMTGKEAVH,non_amp_negative.csv,0,non_amp,0,19,0.13333333333333333,1,0.16666666666666666,0.16666666666666666,0.0,0.05263157894736842,0.0
VVGGDECNINDHRSLVRIF,non_amp_negative.csv,0,non_amp,0,19,0.13833333333333334,2,0.16666666666666666,0.2,0.0,0.10526315789473684,0.0
TEFATNDGGQR,non_amp_negative.csv,0,non_amp,0,11,0.26666666666666666,2,0.3333333333333333,0.3333333333333333,0.0,0.18181818181818182,0.0
KECCTHPACHVSHPELCG,non_amp_negative.csv,0,non_amp,1,18,0.14833333333333334,2,0.16666666666666666,0.0,0.2,0.05555555555555555,0.1111111111111111
DKNKKPIRVGGRRPPGFTPFR,non_amp_negative.csv,0,non_amp,0,21,0.27142857142857146,0,0.2857142857142857,0.2857142857142857,0.21428571428571427,0.14285714285714285,0.19047619047619047
NLYQFKNMIQCTVPS,non_amp_negative.csv,0,non_amp,0,15,0.025,2,0.0,0.0,0.125,0.0,0.06666666666666667
SPAFNSWG,non_amp_negative.csv,0,non_amp,0,8,0.21666666666666667,1,0.3333333333333333,0.0,0.0,0.125,0.125
TRRFDDVLDEVKGFFEVH,non_amp_negative.csv,0,non_amp,0,18,0.13333333333333333,0,0.16666666666666666,0.16666666666666666,0.0,0.05555555555555555,0.0
DDLFNINAGIVKLFGVTTLDVVR,non_amp_negative.csv,0,non_amp,0,23,0.22857142857142856,2,0.2857142857142857,0.2857142857142857,0.0,0.08695652173913043,0.0
MAITAAASRLGTEPF,non_amp_negative.csv,0,non_amp,0,15,0.1675,1,0.2,0.25,0.0,0.06666666666666667,0.06666666666666667
TESLVLSPAPAKPKRA,non_amp_negative.csv,0,non_amp,0,16,0.07500000000000001,2,0.0,0.0,0.375,0.0,0.1875
FLPMIAKLLGGLL,non_amp_negative.csv,0,non_amp,0,13,0.225,1,0.25,0.25,0.125,0.15384615384615385,0.07692307692307693
MKATFVLHGWWRTS,non_amp_negative.csv,0,non_amp,0,14,0.2,2,0.25,0.25,0.0,0.07142857142857142,0.0
PPPPPGPPPNP,non_amp_negative.csv,0,non_amp,0,11,0.43333333333333335,2,0.3333333333333333,0.3333333333333333,0.8333333333333334,0.09090909090909091,0.8181818181818182
ACVPVYKECWYPQKPCCEDRVCQCSFGMTN,non_amp_negative.csv,0,non_amp,1,30,0.09277777777777778,2,0.1,0.1111111111111111,0.05555555555555555,0.03333333333333333,0.1
VATSEQFNKTFIELVIVVD,non_amp_negative.csv,0,non_amp,0,19,0.0,0,0.0,0.0,0.0,0.0,0.0
SASSGESSGMWFGPRL,non_amp_negative.csv,0,non_amp,0,16,0.1925,2,0.2,0.25,0.125,0.1875,0.0625
VVSCADILTLAAR,non_amp_negative.csv,0,non_amp,0,13,0.0,0,0.0,0.0,0.0,0.0,0.0
DHMSHDVYSPRL,non_amp_negative.csv,0,non_amp,0,12,0.03333333333333333,1,0.0,0.0,0.16666666666666666,0.0,0.08333333333333333
AEELVKPYNGDPFVGHLSTP,non_amp_negative.csv,0,non_amp,0,20,0.16666666666666666,2,0.16666666666666666,0.16666666666666666,0.16666666666666666,0.1,0.15
MKFGLFFQNFLSENQSSE,non_amp_negative.csv,0,non_amp,0,18,0.13333333333333333,0,0.16666666666666666,0.16666666666666666,0.0,0.05555555555555555,0.0
PYDRISGSAFSDF,non_amp_negative.csv,0,non_amp,0,13,0.1675,0,0.2,0.25,0.0,0.07692307692307693,0.07692307692307693
STRTPEFLGLDNQCGVWA,non_amp_negative.csv,0,non_amp,0,18,0.2966666666666667,2,0.3333333333333333,0.4,0.1,0.1111111111111111,0.05555555555555555
SNRSPSLRLRF,non_amp_negative.csv,0,non_amp,0,11,0.03333333333333333,0,0.0,0.0,0.16666666666666666,0.0,0.09090909090909091
SIQVIVVTDGERGLIYPPLSNIR,non_amp_negative.csv,0,non_amp,0,23,0.23392857142857143,0,0.25,0.2857142857142857,0.14285714285714285,0.08695652173913043,0.08695652173913043
DPNATIIMLGTGTGIAPFR,non_amp_negative.csv,0,non_amp,0,19,0.15833333333333335,2,0.16666666666666666,0.2,0.1,0.15789473684210525,0.10526315789473684
ASLVTSFEEA,non_amp_negative.csv,0,non_amp,0,10,0.0,0,0.0,0.0,0.0,0.0,0.0
RICPRILMECKADSDCLAQCICQESGFCG,non_amp_negative.csv,0,non_amp,1,29,0.15777777777777777,1,0.2,0.1111111111111111,0.05555555555555555,0.06896551724137931,0.034482758620689655
LPSIGHYY,non_amp_negative.csv,0,non_amp,0,8,0.2916666666666667,1,0.3333333333333333,0.5,0.0,0.125,0.125
MALNLQDKQAIVAEVSEVAK,non_amp_negative.csv,0,non_amp,0,20,0.0,0,0.0,0.0,0.0,0.0,0.0
DPLGSTEEFSR,non_amp_negative.csv,0,non_amp,0,11,0.24583333333333332,0,0.25,0.3333333333333333,0.16666666666666666,0.09090909090909091,0.09090909090909091
MSSLWWCFVWLISIPVICLTFTFVMRLL,non_amp_negative.csv,0,non_amp,0,28,0.011111111111111112,0,0.0,0.0,0.05555555555555555,0.0,0.03571428571428571
QAKSQGGSN,non_amp_negative.csv,0,non_amp,0,9,0.2916666666666667,2,0.3333333333333333,0.5,0.0,0.2222222222222222,0.0
AATAATPATAATPARA,non_amp_negative.csv,0,non_amp,0,16,0.05,2,0.0,0.0,0.25,0.0,0.125
VGLVFNPYNR,non_amp_negative.csv,0,non_amp,0,10,0.3,1,0.3333333333333333,0.3333333333333333,0.16666666666666666,0.1,0.1
DNPSSTPPLR,non_amp_negative.csv,0,non_amp,0,10,0.1,2,0.0,0.0,0.5,0.0,0.3
SPVPEDDRGDNFVRL,non_amp_negative.csv,0,non_amp,0,15,0.1925,2,0.2,0.25,0.125,0.06666666666666667,0.13333333333333333
MGHLVLVRHYVLVLLLIELMQLLLGSLGLS,non_amp_negative.csv,0,non_amp,0,30,0.16,0,0.2,0.2,0.0,0.1,0.0
SPASGFFGMR,non_amp_negative.csv,0,non_amp,0,10,0.5333333333333333,1,0.6666666666666666,0.6666666666666666,0.0,0.2,0.1
MSIADLKSRLIKASTSKMTAEL,non_amp_negative.csv,0,non_amp,0,22,0.0,0,0.0,0.0,0.0,0.0,0.0
AFANTGVEIVSIDTYLFSLYDEDK,non_amp_negative.csv,0,non_amp,0,24,0.10267857142857142,2,0.125,0.14285714285714285,0.0,0.041666666666666664,0.0
MKYNPRVSSNRRKS,non_amp_negative.csv,0,non_amp,0,14,0.025,0,0.0,0.0,0.125,0.0,0.07142857142857142
KPSPDRFYGLM,non_amp_negative.csv,0,non_amp,0,11,0.3,2,0.3333333333333333,0.3333333333333333,0.16666666666666666,0.09090909090909091,0.18181818181818182
SDMYSFGL,non_amp_negative.csv,0,non_amp,0,8,0.21666666666666667,0,0.3333333333333333,0.0,0.0,0.125,0.0
QVNFSTGW,non_amp_negative.csv,0,non_amp,0,8,0.21666666666666667,0,0.3333333333333333,0.0,0.0,0.125,0.0
SAALAGTIIDGASLGFDILNKV,non_amp_negative.csv,0,non_amp,0,22,0.2357142857142857,2,0.2857142857142857,0.3333333333333333,0.0,0.13636363636363635,0.0
KHTLPDLPYDFGALQPHISAEIM,non_amp_negative.csv,0,non_amp,0,23,0.15714285714285717,2,0.14285714285714285,0.14285714285714285,0.21428571428571427,0.043478260869565216,0.13043478260869565
QLWPRPQIPP,non_amp_negative.csv,0,non_amp,0,10,0.13333333333333333,1,0.0,0.0,0.6666666666666666,0.0,0.4
HSDGLFTSEYSKMRGNAQVQKFIQNLM,non_amp_negative.csv,0,non_amp,0,27,0.09097222222222222,2,0.1111111111111111,0.125,0.0,0.07407407407407407,0.0
TPASGFFGMR,non_amp_negative.csv,0,non_amp,0,10,0.5333333333333333,1,0.6666666666666666,0.6666666666666666,0.0,0.2,0.1
KPNQDFMRF,non_amp_negative.csv,0,non_amp,0,9,0.03333333333333333,0,0.0,0.0,0.16666666666666666,0.0,0.1111111111111111
MEHSHWFRKMSSLHQEFVCFLFWPLT,non_amp_negative.csv,0,non_amp,0,26,0.0125,0,0.0,0.0,0.0625,0.0,0.038461538461538464
MNERVKQVASALVDAIQKTLTEQRV,non_amp_negative.csv,0,non_amp,0,25,0.0,0,0.0,0.0,0.0,0.0,0.0
DDPTSTFTCPGGSDYK,non_amp_negative.csv,0,non_amp,0,16,0.2,1,0.2,0.2,0.2,0.125,0.125
AESGFQPVVDRKGD,non_amp_negative.csv,0,non_amp,0,14,0.2975,0,0.4,0.25,0.0,0.14285714285714285,0.07142857142857142
DEPEYAEAIREYQLKYGKI,non_amp_negative.csv,0,non_amp,0,19,0.15,1,0.16666666666666666,0.16666666666666666,0.08333333333333333,0.05263157894736842,0.05263157894736842
TSTLSWLDEITMEELERNPY,non_amp_negative.csv,0,non_amp,0,20,0.016666666666666666,1,0.0,0.0,0.08333333333333333,0.0,0.05
FHGHTKDSKKNIKK,non_amp_negative.csv,0,non_amp,0,14,0.2,2,0.25,0.25,0.0,0.07142857142857142,0.0
MGSLESERFVVDVAASNLDK,non_amp_negative.csv,0,non_amp,0,20,0.11785714285714285,1,0.14285714285714285,0.16666666666666666,0.0,0.05,0.0
MRAKWRKKRMRRLKRKRRKMRARSK,non_amp_negative.csv,0,non_amp,1,25,0.0,0,0.0,0.0,0.0,0.0,0.0
ATGWSAFFIDGKWTEAKK,non_amp_negative.csv,0,non_amp,0,18,0.13833333333333334,1,0.16666666666666666,0.2,0.0,0.1111111111111111,0.0
EITKFPKDQQNLIGQG,non_amp_negative.csv,0,non_amp,0,16,0.18000000000000002,1,0.2,0.2,0.1,0.125,0.0625
VGTALGSLAEELNGYNRKKGGFSFRF,non_amp_negative.csv,0,non_amp,0,26,0.2729166666666667,1,0.3333333333333333,0.375,0.0,0.19230769230769232,0.0
DVEKNAPYECGFE,non_amp_negative.csv,0,non_amp,0,13,0.225,1,0.25,0.25,0.125,0.07692307692307693,0.07692307692307693
PAELADYDAIIIGTATRYGMMAAQMK,non_amp_negative.csv,0,non_amp,0,26,0.18194444444444444,0,0.2222222222222222,0.25,0.0,0.07692307692307693,0.038461538461538464
TAIRKCNPRT,non_amp_negative.csv,0,non_amp,0,10,0.05,2,0.0,0.0,0.25,0.0,0.1
APAPSGGGSAPLAKIYPRGSHWAVGHLM,non_amp_negative.csv,0,non_amp,0,28,0.2783333333333333,0,0.3,0.3333333333333333,0.16666666666666666,0.17857142857142858,0.14285714285714285
PQISRQEYGGLFGPT,non_amp_negative.csv,0,non_amp,0,15,0.34,0,0.4,0.4,0.1,0.2,0.13333333333333333
MSDTATRVQKIVVEHLGVESDKVTQE,non_amp_negative.csv,0,non_amp,0,26,0.09097222222222222,1,0.1111111111111111,0.125,0.0,0.038461538461538464,0.0
TVTPEQDRYLQVKKY,non_amp_negative.csv,0,non_amp,0,15,0.025,1,0.0,0.0,0.125,0.0,0.06666666666666667
ATSGPMGWLPVFYRF,non_amp_negative.csv,0,non_amp,0,15,0.34,0,0.4,0.4,0.1,0.13333333333333333,0.13333333333333333
YKVDEDLQGAGGIQSRGYFFFRPRN,non_amp_negative.csv,0,non_amp,0,25,0.21964285714285714,2,0.25,0.2857142857142857,0.07142857142857142,0.16,0.04
LPLDDLSDT,non_amp_negative.csv,0,non_amp,0,9,0.03333333333333333,0,0.0,0.0,0.16666666666666666,0.0,0.1111111111111111
SVALQVTVDAVSGSAKEKITAAGTVTELV,non_amp_negative.csv,0,non_amp,0,29,0.08166666666666667,0,0.1,0.1111111111111111,0.0,0.06896551724137931,0.0
DLLTAIKRVKESMKRRT,non_amp_negative.csv,0,non_amp,0,17,0.0,0,0.0,0.0,0.0,0.0,0.0
MDIVSIAWAALMVVFSFSLSLVVWGRSGL,non_amp_negative.csv,0,non_amp,0,29,0.14666666666666667,0,0.2,0.1111111111111111,0.0,0.06896551724137931,0.0
QVIAITGSASGIGAA,non_amp_negative.csv,0,non_amp,0,15,0.32,0,0.4,0.4,0.0,0.2,0.0
HSEGTFSSDYSKYLDSRRAKDFVQWLMST,non_amp_negative.csv,0,non_amp,0,29,0.08166666666666667,0,0.1,0.1111111111111111,0.0,0.034482758620689655,0.0
YCQKWMWTCDSKRKCCEDMVCQLWCKKRL,non_amp_negative.csv,0,non_amp,1,29,0.0,0,0.0,0.0,0.0,0.0,0.0
EAEPHSRI,non_amp_negative.csv,0,non_amp,0,8,0.05,1,0.0,0.0,0.25,0.0,0.125
AKKTILDLKD,non_amp_negative.csv,0,non_amp,0,10,0.0,0,0.0,0.0,0.0,0.0,0.0
SIYVGNLSYD,non_amp_negative.csv,0,non_amp,0,10,0.26666666666666666,1,0.3333333333333333,0.3333333333333333,0.0,0.1,0.0
EDTGTFEEGHGGVR,non_amp_negative.csv,0,non_amp,0,14,0.4,2,0.5,0.5,0.0,0.2857142857142857,0.0
AKDNFLRF,non_amp_negative.csv,0,non_amp,0,8,0.0,0,0.0,0.0,0.0,0.0,0.0
QLTFTPNW,non_amp_negative.csv,0,non_amp,0,8,0.05,0,0.0,0.0,0.25,0.0,0.125
FDDYGHMRF,non_amp_negative.csv,0,non_amp,0,9,0.2916666666666667,1,0.3333333333333333,0.5,0.0,0.1111111111111111,0.0
AGEPANNEDRFNY,non_amp_negative.csv,0,non_amp,0,13,0.225,1,0.25,0.25,0.125,0.07692307692307693,0.07692307692307693
ARGPQLRLRF,non_amp_negative.csv,0,non_amp,0,10,0.3416666666666667,2,0.3333333333333333,0.5,0.25,0.1,0.1
MGLQQEISLQPWCHHPAESCQTTT,non_amp_negative.csv,0,non_amp,0,24,0.11696428571428572,1,0.125,0.14285714285714285,0.07142857142857142,0.041666666666666664,0.08333333333333333
GYEDEDEDRPFYALGLGKRPRTYSFGL,non_amp_negative.csv,0,non_amp,0,27,0.17569444444444443,1,0.2222222222222222,0.125,0.0625,0.14814814814814814,0.07407407407407407
MDETIVTDKGVAEFSFFKF,non_amp_negative.csv,0,non_amp,0,19,0.11785714285714285,0,0.14285714285714285,0.16666666666666666,0.0,0.05263157894736842,0.0
LRLDLSNLR,non_amp_negative.csv,0,non_amp,0,9,0.0,0,0.0,0.0,0.0,0.0,0.0
CCGPTACIAGCKPCC,non_amp_negative.csv,0,non_amp,1,15,0.2175,2,0.2,0.25,0.25,0.13333333333333333,0.13333333333333333
LKMGVVLFIFLVLFTLA,non_amp_negative.csv,0,non_amp,1,17,0.13833333333333334,0,0.16666666666666666,0.2,0.0,0.058823529411764705,0.0
KCCMRPICTCPCCIG,non_amp_negative.csv,0,non_amp,1,15,0.155,2,0.2,0.0,0.125,0.06666666666666667,0.13333333333333333
MSDINTARLPLSSPMLLPCVGDDILMV,non_amp_negative.csv,0,non_amp,0,27,0.11597222222222221,2,0.1111111111111111,0.125,0.125,0.037037037037037035,0.1111111111111111
CPRRRVCIRCSQHH,non_amp_negative.csv,0,non_amp,1,14,0.025,0,0.0,0.0,0.125,0.0,0.07142857142857142
AQVESVCPGVVSC,non_amp_negative.csv,0,non_amp,0,13,0.24583333333333332,2,0.25,0.3333333333333333,0.16666666666666666,0.07692307692307693,0.07692307692307693
MNRLKEIFQKEITPALVSKF,non_amp_negative.csv,0,non_amp,0,20,0.016666666666666666,0,0.0,0.0,0.08333333333333333,0.0,0.05
EIQNAGLYAILR,non_amp_negative.csv,0,non_amp,0,12,0.2125,2,0.25,0.3333333333333333,0.0,0.08333333333333333,0.0
MYSYIYKALLYHGYEKFDLDIWEYFNK,non_amp_negative.csv,0,non_amp,0,27,0.08888888888888888,0,0.1111111111111111,0.1111111111111111,0.0,0.037037037037037035,0.0
NFDEIDRSGFGFN,non_amp_negative.csv,0,non_amp,0,13,0.2125,2,0.25,0.3333333333333333,0.0,0.15384615384615385,0.0
DSVGSTTAHKQQNINHLLDK,non_amp_negative.csv,0,non_amp,0,20,0.11785714285714285,0,0.14285714285714285,0.16666666666666666,0.0,0.05,0.0
IVGGTEVTPGEIPYQLSLQD,non_amp_negative.csv,0,non_amp,0,20,0.2523809523809524,0,0.2857142857142857,0.3333333333333333,0.08333333333333333,0.15,0.1
VIGGVECDINEHRFL,non_amp_negative.csv,0,non_amp,0,15,0.1675,2,0.2,0.25,0.0,0.13333333333333333,0.0
GGGSSGETNGMWFGPRL,non_amp_negative.csv,0,non_amp,0,17,0.32,2,0.4,0.4,0.0,0.35294117647058826,0.058823529411764705
MWYLLWFVGILLMCSLSTLVLVWLDPRLKS,non_amp_negative.csv,0,non_amp,0,30,0.09277777777777778,2,0.1,0.1111111111111111,0.05555555555555555,0.03333333333333333,0.03333333333333333
VYGMLFKFL,non_amp_negative.csv,0,non_amp,1,9,0.2916666666666667,2,0.3333333333333333,0.5,0.0,0.1111111111111111,0.0
MMISTFHDGQLRFSNVYRLTLMIFRL,non_amp_negative.csv,0,non_amp,0,26,0.1,2,0.125,0.125,0.0,0.038461538461538464,0.0
MDLSRIPPQPKAGILNVLIEIPAGS,non_amp_negative.csv,0,non_amp,0,25,0.13839285714285715,2,0.125,0.0,0.2857142857142857,0.08,0.16
MGIIYLILFLIVIYLLYRILDVLEQK,non_amp_negative.csv,0,non_amp,1,26,0.09097222222222222,1,0.1111111111111111,0.125,0.0,0.038461538461538464,0.0
GAKERNNAEAVRERLEEI,non_amp_negative.csv,0,non_amp,0,18,0.13333333333333333,0,0.16666666666666666,0.16666666666666666,0.0,0.05555555555555555,0.0
KNGTVKWFNAEKGFGFITSED,non_amp_negative.csv,0,non_amp,0,21,0.2357142857142857,2,0.2857142857142857,0.3333333333333333,0.0,0.14285714285714285,0.0
GGSSGLISVPRV,non_amp_negative.csv,0,non_amp,0,12,0.4583333333333333,1,0.5,0.6666666666666666,0.16666666666666666,0.25,0.08333333333333333
STHTSDFLKL,non_amp_negative.csv,0,non_amp,0,10,0.0,0,0.0,0.0,0.0,0.0,0.0
IGSFIINPR,non_amp_negative.csv,0,non_amp,0,9,0.2916666666666667,1,0.3333333333333333,0.5,0.0,0.1111111111111111,0.1111111111111111
VTIGPVCELPKEVGGPCRGHIIPRY,non_amp_negative.csv,0,non_amp,0,25,0.20694444444444443,0,0.2222222222222222,0.25,0.125,0.16,0.16
VVGGDECNINEHPFLV,non_amp_negative.csv,0,non_amp,0,16,0.1925,2,0.2,0.25,0.125,0.125,0.0625
VEWSDSERKTLVSVWGKI,non_amp_negative.csv,0,non_amp,0,18,0.13333333333333333,0,0.16666666666666666,0.16666666666666666,0.0,0.05555555555555555,0.0
VHGNKGADAALAALEVLDLFDRAL,non_amp_negative.csv,0,non_amp,0,24,0.20535714285714285,2,0.25,0.2857142857142857,0.0,0.08333333333333333,0.0
TPLWSLMQDLMM,non_amp_negative.csv,0,non_amp,0,12,0.025,0,0.0,0.0,0.125,0.0,0.08333333333333333
IILELAAVDSASGKLLINGNFK,non_amp_negative.csv,0,non_amp,0,22,0.20535714285714285,0,0.25,0.2857142857142857,0.0,0.09090909090909091,0.0
AFNLRNRNFLKLLDFTPREIQYMIDLAIDL,non_amp_negative.csv,0,non_amp,0,30,0.011111111111111112,2,0.0,0.0,0.05555555555555555,0.0,0.03333333333333333
RDLFEKKLELHQGHLV,non_amp_negative.csv,0,non_amp,0,16,0.13833333333333334,0,0.16666666666666666,0.2,0.0,0.0625,0.0
DGGEPAAPLWFGPRV,non_amp_negative.csv,0,non_amp,0,15,0.41000000000000003,2,0.4,0.5,0.375,0.2,0.2
MDIISLGWAGLMTMFTFSLALVVWARNGF,non_amp_negative.csv,0,non_amp,0,29,0.22833333333333333,0,0.3,0.2222222222222222,0.0,0.10344827586206896,0.0
FGNQQQLKSVADIVINHR,non_amp_negative.csv,0,non_amp,0,18,0.13833333333333334,1,0.16666666666666666,0.2,0.0,0.05555555555555555,0.0
GSLVKLVSTLLSLVPSLMKG,non_amp_negative.csv,0,non_amp,0,20,0.13452380952380952,0,0.14285714285714285,0.16666666666666666,0.08333333333333333,0.1,0.05
SAPAAAAPANSAEDVQQTKANLIAQ,non_amp_negative.csv,0,non_amp,0,25,0.025,0,0.0,0.0,0.125,0.0,0.08
KLQLPTLDDPVPIGIAPAIT,non_amp_negative.csv,0,non_amp,0,20,0.15119047619047618,1,0.14285714285714285,0.16666666666666666,0.16666666666666666,0.05,0.2
IEYPRDARYHSPLLFTV,non_amp_negative.csv,0,non_amp,0,17,0.04000000000000001,1,0.0,0.0,0.2,0.0,0.11764705882352941
GKEGYPTDKRGCKLTCFFT,non_amp_negative.csv,0,non_amp,0,19,0.2523809523809524,0,0.2857142857142857,0.3333333333333333,0.08333333333333333,0.15789473684210525,0.05263157894736842
INWKAIIEAAKQAL,non_amp_negative.csv,0,non_amp,0,14,0.0,0,0.0,0.0,0.0,0.0,0.0
YDGTNCKPGVCWEPKPGY,non_amp_negative.csv,0,non_amp,0,18,0.33666666666666667,2,0.3333333333333333,0.4,0.3,0.16666666666666666,0.16666666666666666
TNTPEDDRYLQDYVYI,non_amp_negative.csv,0,non_amp,0,16,0.025,2,0.0,0.0,0.125,0.0,0.0625
KKDGYLVNKYTGCKVNCYKLGENKFCNRE,non_amp_negative.csv,0,non_amp,1,29,0.17777777777777776,2,0.2222222222222222,0.2222222222222222,0.0,0.10344827586206896,0.0
PAPDSSFLRDP,non_amp_negative.csv,0,non_amp,0,11,0.03333333333333333,0,0.0,0.0,0.16666666666666666,0.0,0.2727272727272727
MDIISIGWVSLMVVFTFSISLVVWGRSGL,non_amp_negative.csv,0,non_amp,0,29,0.22833333333333333,0,0.3,0.2222222222222222,0.0,0.10344827586206896,0.0
ESGGSGEANGMWFGPRL,non_amp_negative.csv,0,non_amp,0,17,0.32,2,0.4,0.4,0.0,0.29411764705882354,0.058823529411764705
CYIQNCPRGGKRSYPDTAVPQCIPCGP,non_amp_negative.csv,0,non_amp,1,27,0.13333333333333333,0,0.1111111111111111,0.1111111111111111,0.2222222222222222,0.1111111111111111,0.18518518518518517
APVPGGQGTVLDKMYPRGNHWAVGHLM,non_amp_negative.csv,0,non_amp,0,27,0.29791666666666666,2,0.3333333333333333,0.375,0.125,0.18518518518518517,0.1111111111111111
RIKIGLFDQLSRL,non_amp_negative.csv,0,non_amp,0,13,0.2,1,0.25,0.25,0.0,0.07692307692307693,0.0
MSHTVKIYD,non_amp_negative.csv,0,non_amp,0,9,0.0,0,0.0,0.0,0.0,0.0,0.0
CCSQDCRVCIPCCPY,non_amp_negative.csv,0,non_amp,1,15,0.05,2,0.0,0.0,0.25,0.0,0.13333333333333333
AEVTLSALEQLGASEVDLVTLKQAGLVGE,non_amp_negative.csv,0,non_amp,0,29,0.14666666666666667,0,0.2,0.1111111111111111,0.0,0.10344827586206896,0.0
KGDIMVFPR,non_amp_negative.csv,0,non_amp,0,9,0.2916666666666667,1,0.3333333333333333,0.5,0.0,0.1111111111111111,0.1111111111111111
MEKGYYDLES,non_amp_negative.csv,0,non_amp,0,10,0.2125,0,0.25,0.3333333333333333,0.0,0.1,0.0
SEDCTPWTATPITVLAGCRDYVGEQ,non_amp_negative.csv,0,non_amp,0,25,0.21250000000000002,1,0.25,0.25,0.0625,0.08,0.08
MSGGYSNGFALLVVLFILLIIVGAAYIY,non_amp_negative.csv,0,non_amp,1,28,0.17777777777777776,1,0.2222222222222222,0.2222222222222222,0.0,0.14285714285714285,0.0
MEFSPRAAELTTLLESRISNFYTNI,non_amp_negative.csv,0,non_amp,0,25,0.014285714285714285,2,0.0,0.0,0.07142857142857142,0.0,0.04
FFVPPAFFPP,non_amp_negative.csv,0,non_amp,0,10,0.1,1,0.0,0.0,0.5,0.0,0.4
MSDIEQRIKQAVAEQLGMRAEEIKNE,non_amp_negative.csv,0,non_amp,0,26,0.09097222222222222,1,0.1111111111111111,0.125,0.0,0.038461538461538464,0.0
LTCYKGYRDTV,non_amp_negative.csv,0,non_amp,0,11,0.26666666666666666,2,0.3333333333333333,0.3333333333333333,0.0,0.09090909090909091,0.0
AKTFKYIILG,non_amp_negative.csv,0,non_amp,0,10,0.1625,0,0.25,0.0,0.0,0.1,0.0
GPSAFLRL,non_amp_negative.csv,0,non_amp,0,8,0.3416666666666667,0,0.3333333333333333,0.5,0.25,0.125,0.125
FENKVPEKQKLFQEDNGIPVHLKG,non_amp_negative.csv,0,non_amp,0,24,0.13125,1,0.125,0.14285714285714285,0.14285714285714285,0.08333333333333333,0.08333333333333333
SRNKSVEIDISSE,non_amp_negative.csv,0,non_amp,0,13,0.0,0,0.0,0.0,0.0,0.0,0.0
ACCVYKICYPC,non_amp_negative.csv,0,non_amp,1,11,0.03333333333333333,1,0.0,0.0,0.16666666666666666,0.0,0.09090909090909091
MTRVQFKHHHHHHHPD,non_amp_negative.csv,0,non_amp,0,16,0.020000000000000004,0,0.0,0.0,0.1,0.0,0.0625
NGRCCHPACARKYNC,non_amp_negative.csv,0,non_amp,1,15,0.1925,1,0.2,0.25,0.125,0.06666666666666667,0.06666666666666667
AKLDFDRSKEHVNVGTIGVH,non_amp_negative.csv,0,non_amp,0,20,0.26666666666666666,2,0.3333333333333333,0.3333333333333333,0.0,0.1,0.0
IKVIQRGKVRRAKLYYLRDR,non_amp_negative.csv,0,non_amp,0,20,0.11785714285714285,0,0.14285714285714285,0.16666666666666666,0.0,0.05,0.0
RNEEERLINHLFKERGYNKELRPAQT,non_amp_negative.csv,0,non_amp,0,26,0.10347222222222222,0,0.1111111111111111,0.125,0.0625,0.038461538461538464,0.038461538461538464
TDVGFDGWR,non_amp_negative.csv,0,non_amp,0,9,0.5333333333333333,0,0.6666666666666666,0.6666666666666666,0.0,0.2222222222222222,0.0
DSDSAQNLIG,non_amp_negative.csv,0,non_amp,0,10,0.1625,0,0.25,0.0,0.0,0.1,0.0
MKRSYKTLPTYFFSFFGPFKERAVFLLVL,non_amp_negative.csv,0,non_amp,0,29,0.10388888888888889,1,0.1,0.1111111111111111,0.1111111111111111,0.034482758620689655,0.06896551724137931
EQFEDYGHMRF,non_amp_negative.csv,0,non_amp,0,11,0.2125,0,0.25,0.3333333333333333,0.0,0.09090909090909091,0.0
EGCCSNPACRTNHPEVCD,non_amp_negative.csv,0,non_amp,1,18,0.15833333333333335,1,0.16666666666666666,0.2,0.1,0.05555555555555555,0.1111111111111111
AAVSLLQNKLAYDGFLSK,non_amp_negative.csv,0,non_amp,0,18,0.13833333333333334,1,0.16666666666666666,0.2,0.0,0.05555555555555555,0.0
GGPYSYGL,non_amp_negative.csv,0,non_amp,0,8,0.5583333333333333,0,0.6666666666666666,0.5,0.25,0.375,0.125
GCCSDPRCKHEC,non_amp_negative.csv,0,non_amp,1,12,0.225,0,0.25,0.25,0.125,0.08333333333333333,0.08333333333333333
GCCSPWNCIQLRACGCC,non_amp_negative.csv,0,non_amp,1,17,0.18000000000000002,2,0.2,0.2,0.1,0.11764705882352941,0.058823529411764705
SVNTKNDFMRF,non_amp_negative.csv,0,non_amp,0,11,0.0,0,0.0,0.0,0.0,0.0,0.0
MDSVTIAWAALMAISTFSLSLVVRGRSGL,non_amp_negative.csv,0,non_amp,0,29,0.14666666666666667,0,0.2,0.1111111111111111,0.0,0.06896551724137931,0.0
KCCMRPICMCPCC,non_amp_negative.csv,0,non_amp,1,13,0.05,0,0.0,0.0,0.25,0.0,0.15384615384615385
RCCGEGASCPRYFRNSQICSCC,non_amp_negative.csv,0,non_amp,1,22,0.13452380952380952,2,0.14285714285714285,0.16666666666666666,0.08333333333333333,0.09090909090909091,0.045454545454545456
MLIGEAVLAVVTVAVVAYLTYVMMYPTRF,non_amp_negative.csv,0,non_amp,1,29,0.09277777777777778,0,0.1,0.1111111111111111,0.05555555555555555,0.034482758620689655,0.034482758620689655
IVGGTEVTPGEIPYQLSFQD,non_amp_negative.csv,0,non_amp,0,20,0.2523809523809524,0,0.2857142857142857,0.3333333333333333,0.08333333333333333,0.15,0.1
MYAFSYSTPRTLDEVSAAS,non_amp_negative.csv,0,non_amp,0,19,0.016666666666666666,0,0.0,0.0,0.08333333333333333,0.0,0.05263157894736842
MSSSHIFIGETIGT,non_amp_negative.csv,0,non_amp,0,14,0.2,2,0.25,0.25,0.0,0.14285714285714285,0.0
LHSNLEYQYRYSGRVASGIP,non_amp_negative.csv,0,non_amp,0,20,0.15,2,0.16666666666666666,0.16666666666666666,0.08333333333333333,0.1,0.05
VSCEDCPDHCSTQKARAKCDNDKCVCEPK,non_amp_negative.csv,0,non_amp,1,29,0.022222222222222223,1,0.0,0.0,0.1111111111111111,0.0,0.06896551724137931
QGCCNVPNGCSGRWCRDHAQCC,non_amp_negative.csv,0,non_amp,1,22,0.2523809523809524,2,0.2857142857142857,0.3333333333333333,0.08333333333333333,0.13636363636363635,0.045454545454545456
QTFHYSQGWTN,non_amp_negative.csv,0,non_amp,0,11,0.2125,1,0.25,0.3333333333333333,0.0,0.09090909090909091,0.0
MVKTVAVMVGSLRKDSLAHKLMKVLQK,non_amp_negative.csv,0,non_amp,0,27,0.08888888888888888,0,0.1111111111111111,0.1111111111111111,0.0,0.037037037037037035,0.0
MRFYFYSQAVDESGVTR,non_amp_negative.csv,0,non_amp,0,17,0.13833333333333334,1,0.16666666666666666,0.2,0.0,0.058823529411764705,0.0
ATRGAKVSFGEFGLKAI,non_amp_negative.csv,0,non_amp,0,17,0.41500000000000004,0,0.5,0.6,0.0,0.17647058823529413,0.0
GAVPAAQFSPRL,non_amp_negative.csv,0,non_amp,0,12,0.2,0,0.25,0.25,0.0,0.08333333333333333,0.16666666666666666
MIYSTEVVNMNM,non_amp_negative.csv,0,non_amp,0,12,0.0,0,0.0,0.0,0.0,0.0,0.0
GLLGLGYGGY,non_amp_negative.csv,0,non_amp,0,10,0.5083333333333333,2,0.6666666666666666,0.5,0.0,0.5,0.0
DPAFRLPTTTRPRHYQAAIPDFSAGA,non_amp_negative.csv,0,non_amp,0,26,0.10972222222222222,0,0.1111111111111111,0.0,0.1875,0.038461538461538464,0.15384615384615385
VVNGKPTRTNVGRMVSLKYRNKHI,non_amp_negative.csv,0,non_amp,0,24,0.1125,0,0.125,0.125,0.0625,0.08333333333333333,0.041666666666666664
GRAENFLRL,non_amp_negative.csv,0,non_amp,0,9,0.26666666666666666,0,0.3333333333333333,0.3333333333333333,0.0,0.1111111111111111,0.0
IRCTGSKECYSPSY,non_amp_negative.csv,0,non_amp,0,14,0.1925,1,0.2,0.25,0.125,0.07142857142857142,0.07142857142857142
KGFMTPERAAEFNFR,non_amp_negative.csv,0,non_amp,0,15,0.1925,1,0.2,0.25,0.125,0.06666666666666667,0.06666666666666667
MTPPENKNLVQENKELIQEVLKA,non_amp_negative.csv,0,non_amp,0,23,0.02857142857142857,1,0.0,0.0,0.14285714285714285,0.0,0.08695652173913043
RGSNLTIHPLRNIRDIFYVGNITIG,non_amp_negative.csv,0,non_amp,0,25,0.21250000000000002,1,0.25,0.25,0.0625,0.12,0.04
MNLVDIAILILKLIVAALQLLDAVLKYLK,non_amp_negative.csv,0,non_amp,1,29,0.0,0,0.0,0.0,0.0,0.0,0.0
GTLIGQDYK,non_amp_negative.csv,0,non_amp,0,9,0.2916666666666667,1,0.3333333333333333,0.5,0.0,0.2222222222222222,0.0
VRYADENVRTKEAKKK,non_amp_negative.csv,0,non_amp,0,16,0.0,0,0.0,0.0,0.0,0.0,0.0
GVDSSFLRL,non_amp_negative.csv,0,non_amp,0,9,0.26666666666666666,0,0.3333333333333333,0.3333333333333333,0.0,0.1111111111111111,0.0
WTFGQGTKVEIK,non_amp_negative.csv,0,non_amp,0,12,0.2125,2,0.25,0.3333333333333333,0.0,0.16666666666666666,0.0
MKKARRSPSRRKGARLWYVGGSQF,non_amp_negative.csv,0,non_amp,0,24,0.11696428571428572,2,0.125,0.14285714285714285,0.07142857142857142,0.125,0.041666666666666664
VWDETSIYRPFCSKRCQLIDLGEWA,non_amp_negative.csv,0,non_amp,0,25,0.09097222222222222,0,0.1111111111111111,0.125,0.0,0.04,0.04
DDNGKPYVLPSVRTCGFDFTGAVEDISK,non_amp_negative.csv,0,non_amp,0,28,0.17444444444444443,0,0.2,0.2222222222222222,0.05555555555555555,0.10714285714285714,0.07142857142857142
SGADTTFLTK,non_amp_negative.csv,0,non_amp,0,10,0.26666666666666666,1,0.3333333333333333,0.3333333333333333,0.0,0.1,0.0
EVVRSNNFDPSKLSGKWYSILLASDRKE,non_amp_negative.csv,0,non_amp,0,28,0.10347222222222222,2,0.1111111111111111,0.125,0.0625,0.03571428571428571,0.03571428571428571
MSFSKFHCGKLMSLKLADLRTMFEALEK,non_amp_negative.csv,0,non_amp,0,28,0.09097222222222222,2,0.1111111111111111,0.125,0.0,0.03571428571428571,0.0
FQYDSQYDGF,non_amp_negative.csv,0,non_amp,0,10,0.21666666666666667,2,0.3333333333333333,0.0,0.0,0.1,0.0
VSDSQNSQDGLDPE,non_amp_negative.csv,0,non_amp,0,14,0.1675,0,0.2,0.25,0.0,0.07142857142857142,0.07142857142857142
AYVSQSGAPWGLGRISHK,non_amp_negative.csv,0,non_amp,0,18,0.2833333333333333,0,0.3333333333333333,0.3333333333333333,0.08333333333333333,0.16666666666666666,0.05555555555555555
CLIQDCPEG,non_amp_negative.csv,0,non_amp,0,9,0.26666666666666666,2,0.3333333333333333,0.0,0.25,0.1111111111111111,0.1111111111111111
MYFHSFLDTFSKYLGSTSCPLLRLSR,non_amp_negative.csv,0,non_amp,0,26,0.1125,2,0.125,0.125,0.0625,0.038461538461538464,0.038461538461538464
TDVKESEFIAEGAVGR,non_amp_negative.csv,0,non_amp,0,16,0.2975,2,0.4,0.25,0.0,0.125,0.0
APQEPNQFQLLKYH,non_amp_negative.csv,0,non_amp,0,14,0.05,0,0.0,0.0,0.25,0.0,0.14285714285714285
CCDWDWCDHICTCCGG,non_amp_negative.csv,0,non_amp,1,16,0.13,2,0.2,0.0,0.0,0.125,0.0
DEVKIVLD,non_amp_negative.csv,0,non_amp,0,8,0.0,0,0.0,0.0,0.0,0.0,0.0
RGSNLTTHPLRNIKDLVVYM,non_amp_negative.csv,0,non_amp,0,20,0.13452380952380952,1,0.14285714285714285,0.16666666666666666,0.08333333333333333,0.05,0.05
MKKPVLKPFASLEIKVDPPITIGETSLGLR,non_amp_negative.csv,0,non_amp,0,30,0.11499999999999999,1,0.1,0.1111111111111111,0.16666666666666666,0.06666666666666667,0.13333333333333333
MAPRGFSCLLLLTSEIDLPVKRRA,non_amp_negative.csv,0,non_amp,0,24,0.13125,1,0.125,0.14285714285714285,0.14285714285714285,0.041666666666666664,0.08333333333333333
FLTVLGNDKEVENTFKALDKA,non_amp_negative.csv,0,non_amp,0,21,0.11785714285714285,2,0.14285714285714285,0.16666666666666666,0.0,0.047619047619047616,0.0
SGLLINQPKYSWLKELGL,non_amp_negative.csv,0,non_amp,0,18,0.24666666666666667,1,0.3333333333333333,0.2,0.0,0.1111111111111111,0.05555555555555555
APLTNEYLNHLCHKC,non_amp_negative.csv,0,non_amp,0,15,0.020000000000000004,0,0.0,0.0,0.1,0.0,0.06666666666666667
RIPSTEEVVVRTESG,non_amp_negative.csv,0,non_amp,0,15,0.13,2,0.2,0.0,0.0,0.06666666666666667,0.06666666666666667
DTARLQWH,non_amp_negative.csv,0,non_amp,0,8,0.0,0,0.0,0.0,0.0,0.0,0.0
SVIELGKMILQETGKNPVTHYGA,non_amp_negative.csv,0,non_amp,0,23,0.1285714285714286,2,0.14285714285714285,0.14285714285714285,0.07142857142857142,0.13043478260869565,0.043478260869565216
MALPSALWWPG,non_amp_negative.csv,0,non_amp,0,11,0.22916666666666669,1,0.25,0.0,0.3333333333333333,0.09090909090909091,0.18181818181818182
APVMGFQGMR,non_amp_negative.csv,0,non_amp,0,10,0.5333333333333333,1,0.6666666666666666,0.6666666666666666,0.0,0.2,0.1
RPPGWSPFR,non_amp_negative.csv,0,non_amp,0,9,0.3333333333333333,0,0.3333333333333333,0.3333333333333333,0.3333333333333333,0.1111111111111111,0.3333333333333333
MKLLCWQKSIHGS,non_amp_negative.csv,0,non_amp,0,13,0.1625,2,0.25,0.0,0.0,0.07692307692307693,0.0
MVSEAIAALKEREGSSEFAIGKKKE,non_amp_negative.csv,0,non_amp,0,25,0.10267857142857142,2,0.125,0.14285714285714285,0.0,0.08,0.0
ECCRYVDCRRGCTPCC,non_amp_negative.csv,0,non_amp,1,16,0.16,1,0.2,0.2,0.0,0.0625,0.0625
HVGGDECNINEHRSLVAIFVFTEFF,non_amp_negative.csv,0,non_amp,0,25,0.10267857142857142,2,0.125,0.14285714285714285,0.0,0.08,0.0
GGGGGSGETSGMWFGPRL,non_amp_negative.csv,0,non_amp,0,18,0.43500000000000005,1,0.5,0.6,0.1,0.4444444444444444,0.05555555555555555
APVAQEGN,non_amp_negative.csv,0,non_amp,0,8,0.26666666666666666,0,0.3333333333333333,0.0,0.25,0.125,0.125
MDIVSFAWAALMVVFTFSLSLVVWGRSGL,non_amp_negative.csv,0,non_amp,0,29,0.14666666666666667,0,0.2,0.1111111111111111,0.0,0.06896551724137931,0.0
PAEEKGDDVSNNGVQNQGYKS,non_amp_negative.csv,0,non_amp,0,21,0.2357142857142857,2,0.2857142857142857,0.3333333333333333,0.0,0.14285714285714285,0.047619047619047616
MISDTQIFVALILALFSFVLAIRLGTSLY,non_amp_negative.csv,0,non_amp,0,29,0.08166666666666667,0,0.1,0.1111111111111111,0.0,0.034482758620689655,0.0
DQGFNSWG,non_amp_negative.csv,0,non_amp,0,8,0.4,2,0.5,0.5,0.0,0.25,0.0
EAAGLLPFPRL,non_amp_negative.csv,0,non_amp,0,11,0.24583333333333332,0,0.25,0.3333333333333333,0.16666666666666666,0.09090909090909091,0.18181818181818182
SVAALAAQGLLYNAPK,non_amp_negative.csv,0,non_amp,0,16,0.1675,2,0.2,0.25,0.0,0.0625,0.0625
QGCCGEPNLCFTRWCRNNARCCRQQ,non_amp_negative.csv,0,non_amp,1,25,0.21250000000000002,1,0.25,0.25,0.0625,0.08,0.04
QVTFSRDWSP,non_amp_negative.csv,0,non_amp,0,10,0.03333333333333333,1,0.0,0.0,0.16666666666666666,0.0,0.1
GVYVIEEDVATYTIK,non_amp_negative.csv,0,non_amp,0,15,0.16,0,0.2,0.2,0.0,0.06666666666666667,0.0
QERRQSPE,non_amp_negative.csv,0,non_amp,0,8,0.05,1,0.0,0.0,0.25,0.0,0.125
SHGSHETDEEF,non_amp_negative.csv,0,non_amp,0,11,0.26666666666666666,2,0.3333333333333333,0.3333333333333333,0.0,0.09090909090909091,0.0
LGIYSDAGTQTCSK,non_amp_negative.csv,0,non_amp,0,14,0.335,1,0.4,0.5,0.0,0.14285714285714285,0.0
QKVAVRLKEVVYTLSPHQQN,non_amp_negative.csv,0,non_amp,0,20,0.016666666666666666,1,0.0,0.0,0.08333333333333333,0.0,0.05
VVGADNCNFN,non_amp_negative.csv,0,non_amp,0,10,0.2916666666666667,2,0.3333333333333333,0.5,0.0,0.1,0.0
GGNKGKQMQDQSGQHPQVIQT,non_amp_negative.csv,0,non_amp,0,21,0.2523809523809524,1,0.2857142857142857,0.3333333333333333,0.08333333333333333,0.19047619047619047,0.047619047619047616
DRVYVHPFSL,non_amp_negative.csv,0,non_amp,0,10,0.05,2,0.0,0.0,0.25,0.0,0.1
AFLTLTPGSHVDSYVEA,non_amp_negative.csv,0,non_amp,0,17,0.15833333333333335,1,0.16666666666666666,0.2,0.1,0.058823529411764705,0.058823529411764705
MRLKELFDAQMEYFGEVFEKTEWPYW,non_amp_negative.csv,0,non_amp,0,26,0.1,2,0.125,0.125,0.0,0.038461538461538464,0.038461538461538464
QQGEGGPYGGLSPLRFS,non_amp_negative.csv,0,non_amp,0,17,0.52,2,0.6,0.6,0.2,0.29411764705882354,0.11764705882352941
AGLPPEEKPKLCDAACE,non_amp_negative.csv,0,non_amp,0,17,0.17833333333333334,1,0.16666666666666666,0.2,0.2,0.058823529411764705,0.17647058823529413
DKNKKPIWMAGFPGFTPIR,non_amp_negative.csv,0,non_amp,0,19,0.3,1,0.3333333333333333,0.3333333333333333,0.16666666666666666,0.10526315789473684,0.15789473684210525
SLVQFEMMIMEVAKRSGLLWYSA,non_amp_negative.csv,0,non_amp,0,23,0.10267857142857142,1,0.125,0.14285714285714285,0.0,0.043478260869565216,0.0
DRVYIHPF,non_amp_negative.csv,0,non_amp,0,8,0.05,1,0.0,0.0,0.25,0.0,0.125
ASSGLISMPRV,non_amp_negative.csv,0,non_amp,0,11,0.24583333333333332,0,0.25,0.3333333333333333,0.16666666666666666,0.09090909090909091,0.09090909090909091
ESAGLIPFPRV,non_amp_negative.csv,0,non_amp,0,11,0.24583333333333332,0,0.25,0.3333333333333333,0.16666666666666666,0.09090909090909091,0.18181818181818182
HPIQNLFQPSLVLDM,non_amp_negative.csv,0,non_amp,0,15,0.04000000000000001,0,0.0,0.0,0.2,0.0,0.13333333333333333
EITVEPVRHPKKDPSEAE,non_amp_negative.csv,0,non_amp,0,18,0.04000000000000001,1,0.0,0.0,0.2,0.0,0.16666666666666666
RHHRKRIGHTIKQLAKLVKHIHEY,non_amp_negative.csv,0,non_amp,1,24,0.10267857142857142,1,0.125,0.14285714285714285,0.0,0.041666666666666664,0.0
GFKDGAADRISHGF,non_amp_negative.csv,0,non_amp,0,14,0.2975,0,0.4,0.25,0.0,0.21428571428571427,0.0
EGGGNRGDPSGVC,non_amp_negative.csv,0,non_amp,0,13,0.42500000000000004,1,0.5,0.5,0.125,0.38461538461538464,0.07692307692307693
MTQRPWSKLQRKTHNIAALKIIARRSE,non_amp_negative.csv,0,non_amp,0,27,0.0125,2,0.0,0.0,0.0625,0.0,0.037037037037037035
LDEFRVYSDDANKYKISIPQD,non_amp_negative.csv,0,non_amp,0,21,0.016666666666666666,1,0.0,0.0,0.08333333333333333,0.0,0.047619047619047616
KRNGCCNCSSKWCRDHSRCCGR,non_amp_negative.csv,0,non_amp,1,22,0.10267857142857142,0,0.125,0.14285714285714285,0.0,0.09090909090909091,0.0
DVHSNTGIFGIHTS,non_amp_negative.csv,0,non_amp,0,14,0.335,0,0.4,0.5,0.0,0.14285714285714285,0.0
GAAILTNDNAMDALQDL,non_amp_negative.csv,0,non_amp,0,17,0.13833333333333334,0,0.16666666666666666,0.2,0.0,0.058823529411764705,0.0
GGGGSGETSGMWFGPRL,non_amp_negative.csv,0,non_amp,0,17,0.43500000000000005,0,0.5,0.6,0.1,0.4117647058823529,0.058823529411764705
MDAVLSVQGASAPVKKKSFFS,non_amp_negative.csv,0,non_amp,0,21,0.13452380952380952,2,0.14285714285714285,0.16666666666666666,0.08333333333333333,0.047619047619047616,0.047619047619047616
VGGLIAYDNIEISQIPVGDGVTLC,non_amp_negative.csv,0,non_amp,0,24,0.21964285714285714,1,0.25,0.2857142857142857,0.07142857142857142,0.16666666666666666,0.041666666666666664
MKKSIRRSGGKSKGARLWYVGGTQY,non_amp_negative.csv,0,non_amp,0,25,0.20535714285714285,2,0.25,0.2857142857142857,0.0,0.2,0.0
QGGWPRNPIPP,non_amp_negative.csv,0,non_amp,0,11,0.39999999999999997,2,0.3333333333333333,0.3333333333333333,0.6666666666666666,0.18181818181818182,0.36363636363636365
HSDAVFTDSYTRLLKQMAMRKYLDSILN,non_amp_negative.csv,0,non_amp,0,28,0.0,0,0.0,0.0,0.0,0.0,0.0
MNNPVCLDDWLIGFKSLCCTLAVIALLII,non_amp_negative.csv,0,non_amp,1,29,0.08166666666666667,0,0.1,0.1111111111111111,0.0,0.034482758620689655,0.034482758620689655
MDIITFGWVAVAAFFALSIAFVVWGRNGM,non_amp_negative.csv,0,non_amp,1,29,0.22833333333333333,0,0.3,0.2222222222222222,0.0,0.10344827586206896,0.0
MITVPHVVNLNLTGQWRENGGQI,non_amp_negative.csv,0,non_amp,0,23,0.20535714285714285,1,0.25,0.2857142857142857,0.0,0.13043478260869565,0.043478260869565216
CKQAGESCDIFSQNCCVGTCAFICIE,non_amp_negative.csv,0,non_amp,1,26,0.1,2,0.125,0.125,0.0,0.07692307692307693,0.0
ARARLGVRRFRRKR,non_amp_negative.csv,0,non_amp,0,14,0.2,2,0.25,0.25,0.0,0.07142857142857142,0.0
HKINSFVGLM,non_amp_negative.csv,0,non_amp,0,10,0.26666666666666666,1,0.3333333333333333,0.3333333333333333,0.0,0.1,0.0
GHNKKDKKMQKK,non_amp_negative.csv,0,non_amp,0,12,0.2,0,0.25,0.25,0.0,0.08333333333333333,0.0
MKLLILFLAALGAASARIRGHTIKG,non_amp_negative.csv,0,non_amp,0,25,0.10267857142857142,2,0.125,0.14285714285714285,0.0,0.12,0.0
LGALGCVFPELLSGNGVKFGYA,non_amp_negative.csv,0,non_amp,0,22,0.4714285714285714,1,0.5714285714285714,0.5714285714285714,0.07142857142857142,0.22727272727272727,0.045454545454545456
GGEEQFDDYGHMRF,non_amp_negative.csv,0,non_amp,0,14,0.335,0,0.4,0.5,0.0,0.21428571428571427,0.0
MKVYTDIFTRDEFLSDSYPM,non_amp_negative.csv,0,non_amp,0,20,0.016666666666666666,1,0.0,0.0,0.08333333333333333,0.0,0.05
NLFQFGEMILEKTGKEA,non_amp_negative.csv,0,non_amp,0,17,0.16,2,0.2,0.2,0.0,0.11764705882352941,0.0
DAHNEDEEHAEGS,non_amp_negative.csv,0,non_amp,0,13,0.1625,2,0.25,0.0,0.0,0.07692307692307693,0.0
ALTEQASKVALTADL,non_amp_negative.csv,0,non_amp,0,15,0.0,0,0.0,0.0,0.0,0.0,0.0
HVVAAITALKERGGSSHQALKKYKAAN,non_amp_negative.csv,0,non_amp,0,27,0.09097222222222222,1,0.1111111111111111,0.125,0.0,0.07407407407407407,0.0
CLSPGSSCSPTSYNCCRSCNPYSRKC,non_amp_negative.csv,0,non_amp,1,26,0.1284722222222222,1,0.1111111111111111,0.125,0.1875,0.038461538461538464,0.11538461538461539
LKCYSSRTETMTCPEGKDKCEKYAV,non_amp_negative.csv,0,non_amp,1,25,0.10347222222222222,0,0.1111111111111111,0.125,0.0625,0.04,0.04
HSDAVFTDNYSRFRKQMAVKKYLNSVLT,non_amp_negative.csv,0,non_amp,0,28,0.0,0,0.0,0.0,0.0,0.0,0.0
VTVYDAEGTKVQVDGSLRLVE,non_amp_negative.csv,0,non_amp,0,21,0.11785714285714285,1,0.14285714285714285,0.16666666666666666,0.0,0.09523809523809523,0.0
TKFAILLESFTPFVSTP,non_amp_negative.csv,0,non_amp,0,17,0.020000000000000004,0,0.0,0.0,0.1,0.0,0.11764705882352941
TKCPTCQNDTCSNKI,non_amp_negative.csv,0,non_amp,1,15,0.025,1,0.0,0.0,0.125,0.0,0.06666666666666667
HSEPGGAY,non_amp_negative.csv,0,non_amp,0,8,0.45,2,0.5,0.5,0.25,0.25,0.125
EQGVGGDDGL,non_amp_negative.csv,0,non_amp,0,10,0.8,2,1.0,1.0,0.0,0.4,0.0
SPALDDERNDNFIRL,non_amp_negative.csv,0,non_amp,0,15,0.020000000000000004,0,0.0,0.0,0.1,0.0,0.06666666666666667
KIVINVGLGEAVQ,non_amp_negative.csv,0,non_amp,0,13,0.2125,2,0.25,0.3333333333333333,0.0,0.15384615384615385,0.0
GLSRSCFGVKLDRIGSMSGLGC,non_amp_negative.csv,0,non_amp,0,22,0.21071428571428572,2,0.2857142857142857,0.16666666666666666,0.0,0.22727272727272727,0.0
SPPAPFVPVPIN,non_amp_negative.csv,0,non_amp,0,12,0.1,0,0.0,0.0,0.5,0.0,0.4166666666666667
RATVAQPR,non_amp_negative.csv,0,non_amp,0,8,0.05,1,0.0,0.0,0.25,0.0,0.125
QPEESVFFA,non_amp_negative.csv,0,non_amp,0,9,0.03333333333333333,0,0.0,0.0,0.16666666666666666,0.0,0.1111111111111111
NCPYCVVYCCPPAYCQASGCRPP,non_amp_negative.csv,0,non_amp,1,23,0.1455357142857143,0,0.125,0.14285714285714285,0.21428571428571427,0.043478260869565216,0.21739130434782608
DEDNVLLT,non_amp_negative.csv,0,non_amp,0,8,0.0,0,0.0,0.0,0.0,0.0,0.0
SNDVSWHEWKRMYNKEYNGA,non_amp_negative.csv,0,non_amp,0,20,0.09285714285714286,0,0.14285714285714285,0.0,0.0,0.05,0.0
NVQLDPFFQEQQQYYPQQQAFFLLQQQQN,non_amp_negative.csv,0,non_amp,0,29,0.022222222222222223,1,0.0,0.0,0.1111111111111111,0.0,0.06896551724137931
QLFQPPFR,non_amp_negative.csv,0,non_amp,0,8,0.1,0,0.0,0.0,0.5,0.0,0.25
GICPRILMECKRDSDCLAQCVCKRQGYCG,non_amp_negative.csv,0,non_amp,1,29,0.15777777777777777,1,0.2,0.1111111111111111,0.05555555555555555,0.10344827586206896,0.034482758620689655
DLYGNIVLSGGSTMF,non_amp_negative.csv,0,non_amp,0,15,0.32,0,0.4,0.4,0.0,0.2,0.0
GSSGLISFPRT,non_amp_negative.csv,0,non_amp,0,11,0.4583333333333333,0,0.5,0.6666666666666666,0.16666666666666666,0.18181818181818182,0.09090909090909091
PKDSMLLLQVPVY,non_amp_negative.csv,0,non_amp,0,13,0.03333333333333333,2,0.0,0.0,0.16666666666666666,0.0,0.15384615384615385
MVINNNISAINAQRTLKFRQVDLKK,non_amp_negative.csv,0,non_amp,0,25,0.0,0,0.0,0.0,0.0,0.0,0.0
QSVPTFTPRL,non_amp_negative.csv,0,non_amp,0,10,0.1,2,0.0,0.0,0.5,0.0,0.2
QHWSHGLSPG,non_amp_negative.csv,0,non_amp,0,10,0.2916666666666667,2,0.3333333333333333,0.5,0.0,0.2,0.1
SIPASQKANLGNQMIMAVACYQN,non_amp_negative.csv,0,non_amp,0,23,0.11696428571428572,1,0.125,0.14285714285714285,0.07142857142857142,0.043478260869565216,0.043478260869565216
VDDTTPLSEETMMRIGGYMV,non_amp_negative.csv,0,non_amp,0,20,0.13452380952380952,0,0.14285714285714285,0.16666666666666666,0.08333333333333333,0.1,0.05
EEGGRPPPPI,non_amp_negative.csv,0,non_amp,0,10,0.39166666666666666,2,0.3333333333333333,0.5,0.5,0.2,0.4
AAASDNFMRF,non_amp_negative.csv,0,non_amp,0,10,0.0,0,0.0,0.0,0.0,0.0,0.0
ISGKPARTPT,non_amp_negative.csv,0,non_amp,0,10,0.3416666666666667,2,0.3333333333333333,0.5,0.25,0.1,0.2
TQVTVEYVNEGGAMV,non_amp_negative.csv,0,non_amp,0,15,0.1675,1,0.2,0.25,0.0,0.13333333333333333,0.0
MVLVKTIKKLDGFIECLLMLNYKFLY,non_amp_negative.csv,0,non_amp,0,26,0.1,2,0.125,0.125,0.0,0.038461538461538464,0.0
CKGKGASCHRTSYDCCTGSCNRGKC,non_amp_negative.csv,0,non_amp,1,25,0.20535714285714285,2,0.25,0.2857142857142857,0.0,0.16,0.0
MQTFSLLVAYKIFTDGTETKRVHASKAKHA,non_amp_negative.csv,0,non_amp,0,30,0.08,0,0.1,0.1,0.0,0.03333333333333333,0.0
MWTKPSYTDLRIGFEVTLYFANR,non_amp_negative.csv,0,non_amp,0,23,0.11696428571428572,0,0.125,0.14285714285714285,0.07142857142857142,0.043478260869565216,0.043478260869565216
TLNKVYKFDRDRRFL,non_amp_negative.csv,0,non_amp,0,15,0.0,0,0.0,0.0,0.0,0.0,0.0
NLLQFAFMIRQANKRRRPVIPYEEYGLYYM,non_amp_negative.csv,0,non_amp,0,30,0.10388888888888889,1,0.1,0.1111111111111111,0.1111111111111111,0.03333333333333333,0.06666666666666667
NLLQFNKMIKIMTKKNAIPFYSS,non_amp_negative.csv,0,non_amp,0,23,0.014285714285714285,1,0.0,0.0,0.07142857142857142,0.0,0.043478260869565216
APSGFMGMR,non_amp_negative.csv,0,non_amp,0,9,0.5666666666666667,0,0.6666666666666666,0.6666666666666666,0.16666666666666666,0.2222222222222222,0.1111111111111111
VVGGDECNINEHRSL,non_amp_negative.csv,0,non_amp,0,15,0.1675,2,0.2,0.25,0.0,0.13333333333333333,0.0
MDIVSIAWAALMVVFTFSLSLVVWGRSGL,non_amp_negative.csv,0,non_amp,0,29,0.14666666666666667,0,0.2,0.1111111111111111,0.0,0.06896551724137931,0.0
MSSGGLLLLLGLLTLCAELTPVSSKDRH,non_amp_negative.csv,0,non_amp,0,28,0.18888888888888886,1,0.2222222222222222,0.2222222222222222,0.05555555555555555,0.10714285714285714,0.03571428571428571
KPDPEAVLIV,non_amp_negative.csv,0,non_amp,0,10,0.05,2,0.0,0.0,0.25,0.0,0.2
LSPTQDFMRF,non_amp_negative.csv,0,non_amp,0,10,0.03333333333333333,0,0.0,0.0,0.16666666666666666,0.0,0.1
MSQNTKGKLSLVGLSLMI,non_amp_negative.csv,0,non_amp,0,18,0.26666666666666666,0,0.3333333333333333,0.3333333333333333,0.0,0.1111111111111111,0.0
WDAYDCIQFCMRPEMRHTYAQCLSICT,non_amp_negative.csv,0,non_amp,1,27,0.0125,1,0.0,0.0,0.0625,0.0,0.037037037037037035
CCHSSWCKHLC,non_amp_negative.csv,0,non_amp,1,11,0.0,0,0.0,0.0,0.0,0.0,0.0
TRICCGCYWNGSKDVCSQSCC,non_amp_negative.csv,0,non_amp,1,21,0.11785714285714285,1,0.14285714285714285,0.16666666666666666,0.0,0.09523809523809523,0.0
NLAPLDLQTPTAFDNNYYK,non_amp_negative.csv,0,non_amp,0,19,0.04000000000000001,2,0.0,0.0,0.2,0.0,0.10526315789473684
DDPTSTFTCPGGSNYK,non_amp_negative.csv,0,non_amp,0,16,0.2,1,0.2,0.2,0.2,0.125,0.125
MKHIQIRNSDMDWHIAANNLG,non_amp_negative.csv,0,non_amp,0,21,0.09285714285714286,2,0.14285714285714285,0.0,0.0,0.047619047619047616,0.0
FRGHDKKDKKIQKK,non_amp_negative.csv,0,non_amp,0,14,0.2,2,0.25,0.25,0.0,0.07142857142857142,0.0
AESKKGFLPVIDKKDGYTFLYPFGGQEVSI,non_amp_negative.csv,0,non_amp,0,30,0.17444444444444443,2,0.2,0.2222222222222222,0.05555555555555555,0.13333333333333333,0.06666666666666667
KDDHCKDLGSIDDDE,non_amp_negative.csv,0,non_amp,0,15,0.1675,2,0.2,0.25,0.0,0.06666666666666667,0.0
TDSIKETIKETVNHQAEWPY,non_amp_negative.csv,0,non_amp,0,20,0.016666666666666666,1,0.0,0.0,0.08333333333333333,0.0,0.05
MKIIGLIGGIGSGKTTVAQLFVDEGFPLVD,non_amp_negative.csv,0,non_amp,0,30,0.2561111111111111,1,0.3,0.3333333333333333,0.05555555555555555,0.2,0.03333333333333333
NGPNGKSQSIIVGPWGDRVTN,non_amp_negative.csv,0,non_amp,0,21,0.2571428571428572,0,0.2857142857142857,0.2857142857142857,0.14285714285714285,0.19047619047619047,0.09523809523809523
DEGCLPDDSSRT,non_amp_negative.csv,0,non_amp,0,12,0.2125,2,0.25,0.3333333333333333,0.0,0.08333333333333333,0.08333333333333333
GNLVRKSVEHLTQE,non_amp_negative.csv,0,non_amp,0,14,0.1675,0,0.2,0.25,0.0,0.07142857142857142,0.0
SGCCSNPACRVNNPNIC,non_amp_negative.csv,0,non_amp,1,17,0.15833333333333335,1,0.16666666666666666,0.2,0.1,0.058823529411764705,0.11764705882352941
MKVKVDADACIGCGVCVELCP,non_amp_negative.csv,0,non_amp,1,21,0.11785714285714285,1,0.14285714285714285,0.16666666666666666,0.0,0.09523809523809523,0.047619047619047616
SNTKQPTPLGGVIFA,non_amp_negative.csv,0,non_amp,0,15,0.2,0,0.2,0.2,0.2,0.13333333333333333,0.13333333333333333
FGVLAVTSR,non_amp_negative.csv,0,non_amp,0,9,0.2916666666666667,1,0.3333333333333333,0.5,0.0,0.1111111111111111,0.0
RQRHPDCDKPPDTGN,non_amp_negative.csv,0,non_amp,0,15,0.155,1,0.2,0.0,0.125,0.06666666666666667,0.2
MPKSPSKSSPRKGSPRKASPKRGGKGAKRA,non_amp_negative.csv,0,non_amp,1,30,0.18555555555555556,1,0.2,0.2222222222222222,0.1111111111111111,0.13333333333333333,0.16666666666666666
VEQDPYEIVIKQLERAAQYMEISE,non_amp_negative.csv,0,non_amp,0,24,0.014285714285714285,2,0.0,0.0,0.07142857142857142,0.0,0.041666666666666664
LDVELTVEERNLLSVGYKDSTLIMQLLR,non_amp_negative.csv,0,non_amp,0,28,0.08166666666666667,0,0.1,0.1111111111111111,0.0,0.03571428571428571,0.0
PIFTFASNVPADTITGFFL,non_amp_negative.csv,0,non_amp,0,19,0.11785714285714285,0,0.14285714285714285,0.16666666666666666,0.0,0.05263157894736842,0.10526315789473684
VGCEECPAHCKGKNAIPTCDDGVCNCNV,non_amp_negative.csv,0,non_amp,1,28,0.11597222222222221,2,0.1111111111111111,0.125,0.125,0.10714285714285714,0.07142857142857142
NHQLTQENERLTQK,non_amp_negative.csv,0,non_amp,0,14,0.0,0,0.0,0.0,0.0,0.0,0.0
GYPRKTVDVFTFTN,non_amp_negative.csv,0,non_amp,0,14,0.1925,0,0.2,0.25,0.125,0.07142857142857142,0.07142857142857142
MGQGAVEGQLFYNVQ,non_amp_negative.csv,0,non_amp,0,15,0.335,1,0.4,0.5,0.0,0.2,0.0
YGGFMKSWNERSQKPLLTLFKNVIIKDGQQ,non_amp_negative.csv,0,non_amp,0,30,0.09277777777777778,1,0.1,0.1111111111111111,0.05555555555555555,0.1,0.03333333333333333
SDPEAPGIWFGPRL,non_amp_negative.csv,0,non_amp,0,14,0.24250000000000002,0,0.2,0.25,0.375,0.14285714285714285,0.21428571428571427
MKYFFMGISFMVIVWAGTFALMI,non_amp_negative.csv,0,non_amp,1,23,0.10267857142857142,0,0.125,0.14285714285714285,0.0,0.08695652173913043,0.0
QGRHPPIPPAP,non_amp_negative.csv,0,non_amp,0,11,0.2791666666666667,1,0.25,0.3333333333333333,0.3333333333333333,0.09090909090909091,0.45454545454545453
DEQSGISQTVIVGPWGAKVS,non_amp_negative.csv,0,non_amp,0,20,0.2523809523809524,0,0.2857142857142857,0.3333333333333333,0.08333333333333333,0.15,0.05
VLDELTADR,non_amp_negative.csv,0,non_amp,0,9,0.0,0,0.0,0.0,0.0,0.0,0.0
GPPLLPPLP,non_amp_negative.csv,0,non_amp,0,9,0.39999999999999997,0,0.3333333333333333,0.3333333333333333,0.6666666666666666,0.1111111111111111,0.5555555555555556
EDFDSQCVPTADPGPCKAYIPMWWYNVLS,non_amp_negative.csv,0,non_amp,0,29,0.12611111111111112,1,0.1,0.1111111111111111,0.2222222222222222,0.034482758620689655,0.13793103448275862
SPANSVWS,non_amp_negative.csv,0,non_amp,0,8,0.05,0,0.0,0.0,0.25,0.0,0.125
MMWTKPEVTEMRFGFEVTMYVCNR,non_amp_negative.csv,0,non_amp,0,24,0.11696428571428572,1,0.125,0.14285714285714285,0.07142857142857142,0.041666666666666664,0.041666666666666664
SKSLFYQKQYDNINE,non_amp_negative.csv,0,non_amp,0,15,0.0,0,0.0,0.0,0.0,0.0,0.0
MKIKFSRGARFSATFSFDKYPFLLYEVVR,non_amp_negative.csv,0,non_amp,0,29,0.09277777777777778,1,0.1,0.1111111111111111,0.05555555555555555,0.034482758620689655,0.034482758620689655
EDGSDAVSGEFLAEGGGVR,non_amp_negative.csv,0,non_amp,0,19,0.41500000000000004,2,0.5,0.6,0.0,0.2631578947368421,0.0
TETQSFNFNVFEPEN,non_amp_negative.csv,0,non_amp,0,15,0.025,1,0.0,0.0,0.125,0.0,0.06666666666666667
TDPLWQLPGAHLEQYLS,non_amp_negative.csv,0,non_amp,0,17,0.18000000000000002,2,0.2,0.2,0.1,0.058823529411764705,0.11764705882352941
HSDAIFTDNYSRFRKQMAVKKYLNSVLT,non_amp_negative.csv,0,non_amp,0,28,0.0,0,0.0,0.0,0.0,0.0,0.0
MCICKNGKPLPGFIGKICRKICMMQQTH,non_amp_negative.csv,0,non_amp,1,28,0.19444444444444445,2,0.2222222222222222,0.25,0.0625,0.10714285714285714,0.07142857142857142
MNSVQFKNHHHHHHPD,non_amp_negative.csv,0,non_amp,0,16,0.020000000000000004,0,0.0,0.0,0.1,0.0,0.0625
CCNWPCSFGCIPCCY,non_amp_negative.csv,0,non_amp,1,15,0.1925,2,0.2,0.25,0.125,0.06666666666666667,0.13333333333333333
AWQDLNAGW,non_amp_negative.csv,0,non_amp,0,9,0.21666666666666667,1,0.3333333333333333,0.0,0.0,0.1111111111111111,0.0
QTCCGYRMCVPC,non_amp_negative.csv,0,non_amp,1,12,0.2125,1,0.25,0.3333333333333333,0.0,0.08333333333333333,0.08333333333333333
MWGLNRWLTFTMLILLITSHCCYWNKR,non_amp_negative.csv,0,non_amp,0,27,0.09097222222222222,2,0.1111111111111111,0.125,0.0,0.037037037037037035,0.0
YDKKVDSIILFGVNG,non_amp_negative.csv,0,non_amp,0,15,0.2975,2,0.4,0.25,0.0,0.13333333333333333,0.0
VLADVYNVEPETLR,non_amp_negative.csv,0,non_amp,0,14,0.025,1,0.0,0.0,0.125,0.0,0.07142857142857142
MTIDKNWLNRSNKDPGRSLRFTHQPV,non_amp_negative.csv,0,non_amp,0,26,0.10347222222222222,0,0.1111111111111111,0.125,0.0625,0.038461538461538464,0.07692307692307693
MEPDPTPLPRRRLKLFR,non_amp_negative.csv,0,non_amp,0,17,0.06,0,0.0,0.0,0.3,0.0,0.23529411764705882
GRRCPRIYMECKRDADCLADCVCLQHGICG,non_amp_negative.csv,0,non_amp,1,30,0.15777777777777777,2,0.2,0.1111111111111111,0.05555555555555555,0.1,0.03333333333333333
AAPKATVRWCTISS,non_amp_negative.csv,0,non_amp,0,14,0.025,0,0.0,0.0,0.125,0.0,0.07142857142857142
QWPRPQIPP,non_amp_negative.csv,0,non_amp,0,9,0.13333333333333333,0,0.0,0.0,0.6666666666666666,0.0,0.4444444444444444
GGPSQKQKQHKVNLVNIKVYI,non_amp_negative.csv,0,non_amp,0,21,0.13452380952380952,1,0.14285714285714285,0.16666666666666666,0.08333333333333333,0.09523809523809523,0.047619047619047616
YRRRQCPPWCSGEPCRKGTC,non_amp_negative.csv,0,non_amp,1,20,0.31666666666666665,2,0.3333333333333333,0.3333333333333333,0.25,0.1,0.15
SIKDKICKIIQAQCGKKLPFT,non_amp_negative.csv,0,non_amp,0,21,0.13452380952380952,2,0.14285714285714285,0.16666666666666666,0.08333333333333333,0.047619047619047616,0.047619047619047616
DDKCSIGCKGSATAPTFLNGH,non_amp_negative.csv,0,non_amp,0,21,0.24285714285714285,0,0.2857142857142857,0.2857142857142857,0.07142857142857142,0.14285714285714285,0.047619047619047616
GCCSYPPCFATNSGYC,non_amp_negative.csv,0,non_amp,1,16,0.2,1,0.2,0.2,0.2,0.125,0.125
ADYLRLARA,non_amp_negative.csv,0,non_amp,0,9,0.0,0,0.0,0.0,0.0,0.0,0.0
MQNQRIRIR,non_amp_negative.csv,0,non_amp,0,9,0.0,0,0.0,0.0,0.0,0.0,0.0
SDDDGTVVLTTSGPI,non_amp_negative.csv,0,non_amp,0,15,0.18000000000000002,0,0.2,0.2,0.1,0.13333333333333333,0.06666666666666667
VTVAPRFRRISLASKLCNTLETMTDV,non_amp_negative.csv,0,non_amp,0,26,0.0125,0,0.0,0.0,0.0625,0.0,0.038461538461538464
GKAFDDGAFTGIREINLSINKETAIGD,non_amp_negative.csv,0,non_amp,0,27,0.17777777777777776,0,0.2222222222222222,0.2222222222222222,0.0,0.14814814814814814,0.0
AEIDFSGIPEDIIKEIKETNAKPPA,non_amp_negative.csv,0,non_amp,0,25,0.1284722222222222,0,0.1111111111111111,0.125,0.1875,0.04,0.12
FNALGLSTRDLVALSGAHTIGQAR,non_amp_negative.csv,0,non_amp,0,24,0.10267857142857142,1,0.125,0.14285714285714285,0.0,0.125,0.0
DEAVVHDSYAFDKNQLIPVGARAE,non_amp_negative.csv,0,non_amp,0,24,0.11696428571428572,1,0.125,0.14285714285714285,0.07142857142857142,0.041666666666666664,0.041666666666666664
AVVFDPQPALWAEADTQLEP,non_amp_negative.csv,0,non_amp,0,20,0.03333333333333333,0,0.0,0.0,0.16666666666666666,0.0,0.15
DMYSDNLGLCDN,non_amp_negative.csv,0,non_amp,0,12,0.2125,1,0.25,0.3333333333333333,0.0,0.08333333333333333,0.0
DDCTTYCYGVHCCPPAFKCAASGCVRNN,non_amp_negative.csv,0,non_amp,1,28,0.10347222222222222,2,0.1111111111111111,0.125,0.0625,0.07142857142857142,0.07142857142857142
FDAFTTGF,non_amp_negative.csv,0,non_amp,0,8,0.21666666666666667,0,0.3333333333333333,0.0,0.0,0.125,0.0
IEPERQEEEEEETRQRVRRGQVRQQQQ,non_amp_negative.csv,0,non_amp,0,27,0.10347222222222222,1,0.1111111111111111,0.125,0.0625,0.037037037037037035,0.037037037037037035
QHWSDYFKPG,non_amp_negative.csv,0,non_amp,0,10,0.19583333333333333,0,0.25,0.0,0.16666666666666666,0.1,0.1
SEKITVFQKNFQVTENSSHFV,non_amp_negative.csv,0,non_amp,0,21,0.0,0,0.0,0.0,0.0,0.0,0.0
SEINGDWNTIALSAD,non_amp_negative.csv,0,non_amp,0,15,0.1675,1,0.2,0.25,0.0,0.06666666666666667,0.0
MIFNDLIGNNNIGD,non_amp_negative.csv,0,non_amp,0,14,0.1675,1,0.2,0.25,0.0,0.14285714285714285,0.0
ADGQYSQLQD,non_amp_negative.csv,0,non_amp,0,10,0.2916666666666667,2,0.3333333333333333,0.5,0.0,0.1,0.0
ANNAGARKAIRKIEARTEVN,non_amp_negative.csv,0,non_amp,0,20,0.11785714285714285,1,0.14285714285714285,0.16666666666666666,0.0,0.05,0.0
MIKSELVQIVAARNPHLYHRDVENIVNAFL,non_amp_negative.csv,0,non_amp,0,30,0.011111111111111112,1,0.0,0.0,0.05555555555555555,0.0,0.03333333333333333
QGGAGWPPIPP,non_amp_negative.csv,0,non_amp,0,11,0.49166666666666664,1,0.5,0.6666666666666666,0.3333333333333333,0.2727272727272727,0.36363636363636365
IEHNAEEIRKTAIRTAVQNTAQQTK,non_amp_negative.csv,0,non_amp,0,25,0.0,0,0.0,0.0,0.0,0.0,0.0
MGNISPLTGTNGEIR,non_amp_negative.csv,0,non_amp,0,15,0.335,2,0.4,0.5,0.0,0.2,0.06666666666666667
ESLPLAAFHQVDVYTAK,non_amp_negative.csv,0,non_amp,0,17,0.020000000000000004,1,0.0,0.0,0.1,0.0,0.058823529411764705
MIREPRIREPRSLA,non_amp_negative.csv,0,non_amp,0,14,0.05,2,0.0,0.0,0.25,0.0,0.14285714285714285
MRNISLTTTIITTTDTTGNGAG,non_amp_negative.csv,0,non_amp,0,22,0.11785714285714285,2,0.14285714285714285,0.16666666666666666,0.0,0.13636363636363635,0.0
EQLIELVGPWKTVYIVHFNGET,non_amp_negative.csv,0,non_amp,0,22,0.24285714285714285,1,0.2857142857142857,0.2857142857142857,0.07142857142857142,0.09090909090909091,0.045454545454545456
VTVYDAEGTKVQIDGSLRVEL,non_amp_negative.csv,0,non_amp,0,21,0.11785714285714285,1,0.14285714285714285,0.16666666666666666,0.0,0.09523809523809523,0.0
VEWTDAERKAIASL,non_amp_negative.csv,0,non_amp,0,14,0.0,0,0.0,0.0,0.0,0.0,0.0
MSKGYVWVVDDDSSIRWVMEKTSPLPT,non_amp_negative.csv,0,non_amp,0,27,0.1111111111111111,0,0.1111111111111111,0.1111111111111111,0.1111111111111111,0.037037037037037035,0.07407407407407407
VAIRIIWSDIQD,non_amp_negative.csv,0,non_amp,0,12,0.0,0,0.0,0.0,0.0,0.0,0.0
FDESFGFQGPSTYEKTPLGEPA,non_amp_negative.csv,0,non_amp,0,22,0.26904761904761904,2,0.2857142857142857,0.3333333333333333,0.16666666666666666,0.13636363636363635,0.13636363636363635
LKCNKLVPLFYKTCPAGKNLCYKMFMVSNK,non_amp_negative.csv,0,non_amp,1,30,0.09277777777777778,1,0.1,0.1111111111111111,0.05555555555555555,0.03333333333333333,0.06666666666666667
GKCGEINGSCDECYGGSVTCDCY,non_amp_negative.csv,0,non_amp,1,23,0.3080357142857143,0,0.375,0.42857142857142855,0.0,0.21739130434782608,0.0
GCMKEYCAGQCRGKVSQDYCLKHCKCIPR,non_amp_negative.csv,0,non_amp,1,29,0.16333333333333333,0,0.2,0.2222222222222222,0.0,0.10344827586206896,0.034482758620689655
ARQLNPSDQELQSPQQLYPQQPYPQQPY,non_amp_negative.csv,0,non_amp,0,28,0.05555555555555556,1,0.0,0.0,0.2777777777777778,0.0,0.21428571428571427
NAIPGNYYRWPYAKVPYVID,non_amp_negative.csv,0,non_amp,0,20,0.15119047619047618,1,0.14285714285714285,0.16666666666666666,0.16666666666666666,0.05,0.15
GRREDDYDNLQL,non_amp_negative.csv,0,non_amp,0,12,0.2,0,0.25,0.25,0.0,0.08333333333333333,0.0
NPVLPCPVGSLYK,non_amp_negative.csv,0,non_amp,0,13,0.2791666666666667,2,0.25,0.3333333333333333,0.3333333333333333,0.07692307692307693,0.23076923076923078
QYVKDPDKQVVARIFLDLQLVQR,non_amp_negative.csv,0,non_amp,0,23,0.014285714285714285,0,0.0,0.0,0.07142857142857142,0.0,0.043478260869565216
FTPEDFISAPRRGEAIPDPKGELAVF,non_amp_negative.csv,0,non_amp,0,26,0.1375,2,0.125,0.125,0.1875,0.07692307692307693,0.15384615384615385
VVSLSIPR,non_amp_negative.csv,0,non_amp,0,8,0.05,1,0.0,0.0,0.25,0.0,0.125
TFVSSQVSGPR,non_amp_negative.csv,0,non_amp,0,11,0.3,2,0.3333333333333333,0.3333333333333333,0.16666666666666666,0.09090909090909091,0.09090909090909091
SDYLQLAR,non_amp_negative.csv,0,non_amp,0,8,0.0,0,0.0,0.0,0.0,0.0,0.0
MKTKAAVLFETHKPFEIVELEL,non_amp_negative.csv,0,non_amp,0,22,0.016666666666666666,2,0.0,0.0,0.08333333333333333,0.0,0.045454545454545456
MNLNAYFEAYQAIFPFLLEAFLRKEQKV,non_amp_negative.csv,0,non_amp,0,28,0.011111111111111112,0,0.0,0.0,0.05555555555555555,0.0,0.03571428571428571
KRRPPGFTPFR,non_amp_negative.csv,0,non_amp,0,11,0.3333333333333333,2,0.3333333333333333,0.3333333333333333,0.3333333333333333,0.09090909090909091,0.2727272727272727
MTDAQVFTILAIALVPAVMAALLGSALARS,non_amp_negative.csv,0,non_amp,0,30,0.09277777777777778,2,0.1,0.1111111111111111,0.05555555555555555,0.03333333333333333,0.03333333333333333
NSEDGSPYPGPGQQPNCCKWPIVTCCNR,non_amp_negative.csv,0,non_amp,1,28,0.13333333333333333,1,0.1111111111111111,0.1111111111111111,0.2222222222222222,0.10714285714285714,0.17857142857142858
MTLRHYFFLQDYKRNVENLPFYKNQATLQ,non_amp_negative.csv,0,non_amp,0,29,0.011111111111111112,0,0.0,0.0,0.05555555555555555,0.0,0.034482758620689655
EAAGLLAFPRV,non_amp_negative.csv,0,non_amp,0,11,0.24583333333333332,0,0.25,0.3333333333333333,0.16666666666666666,0.09090909090909091,0.09090909090909091
AKAGVNKPELLP,non_amp_negative.csv,0,non_amp,0,12,0.25,0,0.25,0.25,0.25,0.08333333333333333,0.16666666666666666
FVPIFTHSELQKIREKERNKGQ,non_amp_negative.csv,0,non_amp,0,22,0.09285714285714286,2,0.14285714285714285,0.0,0.0,0.045454545454545456,0.045454545454545456
SGLQFAVLDGQGFLPFSRV,non_amp_negative.csv,0,non_amp,0,19,0.15,1,0.16666666666666666,0.16666666666666666,0.08333333333333333,0.15789473684210525,0.05263157894736842
NNYCKIKCRSGIHTLCKYGTSSKP,non_amp_negative.csv,0,non_amp,1,24,0.1125,0,0.125,0.125,0.0625,0.08333333333333333,0.041666666666666664
ARQRLTNIKL,non_amp_negative.csv,0,non_amp,0,10,0.0,0,0.0,0.0,0.0,0.0,0.0
MAPPRTSTS,non_amp_negative.csv,0,non_amp,0,9,0.1,1,0.0,0.0,0.5,0.0,0.2222222222222222
AQLQNPVGYELQHK,non_amp_negative.csv,0,non_amp,0,14,0.1925,1,0.2,0.25,0.125,0.07142857142857142,0.07142857142857142
RHHRKRIGHTVKQLAKLVKHIHEY,non_amp_negative.csv,0,non_amp,1,24,0.10267857142857142,1,0.125,0.14285714285714285,0.0,0.041666666666666664,0.0
NVDFNSESTRRKKKQNEIVDLHNSLRRTVN,non_amp_negative.csv,0,non_amp,0,30,0.0,0,0.0,0.0,0.0,0.0,0.0
RQQPFVPRL,non_amp_negative.csv,0,non_amp,0,9,0.1,1,0.0,0.0,0.5,0.0,0.2222222222222222
VLYQAVNVFSMDVIDVNSAAPKTCD,non_amp_negative.csv,0,non_amp,0,25,0.0125,0,0.0,0.0,0.0625,0.0,0.04
ELVTLSGAHTIGQAR,non_amp_negative.csv,0,non_amp,0,15,0.1675,2,0.2,0.25,0.0,0.13333333333333333,0.0
LTCLTKMVECIQLPLDVEDSSDTLCC,non_amp_negative.csv,0,non_amp,1,26,0.0125,0,0.0,0.0,0.0625,0.0,0.038461538461538464
GRGGASNYVRL,non_amp_negative.csv,0,non_amp,0,11,0.425,0,0.5,0.6666666666666666,0.0,0.2727272727272727,0.0
SGQYSFGL,non_amp_negative.csv,0,non_amp,0,8,0.2916666666666667,1,0.3333333333333333,0.5,0.0,0.25,0.0
SGGGNVIMNQMNKRNHAKD,non_amp_negative.csv,0,non_amp,0,19,0.13833333333333334,2,0.16666666666666666,0.2,0.0,0.15789473684210525,0.0
KPCCSIHDNSCCGI,non_amp_negative.csv,0,non_amp,1,14,0.155,0,0.2,0.0,0.125,0.07142857142857142,0.07142857142857142
AFVQEPLPY,non_amp_negative.csv,0,non_amp,0,9,0.06666666666666667,0,0.0,0.0,0.3333333333333333,0.0,0.2222222222222222
RDCCTPPKKCKDRRCKPLKCCA,non_amp_negative.csv,0,non_amp,1,22,0.03333333333333333,2,0.0,0.0,0.16666666666666666,0.0,0.13636363636363635
GWTLNSAGYLLGPHAVDNHRSFNDKHGFT,non_amp_negative.csv,0,non_amp,0,29,0.18888888888888886,2,0.2222222222222222,0.2222222222222222,0.05555555555555555,0.13793103448275862,0.034482758620689655
AAVPEAAAEATAEAAPVSEF,non_amp_negative.csv,0,non_amp,0,20,0.03333333333333333,1,0.0,0.0,0.16666666666666666,0.0,0.1
EPPPWVPV,non_amp_negative.csv,0,non_amp,0,8,0.15000000000000002,1,0.0,0.0,0.75,0.0,0.5
CIIRNCPRG,non_amp_negative.csv,0,non_amp,0,9,0.26666666666666666,2,0.3333333333333333,0.0,0.25,0.1111111111111111,0.1111111111111111
SGGGKEAAETFNRVESHPRPDA,non_amp_negative.csv,0,non_amp,0,22,0.13452380952380952,2,0.14285714285714285,0.16666666666666666,0.08333333333333333,0.13636363636363635,0.09090909090909091
CHYIFNTC,non_amp_negative.csv,0,non_amp,0,8,0.0,0,0.0,0.0,0.0,0.0,0.0
AGPVSKLVSGIGL,non_amp_negative.csv,0,non_amp,0,13,0.225,1,0.25,0.25,0.125,0.23076923076923078,0.07692307692307693
VKIGTYELLKGDFSV,non_amp_negative.csv,0,non_amp,0,15,0.1675,1,0.2,0.25,0.0,0.13333333333333333,0.0
QLTFTPNWGT,non_amp_negative.csv,0,non_amp,0,10,0.21666666666666667,2,0.3333333333333333,0.0,0.0,0.1,0.1
MSAWMSAGFS,non_amp_negative.csv,0,non_amp,0,10,0.26666666666666666,1,0.3333333333333333,0.3333333333333333,0.0,0.1,0.0
CCSRHCWVCIPCCPN,non_amp_negative.csv,0,non_amp,1,15,0.05,2,0.0,0.0,0.25,0.0,0.13333333333333333
QDPYVDFLK,non_amp_negative.csv,0,non_amp,0,9,0.05,1,0.0,0.0,0.25,0.0,0.1111111111111111
VEVATVKNCGKKLLATPR,non_amp_negative.csv,0,non_amp,0,18,0.15,0,0.16666666666666666,0.16666666666666666,0.08333333333333333,0.05555555555555555,0.05555555555555555
AEVFKSEEGSVDFYGQLRPA,non_amp_negative.csv,0,non_amp,0,20,0.2833333333333333,2,0.3333333333333333,0.3333333333333333,0.08333333333333333,0.1,0.05
MNFKYIKKDG,non_amp_negative.csv,0,non_amp,0,10,0.1625,0,0.25,0.0,0.0,0.1,0.0
MSILPVIFLPIFFYSSFVQTFNASECIDKG,non_amp_negative.csv,0,non_amp,0,30,0.08722222222222223,2,0.1,0.0,0.1111111111111111,0.03333333333333333,0.06666666666666667
DCCYGRVNGCNPKMADKNYE,non_amp_negative.csv,0,non_amp,1,20,0.13452380952380952,1,0.14285714285714285,0.16666666666666666,0.08333333333333333,0.1,0.05
VILLDKIANLGNLGDQVSV,non_amp_negative.csv,0,non_amp,0,19,0.26666666666666666,1,0.3333333333333333,0.3333333333333333,0.0,0.10526315789473684,0.0
PFNVGGLDKFGTLN,non_amp_negative.csv,0,non_amp,0,14,0.335,1,0.4,0.5,0.0,0.21428571428571427,0.07142857142857142
KEGYIVNYHTGCKYTCAKLGDNDYCLRECK,non_amp_negative.csv,0,non_amp,1,30,0.16333333333333333,1,0.2,0.2222222222222222,0.0,0.1,0.0
KEGYLLGSRG,non_amp_negative.csv,0,non_amp,0,10,0.375,0,0.5,0.3333333333333333,0.0,0.3,0.0
VHWSAEEKQL,non_amp_negative.csv,0,non_amp,0,10,0.0,0,0.0,0.0,0.0,0.0,0.0
ENFSGGCIPGYMRTADGRCKPTY,non_amp_negative.csv,0,non_amp,0,23,0.23392857142857143,1,0.25,0.2857142857142857,0.14285714285714285,0.17391304347826086,0.08695652173913043
SGLLMNFGEQHVNVAQ,non_amp_negative.csv,0,non_amp,0,16,0.32,1,0.4,0.4,0.0,0.125,0.0
GSTGLIPFGRT,non_amp_negative.csv,0,non_amp,0,11,0.425,0,0.5,0.6666666666666666,0.0,0.2727272727272727,0.09090909090909091
QDSGDGWPQQPFVPRL,non_amp_negative.csv,0,non_amp,0,16,0.24250000000000002,2,0.2,0.25,0.375,0.125,0.1875
AELTSCFPVG,non_amp_negative.csv,0,non_amp,0,10,0.19583333333333333,0,0.25,0.0,0.16666666666666666,0.1,0.1
FINTIRLLINKYREWKNKKDS,non_amp_negative.csv,0,non_amp,0,21,0.0,0,0.0,0.0,0.0,0.0,0.0
RGSNLTSLPLQNVIDLFYVGNITIG,non_amp_negative.csv,0,non_amp,0,25,0.21250000000000002,1,0.25,0.25,0.0625,0.12,0.04
KKMKDTDSEEEIREAFRVFDKDGNGFI,non_amp_negative.csv,0,non_amp,0,27,0.09097222222222222,1,0.1111111111111111,0.125,0.0,0.07407407407407407,0.0
IVVRDNNVEQALRALKKKMQREGL,non_amp_negative.csv,0,non_amp,0,24,0.08125,1,0.125,0.0,0.0,0.041666666666666664,0.0
VSAKPARTPT,non_amp_negative.csv,0,non_amp,0,10,0.06666666666666667,0,0.0,0.0,0.3333333333333333,0.0,0.2
GEDEYAEGIREYQLIHGKI,non_amp_negative.csv,0,non_amp,0,19,0.26666666666666666,1,0.3333333333333333,0.3333333333333333,0.0,0.15789473684210525,0.0
SFKKGLFLGTILGGA,non_amp_negative.csv,0,non_amp,0,15,0.2975,1,0.4,0.25,0.0,0.26666666666666666,0.0
KVFFEERFEDGWENRWVKKD,non_amp_negative.csv,0,non_amp,0,20,0.11785714285714285,1,0.14285714285714285,0.16666666666666666,0.0,0.05,0.0
DQGTACTGEHAHSFCLNGGTCRHIQQLGE,non_amp_negative.csv,0,non_amp,1,29,0.17777777777777776,2,0.2222222222222222,0.2222222222222222,0.0,0.1724137931034483,0.0
GQNFTSDKDLYTDSR,non_amp_negative.csv,0,non_amp,0,15,0.16,0,0.2,0.2,0.0,0.06666666666666667,0.0
CYFNNCPVG,non_amp_negative.csv,0,non_amp,0,9,0.26666666666666666,2,0.3333333333333333,0.0,0.25,0.1111111111111111,0.1111111111111111
NPLFGIAGEDGPTGPSGIVGQ,non_amp_negative.csv,0,non_amp,0,21,0.7154761904761905,1,0.8571428571428571,0.8333333333333334,0.16666666666666666,0.2857142857142857,0.14285714285714285
QWPRPTPQIPP,non_amp_negative.csv,0,non_amp,0,11,0.13333333333333333,2,0.0,0.0,0.6666666666666666,0.0,0.45454545454545453
VVDIVDTFRNNIQGATK,non_amp_negative.csv,0,non_amp,0,17,0.13833333333333334,1,0.16666666666666666,0.2,0.0,0.058823529411764705,0.0
MAWKTPRYDETPVGMEINMYACAKRK,non_amp_negative.csv,0,non_amp,0,26,0.11597222222222221,1,0.1111111111111111,0.125,0.125,0.038461538461538464,0.07692307692307693
AVAVGDRILFGKWSGTEV,non_amp_negative.csv,0,non_amp,0,18,0.27666666666666667,1,0.3333333333333333,0.4,0.0,0.16666666666666666,0.0
QNAHPSPK,non_amp_negative.csv,0,non_amp,0,8,0.1,2,0.0,0.0,0.5,0.0,0.25
FLPIIAKLVSGLL,non_amp_negative.csv,0,non_amp,0,13,0.225,1,0.25,0.25,0.125,0.07692307692307693,0.07692307692307693
SGGGDGSGMWFGPRL,non_amp_negative.csv,0,non_amp,0,15,0.5275000000000001,2,0.6,0.75,0.125,0.4,0.06666666666666667
VGCEEDPMHCKGKQAKPTCCNGVCNCNV,non_amp_negative.csv,0,non_amp,1,28,0.11597222222222221,2,0.1111111111111111,0.125,0.125,0.10714285714285714,0.07142857142857142
FGTAAVFWVLIPVGLLGGAILLKL,non_amp_negative.csv,0,non_amp,1,24,0.3223214285714286,1,0.375,0.42857142857142855,0.07142857142857142,0.16666666666666666,0.041666666666666664
MKIADQFHDELCRLAAINFEAHVLHG,non_amp_negative.csv,0,non_amp,0,26,0.07222222222222222,1,0.1111111111111111,0.0,0.0,0.038461538461538464,0.0
EYPVVFVKGLFPGKG,non_amp_negative.csv,0,non_amp,0,15,0.2975,2,0.4,0.25,0.0,0.2,0.13333333333333333
KAWFVLSMRAVGGLFVDLWTSVAKTVKGWL,non_amp_negative.csv,0,non_amp,0,30,0.16,0,0.2,0.2,0.0,0.1,0.0
VSTLLPVVAAEEPA,non_amp_negative.csv,0,non_amp,0,14,0.05,1,0.0,0.0,0.25,0.0,0.14285714285714285
QHYSLEWKPG,non_amp_negative.csv,0,non_amp,0,10,0.19583333333333333,0,0.25,0.0,0.16666666666666666,0.1,0.1
ACVPVYEECGTPKKRCCEERPCK,non_amp_negative.csv,0,non_amp,1,23,0.13125,0,0.125,0.14285714285714285,0.14285714285714285,0.043478260869565216,0.13043478260869565
ARSDNFVRL,non_amp_negative.csv,0,non_amp,0,9,0.0,0,0.0,0.0,0.0,0.0,0.0
MDIVSLAWASLMVVFTFSLSLVVWGRSGL,non_amp_negative.csv,0,non_amp,0,29,0.14666666666666667,0,0.2,0.1111111111111111,0.0,0.06896551724137931,0.0
DPPFAPRM,non_amp_negative.csv,0,non_amp,0,8,0.15000000000000002,0,0.0,0.0,0.75,0.0,0.375
GSSGMIPFPRV,non_amp_negative.csv,0,non_amp,0,11,0.4583333333333333,0,0.5,0.6666666666666666,0.16666666666666666,0.18181818181818182,0.18181818181818182
VIEVVYLRTPFSAGNATT,non_amp_negative.csv,0,non_amp,0,18,0.15833333333333335,1,0.16666666666666666,0.2,0.1,0.05555555555555555,0.05555555555555555
VGVCCGYKLCHPC,non_amp_negative.csv,0,non_amp,1,13,0.225,1,0.25,0.25,0.125,0.15384615384615385,0.07692307692307693
HSQGTFTSDYSKYLDSRRAQDFVQWLMST,non_amp_negative.csv,0,non_amp,0,29,0.08166666666666667,0,0.1,0.1111111111111111,0.0,0.034482758620689655,0.0
TRSGGACNSHDQCCINFCRKATSTCM,non_amp_negative.csv,0,non_amp,1,26,0.09097222222222222,0,0.1111111111111111,0.125,0.0,0.07692307692307693,0.0
MKVTFQGNEVTLQGKEVKVG,non_amp_negative.csv,0,non_amp,0,20,0.21071428571428572,1,0.2857142857142857,0.16666666666666666,0.0,0.15,0.0
SVVAAYMV,non_amp_negative.csv,0,non_amp,1,8,0.0,0,0.0,0.0,0.0,0.0,0.0
QESGEVIIEIPR,non_amp_negative.csv,0,non_amp,0,12,0.225,0,0.25,0.25,0.125,0.08333333333333333,0.08333333333333333
MKRIGVLTSGGDSPGMNAAIRAVVR,non_amp_negative.csv,0,non_amp,0,25,0.2,1,0.25,0.25,0.0,0.16,0.04
MRSYEMNIETAEELSAVNDILASIGEPPVS,non_amp_negative.csv,0,non_amp,0,30,0.09000000000000001,0,0.1,0.1,0.05,0.03333333333333333,0.06666666666666667
LGAEISSLTLEEAR,non_amp_negative.csv,0,non_amp,0,14,0.1675,1,0.2,0.25,0.0,0.07142857142857142,0.0
MKPALRDFIAIVQERLASVTA,non_amp_negative.csv,0,non_amp,0,21,0.016666666666666666,1,0.0,0.0,0.08333333333333333,0.0,0.047619047619047616
AYGESANVFGAP,non_amp_negative.csv,0,non_amp,0,12,0.225,0,0.25,0.25,0.125,0.16666666666666666,0.08333333333333333
FVNTIRLLINKAREWNNKQSS,non_amp_negative.csv,0,non_amp,0,21,0.0,0,0.0,0.0,0.0,0.0,0.0
GCMPEYCAGQCRGKVSQDYCLKNCRCIR,non_amp_negative.csv,0,non_amp,1,28,0.16333333333333333,0,0.2,0.2222222222222222,0.0,0.10714285714285714,0.03571428571428571
MNQKHLLRFIKKSYQVDADRVVYSTK,non_amp_negative.csv,0,non_amp,0,26,0.0,0,0.0,0.0,0.0,0.0,0.0
SINNTGGSGNRRLDKNGFAGQ,non_amp_negative.csv,0,non_amp,0,21,0.2357142857142857,2,0.2857142857142857,0.3333333333333333,0.0,0.23809523809523808,0.0
VPGGDECNINEHRSL,non_amp_negative.csv,0,non_amp,0,15,0.18000000000000002,0,0.2,0.2,0.1,0.13333333333333333,0.06666666666666667
HSDGTFTSELSRLRDSARLQRLLQGLV,non_amp_negative.csv,0,non_amp,0,27,0.17777777777777776,0,0.2222222222222222,0.2222222222222222,0.0,0.07407407407407407,0.0
KPRPQQFIGLM,non_amp_negative.csv,0,non_amp,0,11,0.3,2,0.3333333333333333,0.3333333333333333,0.16666666666666666,0.09090909090909091,0.18181818181818182
SVQDNFIRF,non_amp_negative.csv,0,non_amp,0,9,0.0,0,0.0,0.0,0.0,0.0,0.0
QKTLIFGHKNPDTDTI,non_amp_negative.csv,0,non_amp,0,16,0.15833333333333335,0,0.16666666666666666,0.2,0.1,0.0625,0.0625
LENGLLRKPPMG,non_amp_negative.csv,0,non_amp,0,12,0.225,0,0.25,0.25,0.125,0.16666666666666666,0.16666666666666666
LEIADLAQYVVDLTAR,non_amp_negative.csv,0,non_amp,0,16,0.0,0,0.0,0.0,0.0,0.0,0.0
APSSMGFMGMR,non_amp_negative.csv,0,non_amp,0,11,0.5333333333333333,2,0.6666666666666666,0.6666666666666666,0.0,0.18181818181818182,0.09090909090909091
HEDNAGIAVYWGQDAREGDLVTACN,non_amp_negative.csv,0,non_amp,0,25,0.3080357142857143,2,0.375,0.42857142857142855,0.0,0.12,0.0
GGISIWQLLIIALIVILLFGTKKLRSLG,non_amp_negative.csv,0,non_amp,0,28,0.17777777777777776,1,0.2222222222222222,0.2222222222222222,0.0,0.14285714285714285,0.0
GSPGLIPFGRS,non_amp_negative.csv,0,non_amp,0,11,0.4583333333333333,0,0.5,0.6666666666666666,0.16666666666666666,0.2727272727272727,0.18181818181818182
MYAVKIDGRLPIEVTELL,non_amp_negative.csv,0,non_amp,0,18,0.13833333333333334,1,0.16666666666666666,0.2,0.0,0.05555555555555555,0.05555555555555555
SENTGAIGKVFPRGNHWAVGHLM,non_amp_negative.csv,0,non_amp,0,23,0.425,1,0.5,0.5714285714285714,0.07142857142857142,0.17391304347826086,0.043478260869565216
QAIVSKARRPYIL,non_amp_negative.csv,0,non_amp,0,13,0.03333333333333333,2,0.0,0.0,0.16666666666666666,0.0,0.07692307692307693
ADTGDGDFITEGGGVR,non_amp_negative.csv,0,non_amp,0,16,0.335,2,0.4,0.5,0.0,0.3125,0.0
MPGLDSPAAVRRAAMDLLAR,non_amp_negative.csv,0,non_amp,0,20,0.15,2,0.16666666666666666,0.16666666666666666,0.08333333333333333,0.05,0.1
CYIQSCPIG,non_amp_negative.csv,0,non_amp,0,9,0.26666666666666666,2,0.3333333333333333,0.0,0.25,0.1111111111111111,0.1111111111111111
PAKQVAFAEHAREKMLRGVNVLA,non_amp_negative.csv,0,non_amp,0,23,0.11428571428571428,2,0.14285714285714285,0.14285714285714285,0.0,0.043478260869565216,0.043478260869565216
INKYREWKNKKN,non_amp_negative.csv,0,non_amp,0,12,0.0,0,0.0,0.0,0.0,0.0,0.0
MAPRGFSCLLLSTSEIDLPVKRRA,non_amp_negative.csv,0,non_amp,0,24,0.13125,1,0.125,0.14285714285714285,0.14285714285714285,0.041666666666666664,0.08333333333333333
KDGYLVGTDGCKYGCFTRPGHFCANEECL,non_amp_negative.csv,0,non_amp,1,29,0.17444444444444443,1,0.2,0.2222222222222222,0.05555555555555555,0.1724137931034483,0.034482758620689655
MKLCWQKSIHGS,non_amp_negative.csv,0,non_amp,0,12,0.1625,1,0.25,0.0,0.0,0.08333333333333333,0.0
MPGKVQDFFLCSLLLRIVSAGWCD,non_amp_negative.csv,0,non_amp,0,24,0.20535714285714285,2,0.25,0.2857142857142857,0.0,0.08333333333333333,0.041666666666666664
QHWSHDWKPG,non_amp_negative.csv,0,non_amp,0,10,0.19583333333333333,0,0.25,0.0,0.16666666666666666,0.1,0.1
ADTGEGDFLAEGGGVR,non_amp_negative.csv,0,non_amp,0,16,0.335,2,0.4,0.5,0.0,0.3125,0.0
AYELPELPYAYDA,non_amp_negative.csv,0,non_amp,0,13,0.06666666666666667,2,0.0,0.0,0.3333333333333333,0.0,0.15384615384615385
GGETGSDAKAMWFGPRL,non_amp_negative.csv,0,non_amp,0,17,0.43500000000000005,1,0.5,0.6,0.1,0.23529411764705882,0.058823529411764705
DDCTTYCYGVHCCPPAFKCAASPSCKQT,non_amp_negative.csv,0,non_amp,1,28,0.11597222222222221,2,0.1111111111111111,0.125,0.125,0.03571428571428571,0.10714285714285714
LPPCCTPPKKHCPAPACKYKPCCKS,non_amp_negative.csv,0,non_amp,1,25,0.0625,0,0.0,0.0,0.3125,0.0,0.28
GGNTECFWKYCV,non_amp_negative.csv,0,non_amp,0,12,0.2125,1,0.25,0.3333333333333333,0.0,0.16666666666666666,0.0
MTRVQFKQHHHHHHPD,non_amp_negative.csv,0,non_amp,0,16,0.020000000000000004,0,0.0,0.0,0.1,0.0,0.0625
YQKSSPGSNITT,non_amp_negative.csv,0,non_amp,0,12,0.225,0,0.25,0.25,0.125,0.08333333333333333,0.08333333333333333
DISVVGGTGDFLMAR,non_amp_negative.csv,0,non_amp,0,15,0.335,2,0.4,0.5,0.0,0.2,0.0
FAQLLNDLK,non_amp_negative.csv,0,non_amp,0,9,0.0,0,0.0,0.0,0.0,0.0,0.0
SHDVNINIQFGFENPQQVVD,non_amp_negative.csv,0,non_amp,0,20,0.13452380952380952,1,0.14285714285714285,0.16666666666666666,0.08333333333333333,0.05,0.05
MALNLQDKQAIVAEVSEVAKGAL,non_amp_negative.csv,0,non_amp,0,23,0.11428571428571428,2,0.14285714285714285,0.14285714285714285,0.0,0.043478260869565216,0.0
GLRDFNVAVRASNGKYWTRRPESGTLV,non_amp_negative.csv,0,non_amp,0,27,0.10347222222222222,1,0.1111111111111111,0.125,0.0625,0.1111111111111111,0.037037037037037035
GLGNNAFLGVR,non_amp_negative.csv,0,non_amp,0,11,0.5333333333333333,2,0.6666666666666666,0.6666666666666666,0.0,0.2727272727272727,0.0
ADEGFSATVRNGAV,non_amp_negative.csv,0,non_amp,0,14,0.2,2,0.25,0.25,0.0,0.14285714285714285,0.0
SMIRGPRAAFGTLIGQ,non_amp_negative.csv,0,non_amp,0,16,0.34,1,0.4,0.4,0.1,0.1875,0.0625
ENGQLDGVIDPK,non_amp_negative.csv,0,non_amp,0,12,0.24583333333333332,2,0.25,0.3333333333333333,0.16666666666666666,0.16666666666666666,0.08333333333333333
LYSLLTEK,non_amp_negative.csv,0,non_amp,0,8,0.0,0,0.0,0.0,0.0,0.0,0.0
SDYLQLART,non_amp_negative.csv,0,non_amp,0,9,0.0,0,0.0,0.0,0.0,0.0,0.0
VVGGEVARAHSWPWQISLQY,non_amp_negative.csv,0,non_amp,0,20,0.15,2,0.16666666666666666,0.16666666666666666,0.08333333333333333,0.1,0.05
TDVLGLPAK,non_amp_negative.csv,0,non_amp,0,9,0.3416666666666667,1,0.3333333333333333,0.5,0.25,0.1111111111111111,0.1111111111111111
NTEAFFGQGTRLTVV,non_amp_negative.csv,0,non_amp,0,15,0.1675,2,0.2,0.25,0.0,0.13333333333333333,0.0
DITEVIAAGR,non_amp_negative.csv,0,non_amp,0,10,0.21666666666666667,2,0.3333333333333333,0.0,0.0,0.1,0.0
LGSLDEYAR,non_amp_negative.csv,0,non_amp,0,9,0.2916666666666667,1,0.3333333333333333,0.5,0.0,0.1111111111111111,0.0
SPALDDEHNDNFLRF,non_amp_negative.csv,0,non_amp,0,15,0.020000000000000004,0,0.0,0.0,0.1,0.0,0.06666666666666667
EDPVRFNLG,non_amp_negative.csv,0,non_amp,0,9,0.21666666666666667,2,0.3333333333333333,0.0,0.0,0.1111111111111111,0.1111111111111111
KQFTKCELSQVLKDMDGYGGIALP,non_amp_negative.csv,0,non_amp,0,24,0.20535714285714285,1,0.25,0.2857142857142857,0.0,0.125,0.041666666666666664
AGGADNFMRF,non_amp_negative.csv,0,non_amp,0,10,0.2916666666666667,2,0.3333333333333333,0.5,0.0,0.2,0.0
GHADNFMRF,non_amp_negative.csv,0,non_amp,0,9,0.26666666666666666,0,0.3333333333333333,0.3333333333333333,0.0,0.1111111111111111,0.0
MKFLCWQKSIHGS,non_amp_negative.csv,0,non_amp,0,13,0.1625,2,0.25,0.0,0.0,0.07692307692307693,0.0
TYNNNLIR,non_amp_negative.csv,0,non_amp,0,8,0.0,0,0.0,0.0,0.0,0.0,0.0
HDVYGGDYRITGDDGHS,non_amp_negative.csv,0,non_amp,0,17,0.48,2,0.6,0.6,0.0,0.23529411764705882,0.0
FFTTFDKDNDDQQNDN,non_amp_negative.csv,0,non_amp,0,16,0.0,0,0.0,0.0,0.0,0.0,0.0
GYGFLTTDD,non_amp_negative.csv,0,non_amp,0,9,0.2916666666666667,2,0.3333333333333333,0.5,0.0,0.2222222222222222,0.0
QARPPHPPIPPAP,non_amp_negative.csv,0,non_amp,0,13,0.2,2,0.0,0.0,1.0,0.0,0.5384615384615384
FLNPFRWVINKYREWKNKKDS,non_amp_negative.csv,0,non_amp,0,21,0.016666666666666666,1,0.0,0.0,0.08333333333333333,0.0,0.047619047619047616
APKNIVLFGATGMTGQVTLGQALE,non_amp_negative.csv,0,non_amp,0,24,0.3080357142857143,2,0.375,0.42857142857142855,0.0,0.16666666666666666,0.041666666666666664
KPEEDWGHR,non_amp_negative.csv,0,non_amp,0,9,0.3,0,0.3333333333333333,0.3333333333333333,0.16666666666666666,0.1111111111111111,0.1111111111111111
HDRPKFCYLPADPGECLAHMRSF,non_amp_negative.csv,0,non_amp,0,23,0.1455357142857143,1,0.125,0.14285714285714285,0.21428571428571427,0.043478260869565216,0.13043478260869565
YLGPTADSTMDQTFANN,non_amp_negative.csv,0,non_amp,0,17,0.18000000000000002,2,0.2,0.2,0.1,0.058823529411764705,0.058823529411764705
RYCPSGCRKKPYGGGCSC,non_amp_negative.csv,0,non_amp,1,18,0.3166666666666667,2,0.3333333333333333,0.4,0.2,0.2222222222222222,0.1111111111111111
EGKAIGLAKPRMDST,non_amp_negative.csv,0,non_amp,0,15,0.1925,1,0.2,0.25,0.125,0.13333333333333333,0.06666666666666667
DRYERGDVNLDLKGF,non_amp_negative.csv,0,non_amp,0,15,0.1675,2,0.2,0.25,0.0,0.13333333333333333,0.0
MRINTNINSM,non_amp_negative.csv,0,non_amp,0,10,0.0,0,0.0,0.0,0.0,0.0,0.0
SASGGAGESSGMWFGPRL,non_amp_negative.csv,0,non_amp,0,18,0.2966666666666667,1,0.3333333333333333,0.4,0.1,0.2777777777777778,0.05555555555555555
SIVPLGLPVPIGPIVVGPR,non_amp_negative.csv,0,non_amp,0,19,0.3566666666666667,2,0.3333333333333333,0.4,0.4,0.15789473684210525,0.2631578947368421
APSLRLRF,non_amp_negative.csv,0,non_amp,0,8,0.05,0,0.0,0.0,0.25,0.0,0.125
TPEHQRYVELFIVVDHGM,non_amp_negative.csv,0,non_amp,0,18,0.10833333333333334,1,0.16666666666666666,0.0,0.0,0.05555555555555555,0.05555555555555555
EEGGSPPPVVI,non_amp_negative.csv,0,non_amp,0,11,0.3333333333333333,2,0.3333333333333333,0.3333333333333333,0.3333333333333333,0.18181818181818182,0.2727272727272727
EWCGTNSDCGEGECCTGGSFNRH,non_amp_negative.csv,0,non_amp,1,23,0.22857142857142856,2,0.2857142857142857,0.2857142857142857,0.0,0.21739130434782608,0.0
GEPEVAKWAEGLREKAASN,non_amp_negative.csv,0,non_amp,0,19,0.15,1,0.16666666666666666,0.16666666666666666,0.08333333333333333,0.10526315789473684,0.05263157894736842
NACSSDLNSK,non_amp_negative.csv,0,non_amp,0,10,0.0,0,0.0,0.0,0.0,0.0,0.0
MIAPIFAELAKTVGADKDGLPTLVAK,non_amp_negative.csv,0,non_amp,0,26,0.11597222222222221,1,0.1111111111111111,0.125,0.125,0.07692307692307693,0.07692307692307693
DEPDGVPTHQKQ,non_amp_negative.csv,0,non_amp,0,12,0.2791666666666667,1,0.25,0.3333333333333333,0.3333333333333333,0.08333333333333333,0.16666666666666666
AGQDNFMRF,non_amp_negative.csv,0,non_amp,0,9,0.2916666666666667,1,0.3333333333333333,0.5,0.0,0.1111111111111111,0.0
NYDKNFLRF,non_amp_negative.csv,0,non_amp,0,9,0.0,0,0.0,0.0,0.0,0.0,0.0
GVDSSFVRL,non_amp_negative.csv,0,non_amp,0,9,0.26666666666666666,0,0.3333333333333333,0.3333333333333333,0.0,0.1111111111111111,0.0
GEVFAFPR,non_amp_negative.csv,0,non_amp,0,8,0.2916666666666667,0,0.3333333333333333,0.5,0.0,0.125,0.125
CCDRIACRFGCVPCCT,non_amp_negative.csv,0,non_amp,1,16,0.13833333333333334,0,0.16666666666666666,0.2,0.0,0.0625,0.0625
QGRPPHPPIPPAP,non_amp_negative.csv,0,non_amp,0,13,0.3,1,0.25,0.25,0.5,0.07692307692307693,0.5384615384615384
STDHSTENTIENETEDVTKTE,non_amp_negative.csv,0,non_amp,0,21,0.0,0,0.0,0.0,0.0,0.0,0.0
MNQKHLLRFIKKSYRVDADRVVYDAK,non_amp_negative.csv,0,non_amp,0,26,0.0,0,0.0,0.0,0.0,0.0,0.0
YGLAGDHVLDAR,non_amp_negative.csv,0,non_amp,0,12,0.425,1,0.5,0.6666666666666666,0.0,0.16666666666666666,0.0
MSHIVRFTGLLLLNAFIVRGRPVGGIQH,non_amp_negative.csv,0,non_amp,0,28,0.19444444444444445,2,0.2222222222222222,0.25,0.0625,0.14285714285714285,0.03571428571428571
MSEARNLFTTFGILAILLFFLYLIYAVL,non_amp_negative.csv,0,non_amp,1,28,0.09097222222222222,2,0.1111111111111111,0.125,0.0,0.03571428571428571,0.0
MRVNKESLQMNTYISLHGWWRTSLLRAV,non_amp_negative.csv,0,non_amp,0,28,0.09097222222222222,2,0.1111111111111111,0.125,0.0,0.03571428571428571,0.0
LPLYNFGL,non_amp_negative.csv,0,non_amp,0,8,0.26666666666666666,0,0.3333333333333333,0.0,0.25,0.125,0.125
QKKDKKDRFYGLF,non_amp_negative.csv,0,non_amp,0,13,0.2,1,0.25,0.25,0.0,0.07692307692307693,0.0
EAAGLIPFPRVG,non_amp_negative.csv,0,non_amp,0,12,0.225,0,0.25,0.25,0.125,0.16666666666666666,0.16666666666666666
GEEEYQKMLENLREAEVKKNA,non_amp_negative.csv,0,non_amp,0,21,0.11428571428571428,0,0.14285714285714285,0.14285714285714285,0.0,0.047619047619047616,0.0
GVTFHDDDLIPF,non_amp_negative.csv,0,non_amp,0,12,0.225,0,0.25,0.25,0.125,0.08333333333333333,0.08333333333333333
RGSNLTHPL,non_amp_negative.csv,0,non_amp,0,9,0.2916666666666667,1,0.3333333333333333,0.5,0.0,0.1111111111111111,0.1111111111111111
PDYLQLARA,non_amp_negative.csv,0,non_amp,0,9,0.0,0,0.0,0.0,0.0,0.0,0.1111111111111111
MTLSLINRSTACIQAVEQKYCRVPLPENNR,non_amp_negative.csv,0,non_amp,0,30,0.020000000000000004,0,0.0,0.0,0.1,0.0,0.06666666666666667
DPPFSPRL,non_amp_negative.csv,0,non_amp,0,8,0.15000000000000002,0,0.0,0.0,0.75,0.0,0.375
MWTKPKFEEMRLGFEVTLYISNR,non_amp_negative.csv,0,non_amp,0,23,0.11696428571428572,0,0.125,0.14285714285714285,0.07142857142857142,0.043478260869565216,0.043478260869565216
AYTGQTGAPWGLA,non_amp_negative.csv,0,non_amp,0,13,0.36000000000000004,0,0.4,0.5,0.125,0.23076923076923078,0.07692307692307693
ECCNPACGRHYSCGK,non_amp_negative.csv,0,non_amp,1,15,0.2975,1,0.4,0.25,0.0,0.13333333333333333,0.06666666666666667
LGICFASMPR,non_amp_negative.csv,0,non_amp,0,10,0.3,1,0.3333333333333333,0.3333333333333333,0.16666666666666666,0.1,0.1
FKCMSEWYW,non_amp_negative.csv,0,non_amp,0,9,0.0,0,0.0,0.0,0.0,0.0,0.0
METFCYMKWPVRHHKSRRVSH,non_amp_negative.csv,0,non_amp,0,21,0.016666666666666666,1,0.0,0.0,0.08333333333333333,0.0,0.047619047619047616
VGCEECPMHCKGKKALPTCDYGCECND,non_amp_negative.csv,0,non_amp,1,27,0.11597222222222221,2,0.1111111111111111,0.125,0.125,0.1111111111111111,0.07407407407407407
GGETSGETKGMWFGPRL,non_amp_negative.csv,0,non_amp,0,17,0.2966666666666667,0,0.3333333333333333,0.4,0.1,0.29411764705882354,0.058823529411764705
DASNAQKQHDVNFLL,non_amp_negative.csv,0,non_amp,0,15,0.0,0,0.0,0.0,0.0,0.0,0.0
SCKRECSGSKRQK,non_amp_negative.csv,0,non_amp,0,13,0.2,1,0.25,0.25,0.0,0.07692307692307693,0.0
RPSFNSWG,non_amp_negative.csv,0,non_amp,0,8,0.21666666666666667,1,0.3333333333333333,0.0,0.0,0.125,0.125
DSIDYSKVPGNWRTI,non_amp_negative.csv,0,non_amp,0,15,0.18000000000000002,0,0.2,0.2,0.1,0.06666666666666667,0.06666666666666667
PRRRTRRASRPVRRRRPRRVSRRRRARRRR,non_amp_negative.csv,0,non_amp,1,30,0.022222222222222223,2,0.0,0.0,0.1111111111111111,0.0,0.1
GWTLNSAGYLLGPHAVDNHRSLNDKHGLA,non_amp_negative.csv,0,non_amp,0,29,0.18888888888888886,2,0.2222222222222222,0.2222222222222222,0.05555555555555555,0.13793103448275862,0.034482758620689655
GPPCCLYGSCRPFPGCYNALCCRK,non_amp_negative.csv,0,non_amp,1,24,0.15,0,0.125,0.125,0.25,0.125,0.16666666666666666
MQMQEKGWKIIIEEQ,non_amp_negative.csv,0,non_amp,0,15,0.16,0,0.2,0.2,0.0,0.06666666666666667,0.0
FGCCREDRCREIDCD,non_amp_negative.csv,0,non_amp,1,15,0.1675,1,0.2,0.25,0.0,0.06666666666666667,0.0
AEVLMDFPQLTMTLPDGREESVMKLTTLVA,non_amp_negative.csv,0,non_amp,0,30,0.09277777777777778,1,0.1,0.1111111111111111,0.05555555555555555,0.03333333333333333,0.06666666666666667
MDSVSVNQIL,non_amp_negative.csv,0,non_amp,0,10,0.0,0,0.0,0.0,0.0,0.0,0.0
MWLILFAIVATLGLMVADDNIWPDC,non_amp_negative.csv,0,non_amp,0,25,0.10347222222222222,0,0.1111111111111111,0.125,0.0625,0.04,0.04
TKTEEGEFISEGGGVR,non_amp_negative.csv,0,non_amp,0,16,0.335,2,0.4,0.5,0.0,0.25,0.0
TDGKEGEFIAEGGGVR,non_amp_negative.csv,0,non_amp,0,16,0.5025,2,0.6,0.75,0.0,0.3125,0.0
ATCSASQLSPCLGAI,non_amp_negative.csv,0,non_amp,0,15,0.16,0,0.2,0.2,0.0,0.06666666666666667,0.06666666666666667
VDPAQVSGSWRTAAIASD,non_amp_negative.csv,0,non_amp,0,18,0.15833333333333335,1,0.16666666666666666,0.2,0.1,0.05555555555555555,0.05555555555555555
TLASAIASAR,non_amp_negative.csv,0,non_amp,0,10,0.0,0,0.0,0.0,0.0,0.0,0.0
MNRLLQRQLFLENLLVGVNSTFHQM,non_amp_negative.csv,0,non_amp,0,25,0.1,1,0.125,0.125,0.0,0.04,0.0
CCGVPNAACPPCVCNKTCG,non_amp_negative.csv,0,non_amp,1,19,0.19833333333333333,2,0.16666666666666666,0.2,0.3,0.10526315789473684,0.15789473684210525
EVRPFPEVYERIA,non_amp_negative.csv,0,non_amp,0,13,0.05,1,0.0,0.0,0.25,0.0,0.15384615384615385
PSNLSYWWGFGPLAGICLVIQIVTGVF,non_amp_negative.csv,0,non_amp,0,27,0.18194444444444444,2,0.2222222222222222,0.25,0.0,0.14814814814814814,0.07407407407407407
DGRTPALRLRF,non_amp_negative.csv,0,non_amp,0,11,0.2125,1,0.25,0.3333333333333333,0.0,0.09090909090909091,0.09090909090909091
DCLPDWFHYEGHCYRVFDEPKKWADAEKFC,non_amp_negative.csv,0,non_amp,1,30,0.09277777777777778,1,0.1,0.1111111111111111,0.05555555555555555,0.03333333333333333,0.06666666666666667
MDIVSLAWAALMVVFTFSLSLVVWGRSGL,non_amp_negative.csv,0,non_amp,0,29,0.14666666666666667,0,0.2,0.1111111111111111,0.0,0.06896551724137931,0.0
TIVCGENNSCLKELC,non_amp_negative.csv,0,non_amp,1,15,0.1675,1,0.2,0.25,0.0,0.06666666666666667,0.0
ICPRILMPCSSDSDCLAECICLENGFCG,non_amp_negative.csv,0,non_amp,1,28,0.1688888888888889,0,0.2,0.1111111111111111,0.1111111111111111,0.07142857142857142,0.07142857142857142
MFAGLPSLSHEQQQKAVERI,non_amp_negative.csv,0,non_amp,0,20,0.13452380952380952,0,0.14285714285714285,0.16666666666666666,0.08333333333333333,0.05,0.05
MTESALKADFTDYLLNVKAIVEFVK,non_amp_negative.csv,0,non_amp,0,25,0.0,0,0.0,0.0,0.0,0.0,0.0
WDVNDCIHFCLIGVVGRSYTECHTMCT,non_amp_negative.csv,0,non_amp,1,27,0.17777777777777776,0,0.2222222222222222,0.2222222222222222,0.0,0.07407407407407407,0.0
FGETSGETKGMWFGPRL,non_amp_negative.csv,0,non_amp,0,17,0.2966666666666667,1,0.3333333333333333,0.4,0.1,0.23529411764705882,0.058823529411764705
SHGKVETDEEFDARWVTYFS,non_amp_negative.csv,0,non_amp,0,20,0.13333333333333333,2,0.16666666666666666,0.16666666666666666,0.0,0.05,0.0
SNKKDYRKEIVDKHNALSRSVKPTASNM,non_amp_negative.csv,0,non_amp,0,28,0.0125,2,0.0,0.0,0.0625,0.0,0.03571428571428571
MLGFLPLP,non_amp_negative.csv,0,non_amp,0,8,0.45,2,0.5,0.5,0.25,0.125,0.25
GTGKFLRRRAFRNHLLDHKTPKQK,non_amp_negative.csv,0,non_amp,1,24,0.1125,0,0.125,0.125,0.0625,0.08333333333333333,0.041666666666666664
HPLMLRRPIMLDEKRLQIGFNDEE,non_amp_negative.csv,0,non_amp,0,24,0.125,0,0.125,0.125,0.125,0.041666666666666664,0.08333333333333333
NGGTSGLFAFPRV,non_amp_negative.csv,0,non_amp,0,13,0.4583333333333333,2,0.5,0.6666666666666666,0.16666666666666666,0.23076923076923078,0.07692307692307693
HQKYNPFRFVELVLVVDKAM,non_amp_negative.csv,0,non_amp,0,20,0.016666666666666666,0,0.0,0.0,0.08333333333333333,0.0,0.05
VTVYENEGTKVDFDGNLRLLL,non_amp_negative.csv,0,non_amp,0,21,0.11785714285714285,1,0.14285714285714285,0.16666666666666666,0.0,0.09523809523809523,0.0
KRTKAPFSRVVKFSIDEIRN,non_amp_negative.csv,0,non_amp,0,20,0.016666666666666666,0,0.0,0.0,0.08333333333333333,0.0,0.05
DAAEPWQLGFQDAATPIMQGIIDLHH,non_amp_negative.csv,0,non_amp,0,26,0.125,2,0.125,0.125,0.125,0.07692307692307693,0.07692307692307693
MKHSEKNEIASHELPTTPLDPVLAAGRES,non_amp_negative.csv,0,non_amp,0,29,0.11499999999999999,1,0.1,0.1111111111111111,0.16666666666666666,0.034482758620689655,0.10344827586206896
YEDAYALQYCPR,non_amp_negative.csv,0,non_amp,0,12,0.03333333333333333,2,0.0,0.0,0.16666666666666666,0.0,0.08333333333333333
MIDDSQIFVALLFALVSAVLAIRLGKELYQ,non_amp_negative.csv,0,non_amp,0,30,0.08,0,0.1,0.1,0.0,0.03333333333333333,0.0
RGCPRILMRCKRDSDCLAGCVCQKNGYCG,non_amp_negative.csv,0,non_amp,1,29,0.23944444444444443,1,0.3,0.2222222222222222,0.05555555555555555,0.13793103448275862,0.034482758620689655
NCPAGCRSQGCCM,non_amp_negative.csv,0,non_amp,1,13,0.225,1,0.25,0.25,0.125,0.15384615384615385,0.07692307692307693
LGSAPITEEAIATPPSAETKLVPVGYGIKK,non_amp_negative.csv,0,non_amp,0,30,0.12000000000000001,0,0.1,0.1,0.2,0.1,0.13333333333333333
SASPGLPKGEKEQQEAIEHIDE,non_amp_negative.csv,0,non_amp,0,22,0.15119047619047618,2,0.14285714285714285,0.16666666666666666,0.16666666666666666,0.09090909090909091,0.09090909090909091
ARTQPGNIAPVGDFTLYPNAPRQGHIVA,non_amp_negative.csv,0,non_amp,0,28,0.29791666666666666,2,0.3333333333333333,0.375,0.125,0.10714285714285714,0.14285714285714285
ILCINVAGRRIC,non_amp_negative.csv,0,non_amp,0,12,0.2125,1,0.25,0.3333333333333333,0.0,0.08333333333333333,0.0
APGDRIYVHPF,non_amp_negative.csv,0,non_amp,0,11,0.3,2,0.3333333333333333,0.3333333333333333,0.16666666666666666,0.09090909090909091,0.18181818181818182
EEVQETVNLKYEYSVYR,non_amp_negative.csv,0,non_amp,0,17,0.0,0,0.0,0.0,0.0,0.0,0.0
AEPRDQFK,non_amp_negative.csv,0,non_amp,0,8,0.05,0,0.0,0.0,0.25,0.0,0.125
TGVNYGQLGNNLP,non_amp_negative.csv,0,non_amp,0,13,0.425,2,0.5,0.6666666666666666,0.0,0.23076923076923078,0.07692307692307693
EPTPRSFNGDKVFRV,non_amp_negative.csv,0,non_amp,0,15,0.1925,2,0.2,0.25,0.125,0.06666666666666667,0.13333333333333333
AEEQSFSSTKFSTDQPNLILQGDA,non_amp_negative.csv,0,non_amp,0,24,0.1,0,0.125,0.125,0.0,0.041666666666666664,0.041666666666666664
TKRQKLVQKYAAKRLEFK,non_amp_negative.csv,0,non_amp,0,18,0.0,0,0.0,0.0,0.0,0.0,0.0
YNPASNQCQGF,non_amp_negative.csv,0,non_amp,0,11,0.19583333333333333,0,0.25,0.0,0.16666666666666666,0.09090909090909091,0.09090909090909091
GCRQCGGGCNKHGKCINGKCKCY,non_amp_negative.csv,0,non_amp,1,23,0.3080357142857143,0,0.375,0.42857142857142855,0.0,0.2608695652173913,0.0
MKWAAPIVSEICVGMEVTSYESAEIDTFN,non_amp_negative.csv,0,non_amp,0,29,0.09277777777777778,1,0.1,0.1111111111111111,0.05555555555555555,0.034482758620689655,0.034482758620689655
DECCAIPLCAKIFPGRCP,non_amp_negative.csv,0,non_amp,1,18,0.17833333333333334,2,0.16666666666666666,0.2,0.2,0.05555555555555555,0.16666666666666666
TPQIQKPAPQFSKTALLPDE,non_amp_negative.csv,0,non_amp,0,20,0.05,0,0.0,0.0,0.25,0.0,0.2
FLSGLVGALAKMF,non_amp_negative.csv,0,non_amp,0,13,0.335,0,0.4,0.5,0.0,0.15384615384615385,0.0
MNNSTKFCFSRFRTGN,non_amp_negative.csv,0,non_amp,0,16,0.13,2,0.2,0.0,0.0,0.0625,0.0
FANTIRLLINKVREWKNKQSS,non_amp_negative.csv,0,non_amp,0,21,0.0,0,0.0,0.0,0.0,0.0,0.0
AELPQGLWVRPRLG,non_amp_negative.csv,0,non_amp,0,14,0.25,2,0.25,0.25,0.25,0.14285714285714285,0.14285714285714285
AGPYAFGL,non_amp_negative.csv,0,non_amp,0,8,0.3416666666666667,1,0.3333333333333333,0.5,0.25,0.25,0.125
KSPPQALNKPLPAPSAPSL,non_amp_negative.csv,0,non_amp,0,19,0.08000000000000002,2,0.0,0.0,0.4,0.0,0.3157894736842105
NIQIICCKHTPACCT,non_amp_negative.csv,0,non_amp,1,15,0.025,2,0.0,0.0,0.125,0.0,0.06666666666666667
MDLITITWASVMVAFTFSLSLVVWGRSGL,non_amp_negative.csv,0,non_amp,0,29,0.14666666666666667,0,0.2,0.1111111111111111,0.0,0.06896551724137931,0.0
MTDCRYLIKRVIKIIIAVLQLILLFL,non_amp_negative.csv,0,non_amp,0,26,0.0,0,0.0,0.0,0.0,0.0,0.0
GSASGLISMPRV,non_amp_negative.csv,0,non_amp,0,12,0.24583333333333332,1,0.25,0.3333333333333333,0.16666666666666666,0.16666666666666666,0.08333333333333333
QLASDDYGHMRF,non_amp_negative.csv,0,non_amp,0,12,0.2125,1,0.25,0.3333333333333333,0.0,0.08333333333333333,0.0
KDALEHTGFAPK,non_amp_negative.csv,0,non_amp,0,12,0.2125,1,0.25,0.3333333333333333,0.0,0.08333333333333333,0.08333333333333333
MQLTPPEVEK,non_amp_negative.csv,0,non_amp,0,10,0.06666666666666667,0,0.0,0.0,0.3333333333333333,0.0,0.2
RDCCTPPRKCKDRRCKPMKCCA,non_amp_negative.csv,0,non_amp,1,22,0.03333333333333333,2,0.0,0.0,0.16666666666666666,0.0,0.13636363636363635
ADGSDPASSDFLAEGGGVR,non_amp_negative.csv,0,non_amp,0,19,0.27666666666666667,2,0.3333333333333333,0.4,0.0,0.21052631578947367,0.05263157894736842
MRLNYSRCYYSSQRRRQSLPKRFPLI,non_amp_negative.csv,0,non_amp,0,26,0.025,0,0.0,0.0,0.125,0.0,0.07692307692307693
SLVSLNEPKDEIYMESQP,non_amp_negative.csv,0,non_amp,0,18,0.03333333333333333,0,0.0,0.0,0.16666666666666666,0.0,0.1111111111111111
QDVDHVFLRF,non_amp_negative.csv,0,non_amp,0,10,0.0,0,0.0,0.0,0.0,0.0,0.0
SLSINTNTSEMIALQTLDA,non_amp_negative.csv,0,non_amp,0,19,0.0,0,0.0,0.0,0.0,0.0,0.0
APGDLLWSDEFDGAAGSAPNP,non_amp_negative.csv,0,non_amp,0,21,0.2571428571428572,0,0.2857142857142857,0.2857142857142857,0.14285714285714285,0.14285714285714285,0.14285714285714285
MREAICIHIGQAGYQIGNACSQLFC,non_amp_negative.csv,0,non_amp,1,25,0.18194444444444444,0,0.2222222222222222,0.25,0.0,0.12,0.0
DPCYEVCLQQHGNVKECEEACKHPVEY,non_amp_negative.csv,0,non_amp,1,27,0.09097222222222222,2,0.1111111111111111,0.125,0.0,0.037037037037037035,0.07407407407407407
FPIDDDDKIVGGYTNR,non_amp_negative.csv,0,non_amp,0,16,0.1675,2,0.2,0.25,0.0,0.125,0.0625
GSSGLISFPRN,non_amp_negative.csv,0,non_amp,0,11,0.4583333333333333,0,0.5,0.6666666666666666,0.16666666666666666,0.18181818181818182,0.09090909090909091
LFFKGEKKL,non_amp_negative.csv,0,non_amp,0,9,0.2916666666666667,1,0.3333333333333333,0.5,0.0,0.1111111111111111,0.0
AKTGILDSDGPTVAGNSLSGT,non_amp_negative.csv,0,non_amp,0,21,0.24285714285714285,0,0.2857142857142857,0.2857142857142857,0.07142857142857142,0.19047619047619047,0.047619047619047616
SVAVAGAVIEGATLTFNVLQ,non_amp_negative.csv,0,non_amp,0,20,0.13333333333333333,2,0.16666666666666666,0.16666666666666666,0.0,0.1,0.0
SDPEVPGMWFGPRL,non_amp_negative.csv,0,non_amp,0,14,0.24250000000000002,0,0.2,0.25,0.375,0.14285714285714285,0.21428571428571427
IPLDPVAGYKEPA,non_amp_negative.csv,0,non_amp,0,13,0.225,1,0.25,0.25,0.125,0.07692307692307693,0.23076923076923078
SIFVLPDLPYAKDALPKISAKTFDFGK,non_amp_negative.csv,0,non_amp,0,27,0.10972222222222222,1,0.1111111111111111,0.0,0.1875,0.037037037037037035,0.1111111111111111
MTLIKYKRKNIQFYKKIIANGYAK,non_amp_negative.csv,0,non_amp,0,24,0.10267857142857142,2,0.125,0.14285714285714285,0.0,0.041666666666666664,0.0
AGTADCFWKYCV,non_amp_negative.csv,0,non_amp,0,12,0.2125,1,0.25,0.3333333333333333,0.0,0.08333333333333333,0.0
CCELPCHGCVPCCWP,non_amp_negative.csv,0,non_amp,1,15,0.1675,1,0.2,0.25,0.0,0.06666666666666667,0.2
VATFTLPDLPYDYGALEPAV,non_amp_negative.csv,0,non_amp,0,20,0.16785714285714284,1,0.14285714285714285,0.16666666666666666,0.25,0.05,0.15
MDIISLGWAGVMTMFTFSLALVVWGRNGF,non_amp_negative.csv,0,non_amp,0,29,0.31,0,0.4,0.3333333333333333,0.0,0.13793103448275862,0.0
VTVYDAEGTKVQLDGSIRLVM,non_amp_negative.csv,0,non_amp,0,21,0.11785714285714285,1,0.14285714285714285,0.16666666666666666,0.0,0.09523809523809523,0.0
MENGKVHVASMSGLSMPHMNEMLEK,non_amp_negative.csv,0,non_amp,0,25,0.19444444444444445,0,0.2222222222222222,0.25,0.0625,0.08,0.04
GLVPPADKY,non_amp_negative.csv,0,non_amp,0,9,0.3,0,0.3333333333333333,0.3333333333333333,0.16666666666666666,0.1111111111111111,0.2222222222222222
GTLKGIPTDDEQATGLERRT,non_amp_negative.csv,0,non_amp,0,20,0.15,2,0.16666666666666666,0.16666666666666666,0.08333333333333333,0.15,0.05
VVGGAECKIDGHRCLALLY,non_amp_negative.csv,0,non_amp,0,19,0.13833333333333334,2,0.16666666666666666,0.2,0.0,0.15789473684210525,0.0
QVNFTPSW,non_amp_negative.csv,0,non_amp,0,8,0.05,0,0.0,0.0,0.25,0.0,0.125
QLGPPPRPQIPP,non_amp_negative.csv,0,non_amp,0,12,0.3458333333333333,2,0.25,0.3333333333333333,0.6666666666666666,0.08333333333333333,0.5
VDPGESTFIDEGATGR,non_amp_negative.csv,0,non_amp,0,16,0.2975,2,0.4,0.25,0.0,0.1875,0.0625
PLPTTRGNPTGPKESKKEVESKTETDPFAW,non_amp_negative.csv,0,non_amp,0,30,0.12611111111111112,1,0.1,0.1111111111111111,0.2222222222222222,0.06666666666666667,0.16666666666666666
AEVLMDFPQLTMTLPDGREESVMKRTTLVA,non_amp_negative.csv,0,non_amp,0,30,0.09277777777777778,1,0.1,0.1111111111111111,0.05555555555555555,0.03333333333333333,0.06666666666666667
MARRGFSCLLLSTTATDLPVKRRT,non_amp_negative.csv,0,non_amp,0,24,0.11696428571428572,1,0.125,0.14285714285714285,0.07142857142857142,0.041666666666666664,0.041666666666666664
SNVCFNACMKISSSQKTCQILC,non_amp_negative.csv,0,non_amp,1,22,0.0,0,0.0,0.0,0.0,0.0,0.0
IINDFTNLVNQVEPLK,non_amp_negative.csv,0,non_amp,0,16,0.025,2,0.0,0.0,0.125,0.0,0.0625
LAKRADICQPGKTSQRACET,non_amp_negative.csv,0,non_amp,0,20,0.13452380952380952,1,0.14285714285714285,0.16666666666666666,0.08333333333333333,0.05,0.05
VVGGDECNINE,non_amp_negative.csv,0,non_amp,0,11,0.26666666666666666,2,0.3333333333333333,0.3333333333333333,0.0,0.18181818181818182,0.0
GCPWDPWC,non_amp_negative.csv,0,non_amp,0,8,0.39166666666666666,0,0.3333333333333333,0.5,0.5,0.125,0.25
GPSSGFFGMR,non_amp_negative.csv,0,non_amp,0,10,0.5333333333333333,1,0.6666666666666666,0.6666666666666666,0.0,0.3,0.1
MMIPGHFDYHRPKSV,non_amp_negative.csv,0,non_amp,0,15,0.2175,1,0.2,0.25,0.25,0.06666666666666667,0.13333333333333333
SADQPNSIPPRERKAGCKNFYWKGLTSC,non_amp_negative.csv,0,non_amp,0,28,0.11597222222222221,2,0.1111111111111111,0.125,0.125,0.07142857142857142,0.10714285714285714
EAAGLISFPRV,non_amp_negative.csv,0,non_amp,0,11,0.24583333333333332,0,0.25,0.3333333333333333,0.16666666666666666,0.09090909090909091,0.09090909090909091
VSGVADER,non_amp_negative.csv,0,non_amp,0,8,0.4,2,0.5,0.5,0.0,0.125,0.0
LTYEMAQKPHHIGVRKSWLTWHSQNLE,non_amp_negative.csv,0,non_amp,0,27,0.09999999999999999,0,0.1111111111111111,0.1111111111111111,0.05555555555555555,0.037037037037037035,0.037037037037037035
TNTPEQQCYLQAKCYIEFYVVV,non_amp_negative.csv,0,non_amp,0,22,0.016666666666666666,2,0.0,0.0,0.08333333333333333,0.0,0.045454545454545456
MDIVGIAWAALMVVFTFSLSLVVWGRSGL,non_amp_negative.csv,0,non_amp,0,29,0.14666666666666667,0,0.2,0.1111111111111111,0.0,0.10344827586206896,0.0
GPSSGFFGTR,non_amp_negative.csv,0,non_amp,0,10,0.5333333333333333,1,0.6666666666666666,0.6666666666666666,0.0,0.3,0.1
GECCTDCAQTAAANYC,non_amp_negative.csv,0,non_amp,1,16,0.13833333333333334,0,0.16666666666666666,0.2,0.0,0.0625,0.0
MYVLQEINPGITS,non_amp_negative.csv,0,non_amp,0,13,0.1925,0,0.2,0.25,0.125,0.07692307692307693,0.07692307692307693
QVNFTPNWGT,non_amp_negative.csv,0,non_amp,0,10,0.21666666666666667,2,0.3333333333333333,0.0,0.0,0.1,0.1
MENVMSWFNIDFEIKSDNNIDKTLL,non_amp_negative.csv,0,non_amp,0,25,0.0,0,0.0,0.0,0.0,0.0,0.0
MVGRYRFEFILIILILCALITARFYLS,non_amp_negative.csv,0,non_amp,1,27,0.09097222222222222,2,0.1111111111111111,0.125,0.0,0.037037037037037035,0.0
GGESSNEAKGMWFGPRL,non_amp_negative.csv,0,non_amp,0,17,0.2966666666666667,0,0.3333333333333333,0.4,0.1,0.23529411764705882,0.058823529411764705
SVDFDSESPRKPEIQ,non_amp_negative.csv,0,non_amp,0,15,0.05,1,0.0,0.0,0.25,0.0,0.13333333333333333
YSRLIAGLKKASI,non_amp_negative.csv,0,non_amp,0,13,0.1675,0,0.2,0.25,0.0,0.07692307692307693,0.0
DVVASSTAHKQQDINHLLDK,non_amp_negative.csv,0,non_amp,0,20,0.0,0,0.0,0.0,0.0,0.0,0.0
GPDSAFLRL,non_amp_negative.csv,0,non_amp,0,9,0.3,0,0.3333333333333333,0.3333333333333333,0.16666666666666666,0.1111111111111111,0.1111111111111111
CEGHSHDHGA,non_amp_negative.csv,0,non_amp,0,10,0.5083333333333333,2,0.6666666666666666,0.5,0.0,0.2,0.0
RGSNLTIHPLRNTNDIDY,non_amp_negative.csv,0,non_amp,0,18,0.15833333333333335,1,0.16666666666666666,0.2,0.1,0.05555555555555555,0.05555555555555555
PAPESSFIRDP,non_amp_negative.csv,0,non_amp,0,11,0.03333333333333333,0,0.0,0.0,0.16666666666666666,0.0,0.2727272727272727
HLLQFNKMIKFETGKNAIPFYAF,non_amp_negative.csv,0,non_amp,0,23,0.11696428571428572,1,0.125,0.14285714285714285,0.07142857142857142,0.043478260869565216,0.043478260869565216
APANSVWS,non_amp_negative.csv,0,non_amp,0,8,0.05,0,0.0,0.0,0.25,0.0,0.125
CYIQNCPLG,non_amp_negative.csv,0,non_amp,0,9,0.26666666666666666,2,0.3333333333333333,0.0,0.25,0.1111111111111111,0.1111111111111111
ITKDFDALMKYIKRI,non_amp_negative.csv,0,non_amp,0,15,0.0,0,0.0,0.0,0.0,0.0,0.0
ANAKVPSHTISNPF,non_amp_negative.csv,0,non_amp,0,14,0.05,1,0.0,0.0,0.25,0.0,0.14285714285714285
SLQAATEWLKANNQRGFLGEMGAGSNAD,non_amp_negative.csv,0,non_amp,0,28,0.245,0,0.3,0.3333333333333333,0.0,0.14285714285714285,0.0
SHGKQETDEEFDANL,non_amp_negative.csv,0,non_amp,0,15,0.1675,2,0.2,0.25,0.0,0.06666666666666667,0.0
HKLDSFIGLM,non_amp_negative.csv,0,non_amp,0,10,0.26666666666666666,1,0.3333333333333333,0.3333333333333333,0.0,0.1,0.0
RICPRILMECSSDSDCLAECICLENGFCG,non_amp_negative.csv,0,non_amp,1,29,0.15777777777777777,1,0.2,0.1111111111111111,0.05555555555555555,0.06896551724137931,0.034482758620689655
ASDVTLNSFAEDVTVGECCDCVDLTTVY,non_amp_negative.csv,0,non_amp,1,28,0.08166666666666667,0,0.1,0.1111111111111111,0.0,0.03571428571428571,0.0
IALQSPAGAARIRDYLYNELSK,non_amp_negative.csv,0,non_amp,0,22,0.1285714285714286,1,0.14285714285714285,0.14285714285714285,0.07142857142857142,0.045454545454545456,0.045454545454545456
SGKPTFIRF,non_amp_negative.csv,0,non_amp,0,9,0.3416666666666667,1,0.3333333333333333,0.5,0.25,0.1111111111111111,0.1111111111111111
HSQGSFTSDYSKYLDSKQAKDFVIWLMNT,non_amp_negative.csv,0,non_amp,0,29,0.08166666666666667,0,0.1,0.1111111111111111,0.0,0.034482758620689655,0.0
VTVVQYRSTNASSGYLNLRVYLLDTGLR,non_amp_negative.csv,0,non_amp,0,28,0.17777777777777776,1,0.2222222222222222,0.2222222222222222,0.0,0.07142857142857142,0.0
EAAGLLPFPRV,non_amp_negative.csv,0,non_amp,0,11,0.24583333333333332,0,0.25,0.3333333333333333,0.16666666666666666,0.09090909090909091,0.18181818181818182
SLIQFETLIMKVAGQSGMFSYSA,non_amp_negative.csv,0,non_amp,0,23,0.20535714285714285,1,0.25,0.2857142857142857,0.0,0.08695652173913043,0.0
MIYDSQIYTVLCIALLAGILAIRLGSTLYE,non_amp_negative.csv,0,non_amp,0,30,0.08166666666666667,2,0.1,0.1111111111111111,0.0,0.06666666666666667,0.0
DFIGSSTNVIMVASTTLMLF,non_amp_negative.csv,0,non_amp,0,20,0.11785714285714285,0,0.14285714285714285,0.16666666666666666,0.0,0.05,0.0
AHVEVPNSLY,non_amp_negative.csv,0,non_amp,0,10,0.03333333333333333,0,0.0,0.0,0.16666666666666666,0.0,0.1
CAGIGSFCGLPGLVDCCSDRCFIVCLP,non_amp_negative.csv,0,non_amp,1,27,0.28541666666666665,2,0.3333333333333333,0.375,0.0625,0.14814814814814814,0.07407407407407407
AFELPALPYAKDALEPHISA,non_amp_negative.csv,0,non_amp,0,20,0.05,2,0.0,0.0,0.25,0.0,0.15
VSVVGTVR,non_amp_negative.csv,0,non_amp,0,8,0.2916666666666667,1,0.3333333333333333,0.5,0.0,0.125,0.0
GVCCGVSFCYPC,non_amp_negative.csv,0,non_amp,1,12,0.225,0,0.25,0.25,0.125,0.16666666666666666,0.08333333333333333
LKVPDLPLPE,non_amp_negative.csv,0,non_amp,0,10,0.1,1,0.0,0.0,0.5,0.0,0.3
WAGGDASGE,non_amp_negative.csv,0,non_amp,0,9,0.2916666666666667,2,0.3333333333333333,0.5,0.0,0.3333333333333333,0.0
TIIGAPCRKCEHLDRSGNCVRDWSCGQEV,non_amp_negative.csv,0,non_amp,1,29,0.17444444444444443,1,0.2,0.2222222222222222,0.05555555555555555,0.10344827586206896,0.034482758620689655
DRVYIHPFHLLVYS,non_amp_negative.csv,0,non_amp,0,14,0.025,1,0.0,0.0,0.125,0.0,0.07142857142857142
MATQGFSCLLLSVSEIDLSMKRQYKQIR,non_amp_negative.csv,0,non_amp,0,28,0.08888888888888888,1,0.1111111111111111,0.1111111111111111,0.0,0.03571428571428571,0.0
TRCKGKGAPCRKTMYDCCSGSCGRRGKCG,non_amp_negative.csv,0,non_amp,1,29,0.4027777777777778,1,0.5,0.4444444444444444,0.05555555555555555,0.20689655172413793,0.034482758620689655
SHAKVETDEE,non_amp_negative.csv,0,non_amp,0,10,0.0,0,0.0,0.0,0.0,0.0,0.0
IWVGISYKIHSLYFQ,non_amp_negative.csv,0,non_amp,0,15,0.16,0,0.2,0.2,0.0,0.06666666666666667,0.0
CSKGGVGRGYGIG,non_amp_negative.csv,0,non_amp,0,13,0.465,0,0.6,0.5,0.0,0.46153846153846156,0.0
IWSGIQSAF,non_amp_negative.csv,0,non_amp,0,9,0.26666666666666666,0,0.3333333333333333,0.3333333333333333,0.0,0.1111111111111111,0.0
RGLKAKFQKLIGKRALYICKSTKESRVVT,non_amp_negative.csv,0,non_amp,0,29,0.08888888888888888,2,0.1111111111111111,0.1111111111111111,0.0,0.06896551724137931,0.0
MDVAEYAAHDATGLAELIREGQVSACEV,non_amp_negative.csv,0,non_amp,0,28,0.09097222222222222,2,0.1111111111111111,0.125,0.0,0.07142857142857142,0.0
MTATILVADDDAAIRTVLNQALSRAG,non_amp_negative.csv,0,non_amp,0,26,0.07222222222222222,1,0.1111111111111111,0.0,0.0,0.038461538461538464,0.0
SKSSSPCFGGKLDRIGSYSGLGCNSRK,non_amp_negative.csv,0,non_amp,0,27,0.2777777777777778,0,0.3333333333333333,0.3333333333333333,0.05555555555555555,0.18518518518518517,0.037037037037037035
NLLQFNKMIKIMTKKNAFPFYTS,non_amp_negative.csv,0,non_amp,0,23,0.014285714285714285,1,0.0,0.0,0.07142857142857142,0.0,0.043478260869565216
MDILSLGWSALMVVFTFSLALVVWGRNGF,non_amp_negative.csv,0,non_amp,0,29,0.22833333333333333,0,0.3,0.2222222222222222,0.0,0.10344827586206896,0.0
GCCGAFACRFGCTPCC,non_amp_negative.csv,0,non_amp,1,16,0.2966666666666667,0,0.3333333333333333,0.4,0.1,0.1875,0.0625
DVIGPQAQVTLANQD,non_amp_negative.csv,0,non_amp,0,15,0.18000000000000002,0,0.2,0.2,0.1,0.06666666666666667,0.06666666666666667
GGETSGEGKGMWFGPRL,non_amp_negative.csv,0,non_amp,0,17,0.43500000000000005,1,0.5,0.6,0.1,0.35294117647058826,0.058823529411764705
VIGGDECNINEHRSLALVY,non_amp_negative.csv,0,non_amp,0,19,0.13833333333333334,2,0.16666666666666666,0.2,0.0,0.10526315789473684,0.0
MAYRGFKTSRVVKHRVRRRWFNHRRRYR,non_amp_negative.csv,0,non_amp,1,28,0.08888888888888888,1,0.1111111111111111,0.1111111111111111,0.0,0.03571428571428571,0.0
MKNPRVHEIATAMIDAVRKVLVDHQ,non_amp_negative.csv,0,non_amp,0,25,0.014285714285714285,2,0.0,0.0,0.07142857142857142,0.0,0.04
KNWAVLVAGSNGWPNYRHHA,non_amp_negative.csv,0,non_amp,0,20,0.2833333333333333,2,0.3333333333333333,0.3333333333333333,0.08333333333333333,0.1,0.05
MSILPLVHAMANVRGDIEYLTEA,non_amp_negative.csv,0,non_amp,0,23,0.1285714285714286,2,0.14285714285714285,0.14285714285714285,0.07142857142857142,0.043478260869565216,0.043478260869565216
RCAHGTYYSNDSQQCLLNCCWWGGGDHCCR,non_amp_negative.csv,0,non_amp,1,30,0.16333333333333333,1,0.2,0.2222222222222222,0.0,0.13333333333333333,0.0
MWKKPAFIDLRLGLEVTLYISNR,non_amp_negative.csv,0,non_amp,0,23,0.11696428571428572,0,0.125,0.14285714285714285,0.07142857142857142,0.043478260869565216,0.043478260869565216
YGETAAVYVAVESR,non_amp_negative.csv,0,non_amp,0,14,0.1675,1,0.2,0.25,0.0,0.07142857142857142,0.0
QKKDRFLGLF,non_amp_negative.csv,0,non_amp,0,10,0.26666666666666666,1,0.3333333333333333,0.3333333333333333,0.0,0.1,0.0
SGLQFAVMDGQGFLPFPRV,non_amp_negative.csv,0,non_amp,0,19,0.15833333333333335,2,0.16666666666666666,0.2,0.1,0.15789473684210525,0.10526315789473684
AYGGDGGAYYEWSPA,non_amp_negative.csv,0,non_amp,0,15,0.36000000000000004,2,0.4,0.5,0.125,0.26666666666666666,0.06666666666666667
DTLKSEKNADFKDLY,non_amp_negative.csv,0,non_amp,0,15,0.0,0,0.0,0.0,0.0,0.0,0.0
AELPQGLWVRPRL,non_amp_negative.csv,0,non_amp,0,13,0.2791666666666667,2,0.25,0.3333333333333333,0.3333333333333333,0.07692307692307693,0.15384615384615385
KDALEHTGFAPKKDGEEHVEWNYN,non_amp_negative.csv,0,non_amp,0,24,0.11696428571428572,2,0.125,0.14285714285714285,0.07142857142857142,0.08333333333333333,0.041666666666666664
RCLFWSVCP,non_amp_negative.csv,0,non_amp,0,9,0.03333333333333333,0,0.0,0.0,0.16666666666666666,0.0,0.1111111111111111
MIKVPLPDVIFVAHRNKHTRQGNITQTKY,non_amp_negative.csv,0,non_amp,0,29,0.09277777777777778,0,0.1,0.1111111111111111,0.05555555555555555,0.034482758620689655,0.06896551724137931
GLGNNAFVGVR,non_amp_negative.csv,0,non_amp,0,11,0.5333333333333333,2,0.6666666666666666,0.6666666666666666,0.0,0.2727272727272727,0.0
GFGALFKFL,non_amp_negative.csv,0,non_amp,0,9,0.2916666666666667,2,0.3333333333333333,0.5,0.0,0.2222222222222222,0.0
DIIMSTNTFSEEAEALLKEALETYLKEFA,non_amp_negative.csv,0,non_amp,0,29,0.0,0,0.0,0.0,0.0,0.0,0.0
QANQDFMRF,non_amp_negative.csv,0,non_amp,0,9,0.0,0,0.0,0.0,0.0,0.0,0.0
NLYQFKEMIRYTIP,non_amp_negative.csv,0,non_amp,0,14,0.025,2,0.0,0.0,0.125,0.0,0.07142857142857142
AITLEKIFLPNNLVGWLDGRSS,non_amp_negative.csv,0,non_amp,0,22,0.13452380952380952,2,0.14285714285714285,0.16666666666666666,0.08333333333333333,0.09090909090909091,0.045454545454545456
SNTSHQDFHSFYGTNLMIGG,non_amp_negative.csv,0,non_amp,0,20,0.21071428571428572,0,0.2857142857142857,0.16666666666666666,0.0,0.15,0.0
PVLQVVRDIHGDILTPDSRYIL,non_amp_negative.csv,0,non_amp,0,22,0.1285714285714286,1,0.14285714285714285,0.14285714285714285,0.07142857142857142,0.045454545454545456,0.09090909090909091
AEVPMPLRQLTMTLPDGREESVMERTTLVA,non_amp_negative.csv,0,non_amp,0,30,0.11499999999999999,1,0.1,0.1111111111111111,0.16666666666666666,0.03333333333333333,0.1
YSLRARPRF,non_amp_negative.csv,0,non_amp,0,9,0.05,1,0.0,0.0,0.25,0.0,0.1111111111111111
AGEDVSHELEEKEKALANHSE,non_amp_negative.csv,0,non_amp,0,21,0.11785714285714285,1,0.14285714285714285,0.16666666666666666,0.0,0.047619047619047616,0.0
HSQGTFTSDYSKHLDSRYAQEFVQWLMNT,non_amp_negative.csv,0,non_amp,0,29,0.08166666666666667,0,0.1,0.1111111111111111,0.0,0.034482758620689655,0.0
PFDRISNSAFSDF,non_amp_negative.csv,0,non_amp,0,13,0.0,0,0.0,0.0,0.0,0.0,0.07692307692307693
PSIQGDAVRV,non_amp_negative.csv,0,non_amp,0,10,0.26666666666666666,1,0.3333333333333333,0.3333333333333333,0.0,0.1,0.1
MVGNFPGANYSRDTRRAEIDIQIDIQKI,non_amp_negative.csv,0,non_amp,0,28,0.09277777777777778,0,0.1,0.1111111111111111,0.05555555555555555,0.07142857142857142,0.03571428571428571
SQISLRGSNLTI,non_amp_negative.csv,0,non_amp,0,12,0.2,0,0.25,0.25,0.0,0.08333333333333333,0.0
AETVQYYNSYSDASIASMAIVDSGK,non_amp_negative.csv,0,non_amp,0,25,0.08125,2,0.125,0.0,0.0,0.04,0.0
ASGQDFMRF,non_amp_negative.csv,0,non_amp,0,9,0.2916666666666667,2,0.3333333333333333,0.5,0.0,0.1111111111111111,0.0
QLNFSPGW,non_amp_negative.csv,0,non_amp,0,8,0.26666666666666666,0,0.3333333333333333,0.0,0.25,0.125,0.125
VSCADILTMATRQFDNVYYKNLQQGK,non_amp_negative.csv,0,non_amp,0,26,0.07222222222222222,0,0.1111111111111111,0.0,0.0,0.038461538461538464,0.0
QGRPLGPPIPP,non_amp_negative.csv,0,non_amp,0,11,0.43333333333333335,2,0.3333333333333333,0.3333333333333333,0.8333333333333334,0.18181818181818182,0.45454545454545453
GDAAAQPEK,non_amp_negative.csv,0,non_amp,0,9,0.26666666666666666,0,0.3333333333333333,0.3333333333333333,0.0,0.1111111111111111,0.1111111111111111
EILEYSGDGQVEVSDEQLAEAEHASQIEAQ,non_amp_negative.csv,0,non_amp,0,30,0.08166666666666667,2,0.1,0.1111111111111111,0.0,0.06666666666666667,0.0
AAVTCIFMTLFGLSLGFALLKVQGE,non_amp_negative.csv,0,non_amp,0,25,0.18392857142857144,2,0.25,0.14285714285714285,0.0,0.12,0.0
MQLFHLCLVISCSCPTVQASKLCLGWL,non_amp_negative.csv,0,non_amp,1,27,0.09999999999999999,0,0.1111111111111111,0.1111111111111111,0.05555555555555555,0.037037037037037035,0.037037037037037035
TPPAGPDVGPR,non_amp_negative.csv,0,non_amp,0,11,0.3125,1,0.25,0.3333333333333333,0.5,0.18181818181818182,0.36363636363636365
DGGRNFLRF,non_amp_negative.csv,0,non_amp,0,9,0.2916666666666667,1,0.3333333333333333,0.5,0.0,0.2222222222222222,0.0
NGRCCHPACAKYFSCGR,non_amp_negative.csv,0,non_amp,1,17,0.15833333333333335,1,0.16666666666666666,0.2,0.1,0.11764705882352941,0.058823529411764705
APVSVGGGTVLAKMYPRGNHWAVGHLM,non_amp_negative.csv,0,non_amp,0,27,0.28541666666666665,2,0.3333333333333333,0.375,0.0625,0.18518518518518517,0.07407407407407407
DGDDYKFGHFRWSVPL,non_amp_negative.csv,0,non_amp,0,16,0.34,1,0.4,0.4,0.1,0.125,0.0625
IDAFQDTLYTHTLRTYLGRPWK,non_amp_negative.csv,0,non_amp,0,22,0.13452380952380952,2,0.14285714285714285,0.16666666666666666,0.08333333333333333,0.045454545454545456,0.045454545454545456
MRVKLFQLRGMLSGSRIL,non_amp_negative.csv,0,non_amp,0,18,0.13833333333333334,1,0.16666666666666666,0.2,0.0,0.1111111111111111,0.0
RICPRILMECSSDSDCLAECICLEQGFCG,non_amp_negative.csv,0,non_amp,1,29,0.15777777777777777,1,0.2,0.1111111111111111,0.05555555555555555,0.06896551724137931,0.034482758620689655
LDLTPGSHVDSYVEA,non_amp_negative.csv,0,non_amp,0,15,0.1925,2,0.2,0.25,0.125,0.06666666666666667,0.06666666666666667
IDTLPNTMFRVQL,non_amp_negative.csv,0,non_amp,0,13,0.03333333333333333,2,0.0,0.0,0.16666666666666666,0.0,0.07692307692307693
IVDYCPAGCR,non_amp_negative.csv,0,non_amp,0,10,0.3,1,0.3333333333333333,0.3333333333333333,0.16666666666666666,0.1,0.1
EKGKEILGKI,non_amp_negative.csv,0,non_amp,0,10,0.2916666666666667,2,0.3333333333333333,0.5,0.0,0.2,0.0
VHYHDCFVR,non_amp_negative.csv,0,non_amp,0,9,0.0,0,0.0,0.0,0.0,0.0,0.0
ARYGKSPYLYPLGY,non_amp_negative.csv,0,non_amp,0,14,0.3225,0,0.4,0.25,0.125,0.14285714285714285,0.14285714285714285
AGDKPGDALLDEWLG,non_amp_negative.csv,0,non_amp,0,15,0.3225,2,0.4,0.25,0.125,0.2,0.06666666666666667
CYISNCPQG,non_amp_negative.csv,0,non_amp,0,9,0.26666666666666666,2,0.3333333333333333,0.0,0.25,0.1111111111111111,0.1111111111111111
RSCPRIWMECTRDSDCMAKCICVAGHCG,non_amp_negative.csv,0,non_amp,1,28,0.14666666666666667,0,0.2,0.1111111111111111,0.0,0.07142857142857142,0.03571428571428571
ISAEAPLYAEVGMPALSPTMT,non_amp_negative.csv,0,non_amp,0,21,0.13452380952380952,2,0.14285714285714285,0.16666666666666666,0.08333333333333333,0.047619047619047616,0.14285714285714285
LGEFAPTRTYRGHDKKDNKKDNKKGQKK,non_amp_negative.csv,0,non_amp,0,28,0.09999999999999999,1,0.1111111111111111,0.1111111111111111,0.05555555555555555,0.10714285714285714,0.03571428571428571
DLMQFETLIMKIAGRSGVWIYGSYGCYCG,non_amp_negative.csv,0,non_amp,0,29,0.22833333333333333,1,0.3,0.2222222222222222,0.0,0.1724137931034483,0.0
EVEMLGDELRTLNQNLGLMR,non_amp_negative.csv,0,non_amp,0,20,0.13333333333333333,2,0.16666666666666666,0.16666666666666666,0.0,0.1,0.0
SSSGLISMPRV,non_amp_negative.csv,0,non_amp,0,11,0.24583333333333332,0,0.25,0.3333333333333333,0.16666666666666666,0.09090909090909091,0.09090909090909091
DRVKKIVVEHLGVDEEKV,non_amp_negative.csv,0,non_amp,0,18,0.13833333333333334,2,0.16666666666666666,0.2,0.0,0.05555555555555555,0.0
GEEERKAMAELEAKKAQEALKA,non_amp_negative.csv,0,non_amp,0,22,0.10267857142857142,0,0.125,0.14285714285714285,0.0,0.045454545454545456,0.0
QNCCNGGCSSKWCKGHARCC,non_amp_negative.csv,0,non_amp,1,20,0.26666666666666666,2,0.3333333333333333,0.3333333333333333,0.0,0.15,0.0
KDGYLPGNEGCKY,non_amp_negative.csv,0,non_amp,0,13,0.36000000000000004,0,0.4,0.5,0.125,0.23076923076923078,0.07692307692307693
SGGGEGSGMWFGPRL,non_amp_negative.csv,0,non_amp,0,15,0.5275000000000001,2,0.6,0.75,0.125,0.4,0.06666666666666667
LICYNDHGYTGKTTETCENGETTCYEKSR,non_amp_negative.csv,0,non_amp,1,29,0.245,1,0.3,0.3333333333333333,0.0,0.10344827586206896,0.0
IRNADMVEKGTVRVTATNIT,non_amp_negative.csv,0,non_amp,0,20,0.11785714285714285,0,0.14285714285714285,0.16666666666666666,0.0,0.05,0.0
QHWSYGWLPG,non_amp_negative.csv,0,non_amp,0,10,0.2916666666666667,2,0.3333333333333333,0.5,0.0,0.2,0.1
FGTYGHPRPRFYYNP,non_amp_negative.csv,0,non_amp,0,15,0.385,1,0.4,0.5,0.25,0.13333333333333333,0.2
AEAAAAPAPAAAPA,non_amp_negative.csv,0,non_amp,1,14,0.07500000000000001,1,0.0,0.0,0.375,0.0,0.21428571428571427
EQQQQQQPQNRRFRE,non_amp_negative.csv,0,non_amp,0,15,0.025,2,0.0,0.0,0.125,0.0,0.06666666666666667
MADEALQHTFFA,non_amp_negative.csv,0,non_amp,0,12,0.0,0,0.0,0.0,0.0,0.0,0.0
DCCGVKLEMCHPCLCDNSCKNYGK,non_amp_negative.csv,0,non_amp,1,24,0.1125,0,0.125,0.125,0.0625,0.08333333333333333,0.041666666666666664
MPFSPDIAYSINYALGKYFFHRISHFLESA,non_amp_negative.csv,0,non_amp,0,30,0.1,0,0.1,0.1,0.1,0.03333333333333333,0.06666666666666667
GNWCCSARVCC,non_amp_negative.csv,0,non_amp,1,11,0.2125,0,0.25,0.3333333333333333,0.0,0.09090909090909091,0.0
KTAIRNIANLCPPKPEMKGI,non_amp_negative.csv,0,non_amp,0,20,0.1261904761904762,0,0.14285714285714285,0.0,0.16666666666666666,0.05,0.15
RICPRILMECKADSDCLAQCICQENGFCG,non_amp_negative.csv,0,non_amp,1,29,0.15777777777777777,1,0.2,0.1111111111111111,0.05555555555555555,0.06896551724137931,0.034482758620689655
MDILSLGWAALMTMFTFSLALTVWARNGF,non_amp_negative.csv,0,non_amp,0,29,0.14666666666666667,0,0.2,0.1111111111111111,0.0,0.06896551724137931,0.0
DAIVALKDRNGSSMQAIKKY,non_amp_negative.csv,0,non_amp,0,20,0.11785714285714285,1,0.14285714285714285,0.16666666666666666,0.0,0.05,0.0
RSCCPCYWGGCPWGQNCYPEGCSGPKV,non_amp_negative.csv,0,non_amp,1,27,0.3104166666666667,2,0.3333333333333333,0.375,0.1875,0.18518518518518517,0.14814814814814814
DVGPSTLANN,non_amp_negative.csv,0,non_amp,0,10,0.3416666666666667,2,0.3333333333333333,0.5,0.25,0.1,0.1
YGIHCNTLL,non_amp_negative.csv,0,non_amp,0,9,0.2916666666666667,1,0.3333333333333333,0.5,0.0,0.1111111111111111,0.0
GPSTDLVIGNKGFDGGIDSAILR,non_amp_negative.csv,0,non_amp,0,23,0.34285714285714286,2,0.42857142857142855,0.42857142857142855,0.0,0.21739130434782608,0.043478260869565216
NLYQFGNMIQCTIPGSNPLL,non_amp_negative.csv,0,non_amp,0,20,0.2833333333333333,2,0.3333333333333333,0.3333333333333333,0.08333333333333333,0.1,0.1
VELQNRLSDESQ,non_amp_negative.csv,0,non_amp,0,12,0.0,0,0.0,0.0,0.0,0.0,0.0
HAGDLGNIVAGSDGV,non_amp_negative.csv,0,non_amp,0,15,0.335,2,0.4,0.5,0.0,0.26666666666666666,0.0
TTPQEVLSRIKDQGIKLIDLKFI,non_amp_negative.csv,0,non_amp,0,23,0.11696428571428572,1,0.125,0.14285714285714285,0.07142857142857142,0.043478260869565216,0.043478260869565216
AKTIAYDEEARRGLERGLNSLADAVKVT,non_amp_negative.csv,0,non_amp,0,28,0.08888888888888888,1,0.1111111111111111,0.1111111111111111,0.0,0.07142857142857142,0.0
CCKYGWTCLLGCSPCGC,non_amp_negative.csv,0,non_amp,1,17,0.27666666666666667,1,0.3333333333333333,0.4,0.0,0.17647058823529413,0.058823529411764705
DECCAIPFCAKIFPGRCP,non_amp_negative.csv,0,non_amp,1,18,0.17833333333333334,2,0.16666666666666666,0.2,0.2,0.05555555555555555,0.16666666666666666
GSFFATPDDRH,non_amp_negative.csv,0,non_amp,0,11,0.2125,0,0.25,0.3333333333333333,0.0,0.09090909090909091,0.09090909090909091
LGTGLGVDQN,non_amp_negative.csv,0,non_amp,0,10,0.2916666666666667,2,0.3333333333333333,0.5,0.0,0.3,0.0
ARPYSFGL,non_amp_negative.csv,0,non_amp,0,8,0.26666666666666666,0,0.3333333333333333,0.0,0.25,0.125,0.125
DVPASIDWREYGYVTEVKD,non_amp_negative.csv,0,non_amp,0,19,0.13833333333333334,2,0.16666666666666666,0.2,0.0,0.05263157894736842,0.05263157894736842
PAWLVDCPCVGDDVNRLLARGEK,non_amp_negative.csv,0,non_amp,0,23,0.1285714285714286,2,0.14285714285714285,0.14285714285714285,0.07142857142857142,0.08695652173913043,0.08695652173913043
VVGGDECNINEHRFL,non_amp_negative.csv,0,non_amp,0,15,0.1675,2,0.2,0.25,0.0,0.13333333333333333,0.0
MKKAWWKEGVVYQIY,non_amp_negative.csv,0,non_amp,0,15,0.1675,2,0.2,0.25,0.0,0.06666666666666667,0.0
DLWSWGQMIQETGLLPSYTTY,non_amp_negative.csv,0,non_amp,0,21,0.13452380952380952,2,0.14285714285714285,0.16666666666666666,0.08333333333333333,0.09523809523809523,0.047619047619047616
GVGCSSGCHKVGGQCRCG,non_amp_negative.csv,0,non_amp,1,18,0.4,0,0.5,0.5,0.0,0.3333333333333333,0.0
MSNFHNEHVMQFYRNNLKTKGVFGRQ,non_amp_negative.csv,0,non_amp,0,26,0.2,2,0.25,0.25,0.0,0.07692307692307693,0.0
MEWYPEAAANAERYTQIVWYK,non_amp_negative.csv,0,non_amp,0,21,0.016666666666666666,2,0.0,0.0,0.08333333333333333,0.0,0.047619047619047616
NLLQFNKMIKVETGKNAIPFYAF,non_amp_negative.csv,0,non_amp,0,23,0.11696428571428572,1,0.125,0.14285714285714285,0.07142857142857142,0.043478260869565216,0.043478260869565216
SCCNAGFCRFGCTPCCY,non_amp_negative.csv,0,non_amp,1,17,0.18000000000000002,2,0.2,0.2,0.1,0.11764705882352941,0.058823529411764705
PVQSVFSATRCGAN,non_amp_negative.csv,0,non_amp,0,14,0.2,2,0.25,0.25,0.0,0.07142857142857142,0.07142857142857142
IANVFAVDIHPAAR,non_amp_negative.csv,0,non_amp,0,14,0.025,0,0.0,0.0,0.125,0.0,0.07142857142857142
QPSQDFMRF,non_amp_negative.csv,0,non_amp,0,9,0.03333333333333333,0,0.0,0.0,0.16666666666666666,0.0,0.1111111111111111
EGLLQLPSDK,non_amp_negative.csv,0,non_amp,0,10,0.3,1,0.3333333333333333,0.3333333333333333,0.16666666666666666,0.1,0.1
ENFAGGCATGYLRTADGRCKPTF,non_amp_negative.csv,0,non_amp,0,23,0.21964285714285714,1,0.25,0.2857142857142857,0.07142857142857142,0.17391304347826086,0.043478260869565216
KVPVDDQFRRVNNGGATDTR,non_amp_negative.csv,0,non_amp,0,20,0.13452380952380952,1,0.14285714285714285,0.16666666666666666,0.08333333333333333,0.1,0.05
IEEVDAIERAVL,non_amp_negative.csv,0,non_amp,0,12,0.0,0,0.0,0.0,0.0,0.0,0.0
GDVVANPESVELK,non_amp_negative.csv,0,non_amp,0,13,0.1675,0,0.2,0.25,0.0,0.07692307692307693,0.07692307692307693
MFFKWISKFIRRLSKCGIKSITSKAYK,non_amp_negative.csv,0,non_amp,0,27,0.09097222222222222,1,0.1111111111111111,0.125,0.0,0.037037037037037035,0.0
GWTLNSAGYLLGPHAIDNHRSFNEKHGIA,non_amp_negative.csv,0,non_amp,0,29,0.18888888888888886,2,0.2222222222222222,0.2222222222222222,0.05555555555555555,0.13793103448275862,0.034482758620689655
LEEQSFSFTKFSTDQQNLILQAHY,non_amp_negative.csv,0,non_amp,0,24,0.0,0,0.0,0.0,0.0,0.0,0.0
GYEVIDTIK,non_amp_negative.csv,0,non_amp,0,9,0.26666666666666666,0,0.3333333333333333,0.3333333333333333,0.0,0.1111111111111111,0.0
HTAGFIPRL,non_amp_negative.csv,0,non_amp,0,9,0.26666666666666666,0,0.3333333333333333,0.3333333333333333,0.0,0.1111111111111111,0.1111111111111111
CCDDSECSTSCWPCCY,non_amp_negative.csv,0,non_amp,1,16,0.025,2,0.0,0.0,0.125,0.0,0.0625
MGQFFAYATVITVKENDHVA,non_amp_negative.csv,0,non_amp,0,20,0.11785714285714285,1,0.14285714285714285,0.16666666666666666,0.0,0.05,0.0
AAGLFQFPRV,non_amp_negative.csv,0,non_amp,0,10,0.3416666666666667,2,0.3333333333333333,0.5,0.25,0.1,0.1
GPESAFLRL,non_amp_negative.csv,0,non_amp,0,9,0.3,0,0.3333333333333333,0.3333333333333333,0.16666666666666666,0.1111111111111111,0.1111111111111111
NSKQPVHIFTTKK,non_amp_negative.csv,0,non_amp,0,13,0.03333333333333333,2,0.0,0.0,0.16666666666666666,0.0,0.07692307692307693
YRRRRRRGRRGRRRRGRRRRSRGRRRAHGG,non_amp_negative.csv,0,non_amp,1,30,0.31,1,0.4,0.3333333333333333,0.0,0.2,0.0
CKGKGASCRKTMYDCCRGSCRSGRC,non_amp_negative.csv,0,non_amp,1,25,0.20535714285714285,2,0.25,0.2857142857142857,0.0,0.16,0.0
CDAPTHYCTNYWECCSGYCEHSHCW,non_amp_negative.csv,0,non_amp,1,25,0.1125,1,0.125,0.125,0.0625,0.04,0.04
SSANPQITRKRHKINSFVGLM,non_amp_negative.csv,0,non_amp,0,21,0.1285714285714286,0,0.14285714285714285,0.14285714285714285,0.07142857142857142,0.047619047619047616,0.047619047619047616
ISGLIYEETRIFLENVIR,non_amp_negative.csv,0,non_amp,0,18,0.13833333333333334,2,0.16666666666666666,0.2,0.0,0.05555555555555555,0.0
HSNVAATILPRSGLGHKHGIV,non_amp_negative.csv,0,non_amp,0,21,0.22857142857142856,0,0.2857142857142857,0.2857142857142857,0.0,0.14285714285714285,0.047619047619047616
CCAFPQWCGAGCIVPCC,non_amp_negative.csv,0,non_amp,1,17,0.18000000000000002,2,0.2,0.2,0.1,0.11764705882352941,0.11764705882352941
VIGGDECNINEHRSL,non_amp_negative.csv,0,non_amp,0,15,0.1675,2,0.2,0.25,0.0,0.13333333333333333,0.0
LCEKFKVQRLVELNCVD,non_amp_negative.csv,0,non_amp,0,17,0.0,0,0.0,0.0,0.0,0.0,0.0
KEICFPRLGCFSDDAPWAGIAQRPL,non_amp_negative.csv,0,non_amp,0,25,0.11696428571428572,2,0.125,0.14285714285714285,0.07142857142857142,0.08,0.12
DINGGGATLPQALYQTSGVL,non_amp_negative.csv,0,non_amp,0,20,0.2833333333333333,2,0.3333333333333333,0.3333333333333333,0.08333333333333333,0.2,0.05
LGSPFGGFDTLGSNR,non_amp_negative.csv,0,non_amp,0,15,0.36000000000000004,2,0.4,0.5,0.125,0.26666666666666666,0.06666666666666667
HNPASFIGLM,non_amp_negative.csv,0,non_amp,0,10,0.3,1,0.3333333333333333,0.3333333333333333,0.16666666666666666,0.1,0.1
EDGSGEFLAEGGGVR,non_amp_negative.csv,0,non_amp,0,15,0.335,1,0.4,0.5,0.0,0.3333333333333333,0.0
CCMALCSRYHCLPCC,non_amp_negative.csv,0,non_amp,1,15,0.025,1,0.0,0.0,0.125,0.0,0.06666666666666667
MDPTVGWIALLAFFVVSIALVVWGRNGF,non_amp_negative.csv,0,non_amp,0,28,0.25416666666666665,2,0.3333333333333333,0.25,0.0,0.10714285714285714,0.03571428571428571
CAVVDVPFGGAKAGVK,non_amp_negative.csv,0,non_amp,0,16,0.1925,2,0.2,0.25,0.125,0.1875,0.0625
QLHVNKARRPYIL,non_amp_negative.csv,0,non_amp,0,13,0.03333333333333333,2,0.0,0.0,0.16666666666666666,0.0,0.07692307692307693
MRWQEMGYIFYPRKLR,non_amp_negative.csv,0,non_amp,0,16,0.15833333333333335,0,0.16666666666666666,0.2,0.1,0.0625,0.0625
MITDSQIFFALCIALTAAVLAIGLGRQLYV,non_amp_negative.csv,0,non_amp,0,30,0.08166666666666667,1,0.1,0.1111111111111111,0.0,0.06666666666666667,0.0
AGCKNFFWKTFTSC,non_amp_negative.csv,0,non_amp,0,14,0.1675,1,0.2,0.25,0.0,0.07142857142857142,0.0
GNALGKEGLKAI,non_amp_negative.csv,0,non_amp,0,12,0.425,1,0.5,0.6666666666666666,0.0,0.25,0.0
TPNSYILQQFENPANPKLIVAIFPSFGER,non_amp_negative.csv,0,non_amp,0,29,0.1111111111111111,2,0.1111111111111111,0.1111111111111111,0.1111111111111111,0.034482758620689655,0.13793103448275862
TETTEGDFIAEGGGVR,non_amp_negative.csv,0,non_amp,0,16,0.335,2,0.4,0.5,0.0,0.25,0.0
MISDIQIMVALFAALFTGILALRLGTELYK,non_amp_negative.csv,0,non_amp,0,30,0.08166666666666667,2,0.1,0.1111111111111111,0.0,0.06666666666666667,0.0
VCCGYKLCHPC,non_amp_negative.csv,0,non_amp,1,11,0.2125,0,0.25,0.3333333333333333,0.0,0.09090909090909091,0.09090909090909091
MKITPLGDNVVIKKLLATA,non_amp_negative.csv,0,non_amp,0,19,0.13452380952380952,0,0.14285714285714285,0.16666666666666666,0.08333333333333333,0.05263157894736842,0.05263157894736842
MHSNNSRQILIPHQNENMFLTELY,non_amp_negative.csv,0,non_amp,0,24,0.014285714285714285,1,0.0,0.0,0.07142857142857142,0.0,0.041666666666666664
AEPVEPWS,non_amp_negative.csv,0,non_amp,0,8,0.1,0,0.0,0.0,0.5,0.0,0.25
LKDAQSRITK,non_amp_negative.csv,0,non_amp,0,10,0.0,0,0.0,0.0,0.0,0.0,0.0
KPRPHQFFGLM,non_amp_negative.csv,0,non_amp,0,11,0.3,2,0.3333333333333333,0.3333333333333333,0.16666666666666666,0.09090909090909091,0.18181818181818182
HHDHHAAVGGGGGGGGGA,non_amp_negative.csv,0,non_amp,0,18,0.41500000000000004,2,0.5,0.6,0.0,0.5,0.0
AFCCPSGWSAYDQNCY,non_amp_negative.csv,0,non_amp,1,16,0.15833333333333335,0,0.16666666666666666,0.2,0.1,0.0625,0.0625
QKCCTGKKGSCSGRACKNLRCCA,non_amp_negative.csv,0,non_amp,1,23,0.22857142857142856,2,0.2857142857142857,0.2857142857142857,0.0,0.13043478260869565,0.0
TRRTAFLFDELSLWHSASQYALILPVGG,non_amp_negative.csv,0,non_amp,0,28,0.08472222222222221,2,0.1111111111111111,0.0,0.0625,0.07142857142857142,0.03571428571428571
KNWAVLVAGSDGLPNYRHHADV,non_amp_negative.csv,0,non_amp,0,22,0.2523809523809524,2,0.2857142857142857,0.3333333333333333,0.08333333333333333,0.09090909090909091,0.045454545454545456
DASFSSWG,non_amp_negative.csv,0,non_amp,0,8,0.21666666666666667,1,0.3333333333333333,0.0,0.0,0.125,0.0
DSGSSRDPGASSGGC,non_amp_negative.csv,0,non_amp,0,15,0.36000000000000004,2,0.4,0.5,0.125,0.26666666666666666,0.06666666666666667
STAGDTHLGGEDF,non_amp_negative.csv,0,non_amp,0,13,0.335,0,0.4,0.5,0.0,0.23076923076923078,0.0
SDLTWTYQSPGDPTNSKN,non_amp_negative.csv,0,non_amp,0,18,0.17833333333333334,1,0.16666666666666666,0.2,0.2,0.05555555555555555,0.1111111111111111
ADETCTDLTILTTQYIAGDFD,non_amp_negative.csv,0,non_amp,0,21,0.11785714285714285,2,0.14285714285714285,0.16666666666666666,0.0,0.047619047619047616,0.0
QWAQWPRPTPQIPP,non_amp_negative.csv,0,non_amp,0,14,0.1,2,0.0,0.0,0.5,0.0,0.35714285714285715
GCCHLLACRFGCSPCCW,non_amp_negative.csv,0,non_amp,1,17,0.15833333333333335,0,0.16666666666666666,0.2,0.1,0.11764705882352941,0.058823529411764705
RPRPQQFFGLM,non_amp_negative.csv,0,non_amp,0,11,0.3,2,0.3333333333333333,0.3333333333333333,0.16666666666666666,0.09090909090909091,0.18181818181818182
AAALSQAADNLR,non_amp_negative.csv,0,non_amp,0,12,0.0,0,0.0,0.0,0.0,0.0,0.0
MNEQSMKPYVIGLDLGGTNSVFGIV,non_amp_negative.csv,0,non_amp,0,25,0.2,1,0.25,0.25,0.0,0.16,0.04
GSGFSSWG,non_amp_negative.csv,0,non_amp,0,8,0.4,2,0.5,0.5,0.0,0.375,0.0
NNPPCCSGYVCEGVYCAVDV,non_amp_negative.csv,0,non_amp,1,20,0.15119047619047618,1,0.14285714285714285,0.16666666666666666,0.16666666666666666,0.1,0.1
YAIVARPRF,non_amp_negative.csv,0,non_amp,0,9,0.05,1,0.0,0.0,0.25,0.0,0.1111111111111111
YSQVSRPRF,non_amp_negative.csv,0,non_amp,0,9,0.05,1,0.0,0.0,0.25,0.0,0.1111111111111111
AVSCGQVDTALTPCL,non_amp_negative.csv,0,non_amp,0,15,0.1925,1,0.2,0.25,0.125,0.06666666666666667,0.06666666666666667
SLINTEVKPFQATAYHNGQFVEVNE,non_amp_negative.csv,0,non_amp,0,25,0.10267857142857142,2,0.125,0.14285714285714285,0.0,0.04,0.04
QAPWPDTISPP,non_amp_negative.csv,0,non_amp,0,11,0.1,2,0.0,0.0,0.5,0.0,0.36363636363636365
KKIEEEAAAAGATAE,non_amp_negative.csv,0,non_amp,0,15,0.1675,1,0.2,0.25,0.0,0.06666666666666667,0.0
EDDHDHHHHHHHHHHHHGVGGGGGGGGGGA,non_amp_negative.csv,0,non_amp,1,30,0.32666666666666666,2,0.4,0.4444444444444444,0.0,0.36666666666666664,0.0
MFKMKFGDTLPRSDFGTGGNKQAPGLELG,non_amp_negative.csv,0,non_amp,0,29,0.34888888888888886,0,0.4,0.4444444444444444,0.1111111111111111,0.20689655172413793,0.06896551724137931
RDFTHTIIDNSDLFSESRNTRLG,non_amp_negative.csv,0,non_amp,0,23,0.08125,1,0.125,0.0,0.0,0.043478260869565216,0.0
SAKDVKFGDSARSMMIAGVNVIAD,non_amp_negative.csv,0,non_amp,0,24,0.10267857142857142,1,0.125,0.14285714285714285,0.0,0.08333333333333333,0.0
MIYSTEVSNMAGV,non_amp_negative.csv,0,non_amp,0,13,0.1625,2,0.25,0.0,0.0,0.07692307692307693,0.0
CKSPGTPCSRGMRDCCTSCLLYSNKCRRY,non_amp_negative.csv,0,non_amp,1,29,0.18555555555555556,1,0.2,0.2222222222222222,0.1111111111111111,0.06896551724137931,0.06896551724137931
NHYSYSSPPPPPVVSSPPPPYYYYSPPPPV,non_amp_negative.csv,0,non_amp,0,30,0.1,0,0.0,0.0,0.5,0.0,0.43333333333333335
MRAKWKKKRMRRLKRKRRKMRQRSK,non_amp_negative.csv,0,non_amp,1,25,0.0,0,0.0,0.0,0.0,0.0,0.0
NFQRDVEITWGDMRR,non_amp_negative.csv,0,non_amp,0,15,0.1675,1,0.2,0.25,0.0,0.06666666666666667,0.0
ADVPGNYPLDSYGNCYPCTILGDNQYCI,non_amp_negative.csv,0,non_amp,1,28,0.18555555555555556,0,0.2,0.2222222222222222,0.1111111111111111,0.10714285714285714,0.10714285714285714
GDDVKSACCDTCLCTKSNPPICRCVDIRET,non_amp_negative.csv,0,non_amp,1,30,0.09000000000000001,0,0.1,0.1,0.05,0.03333333333333333,0.06666666666666667
DLVFYCPKCTAERQTACPKL,non_amp_negative.csv,0,non_amp,1,20,0.03333333333333333,1,0.0,0.0,0.16666666666666666,0.0,0.1
DGDALLKPCKLGDMQKLSSA,non_amp_negative.csv,0,non_amp,0,20,0.15,2,0.16666666666666666,0.16666666666666666,0.08333333333333333,0.1,0.05
IDASTATGDSPVFTATIK,non_amp_negative.csv,0,non_amp,0,18,0.13833333333333334,1,0.16666666666666666,0.2,0.0,0.05555555555555555,0.05555555555555555
CCKQSCTTCMPCCW,non_amp_negative.csv,0,non_amp,1,14,0.025,0,0.0,0.0,0.125,0.0,0.07142857142857142
SADPNFLRF,non_amp_negative.csv,0,non_amp,0,9,0.05,1,0.0,0.0,0.25,0.0,0.1111111111111111
TKATEGEFLAEGGGVR,non_amp_negative.csv,0,non_amp,0,16,0.335,2,0.4,0.5,0.0,0.25,0.0
YYKYKYKY,non_amp_negative.csv,0,non_amp,0,8,0.0,0,0.0,0.0,0.0,0.0,0.0
MDIVNIAWAALMVVSTFSLTLVVWGRSGL,non_amp_negative.csv,0,non_amp,0,29,0.14666666666666667,0,0.2,0.1111111111111111,0.0,0.06896551724137931,0.0
IVRRGCCSDPRCAWRCG,non_amp_negative.csv,0,non_amp,1,17,0.2666666666666667,1,0.3333333333333333,0.2,0.1,0.11764705882352941,0.058823529411764705
GNTKKAVPGFYGTR,non_amp_negative.csv,0,non_amp,0,14,0.42500000000000004,2,0.5,0.5,0.125,0.21428571428571427,0.07142857142857142
MQWTTPSYTDLRFGFEITMYIANR,non_amp_negative.csv,0,non_amp,0,24,0.11696428571428572,1,0.125,0.14285714285714285,0.07142857142857142,0.041666666666666664,0.041666666666666664
QGWPGPKVPP,non_amp_negative.csv,0,non_amp,0,10,0.6666666666666666,1,0.6666666666666666,0.6666666666666666,0.6666666666666666,0.2,0.4
KFADENFQLKH,non_amp_negative.csv,0,non_amp,0,11,0.0,0,0.0,0.0,0.0,0.0,0.0
FLNPFRWVINKYR,non_amp_negative.csv,0,non_amp,0,13,0.03333333333333333,2,0.0,0.0,0.16666666666666666,0.0,0.07692307692307693
YNFNVYTSCTARRK,non_amp_negative.csv,0,non_amp,0,14,0.0,0,0.0,0.0,0.0,0.0,0.0
MLSKSNNTLFNHDCSLSFCKEKVYSKLLV,non_amp_negative.csv,0,non_amp,0,29,0.0,0,0.0,0.0,0.0,0.0,0.0
GSSGLISMTRV,non_amp_negative.csv,0,non_amp,0,11,0.425,0,0.5,0.6666666666666666,0.0,0.18181818181818182,0.0
GADVAHKQQSVNHLLYLVTSHYPSLDYSLL,non_amp_negative.csv,0,non_amp,0,30,0.09000000000000001,0,0.1,0.1,0.05,0.03333333333333333,0.03333333333333333
EQSAGFREYIDFFDGYSLTY,non_amp_negative.csv,0,non_amp,0,20,0.13333333333333333,2,0.16666666666666666,0.16666666666666666,0.0,0.1,0.0
APSLGFHGVR,non_amp_negative.csv,0,non_amp,0,10,0.5333333333333333,1,0.6666666666666666,0.6666666666666666,0.0,0.2,0.1
ANPTFGFTPLGLSSDAN,non_amp_negative.csv,0,non_amp,0,17,0.17833333333333334,1,0.16666666666666666,0.2,0.2,0.11764705882352941,0.11764705882352941
MTRRYWNIDLE,non_amp_negative.csv,0,non_amp,0,11,0.0,0,0.0,0.0,0.0,0.0,0.0
AVDFSKVPTATAGPCKG,non_amp_negative.csv,0,non_amp,0,17,0.17833333333333334,0,0.16666666666666666,0.2,0.2,0.11764705882352941,0.11764705882352941
EGGSSGEASGMWFGPRL,non_amp_negative.csv,0,non_amp,0,17,0.32,2,0.4,0.4,0.0,0.29411764705882354,0.058823529411764705
EDGSDPASGDFLAEGGGVR,non_amp_negative.csv,0,non_amp,0,19,0.41500000000000004,2,0.5,0.6,0.0,0.2631578947368421,0.05263157894736842
SPSLDDERNDNFVRL,non_amp_negative.csv,0,non_amp,0,15,0.020000000000000004,0,0.0,0.0,0.1,0.0,0.06666666666666667
VGCEECPMHCKGKHAVPTCDDGVCNCNV,non_amp_negative.csv,0,non_amp,1,28,0.11597222222222221,2,0.1111111111111111,0.125,0.125,0.10714285714285714,0.07142857142857142
IWGIGCNPCVGDEVTALITRGEA,non_amp_negative.csv,0,non_amp,0,23,0.24285714285714285,2,0.2857142857142857,0.2857142857142857,0.07142857142857142,0.17391304347826086,0.043478260869565216
MPFKLFDVSKPIPERKEHTYVKHCGDP,non_amp_negative.csv,0,non_amp,0,27,0.1222222222222222,0,0.1111111111111111,0.1111111111111111,0.16666666666666666,0.037037037037037035,0.14814814814814814
AGPSATTGVWFGPRL,non_amp_negative.csv,0,non_amp,0,15,0.385,1,0.4,0.5,0.25,0.2,0.13333333333333333
QFNEYGHMRF,non_amp_negative.csv,0,non_amp,0,10,0.2916666666666667,2,0.3333333333333333,0.5,0.0,0.1,0.0
TDTKESDFLAEGGGVR,non_amp_negative.csv,0,non_amp,0,16,0.1675,2,0.2,0.25,0.0,0.1875,0.0
GAVSGLLTNL,non_amp_negative.csv,0,non_amp,0,10,0.26666666666666666,1,0.3333333333333333,0.3333333333333333,0.0,0.2,0.0
NVQLDPFFQEQQQYYQQQQAFFL,non_amp_negative.csv,0,non_amp,0,23,0.014285714285714285,0,0.0,0.0,0.07142857142857142,0.0,0.043478260869565216
FRLDEEFQGPIASQVRRQFLFRPRN,non_amp_negative.csv,0,non_amp,0,25,0.13125,2,0.125,0.14285714285714285,0.14285714285714285,0.04,0.08
KAKCAEIDQDCKTSCDCCKGACTCY,non_amp_negative.csv,0,non_amp,1,25,0.1,1,0.125,0.125,0.0,0.04,0.0
LMRKDVDTLTD,non_amp_negative.csv,0,non_amp,0,11,0.0,0,0.0,0.0,0.0,0.0,0.0
NRPYSFGL,non_amp_negative.csv,0,non_amp,0,8,0.26666666666666666,0,0.3333333333333333,0.0,0.25,0.125,0.125
ACEVTQLAVCASAILGGTKPSGECCGNL,non_amp_negative.csv,0,non_amp,1,28,0.17777777777777776,1,0.2222222222222222,0.2222222222222222,0.0,0.14285714285714285,0.03571428571428571
ICIGYLSNNSTDKVDTIIESNVTVTSSVE,non_amp_negative.csv,0,non_amp,0,29,0.08166666666666667,0,0.1,0.1111111111111111,0.0,0.034482758620689655,0.0
MHLSTLPNVPWPNRSFTTKRPPLPNMSFSW,non_amp_negative.csv,0,non_amp,0,30,0.06666666666666667,1,0.0,0.0,0.3333333333333333,0.0,0.2
QRMCPKILMKCKQDSDCLLDCVCLKEGFCG,non_amp_negative.csv,0,non_amp,1,30,0.15777777777777777,2,0.2,0.1111111111111111,0.05555555555555555,0.06666666666666667,0.03333333333333333
DFWLTEKDLIPKLFKVLAPR,non_amp_negative.csv,0,non_amp,0,20,0.03333333333333333,2,0.0,0.0,0.16666666666666666,0.0,0.1
GRTFFVGGNW,non_amp_negative.csv,0,non_amp,0,10,0.425,0,0.5,0.6666666666666666,0.0,0.3,0.0
KQATCSIPYEYSNGKFKRTLYYSNGVYANS,non_amp_negative.csv,0,non_amp,0,30,0.09000000000000001,0,0.1,0.1,0.05,0.06666666666666667,0.03333333333333333
SPQAKKRIRRNDRRAEVNTARMSR,non_amp_negative.csv,0,non_amp,0,24,0.0125,0,0.0,0.0,0.0625,0.0,0.041666666666666664
EYDDMYTEKRPKVYAFGL,non_amp_negative.csv,0,non_amp,0,18,0.10833333333333334,1,0.16666666666666666,0.0,0.0,0.05555555555555555,0.05555555555555555
MADQLTEEQIAEF,non_amp_negative.csv,0,non_amp,0,13,0.0,0,0.0,0.0,0.0,0.0,0.0
MKRNDKILHYRGLN,non_amp_negative.csv,0,non_amp,0,14,0.2,2,0.25,0.25,0.0,0.07142857142857142,0.0
LLSTLTDTSIKEAVATDKAP,non_amp_negative.csv,0,non_amp,0,20,0.016666666666666666,2,0.0,0.0,0.08333333333333333,0.0,0.05
RCCTGKKGSCSGRACKNLKCCA,non_amp_negative.csv,0,non_amp,1,22,0.22857142857142856,1,0.2857142857142857,0.2857142857142857,0.0,0.13636363636363635,0.0
HSDGTLTSELSRLRDRARLQRLLQGLL,non_amp_negative.csv,0,non_amp,0,27,0.17777777777777776,0,0.2222222222222222,0.2222222222222222,0.0,0.07407407407407407,0.0
DCCGVKLEMCHPCLCDNSCKKSGK,non_amp_negative.csv,0,non_amp,1,24,0.1125,0,0.125,0.125,0.0625,0.08333333333333333,0.041666666666666664
IGDIWSGIQG,non_amp_negative.csv,0,non_amp,0,10,0.375,0,0.5,0.3333333333333333,0.0,0.3,0.0
AQAATPAADGKKKISIDTR,non_amp_negative.csv,0,non_amp,0,19,0.13452380952380952,0,0.14285714285714285,0.16666666666666666,0.08333333333333333,0.05263157894736842,0.05263157894736842
VSHNNFLRF,non_amp_negative.csv,0,non_amp,0,9,0.0,0,0.0,0.0,0.0,0.0,0.0
MPLNIQNIIIIINSSLIIILFSSIFFFQLT,non_amp_negative.csv,0,non_amp,0,30,0.010000000000000002,0,0.0,0.0,0.05,0.0,0.03333333333333333
SPTQDFMRF,non_amp_negative.csv,0,non_amp,0,9,0.03333333333333333,0,0.0,0.0,0.16666666666666666,0.0,0.1111111111111111
GPPYQPLVPR,non_amp_negative.csv,0,non_amp,0,10,0.3458333333333333,0,0.25,0.3333333333333333,0.6666666666666666,0.1,0.4
KCCMRPICTCPCCIGP,non_amp_negative.csv,0,non_amp,1,16,0.155,2,0.2,0.0,0.125,0.0625,0.1875
PDVDHVFLRF,non_amp_negative.csv,0,non_amp,0,10,0.0,0,0.0,0.0,0.0,0.0,0.1
NEQSGISQTVIVGPWGAQVT,non_amp_negative.csv,0,non_amp,0,20,0.2523809523809524,0,0.2857142857142857,0.3333333333333333,0.08333333333333333,0.15,0.05
HSEGTFTSDYSKYLDNRRAKDFVQWLMNT,non_amp_negative.csv,0,non_amp,0,29,0.08166666666666667,0,0.1,0.1111111111111111,0.0,0.034482758620689655,0.0
SVYYGSIEAGGTKFVLAIADEHFNI,non_amp_negative.csv,0,non_amp,0,25,0.2,1,0.25,0.25,0.0,0.12,0.0
KRKCGLCKYRCCSGG,non_amp_negative.csv,0,non_amp,1,15,0.2975,1,0.4,0.25,0.0,0.2,0.0
TDTEFEAAGGGVR,non_amp_negative.csv,0,non_amp,0,13,0.2125,2,0.25,0.3333333333333333,0.0,0.23076923076923078,0.0
ANPEVRNNLP,non_amp_negative.csv,0,non_amp,0,10,0.06666666666666667,1,0.0,0.0,0.3333333333333333,0.0,0.2
MKRISTTITTTITITTGNGAG,non_amp_negative.csv,0,non_amp,0,21,0.11785714285714285,1,0.14285714285714285,0.16666666666666666,0.0,0.14285714285714285,0.0
FQPSLVLDMAQVLLDNYTFPENLM,non_amp_negative.csv,0,non_amp,0,24,0.025,0,0.0,0.0,0.125,0.0,0.08333333333333333
TVLKTDAQCNCEAFKALSLP,non_amp_negative.csv,0,non_amp,0,20,0.016666666666666666,2,0.0,0.0,0.08333333333333333,0.0,0.05
TNDSAGDGTTTASVLAR,non_amp_negative.csv,0,non_amp,0,17,0.16,2,0.2,0.2,0.0,0.11764705882352941,0.0
ANDLVDDK,non_amp_negative.csv,0,non_amp,0,8,0.0,0,0.0,0.0,0.0,0.0,0.0
HSQGTFTSDYSKYLDTRRAQDFVQWLMST,non_amp_negative.csv,0,non_amp,0,29,0.08166666666666667,0,0.1,0.1111111111111111,0.0,0.034482758620689655,0.0
CVTGAPGCVGGGRL,non_amp_negative.csv,0,non_amp,0,14,0.5275000000000001,0,0.6,0.75,0.125,0.35714285714285715,0.07142857142857142
FLVALYTFR,non_amp_negative.csv,0,non_amp,1,9,0.0,0,0.0,0.0,0.0,0.0,0.0
MATRRFSCLLLSTSEIDLSVKRRI,non_amp_negative.csv,0,non_amp,0,24,0.0,0,0.0,0.0,0.0,0.0,0.0
FTAASQTLEAGR,non_amp_negative.csv,0,non_amp,0,12,0.1625,1,0.25,0.0,0.0,0.08333333333333333,0.0
MIIKTLKMSARKRN,non_amp_negative.csv,0,non_amp,0,14,0.0,0,0.0,0.0,0.0,0.0,0.0
MGQEQGIPWIL,non_amp_negative.csv,0,non_amp,0,11,0.3,2,0.3333333333333333,0.3333333333333333,0.16666666666666666,0.18181818181818182,0.09090909090909091
GFGEDIAMKQHQVNSLLDILFVF,non_amp_negative.csv,0,non_amp,0,23,0.11428571428571428,2,0.14285714285714285,0.14285714285714285,0.0,0.08695652173913043,0.0
MANIKSAIKRAKTSEK,non_amp_negative.csv,0,non_amp,0,16,0.0,0,0.0,0.0,0.0,0.0,0.0
CPRILMKCKLDTDCFPTCTCRPSGFCG,non_amp_negative.csv,0,non_amp,1,27,0.18819444444444441,2,0.2222222222222222,0.125,0.125,0.07407407407407407,0.1111111111111111
SNTSHQDFHLFYGDNGMPVH,non_amp_negative.csv,0,non_amp,0,20,0.2523809523809524,0,0.2857142857142857,0.3333333333333333,0.08333333333333333,0.1,0.05
LKSELKEDKE,non_amp_negative.csv,0,non_amp,0,10,0.0,0,0.0,0.0,0.0,0.0,0.0
DYMGWMDF,non_amp_negative.csv,0,non_amp,0,8,0.2916666666666667,0,0.3333333333333333,0.5,0.0,0.125,0.0
SIVLRGKAPFR,non_amp_negative.csv,0,non_amp,0,11,0.26666666666666666,2,0.3333333333333333,0.3333333333333333,0.0,0.09090909090909091,0.09090909090909091
DNLKKRRRCADDD,non_amp_negative.csv,0,non_amp,0,13,0.0,0,0.0,0.0,0.0,0.0,0.0
KADAVFAFQLR,non_amp_negative.csv,0,non_amp,0,11,0.0,0,0.0,0.0,0.0,0.0,0.0
CFIRNCPP,non_amp_negative.csv,0,non_amp,0,8,0.1,2,0.0,0.0,0.5,0.0,0.25
WVDADLNGLR,non_amp_negative.csv,0,non_amp,0,10,0.26666666666666666,1,0.3333333333333333,0.3333333333333333,0.0,0.1,0.0
EMVALSGSHTIGQAR,non_amp_negative.csv,0,non_amp,0,15,0.1675,2,0.2,0.25,0.0,0.13333333333333333,0.0
AINSESGVRSVVPQPCNALPNQGPEK,non_amp_negative.csv,0,non_amp,0,26,0.1284722222222222,0,0.1111111111111111,0.125,0.1875,0.07692307692307693,0.15384615384615385
PAPESGFIRDP,non_amp_negative.csv,0,non_amp,0,11,0.3,2,0.3333333333333333,0.3333333333333333,0.16666666666666666,0.09090909090909091,0.2727272727272727
IWSGIQGAF,non_amp_negative.csv,0,non_amp,0,9,0.5333333333333333,0,0.6666666666666666,0.6666666666666666,0.0,0.2222222222222222,0.0
QVNFSPGW,non_amp_negative.csv,0,non_amp,0,8,0.26666666666666666,0,0.3333333333333333,0.0,0.25,0.125,0.125
TEEGEFLHEGGGVR,non_amp_negative.csv,0,non_amp,0,14,0.335,0,0.4,0.5,0.0,0.2857142857142857,0.0
RQLNPSSQELQSPQQSYLQQPYPQNPYL,non_amp_negative.csv,0,non_amp,0,28,0.05,2,0.0,0.0,0.25,0.0,0.17857142857142858
STRCQGRGASCRKTMYNCCSGSCNRGRCG,non_amp_negative.csv,0,non_amp,1,29,0.22833333333333333,1,0.3,0.2222222222222222,0.0,0.1724137931034483,0.0
SPTLDDEHNDNFVRL,non_amp_negative.csv,0,non_amp,0,15,0.020000000000000004,0,0.0,0.0,0.1,0.0,0.06666666666666667
MNIVDIAWAALMVVFTFSLSLVVWGRSGL,non_amp_negative.csv,0,non_amp,0,29,0.14666666666666667,0,0.2,0.1111111111111111,0.0,0.06896551724137931,0.0
SPAFQAQKQAKVNDVLDKLY,non_amp_negative.csv,0,non_amp,0,20,0.016666666666666666,0,0.0,0.0,0.08333333333333333,0.0,0.05
MDFIIDIIKKIVGLFTGK,non_amp_negative.csv,0,non_amp,0,18,0.13333333333333333,0,0.16666666666666666,0.16666666666666666,0.0,0.1111111111111111,0.0
TSFTLYMR,non_amp_negative.csv,0,non_amp,0,8,0.0,0,0.0,0.0,0.0,0.0,0.0
DRTPALRLRF,non_amp_negative.csv,0,non_amp,0,10,0.05,2,0.0,0.0,0.25,0.0,0.1
MDSKAVLKGMLEKAYRIEAGFEKRG,non_amp_negative.csv,0,non_amp,0,25,0.10267857142857142,2,0.125,0.14285714285714285,0.0,0.12,0.0
FNPCPYSDDTVKMIILTRENKKHDF,non_amp_negative.csv,0,non_amp,0,25,0.025,0,0.0,0.0,0.125,0.0,0.08
MKYINCVYNINYKLKPHSHYK,non_amp_negative.csv,0,non_amp,0,21,0.016666666666666666,1,0.0,0.0,0.08333333333333333,0.0,0.047619047619047616
NGIKLQGQIESFDQYVVLLRNTVTQMV,non_amp_negative.csv,0,non_amp,0,27,0.09097222222222222,1,0.1111111111111111,0.125,0.0,0.07407407407407407,0.0
ENFAGGCIPGYMRTADGRCKPTY,non_amp_negative.csv,0,non_amp,0,23,0.23392857142857143,1,0.25,0.2857142857142857,0.14285714285714285,0.17391304347826086,0.08695652173913043
SPGALEDEHNDNFLRF,non_amp_negative.csv,0,non_amp,0,16,0.1675,2,0.2,0.25,0.0,0.0625,0.0625
MGKGDRRTRRGKIWRGTYGKYRPRKKK,non_amp_negative.csv,0,non_amp,1,27,0.2777777777777778,0,0.3333333333333333,0.3333333333333333,0.05555555555555555,0.18518518518518517,0.037037037037037035
NMYLPPVPPPPVVPTF,non_amp_negative.csv,0,non_amp,0,16,0.125,2,0.0,0.0,0.625,0.0,0.4375
TCLARDELCGASFLSNFLCCDGLCLLICV,non_amp_negative.csv,0,non_amp,1,29,0.16333333333333333,0,0.2,0.2222222222222222,0.0,0.06896551724137931,0.0
SVDFDSESPR,non_amp_negative.csv,0,non_amp,0,10,0.03333333333333333,0,0.0,0.0,0.16666666666666666,0.0,0.1
QNGPRPIGIPP,non_amp_negative.csv,0,non_amp,0,11,0.36666666666666664,2,0.3333333333333333,0.3333333333333333,0.5,0.18181818181818182,0.36363636363636365
ARGYDFGL,non_amp_negative.csv,0,non_amp,0,8,0.4,2,0.5,0.5,0.0,0.25,0.0
PAWLVDCPCVGDDISRLLTRGEK,non_amp_negative.csv,0,non_amp,0,23,0.1285714285714286,2,0.14285714285714285,0.14285714285714285,0.07142857142857142,0.08695652173913043,0.08695652173913043
NLAQFGFMIRCANGGSRSALDYADYGC,non_amp_negative.csv,0,non_amp,0,27,0.18194444444444444,2,0.2222222222222222,0.25,0.0,0.14814814814814814,0.0
VNRILKHGKKSLAYQIIYRA,non_amp_negative.csv,0,non_amp,0,20,0.11785714285714285,1,0.14285714285714285,0.16666666666666666,0.0,0.05,0.0
ETDLLLDDSLVSLFGNRR,non_amp_negative.csv,0,non_amp,0,18,0.13833333333333334,2,0.16666666666666666,0.2,0.0,0.05555555555555555,0.0
VIGGDECNINEHRFLVALYDF,non_amp_negative.csv,0,non_amp,0,21,0.11785714285714285,2,0.14285714285714285,0.16666666666666666,0.0,0.09523809523809523,0.0
GLGPRPLRF,non_amp_negative.csv,0,non_amp,0,9,0.3416666666666667,2,0.3333333333333333,0.5,0.25,0.2222222222222222,0.2222222222222222
TTAIEPFISLGDK,non_amp_negative.csv,0,non_amp,0,13,0.225,1,0.25,0.25,0.125,0.07692307692307693,0.07692307692307693
DPAFSSWG,non_amp_negative.csv,0,non_amp,0,8,0.21666666666666667,1,0.3333333333333333,0.0,0.0,0.125,0.125
MPKIIEAVYENGVFKPLQKVDLREGERE,non_amp_negative.csv,0,non_amp,0,28,0.10347222222222222,2,0.1111111111111111,0.125,0.0625,0.07142857142857142,0.07142857142857142
SFREQCVPGREITYECLNACAEYAVRQ,non_amp_negative.csv,0,non_amp,1,27,0.10347222222222222,2,0.1111111111111111,0.125,0.0625,0.037037037037037035,0.037037037037037035
MMKLVIILIVLLLVSFAAY,non_amp_negative.csv,0,non_amp,1,19,0.0,0,0.0,0.0,0.0,0.0,0.0
CTMLNVLTGTQEGLR,non_amp_negative.csv,0,non_amp,0,15,0.1675,2,0.2,0.25,0.0,0.13333333333333333,0.0
AQITLTNKASYTVTPPAQANAADA,non_amp_negative.csv,0,non_amp,0,24,0.02857142857142857,1,0.0,0.0,0.14285714285714285,0.0,0.08333333333333333
MAWTAPKITEVPLGAEINSYVCGQKK,non_amp_negative.csv,0,non_amp,0,26,0.20694444444444443,1,0.2222222222222222,0.25,0.125,0.07692307692307693,0.07692307692307693
GCGGVCAYGESCPSSCNTCYSAQCTAQ,non_amp_negative.csv,0,non_amp,1,27,0.19444444444444445,2,0.2222222222222222,0.25,0.0625,0.14814814814814814,0.037037037037037035
YGLAADHVLDAR,non_amp_negative.csv,0,non_amp,0,12,0.2125,1,0.25,0.3333333333333333,0.0,0.08333333333333333,0.0
VAGRSVVKIAEGYL,non_amp_negative.csv,0,non_amp,0,14,0.4,2,0.5,0.5,0.0,0.14285714285714285,0.0
GSTGLIPFGRP,non_amp_negative.csv,0,non_amp,0,11,0.425,0,0.5,0.6666666666666666,0.0,0.2727272727272727,0.18181818181818182
LSVNYQWLVR,non_amp_negative.csv,0,non_amp,0,10,0.0,0,0.0,0.0,0.0,0.0,0.0
DCPSDWSPYEGHCYRVFTEPQNWADAEKFC,non_amp_negative.csv,0,non_amp,1,30,0.09277777777777778,1,0.1,0.1111111111111111,0.05555555555555555,0.03333333333333333,0.1
SESEVPGMWFGPRL,non_amp_negative.csv,0,non_amp,0,14,0.2175,0,0.2,0.25,0.25,0.14285714285714285,0.14285714285714285
INWLKLGKAVIDAL,non_amp_negative.csv,0,non_amp,0,14,0.1675,0,0.2,0.25,0.0,0.07142857142857142,0.0
TWEECCKNPGCRNNHVDRCRGQV,non_amp_negative.csv,0,non_amp,1,23,0.11696428571428572,0,0.125,0.14285714285714285,0.07142857142857142,0.08695652173913043,0.043478260869565216
LICFNDFSPTARTLEYCQIGITTYNPS,non_amp_negative.csv,0,non_amp,0,27,0.10347222222222222,1,0.1111111111111111,0.125,0.0625,0.037037037037037035,0.07407407407407407
YSKNATYLITVLLFSFVAMLLIIP,non_amp_negative.csv,0,non_amp,1,24,0.0125,0,0.0,0.0,0.0625,0.0,0.041666666666666664
MSQSKYRQL,non_amp_negative.csv,0,non_amp,0,9,0.0,0,0.0,0.0,0.0,0.0,0.0
VDRRTPVKLNASGTP,non_amp_negative.csv,0,non_amp,0,15,0.2,0,0.2,0.2,0.2,0.06666666666666667,0.13333333333333333
LFEENGGAL,non_amp_negative.csv,0,non_amp,0,9,0.2916666666666667,2,0.3333333333333333,0.5,0.0,0.2222222222222222,0.0
LVDERMSTEGTGLSLGLSNN,non_amp_negative.csv,0,non_amp,0,20,0.2357142857142857,0,0.2857142857142857,0.3333333333333333,0.0,0.15,0.0
TKDEGTFIAEGGGVR,non_amp_negative.csv,0,non_amp,0,15,0.335,1,0.4,0.5,0.0,0.26666666666666666,0.0
CKGKGASCRRTSYDCCTGSCRLGRC,non_amp_negative.csv,0,non_amp,1,25,0.20535714285714285,2,0.25,0.2857142857142857,0.0,0.16,0.0
DPGFSSWG,non_amp_negative.csv,0,non_amp,0,8,0.4,2,0.5,0.5,0.0,0.25,0.125
MKRGYEVVRDPHLNK,non_amp_negative.csv,0,non_amp,0,15,0.18000000000000002,0,0.2,0.2,0.1,0.06666666666666667,0.06666666666666667
SPTVIALRVVEALSPR,non_amp_negative.csv,0,non_amp,0,16,0.04000000000000001,0,0.0,0.0,0.2,0.0,0.125
KEGYLFGSRG,non_amp_negative.csv,0,non_amp,0,10,0.375,0,0.5,0.3333333333333333,0.0,0.3,0.0
NEESDLIADKFTNYNKLIRPAKH,non_amp_negative.csv,0,non_amp,0,23,0.014285714285714285,0,0.0,0.0,0.07142857142857142,0.0,0.043478260869565216
AIGPVADLHI,non_amp_negative.csv,0,non_amp,0,10,0.3416666666666667,2,0.3333333333333333,0.5,0.25,0.1,0.1
PCCSKLHDNSCCGL,non_amp_negative.csv,0,non_amp,1,14,0.13,0,0.2,0.0,0.0,0.07142857142857142,0.07142857142857142
MIFDGKVAIITGGGKAKSIGYGIAVAYAK,non_amp_negative.csv,0,non_amp,0,29,0.245,1,0.3,0.3333333333333333,0.0,0.20689655172413793,0.0
SEDETRLVKNLFSGYNKVVRPVNH,non_amp_negative.csv,0,non_amp,0,24,0.11696428571428572,1,0.125,0.14285714285714285,0.07142857142857142,0.041666666666666664,0.041666666666666664
MQWDEAIHGS,non_amp_negative.csv,0,non_amp,0,10,0.21666666666666667,2,0.3333333333333333,0.0,0.0,0.1,0.0
GDDVKSACCDTCLCTKSNPPTCRCVDVGET,non_amp_negative.csv,0,non_amp,1,30,0.17,0,0.2,0.2,0.05,0.06666666666666667,0.06666666666666667
ARRRRRHASTKLKRRRRRRRHGKKSHK,non_amp_negative.csv,0,non_amp,1,27,0.08888888888888888,0,0.1111111111111111,0.1111111111111111,0.0,0.037037037037037035,0.0
VIGGDECNINEHRSLVAIFDS,non_amp_negative.csv,0,non_amp,0,21,0.11785714285714285,2,0.14285714285714285,0.16666666666666666,0.0,0.09523809523809523,0.0
MKRQDLPRSRSLRSCE,non_amp_negative.csv,0,non_amp,0,16,0.025,2,0.0,0.0,0.125,0.0,0.0625
AVGDDTPQLY,non_amp_negative.csv,0,non_amp,0,10,0.3416666666666667,2,0.3333333333333333,0.5,0.25,0.1,0.1
QDLDHVFMRF,non_amp_negative.csv,0,non_amp,0,10,0.0,0,0.0,0.0,0.0,0.0,0.0
QPSKDAFIGLM,non_amp_negative.csv,0,non_amp,0,11,0.26666666666666666,2,0.3333333333333333,0.3333333333333333,0.0,0.09090909090909091,0.09090909090909091
MRFCWQKSIHGS,non_amp_negative.csv,0,non_amp,0,12,0.1625,1,0.25,0.0,0.0,0.08333333333333333,0.0
EREQLRDQVYDAMAE,non_amp_negative.csv,0,non_amp,0,15,0.0,0,0.0,0.0,0.0,0.0,0.0
DNWWPKPPHQGPRPPRPRPKP,non_amp_negative.csv,0,non_amp,0,21,0.1845238095238095,1,0.14285714285714285,0.16666666666666666,0.3333333333333333,0.047619047619047616,0.42857142857142855
GFCCPSGWSSYDR,non_amp_negative.csv,0,non_amp,0,13,0.36000000000000004,0,0.4,0.5,0.125,0.15384615384615385,0.07692307692307693
HSQGTFTNDYTKYQDSRRAQDFVQWLMSN,non_amp_negative.csv,0,non_amp,0,29,0.08166666666666667,0,0.1,0.1111111111111111,0.0,0.034482758620689655,0.0
RIISSVAVAVAGTA,non_amp_negative.csv,0,non_amp,0,14,0.2,2,0.25,0.25,0.0,0.07142857142857142,0.0
SCSCQKHFSCCD,non_amp_negative.csv,0,non_amp,1,12,0.0,0,0.0,0.0,0.0,0.0,0.0
TPEHQRYVELFIVVD,non_amp_negative.csv,0,non_amp,0,15,0.020000000000000004,0,0.0,0.0,0.1,0.0,0.06666666666666667
GFDVIDTIK,non_amp_negative.csv,0,non_amp,0,9,0.26666666666666666,0,0.3333333333333333,0.3333333333333333,0.0,0.1111111111111111,0.0
MLVLYRKRFSGFRFYFLSIFKYII,non_amp_negative.csv,0,non_amp,0,24,0.10267857142857142,1,0.125,0.14285714285714285,0.0,0.041666666666666664,0.0
EQCQDMAGGAR,non_amp_negative.csv,0,non_amp,0,11,0.26666666666666666,2,0.3333333333333333,0.3333333333333333,0.0,0.18181818181818182,0.0
MADIVSAGWAFLMVSFTFSLSLVVWGRSGL,non_amp_negative.csv,0,non_amp,0,30,0.22833333333333333,1,0.3,0.2222222222222222,0.0,0.1,0.0
DEGGTQYTPRL,non_amp_negative.csv,0,non_amp,0,11,0.26666666666666666,2,0.3333333333333333,0.3333333333333333,0.0,0.18181818181818182,0.09090909090909091
VQGMVYCDTCRSANALGFMR,non_amp_negative.csv,0,non_amp,0,20,0.13333333333333333,2,0.16666666666666666,0.16666666666666666,0.0,0.1,0.0
MMKLVIILVVLLLLSFPTY,non_amp_negative.csv,0,non_amp,1,19,0.020000000000000004,2,0.0,0.0,0.1,0.0,0.05263157894736842
GSSGLIAFPRL,non_amp_negative.csv,0,non_amp,0,11,0.4583333333333333,0,0.5,0.6666666666666666,0.16666666666666666,0.18181818181818182,0.09090909090909091
MDILSISWAFLMVVFTFSLSLVVWGRSGL,non_amp_negative.csv,0,non_amp,0,29,0.14666666666666667,0,0.2,0.1111111111111111,0.0,0.06896551724137931,0.0
DHLSHDVYSPRL,non_amp_negative.csv,0,non_amp,0,12,0.03333333333333333,1,0.0,0.0,0.16666666666666666,0.0,0.08333333333333333
ENFVGGCTPGYQRTADGRCKPTF,non_amp_negative.csv,0,non_amp,0,23,0.23392857142857143,1,0.25,0.2857142857142857,0.14285714285714285,0.17391304347826086,0.08695652173913043
AQGDNPDKDTDGN,non_amp_negative.csv,0,non_amp,0,13,0.375,2,0.5,0.3333333333333333,0.0,0.15384615384615385,0.07692307692307693
YCQKWMWTCDSERKCCEGMVCRLWCKKKLW,non_amp_negative.csv,0,non_amp,1,30,0.08166666666666667,2,0.1,0.1111111111111111,0.0,0.03333333333333333,0.0
MGGVGKTKRMRRLKRKRRKMRQRSK,non_amp_negative.csv,0,non_amp,1,25,0.2,1,0.25,0.25,0.0,0.12,0.0
VAGKSFVPIAAGRQ,non_amp_negative.csv,0,non_amp,0,14,0.42500000000000004,2,0.5,0.5,0.125,0.14285714285714285,0.07142857142857142
RGSNLTIHPLRNIIDLFYVG,non_amp_negative.csv,0,non_amp,0,20,0.22738095238095238,1,0.2857142857142857,0.16666666666666666,0.08333333333333333,0.1,0.05
VIGGDECDINEHPFL,non_amp_negative.csv,0,non_amp,0,15,0.1925,2,0.2,0.25,0.125,0.13333333333333333,0.06666666666666667
LSAMLEDTENWLYEELSLTQDPVV,non_amp_negative.csv,0,non_amp,0,24,0.014285714285714285,1,0.0,0.0,0.07142857142857142,0.0,0.041666666666666664
NLIQLSNMIKCAIPGSRPLFQYTDYGCY,non_amp_negative.csv,0,non_amp,0,28,0.10347222222222222,2,0.1111111111111111,0.125,0.0625,0.07142857142857142,0.07142857142857142
RVSNLTIHPLRNIIDLRYVG,non_amp_negative.csv,0,non_amp,0,20,0.10952380952380952,1,0.14285714285714285,0.0,0.08333333333333333,0.05,0.05
AVGNEVFANR,non_amp_negative.csv,0,non_amp,0,10,0.2916666666666667,2,0.3333333333333333,0.5,0.0,0.1,0.0
WCKQSGEMCNVLDQNCCDGYCIVFVCT,non_amp_negative.csv,0,non_amp,1,27,0.09097222222222222,2,0.1111111111111111,0.125,0.0,0.07407407407407407,0.0
IVGGFTIGIDTVPY,non_amp_negative.csv,0,non_amp,0,14,0.225,2,0.25,0.25,0.125,0.21428571428571427,0.07142857142857142
MAQDIISTIGDLVKWIIDTVNKFTKK,non_amp_negative.csv,0,non_amp,0,26,0.09097222222222222,0,0.1111111111111111,0.125,0.0,0.038461538461538464,0.0
LAKTVPLNDGTNFPIFGG,non_amp_negative.csv,0,non_amp,0,18,0.16666666666666666,0,0.16666666666666666,0.16666666666666666,0.16666666666666666,0.16666666666666666,0.1111111111111111
EQQCTPGQTKKEDCNNCTSGD,non_amp_negative.csv,0,non_amp,1,21,0.1285714285714286,0,0.14285714285714285,0.14285714285714285,0.07142857142857142,0.09523809523809523,0.047619047619047616
CYISNCPIG,non_amp_negative.csv,0,non_amp,0,9,0.26666666666666666,2,0.3333333333333333,0.0,0.25,0.1111111111111111,0.1111111111111111
RHGCCKGPKGCSSRECRPQHCC,non_amp_negative.csv,0,non_amp,1,22,0.23392857142857143,0,0.25,0.2857142857142857,0.14285714285714285,0.13636363636363635,0.09090909090909091
SANPALAPRERKAGCKNFFWKTFTSC,non_amp_negative.csv,0,non_amp,0,26,0.10347222222222222,1,0.1111111111111111,0.125,0.0625,0.038461538461538464,0.07692307692307693
MDIVSLAWAALMVVFSFSLSLVVWGRSGL,non_amp_negative.csv,0,non_amp,0,29,0.14666666666666667,0,0.2,0.1111111111111111,0.0,0.06896551724137931,0.0
VDTSRLFLTVVNNPPTVV,non_amp_negative.csv,0,non_amp,0,18,0.03333333333333333,0,0.0,0.0,0.16666666666666666,0.0,0.1111111111111111
TTKPVPSGSPWYGPDRVKNRELEVIHSR,non_amp_negative.csv,0,non_amp,0,28,0.1222222222222222,1,0.1111111111111111,0.1111111111111111,0.16666666666666666,0.07142857142857142,0.14285714285714285
SGSIIHSMEANVGYSPDKSQNMVLMGGLK,non_amp_negative.csv,0,non_amp,0,29,0.17444444444444443,1,0.2,0.2222222222222222,0.05555555555555555,0.13793103448275862,0.034482758620689655
MKQGINGFARRGRL,non_amp_negative.csv,0,non_amp,0,14,0.335,0,0.4,0.5,0.0,0.21428571428571427,0.0
EHDPSAPGNGYC,non_amp_negative.csv,0,non_amp,0,12,0.2791666666666667,1,0.25,0.3333333333333333,0.3333333333333333,0.16666666666666666,0.16666666666666666
AYSNLNYLRF,non_amp_negative.csv,0,non_amp,0,10,0.0,0,0.0,0.0,0.0,0.0,0.0
NLMQFETLIMKVAGRSGVWYYGS,non_amp_negative.csv,0,non_amp,0,23,0.20535714285714285,1,0.25,0.2857142857142857,0.0,0.13043478260869565,0.0
ADLIQRRQRSEFQSDIKGILYTVIKKNPDL,non_amp_negative.csv,0,non_amp,0,30,0.09277777777777778,2,0.1,0.1111111111111111,0.05555555555555555,0.03333333333333333,0.03333333333333333
DCCWPGRPDCCAP,non_amp_negative.csv,0,non_amp,1,13,0.2791666666666667,2,0.25,0.3333333333333333,0.3333333333333333,0.07692307692307693,0.23076923076923078
IIAGTARSMGITVEG,non_amp_negative.csv,0,non_amp,0,15,0.32,0,0.4,0.4,0.0,0.2,0.0
KKDGYPIQENGCKY,non_amp_negative.csv,0,non_amp,0,14,0.1925,0,0.2,0.25,0.125,0.14285714285714285,0.07142857142857142
GPSGFYGVR,non_amp_negative.csv,0,non_amp,0,9,0.8333333333333334,0,1.0,1.0,0.16666666666666666,0.3333333333333333,0.1111111111111111
MNAAIFRFFFYFST,non_amp_negative.csv,0,non_amp,1,14,0.0,0,0.0,0.0,0.0,0.0,0.0
VIDVNDEW,non_amp_negative.csv,0,non_amp,0,8,0.0,0,0.0,0.0,0.0,0.0,0.0
IIGGDECNINEHRFL,non_amp_negative.csv,0,non_amp,0,15,0.1675,2,0.2,0.25,0.0,0.13333333333333333,0.0
SRDIVSVYDD,non_amp_negative.csv,0,non_amp,0,10,0.0,0,0.0,0.0,0.0,0.0,0.0
GSTGLISFGRT,non_amp_negative.csv,0,non_amp,0,11,0.425,0,0.5,0.6666666666666666,0.0,0.2727272727272727,0.0
MNPNCARCGKIVYPTEKVNCLDKFWHKACF,non_amp_negative.csv,0,non_amp,1,30,0.09277777777777778,2,0.1,0.1111111111111111,0.05555555555555555,0.03333333333333333,0.06666666666666667
SIPLPSLNFEQFGNMIQCTI,non_amp_negative.csv,0,non_amp,0,20,0.15119047619047618,0,0.14285714285714285,0.16666666666666666,0.16666666666666666,0.05,0.1
ISDDIQSIIQGIF,non_amp_negative.csv,0,non_amp,0,13,0.2,1,0.25,0.25,0.0,0.07692307692307693,0.0
GLLPKVKLVPEQISFILSTRENR,non_amp_negative.csv,0,non_amp,0,23,0.10267857142857142,0,0.125,0.14285714285714285,0.0,0.043478260869565216,0.08695652173913043
ENFAGGCATGFLRTADGRCKPTF,non_amp_negative.csv,0,non_amp,0,23,0.21964285714285714,1,0.25,0.2857142857142857,0.07142857142857142,0.17391304347826086,0.043478260869565216
FQSGVLSPTISPNYSHDMNSM,non_amp_negative.csv,0,non_amp,0,21,0.14285714285714285,0,0.14285714285714285,0.14285714285714285,0.14285714285714285,0.047619047619047616,0.09523809523809523
MSKRAMKKIIPLITLFVVTLVG,non_amp_negative.csv,0,non_amp,0,22,0.0955357142857143,0,0.125,0.0,0.07142857142857142,0.045454545454545456,0.045454545454545456
DDETTFPCNSGRCACLPEDSHSYTCQSP,non_amp_negative.csv,0,non_amp,1,28,0.1111111111111111,1,0.1111111111111111,0.1111111111111111,0.1111111111111111,0.03571428571428571,0.10714285714285714
QVNFSPGWG,non_amp_negative.csv,0,non_amp,0,9,0.3,0,0.3333333333333333,0.3333333333333333,0.16666666666666666,0.2222222222222222,0.1111111111111111
GCCHPSTCHVRKGCSRCCS,non_amp_negative.csv,0,non_amp,1,19,0.2523809523809524,0,0.2857142857142857,0.3333333333333333,0.08333333333333333,0.10526315789473684,0.05263157894736842
APEESPKRAPSGFLGVR,non_amp_negative.csv,0,non_amp,0,17,0.34,2,0.4,0.4,0.1,0.11764705882352941,0.17647058823529413
APLMGFQGVR,non_amp_negative.csv,0,non_amp,0,10,0.5333333333333333,1,0.6666666666666666,0.6666666666666666,0.0,0.2,0.1
MRAKWRKKRMRRLKRKRRKMRQRSK,non_amp_negative.csv,0,non_amp,1,25,0.0,0,0.0,0.0,0.0,0.0,0.0
ACLDIGNSCRED,non_amp_negative.csv,0,non_amp,0,12,0.2125,2,0.25,0.3333333333333333,0.0,0.08333333333333333,0.0
LVPFRPRL,non_amp_negative.csv,0,non_amp,0,8,0.1,0,0.0,0.0,0.5,0.0,0.25
MATRGFSCLLLVISEIDLSVKRWV,non_amp_negative.csv,0,non_amp,0,24,0.10267857142857142,1,0.125,0.14285714285714285,0.0,0.041666666666666664,0.0
GYEEREIAETVRELEEA,non_amp_negative.csv,0,non_amp,0,17,0.13833333333333334,0,0.16666666666666666,0.2,0.0,0.058823529411764705,0.0
NRQPSKYGLEETI,non_amp_negative.csv,0,non_amp,0,13,0.225,1,0.25,0.25,0.125,0.07692307692307693,0.07692307692307693
NIVDVPCRDDYYRDSSGNGVYDQLGGCGAA,non_amp_negative.csv,0,non_amp,0,30,0.25,0,0.3,0.3,0.05,0.16666666666666666,0.03333333333333333
MLKSEVSKQISMPLTAPAF,non_amp_negative.csv,0,non_amp,0,19,0.04000000000000001,2,0.0,0.0,0.2,0.0,0.10526315789473684
MKKVHVLGAGTMGAGI,non_amp_negative.csv,0,non_amp,0,16,0.27666666666666667,0,0.3333333333333333,0.4,0.0,0.25,0.0
TPLKESTCYLPKETGPCVGYFFRYY,non_amp_negative.csv,0,non_amp,0,25,0.13125,2,0.125,0.14285714285714285,0.14285714285714285,0.08,0.12
PAGHGARARTRDLFAR,non_amp_negative.csv,0,non_amp,0,16,0.1675,2,0.2,0.25,0.0,0.125,0.0625
LQPKLEYQYKYHGIVALGIPSYKTQFYDAH,non_amp_negative.csv,0,non_amp,0,30,0.1,0,0.1,0.1,0.1,0.06666666666666667,0.06666666666666667
TMYGLHIDDVIGELRGENELLVIVGAG,non_amp_negative.csv,0,non_amp,0,27,0.26666666666666666,0,0.3333333333333333,0.3333333333333333,0.0,0.18518518518518517,0.0
EATVDMPLD,non_amp_negative.csv,0,non_amp,0,9,0.05,1,0.0,0.0,0.25,0.0,0.1111111111111111
ALKDEFEEHAEKAKTLPENTSNENKLILYG,non_amp_negative.csv,0,non_amp,0,30,0.07611111111111112,2,0.1,0.0,0.05555555555555555,0.03333333333333333,0.03333333333333333
RGSNLTIHPLRNIRD,non_amp_negative.csv,0,non_amp,0,15,0.1925,1,0.2,0.25,0.125,0.06666666666666667,0.06666666666666667
MDLIPDLAVETWLLLAVTLV,non_amp_negative.csv,0,non_amp,0,20,0.016666666666666666,0,0.0,0.0,0.08333333333333333,0.0,0.05
VIGGDECNINEHPFLVLVYY,non_amp_negative.csv,0,non_amp,0,20,0.15,2,0.16666666666666666,0.16666666666666666,0.08333333333333333,0.1,0.05
ETVPYMFEN,non_amp_negative.csv,0,non_amp,0,9,0.05,1,0.0,0.0,0.25,0.0,0.1111111111111111
TDRNFLRL,non_amp_negative.csv,0,non_amp,0,8,0.0,0,0.0,0.0,0.0,0.0,0.0
GSSGLIPMGRV,non_amp_negative.csv,0,non_amp,0,11,0.425,0,0.5,0.6666666666666666,0.0,0.2727272727272727,0.09090909090909091
ITAGFISSSANTVYVKKGDVMVFPR,non_amp_negative.csv,0,non_amp,0,25,0.10347222222222222,0,0.1111111111111111,0.125,0.0625,0.08,0.04
SYAMEHFRWGKPV,non_amp_negative.csv,0,non_amp,0,13,0.1925,0,0.2,0.25,0.125,0.07692307692307693,0.07692307692307693
GHAKGDKKVSKK,non_amp_negative.csv,0,non_amp,0,12,0.2125,1,0.25,0.3333333333333333,0.0,0.16666666666666666,0.0
GSGASGSMPATTS,non_amp_negative.csv,0,non_amp,0,13,0.425,2,0.5,0.6666666666666666,0.0,0.23076923076923078,0.07692307692307693
QVKAMKQLGDYITNLK,non_amp_negative.csv,0,non_amp,0,16,0.1675,2,0.2,0.25,0.0,0.0625,0.0
CKCPSCNFNDVTENCKCCIFRQP,non_amp_negative.csv,0,non_amp,1,23,0.02857142857142857,2,0.0,0.0,0.14285714285714285,0.0,0.08695652173913043
DLAGEIHGLSNVK,non_amp_negative.csv,0,non_amp,0,13,0.2,1,0.25,0.25,0.0,0.15384615384615385,0.0
QGLIAFPRV,non_amp_negative.csv,0,non_amp,0,9,0.3416666666666667,1,0.3333333333333333,0.5,0.25,0.1111111111111111,0.1111111111111111
DVNGGWSCATTVDAKFRPNGCTD,non_amp_negative.csv,0,non_amp,0,23,0.21964285714285714,1,0.25,0.2857142857142857,0.07142857142857142,0.13043478260869565,0.043478260869565216
MKAIFVLKGWWRTS,non_amp_negative.csv,0,non_amp,0,14,0.2,2,0.25,0.25,0.0,0.07142857142857142,0.0
MKLRKILKSMFNNYCKTFKDVPPGNMFR,non_amp_negative.csv,0,non_amp,0,28,0.11597222222222221,2,0.1111111111111111,0.125,0.125,0.03571428571428571,0.07142857142857142
MLGFLVLP,non_amp_negative.csv,0,non_amp,1,8,0.45,2,0.5,0.5,0.25,0.125,0.125
MQYISLNTTIITTTETTGYGAG,non_amp_negative.csv,0,non_amp,0,22,0.11785714285714285,2,0.14285714285714285,0.16666666666666666,0.0,0.13636363636363635,0.0
NDPEVPGMWFGPRL,non_amp_negative.csv,0,non_amp,0,14,0.24250000000000002,0,0.2,0.25,0.375,0.14285714285714285,0.21428571428571427
ATFDIVNQCTFT,non_amp_negative.csv,0,non_amp,0,12,0.0,0,0.0,0.0,0.0,0.0,0.0
MAILTLGWVSLLVVFTWSIAMVVWGRNGL,non_amp_negative.csv,0,non_amp,0,29,0.22833333333333333,0,0.3,0.2222222222222222,0.0,0.10344827586206896,0.0
MRRAVILVLDRAGPV,non_amp_negative.csv,0,non_amp,0,15,0.18000000000000002,0,0.2,0.2,0.1,0.06666666666666667,0.06666666666666667
TKSQTHVPIRPNKLVLKVQKDRATN,non_amp_negative.csv,0,non_amp,0,25,0.02857142857142857,2,0.0,0.0,0.14285714285714285,0.0,0.08
ASGPCFPNPCQNDGECHVIDDSHR,non_amp_negative.csv,0,non_amp,1,24,0.1455357142857143,1,0.125,0.14285714285714285,0.21428571428571427,0.08333333333333333,0.125
LPASVDWRKEGAVLPIRHQGQCG,non_amp_negative.csv,0,non_amp,0,23,0.3008928571428572,1,0.375,0.2857142857142857,0.07142857142857142,0.13043478260869565,0.08695652173913043
ASNQDFMRF,non_amp_negative.csv,0,non_amp,0,9,0.0,0,0.0,0.0,0.0,0.0,0.0
NSELINAILGSPTLFGEV,non_amp_negative.csv,0,non_amp,0,18,0.2833333333333333,0,0.3333333333333333,0.3333333333333333,0.08333333333333333,0.1111111111111111,0.05555555555555555
MYIFITHFFTEYVILKYLLPI,non_amp_negative.csv,0,non_amp,1,21,0.016666666666666666,2,0.0,0.0,0.08333333333333333,0.0,0.047619047619047616
VGCEECPMHCKGKNAKPTCDNGVCNCNV,non_amp_negative.csv,0,non_amp,1,28,0.11597222222222221,2,0.1111111111111111,0.125,0.125,0.10714285714285714,0.07142857142857142
TPTAFYGVR,non_amp_negative.csv,0,non_amp,0,9,0.3,0,0.3333333333333333,0.3333333333333333,0.16666666666666666,0.1111111111111111,0.1111111111111111
SPPFAPRL,non_amp_negative.csv,0,non_amp,0,8,0.15000000000000002,0,0.0,0.0,0.75,0.0,0.375
GAQFSSWG,non_amp_negative.csv,0,non_amp,0,8,0.2916666666666667,0,0.3333333333333333,0.5,0.0,0.25,0.0
MKHIPFFFAFFFTFP,non_amp_negative.csv,0,non_amp,0,15,0.04000000000000001,0,0.0,0.0,0.2,0.0,0.13333333333333333
THLFQPSLVLDMAKVLLDN,non_amp_negative.csv,0,non_amp,0,19,0.016666666666666666,0,0.0,0.0,0.08333333333333333,0.0,0.05263157894736842
GEAANVMGAPK,non_amp_negative.csv,0,non_amp,0,11,0.24583333333333332,1,0.25,0.3333333333333333,0.16666666666666666,0.18181818181818182,0.09090909090909091
RKTAGKPKN,non_amp_negative.csv,0,non_amp,0,9,0.3416666666666667,1,0.3333333333333333,0.5,0.25,0.1111111111111111,0.1111111111111111
VRPYLVAFYESH,non_amp_negative.csv,0,non_amp,0,12,0.03333333333333333,1,0.0,0.0,0.16666666666666666,0.0,0.08333333333333333
TSHGGGKAGKSKLLDVNY,non_amp_negative.csv,0,non_amp,0,18,0.27666666666666667,2,0.3333333333333333,0.4,0.0,0.2222222222222222,0.0
NLIQLSNMIKCAIPGSQPLF,non_amp_negative.csv,0,non_amp,0,20,0.15,2,0.16666666666666666,0.16666666666666666,0.08333333333333333,0.05,0.1
VSGSGIMAKRVVVDA,non_amp_negative.csv,0,non_amp,0,15,0.1675,1,0.2,0.25,0.0,0.13333333333333333,0.0
GFDVVDNIK,non_amp_negative.csv,0,non_amp,0,9,0.26666666666666666,0,0.3333333333333333,0.3333333333333333,0.0,0.1111111111111111,0.0
APLQPGGSPALTKIYPRGSHWAVGHLM,non_amp_negative.csv,0,non_amp,0,27,0.29791666666666666,2,0.3333333333333333,0.375,0.125,0.14814814814814814,0.14814814814814814
GCTPEYCSMWCKVKVSQNYCVKNCKCPGR,non_amp_negative.csv,0,non_amp,1,29,0.15777777777777777,0,0.2,0.1111111111111111,0.05555555555555555,0.06896551724137931,0.06896551724137931
GCCPPQWCGPGCTSPCC,non_amp_negative.csv,0,non_amp,1,17,0.22,2,0.2,0.2,0.3,0.17647058823529413,0.23529411764705882
MDIISLGWSSLLVVFTFSLSLVVWGRNGF,non_amp_negative.csv,0,non_amp,0,29,0.22833333333333333,0,0.3,0.2222222222222222,0.0,0.10344827586206896,0.0
GCVLYPWC,non_amp_negative.csv,0,non_amp,0,8,0.3416666666666667,0,0.3333333333333333,0.5,0.25,0.125,0.125
VPASGFFGMR,non_amp_negative.csv,0,non_amp,0,10,0.5333333333333333,1,0.6666666666666666,0.6666666666666666,0.0,0.2,0.1
ADGSDPAGGEFLEAGGGVR,non_amp_negative.csv,0,non_amp,0,19,0.41500000000000004,2,0.5,0.6,0.0,0.3157894736842105,0.05263157894736842
APSSGFFGTR,non_amp_negative.csv,0,non_amp,0,10,0.5333333333333333,1,0.6666666666666666,0.6666666666666666,0.0,0.2,0.1
HECCKKGFCDPGCDCCDQ,non_amp_negative.csv,0,non_amp,1,18,0.15833333333333335,2,0.16666666666666666,0.2,0.1,0.1111111111111111,0.05555555555555555
MPIIGVPRCLENPFCAPAKFPLSVKKKIRI,non_amp_negative.csv,0,non_amp,0,30,0.11499999999999999,1,0.1,0.1111111111111111,0.16666666666666666,0.03333333333333333,0.16666666666666666
MWTKPSFTDLRLGFEVTLYFANR,non_amp_negative.csv,0,non_amp,0,23,0.11696428571428572,0,0.125,0.14285714285714285,0.07142857142857142,0.043478260869565216,0.043478260869565216
FRGHAKGDKKNQKK,non_amp_negative.csv,0,non_amp,0,14,0.2,2,0.25,0.25,0.0,0.14285714285714285,0.0
MINQVSVYRQPPVLSGCRQVKTI,non_amp_negative.csv,0,non_amp,0,23,0.13125,0,0.125,0.14285714285714285,0.14285714285714285,0.043478260869565216,0.08695652173913043
GFPGKSLIF,non_amp_negative.csv,0,non_amp,0,9,0.5666666666666667,0,0.6666666666666666,0.6666666666666666,0.16666666666666666,0.2222222222222222,0.1111111111111111
MDPEPTPLPRWRIFLFR,non_amp_negative.csv,0,non_amp,0,17,0.06,0,0.0,0.0,0.3,0.0,0.23529411764705882
MSHDLDPTGTY,non_amp_negative.csv,0,non_amp,0,11,0.3,2,0.3333333333333333,0.3333333333333333,0.16666666666666666,0.09090909090909091,0.09090909090909091
KFCPEGKCV,non_amp_negative.csv,0,non_amp,0,9,0.3416666666666667,2,0.3333333333333333,0.5,0.25,0.1111111111111111,0.1111111111111111
YGEPIGVETLTK,non_amp_negative.csv,0,non_amp,0,12,0.24583333333333332,1,0.25,0.3333333333333333,0.16666666666666666,0.16666666666666666,0.08333333333333333
MLVGKKVQTF,non_amp_negative.csv,0,non_amp,0,10,0.2125,0,0.25,0.3333333333333333,0.0,0.1,0.0
SGLDSLSGATFGGNR,non_amp_negative.csv,0,non_amp,0,15,0.335,1,0.4,0.5,0.0,0.26666666666666666,0.0
SFSESLAAAR,non_amp_negative.csv,0,non_amp,0,10,0.0,0,0.0,0.0,0.0,0.0,0.0
FCCPVIRYCCW,non_amp_negative.csv,0,non_amp,1,11,0.03333333333333333,1,0.0,0.0,0.16666666666666666,0.0,0.09090909090909091
EGFQLMDRGTFDEIGR,non_amp_negative.csv,0,non_amp,0,16,0.2975,2,0.4,0.25,0.0,0.1875,0.0
EDGYLLNRDTGCKVSCGTCRYCND,non_amp_negative.csv,0,non_amp,1,24,0.20535714285714285,1,0.25,0.2857142857142857,0.0,0.125,0.0
ACKPKNNLCAITEMAECCSGFCLIYRCS,non_amp_negative.csv,0,non_amp,1,28,0.09999999999999999,1,0.1111111111111111,0.1111111111111111,0.05555555555555555,0.03571428571428571,0.03571428571428571
YCCHPACGKNFDC,non_amp_negative.csv,0,non_amp,1,13,0.2,1,0.25,0.25,0.0,0.07692307692307693,0.07692307692307693
AVFMYPWSVLFKRLGIFGVVEMGLFI,non_amp_negative.csv,0,non_amp,0,26,0.2,2,0.25,0.25,0.0,0.11538461538461539,0.038461538461538464
SQTQSFNFNKFEQNK,non_amp_negative.csv,0,non_amp,0,15,0.0,0,0.0,0.0,0.0,0.0,0.0
MHLNESLIYLFLETSCVAGAHFESLLD,non_amp_negative.csv,0,non_amp,0,27,0.08888888888888888,0,0.1111111111111111,0.1111111111111111,0.0,0.037037037037037035,0.0
LVVELAPMEIR,non_amp_negative.csv,0,non_amp,0,11,0.03333333333333333,1,0.0,0.0,0.16666666666666666,0.0,0.09090909090909091
GRADNFLRL,non_amp_negative.csv,0,non_amp,0,9,0.26666666666666666,0,0.3333333333333333,0.3333333333333333,0.0,0.1111111111111111,0.0
SLVELGKMILQETGKNPVTYGAY,non_amp_negative.csv,0,non_amp,0,23,0.24285714285714285,2,0.2857142857142857,0.2857142857142857,0.07142857142857142,0.13043478260869565,0.043478260869565216
NEVDIVGALNADLTQFL,non_amp_negative.csv,0,non_amp,0,17,0.13833333333333334,0,0.16666666666666666,0.2,0.0,0.058823529411764705,0.0
GGETGNDAKAMWFGPRL,non_amp_negative.csv,0,non_amp,0,17,0.43500000000000005,1,0.5,0.6,0.1,0.23529411764705882,0.058823529411764705
QKKDKKDKFYGLM,non_amp_negative.csv,0,non_amp,0,13,0.2,1,0.25,0.25,0.0,0.07692307692307693,0.0
AIGPVADLH,non_amp_negative.csv,0,non_amp,0,9,0.3416666666666667,2,0.3333333333333333,0.5,0.25,0.1111111111111111,0.1111111111111111
MGQLNVLTGSKGEIR,non_amp_negative.csv,0,non_amp,0,15,0.335,2,0.4,0.5,0.0,0.2,0.0
GLPGYFGVN,non_amp_negative.csv,0,non_amp,0,9,0.8333333333333334,0,1.0,1.0,0.16666666666666666,0.3333333333333333,0.1111111111111111
DVVSPPVCGN,non_amp_negative.csv,0,non_amp,0,10,0.26666666666666666,2,0.3333333333333333,0.0,0.25,0.1,0.2
SAQGQDFMRF,non_amp_negative.csv,0,non_amp,0,10,0.2125,0,0.25,0.3333333333333333,0.0,0.1,0.0
RWAEIVCRSPSCNECCEWHTCFAPED,non_amp_negative.csv,0,non_amp,1,26,0.025,1,0.0,0.0,0.125,0.0,0.07692307692307693
NSGMINSILGIPRVMTEA,non_amp_negative.csv,0,non_amp,0,18,0.15,0,0.16666666666666666,0.16666666666666666,0.08333333333333333,0.1111111111111111,0.05555555555555555
APRSMRRSSDCFGSRIDRIGAQSGMGCGRF,non_amp_negative.csv,0,non_amp,0,30,0.17,0,0.2,0.2,0.05,0.16666666666666666,0.03333333333333333
GLVPNLLNNLGL,non_amp_negative.csv,0,non_amp,0,12,0.2,0,0.25,0.25,0.0,0.16666666666666666,0.08333333333333333
TSMGFQGVR,non_amp_negative.csv,0,non_amp,0,9,0.5333333333333333,0,0.6666666666666666,0.6666666666666666,0.0,0.2222222222222222,0.0
GNGNGNNGLKKYETCY,non_amp_negative.csv,0,non_amp,0,16,0.32,1,0.4,0.4,0.0,0.25,0.0
SSNKLTTSWG,non_amp_negative.csv,0,non_amp,0,10,0.1625,0,0.25,0.0,0.0,0.1,0.0
WLSGVDKIRGVNLGSAFIIE,non_amp_negative.csv,0,non_amp,0,20,0.2357142857142857,0,0.2857142857142857,0.3333333333333333,0.0,0.15,0.0
ARTGFGVLKPAMQGYPGLVLPR,non_amp_negative.csv,0,non_amp,0,22,0.27142857142857146,1,0.2857142857142857,0.2857142857142857,0.21428571428571427,0.18181818181818182,0.13636363636363635
MRAKWRKKRTRRLKRKRRKVRARSK,non_amp_negative.csv,0,non_amp,1,25,0.0,0,0.0,0.0,0.0,0.0,0.0
MKAPSGAFLLGVYSMDTHILR,non_amp_negative.csv,0,non_amp,0,21,0.13452380952380952,1,0.14285714285714285,0.16666666666666666,0.08333333333333333,0.09523809523809523,0.047619047619047616
TKKTENISNFINNYHSDVINEVEESITNNR,non_amp_negative.csv,0,non_amp,0,30,0.0,0,0.0,0.0,0.0,0.0,0.0
SEVGALVFQPKTRF,non_amp_negative.csv,0,non_amp,0,14,0.1675,0,0.2,0.25,0.0,0.07142857142857142,0.07142857142857142
MRSFDQGSTRAPARERCRRQRPEGRSAQR,non_amp_negative.csv,0,non_amp,0,29,0.09999999999999999,2,0.1111111111111111,0.1111111111111111,0.05555555555555555,0.06896551724137931,0.06896551724137931
GNAPAADMVLKAPGDAKMTKTAVP,non_amp_negative.csv,0,non_amp,0,24,0.13125,1,0.125,0.14285714285714285,0.14285714285714285,0.08333333333333333,0.125
SRLPPATRDKLADEITFFPA,non_amp_negative.csv,0,non_amp,0,20,0.05,2,0.0,0.0,0.25,0.0,0.15
AKEKEVTFQSGGPT,non_amp_negative.csv,0,non_amp,0,14,0.225,2,0.25,0.25,0.125,0.14285714285714285,0.07142857142857142
GGSSGLIAFPRL,non_amp_negative.csv,0,non_amp,0,12,0.4583333333333333,1,0.5,0.6666666666666666,0.16666666666666666,0.25,0.08333333333333333
YDDGSYKPHIYGF,non_amp_negative.csv,0,non_amp,0,13,0.19583333333333333,2,0.25,0.0,0.16666666666666666,0.15384615384615385,0.07692307692307693
CCPPVIWCC,non_amp_negative.csv,0,non_amp,1,9,0.1,1,0.0,0.0,0.5,0.0,0.2222222222222222
MAATFALHGWWRTS,non_amp_negative.csv,0,non_amp,0,14,0.2,2,0.25,0.25,0.0,0.07142857142857142,0.0
MTAFASLREPLVLANLKIKVHIYRMKR,non_amp_negative.csv,0,non_amp,0,27,0.0125,1,0.0,0.0,0.0625,0.0,0.037037037037037035
GSSGLIPMGRT,non_amp_negative.csv,0,non_amp,0,11,0.425,0,0.5,0.6666666666666666,0.0,0.2727272727272727,0.09090909090909091
IIGGDECNINEHPFLVALYDA,non_amp_negative.csv,0,non_amp,0,21,0.13452380952380952,2,0.14285714285714285,0.16666666666666666,0.08333333333333333,0.09523809523809523,0.047619047619047616
QHWSHGWLPG,non_amp_negative.csv,0,non_amp,0,10,0.2916666666666667,2,0.3333333333333333,0.5,0.0,0.2,0.1
MMRLVIILIVLLLISFSAY,non_amp_negative.csv,0,non_amp,1,19,0.0,0,0.0,0.0,0.0,0.0,0.0
GLTQKDLVALSGAHTIGKAR,non_amp_negative.csv,0,non_amp,0,20,0.13333333333333333,2,0.16666666666666666,0.16666666666666666,0.0,0.15,0.0
AVNGGPATLPEYQI,non_amp_negative.csv,0,non_amp,0,14,0.2175,1,0.2,0.25,0.25,0.14285714285714285,0.14285714285714285
DLPSGWSSYEGH,non_amp_negative.csv,0,non_amp,0,12,0.4083333333333333,1,0.5,0.3333333333333333,0.16666666666666666,0.16666666666666666,0.08333333333333333
MNKQRFLFAAKISGIHFLLSLTVAALLAGL,non_amp_negative.csv,0,non_amp,0,30,0.14666666666666667,1,0.2,0.1111111111111111,0.0,0.06666666666666667,0.0
MKAIMVLFYVMTLTIIGSFSMLLQKAKERQ,non_amp_negative.csv,0,non_amp,0,30,0.08166666666666667,1,0.1,0.1111111111111111,0.0,0.03333333333333333,0.0
AAGQDNFMRF,non_amp_negative.csv,0,non_amp,0,10,0.2916666666666667,2,0.3333333333333333,0.5,0.0,0.1,0.0
MATIYKVTLINETEG,non_amp_negative.csv,0,non_amp,0,15,0.13,2,0.2,0.0,0.0,0.06666666666666667,0.0
MKVFVLNGPNLGRLGKREPA,non_amp_negative.csv,0,non_amp,0,20,0.2833333333333333,2,0.3333333333333333,0.3333333333333333,0.08333333333333333,0.15,0.1
IWGIGCNPCVGDEVAALLTRGEA,non_amp_negative.csv,0,non_amp,0,23,0.24285714285714285,2,0.2857142857142857,0.2857142857142857,0.07142857142857142,0.17391304347826086,0.043478260869565216
ILNRCCNDDN,non_amp_negative.csv,0,non_amp,0,10,0.0,0,0.0,0.0,0.0,0.0,0.0
SPAFDDEHNDNFLRL,non_amp_negative.csv,0,non_amp,0,15,0.020000000000000004,0,0.0,0.0,0.1,0.0,0.06666666666666667
SDDDGTVVLTTSGPIRGKRLQVGSAAVTAF,non_amp_negative.csv,0,non_amp,0,30,0.245,1,0.3,0.3333333333333333,0.0,0.13333333333333333,0.03333333333333333
QHWSHGWYPG,non_amp_negative.csv,0,non_amp,0,10,0.2916666666666667,2,0.3333333333333333,0.5,0.0,0.2,0.1
RSLCSNGCRPKPFGGCSC,non_amp_negative.csv,0,non_amp,1,18,0.17833333333333334,1,0.16666666666666666,0.2,0.2,0.16666666666666666,0.1111111111111111
MAPRGFSCLLLSTSEIDLPVKRRT,non_amp_negative.csv,0,non_amp,0,24,0.13125,1,0.125,0.14285714285714285,0.14285714285714285,0.041666666666666664,0.08333333333333333
NLYQFKNMIKCTNTRMWWSFTNAGCYDG,non_amp_negative.csv,0,non_amp,0,28,0.09097222222222222,2,0.1111111111111111,0.125,0.0,0.07142857142857142,0.0
VIGGTNASPGEIPWQLSQQRQSGSW,non_amp_negative.csv,0,non_amp,0,25,0.19444444444444445,0,0.2222222222222222,0.25,0.0625,0.16,0.08
CKPPGSPCRVSSYNCCSSCKSYNKKCG,non_amp_negative.csv,0,non_amp,1,27,0.1284722222222222,1,0.1111111111111111,0.125,0.1875,0.07407407407407407,0.1111111111111111
MNRIGMITTIITTTITTGNGAG,non_amp_negative.csv,0,non_amp,0,22,0.22857142857142856,1,0.2857142857142857,0.2857142857142857,0.0,0.18181818181818182,0.0
VGKFPLLANSR,non_amp_negative.csv,0,non_amp,0,11,0.2125,1,0.25,0.3333333333333333,0.0,0.09090909090909091,0.09090909090909091
SGSNLTTV,non_amp_negative.csv,0,non_amp,0,8,0.2916666666666667,1,0.3333333333333333,0.5,0.0,0.125,0.0
DSSESNEIDDVLFLGRRDANSFMKYPQLGN,non_amp_negative.csv,0,non_amp,0,30,0.09277777777777778,2,0.1,0.1111111111111111,0.05555555555555555,0.06666666666666667,0.03333333333333333
MPNISEIIDSINRRSMAEIIT,non_amp_negative.csv,0,non_amp,0,21,0.014285714285714285,0,0.0,0.0,0.07142857142857142,0.0,0.047619047619047616
EACYPPGTFCGIKPGLCCSELCLPAVCVG,non_amp_negative.csv,0,non_amp,1,29,0.1688888888888889,1,0.2,0.1111111111111111,0.1111111111111111,0.13793103448275862,0.13793103448275862
WDVNDCIHFCLIGVVERSYTECHTMCT,non_amp_negative.csv,0,non_amp,1,27,0.08888888888888888,0,0.1111111111111111,0.1111111111111111,0.0,0.037037037037037035,0.0
