model,split,sequence,label,probability
amp_predictor,train,DMHDFFVGLM,0,0.07423019409179688
amp_predictor,train,VHLPPPVHLPPPVHLPPP,1,0.565786600112915
amp_predictor,train,RHPDYSVALLLR,1,0.21531662344932556
amp_predictor,train,MDIVGITWAALMVVFTFSLSLVVWGRSGL,0,0.03797101229429245
amp_predictor,train,FIGPIISALASLFGG,1,0.8342185616493225
amp_predictor,train,KFAKKFKWFAKAAFKFFKK,1,0.9932575225830078
amp_predictor,train,MSHTVKIYD,0,0.14816848933696747
amp_predictor,train,GLAGAISSVLDKLKQSQLIKNYAKKLGYPR,1,0.7283853888511658
amp_predictor,train,MAPRGFSCLLLSTSEIDLPVKRRT,0,0.12134911119937897
amp_predictor,train,MSAWMSAGFS,0,0.10475454479455948
amp_predictor,train,GIWGTALKWGVKLLPKLVGMAQTKKQ,1,0.9808738827705383
amp_predictor,train,APGFPGGPGA,1,0.9758318662643433
amp_predictor,train,RIKIGLFDQLSRL,0,0.7321885228157043
amp_predictor,train,GGRGHIAEYFSGPITQVSFYG,1,0.04071886092424393
amp_predictor,train,LILGKLWKGVKSIF,1,0.9997215867042542
amp_predictor,train,IWNKIAKSIGKVLEKAL,1,0.9977376461029053
amp_predictor,train,QKALAKLAKKALKALAKQ,1,0.9863920211791992
amp_predictor,train,KRIGLIRLIGKILRGLRRLG,1,0.994976282119751
amp_predictor,train,DVVSPPVCGN,0,0.05854931101202965
amp_predictor,train,QKIAEKFSGTRRG,1,0.5382416844367981
amp_predictor,train,WRHWRRFWHR,1,0.9995148181915283
amp_predictor,train,RCVCTRGFCRCICLLGIC,1,0.9583330154418945
amp_predictor,train,GICPRILMECKRDSDCLAQCVCKRQGYCG,0,0.08881670236587524
amp_predictor,train,CVQSCSFGPLTWSCDGNTK,1,0.8723024129867554
amp_predictor,train,KKLALALAKKWLPLAKKLALALAKK,1,0.9976686835289001
amp_predictor,train,WLTAKRFCRCHPLHPGGYDPVPEKKSVL,1,0.5540717244148254
amp_predictor,train,IRCTGSKECYSPSY,0,0.474784791469574
amp_predictor,train,SGKRWWRRKK,1,0.988353431224823
amp_predictor,train,GLGSLLGKAFKFGLKTVGKMMGGAPREE,1,0.5408125519752502
amp_predictor,train,QRRCPRIYMECKHDSDCLADCVCLEHGICG,0,0.05008403956890106
amp_predictor,train,RQIKIWAQNRRMKWKK,1,0.942962110042572
amp_predictor,train,LKKLLKLQKKLLKLAG,1,0.9946622252464294
amp_predictor,train,GIGGALLSAGKAALKGLAKVLV,1,0.993646502494812
amp_predictor,train,SDPEVPGMWFGPRL,0,0.0636030063033104
amp_predictor,train,GLFKTLIKGAGKMLGHVAKQFLGSQGQPES,1,0.8130640387535095
amp_predictor,train,ALVSADGDSWFAR,0,0.04304417595267296
amp_predictor,train,RDWERREFERRQNELRREQEQRREELL,1,0.63468337059021
amp_predictor,train,GLESINFQ,1,0.17955978214740753
amp_predictor,train,MRAKWRKKRMRRLKRKRRKMRARSK,0,0.7182740569114685
amp_predictor,train,DGGRNFLRF,0,0.155826598405838
amp_predictor,train,KFHEKHHSHRGY,1,0.8851920962333679
amp_predictor,train,GYEDEDEDRPFYALGLGKRPRTYSFGL,0,0.11411874741315842
amp_predictor,train,RGSNLTHPL,0,0.1921079009771347
amp_predictor,train,GIAGQRGIVG,1,0.851172149181366
amp_predictor,train,MDIITLGWVGVLSVFTLSIAFVVWGRHGM,0,0.047589678317308426
amp_predictor,train,IGCWTKSIPPRPCFVK,1,0.9736936092376709
amp_predictor,train,KKCADIDQDCKTSCDCCE,0,0.04783199727535248
amp_predictor,train,SLSINTNTSEMIALQTLDA,0,0.16947339475154877
amp_predictor,train,LNLKKLAAVAKKIL,1,0.9989319443702698
amp_predictor,train,FFVLKFLLKWAGKVGLEHLACKFKNWC,1,0.9981856942176819
amp_predictor,train,TALPQLRLPATSRILCAGVLEGGIDTCNR,0,0.09325633943080902
amp_predictor,train,RDVAVGSFLPPS,0,0.06444449722766876
amp_predictor,train,SGAPGEAGREGAAGNEGAPGRD,1,0.8449440598487854
amp_predictor,train,GLPVCGESCFGGTCNTPGCACDPWPVCTRD,1,0.4172738492488861
amp_predictor,train,APQEPNQFQLLKYH,0,0.1995532512664795
amp_predictor,train,GLVDVLGKVGGLIKKLLP,1,0.9908175468444824
amp_predictor,train,AKEKIHINIVVIGHV,0,0.9433118104934692
amp_predictor,train,QGRHPPIPPAP,0,0.06241752579808235
amp_predictor,train,GLPVCGETCFTGTCYTNGCTCDPWPVCTRN,1,0.8775190114974976
amp_predictor,train,ALWKTLLKNVGKAAGKAALNAVTDMVNQ,1,0.9349204897880554
amp_predictor,train,MAQDIISTISDLVKWIIDTVNKFTKK,0,0.23205627501010895
amp_predictor,train,MTIDKNWLNRSNKDPGRSLRFTHQPV,0,0.1867859661579132
amp_predictor,train,GFWGKLFKLGLHGIGLLHLHL,1,0.9992985725402832
amp_predictor,train,DCQPCGHNVCC,0,0.00464120926335454
amp_predictor,train,AQPSMRLRF,0,0.14616578817367554
amp_predictor,train,TVKVTVTGAAGQIGYALLFR,0,0.08112310618162155
amp_predictor,train,ADDINPKEECFFEDDYYEFE,1,0.3015817105770111
amp_predictor,train,KILPGVCKKIMRPFLRRISKDILTGKK,1,0.9247958064079285
amp_predictor,train,GLFDIVKKIAGHIA,1,0.9983603358268738
amp_predictor,train,RDCCTPPRKCKDRRCKPMKCCA,0,0.13284848630428314
amp_predictor,train,FLGALWNVKKSVF,1,0.9983170032501221
amp_predictor,train,GATYAKKIIKTITKIATTAW,1,0.8253138661384583
amp_predictor,train,GNLVRKSVEHLTQE,0,0.2325396090745926
amp_predictor,train,KLCGETCFKFKCYTPGCSCSYPFCK,1,0.866796612739563
amp_predictor,train,KFRTRRSKSSSNGGRKGSKG,1,0.5445539355278015
amp_predictor,train,HFLGKLVNLAKKIL,1,0.9994988441467285
amp_predictor,train,FFPAIFRLVAKVVPSIICSVTKKC,1,0.9954474568367004
amp_predictor,train,RIRFPWPWRWPWWPPFRG,1,0.9721213579177856
amp_predictor,train,VKGSWSKKFEVIA,1,0.9766985774040222
amp_predictor,train,IDRLNEVAKNLNESLIDLQELGK,1,0.24022503197193146
amp_predictor,train,RFRRLRWKTRWRLKKIWWPFLRR,1,0.9991359114646912
amp_predictor,train,GFCRCLCRRGVCRCICTR,1,0.9827258586883545
amp_predictor,train,GVLDILKNAAKNILAHAAEQI,1,0.6680362224578857
amp_predictor,train,FLFQPQRF,0,0.5077074766159058
amp_predictor,train,LRWTPTPSYPRYPTRSRGSRWSR,1,0.7057080268859863
amp_predictor,train,FLPLLAGLAANFLPKLFCKITRKC,1,0.9727047681808472
amp_predictor,train,VEVQVRDKGKGIYGLSPLRQPAP,1,0.15175554156303406
amp_predictor,train,VRRFPFFFPFLRR,1,0.955426812171936
amp_predictor,train,GGDGAPGKDGIRG,1,0.9528084993362427
amp_predictor,train,ITSWSLCTAGCITGRIMGCNK,1,0.9320234656333923
amp_predictor,train,YSLRARPRF,0,0.6419938802719116
amp_predictor,train,GILSGLLGAGKKIVCGLSGMC,1,0.9681006669998169
amp_predictor,train,IVGGYECEAYSKPYQVSINLGY,0,0.06963197141885757
amp_predictor,train,RWGKWFKKATHVGKHVGKAALTAYL,1,0.9871089458465576
amp_predictor,train,GSNKGFNFMVDMIQALSN,1,0.14094682037830353
amp_predictor,train,GFPCGESCVYIPCFTAAIGCSCKSKVCYKN,1,0.971738874912262
amp_predictor,train,MDIVSLGWAFLMVVFSFSLSLVVWGRNGL,0,0.06932061165571213
amp_predictor,train,ENFAGGCTPGYQRTADGRCKATF,0,0.18682053685188293
amp_predictor,train,IDWKKIFEKVKNLV,1,0.9595584869384766
amp_predictor,train,LSVNYQWLVR,0,0.08228877931833267
amp_predictor,train,TRRAALFGFPGLKGRAGVMGFPGPKG,1,0.29058489203453064
amp_predictor,train,IIYCNRRTGKCQRM,1,0.8043404221534729
amp_predictor,train,STNCFCYPCCSCSS,1,0.35916823148727417
amp_predictor,train,PFKLSLHL,1,0.9903168678283691
amp_predictor,train,KYALMKKIAELIPNLKSRQVK,1,0.5377333760261536
amp_predictor,train,LVFPIFPP,1,0.9310305118560791
amp_predictor,train,VRLRIRVRVIRK,1,0.9885067939758301
amp_predictor,train,ELPGLPKGEKEQQEAIEHIDEV,0,0.15357711911201477
amp_predictor,train,GIWGTLAKIGIKAVPRVISMLKKKKQ,1,0.9853065013885498
amp_predictor,train,GIGTKILGGLKTAVKGALKELASTYVN,1,0.9055597186088562
amp_predictor,train,LPASVDWRKEGAVLPIRHQGQCG,0,0.2691820561885834
amp_predictor,train,KLSYDDKVFENVEFTPRL,0,0.2603684365749359
amp_predictor,train,GIPCGESCVFIPCLTSAIGCSCKSKVCYRN,1,0.9564594030380249
amp_predictor,train,TNDSAGDGTTTASVLAR,0,0.08484485745429993
amp_predictor,train,EPHPDEFVGLM,1,0.13897575438022614
amp_predictor,train,GFKDWIKGAAKKLIKTVASSIANQ,1,0.9873844385147095
amp_predictor,train,RKKRRARRR,1,0.8956047892570496
amp_predictor,train,MDPTVGWIALLAFFVVSIALVVWGRNGF,0,0.07581721991300583
amp_predictor,train,APKNIVLFGATGMTGQVTLGQALE,0,0.06408130377531052
amp_predictor,train,AKAWGIPPHVIPQIVPVRIRPLCGNV,1,0.5974712371826172
amp_predictor,train,GRTFFVGGNW,0,0.0991673544049263
amp_predictor,train,WFRKQLKW,1,0.9992865920066833
amp_predictor,train,CCGVPNAACPPCVCNKTCG,0,0.04567329213023186
amp_predictor,train,QVNFSPGWG,0,0.0213199183344841
amp_predictor,train,GAIKDALKGAAKTVAVELLKKAQCKLEKTC,1,0.9467419385910034
amp_predictor,train,DFIGSSTNVIMVASTTLMLF,0,0.10546687990427017
amp_predictor,train,NEESDLIADKFTNYNKLIRPAKH,0,0.2377670556306839
amp_predictor,train,GFMDTAKNVAKNEAGNLLDNLKCKITKAC,1,0.7134542465209961
amp_predictor,train,GLLSGILGAGKHIVCGLSGLC,1,0.9828776121139526
amp_predictor,train,ATRGAKVSFGEFGLKAI,0,0.4466930627822876
amp_predictor,train,MQTLPKERRY,0,0.5142180919647217
amp_predictor,train,LKKALKLLKKLLKLAG,1,0.9982597231864929
amp_predictor,train,LLKAAAKAAAKLL,1,0.9969040751457214
amp_predictor,train,ESECPWHPWC,0,0.009417103603482246
amp_predictor,train,VIGGDECNINEHPFLVLVYY,0,0.06991977244615555
amp_predictor,train,FINTIKLLIEKYREWKNKQSS,0,0.33134883642196655
amp_predictor,train,DAAEPWQLGFQDAATPIMQGIIDLHH,0,0.04445084184408188
amp_predictor,train,ILGPVLGLVSNALGGLLKNL,1,0.9764105677604675
amp_predictor,train,LRIVKLILKWLR,1,0.9987565279006958
amp_predictor,train,VIGGDECNIN,0,0.06625679135322571
amp_predictor,train,GAFGNFLKGVAKKAGLKILSIAQCKLSGTC,1,0.9966450333595276
amp_predictor,train,NCCPIDEESCCS,0,0.03643185645341873
amp_predictor,train,IWGIGCNPCVGDEVTALITRGEA,0,0.07770046591758728
amp_predictor,train,MKLLCWQKSIHGS,0,0.5502666234970093
amp_predictor,train,HHHHHHTKRRITPKDVIDVRSVTTEINT,1,0.7102476954460144
amp_predictor,train,GVPCGESCVYIPCFTGIINCSCRDKVCYNN,1,0.5552241802215576
amp_predictor,train,KQATCSIPYEYSNGKFKRTLYYSNGVYANS,0,0.188275545835495
amp_predictor,train,LKKLLKLEKKLLKLAG,1,0.9936078786849976
amp_predictor,train,GIYCIFEGGTPDDR,0,0.040852323174476624
amp_predictor,train,FLPFFASLLGKLL,1,0.9621504545211792
amp_predictor,train,FLFNVIPHAINATASLIKK,1,0.9919730424880981
amp_predictor,train,TDVDHVFLRF,0,0.10779495537281036
amp_predictor,train,ILPILGNLLNGLL,1,0.9324625134468079
amp_predictor,train,GLWDDLKAAAKKVVSSLASAAIEKL,0,0.8554419279098511
amp_predictor,train,CKGKGASCRRTSYDCCTGSCRSGKCG,0,0.3517875075340271
amp_predictor,train,ICPRILMPCSSDSDCLAECICLENGFCG,0,0.10338800400495529
amp_predictor,train,SMLLLFFLGTISLSLCQDDQERC,1,0.14092810451984406
amp_predictor,train,ALKAVPAVMGMIKKE,1,0.6597758531570435
amp_predictor,train,GILGNIVGMGKQVVCGLSGLC,1,0.7786102294921875
amp_predictor,train,QGRPPGPPIPP,0,0.149234339594841
amp_predictor,train,VAGRSVVKIAEGYL,0,0.09791547060012817
amp_predictor,train,CCNWPCSFGCIPCCY,0,0.027430495247244835
amp_predictor,train,LNQEEARKSE,1,0.31856441497802734
amp_predictor,train,RRARIVVIRVAR,1,0.9514127373695374
amp_predictor,train,FLPFIAGMAAKFLPKIFCAISKKC,1,0.988334059715271
amp_predictor,train,DYMGWMDF,0,0.01755957491695881
amp_predictor,train,PKRKSATKGDEPA,1,0.33896270394325256
amp_predictor,train,NLLGSLLKTGLKVGSNLL,1,0.9853230714797974
amp_predictor,train,RRWRIVVIRVRR,1,0.9971275925636292
amp_predictor,train,GFMDTAKQVAKNVAVTLIDKLRCKVTGGC,1,0.701614260673523
amp_predictor,train,KQRSGESQNIIVGSWGAKVS,0,0.3194969892501831
amp_predictor,train,MGQLNVLTGSKGEIR,0,0.09496893733739853
amp_predictor,train,SYFVAAAQLL,0,0.164799764752388
amp_predictor,train,GDDVLSACCD,0,0.02683255448937416
amp_predictor,train,WDCLTGWVEYPLVLEWRQFEQSKQLTENG,0,0.09585805982351303
amp_predictor,train,MIIFRDLISH,1,0.6765959858894348
amp_predictor,train,INMKASAAVAKKLL,1,0.9872102737426758
amp_predictor,train,GIMSSLMKKLKKIIKK,1,0.9502972364425659
amp_predictor,train,RLGDGCTR,1,0.5944436192512512
amp_predictor,train,FKRIVQRAKDFLR,1,0.8538649082183838
amp_predictor,train,DSHEERRQGRHGHHEYGRKFHEKHHSHRGY,1,0.7084075212478638
amp_predictor,train,GCCGSFACRFGCVPCCV,0,0.14355352520942688
amp_predictor,train,LKKLLKLLKKALKLAG,1,0.9982597231864929
amp_predictor,train,PYIGLLGTVMGIMLTFMDLG,0,0.045395612716674805
amp_predictor,train,FHGGSWYRFPWGY,0,0.06082863733172417
amp_predictor,train,KSKEKIGKEFKRIVQRIKDFLRNLVPRTES,1,0.4727081060409546
amp_predictor,train,ILGKIWEGIKSLF,1,0.9944639801979065
amp_predictor,train,LSTAADMQGVVTDGMASGLDKDYLKPDD,1,0.07775089889764786
amp_predictor,train,VRLRIRVAVRRA,1,0.9306265115737915
amp_predictor,train,ADREPNHFVA,0,0.1503637731075287
amp_predictor,train,KMDSRWRWKSSKK,1,0.6295157074928284
amp_predictor,train,MIDDSQIFVALLFALVSAVLAIRLGKELYQ,0,0.11163666844367981
amp_predictor,train,KTAIRNIANLCPPKPEMKGI,0,0.23018090426921844
amp_predictor,train,VIGGDECNINEHPFLA,0,0.08718909323215485
amp_predictor,train,CYIQNCPRGGKRSYPDTAVPQCIPCGP,0,0.17232394218444824
amp_predictor,train,EQEENVVKIQAFWKGYKQRKEYM,1,0.3594609797000885
amp_predictor,train,FLGFVGQALNALLGKL,1,0.9669273495674133
amp_predictor,train,VHLPPPVHLPPP,1,0.565786600112915
amp_predictor,train,KLKLFKKIGIGKFLHSAKKF,1,0.998640239238739
amp_predictor,train,MRVLCGRDGRCPKFMCRTFL,1,0.3972330093383789
amp_predictor,train,GIGSALAKAAKLVAGIV,1,0.9855124354362488
amp_predictor,train,KSKEKIGKEFKRIVQRIKDFLRNLVPR,1,0.6295146346092224
amp_predictor,train,AVDFSKVPTATAGPCKG,0,0.40571337938308716
amp_predictor,train,LKKLLKLHKKLLKLAG,1,0.9977643489837646
amp_predictor,train,FIHHIIGWISHGVRAIHRAIH,1,0.9997362494468689
amp_predictor,train,FLGGLMKAFPAIICAVTKKC,1,0.9875840544700623
amp_predictor,train,DDLHPFNENNMYYGCKGLSNSNKFED,0,0.18395082652568817
amp_predictor,train,PSCVCSGFETSGIHFC,1,0.9537075161933899
amp_predictor,train,VLYSPDTKVPR,0,0.34550976753234863
amp_predictor,train,GLVSSIGKALGGLLADVVKTKEQPA,1,0.6081852316856384
amp_predictor,train,VVDIVDTFRNNIQGATK,0,0.06642481684684753
amp_predictor,train,FSTKTRNWFSEHFKKVKEKLKDTFA,1,0.3706984519958496
amp_predictor,train,GCCSDPRCKHEC,0,0.016757693141698837
amp_predictor,train,FLPLLLSALPSFSCLVFKKC,1,0.9624085426330566
amp_predictor,train,PQVGLIPFPRV,0,0.38413387537002563
amp_predictor,train,RQQPMTLDYRW,1,0.33395278453826904
amp_predictor,train,ENFSGGCIPGYMRTADGRCKPTY,0,0.16342686116695404
amp_predictor,train,EDDHHHHHHHHHGVGGGGGGGGGG,0,0.1271500140428543
amp_predictor,train,KRIVKLLLKWLR,1,0.9994814991950989
amp_predictor,train,AIGSILGRLAKGLPTLKSWIKNR,1,0.9573996067047119
amp_predictor,train,GFLDVVKGVGKAALGAVTHLINQ,1,0.8991416692733765
amp_predictor,train,KIASIGKEVLKAL,1,0.9924432635307312
amp_predictor,train,MTDAQVFTILAIALVPAVMALLLGSALARS,0,0.07978788018226624
amp_predictor,train,GGGSNFGQFAGGLLDR,0,0.16684609651565552
amp_predictor,train,GLRRLFADQLVGRRNI,1,0.47971129417419434
amp_predictor,train,GLLGSIFGAGKKIACALSGLC,1,0.990398645401001
amp_predictor,train,FLPIIGQLLSGLL,1,0.7800285220146179
amp_predictor,train,AIPCGESCVWIPCISAAIGCSCKNKVCYR,1,0.8983177542686462
amp_predictor,train,QRWPSPKVPP,0,0.2325434535741806
amp_predictor,train,CTCKDMTDKECLYFCHQDIIW,0,0.1135588064789772
amp_predictor,train,SPRVCIRVCRNGVCYRRCWG,1,0.993539035320282
amp_predictor,train,KAEEEVEKNKEEAEEKAEKKIAE,0,0.22312036156654358
amp_predictor,train,PQLGLPFPRV,0,0.23755447566509247
amp_predictor,train,INLKAIAALAKKLLG,1,0.9989637136459351
amp_predictor,train,PFNVGGLDKFGTLN,0,0.3271169066429138
amp_predictor,train,YFDPFSLDVWDPFQA,0,0.07661058753728867
amp_predictor,train,GCRRLCWKQRCVTYCRGR,1,0.992827832698822
amp_predictor,train,VGCEECPAHCKGKNAKPTCDDGVCNCNV,0,0.03579990938305855
amp_predictor,train,LWTRDYAGVYEAIRGFDWSQDAK,0,0.055337581783533096
amp_predictor,train,GKKLFVNVLDKIRCKVAGGC,1,0.9887815117835999
amp_predictor,train,MSKRAMKKIIPLITLFVVTLVG,0,0.3411593437194824
amp_predictor,train,LKKWWKTSKGLLGGLLGKVTSVIK,1,0.9984435439109802
amp_predictor,train,MAWTKPAYTDLRIGFEVTMYFASR,0,0.08134600520133972
amp_predictor,train,GIINTLQKYYSRVRGGR,1,0.6361852288246155
amp_predictor,train,GSTGLISFGRT,0,0.08868680149316788
amp_predictor,train,QGRLGTQWAVGHLM,1,0.46168607473373413
amp_predictor,train,KKAKAFAKAWAKAFKAA,1,0.9932327270507812
amp_predictor,train,IASASCTTCICTCSCSS,1,0.9898345470428467
amp_predictor,train,DCCIIAGCPFGCTICC,0,0.09484107047319412
amp_predictor,train,FLPIVGKSLSGLSGKL,1,0.982628583908081
amp_predictor,train,ILGIITSLLKSLGKK,1,0.9968774318695068
amp_predictor,train,FLFPLITSFLSKVL,1,0.9420156478881836
amp_predictor,train,MTRCISKKMLLEVDALSLIYSPHLYMS,0,0.1907879114151001
amp_predictor,train,APTDMYSFGL,0,0.06654837727546692
amp_predictor,train,TRKRLKKIGKVLKWI,1,0.9974125027656555
amp_predictor,train,LNLKALLAAAKKIL,1,0.9979634284973145
amp_predictor,train,SLGSFMKGVGKGLATVGKIVADQFGKLLEA,1,0.8056381344795227
amp_predictor,train,ILPIIGKILSTIFGK,1,0.9959055185317993
amp_predictor,train,FLPAIAGVAAKFLPKIFCAISKKC,1,0.996198832988739
amp_predictor,train,LKKLLKLGKKLLKLAG,1,0.998228132724762
amp_predictor,train,QNAHPSPK,0,0.05691645294427872
amp_predictor,train,VVKQGLLAGRIPGL,0,0.6715753078460693
amp_predictor,train,VTSWSLCTPGCTSPGGGSNCSFCC,1,0.9429597854614258
amp_predictor,train,FALGAVTKLLPSLLCMITRKC,1,0.7642356157302856
amp_predictor,train,MALPSALWWPG,0,0.052701059728860855
amp_predictor,train,EDDHDHHHHHHHHHHHHGVGGGGGGGGGGA,0,0.05585000291466713
amp_predictor,train,RWRWRWRW,1,0.9995629191398621
amp_predictor,train,DGAKGDSGPAGPK,1,0.937889575958252
amp_predictor,train,GVITDALKGAAKTVAAELLRKAHCKLTNSC,1,0.8748767375946045
amp_predictor,train,YGEPKLDAGV,0,0.06792843341827393
amp_predictor,train,FLPAIAGMAAKFLPKIFCAISKKC,1,0.986125648021698
amp_predictor,train,APAAGFFGMR,1,0.13144245743751526
amp_predictor,train,YKQCHKKGGKKGSG,1,0.6839657425880432
amp_predictor,train,RKKRRQRRRLNLKALLAVAKKIL,1,0.8613533973693848
amp_predictor,train,IMYDCCSGSCSGYTGRC,0,0.16736140847206116
amp_predictor,train,FLGALWKVAKKVF,1,0.999705970287323
amp_predictor,train,SVINTQIKPFKTQAFKNGKFIEVTE,0,0.19202925264835358
amp_predictor,train,KRIRFFERIRDRLRDLGNRIKNRIRDFFS,1,0.841241180896759
amp_predictor,train,YGNGVFSVIK,1,0.6726270318031311
amp_predictor,train,GIKEFAHSLGKFGKAFFGGILNQ,1,0.9681751132011414
amp_predictor,train,GLFDIAKKVIGVIGSL,1,0.9914790987968445
amp_predictor,train,FLNPFRWMINKYREWKNKKN,0,0.39795273542404175
amp_predictor,train,LKLKAIAALAKKKW,1,0.999264657497406
amp_predictor,train,MRKEFHNVLSSGQLLADKRPARDYNRK,1,0.2919095754623413
amp_predictor,train,CGETCVVLPCFIVPGCSCKSSVCYFN,1,0.9650042057037354
amp_predictor,train,SVFAFQDESTSTIAQARLFI,1,0.1466103494167328
amp_predictor,train,WLTLRRLSRCHPFTPCGCDPVPD,1,0.5501957535743713
amp_predictor,train,AVHGQFATL,0,0.34041669964790344
amp_predictor,train,AKRLKKLAKKIWNWK,1,0.9968504309654236
amp_predictor,train,GLLNGLALRLGKRALKKIIKRLCR,1,0.99104905128479
amp_predictor,train,LDTDLQGTMPEVYASERAAFL,0,0.07134442776441574
amp_predictor,train,YAIVARPRF,0,0.501956582069397
amp_predictor,train,GNKATQSQVQTAMFMYIVFQGVLMYIGYR,0,0.08842270076274872
amp_predictor,train,TCRSSGRYCRSPYDRRRRYCRRITDACV,1,0.8738971948623657
amp_predictor,train,ALFSILRGLKKLGNMGQAFVNCKIYKKC,1,0.966081440448761
amp_predictor,train,LCAALCLAIGRR,1,0.766048789024353
amp_predictor,train,GWANTLKNVAGGLCKITGAA,1,0.9793490171432495
amp_predictor,train,RGDKDIFTVHDILKARGEI,0,0.22115591168403625
amp_predictor,train,KDFCHLPPKPGPCRAAI,0,0.14659737050533295
amp_predictor,train,AKDGNQSAIIGNIL,0,0.6242639422416687
amp_predictor,train,GVLDILKGAAKDLAGHVATKVINKI,1,0.9827457666397095
amp_predictor,train,GIWDTIKSMGKVFAGKILQNL,1,0.892390787601471
amp_predictor,train,DMYSKSTAAMSTYAGILTDQVLSMLKGEE,0,0.15554927289485931
amp_predictor,train,GRKKRRQRRRPPQTYADFIASGRTGRRNAI,1,0.7386102676391602
amp_predictor,train,LAEQAERYEEMVEFMEK,0,0.3228449523448944
amp_predictor,train,NPQQDFMRF,0,0.10534004867076874
amp_predictor,train,DEPDGVPTHQKQ,0,0.0436512716114521
amp_predictor,train,FLSLIPAAISAVSALADHF,1,0.5590125918388367
amp_predictor,train,MLSLIFYLRFPSYIRG,0,0.19745734333992004
amp_predictor,train,HTAADLLR,0,0.11492915451526642
amp_predictor,train,GLLSGILNSAGGLLGNLIGSLSN,1,0.9450262784957886
amp_predictor,train,INLKAIAALAKKLF,1,0.9991053938865662
amp_predictor,train,GLLSVLGSVVKHVIPHVVPVIAEHL,1,0.9246277809143066
amp_predictor,train,NNQLNASHK,0,0.2916841208934784
amp_predictor,train,RPSFNSWG,0,0.06351718306541443
amp_predictor,train,FLGGLWKAMSNLL,1,0.8604704141616821
amp_predictor,train,GFMSKVANFAKKFAKGGVNAIMNQK,1,0.9230863451957703
amp_predictor,train,FKRIVQRIKDFLRNLV,1,0.9404875040054321
amp_predictor,train,VSCEDCPEHCSTQKAQAKCDNDKCVCEPI,0,0.05223372206091881
amp_predictor,train,VFHLLGKIIHHVGNFVYGFSHVF,1,0.9965348243713379
amp_predictor,train,CKGKGASCRRTSYDCCTGSCRLGRC,0,0.46892988681793213
amp_predictor,train,AQRSPSLRLRF,0,0.35311439633369446
amp_predictor,train,EKYTEIPEYV,1,0.36159273982048035
amp_predictor,train,LLPNLLKSLL,1,0.9140112400054932
amp_predictor,train,GCCSDPRCKHQC,0,0.012730197980999947
amp_predictor,train,GAFGNFLKGVAKKAGLKILSIAQCKLFGTC,1,0.9975876808166504
amp_predictor,train,APRKQLKW,1,0.9474838376045227
amp_predictor,train,GCCGVPSCMAGCRPCC,0,0.021815039217472076
amp_predictor,train,SGPGFMGVR,0,0.03988603502511978
amp_predictor,train,FLFKLIPKVIKGLVKAIRK,1,0.999457061290741
amp_predictor,train,FTMKKSPLLLFFLGTISLSLC,1,0.8145721554756165
amp_predictor,train,GWTLNSAGYLLGPHAIDNHRSFNEKHGIA,0,0.1672900766134262
amp_predictor,train,GLWEKVKEKANELVSGIVEGVK,1,0.4659162759780884
amp_predictor,train,GRRCPRIYMECKRDADCLADCVCLQHGICG,0,0.04788251221179962
amp_predictor,train,PCCSKLHDNSCCGL,0,0.07116607576608658
amp_predictor,train,GIGTKIIGGLKTAVKGALKELASTYVN,1,0.8958842158317566
amp_predictor,train,MRRAVILVLDRAGPV,0,0.08069977164268494
amp_predictor,train,GKPNKPRPAPIKPRPPHPRL,1,0.7201201915740967
amp_predictor,train,GCKLTFWKCKNKKECCGWNACALGICMPR,0,0.8187806010246277
amp_predictor,train,RRLRWWTRWRLK,1,0.9990076422691345
amp_predictor,train,GAVSGLLTNL,0,0.7217150926589966
amp_predictor,train,GILDALTGIL,1,0.49010342359542847
amp_predictor,train,DKNKKPIWMAGFPGFTPIR,0,0.3435715138912201
amp_predictor,train,AGFAAQAAASLAPVAIQQL,1,0.48006588220596313
amp_predictor,train,MQNQRIRIR,0,0.7466941475868225
amp_predictor,train,DINFPICRFCCQCCNKPSCGICCEE,1,0.07075606286525726
amp_predictor,train,GLGSVFGRLARILGRVIPKV,1,0.7510443329811096
amp_predictor,train,HSEGTFSNDYSKYLETRRAQDFVQWLKNS,0,0.2254827320575714
amp_predictor,train,REIIPRLAVDTGLGLGRRGQKGDQGP,1,0.17068569362163544
amp_predictor,train,GLFSKFAGKGIVNFLIEGVE,1,0.8862708806991577
amp_predictor,train,MIIYRIAASHKK,1,0.7066876292228699
amp_predictor,train,GAGIVVASIDTGVRVSHE,1,0.040620800107717514
amp_predictor,train,FFPSIAGLAAKFLPKIFCSITKRC,1,0.987027645111084
amp_predictor,train,ITGGPAVVHQA,1,0.2558966279029846
amp_predictor,train,AEAAGLLPFPRV,0,0.0590021051466465
amp_predictor,train,LAKTVPLNDGTNFPIFGG,0,0.13334445655345917
amp_predictor,train,CYIQNCPLG,0,0.028829926624894142
amp_predictor,train,GIGCGESCVWIPCVSAAIGCSCSNKICYRN,1,0.9458352327346802
amp_predictor,train,MKNLRNRSFLTLLDFSRQEVEFLLTLSEDL,0,0.20277537405490875
amp_predictor,train,KLFKKIGIGAVLKVLTTGLPALKLTK,1,0.9973304271697998
amp_predictor,train,GLFDVIAKVASVIGGL,1,0.8406980633735657
amp_predictor,train,INSLKLGKKILGAL,1,0.9988973140716553
amp_predictor,train,GRFKRFRKKFKKLFKKLSPVIPLLHL,1,0.9939020872116089
amp_predictor,train,FLPIVGRLISGIL,1,0.919641375541687
amp_predictor,train,FRKKWNKWALSR,1,0.9927484393119812
amp_predictor,train,WIIFKIAASHKK,1,0.9998637437820435
amp_predictor,train,RCFCRRGVC,1,0.9860353469848633
amp_predictor,train,RGKRWWRRKK,1,0.994147777557373
amp_predictor,train,DTHFPIYIFCCGCCHRSKCGMCCKT,1,0.5567079782485962
amp_predictor,train,YAEVPSPAAQAPTAD,0,0.026580551639199257
amp_predictor,train,GLFGVLAKVAAHVVPAIAEHF,1,0.8548860549926758
amp_predictor,train,GAYDLRRRERQSRLRRRERQSR,1,0.8301481604576111
amp_predictor,train,MDIVSLAWAGLMVVFTFSLSLVVWGRSGL,0,0.0424295999109745
amp_predictor,train,MIFNDLIGNNNIGD,0,0.20619527995586395
amp_predictor,train,GILSSLWKKPKKIIAK,1,0.9987210631370544
amp_predictor,train,RRPWRWPWWPWRR,1,0.9966863989830017
amp_predictor,train,GILSTVFKAGKGIVCGLSGLC,1,0.9907192587852478
amp_predictor,train,REVCELNPDCDELADHIGFQEAYR,0,0.16505807638168335
amp_predictor,train,GFLDVVKHIGKAALGAVTHLINQ,1,0.9720601439476013
amp_predictor,train,MSRLFFVCRKVR,0,0.8562483191490173
amp_predictor,train,AGLPPEEKPKLCDAACE,0,0.055151648819446564
amp_predictor,train,GLFGKILGVGKKVLCGLSGMC,1,0.9862309098243713
amp_predictor,train,GIKEFAHSLGKFGKAFVGGILNQ,1,0.9753580689430237
amp_predictor,train,FIHHIIGGLFSAGKARHRLIRRRRR,1,0.988781750202179
amp_predictor,train,ANDPQCLYGNVAAKF,1,0.17379535734653473
amp_predictor,train,SVIELGKMILQETGKNPVTHYGA,0,0.07581817358732224
amp_predictor,train,VLDIYEQKLGQTRVLDIYEQK,0,0.2121375948190689
amp_predictor,train,MDFNISGIGNVS,0,0.12183838337659836
amp_predictor,train,IGKEFKRIVQRIKDFLRNLVPRTES,1,0.5288570523262024
amp_predictor,train,KKIASIGKEVLKAL,1,0.9938299059867859
amp_predictor,train,PQRGEGGRAGNLLREEQEI,1,0.2968667447566986
amp_predictor,train,TFLDKFNHEAEDLFYQ,1,0.24965262413024902
amp_predictor,train,KWKLFKKGAVLKVLT,1,0.9993933439254761
amp_predictor,train,RGSNLTTHPLRNIKDLVVYM,0,0.07107966393232346
amp_predictor,train,VHYHDCFVR,0,0.21362929046154022
amp_predictor,train,GWMSKIASGIGTFLSGMQQ,1,0.15931355953216553
amp_predictor,train,WCASGCRKKRHGGCSC,0,0.25347769260406494
amp_predictor,train,FKCARWQWRMKKLGA,1,0.9859445095062256
amp_predictor,train,FLPAVLLVATHVLPTVFCAITRKC,1,0.9380746483802795
amp_predictor,train,QYADCSEIYNDGFK,0,0.14478957653045654
amp_predictor,train,KWKSFLKTFKVAVKTVLHTALKAISS,1,0.9949089884757996
amp_predictor,train,GVVDSAIDAETR,0,0.038602232933044434
amp_predictor,train,MKRIGVLTSGGDSPGMNAAIRAVVR,0,0.0478348433971405
amp_predictor,train,GWGDTFGKVLKNFAKVAGVKAAK,1,0.987201452255249
amp_predictor,train,GIFKDTLKKVVAAVLTTVADNIHPK,1,0.6092178821563721
amp_predictor,train,GILDAITGLL,1,0.49010342359542847
amp_predictor,train,DVSLPAEGFR,0,0.05229485034942627
amp_predictor,train,ASPYAFGL,0,0.10452009737491608
amp_predictor,train,DKNKKPIRVGGRRPPGFTPFR,0,0.5785657167434692
amp_predictor,train,VIPFVASVAAEMMQHVYCAASKRC,1,0.546319305896759
amp_predictor,train,IDPFVAGVAAEMMQHVYCAASKKC,1,0.4406944215297699
amp_predictor,train,GWKKWLRKGAKHLGQAAIKGLAS,1,0.9927955269813538
amp_predictor,train,ILPILSLIGGLL,1,0.9137786030769348
amp_predictor,train,SPAPPACDPRLLNKLLRDDHVLHGRL,0,0.20110933482646942
amp_predictor,train,MLNAVDAKLTTDFGQR,0,0.0934506207704544
amp_predictor,train,TKFAILLESFTPFVSTP,0,0.17213337123394012
amp_predictor,train,WFWKLLWKALRLWWKVL,1,0.9998205304145813
amp_predictor,train,MAILTLGWVSLLVVFTWSIAMVVWGRNGL,0,0.047915417701005936
amp_predictor,train,GGGGRGYEYNKQCLIFC,1,0.5239188075065613
amp_predictor,train,SAGAQGARGDKGEAGEAGER,1,0.8707270622253418
amp_predictor,train,GFGKAFHSVSNFAKKHKTA,1,0.88896644115448
amp_predictor,train,AFRKQLKW,1,0.9929463267326355
amp_predictor,train,GSSGLIPMGRV,0,0.05245416238903999
amp_predictor,train,MRINTNINSM,0,0.11849415302276611
amp_predictor,train,VVVTLASGLEMCDTTTDGGGWTIFQ,0,0.038919124752283096
amp_predictor,train,GFFALIPGIE,1,0.46289780735969543
amp_predictor,train,GAVPAAQFSPRL,0,0.1166115254163742
amp_predictor,train,YQEPVLGPVRGPFPIIV,1,0.2280561625957489
amp_predictor,train,FFPAILRVAAKVGPAVLCAITKKC,1,0.9742085933685303
amp_predictor,train,FLPLLISALTSLFPKLGK,1,0.9628002643585205
amp_predictor,train,HSQGTFTSDYSKYLDSRRAQDFVQWLMNT,0,0.0984574556350708
amp_predictor,train,RKKRWWRRKK,1,0.9908952713012695
amp_predictor,train,FQWQRNPRKVR,1,0.9354871511459351
amp_predictor,train,MIRVARESFALVSVIGFVWMMCTVANLVA,0,0.062274910509586334
amp_predictor,train,GLFSVLGSVAKHLLPHVAPIIAEKL,1,0.968735933303833
amp_predictor,train,YCQKWMWTCDSKRKCCEDMVCQLWCKKRL,0,0.2978745400905609
amp_predictor,train,ALVEDPQMQKYHKH,0,0.20685836672782898
amp_predictor,train,MKWAAPIVSEICVGMEVTSYESAEIDTFN,0,0.11324428766965866
amp_predictor,train,RPKPQQWFWLM,1,0.742802083492279
amp_predictor,train,GWINEEKIQKKIDEP,1,0.2224271148443222
amp_predictor,train,RAEAVPPGFTPFRKP,1,0.34385955333709717
amp_predictor,train,AEYTLPDLGWDYAASGPG,0,0.03762183338403702
amp_predictor,train,VVNTPGHAVSYHVY,0,0.0773840844631195
amp_predictor,train,FLSGLVGALAKMF,0,0.7647198438644409
amp_predictor,train,RGPRRQPRRHRRPRR,1,0.9283323884010315
amp_predictor,train,GIGKHVGKALKGLKGLLKGLGES,1,0.9920400381088257
amp_predictor,train,LLIILRRRIRKQAHAHSKNHQQQNPHQPPM,1,0.26531529426574707
amp_predictor,train,TSTVFSDGQR,0,0.12172667682170868
amp_predictor,train,VSTLLPVVAAEEPA,0,0.04947169870138168
amp_predictor,train,RKCLRWQWEMRKYGG,1,0.9803117513656616
amp_predictor,train,GIHHILKYGKPS,1,0.9884421229362488
amp_predictor,train,GRGGSSNYVRL,0,0.1981828212738037
amp_predictor,train,EQATLIDFGKLNADIVPDKNGGMTQ,0,0.08313355594873428
amp_predictor,train,RIKRFWPVVIRTVVAGYNLYR,1,0.9397397041320801
amp_predictor,train,FLPVLAGIAAKVVPALFCKITKKC,1,0.9946202039718628
amp_predictor,train,RIKRFWPVVIRTVVAGYN,1,0.9447988271713257
amp_predictor,train,KWKSFINKLTSKFLHSAKKF,1,0.9858566522598267
amp_predictor,train,LENGLLRKPPMG,0,0.1776185929775238
amp_predictor,train,HPLMLRRPIMLDEKRLQIGFNDEE,0,0.15570469200611115
amp_predictor,train,DLYGNIVLSGGSTMF,0,0.05879170075058937
amp_predictor,train,RWKRWWRRKK,1,0.9988929629325867
amp_predictor,train,ESQKVQGDVIGVDLGTTYSCVA,0,0.05693358927965164
amp_predictor,train,ANFLPKIFCKITRKC,1,0.985991895198822
amp_predictor,train,GLPTCGETCFKGKCYTPGCSCSYPICKKN,1,0.8605871796607971
amp_predictor,train,IFGLLLHGAIHVGKLIHGLVRRH,1,0.9992159605026245
amp_predictor,train,GIRDVLKGAAKAFVKTVAGHIAN,1,0.9049951434135437
amp_predictor,train,RATVNGLPA,0,0.05746597424149513
amp_predictor,train,CRQIKIWFPNRRMKWKKC,1,0.9804701209068298
amp_predictor,train,ASSGLISMPRV,0,0.06876856833696365
amp_predictor,train,GWWRRTVDKVRNAGRKVAGFASKACGALGH,1,0.7824954390525818
amp_predictor,train,ALWMTLLKKVLKAAAKALNAVLVGANA,1,0.9912530779838562
amp_predictor,train,GLWSKIKEAGKAVLTAAGKAALGAVSDAV,1,0.8853856921195984
amp_predictor,train,FLGSLFSIGSKLLPGVFKLFSRKKQ,1,0.9685154557228088
amp_predictor,train,CYIQNCLRV,0,0.1240779459476471
amp_predictor,train,GLLSGVLGVGKKIVCGLSGLC,1,0.9875029921531677
amp_predictor,train,SRPYSFGL,0,0.10781986266374588
amp_predictor,train,GIGAAILSAGKSIIKGLANGLAEHF,1,0.9687397480010986
amp_predictor,train,KQIMTQFFNFARSPAVKD,1,0.18460088968276978
amp_predictor,train,WKSYVRRWR,1,0.9976925849914551
amp_predictor,train,RRLRKKTRKRLKKIGKVLKWI,1,0.9830161929130554
amp_predictor,train,QGGAPWNPIPP,0,0.02910391241312027
amp_predictor,train,GAGGALFVHRD,0,0.1418875902891159
amp_predictor,train,INWLRLGRRILGAL,1,0.979536771774292
amp_predictor,train,GSVIKCGESCLLGKCYTPGCTCSRPICKKD,1,0.7792353630065918
amp_predictor,train,VYPFCWGGAYAFCKAKLV,1,0.9188973903656006
amp_predictor,train,ATKAVCVLKGDGPVQGIINF,1,0.7685980796813965
amp_predictor,train,GWASKIGQTLGKMAKVGLQELIQPK,1,0.904694139957428
amp_predictor,train,KVVKQWPIGKVVKKVVKKVVK,1,0.9969467520713806
amp_predictor,train,GLLQTIKEKLESLESLAKGIVSGIQA,1,0.45656880736351013
amp_predictor,train,TPLKESTCYLPKETGPCVGYFFRYY,0,0.17933659255504608
amp_predictor,train,LKKLLKKLLKW,1,0.998649537563324
amp_predictor,train,KWKLFKKIPKFLHLAK,1,0.9989493489265442
amp_predictor,train,STAGDTHLGGEDF,0,0.04044905677437782
amp_predictor,train,MKIKFSRGARFSATFSFDKYPFLLYEVVR,0,0.18638326227664948
amp_predictor,train,CVKVQVKVGSGVKVQVKVC,1,0.9294371604919434
amp_predictor,train,KWKLFKKIPLKKF,1,0.9983841180801392
amp_predictor,train,KIKKGFKKIFKRLPPIGVGVSIPLAGKR,1,0.9882833957672119
amp_predictor,train,NWKKIASIGKEVLKAL,1,0.9969611763954163
amp_predictor,train,HECCKKGFCDPGCDCCDQ,0,0.009324652142822742
amp_predictor,train,STRCQGRGASCRKTMYNCCSGSCNRGRCG,0,0.5159776210784912
amp_predictor,train,VNFKLLSHSLLVTLASHL,1,0.9576719999313354
amp_predictor,train,CALNNYGRKKRRQRRR,1,0.8363577723503113
amp_predictor,train,KKWKKFIKKIGIGAVLTTPGAKK,1,0.9971356391906738
amp_predictor,train,ALLLAIRRR,1,0.8519290685653687
amp_predictor,train,FLPGLIKAAVGIGSTIFCKISRKC,1,0.9942162036895752
amp_predictor,train,GCPWEPWC,0,0.006653124000877142
amp_predictor,train,QERRQSPE,0,0.22363848984241486
amp_predictor,train,FFPIGVFCKIFKTC,1,0.9977903366088867
amp_predictor,train,MLVGKKVQTF,0,0.4626707136631012
amp_predictor,train,FENKVPEKQKLFQEDNGIPVVLKGGVADA,0,0.11367426812648773
amp_predictor,train,RFRRLRWKTRWRLKKI,1,0.9960582256317139
amp_predictor,train,GIPCGESCVWIPCISAAIGCSCKSKVCYRN,1,0.9219980239868164
amp_predictor,train,FFSALLSGIKSLF,1,0.9701904058456421
amp_predictor,train,QYRHRCCAWGPGRKYCKRWC,1,0.9504496455192566
amp_predictor,train,EAEYNPDITVRDAIKLAEKALKSS,0,0.1827699840068817
amp_predictor,train,KRRIRRERNKMAAAKSRNRRRELTDTGC,1,0.6571342349052429
amp_predictor,train,IVRRGCCSDPRCAWRCG,0,0.6099283695220947
amp_predictor,train,GFPGERGGPGA,1,0.9588000774383545
amp_predictor,train,GILKKFMLHRGTKVYKMRTLSKRSH,1,0.5105495452880859
amp_predictor,train,AKGLNKILEKVGEEA,0,0.45800110697746277
amp_predictor,train,MCMLSWFISTSPLKEYCGGKRNLQRNNF,0,0.1368846595287323
amp_predictor,train,RNGCIVDPRCPYQQCRRPLYCRRR,1,0.8227748870849609
amp_predictor,train,DNPSSTPPLR,0,0.1576438993215561
amp_predictor,train,FKRIHQRIKDFLR,1,0.9640510082244873
amp_predictor,train,KWCFRVCYRGICYRRCR,1,0.9985899329185486
amp_predictor,train,GPAGPAGPAG,1,0.9897024631500244
amp_predictor,train,MTGTQGEAGR,1,0.168768510222435
amp_predictor,train,KCRRRKVHGPMIRIRKKNL,1,0.8626528382301331
amp_predictor,train,LKPDEELQGPGGVLSRGYFVFRPRN,0,0.11940515786409378
amp_predictor,train,DGGEPAAPLWFGPRV,0,0.09225616604089737
amp_predictor,train,WLKKLLKKLLK,1,0.998649537563324
amp_predictor,train,FVKWWSKWLKKIL,1,0.9999480247497559
amp_predictor,train,APGEKGESGPAGPGGPTGS,1,0.9617354869842529
amp_predictor,train,APQPYAFGL,0,0.11050276458263397
amp_predictor,train,GFGCYRSCWKAGHDEETCKKECS,0,0.2207772433757782
amp_predictor,train,LNLRALLAVARRIL,1,0.52556312084198
amp_predictor,train,QWGQHPNIPP,0,0.012261385098099709
amp_predictor,train,KAKLFKKIGIGKFLHSAKKF,1,0.9979873895645142
amp_predictor,train,RGLRRLGRKIAHGVKKYGATVLRIIRIA,1,0.964708149433136
amp_predictor,train,SRDIVSVYDD,0,0.11248629540205002
amp_predictor,train,WLRMASGLTDYR,0,0.07024408131837845
amp_predictor,train,QHWSHGLSPG,0,0.03152060508728027
amp_predictor,train,FIAGLNGLR,0,0.7783969044685364
amp_predictor,train,YGVGLGKDHTLFAKVDGVVKFETKGA,0,0.326427161693573
amp_predictor,train,CYIQNCPRG,0,0.044226184487342834
amp_predictor,train,MAVKAISGCDKDQELI,0,0.12369395047426224
amp_predictor,train,DCCHNTQLPFIYKTCPEGCNL,0,0.15274502336978912
amp_predictor,train,NSTMNSLLQLGR,0,0.12270919978618622
amp_predictor,train,GLPVCGETCVGGTCNTPGCSCSWPVCFRN,1,0.909437894821167
amp_predictor,train,GALRGCWTKSYPPKPCK,1,0.7001372575759888
amp_predictor,train,NHQLTQENERLTQK,0,0.345890611410141
amp_predictor,train,FLSGIVGMLGKLF,1,0.8131568431854248
amp_predictor,train,QSHISLCRWCCNCCKANKGCGFCCKF,1,0.5125303268432617
amp_predictor,train,GCRRLCYRQRCVTYCRGR,1,0.980305552482605
amp_predictor,train,MEFGNLTNLDVA,0,0.08225227147340775
amp_predictor,train,AAAAPPRRGPSGPDA,0,0.448527067899704
amp_predictor,train,MGDISPLTGTNGQIR,0,0.04293520003557205
amp_predictor,train,IVGGTEVTPGEIPYQLSFQD,0,0.04642119258642197
amp_predictor,train,AETVQYYNSYSDASIASMAIVDSGK,0,0.19199836254119873
amp_predictor,train,LIIFRILISHK,1,0.9973347783088684
amp_predictor,train,SPPSEQLGKSFNF,1,0.3622438311576843
amp_predictor,train,LPSIGHYY,0,0.07354659587144852
amp_predictor,train,GIWSSLLKKLKKIIAK,1,0.9995136260986328
amp_predictor,train,VVGGDECNINE,0,0.055194661021232605
amp_predictor,train,FLPMLAKLLSGFLGK,1,0.941788911819458
amp_predictor,train,GVITDALKGAAKTVAAELPRKAH,1,0.3798941969871521
amp_predictor,train,GLVPCGETCFTGKCYTPGCSCSYPICKKN,1,0.929252028465271
amp_predictor,train,LKKWLKKWLKK,1,0.9983709454536438
amp_predictor,train,IFGAILPLALGALKNLIK,1,0.9955671429634094
amp_predictor,train,AELPQGLWVRPRLG,0,0.09363224357366562
amp_predictor,train,FTMKKSLLFIFFLGTISLSLC,1,0.8165101408958435
amp_predictor,train,LNVGDSVIAIECRPLSKTKSFRLKTIVATG,0,0.23392744362354279
amp_predictor,train,GSTGLIPFGRT,0,0.05102180689573288
amp_predictor,train,ANIVGGIEYSINNASICSVGFSVTR,0,0.12471172958612442
amp_predictor,train,MEILTLGWVSLLVVFTWSIAMVVWGRNGL,0,0.03193507716059685
amp_predictor,train,KIWVIRWR,1,0.9999688863754272
amp_predictor,train,MISDTQIFVALILALFSFVLAIRLGTSLY,0,0.14859461784362793
amp_predictor,train,TRRKWWKKVLNGAIKIAPYILD,1,0.9876367449760437
amp_predictor,train,AKEKEVTFQ,0,0.3549364507198334
amp_predictor,train,MADAEDIQPLVCDNGTG,0,0.04536295682191849
amp_predictor,train,NVWKKILGKIIKVVK,1,0.999675989151001
amp_predictor,train,KHTLPDLPYDFGALQPHISAEIM,0,0.17768990993499756
amp_predictor,train,SQTQSFNFNKFEQNK,0,0.30544206500053406
amp_predictor,train,GLMDTVKNAAKNLAGQLLDRLKCKITGC,1,0.8799200654029846
amp_predictor,train,KWCRCVCRRGICRCRCRG,1,0.9817602038383484
amp_predictor,train,GIWKFLKKAKKFWK,1,0.9993475079536438
amp_predictor,train,KTKKKLLKKT,1,0.9080318808555603
amp_predictor,train,VPIIYCNRRTGKCQRM,1,0.7113206386566162
amp_predictor,train,DSMGAVKLAKLLIDKMKCEVTKAC,1,0.7527695298194885
amp_predictor,train,GSNKGFNFMVDMINALSN,1,0.17657814919948578
amp_predictor,train,DGAETPGAAASLWFGPRV,0,0.04534490779042244
amp_predictor,train,TSLDASIWAMMQNA,1,0.12347842007875443
amp_predictor,train,DCCPCPAGAVRCRFACC,0,0.019420841708779335
amp_predictor,train,KEKLKLKCKAPKCYNDKLACT,1,0.5045645833015442
amp_predictor,train,EKGYNPYVR,0,0.21320025622844696
amp_predictor,train,GSSGGMIPFPRV,0,0.05133534595370293
amp_predictor,train,GLISNLGI,0,0.9571632146835327
amp_predictor,train,MISDIQIMVALFAALFTGILALRLGTELYK,0,0.10889507085084915
amp_predictor,train,SCTTCECCCSCS,1,0.32513147592544556
amp_predictor,train,LFGLIPSLIGGLVSAFK,1,0.9765276908874512
amp_predictor,train,FKVDEEFQGPIVSQNRRYFLFRPRN,0,0.15890388190746307
amp_predictor,train,FVRWWSRWLRRIL,1,0.9997753500938416
amp_predictor,train,ASIIKTTIKVSKAVCKTLTCICTGSCSNCK,1,0.9943748712539673
amp_predictor,train,KKLALALKKPALLWKKLALALKKA,1,0.9977856874465942
amp_predictor,train,YSRLIAGLKKASI,0,0.9251357316970825
amp_predictor,train,GLPICGETCVGGSCNTPGCSCSWPVCTRN,1,0.8762498497962952
amp_predictor,train,LAFVAGVAAEMMQHVYCAASKKC,1,0.7819724678993225
amp_predictor,train,TRSRWRRFIRGAGRFARRYGWRIALGLVG,1,0.9575153589248657
amp_predictor,train,QSPKDAYPYDISELVKDAYPYDISELVK,0,0.23158641159534454
amp_predictor,train,MDTQGFSCLLLLISEIDLSVKRRI,0,0.18574291467666626
amp_predictor,train,TTPLCVGVIIGLTTSIKICK,1,0.9737256169319153
amp_predictor,train,AKKTILDLKD,0,0.5385056138038635
amp_predictor,train,KCFQWQRNMRKVRGPPVSCIKR,1,0.8340836763381958
amp_predictor,train,GFFGKMKEYFKKFGASFKRRFANLKKRL,1,0.7846279144287109
amp_predictor,train,AIGNILKTLGNLAQKILGK,1,0.995896577835083
amp_predictor,train,MWTKPSYTDLRIGFEVTLYFANR,0,0.06369464099407196
amp_predictor,train,KDGYPVDNANCKYE,0,0.14528587460517883
amp_predictor,train,GLLSVLGSVAKHVLPHVVPVIAEHL,1,0.8812122344970703
amp_predictor,train,DSVGSTTAHKQQNINHLLDK,0,0.19985322654247284
amp_predictor,train,LRDYANRVINGGPVEAAGPPA,0,0.0760355070233345
amp_predictor,train,TDPDADKGEFLAEGGGVR,0,0.04275314882397652
amp_predictor,train,KKLLPIVANLLKSLL,1,0.9926924109458923
amp_predictor,train,KSLRRVWRSWR,1,0.9917682409286499
amp_predictor,train,RNCESLSHRFKGPCTRDSN,1,0.5055380463600159
amp_predictor,train,GILDAIKAFANALG,1,0.9351040720939636
amp_predictor,train,INWKKMAATALKMI,1,0.8549337387084961
amp_predictor,train,GLPTCGETCFGGTCNTPGCTCDPWPICTRD,1,0.8100300431251526
amp_predictor,train,VIGSILGALASGLPTLISWIKNR,1,0.8106135725975037
amp_predictor,train,DFWLTEKDLIPKLFKVLAPR,0,0.49605298042297363
amp_predictor,train,PSSSSSSRIGDP,1,0.13438421487808228
amp_predictor,train,FLPILASLAATLGPKLLCLITKKC,1,0.9818530678749084
amp_predictor,train,VRRFGWWWGFLRR,1,0.9993106126785278
amp_predictor,train,TSHGGGKAGKSKLLDVNY,0,0.488532155752182
amp_predictor,train,FLPLLFGAISHLL,1,0.9584232568740845
amp_predictor,train,SCTTCECSCSCSS,1,0.6435973644256592
amp_predictor,train,MGTTTMGVKLDDATRERIKSAASRID,0,0.1316090226173401
amp_predictor,train,KWCGRVCYRGICYRRCR,1,0.9979200959205627
amp_predictor,train,AQTPVKVTVTGAAGQIGYALLFRI,0,0.07875872403383255
amp_predictor,train,IVPFLGPLLGLLT,0,0.7743677496910095
amp_predictor,train,LIAGLAANFLPKLFCKITK,1,0.9971891045570374
amp_predictor,train,RRLCRIVWVIRVCRR,1,0.9993525147438049
amp_predictor,train,GARGDKGEAGEAGE,1,0.7862939238548279
amp_predictor,train,CMSTRGDQARKICE,1,0.34312090277671814
amp_predictor,train,GLLGVLGSVAKHVLPHVVPVIAEHL,1,0.9039894342422485
amp_predictor,train,AGFVLKGYTKTSQ,1,0.25655391812324524
amp_predictor,train,GLVGTLLGHIGKAILGG,1,0.9775587916374207
amp_predictor,train,ELVSNASDALDKLR,0,0.1623453050851822
amp_predictor,train,LKMGVVLFIFLVLFTLA,0,0.5087325572967529
amp_predictor,train,GLVSDLLSTVTGLLGNLGGGGLKKI,1,0.9281891584396362
amp_predictor,train,GLLSGILGAGKNIVCGLSGLC,1,0.9813929200172424
amp_predictor,train,NVRFDLSGATSSSYKTFIKN,1,0.2236466407775879
amp_predictor,train,GIADILKGLL,1,0.9656580686569214
amp_predictor,train,VKRKKKPALWKTLLKKVLKA,1,0.9921765923500061
amp_predictor,train,QVFTLIKGATQLIRKTLGEQ,1,0.23688814043998718
amp_predictor,train,WKRWVQRWKRFLR,1,0.9996129870414734
amp_predictor,train,PRGSPRTEYEAARR,1,0.34097108244895935
amp_predictor,train,IRIKIRIK,1,0.9959205389022827
amp_predictor,train,RWWKIWVIRWWR,1,0.9999197721481323
amp_predictor,train,SVVNIQKEIDRLNEVAKNLNESLIK,1,0.1852591186761856
amp_predictor,train,GCPWDPWC,0,0.0037345881573855877
amp_predictor,train,FFSMIPKIAGGIASLVKNL,1,0.9579687714576721
amp_predictor,train,GLWQFIKDKFKDAATGLVTGIQS,1,0.623432993888855
amp_predictor,train,FLSTIWNGIKSLL,1,0.9612888097763062
amp_predictor,train,KFFRKLKKSVKKRAK,1,0.9135265350341797
amp_predictor,train,LNLKALLAVAKAIL,1,0.9912952184677124
amp_predictor,train,FLSLIPHAISAISAIANHL,1,0.9694934487342834
amp_predictor,train,ILPILGNLLNSLL,1,0.8847814202308655
amp_predictor,train,LLGGLLQSLL,1,0.7564401626586914
amp_predictor,train,IYRDLISH,1,0.8100210428237915
amp_predictor,train,NLYQFGNMIQCTIPGSNPLL,0,0.07642080634832382
amp_predictor,train,SAVGRHSRRFGLRKHRKH,1,0.9037299156188965
amp_predictor,train,GILGTVFKAGKGIVCGLTGLC,1,0.9835687279701233
amp_predictor,train,GLLGKVLGVGKKVLCGVTGLC,1,0.993249773979187
amp_predictor,train,KAYSTPRCKGLFRALMCWL,1,0.7536758184432983
amp_predictor,train,AYRKPPFNGSIF,0,0.2945737838745117
amp_predictor,train,MTRSLKKNPFVANHLLNKIDKLNT,0,0.27671897411346436
amp_predictor,train,GLASFLGKALKAGLKIGAHLLGGAPQQ,1,0.978766143321991
amp_predictor,train,MLLLTRRRST,1,0.5421074032783508
amp_predictor,train,SASPGLPKGEKEQQEAIEHIDE,0,0.09962346404790878
amp_predictor,train,KKLLKKLLKWL,1,0.998649537563324
amp_predictor,train,RIKRFWPVVIRTVVAGY,1,0.9815261363983154
amp_predictor,train,GSAFCGETCVLGTCYTPDCSCTALVCLKN,1,0.953788697719574
amp_predictor,train,RCVCRRGVCRCVCRRGVC,1,0.9643484950065613
amp_predictor,train,GVPTVNAV,0,0.07882962375879288
amp_predictor,train,NLIQLSNMIKCAIPGSQPLF,0,0.20381805300712585
amp_predictor,train,ETDLLLDDSLVSLFGNRR,0,0.15018099546432495
amp_predictor,train,GLKDIFKAGLGSLVKNIAAHVAN,1,0.9945874214172363
amp_predictor,train,CKQSCSFGPFTFVCDGNTK,1,0.7522269487380981
amp_predictor,train,HSDGTFTSELSRLRDSARLQRLLQGLV,0,0.15052387118339539
amp_predictor,train,EDGSDAVSGEFLAEGGGVR,0,0.02971773035824299
amp_predictor,train,KAWFVLSMRAVGGLFVDLWTSVAKTVKGWL,0,0.5248742699623108
amp_predictor,train,ALPTYTPESPADATR,0,0.0744183361530304
amp_predictor,train,QPSQDFMRF,0,0.10006771981716156
amp_predictor,train,VRLWIRVAVIRA,1,0.9828437566757202
amp_predictor,train,APDFSTLELIPDKLKEFGNTLEEKARMA,0,0.18191620707511902
amp_predictor,train,VKLIQIRIWIQYVTVLQMFSMKTKQ,1,0.29480260610580444
amp_predictor,train,GKLQAFLAKMKEIAAQTL,1,0.8580453991889954
amp_predictor,train,RMKLNAKKLSFC,1,0.7420468330383301
amp_predictor,train,GIMDSVKNAAKNLAGQLLDTIKCKITAC,1,0.9024138450622559
amp_predictor,train,GFGSLFKFL,0,0.943510890007019
amp_predictor,train,GIMDTVKNAAKDLAGQLLDKLKCKITAC,1,0.8733417987823486
amp_predictor,train,AKRIVQRIKDFLR,1,0.8859935998916626
amp_predictor,train,AALRGCWTKSIPPKPCPGKR,1,0.6999542713165283
amp_predictor,train,GIPCGESCVWIPGISAAIGCSCKNKVCYRN,1,0.9046428203582764
amp_predictor,train,GLNTLKKVFQGLHEAIKLINNHVQ,1,0.8337045907974243
amp_predictor,train,IRPIPFIPRGGKT,1,0.7663972973823547
amp_predictor,train,RLSKKPGKVKE,0,0.6026699542999268
amp_predictor,train,FLGALWNVAKRVF,1,0.9819110035896301
amp_predictor,train,FKTWKRPPFQTSCSGIIKE,1,0.6819526553153992
amp_predictor,train,GLSRLFTALK,1,0.6969029307365417
amp_predictor,train,GLLGAMFKVASKVLPHVVPAITEHF,1,0.5997399091720581
amp_predictor,train,KLCKIVVIKVCK,1,0.9968850016593933
amp_predictor,train,AGEPKLDAGV,0,0.1949283331632614
amp_predictor,train,DTHFPICIFCCGCCRKAICGMCCKT,1,0.6051444411277771
amp_predictor,train,LVSGCADLTALAAR,0,0.19015933573246002
amp_predictor,train,VTVYDAEGTKVQIDGSLRVEL,0,0.05261923000216484
amp_predictor,train,GPAGPRGPA,1,0.9583693742752075
amp_predictor,train,GSGGSGEANGMWFGPRL,0,0.07931724935770035
amp_predictor,train,RLFIKKLKFITRR,1,0.9918557405471802
amp_predictor,train,VVGGDECNINEHRSLVAIF,0,0.05353338271379471
amp_predictor,train,VTTSIPCTVMVSAAVCPTLVCSNKCGGRG,1,0.835414707660675
amp_predictor,train,VDKPDYRPRPRPPNM,1,0.502691924571991
amp_predictor,train,RVRVFVVHIPRLT,1,0.9678747057914734
amp_predictor,train,RCLPAGKTCVRGPMRVPCCGSCSQNKCT,1,0.4189956486225128
amp_predictor,train,PYIPQPRPPHPRL,1,0.5060414671897888
amp_predictor,train,GIVDFAKGVLGKIKNVLGI,1,0.9968233108520508
amp_predictor,train,SIQVIVVTDGERGLIYPPLSNIR,0,0.09232421219348907
amp_predictor,train,MQLFHLCLIIFCSCPTVQASKLCLGWL,0,0.2604236304759979
amp_predictor,train,KGGSGVIHTISHECNMNSWQFVFTCCS,1,0.7141408324241638
amp_predictor,train,VSVVGTVR,0,0.19668936729431152
amp_predictor,train,EQCQDMAGGAR,0,0.16618099808692932
amp_predictor,train,AMASSLLSGWGGPTTLLVAPM,0,0.06880806386470795
amp_predictor,train,ALWLAIRRR,1,0.9917774200439453
amp_predictor,train,INKYREWKNKKN,0,0.3850299119949341
amp_predictor,train,RRPWRWPRWPWRR,1,0.9957958459854126
amp_predictor,train,TETTEGDFIAEGGGVR,0,0.03870610520243645
amp_predictor,train,LDLTPGSHVDSYVEA,0,0.08094464242458344
amp_predictor,train,MPLSWFFPRTWGKR,1,0.46457934379577637
amp_predictor,train,EQLIELVGPWKTVYIVHFNGET,0,0.03663184493780136
amp_predictor,train,GVPICGETCTLGTCYTAGCSCSWPVCTRN,1,0.9656922221183777
amp_predictor,train,MLPRKYKPAYKKQAHRVKSNPQPAYTFQ,0,0.33137479424476624
amp_predictor,train,SPAFQAQKQAKVNDVLDKLY,0,0.18508310616016388
amp_predictor,train,GLLKFIKKLL,1,0.99904865026474
amp_predictor,train,DASFHSWG,0,0.0352587029337883
amp_predictor,train,FLPLLASLFSRLF,1,0.7578995227813721
amp_predictor,train,QFNEYGHMRF,0,0.12351323664188385
amp_predictor,train,FLPLLLAGLPKLLCLFFKKC,1,0.9836317300796509
amp_predictor,train,NEQSGKSQTVIVGPWGAQVST,0,0.07505742460489273
amp_predictor,train,GIGAVLKVLTTGLPALISWIKRKRQQ,1,0.8531726002693176
amp_predictor,train,FLSLLPSIVSGAVSLAKKLG,1,0.9655990600585938
amp_predictor,train,FPFSLIPHAIGGLISAIK,1,0.9923219084739685
amp_predictor,train,QGPSPRHPIPP,0,0.0836416706442833
amp_predictor,train,SCLEYGHSCWGAH,0,0.04611818492412567
amp_predictor,train,FLSLIPAAISAVSALANHF,1,0.8311240077018738
amp_predictor,train,QHWSLCHAPG,0,0.02063100039958954
amp_predictor,train,FKRIVQRIKDALR,1,0.8859935998916626
amp_predictor,train,GLLSLLSLLGKLL,1,0.95563805103302
amp_predictor,train,SDCACLHALGHVAR,0,0.13715460896492004
amp_predictor,train,FIGMIPGLIGGLISAIK,1,0.8772669434547424
amp_predictor,train,KWCFRVCYRGRCYRRCR,1,0.9976690411567688
amp_predictor,train,ILGAIIPLVSGLLSHL,1,0.9438886046409607
amp_predictor,train,YCQKWMWTCDSERKCCEGMVCRLWCKKKLW,0,0.628470778465271
amp_predictor,train,RRRQKRIVVRRRLIR,1,0.9638932943344116
amp_predictor,train,TPNRDFMRF,0,0.11653576791286469
amp_predictor,train,NKLKPSQWISL,0,0.8221381902694702
amp_predictor,train,LRNVEQQCRADALVERAQELIHGQQ,0,0.2529136836528778
amp_predictor,train,RIVQRIKKWLLKWKKLGY,1,0.9989724159240723
amp_predictor,train,IKIPPIVKDTLKKVAKGVLSTIAGALST,1,0.9281770586967468
amp_predictor,train,GILDIAKKLVGGIRNVLGI,1,0.9753280282020569
amp_predictor,train,ENGQLDGVIDPK,0,0.08022835850715637
amp_predictor,train,RRIPRPILLPWRPPRPIPRPQPQPIPRWL,1,0.8023314476013184
amp_predictor,train,SMIGGVMSKG,1,0.21323427557945251
amp_predictor,train,GLGSVLGKALKIGANLL,1,0.9949135780334473
amp_predictor,train,KKLKLALAKPALLWKALALKLKKA,1,0.9977856874465942
amp_predictor,train,SDPAGGEFLAEGGGVR,0,0.10855396091938019
amp_predictor,train,GFGSVLGKALKFGANLL,1,0.9892276525497437
amp_predictor,train,ESGGSGEANGMWFGPRL,0,0.042366012930870056
amp_predictor,train,IIDFIPQIE,0,0.3818065822124481
amp_predictor,train,MSSLWWCFVWLISIPVICLTFTFVMRLL,0,0.1820530891418457
amp_predictor,train,KPEILNLVKRMKIKTGKALN,1,0.736639142036438
amp_predictor,train,DGRCCHPACAKHFNC,0,0.01985657401382923
amp_predictor,train,APGDLLWSDEFDGAAGSAPNP,0,0.042478349059820175
amp_predictor,train,GRMQEFIKKLKAYLRKMKEKFSQIS,1,0.4029797613620758
amp_predictor,train,SKVWRHWRRFWHRAHRKL,1,0.9989548921585083
amp_predictor,train,GIFSSRKCKTVSKTFRGICTRNANC,1,0.7377417683601379
amp_predictor,train,GLFDIVGKLLGGLGL,1,0.968845009803772
amp_predictor,train,QQWPRDPAPIPP,0,0.020313598215579987
amp_predictor,train,PAQPFRFPKHPQGPQTRPPI,1,0.2954740524291992
amp_predictor,train,QKKDRFLGLM,0,0.46423763036727905
amp_predictor,train,GVLDILTGAGKDLLAHALSKLSEKV,1,0.8247631788253784
amp_predictor,train,LLGDLLGQTSKLVNDLTDTVGSIV,1,0.1272425502538681
amp_predictor,train,IDWKKLLNAAKQIL,1,0.9796437621116638
amp_predictor,train,NSEDGSPYPGPGQQPNCCKWPIVTCCNR,0,0.09439922124147415
amp_predictor,train,GLVGTLLGHIGKAILG,1,0.9841067790985107
amp_predictor,train,KKLALAPKKLALLWKKLALALKKA,1,0.9977856874465942
amp_predictor,train,GWVACVGACGTVCLASGGVGTEFAAASYFL,1,0.4226188063621521
amp_predictor,train,MDIISLGWAGLMTMFTFSLALVVWARNGF,0,0.041560426354408264
amp_predictor,train,GLLSVLGSVAKHVLPHVVPVIAAAL,1,0.896120011806488
amp_predictor,train,GIGGALLSAGKSALKGLAKGLAEHF,1,0.9781619310379028
amp_predictor,train,DFTGVKFDNTIGCGKG,0,0.14862443506717682
amp_predictor,train,PLILLRLLRGQF,1,0.7498385310173035
amp_predictor,train,FLGLLGSLL,1,0.9180126786231995
amp_predictor,train,KIAKVALKAL,1,0.9990100860595703
amp_predictor,train,GNLKKLLAVAKKIL,1,0.9992126226425171
amp_predictor,train,MYSYIYKALLYHGYEKFDLDIWEYFNK,0,0.0974174216389656
amp_predictor,train,FKRLKKLFKKIWNWK,1,0.9987081289291382
amp_predictor,train,GLPVCGETCFGGTCNTPGCSCETWPVCSRN,1,0.8763967752456665
amp_predictor,train,QLHVNKARRPYIL,0,0.5071741342544556
amp_predictor,train,GLPVCGETCFGGTCNTPGCSCSSWPICTRN,1,0.9240339994430542
amp_predictor,train,LLWKLLKKL,1,0.9979998469352722
amp_predictor,train,RSVCSNGCRPKPFGGCSC,0,0.311592698097229
amp_predictor,train,GPAGPRGPAGPAG,1,0.9843730926513672
amp_predictor,train,GLVSGLLNTAGGLLGDLLGSLGSLSG,1,0.8141432404518127
amp_predictor,train,MTWTTPAYTELRLGFEITMYIANR,0,0.0694437026977539
amp_predictor,train,TPEHQRYIELFLVVDSGMFMKYNGNSDKI,0,0.11380477249622345
amp_predictor,train,AAKLLLKLLLKAA,1,0.9959827661514282
amp_predictor,train,ASGPAGPRGPAGPA,1,0.9477664828300476
amp_predictor,train,KLILILSKTIPAGKNLFYKI,1,0.9950917959213257
amp_predictor,train,KRKKHRCRVYNNGMPTGMYRWC,1,0.6927708387374878
amp_predictor,train,ALWKTLLKGAGKVFGHVAKQFLGSQGQPES,1,0.8884830474853516
amp_predictor,train,SKCYQWQWRMRKLGA,1,0.9472665786743164
amp_predictor,train,VLAGISREDTEAD,0,0.05728485435247421
amp_predictor,train,PPCPSCLSCPWCPRCLRCPMCKCNPK,1,0.07770313322544098
amp_predictor,train,MVQRGSKVKILRPESYVYNEVGTVAS,0,0.11821097135543823
amp_predictor,train,MTLIKYKRKNIQFYKKIIANGYAK,0,0.46576571464538574
amp_predictor,train,RKCRIVVIRVCR,1,0.9975906610488892
amp_predictor,train,EYIPFIHEWV,0,0.17030037939548492
amp_predictor,train,TEFATNDGGQR,0,0.08378426730632782
amp_predictor,train,SASGGAGESSGMWFGPRL,0,0.05795764550566673
amp_predictor,train,DSDSAHLIG,0,0.1355343908071518
amp_predictor,train,VSCEDCPDHCSTQKARAKCDNDKCVCEPK,0,0.05243630334734917
amp_predictor,train,GLLSSLSSVAKHVLPHVVPVIAEHL,1,0.7878137826919556
amp_predictor,train,NEQSGISQTVIVGPWGAQVT,0,0.0358220599591732
amp_predictor,train,DQAAGVAAIIEIDNIFSESEVISK,0,0.1050126925110817
amp_predictor,train,KCFRWQRNRRKVRGRPVRCIKR,1,0.9795448780059814
amp_predictor,train,MDILTLGWVSVLVLFTWSISMVVWGRNGF,0,0.03430792689323425
amp_predictor,train,ERPPGFSPFR,1,0.5033949017524719
amp_predictor,train,LLNQELLLNPTHQIYPV,1,0.13846616446971893
amp_predictor,train,TVKIIVKVVKYLV,1,0.9778324961662292
amp_predictor,train,INLKAIAALARNY,1,0.7147521376609802
amp_predictor,train,KFWKLLKKALRLWKKVL,1,0.999548614025116
amp_predictor,train,VMWCYVFGYGFNCAVW,1,0.10491480678319931
amp_predictor,train,VKRCCDEEECSSACWPCCWG,0,0.02544236183166504
amp_predictor,train,GHNKKDKKMQKK,0,0.4522830545902252
amp_predictor,train,FLPLILGKLVKGLL,0,0.992493212223053
amp_predictor,train,RKKRRQRRR,1,0.9100646376609802
amp_predictor,train,FVQWFSKFLGRIL,1,0.981063961982727
amp_predictor,train,KRLFKKLLFSLRKY,1,0.9711238741874695
amp_predictor,train,MLSKSNNTLFNHDCSLSFCKEKVYSKLLV,0,0.35049134492874146
amp_predictor,train,ITCPQVTQSLAPCVPYLISG,1,0.4778522253036499
amp_predictor,train,GCGGGYGRKKRRQRRR,1,0.9252386689186096
amp_predictor,train,CHPTHTVATDDQGHLCTTII,1,0.5337993502616882
amp_predictor,train,FLGALWNVAKSVF,1,0.9726666808128357
amp_predictor,train,ILPWKWPWWPWRR,1,0.9958439469337463
amp_predictor,train,INWKKIFEKVKNLV,1,0.9900928139686584
amp_predictor,train,LKCNKLIPLAYKTCPAGKNLCYKMYMVATP,0,0.4577854871749878
amp_predictor,train,KKCLTKYSAGLQTSQTCPAGQKICFKKW,0,0.8094692826271057
amp_predictor,train,MELSLLLFLALLLGLLLLLF,0,0.4939559996128082
amp_predictor,train,CVVSSGWKWNYKIRCKLTGNC,1,0.9658713340759277
amp_predictor,train,AVQLLEVNPEIAQNS,0,0.0787045955657959
amp_predictor,train,CYISNCPIG,0,0.21595662832260132
amp_predictor,train,NAAVAGAVIEGATLTFEVLQ,0,0.053809888660907745
amp_predictor,train,KNVNSIVKIQAFFRARKAQDDYR,1,0.2542736828327179
amp_predictor,train,KWKLFKKIPKFLHLA,1,0.9993742108345032
amp_predictor,train,MEIDVLGWVALLVVFTWSIAMVVWGRNGL,0,0.02647395059466362
amp_predictor,train,HLLKRVQRELIRWLDWLK,1,0.9868590831756592
amp_predictor,train,IKITTMLAKLGKVLAHV,1,0.9389039278030396
amp_predictor,train,FLPFIAGMAAKFLPKIFCAISKK,1,0.9888902902603149
amp_predictor,train,AALKGCWTKSIPPKPCSGKR,1,0.7333508729934692
amp_predictor,train,ILGKLLSTAAGLLSNL,1,0.9629001617431641
amp_predictor,train,PYDRISNSAFSDF,0,0.17193196713924408
amp_predictor,train,LSIRRLLAAGVLKQTKGVGA,1,0.7661210298538208
amp_predictor,train,LFCKRGTCHFGRCPSHLIKV,1,0.9693121910095215
amp_predictor,train,IHHIHHIIHHIHHI,1,0.9909353852272034
amp_predictor,train,FLGGLFKLVPSVICAVTKKC,1,0.9963935017585754
amp_predictor,train,TFRAFLSSRLQDLYSIVRRADRAAV,1,0.18893496692180634
amp_predictor,train,SAPAAAAPANSAEDVQQTKANLIAQ,0,0.05929512903094292
amp_predictor,train,MDIVSLAWAALMIVFTFSLSLVVWGRSGL,0,0.057785484939813614
amp_predictor,train,MSEARNLFTTFGILAILLFFLYLIYAVL,0,0.161631777882576
amp_predictor,train,GLKEVAHSAKKFAKGFISGLTGS,1,0.9418876767158508
amp_predictor,train,VIVKAIATLSKKLL,1,0.9939749836921692
amp_predictor,train,SDYLQLART,0,0.15812666714191437
amp_predictor,train,ALWKEVLKNAGKAALNEINNLVQ,1,0.8552000522613525
amp_predictor,train,ACVPVYKECWYPQKPCCEDRVCQCSFGMTN,0,0.11394494026899338
amp_predictor,train,NYRWRCKNQ,1,0.9278236627578735
amp_predictor,train,TKRRITPKDVIDVESVTTEINT,1,0.43062520027160645
amp_predictor,train,MWTKPKFEEMRLGFEVTLYISNR,0,0.13112322986125946
amp_predictor,train,TQRLANFLIHSSNNFGAIFSPPN,0,0.14662353694438934
amp_predictor,train,DSGSSRDPGASSGGC,0,0.18792960047721863
amp_predictor,train,GWKKWFTKGERLSQRHFA,1,0.9390810132026672
amp_predictor,train,GLFAVIKKVASVIGGL,1,0.9956218600273132
amp_predictor,train,RLRRIVVIRVRR,1,0.983075737953186
amp_predictor,train,NPNPVPIPLVDIDYL,0,0.2218925803899765
amp_predictor,train,LNLAALLAVAKKIL,1,0.9912952184677124
amp_predictor,train,DDCTTYCYGVHCCPPAFKCAASGCVRNN,0,0.16827069222927094
amp_predictor,train,DSPGGASDAQKQ,0,0.04336320981383324
amp_predictor,train,LRPAFIRPKGK,1,0.8242694735527039
amp_predictor,train,KRGSGWIATITDDCPNSVFVCC,1,0.8234541416168213
amp_predictor,train,GLTQKDLVALSGAHTIGKAR,0,0.5117628574371338
amp_predictor,train,LLWKLLKLLLK,1,0.9931237101554871
amp_predictor,train,GVDSSFVRL,0,0.0705813318490982
amp_predictor,train,YGETAAVYVAVESR,0,0.08257351815700531
amp_predictor,train,SMLSVLKNLGKVGLGFVACKINKQC,1,0.9891993999481201
amp_predictor,train,FSEAIKKIIDFLGEGLFDIIKKIAESF,1,0.714201033115387
amp_predictor,train,RQIKIWFQNRRMKAKK,1,0.8385391235351562
amp_predictor,train,MKIIGLIGGIGSGKTTVAQLFVDEGFPLVD,0,0.12949128448963165
amp_predictor,train,APKGVQGPNG,1,0.9708624482154846
amp_predictor,train,HRWWRWWRR,1,0.9995012283325195
amp_predictor,train,VGEAFWSAEEQK,0,0.1661105453968048
amp_predictor,train,FLGTVLKLGKAIAKTVVPMLTNAMQPKQ,1,0.4652605652809143
amp_predictor,train,GSTTAESAALR,0,0.09834682196378708
amp_predictor,train,SLIPHAINAVSAIAKHF,1,0.9881165027618408
amp_predictor,train,RRLRPRRPRLPRPRPRPRPRP,1,0.8919180631637573
amp_predictor,train,IIPLPLGYFAKKT,1,0.9343051314353943
amp_predictor,train,AYERQFYPGATSVAENNIGH,0,0.12211575359106064
amp_predictor,train,ALRLAIRRR,1,0.8844568729400635
amp_predictor,train,TAANVKIFNTEEVQNFINLL,0,0.12432761490345001
amp_predictor,train,VKRGLKLRHVRPRVTRMDV,1,0.7552173733711243
amp_predictor,train,QWQRNMRKVRGPPVSCIKR,1,0.8111215233802795
amp_predictor,train,MRAKWRKKRMRGLKRKRRKMRQRSK,0,0.7139381170272827
amp_predictor,train,ILKWKWPWWKWRR,1,0.9999135732650757
amp_predictor,train,GASGLIPVMRN,0,0.040517959743738174
amp_predictor,train,SAVGRHGRRFGLRKHRKH,1,0.9301924705505371
amp_predictor,train,QRMCPKILMKCKQDSDCLLDCVCLKEGFCG,0,0.12608884274959564
amp_predictor,train,MRAKWRKKRVRRLKRKRRKVRARSK,0,0.8379713892936707
amp_predictor,train,GESLASKAAKAAER,1,0.5284673571586609
amp_predictor,train,GLVTSLIKGAGKLLGGLFGSVTGGQS,1,0.8319576978683472
amp_predictor,train,GLLRRLRDFLKKIGEKFKKIGY,1,0.9540004730224609
amp_predictor,train,IKLSPETKKNLKKVLKGAIKGAIAVAKMV,1,0.9834915995597839
amp_predictor,train,VWDETSIYRPFCSKRCQLIDLGEWA,0,0.1399487853050232
amp_predictor,train,KPAKKQTKKKP,1,0.6900455355644226
amp_predictor,train,GLWDSIKIAGKKLFVNVLDKIRCKVAGGC,1,0.9940122961997986
amp_predictor,train,GPESAFLRL,0,0.07386183738708496
amp_predictor,train,AEEQSFSSTKFSTDQPNLILQGDA,0,0.21834102272987366
amp_predictor,train,FLQRIIGALGRLF,1,0.8766964673995972
amp_predictor,train,TIMSHNVP,0,0.14687123894691467
amp_predictor,train,INWKKIKSIIKAAMN,1,0.9871416091918945
amp_predictor,train,GKCGEINGSCDECYGGSVTCDCY,0,0.0589476116001606
amp_predictor,train,FLPLLAGVVANFLPQIICKIARKC,1,0.9484440088272095
amp_predictor,train,WFKKIPKFLHLLKKF,1,0.9995098114013672
amp_predictor,train,GIMDSIKGAAKEIAGHLLDNLKCKITGC,1,0.9177263379096985
amp_predictor,train,MAKEKIRIRLKAYDHR,0,0.520916223526001
amp_predictor,train,DVVASSTAHKQQDINHLLDK,0,0.1546606570482254
amp_predictor,train,QTPGCCWHPACGKNRC,0,0.0361824557185173
amp_predictor,train,EGFQLMDRGTFDEIGR,0,0.06415272504091263
amp_predictor,train,RGSNLTHPLRNIRDLFYVG,0,0.13347741961479187
amp_predictor,train,MAARLCCQ,1,0.3156585991382599
amp_predictor,train,RRRRRWCMNW,1,0.9932326078414917
amp_predictor,train,GCCRFPCPDSCRSLCC,0,0.04158942401409149
amp_predictor,train,FWQRRIRRWRRFWQRRIRRWRR,1,0.9974157810211182
amp_predictor,train,VSKIKKYLKYKDRI,1,0.7838361263275146
amp_predictor,train,FLIGMTHGLICLISRKC,1,0.8687439560890198
amp_predictor,train,GVTFNALKGVAKTVAAQLLKTAR,1,0.7798366546630859
amp_predictor,train,ALKAALLAILKIVRVIKK,1,0.9962435960769653
amp_predictor,train,GLRQKVQSLV,0,0.5195749998092651
amp_predictor,train,PAWLVDCPCVGDDVNRLLTRGER,0,0.061360444873571396
amp_predictor,train,FDLLGLVKSVVSAL,1,0.7895301580429077
amp_predictor,train,VNRILKHGKKSLAYQIIYRA,0,0.8109834790229797
amp_predictor,train,GLFGVLGSIAKHVLPHVVPVIAEKL,1,0.974128246307373
amp_predictor,train,AQNVIAPNTLSNSIRMLGSQSPLIQAYG,0,0.08030484616756439
amp_predictor,train,RIGRYLKKGKYAKRVGAGAPVYLAAVLE,0,0.577459990978241
amp_predictor,train,TLKQFAKGVGKWLVK,1,0.9973140358924866
amp_predictor,train,DSSVLTSEYPR,0,0.21544727683067322
amp_predictor,train,APALRLRF,0,0.2430049031972885
amp_predictor,train,GLMDTVKNAAKNLAGQLLDTIKCKMTGC,1,0.8088878393173218
amp_predictor,train,LKLLKKLLKLLKKLGGK,1,0.9978399276733398
amp_predictor,train,LCAAHCLAIRRR,1,0.9476597309112549
amp_predictor,train,VIPFVASVAAEMQHVYCAASRKC,1,0.6712391972541809
amp_predictor,train,LSGAPGEAGREG,1,0.8817559480667114
amp_predictor,train,NNFSDCFWKYCV,0,0.23835541307926178
amp_predictor,train,DCPSDWSPYEGHCYRVFTEPQNWADAEKFC,0,0.09905702620744705
amp_predictor,train,GSSGLISMTRV,0,0.100131094455719
amp_predictor,train,SDIRAKLLEVLESGVVNGKWT,0,0.10498759895563126
amp_predictor,train,ASEPTALGLPRIFPGLM,0,0.052035484462976456
amp_predictor,train,ALWKKILKNAGKAALNKINQIVQ,1,0.9960727691650391
amp_predictor,train,VNWKKILPKIIKVAK,1,0.9991025924682617
amp_predictor,train,CGETCVGGTCNTPGCTCSWPVCTRNGLPV,1,0.9372314810752869
amp_predictor,train,GFREVLKGAAKAFVKTVAGHIANI,1,0.9260842204093933
amp_predictor,train,GFKQFVHSMGKFGKAFVGEIINPK,1,0.8639490008354187
amp_predictor,train,EPCSPKNNYHDLFYRT,1,0.24487093091011047
amp_predictor,train,MQMQEKGWKIIIEEQ,0,0.386869341135025
amp_predictor,train,FLPIIAKVLSGLL,1,0.9773194193840027
amp_predictor,train,SSANPQITRKRHKINSFVGLM,0,0.21578283607959747
amp_predictor,train,MNNTEFYDRLGVSKDASQDEIKKA,0,0.2557394206523895
amp_predictor,train,KNGDRGESGPAGPAGPAGPAG,1,0.9796679615974426
amp_predictor,train,SPLEQFSILMLIPM,0,0.11865492165088654
amp_predictor,train,ATAWDFGPHGLLPIRPIRIRPLCGKDKS,1,0.3955436646938324
amp_predictor,train,RLARIVVIRVRR,1,0.9705740213394165
amp_predictor,train,NVWKKILGKIIKVAK,1,0.9996962547302246
amp_predictor,train,ILGAILPLVSGLLSNKL,1,0.9697819352149963
amp_predictor,train,MLGFLPLP,0,0.24258458614349365
amp_predictor,train,IQCGESCVWIPCISSAWGCSCKNKICSS,1,0.9152481555938721
amp_predictor,train,MNVQFTVNGRAASIDVPPNTLLVQ,0,0.04188745468854904
amp_predictor,train,KDGYLMGADGCKLCVLTAPYDYCACE,0,0.10726314038038254
amp_predictor,train,VYPFMWGGAYCFCDAELV,1,0.05456645041704178
amp_predictor,train,GFIGDIWSGIQG,0,0.11079026013612747
amp_predictor,train,SIPCGESCVWIPCTITALAGCKCKSKVCYN,1,0.9863574504852295
amp_predictor,train,KPENENEEALHE,0,0.27117133140563965
amp_predictor,train,KPSGCGEQNMINFYPNVL,0,0.11204873025417328
amp_predictor,train,KWKLFKKIPKFLHLAKKF,1,0.9987215399742126
amp_predictor,train,MALPLLEYKPT,0,0.10103536397218704
amp_predictor,train,MRSYEMNIETAEELSAVNDILASIGEPPVS,0,0.09637939184904099
amp_predictor,train,GIMSSLMKKLAAIIAK,1,0.8799782991409302
amp_predictor,train,MGSLESERFVVDVAASNLDK,0,0.10030516982078552
amp_predictor,train,IDWKKLLDAAKQIL,1,0.8829936385154724
amp_predictor,train,SITKIKAREIL,0,0.6350266337394714
amp_predictor,train,QNRRMKWKK,1,0.7575347423553467
amp_predictor,train,FLPLILPSIVTALSSFLKQG,1,0.7313091158866882
amp_predictor,train,TKKTENISNFINNYHSDVINEVEESITNNR,0,0.2167043536901474
amp_predictor,train,RIISSVAVAVAGTA,0,0.14680637419223785
amp_predictor,train,LRCTFGRTVK,0,0.8792780637741089
amp_predictor,train,TSAEVPATAQGVTHALEGTQ,0,0.03934337571263313
amp_predictor,train,GVVDILKGAAKDLAGHLASKVMNKI,1,0.9554347395896912
amp_predictor,train,RHAGSAHTF,0,0.33758559823036194
amp_predictor,train,IDWKKIFEKVKDLV,1,0.8469740748405457
amp_predictor,train,MLGFLVLP,0,0.24276728928089142
amp_predictor,train,GSSGMISFPRT,0,0.07847025245428085
amp_predictor,train,AEIDFSGIPEDIIKEIKETNAKPPA,0,0.11169932037591934
amp_predictor,train,FLFSLIPSAISGLINAFK,1,0.9776507616043091
amp_predictor,train,LNLKKLLAVAKKI,1,0.9987867474555969
amp_predictor,train,GIPCAESCVWIPCTVTALLGCSCSNKVCYN,1,0.9809850454330444
amp_predictor,train,QDSGDGWPQQPFVPRL,0,0.026235152035951614
amp_predictor,train,MKFYTIKLPKFLGGIVRAMLGSFRKD,0,0.3620586395263672
amp_predictor,train,CNGRPCECFAKI,0,0.16510282456874847
amp_predictor,train,EEEDKKEDVGTVVGI,0,0.11297576874494553
amp_predictor,train,KKLAKAPKLLALLWLKLAKALKKA,1,0.9977856874465942
amp_predictor,train,ISALFDEYEPLNDAD,0,0.1930970698595047
amp_predictor,train,YKSDSFYGLM,0,0.09724681824445724
amp_predictor,train,SVAGRAQGM,1,0.408414751291275
amp_predictor,train,QGIGVGDNDGKRGKR,1,0.6289785504341125
amp_predictor,train,EAAGLLPFPRV,0,0.06267315149307251
amp_predictor,train,ALWKTLLKHVGKAAGKAALNAVTDMVNQ,1,0.9506210088729858
amp_predictor,train,VVSLSIPR,0,0.37398335337638855
amp_predictor,train,ADLIQRRQRSEFQSDIKGILYTVIKKNPDL,0,0.22378018498420715
amp_predictor,train,KCFQWQRNMRKVRGPPVSSIKR,1,0.701257050037384
amp_predictor,train,GLLASLGKVLGGYLAEKLKPK,1,0.9761413335800171
amp_predictor,train,RCCGYKFCHIC,0,0.4090120196342468
amp_predictor,train,SGAPGEAGREG,1,0.9158653616905212
amp_predictor,train,LAKKIYRAWKRW,1,0.9987745881080627
amp_predictor,train,KKKKKKAGFAAWGAFGA,1,0.9925002455711365
amp_predictor,train,FYAGLILTLVNTFPYNISPASS,0,0.12446843832731247
amp_predictor,train,VKLFPWFNQY,1,0.5634216666221619
amp_predictor,train,GTGCSSGCHRVGQQCRCG,0,0.18655695021152496
amp_predictor,train,YQTSSPGSNITIGPL,0,0.09813141077756882
amp_predictor,train,QTCVSCVNFGNGFCGDNCGNSWACSGC,0,0.39238208532333374
amp_predictor,train,GIGGALLSAGKSALKGLAKGLAEHFAN,1,0.9749594926834106
amp_predictor,train,QLPICGETCVLGGCYTPNCRCQYPICVR,1,0.3419424295425415
amp_predictor,train,DQSCPWCGFTCCLPNYCQGLTCTVI,0,0.3722327947616577
amp_predictor,train,QLTFTPNW,0,0.05734328553080559
amp_predictor,train,AVAVGDRILFGKWSGTEV,0,0.04311177134513855
amp_predictor,train,GGSSGLISVPRV,0,0.10933379083871841
amp_predictor,train,GVLSNVIGYLKKLGTGALNAVLKQ,1,0.9749886393547058
amp_predictor,train,RRWVIWRR,1,0.9998291730880737
amp_predictor,train,GWLDVAKKKGKAAFNVAKNFI,1,0.9968680739402771
amp_predictor,train,PGGYGAILRYKQHERTFSAGY,0,0.20994891226291656
amp_predictor,train,VWRHWRRFWH,1,0.9997032284736633
amp_predictor,train,GAVVDILKGAGKNLLSLALNKLSEKV,1,0.976720929145813
amp_predictor,train,GLWEKIREKANELVSGIVEGVK,1,0.26867908239364624
amp_predictor,train,RLRRIVVIRVAR,1,0.9705740213394165
amp_predictor,train,YKQSHKKGGKKGSG,1,0.6983391642570496
amp_predictor,train,HSEGTFTSDYSKYLDNRRAKDFVQWLMNT,0,0.1415068358182907
amp_predictor,train,EEGGSPPPVVI,0,0.09965002536773682
amp_predictor,train,FSGSVNQACSGFGWK,1,0.4602847099304199
amp_predictor,train,SKDNYKNYIPLIVPFAT,0,0.1749771237373352
amp_predictor,train,FLSLIPKIAGGIAALVKNL,1,0.9950175881385803
amp_predictor,train,AGDTSSEAKGMWFGPRL,0,0.0669688880443573
amp_predictor,train,GVIIDTLKGAAKTVAAELLRKAHCKLTNSC,1,0.9125884771347046
amp_predictor,train,CKGKGASCHRTSYDCCTGSCNRGKC,0,0.24538011848926544
amp_predictor,train,GLLGKILGVGKKVLCGVSGLC,1,0.9951655864715576
amp_predictor,train,KFRKFGKQVWVRL,1,0.9983004927635193
amp_predictor,train,KLKLLLLL,1,0.9706506133079529
amp_predictor,train,ADGSDPASSEFLAEGGGVR,0,0.04615452140569687
amp_predictor,train,KKMKDTDSEEEIREAFRVFDKDGNGFI,0,0.2821559011936188
amp_predictor,train,GWTLNSAGYLLGPHGIDGHRTLSDKHGLA,0,0.14269393682479858
amp_predictor,train,TQLEAACPNVVSCADILALAAR,0,0.15509150922298431
amp_predictor,train,GLFDIVKKVVGALGSL,1,0.9847550988197327
amp_predictor,train,KPNQDFMRF,0,0.18681700527668
amp_predictor,train,GGGGSGETSGMWFGPRL,0,0.06094560772180557
amp_predictor,train,WGRRGWGKGRRYVRW,1,0.9965732097625732
amp_predictor,train,RFRRLRKKKRKRLKKI,1,0.9280016422271729
amp_predictor,train,RPRPNYRPRPIYRP,1,0.8692252039909363
amp_predictor,train,LLRHVVKILEKYL,1,0.9137275218963623
amp_predictor,train,RFRRLRIKTRIRLKKI,1,0.9766250848770142
amp_predictor,train,VTRASGASTPPGTASPFKTL,1,0.10857890546321869
amp_predictor,train,KLLKWLKKLLK,1,0.998649537563324
amp_predictor,train,GFGALFKFL,0,0.9676063656806946
amp_predictor,train,KKLALKALKLWLLALKKLALLALKK,1,0.998405396938324
amp_predictor,train,RQIKIWFQARRMKWKK,1,0.981457531452179
amp_predictor,train,GIGGALLSAGKSALKGLAKGFAEHF,1,0.9675078988075256
amp_predictor,train,KLKKLLKKWLKLLKKLLK,1,0.9976239800453186
amp_predictor,train,AQAATPAADGKKKISIDTR,0,0.22055207192897797
amp_predictor,train,LVPFIGRTLGGLLARF,1,0.3718501627445221
amp_predictor,train,SLSIMEPIR,0,0.18355518579483032
amp_predictor,train,HSNVAATILPRSGLGHKHGIV,0,0.7763341665267944
amp_predictor,train,NILNTIINLAKKIL,1,0.9292702674865723
amp_predictor,train,GLWETIKNFGKKFTLNILHKLKCKIGGGC,1,0.9945082068443298
amp_predictor,train,EFSPTRKFGGHGDDKKKKK,0,0.3899449408054352
amp_predictor,train,MMKLVIILVVLLLLSFPTY,0,0.2004571259021759
amp_predictor,train,YGEPIGVETLTK,0,0.09796382486820221
amp_predictor,train,MTAFASLREPLVLANLKIKVHIYRMKR,0,0.1811843365430832
amp_predictor,train,IIGPVLGLVGKALGGLL,1,0.9708142876625061
amp_predictor,train,EGCNILCLLKRKVKAVKNVVKNVVKSVVG,1,0.9802194237709045
amp_predictor,train,AKVLKISRRAFRK,1,0.8974676132202148
amp_predictor,train,FVVETENQLMSQGGRYYILPVIYGKGGGLG,0,0.03226533532142639
amp_predictor,train,GRLQAFLAKMKEIAAQTL,1,0.4910769462585449
amp_predictor,train,GANDFMRF,0,0.05635146424174309
amp_predictor,train,DPHHDFMRF,0,0.1335887312889099
amp_predictor,train,EQCGRQAGGATCPNNLCCSQYGY,1,0.18815703690052032
amp_predictor,train,NLKAIAALAKKLL,1,0.9985471367835999
amp_predictor,train,KWKSFIKKLTSKFLHSANKF,1,0.9858566522598267
amp_predictor,train,RFRRLRPKTRPRLKKI,1,0.886163055896759
amp_predictor,train,SFSVNPAVDILQHRYMEKVAQNNRNFLNRV,0,0.09999851137399673
amp_predictor,train,IRRIIRKIIHIIKK,1,0.9970017075538635
amp_predictor,train,FLPLFASLIGKLL,1,0.9772336483001709
amp_predictor,train,FLPMLAGLAANFLPELFCKITKKC,1,0.8098525404930115
amp_predictor,train,YLGPTADSTMDQTFANN,0,0.10332182794809341
amp_predictor,train,DPGFSSWG,0,0.020596427842974663
amp_predictor,train,GCCSDPRCRYRC,0,0.07956577092409134
amp_predictor,train,GLMDTIKGVAKNVAASLLEKLKCKVTGC,1,0.9691730737686157
amp_predictor,train,FLSLIPHIVSGVAALAKHL,1,0.9937584400177002
amp_predictor,train,VELPPPVELPPPVELPPP,1,0.2096833437681198
amp_predictor,train,LKTKALNKLKQKLQAVGNLIGSVIKG,1,0.9936999082565308
amp_predictor,train,RGLRRLGRKIAHGVKKYGPTVLRIIRIAG,1,0.9499295949935913
amp_predictor,train,MYFHSFLDTFSKYLGSTSCPLLRLSR,0,0.13799509406089783
amp_predictor,train,MDVVRTLILCVCLFGLTFA,1,0.12436685711145401
amp_predictor,train,RRWWHWWRR,1,0.9995012283325195
amp_predictor,train,FKCRRWQWRMKKLGAVRRAF,1,0.9907135963439941
amp_predictor,train,CYFNNCPVG,0,0.08362042158842087
amp_predictor,train,SIFVLPDLPYAKDALPKISAKTFDFGK,0,0.3405446708202362
amp_predictor,train,NLVQFELLIMKVAKRSGLLSYSA,0,0.20036044716835022
amp_predictor,train,EDKYTDKYDNINLDE,0,0.28218427300453186
amp_predictor,train,IWSFLIKAATKLLPSLFGGGKKDS,1,0.9866595268249512
amp_predictor,train,AASKAAKTLAKLLSSLLKL,1,0.9895612597465515
amp_predictor,train,GGETSGEGKGMWFGPRL,0,0.10024574398994446
amp_predictor,train,RGRKSSRRKK,1,0.7753186225891113
amp_predictor,train,FFGHLFRGIINVGKHIHGLLSG,1,0.9982888102531433
amp_predictor,train,PQISRQEYGGLFGPT,0,0.09195045381784439
amp_predictor,train,FMGSALRIAAKVLPAALCQIFKKC,1,0.9440874457359314
amp_predictor,train,DVAGLVPAKDSPAFQKRAAAAVNTTAD,0,0.07265321910381317
amp_predictor,train,GCPRILMRCKQDSDCLAGCVCGPNGFCGSP,0,0.10394669324159622
amp_predictor,train,GWAKLITKAIKKI,1,0.9996486902236938
amp_predictor,train,FIMDLLGKIF,1,0.5425508618354797
amp_predictor,train,FKARRWQWRMKKLGA,1,0.9819469451904297
amp_predictor,train,SALVGCWTKSYPPNPCFGRG,1,0.6173481941223145
amp_predictor,train,KCFQWQRNMRKVRGPPVSC,1,0.7095073461532593
amp_predictor,train,KRIRKRIKKWKR,1,0.9836331009864807
amp_predictor,train,YAIAGRPRF,0,0.32128939032554626
amp_predictor,train,YRRRQCPPWCSGEPCRKGTC,0,0.6222929358482361
amp_predictor,train,LSCKRGTCHFGRCPSHLIKGSCSGG,1,0.6649738550186157
amp_predictor,train,RQIKIWFQNRRMKWKA,1,0.9736348390579224
amp_predictor,train,KMLGVVAKKPMSDYE,0,0.18116751313209534
amp_predictor,train,ACYCRIPACFAGERRYGTCFYLGRVWAFCC,1,0.9056078791618347
amp_predictor,train,KRGTGWFATITDDCPNSVFVCC,1,0.7632642984390259
amp_predictor,train,GAARKSIRLHRLYTWKATIYTR,1,0.7973023653030396
amp_predictor,train,GHGGHGVFGGGYGHGGYGHGYGG,1,0.4153153598308563
amp_predictor,train,GVWTTILGGLKKFAKGGLEALTNPK,1,0.9537058472633362
amp_predictor,train,APRKNLKW,1,0.9418102502822876
amp_predictor,train,AEPVEPWS,0,0.021266257390379906
amp_predictor,train,MSPQTETKAKVGFQAGVKDYKLTYYT,0,0.23569220304489136
amp_predictor,train,YLSDVAKGVICGLGAKGYDYALDFAISELQ,0,0.11655102670192719
amp_predictor,train,GVCCGVSFCYPC,0,0.07253821194171906
amp_predictor,train,MIIARDLIS,1,0.4340892434120178
amp_predictor,train,ASILTNAS,1,0.3634554147720337
amp_predictor,train,NGERAPGSKKAPSGFLGTR,0,0.3835596442222595
amp_predictor,train,MPLEVLGHLSKAFLFLARNNEHSHKKYNQ,0,0.2626752555370331
amp_predictor,train,MDILTLGWVGLLGLFTYSIAMVVWGRHGM,0,0.026981377974152565
amp_predictor,train,GDRNFLRF,0,0.20556166768074036
amp_predictor,train,QHWSHGWYPG,0,0.011068735271692276
amp_predictor,train,RWIRWVWRKKLRI,1,0.99996018409729
amp_predictor,train,FFHHIFRGIVHVGKTIHKLVTG,1,0.9994112253189087
amp_predictor,train,AKKPVAKKAAGGVKKPK,1,0.9726865291595459
amp_predictor,train,GGNDFMRF,0,0.04488347843289375
amp_predictor,train,LGISYGRKKRRQRRRPPQ,1,0.8393592238426208
amp_predictor,train,RKSAGKPKN,0,0.6741479635238647
amp_predictor,train,QKNDKKDRFYGLM,0,0.23740439116954803
amp_predictor,train,KKSCHTGLKKSAGWVIPIGTLVKNGIIVR,1,0.9943585991859436
amp_predictor,train,RGSNLTIHPLRNIIDLFYVG,0,0.24592269957065582
amp_predictor,train,VARGWKRKCPLFGKGG,1,0.9629442691802979
amp_predictor,train,MIKSELVQIVAARNPHLYHRDVENIVNAFL,0,0.08798452466726303
amp_predictor,train,IGKKFKRIVQRIKKFLRKL,1,0.9930712580680847
amp_predictor,train,FLFSLIPSAIAGLVSAIRN,1,0.6288920640945435
amp_predictor,train,QQRFPQRYVQLVITVDHVMN,0,0.08250545710325241
amp_predictor,train,SPKKTKPVKPKKVA,1,0.75490802526474
amp_predictor,train,SVIGCWTKSIPPRPRCFVK,1,0.9647983312606812
amp_predictor,train,ACVPVYEECGTPKKRCCEERPCK,0,0.13611172139644623
amp_predictor,train,FDIVKKVVGTIAGL,1,0.9596770405769348
amp_predictor,train,RSCPRIWMECTRDSDCMAKCICVAGHCG,0,0.12541712820529938
amp_predictor,train,MTASMRLK,0,0.18471303582191467
amp_predictor,train,VGVCCGYKLCHPC,0,0.05171602964401245
amp_predictor,train,RAIGGGLSSVGGGSSTIKY,1,0.22433392703533173
amp_predictor,train,DCTRWIIGINGRICRD,1,0.9216076135635376
amp_predictor,train,NLQYLKNMIKCTNTRHWLSFTNYGCYCG,0,0.12154068797826767
amp_predictor,train,FDDYGHMRF,0,0.03917150944471359
amp_predictor,train,FIHHIIGGLFSAGKAIHRLIR,1,0.9992287158966064
amp_predictor,train,GILDPIKAFAKAAG,1,0.9166872501373291
amp_predictor,train,FLSTLLNVASNVVPTLICKITKKC,1,0.9775533080101013
amp_predictor,train,ITPATPFTPAIITEITAAVIA,1,0.2497544288635254
amp_predictor,train,GVWSTVLGGLKKFAKGGLEAIVNPK,1,0.9733457565307617
amp_predictor,train,DGDDGDGD,0,0.025344764813780785
amp_predictor,train,FLQRIRGALGRLF,1,0.9199809432029724
amp_predictor,train,IFGKIWEGIKSLF,1,0.9956226944923401
amp_predictor,train,IPAMEPAARVKRSPGYGGCSPRWACGGYG,1,0.5129653811454773
amp_predictor,train,IVGGTEVTPGEIPYQLSLQD,0,0.04216572269797325
amp_predictor,train,KWCFRVCYAGICYRRCA,1,0.9924099445343018
amp_predictor,train,RRLSYSRRRF,1,0.9055817127227783
amp_predictor,train,KLIPIASKTCPAGKNLCYKI,1,0.9595779180526733
amp_predictor,train,MSKRVEVLLTQLPRPTA,0,0.11708223819732666
amp_predictor,train,MIGIADVKLLNLGMLFPFVEVES,0,0.10470621287822723
amp_predictor,train,FPVTWPTKWLKG,1,0.9399848580360413
amp_predictor,train,GSAIRCGESCLLGKCYTPGCTCDRPICKKN,1,0.6415532827377319
amp_predictor,train,GTQTNAPWGLARLIS,0,0.059928297996520996
amp_predictor,train,GVLDILKGAAKDLAGH,1,0.9243167638778687
amp_predictor,train,WWVAARAARR,1,0.9713774919509888
amp_predictor,train,GLPVCGETCFGGTCNTPGCICDPWPVCTRN,1,0.8404809236526489
amp_predictor,train,ANEAKVVLVADNVQGDN,0,0.06274372339248657
amp_predictor,train,FIGALLGPLLNLLK,1,0.9803070425987244
amp_predictor,train,CGETCVILPCISAALGCSCKDTVCYKN,1,0.9092127680778503
amp_predictor,train,CKPPGSPCRVSSYNCCSSCKSYNKKCG,0,0.2118397206068039
amp_predictor,train,KSTDFDYNNKKANYD,0,0.1603415459394455
amp_predictor,train,KGRGKQGGKVRAKAKTRSS,1,0.7613283395767212
amp_predictor,train,GWTLNSAGYLLGPHAVDNHRSLNDKHGLA,0,0.17709295451641083
amp_predictor,train,LLSLALAALPKLFCLIFKKC,1,0.9904228448867798
amp_predictor,train,TPATPTVAQFVIQGSTICLVC,1,0.7348586916923523
amp_predictor,train,TKCPTCQNDTCSNKI,0,0.5164523124694824
amp_predictor,train,GYGGHGGHGGHGGHGGHGGHGHGGGGHG,1,0.8066696524620056
amp_predictor,train,GDDVKSACCDTCLCTKSNPPTCRCVDVGET,0,0.15972603857517242
amp_predictor,train,NSMERVEELRKKLQD,1,0.3461664617061615
amp_predictor,train,MIAYRDLIS,1,0.3093981444835663
amp_predictor,train,ALSVPVFAVAPLNKK,0,0.8202677369117737
amp_predictor,train,GGIYIAASVGLSMAAV,0,0.11096176505088806
amp_predictor,train,MVLVKTIKKLDGFIECLLMLNYKFLY,0,0.29009196162223816
amp_predictor,train,FFFHIIKGLFHAGRMIHGLVNRRRHRH,1,0.9942585229873657
amp_predictor,train,SALEEQYKTFLDKFMHELEDLLYQLAL,1,0.3081362247467041
amp_predictor,train,WWKAAAKAAAKWW,1,0.9958070516586304
amp_predictor,train,GRPNPVNTKPTPYPRL,1,0.46913737058639526
amp_predictor,train,KKLLKWLLKLL,1,0.9981358051300049
amp_predictor,train,DEGGTQYTPRL,0,0.08692167699337006
amp_predictor,train,GLWSKIKTAGKSVAKAAAKAAVKAVTNAV,1,0.9778083562850952
amp_predictor,train,QSHLSLCRWCCNCCRSNKGC,1,0.20534469187259674
amp_predictor,train,ARKFFVGRNWPEL,0,0.561128556728363
amp_predictor,train,RLARIVVIRVAG,1,0.8664587140083313
amp_predictor,train,ASWKVFLKNIGKAAGKAVLNSVTDMVNQ,1,0.8817278742790222
amp_predictor,train,GHADNFMRF,0,0.06920003145933151
amp_predictor,train,RGGRLCYCRPRFCVCVGR,1,0.979804277420044
amp_predictor,train,PYDRISGSAFSDF,0,0.12041112780570984
amp_predictor,train,TRSGFLREQWIT,1,0.4869452118873596
amp_predictor,train,FFPLIFGALSSILPKIL,1,0.9813271164894104
amp_predictor,train,LIIFAIAASHKK,1,0.9993776679039001
amp_predictor,train,KRPPGWSPLR,0,0.7310555577278137
amp_predictor,train,WRFRWRFRWRFR,1,0.9992889165878296
amp_predictor,train,ILPFVAGVAAMEMEHVYCAASKKC,1,0.5332925319671631
amp_predictor,train,RLLRPLLQLLKQKLR,1,0.7921658158302307
amp_predictor,train,MVQLVDLARCVSF,0,0.06633902341127396
amp_predictor,train,FFPNVASVPGQVLKKIFCAISKKC,1,0.982317328453064
amp_predictor,train,FLPFVGNLLNGLL,1,0.914005696773529
amp_predictor,train,LVSVSPAFNGNYFVE,0,0.07564743608236313
amp_predictor,train,MGQEQDTPWIL,0,0.05114474147558212
amp_predictor,train,FLSMIPKIAGGIASLVKNL,1,0.9531431198120117
amp_predictor,train,AESEAGDASPLVTEVLIGSPPGYVGYTEGG,0,0.0354318767786026
amp_predictor,train,SVDFDSESPRKPEIQ,0,0.21557734906673431
amp_predictor,train,ALGGLLADVVKSKEQPA,1,0.38593819737434387
amp_predictor,train,MKTFLRLYRSLINKVLH,1,0.4648490250110626
amp_predictor,train,KWFETWFTEWPKKRK,1,0.8779986500740051
amp_predictor,train,FLGGLIKWWPWRR,1,0.9996076226234436
amp_predictor,train,GLFDIIKKVASVIGGL,1,0.9914790987968445
amp_predictor,train,GNGVLKTISHECNMNTWQFLFTCC,1,0.4112798273563385
amp_predictor,train,NLYQFKEMIRYTIP,0,0.1353149265050888
amp_predictor,train,ALVPLRLLLDHAAENG,0,0.10798019170761108
amp_predictor,train,GLLRRLRKKIGEIFKKYG,1,0.9654012322425842
amp_predictor,train,KILSSLLKKLKKIIAK,1,0.9984459280967712
amp_predictor,train,KGARQAWKDYKYNRNMQKMNQGYGQQGG,1,0.6672078371047974
amp_predictor,train,RQRHRDCDKPPDKTN,0,0.2762288749217987
amp_predictor,train,YCCHPACGKNFDC,0,0.02191394381225109
amp_predictor,train,GTPCGESCVWIPCISSAVGCSCKNKVCYKN,1,0.9540435075759888
amp_predictor,train,VNFLLHKIYGNIRYS,1,0.6658380031585693
amp_predictor,train,SGFIPLKPTVK,1,0.8639679551124573
amp_predictor,train,ADPRNPLEECFRETD,1,0.23142310976982117
amp_predictor,train,RERSKGSKYLYVG,1,0.5542008876800537
amp_predictor,train,GGSGSGETSGMWFGPRL,0,0.033002182841300964
amp_predictor,train,AWLDKLKSIGKVVGKVAIGVAKNLLNPQ,1,0.9914776682853699
amp_predictor,train,GLFSVLGAVAKHVLPHVVPVIAEK,1,0.9059321880340576
amp_predictor,train,SKIKKEIAELLKREGFIRDVE,0,0.30070772767066956
amp_predictor,train,FFHHIFRGIVHVGKTIHKLVTGG,1,0.9990522265434265
amp_predictor,train,MAADIISTIGDLVKLIINTVKKFQK,1,0.4950312674045563
amp_predictor,train,LGSLDEYAR,0,0.12230096012353897
amp_predictor,train,LCAARCLAIGRR,1,0.9231891632080078
amp_predictor,train,ANPRYPYT,1,0.3223172426223755
amp_predictor,train,ADEGFSATVRNGAV,0,0.050199948251247406
amp_predictor,train,NSKQPVHIFTTKK,0,0.36766675114631653
amp_predictor,train,FLGMLLHGVGHAIHGLIHGKQNVE,1,0.941909670829773
amp_predictor,train,SADPNFLRF,0,0.16512197256088257
amp_predictor,train,ENFAGGCATGFLRTADGRCKPTF,0,0.15851175785064697
amp_predictor,train,GFMDTAKNVAKNMAVTLLDNLKCKITKAC,1,0.8281124234199524
amp_predictor,train,SPSNSKCPDGPDCFVGLM,0,0.21399986743927002
amp_predictor,train,GILDVAKTLVGKLRNVLGI,1,0.9080570340156555
amp_predictor,train,MDKLAAGGLYLLFLLLAGIIVTH,0,0.47083598375320435
amp_predictor,train,GPAAVVRLLGK,0,0.5410943031311035
amp_predictor,train,DPMPAEDIVDLAYES,0,0.07353588938713074
amp_predictor,train,CEHSHDGA,0,0.012139796279370785
amp_predictor,train,DLVFYCPKCTAERQTACPKL,0,0.3688948452472687
amp_predictor,train,AVFVILTNVYT,0,0.11876095831394196
amp_predictor,train,CALKLTKAKRLVRKIGF,1,0.9920780062675476
amp_predictor,train,EQSAGFREYIDFFDGYSLTY,0,0.054371144622564316
amp_predictor,train,INWKKIFEKVSNLV,1,0.9802995920181274
amp_predictor,train,IYQCMGCCFSRAYPTPARSKKTMLV,0,0.5157647728919983
amp_predictor,train,QLTFTPGW,0,0.03132754936814308
amp_predictor,train,GFGEDIAMKQHQVNSLLDILFVF,0,0.15238302946090698
amp_predictor,train,FLPILGKILGGLL,0,0.9865896701812744
amp_predictor,train,GFKEVLKAGLGSLVKGIPAHVAN,1,0.9681609272956848
amp_predictor,train,AIGFDGLNDPDIVAR,1,0.045315857976675034
amp_predictor,train,NFWKKGKWTIGS,1,0.9815576672554016
amp_predictor,train,FLPIIAGAAAKVVEKIFCAISKKC,1,0.993625283241272
amp_predictor,train,FLPLLAGLAANFFPKIFCKITRKC,1,0.9844391942024231
amp_predictor,train,INWSSIFESVKNLV,1,0.4391317069530487
amp_predictor,train,GIHDALKYGKPS,1,0.6359520554542542
amp_predictor,train,CVKCKCKCGSGVKVKVKVC,1,0.8324306011199951
amp_predictor,train,DQCTYCGIYCCPPKFCTSSGCRSP,0,0.26365697383880615
amp_predictor,train,GEVFAFPR,0,0.059496305882930756
amp_predictor,train,FLGLLPSIVSGAVSLVKKL,1,0.9820353984832764
amp_predictor,train,PRCRRRFCRP,1,0.9625364542007446
amp_predictor,train,QDKPFWSPPIYPH,1,0.3589228391647339
amp_predictor,train,KWCFRVCYRGICYRKCR,1,0.997622549533844
amp_predictor,train,IGKKWKRIVKRIKKFLRKL,1,0.9982799291610718
amp_predictor,train,HPIQNLFQPSLVLDM,0,0.1250825971364975
amp_predictor,train,GFVPFTIP,1,0.5888480544090271
amp_predictor,train,MPKIIEAVYENGVFKPLQKVDLREGERE,0,0.16388876736164093
amp_predictor,train,QELASFHSVSKGFMGECGFR,0,0.1638643741607666
amp_predictor,train,GLLSSLSSVA,1,0.6517723202705383
amp_predictor,train,QKKDKKDRFYGLM,0,0.3360915184020996
amp_predictor,train,LQVDYLVLEVA,0,0.06327752023935318
amp_predictor,train,GLFAVIKKVASVIKKL,1,0.999457061290741
amp_predictor,train,GLKDWWNKHKDKIIDVVKEMGKAGLQAA,1,0.8449169397354126
amp_predictor,train,TDGKEGEFIAEGGGVR,0,0.055703531950712204
amp_predictor,train,AVPLIYKRPGVYVTKPKGK,1,0.5591021776199341
amp_predictor,train,RRWWRHWRR,1,0.9993739724159241
amp_predictor,train,MIINHNMSAMFAQRTLGVTNNAIGKDME,0,0.09732324630022049
amp_predictor,train,SNRSPSLRLRF,0,0.42809993028640747
amp_predictor,train,FLQHIIGALTHIF,1,0.9223564863204956
amp_predictor,train,GMATKAGTAFGKAAKAIIGAAL,1,0.9310840964317322
amp_predictor,train,RDCCTPPKKCKDRRCKPLKCCA,0,0.1119861900806427
amp_predictor,train,GIHDILKYAKPS,1,0.7971153855323792
amp_predictor,train,VARSLLIFEVQQPFLFLL,0,0.21025526523590088
amp_predictor,train,DLFQVIKEKLKELTGGVIEGIQGV,1,0.22310122847557068
amp_predictor,train,WRFRWKTRWRFK,1,0.9991575479507446
amp_predictor,train,SGLLINQPKYSWLKELGL,0,0.6576172709465027
amp_predictor,train,GLGSLLGKAFKFGLKTVGKMMAGAPREQ,1,0.6955632567405701
amp_predictor,train,RICRIVVIRVCR,1,0.9960479140281677
amp_predictor,train,DRVKKIVVEHLGVDEEKV,0,0.14921586215496063
amp_predictor,train,FALALKALKKALKKLKKALKKAL,1,0.9981796741485596
amp_predictor,train,DLSNLLSRVPNERSN,0,0.1663697361946106
amp_predictor,train,IGGYCSWLRL,1,0.8299381136894226
amp_predictor,train,APVPGGQGTVLDKMYPRGNHWAVGHLM,0,0.07712563872337341
amp_predictor,train,GFCAEAGIKCNDIHCCGNLKCKAVGSNRV,0,0.6377774477005005
amp_predictor,train,VNWKKILKKIIKVAK,1,0.9994148015975952
amp_predictor,train,IKNGYPRDS,0,0.2866213023662567
amp_predictor,train,FTMKKSLLLIFFLGTISLSLC,1,0.800197422504425
amp_predictor,train,FLPILINLIHKGLL,1,0.988211452960968
amp_predictor,train,MIIRRDLISE,1,0.662932276725769
amp_predictor,train,FLSLIPHAINAVSAIAKHFG,1,0.9949392080307007
amp_predictor,train,LELHVRRELHRLRRDVSHLQLTRRQQRR,1,0.8265984654426575
amp_predictor,train,FWQLVPLAIKIYRAWKRR,1,0.9983313679695129
amp_predictor,train,VKGGDGAPGKDGIRGM,1,0.8409537672996521
amp_predictor,train,HISHISMCRWCCNCCKAKGCGFCCKF,1,0.6098452210426331
amp_predictor,train,KGCALVKVRGLTLKVCK,1,0.9937606453895569
amp_predictor,train,SAIDPNPDTPDSE,0,0.051231108605861664
amp_predictor,train,GPQQENMMEE,0,0.12348919361829758
amp_predictor,train,FEDLPNFGHIQVKVFNHGEHIHH,1,0.5671079158782959
amp_predictor,train,GLLGSLFGAGKKVACALSGLC,1,0.9828040599822998
amp_predictor,train,KWCFRSCYRGICYRRCR,1,0.9962228536605835
amp_predictor,train,GLFDIVKKIAGHIAGSI,1,0.9969813227653503
amp_predictor,train,EVVRSNNFDPSKLSGKWYSILLASDRKE,0,0.2206694483757019
amp_predictor,train,FKFLARTGKFL,1,0.9633569717407227
amp_predictor,train,FPPPGESAVDMSFFYALSNP,1,0.15159231424331665
amp_predictor,train,GAVGEIQILLNNIASQLNGDQKKADKV,0,0.33745861053466797
amp_predictor,train,GIMSSLMKKLKAHIAK,1,0.9458115696907043
amp_predictor,train,AGLGKIGALIQKVIAKYKA,1,0.9965007305145264
amp_predictor,train,AQLVYKHAISTIMPGQPI,0,0.15597181022167206
amp_predictor,train,KCFQWQKNMKKVKGPPVSCIKK,1,0.7154430150985718
amp_predictor,train,FLPIIASVAAKLIPSIVCRITKKC,1,0.9906092882156372
amp_predictor,train,RPPGFSPFR,1,0.6046306490898132
amp_predictor,train,NLLQIGIMKRCANKRRRPVFHYRDYGCYC,0,0.5510652661323547
amp_predictor,train,RGSNLTHPLRNIGDLFYVGN,0,0.07498545944690704
amp_predictor,train,GMFTNMLKGIGKLAGKAALGAVKTLA,1,0.9573155641555786
amp_predictor,train,FLSIIAKVLGSLF,1,0.9810876250267029
amp_predictor,train,FLGALWNVWKSVF,1,0.9785998463630676
amp_predictor,train,FIHHIIGGLFSVGKHIHRLIRRRRR,1,0.9985818862915039
amp_predictor,train,ETFSDLWKLL,1,0.2725509703159332
amp_predictor,train,GTPGFQTPDARVISRFGFN,1,0.05232788622379303
amp_predictor,train,FFHHIFRGIVHVGKTIHKLVTGT,1,0.9977906942367554
amp_predictor,train,FLSHIAGFLSNLF,1,0.9474495053291321
amp_predictor,train,MNEAKSLFTTFLILAFLLFLLYAFYEAAF,0,0.2354489415884018
amp_predictor,train,KEICFPRLGCFSDDAPWAGIAQRPL,0,0.17371518909931183
amp_predictor,train,MLASGLLLVALLACLTVMVL,0,0.17315281927585602
amp_predictor,train,GFLDIVKGVGKVALGAVSKLF,1,0.9913809895515442
amp_predictor,train,PFKISIHL,1,0.9994250535964966
amp_predictor,train,MCDILLNVLNIVFIGIAIILVIIC,0,0.40720996260643005
amp_predictor,train,GKCNVLCQLKQKLRSIGSGSHIGSVVLPRG,1,0.7723414301872253
amp_predictor,train,IWRIFRRIFRIFIRF,1,0.9991328120231628
amp_predictor,train,AINSESGVRSVVPQPCNALPNQGPEK,0,0.18437476456165314
amp_predictor,train,GLLGLLGSVVSHVLPAITQHL,1,0.7379346489906311
amp_predictor,train,IIGHLIKTALGMLGL,1,0.8471070528030396
amp_predictor,train,KLLLKLLKLL,1,0.9862105250358582
amp_predictor,train,RLKVIPEKLKDVKLVCTDVFGDN,0,0.16086716949939728
amp_predictor,train,GIGAAILSAGKSALKGLAKGLAEHF,1,0.9779558777809143
amp_predictor,train,RIMRILRILKLAR,1,0.8750151991844177
amp_predictor,train,ADGSDPVGGESLPDTGGAR,0,0.07550986111164093
amp_predictor,train,RFGRFLRKIRRFRPKVTITIQGSARFG,1,0.8805665373802185
amp_predictor,train,FLPLLFGALSTLLPKIF,1,0.9313309788703918
amp_predictor,train,LLKWLKKL,1,0.9989117383956909
amp_predictor,train,AKFDKFYGLM,0,0.3234177231788635
amp_predictor,train,ALWKSLLKGAGQLVGGVVQHFMGSQGQPES,1,0.42199426889419556
amp_predictor,train,GLLGGLLGPLLGGGGGGGGGLL,1,0.9854658842086792
amp_predictor,train,APKKQLKW,1,0.9550808668136597
amp_predictor,train,AYGGDGGAYYEWSPA,0,0.03521762415766716
amp_predictor,train,CAETCVVLPCFIVPGCSCKSSVCYFN,1,0.9700464010238647
amp_predictor,train,VIGGDECNINEHRSLALVY,0,0.06623568385839462
amp_predictor,train,MKWETPTATDLRFGFEITMYVSAR,0,0.08391352742910385
amp_predictor,train,IIGHLIKTALGFLGL,1,0.9910209774971008
amp_predictor,train,SFLTTVKKLVTNLAAL,1,0.8116458058357239
amp_predictor,train,SKGKKANKDVELARG,1,0.5830252170562744
amp_predictor,train,MWITNGGVANWYFVLAR,1,0.03601984307169914
amp_predictor,train,GCCSLPPCAANNPDYC,0,0.023018667474389076
amp_predictor,train,KLQELRMWSMLKKWILMFILDFPTR,0,0.18627750873565674
amp_predictor,train,FKRIVQRIKDSLR,1,0.8639439344406128
amp_predictor,train,FFPLIAGLAARFLPKIFCSITKRC,1,0.9766749143600464
amp_predictor,train,MAAEINMVILAWDLCLLELPY,0,0.08113878220319748
amp_predictor,train,SGKLYYRRKK,1,0.7904702425003052
amp_predictor,train,FLGALFKVASKLVPAAICSISKKC,1,0.9971875548362732
amp_predictor,train,LLGDFFRKSKEKIGKEFKRIVQRIKDFLR,1,0.7622378468513489
amp_predictor,train,KAAKKFAKAWAKAFKAA,1,0.9932327270507812
amp_predictor,train,RVCYAIPLPIC,1,0.7806608080863953
amp_predictor,train,LKRDDIDIILINQNCAEL,0,0.19759254157543182
amp_predictor,train,NGRKACLNPASPIVKKIIEKMLNS,1,0.4956727623939514
amp_predictor,train,GRKKRRQRRRP,1,0.8911844491958618
amp_predictor,train,GFMGDTLKGIARNAALALMNAAQCKLSGKC,1,0.8729177117347717
amp_predictor,train,VSCEDCPDHCSTQKARAKCDNDKCVCEPI,0,0.04840182512998581
amp_predictor,train,GLWEKIKEKASELVSGIVEGVK,1,0.5471784472465515
amp_predictor,train,SGLQFAVLDGQGFLPFSRV,0,0.06543491780757904
amp_predictor,train,KFWSLLKKALRLWAKVL,1,0.9993904829025269
amp_predictor,train,LLGDFFRKSKEKIGKEFKRIVQR,1,0.6904780864715576
amp_predictor,train,MIIFRIAASHKK,1,0.9344508051872253
amp_predictor,train,HSDLPSGVYDPAQA,0,0.04495470970869064
amp_predictor,train,EGGSSGEASGMWFGPRL,0,0.04037283733487129
amp_predictor,train,DVTFSMLGANGATYYQFF,1,0.05849017947912216
amp_predictor,train,DEAVVHDSYAFDKNQLIPVGARAE,0,0.09059671312570572
amp_predictor,train,VTIGPVCELPKEVGGPCRGHIIPRY,0,0.3153831958770752
amp_predictor,train,MWGLNRWLTFTMLILLITSHCCYWNKR,0,0.13830608129501343
amp_predictor,train,ATGWSAFFIDGKWTEAKK,0,0.4195813536643982
amp_predictor,train,TLTSFGEWR,0,0.08204345405101776
amp_predictor,train,KVFFEERFEDGWENRWVKKD,0,0.27235469222068787
amp_predictor,train,ALWKDLLKNVGIAAGKAALNKVTDMVNQ,1,0.907563328742981
amp_predictor,train,FLPAIVGAAGKFLPKIFCAISKKC,1,0.9962041974067688
amp_predictor,train,VEIIANDQGNR,0,0.0716121643781662
amp_predictor,train,KWKLFKKIPHLAKKF,1,0.9983384609222412
amp_predictor,train,KGAAKGLLEVASCKLSKSC,1,0.9713209271430969
amp_predictor,train,FLGVVFKLASKVFPAVFGKV,1,0.9950952529907227
amp_predictor,train,QEDIEAGKQKSATCTACHGQEGNST,0,0.19106590747833252
amp_predictor,train,KEFLHPSKVDLPR,1,0.5262172222137451
amp_predictor,train,DVSFSLSGGGTASYEK,1,0.10837842524051666
amp_predictor,train,MSSGGLLLLLGLLTLCAELTPVSSKDRH,0,0.19779248535633087
amp_predictor,train,RALATQLPVIPRSQVTFLAPVTRPEK,0,0.16218602657318115
amp_predictor,train,MDIVSIAWAALMVVFTFSLSLVVWGRSGL,0,0.04969838261604309
amp_predictor,train,MNIVDIAWAALMVVFTFSLSLVVWGRSGL,0,0.045530762523412704
amp_predictor,train,GKYVSLTTPKNPTKRRITPKDV,1,0.40543535351753235
amp_predictor,train,MADIVSAGWAFLMVSFTFSLSLVVWGRSGL,0,0.05271029472351074
amp_predictor,train,QYVKDPDKQVVARIFLDLQLVQR,0,0.1167076900601387
amp_predictor,train,FVGPVLKIAAGILPTAICKIYKKC,1,0.9927724003791809
amp_predictor,train,EWCGTNSDCGEGECCTGGSFNRH,0,0.10833150148391724
amp_predictor,train,MREKWKKKRSRRLRRKRRKMRARSK,0,0.7390019297599792
amp_predictor,train,RYNDAVLRHLVIKTKKA,0,0.4454270005226135
amp_predictor,train,RWCFRVCYRGICYRRCR,1,0.9988952875137329
amp_predictor,train,IDTLPNTMFRVQL,0,0.0616007074713707
amp_predictor,train,LAKKIYRKWKRW,1,0.998042106628418
amp_predictor,train,LGSAPITEEAIATPPSAETKLVPVGYGIKK,0,0.1051664650440216
amp_predictor,train,ARTDNFVRL,0,0.1351650208234787
amp_predictor,train,FWGFLGKLAMKAVPSLIGGNKSSSK,1,0.969770073890686
amp_predictor,train,AHRFAAEDFGALDTA,0,0.08046305179595947
amp_predictor,train,MLKSEVSKQISMPLTAPAF,0,0.12383268028497696
amp_predictor,train,TESYFVFSVGM,1,0.06277168542146683
amp_predictor,train,RLHQNGMPFSPRL,0,0.11731056123971939
amp_predictor,train,FLHFLHHLF,1,0.9926482439041138
amp_predictor,train,ASGPCFPNPCQNDGECHVIDDSHR,0,0.03174709901213646
amp_predictor,train,WGRAFSRGVRRLARGGRG,1,0.9058429002761841
amp_predictor,train,LTCYKGYHDTVVCKP,0,0.33306142687797546
amp_predictor,train,FFPIVAGVAAKVLKKIFCTISKKC,1,0.9990097284317017
amp_predictor,train,PFDSRAVTY,1,0.1508384495973587
amp_predictor,train,QGPWMEEEEAAYGWMDF,0,0.07663396745920181
amp_predictor,train,AGEGLSSPFWSLAAPQRF,0,0.0820961743593216
amp_predictor,train,MADENTPVMPEEVPAVEGVGM,0,0.03522191941738129
amp_predictor,train,AWCFRVCYRGACYRRCR,1,0.9951632022857666
amp_predictor,train,AIGSILGRLAKGLPTLISWIKNR,1,0.9334219694137573
amp_predictor,train,LLAFGLDARILLL,0,0.5719366669654846
amp_predictor,train,KWKKFIKSLTKSAAKTVVKTAKKPLIV,1,0.9929819107055664
amp_predictor,train,KFFKKLKKAVKKGFKKFAKV,1,0.993911862373352
amp_predictor,train,GIPCGESCVFIPCITGAIGCSCKSKVCYRN,1,0.956821620464325
amp_predictor,train,LDSLSFSYNNFEEDD,1,0.25505906343460083
amp_predictor,train,GIGGKILSGLKTALKGAAKELASTYLH,1,0.9617484211921692
amp_predictor,train,MKQGINGFARRGRL,0,0.6081292629241943
amp_predictor,train,MPVCTSRSLQGGKVDTHFPLHVLHSVACDV,0,0.21895062923431396
amp_predictor,train,FAEPLPSEEEGESYSKEPPEMEKRYGGFM,1,0.24374409019947052
amp_predictor,train,GWKKWFNRAKKVGKTVGGLAVDHYLG,1,0.9802937507629395
amp_predictor,train,GLAANFLPKIFCKITRKC,1,0.989058792591095
amp_predictor,train,FMPIIGRLMSGSL,1,0.07923006266355515
amp_predictor,train,QWQRNMRKVR,1,0.8647225499153137
amp_predictor,train,FLPGLIKAAVGIGSTIFCKISKKC,1,0.9983953833580017
amp_predictor,train,GGGGGSGETSGMWFGPRL,0,0.11515210568904877
amp_predictor,train,ELAKKALKALKKALKSAR,1,0.9517998695373535
amp_predictor,train,WRLRWKTRWRLK,1,0.999306321144104
amp_predictor,train,MGGVGKTKRMRRLKRKRRKMRQRSK,0,0.6442753672599792
amp_predictor,train,GIPCGESCVWIPCLTSAIGCSCKSKVCYRN,1,0.9569058418273926
amp_predictor,train,STRTPEFLGLDNQCGVWA,0,0.06362193822860718
amp_predictor,train,QDGKSSFQKEGGGVR,0,0.4181380569934845
amp_predictor,train,HLNKRVQRLLIGWLDWLK,1,0.9955641031265259
amp_predictor,train,FLPAIVGAAAKFLPKIFCAISKKC,1,0.996198832988739
amp_predictor,train,SESILIVHQQQSRSSGS,1,0.23536230623722076
amp_predictor,train,GLFDIIKKIAESI,1,0.8461815118789673
amp_predictor,train,KKIEEEAAAAGATAE,0,0.10329422354698181
amp_predictor,train,APLSGFYGVR,0,0.03739213943481445
amp_predictor,train,VARGGKTKGRRG,0,0.8919306993484497
amp_predictor,train,GRFKRFRKKFKKLFKKLSPVIPLLHLG,1,0.9936594367027283
amp_predictor,train,RKVAVFFSNTPTRASPQLRE,1,0.24905391037464142
amp_predictor,train,ALWKNMLKGIGKLAGKAALGAVKKLVGAES,1,0.9939420819282532
amp_predictor,train,RPPGFTPFRKA,0,0.5151052474975586
amp_predictor,train,RRWKIVVIRWRR,1,0.9997789263725281
amp_predictor,train,VSWKKSLGKIIKVVK,1,0.9995471835136414
amp_predictor,train,PHAYPFLSPEQKKEL,0,0.3937971889972687
amp_predictor,train,YDDGSYKPHIYGF,0,0.07109026610851288
amp_predictor,train,GVLDAFKKIATVVKNLV,1,0.9832358956336975
amp_predictor,train,AFCCPSGWSAYDQ,0,0.036504026502370834
amp_predictor,train,LNAKALLAVAKKIL,1,0.9983240962028503
amp_predictor,train,GIGKFLKKAKKFGKAFVKILKK,1,0.998216450214386
amp_predictor,train,FLSMIPHIVSGVAALAKHL,1,0.9234362840652466
amp_predictor,train,CGCYCKSVDKKRRFFIPTCLRSCCN,1,0.8066831827163696
amp_predictor,train,SFKKFWGGVKAIFKGARKGWK,1,0.9962713718414307
amp_predictor,train,RRRRNRTRRNRRRVRGC,1,0.9305151700973511
amp_predictor,train,DDETTFPCNSGRCACLPEDSHSYTCQSP,0,0.1602223664522171
amp_predictor,train,AYPAAHQGYPAHVGYARVGYGGYPSYGYPA,0,0.07520268112421036
amp_predictor,train,FLSLIPKLVKKIIKAFK,1,0.9995455145835876
amp_predictor,train,EEVQETVNLKYEYSVYR,0,0.2548743188381195
amp_predictor,train,KDGYLVGTDGCKYGCFTRPGHFCANEECL,0,0.12797419726848602
amp_predictor,train,ETLFDPCSTQDIKKVGV,0,0.11652325838804245
amp_predictor,train,NNRSPQLRLRF,0,0.3121023178100586
amp_predictor,train,LLGMIPVAITAISALSKL,1,0.4778817296028137
amp_predictor,train,LVPWPFPT,1,0.7291704416275024
amp_predictor,train,LFWKLLLKALRLWAKVL,1,0.9974648952484131
amp_predictor,train,APSQSTVTALLTSCVSYIDDQ,0,0.15510039031505585
amp_predictor,train,RIGSILGRLAKGLPTLRSWIKNR,1,0.871321976184845
amp_predictor,train,ETFAKKALKALEKLLKKG,1,0.9501929879188538
amp_predictor,train,KFGKVLKFLAKTLAKHLAKKQAQS,0,0.9797208309173584
amp_predictor,train,QGGPPRPQIPP,0,0.0537150502204895
amp_predictor,train,AYGEAANVFGAPK,0,0.13223569095134735
amp_predictor,train,MGDCGCSGASSCNCGSGCSCSNCGSK,0,0.09521116316318512
amp_predictor,train,KSCCRNTTARNCYNVCRIPG,1,0.6757957339286804
amp_predictor,train,FLSLIPKIAGGIASLVKNL,1,0.9942135214805603
amp_predictor,train,FRGHDKKDKKIQKK,0,0.5649391412734985
amp_predictor,train,FIGTALGIASAIPAIVKLFK,1,0.9895143508911133
amp_predictor,train,PAWLVDCPCVGDDVNRLLARGEK,0,0.054809149354696274
amp_predictor,train,KKLALKALLLWLKALLKLAKLALKK,1,0.998405396938324
amp_predictor,train,KLKNFAKGVAQSLLNKASCKLSGQC,1,0.9694085121154785
amp_predictor,train,GIACGESCAYFGCWIPGCSCRNKVCYFN,1,0.7693399786949158
amp_predictor,train,SGSAKVAFSAIRSTNH,0,0.29654714465141296
amp_predictor,train,SLKDKVKSMGEKLKQYIQTWKAKF,1,0.5422280430793762
amp_predictor,train,GLPVCGETCVGGTCNTPGCACSWPVCTRN,1,0.9151273369789124
amp_predictor,train,KNLKALLAVAKKIL,1,0.9989319443702698
amp_predictor,train,GGSGGGSSGGSIGGR,1,0.9313332438468933
amp_predictor,train,GFLGPLLKLGLKGVAKVLPHLIPSRQQ,1,0.9011828899383545
amp_predictor,train,RHIKIWFQNRRMKWKK,1,0.9857198596000671
amp_predictor,train,ILGPILGLVSNAGGLL,1,0.9379833340644836
amp_predictor,train,MFFKIDLKNHPYLIRLKKQEE,0,0.294933944940567
amp_predictor,train,MVKLRLKRCGRK,0,0.8844374418258667
amp_predictor,train,RQIKIWFQNRRM,1,0.8920966982841492
amp_predictor,train,GPRGPPGPAG,1,0.9527742862701416
amp_predictor,train,GVIELTKMIVQEMGKNALTSYSL,0,0.11035975068807602
amp_predictor,train,RGAHIKGRWKSRCHRF,1,0.989193856716156
amp_predictor,train,GIPCAESCVWIPCTVTALLGCSCSNNVCYN,1,0.9666937589645386
amp_predictor,train,GIGASILSAGKSALKGLAKGLAEHFAN,1,0.9644541144371033
amp_predictor,train,GLWTGKYTDVFGGRALIKIIIQT,1,0.4227961003780365
amp_predictor,train,SIPLPSLNFEQFGNMIQCTI,0,0.11752338707447052
amp_predictor,train,RGESGPPGPAGF,1,0.831547200679779
amp_predictor,train,KRRGSVTTRYQFLMIHLLRPKKLFA,1,0.4865156412124634
amp_predictor,train,GRILSFIKGLAEHL,1,0.9634091854095459
amp_predictor,train,FIHHIIGGLFSIGKIIHRLIRRRRR,1,0.9989715814590454
amp_predictor,train,QNWPHPPMPP,0,0.03828144446015358
amp_predictor,train,RFRRLRKKFRKRLKKI,1,0.9608636498451233
amp_predictor,train,ALAGTIIAGASLTFKILDEV,0,0.26763051748275757
amp_predictor,train,VSTAPYGAWQSPID,0,0.04127853363752365
amp_predictor,train,SDPEAPGIWFGPRL,0,0.1219819113612175
amp_predictor,train,VPPVYADLGKGARDLFSKGYNYGFSKL,0,0.15287454426288605
amp_predictor,train,MAWKTPRYDETPVGMEINMYACAKRK,0,0.20889316499233246
amp_predictor,train,RICPRILMECKADSDCLAQCICQESGFCG,0,0.08773167431354523
amp_predictor,train,IKLSKKTKDNLKKVLKGAIKGAIAVAKMV,1,0.9933990240097046
amp_predictor,train,GTSGLISFPRT,0,0.08303042501211166
amp_predictor,train,FILGKLWKGVKSIF,1,0.9998282194137573
amp_predictor,train,FLPIVAKLLSGLLGRKKRRQRRR,1,0.8967208862304688
amp_predictor,train,GVVTDLLKTAGKLLGNLVGSLSG,1,0.8735883831977844
amp_predictor,train,VGCEEDPMHCKGKQAKPTCCNGVCNCNV,0,0.04992855712771416
amp_predictor,train,RRKQFHVLLSTI,0,0.8531939387321472
amp_predictor,train,ILGPVLGLVGSALGGLIKKI,1,0.9888858795166016
amp_predictor,train,KRVNWAKVGRTALKLLPYIFG,1,0.9519348740577698
amp_predictor,train,ILPWKWPWWKWRR,1,0.9996778964996338
amp_predictor,train,VIGGDECNINEHRFLAALYD,0,0.09984978288412094
amp_predictor,train,GGLRSLGRKILRAWKKYGPQATPATRQ,1,0.5790566802024841
amp_predictor,train,IIGAIAAALPHVINAIKNTF,1,0.9685466885566711
amp_predictor,train,VKAAAEYVRLIRSAQKNAEYAGLAPEKM,0,0.17166247963905334
amp_predictor,train,VFLGAIAQALTSLLGKL,1,0.8645714521408081
amp_predictor,train,FLPLLVGAISSILPKIF,1,0.9781627058982849
amp_predictor,train,YDPSPLQDFCVAD,0,0.06687407195568085
amp_predictor,train,TCESPSHKFKGPCATNRNCES,1,0.4692780673503876
amp_predictor,train,FIGALLRPALKLLA,1,0.9368053078651428
amp_predictor,train,WVKAAAKAAAKVW,1,0.9960319399833679
amp_predictor,train,QLYENKSRRPYIL,0,0.37346670031547546
amp_predictor,train,GGNKGKQMQDQSGQHPQVIQT,0,0.25974926352500916
amp_predictor,train,VNWKKILGKIIKVVK,1,0.999675989151001
amp_predictor,train,KCFQWQRNARKVRGPPVSCIKR,1,0.8892691731452942
amp_predictor,train,ALWLAIRKR,1,0.9978633522987366
amp_predictor,train,MRAKWRKKRMRRLKRKRRKMRQRSK,0,0.7361581921577454
amp_predictor,train,AAVTRRILCWFA,1,0.9533812403678894
amp_predictor,train,FLPGLECVSGLKIVPTVFCAITRIC,1,0.8720476031303406
amp_predictor,train,AESGFQPVVDRKGD,0,0.06927282363176346
amp_predictor,train,FTAASQTLEAGR,0,0.13158810138702393
amp_predictor,train,ITAGFISSSANTVYVKKGDVMVFPR,0,0.08508000522851944
amp_predictor,train,LLKKLLKWLKK,1,0.998649537563324
amp_predictor,train,KWCFRVCYRGICYRACR,1,0.9976159334182739
amp_predictor,train,HDRPKFCYLPADPGECMA,0,0.094397634267807
amp_predictor,train,QSHLSLCRYCCNCCRNKGCGYCCKF,1,0.2635264992713928
amp_predictor,train,LNLKGIFKKVASLLT,1,0.9978704452514648
amp_predictor,train,GVVDILKGAGKDLLAHALSKLSEKV,1,0.9296835660934448
amp_predictor,train,TSRCIFYRRKKCS,1,0.8796897530555725
amp_predictor,train,TPPAGPDVGPR,0,0.1975320726633072
amp_predictor,train,YQKSSPGSNITT,0,0.26143744587898254
amp_predictor,train,AAGGVKKPKKAAAAKKSPKKPKKPAAA,1,0.97312331199646
amp_predictor,train,GECCTDCAQTAAANYC,0,0.09029174596071243
amp_predictor,train,FLPIVAGLAANFLPKIVCKITKKC,1,0.9961729645729065
amp_predictor,train,MLVGMTEMVN,0,0.05003767088055611
amp_predictor,train,FKCRRWQWRMKKLGAPSITCVR,1,0.980709433555603
amp_predictor,train,GSPKYCHLPADPGPC,0,0.04779263958334923
amp_predictor,train,RKKRRQRAR,1,0.8627997040748596
amp_predictor,train,RHHRKRIGHTVKQLAKLVKHIHEY,0,0.8836206793785095
amp_predictor,train,KKKSGVIPTVSHDCHMNTFQFMFTCCS,1,0.5498544573783875
amp_predictor,train,FLRALWNVAKSVF,1,0.9669189453125
amp_predictor,train,GEPGDSGAKGDAGSPGPAGPTG,1,0.9331103563308716
amp_predictor,train,GFGMALKLLKKVL,1,0.9929497241973877
amp_predictor,train,VQGMVYCDTCRSANALGFMR,0,0.08409412205219269
amp_predictor,train,MRLKELFDAQMEYFGEVFEKTEWPYW,0,0.14441858232021332
amp_predictor,train,TSTLSWLDEITMEELERNPY,0,0.18462735414505005
amp_predictor,train,EITVEPVRHPKKDPSEAE,0,0.14094805717468262
amp_predictor,train,GIMSSLMKKLAKHIAK,1,0.9458115696907043
amp_predictor,train,LNLKALLAVAAKIL,1,0.9912952184677124
amp_predictor,train,GFGSFLGKALKAALKIGANVLGGAPEQ,1,0.9132387042045593
amp_predictor,train,IILELAAVDSASGKLLINGNFK,0,0.9079259037971497
amp_predictor,train,GWFSLVRKVVGGVGSL,1,0.7258169054985046
amp_predictor,train,VSDSQNSQDGLDPE,0,0.0590316504240036
amp_predictor,train,IINDFTNLVNQVEPLK,0,0.13428780436515808
amp_predictor,train,GFGSLLGKALRLWKKVL,1,0.9966874718666077
amp_predictor,train,QKKDKDRFYGLM,0,0.2818729877471924
amp_predictor,train,VPTTPFLCTNDPQCKVNYEDGHCFDILSK,1,0.13852548599243164
amp_predictor,train,KLSPSLGPVSKGKLLAGQR,1,0.7063764333724976
amp_predictor,train,LICYNDHGYTGKTTETCENGETTCYEKSR,0,0.2570313513278961
amp_predictor,train,KWKSFLKTFKSAAKTVLHTALKAISS,1,0.9810349345207214
amp_predictor,train,GLLSVLGSVAQHVLPHVVPVIAEHL,1,0.46257761120796204
amp_predictor,train,LFFLPSLIGGLISAFK,1,0.9803208112716675
amp_predictor,train,VRFRIRVAVIRA,1,0.960460364818573
amp_predictor,train,RQGRTLYGFGG,1,0.3795795440673828
amp_predictor,train,GLLSGVLGVGKKVDCGLSGLC,1,0.9566636085510254
amp_predictor,train,GLPTCGETCFGGTCNTPGCTCDPWPVCTHN,1,0.8810726404190063
amp_predictor,train,GVLDAFRKIATVVKNLV,1,0.7005642652511597
amp_predictor,train,SGGGDGSGMWFGPRL,0,0.041092466562986374
amp_predictor,train,GNLKALLAVAKKIL,1,0.9989840388298035
amp_predictor,train,RRLCRIVVIRVCRR,1,0.996547281742096
amp_predictor,train,MKLIAKTRILNTLVFSAAGK,0,0.8201779723167419
amp_predictor,train,MKLAILGAGCYRTDAASGI,0,0.23105961084365845
amp_predictor,train,LGCNQSSIWSIFFWNH,1,0.56925368309021
amp_predictor,train,LLKKLLRAASKALSLL,1,0.9811264872550964
amp_predictor,train,LTYEMAQKPHHIGVRKSWLTWHSQNLE,0,0.1920388638973236
amp_predictor,train,GNNRPIYIPQPRPPHPRL,1,0.6970287561416626
amp_predictor,train,ATPATPTVAQFVIQGSTICLVC,1,0.7290588617324829
amp_predictor,train,FLSLIPHIATGIAALAKHL,1,0.9914113283157349
amp_predictor,train,EATVDMPLD,0,0.04753739386796951
amp_predictor,train,GPNGKSQSIIVGPWGDRVTN,0,0.09312070161104202
amp_predictor,train,IWGALLGTLIPAITSAIQ,1,0.24448685348033905
amp_predictor,train,GPMGPRGPPGPA,1,0.8631402254104614
amp_predictor,train,RKTAGKPKN,0,0.5978186726570129
amp_predictor,train,GYKYINNIIKYINKFFKYIW,1,0.7406632304191589
amp_predictor,train,VVGGKPAKLGAWPWMVALGF,0,0.5434266924858093
amp_predictor,train,VVGGDECNINEHRSL,0,0.07260005176067352
amp_predictor,train,RWRRFWGKAKRGIKKHGVSIALAALRLRG,1,0.9919357299804688
amp_predictor,train,SNGYRPAYRPAYRPSYRPGK,1,0.4895535707473755
amp_predictor,train,YRRRRRRGRRGRRRRGRRRRSRGRRRAHGG,0,0.9389665722846985
amp_predictor,train,FIGAVAGLLSKIF,1,0.988515317440033
amp_predictor,train,GLPVCGETCAFGSCYTPGCSCSWPVCTRN,1,0.9022572040557861
amp_predictor,train,LLAILLLALLALRKKVLA,1,0.9290976524353027
amp_predictor,train,ACYCRIPACIAGERRYGTCIYQGRLWAFCC,1,0.9208526015281677
amp_predictor,train,RGGRLAYLRRRWAVLGR,1,0.9532045722007751
amp_predictor,train,GGPYAFGL,0,0.10486263036727905
amp_predictor,train,MKKAWWKEGVVYQIY,0,0.44484445452690125
amp_predictor,train,KWKSFIKKSTSKFLHSAKKF,1,0.9710661172866821
amp_predictor,train,APQAGFYGVR,0,0.17433494329452515
amp_predictor,train,RIKRFWPVVIRTVVAGYNL,1,0.9475723505020142
amp_predictor,train,SIYERCELARELINR,1,0.49078625440597534
amp_predictor,train,MMCPRILMKCKHDSDCLPGCVCLEHIEYCG,0,0.07653789222240448
amp_predictor,train,AGQDGFMRF,0,0.07410809397697449
amp_predictor,train,EGPVGLADPDGPASAPLGAP,1,0.35044798254966736
amp_predictor,train,RIGSILGRLAKGLPTLISWIKNR,1,0.9405856132507324
amp_predictor,train,KWCFCVCYRGICYCRCRG,1,0.8883954286575317
amp_predictor,train,SLGSSPYNDILGYPALIVIYP,1,0.13696295022964478
amp_predictor,train,KKKKKKNGFAAWGAFGA,1,0.989094078540802
amp_predictor,train,AGLLVYPRL,0,0.11090479791164398
amp_predictor,train,PSVQGAAAQLTADVKK,1,0.3148235082626343
amp_predictor,train,VATFTLPDLPYDYGALEPAV,0,0.06670865416526794
amp_predictor,train,SPEYPEHMRWKRSLSRKAKRKP,1,0.584941565990448
amp_predictor,train,QLVPLAIKIYRAWKRR,1,0.9844365119934082
amp_predictor,train,LVGAEIDYKEDLEGAQFVIKNPN,0,0.11828472465276718
amp_predictor,train,GLGPRPLRF,0,0.27689242362976074
amp_predictor,train,FVNTIRLLINKAREWNNKQSS,0,0.18158192932605743
amp_predictor,train,WLSKTAKKLWLSKTAKKLWLSKTAKKL,1,0.9940014481544495
amp_predictor,train,ILGKLWEGLKSLF,1,0.9895010590553284
amp_predictor,train,AIPWIWIWWLLRKG,1,0.9992184638977051
amp_predictor,train,FPFFNQYVKL,1,0.5983145236968994
amp_predictor,train,GVFKDALKQFGAALLDQAANALKPK,1,0.8652004599571228
amp_predictor,train,KWKSFLKTFKSLKKTVLHTALKLISS,1,0.9912990927696228
amp_predictor,train,ATKGSSDNRVLTGV,0,0.10579339414834976
amp_predictor,train,TKRQKLVQKYAAKRLEFK,0,0.5209486484527588
amp_predictor,train,TFDVCYEQLFFVGGNWK,0,0.06502600759267807
amp_predictor,train,GIPCGESCVFIPCISSVIGCSCSSKVCYRN,1,0.9543437361717224
amp_predictor,train,EVEMLGDELRTLNQNLGLMR,0,0.11130063980817795
amp_predictor,train,MQLVLAAKYIGAAIATIGLIGADDKTSNM,0,0.1638616919517517
amp_predictor,train,GIKIRKLFKKLLR,1,0.9981316924095154
amp_predictor,train,VLASKNFGDK,1,0.8320023417472839
amp_predictor,train,FLSLIPHAISAISAIAHHL,1,0.9904236197471619
amp_predictor,train,GILDWGKKVMDWIKDKM,1,0.6846844553947449
amp_predictor,train,SPASGFFGMR,0,0.053354065865278244
amp_predictor,train,VVLNLLVKVLKYGK,1,0.9912847280502319
amp_predictor,train,RIKRFWPVVIR,1,0.9995916485786438
amp_predictor,train,AEVLMDFPQLTMTLPDGREESVMKLTTLVA,0,0.06514463573694229
amp_predictor,train,GDAAAQPEK,0,0.07188097387552261
amp_predictor,train,QGGAGWPPIPP,0,0.06688844412565231
amp_predictor,train,GNPCGESCVYLPCITTVVGCSCQNSVCYHN,1,0.6596240401268005
amp_predictor,train,QGLIAFPRV,0,0.11094652116298676
amp_predictor,train,MGKGDRRTRRGKIWRGTYGKYRPRKKK,0,0.7804321050643921
amp_predictor,train,FLPLIGKILGTILGK,1,0.9948845505714417
amp_predictor,train,SLNVMRKGIRKQPVSSGKRGGVNDYDM,1,0.16547909379005432
amp_predictor,train,GSTSECFWKYCV,0,0.4537470042705536
amp_predictor,train,CCKQSCTTCMPCCW,0,0.14529769122600555
amp_predictor,train,FLPKLFAKITKKNMAHIRC,1,0.9414604306221008
amp_predictor,train,MALNLQDKQAIVAEVSEVAKG,0,0.11854447424411774
amp_predictor,train,MLTVKIINGDGAIDKHLTLNEKEAFKKTI,0,0.34231337904930115
amp_predictor,train,SGKLWWRRKK,1,0.9956293106079102
amp_predictor,train,IVGGAECVPY,0,0.1034156009554863
amp_predictor,train,LNLKALGAVAKKIL,1,0.9989840388298035
amp_predictor,train,VMYYSLPRPV,0,0.10718293488025665
amp_predictor,train,DVIGPQAQVTLANQD,0,0.03717261552810669
amp_predictor,train,MDIISLAWAALMVVFTFSLSLVVWGRSGL,0,0.057785484939813614
amp_predictor,train,CAWYNISCRLGNKGAYCTLTVECMPSCN,1,0.7999649047851562
amp_predictor,train,FLTVLGNDKEVENTFKALDKA,0,0.18903614580631256
amp_predictor,train,IGKKFKRIVQRIKDFLRNL,1,0.9743019342422485
amp_predictor,train,MVPVPVHHMADELLRNGPDTVI,0,0.06602741032838821
amp_predictor,train,STPACAIGVVGITVAVTGISTACTSRCINK,1,0.805834174156189
amp_predictor,train,SLGPAIKATRQVCPKATRFVTVSCKKSDCQ,1,0.5470355749130249
amp_predictor,train,KWKLFKKIGAVLKVL,1,0.9998236298561096
amp_predictor,train,PAWLVDCPCVGDDISRLLTRGEK,0,0.09102588146924973
amp_predictor,train,QLTFSPDW,0,0.04105553403496742
amp_predictor,train,ELVTLSGAHTIGQAR,0,0.07123374938964844
amp_predictor,train,RSVTTEINTLFQTLTSIAEKVDP,1,0.1836974024772644
amp_predictor,train,VGCEECPMHCKGKHAVPTCDDGVCNCNV,0,0.029507558792829514
amp_predictor,train,MLKLHGFSVSNYYNMVKLALLEKG,0,0.2544761598110199
amp_predictor,train,ATLTVFFRDN,0,0.07192983478307724
amp_predictor,train,HKTDSFVGLM,1,0.11652529984712601
amp_predictor,train,LFAKINGLKVGPLKIQIV,1,0.9951308965682983
amp_predictor,train,GYPICGESCVGGICNIPGCSCSWPVCTTN,1,0.8662649989128113
amp_predictor,train,GFGFVTFGNEK,0,0.14687120914459229
amp_predictor,train,GTPCAESCVYLPCFTGVIGCTCKDKVCYLN,1,0.9076625108718872
amp_predictor,train,GIKDWIKGAAKTLIKTVASHIANQ,1,0.9794920682907104
amp_predictor,train,WTTIVKVSKAVCKTGTCICTTSCSNCK,1,0.9967460632324219
amp_predictor,train,AAGQDNFMRF,0,0.11489518731832504
amp_predictor,train,HSQGTFTSDYSKHLDSRYAQEFVQWLMNT,0,0.10743840783834457
amp_predictor,train,GNALGKEGLKAI,0,0.9821080565452576
amp_predictor,train,IGKKFKRIVKRIKKWLRKL,1,0.9982799291610718
amp_predictor,train,RIIRPIIQIIKQKIR,1,0.9548510313034058
amp_predictor,train,MVKTVAVMVGSLRKDSLAHKLMKVLQK,0,0.4182405471801758
amp_predictor,train,AFVKGSAQRVAHGY,0,0.4208039939403534
amp_predictor,train,DHLPHDVYSPRL,0,0.3421706557273865
amp_predictor,train,ILQKAVLDCLKAAGSSLSKAAITAIYNKIT,1,0.9409869909286499
amp_predictor,train,QHYSLEWKPG,0,0.2537088096141815
amp_predictor,train,MALNLQDKQAIVAEVSEVAKGAL,0,0.1496855914592743
amp_predictor,train,YYVDLQNR,0,0.05156776309013367
amp_predictor,train,GWRLLLKKAEVKTVGKLALKHYL,1,0.9898625612258911
amp_predictor,train,LSAGPNGGSIAKLSVK,1,0.9175845980644226
amp_predictor,train,VVGCPWQPWC,0,0.013261470943689346
amp_predictor,train,RNCESLSHRFKGPCTRDSNC,1,0.49569371342658997
amp_predictor,train,GLFVGVLAKVAAHVVPAIAEHF,1,0.8484550714492798
amp_predictor,train,KKKFPWWWPFKKK,1,0.9971465468406677
amp_predictor,train,TRQARRNRRRRWRERQRGC,1,0.9181138277053833
amp_predictor,train,APAPSGGGSAPLAKIYPRGSHWAVGHLM,0,0.2657405734062195
amp_predictor,train,TPASGFFGMR,0,0.04834024980664253
amp_predictor,train,GFMDTAKNVAKNVAVTLLDNLKCKITKAC,1,0.9171862006187439
amp_predictor,train,SDDDGTVVLTTSGPIRGKRLQVGSAAVTAF,0,0.046742476522922516
amp_predictor,train,KPEEDWDRTD,0,0.18297459185123444
amp_predictor,train,FLPLIAGVAASILPKIFCFITKKC,1,0.9969225525856018
amp_predictor,train,ILGTILGLLKSL,1,0.9505723714828491
amp_predictor,train,GSGFSSWG,0,0.04462502524256706
amp_predictor,train,HRHQGPIFDTRPSPFNPNQPRPGPIY,1,0.4772186279296875
amp_predictor,train,GKITFYEDRNFQGRCYECSTDCPDLSPYFS,0,0.1588147133588791
amp_predictor,train,FLPALAGIAGLLGKIFGK,1,0.989680826663971
amp_predictor,train,KCFQWQRNMRKVRGAPVSCIKR,1,0.8699304461479187
amp_predictor,train,GWLRKLGAVLKVLTT,1,0.9670443534851074
amp_predictor,train,AEYFQHWGQGTLVTVSS,0,0.04593285545706749
amp_predictor,train,FKSWSLCTPGCARTGSFNSYCC,1,0.9368671178817749
amp_predictor,train,KCFQWQRNMRKVAGPPVSCIKR,1,0.7521600127220154
amp_predictor,train,AESKKGFLPVIDKKDGYTFLYPFGGQEVSI,0,0.16504152119159698
amp_predictor,train,VVGGDECNINEHPFLV,0,0.06341882050037384
amp_predictor,train,ILGGDGYSTKTPLPTVKRHERRSVVNE,0,0.2102905511856079
amp_predictor,train,GLEESPGHPGQPGPPGPPGAPGP,1,0.577631413936615
amp_predictor,train,GDCGCSGASSCTCASGQCTCSGCGK,0,0.12486310303211212
amp_predictor,train,SDYLQLARG,0,0.10564213246107101
amp_predictor,train,NALSSPRNKCDRASSCFG,1,0.43362540006637573
amp_predictor,train,KLAGLAKKLAGLAKKLAGLAK,1,0.9985339641571045
amp_predictor,train,GLVGEIISRGDFAIDIGR,0,0.11407939344644547
amp_predictor,train,MSSSHIFIGETIGT,0,0.13498704135417938
amp_predictor,train,ALWKDILKNLLKAALNEINQIVQ,1,0.6334320902824402
amp_predictor,train,WIIFRAAASHKK,1,0.9980583786964417
amp_predictor,train,INWKAIIEAAKQAL,0,0.8985192179679871
amp_predictor,train,FLPFLATLLSKVL,1,0.9090420007705688
amp_predictor,train,GRGREFMSNLKEKLSGVKEKMKNS,1,0.36514708399772644
amp_predictor,train,FIVPSIFLLKKAFCIALKKC,1,0.9990915060043335
amp_predictor,train,FLPVLGKVIKLVGGLL,1,0.9931117296218872
amp_predictor,train,GFLSALKKYLPIVLKHV,1,0.9972776770591736
amp_predictor,train,KLGEFSPTRTYRGHNKKDKKMQKK,0,0.36420851945877075
amp_predictor,train,GIGGALLSAGKSALKGLAKGLVEHFAN,1,0.9742268919944763
amp_predictor,train,DHVTPDIAYNP,1,0.19826534390449524
amp_predictor,train,QVSLKYPEGKMYSFGL,0,0.11954355239868164
amp_predictor,train,FLPMLAGLAANLLPKLFCKITKKC,1,0.9701970815658569
amp_predictor,train,ISPLTGTNGEIR,0,0.061563752591609955
amp_predictor,train,GLPVCGETCVGGTCNTPGCGCSWPVCTRN,1,0.8903421759605408
amp_predictor,train,YVSPVAIVKGLNIPL,1,0.6734086275100708
amp_predictor,train,FLHHIVGLIHHGLSLFGDRAD,1,0.9752064347267151
amp_predictor,train,MIPAAFDYVAPSTVDEAVQAL,0,0.07552602887153625
amp_predictor,train,ILPFVAGVAAEMMQHVYCAASKKC,1,0.7007662653923035
amp_predictor,train,GFMDTAKNVAKNVAVTLLDKLKCKITGGC,1,0.9594048261642456
amp_predictor,train,MRFCWQKSIHGS,0,0.7080262899398804
amp_predictor,train,HHIIGGLFSAGKAIHRLIRRRRR,1,0.9863613843917847
amp_predictor,train,GKTKGVTSGLIAFPRL,0,0.5125656723976135
amp_predictor,train,MTKDEPLEGNVGVLT,0,0.05958752706646919
amp_predictor,train,KNGTVKWFNAEKGFGFITSED,0,0.15547074377536774
amp_predictor,train,RCVCTRGFCRCVCRRGVC,1,0.9802147150039673
amp_predictor,train,GDSEVPGMWFGPRL,0,0.03279483690857887
amp_predictor,train,KPNPERFYGLM,0,0.16366827487945557
amp_predictor,train,AELTSCFPVG,0,0.23319123685359955
amp_predictor,train,QHWSDYFKPG,0,0.06858816742897034
amp_predictor,train,MLKYIYMHLSHKYNHILFTYNTRIIS,0,0.21783502399921417
amp_predictor,train,GSSGLISFPRN,0,0.14316558837890625
amp_predictor,train,SCCARNPACRHNHPCV,0,0.029735054820775986
amp_predictor,train,FLKPLFNAALKLLP,1,0.9766868352890015
amp_predictor,train,GNNRPVYIPQPRPPHPRL,1,0.6499985456466675
amp_predictor,train,RMAGRNRTEFYKLLSRHELDANDFKE,0,0.27903270721435547
amp_predictor,train,CLGVGSCNDFAGCGYAVVCFW,1,0.6058529615402222
amp_predictor,train,VDPGESTFIDEGATGR,0,0.03739979490637779
amp_predictor,train,FALGAVTCLIRTKCKVLPKLF,1,0.9890162348747253
amp_predictor,train,LRSNSRAFLKKVYFLRGFQKY,1,0.6462056040763855
amp_predictor,train,FNAGGHINHSLFWQNLAPASSNEAK,0,0.349227637052536
amp_predictor,train,GRKKRRQPPQC,1,0.71011883020401
amp_predictor,train,GYEVIDTIK,0,0.16417475044727325
amp_predictor,train,MIISRDLISH,1,0.6580031514167786
amp_predictor,train,SNMIEGVFAKGFKKASH,1,0.6783058047294617
amp_predictor,train,FLGSLIGAAIPAIKQLLGLKK,1,0.9933763146400452
amp_predictor,train,GFLDKLKKGASDFANALVNSIKGT,1,0.9018663763999939
amp_predictor,train,GILDTLKQLGKAAAQSLLSKAACKLAKTC,1,0.9799944162368774
amp_predictor,train,LPLLAGLAANFLPKIFCKITRK,1,0.978975236415863
amp_predictor,train,HSDAVFTDNYSRIRKQMAVKKYINSLLA,0,0.1846085786819458
amp_predictor,train,HLLQFNKMIKFETRKNAIPFYAF,0,0.27368202805519104
amp_predictor,train,FKCRRWQWRMKK,1,0.9880605340003967
amp_predictor,train,NYQRRCKNQN,1,0.5862732529640198
amp_predictor,train,RRRQRRKKR,1,0.9100646376609802
amp_predictor,train,GLWWRLWWRLRSWFRLWFRA,1,0.9989676475524902
amp_predictor,train,GLKDKFKSMGEKLKQYIQTWKAKF,1,0.6386244893074036
amp_predictor,train,RWRWRWRWRW,1,0.9995629191398621
amp_predictor,train,FLPLVRVAAKLIPSVVCAISKRC,1,0.9453749656677246
amp_predictor,train,ASITHVKNRGKYIYMHLKFRKTNVLI,1,0.5460346937179565
amp_predictor,train,LTCLTKMVECIQLPLDVEDSSDTLCC,0,0.1479245275259018
amp_predictor,train,AAVSLLQNKLAYDGFLSK,0,0.6446747183799744
amp_predictor,train,GSVIGCGETCLRGRCYTPGCTCDHGICKKN,1,0.7258508801460266
amp_predictor,train,YDKKVDSIILFGVNG,0,0.4627043604850769
amp_predictor,train,AKGETGPAGAPG,1,0.985857367515564
amp_predictor,train,STIVCVSLRICNWSLRFCPSFKVRCPM,1,0.9355659484863281
amp_predictor,train,VVSCADILAVAAR,0,0.19457778334617615
amp_predictor,train,NYPTQDSTMDKTFANNL,0,0.16716496646404266
amp_predictor,train,WGRRGWGAGRRYVRW,1,0.9911634922027588
amp_predictor,train,AGDKPGDALLDEWLG,0,0.061962638050317764
amp_predictor,train,EKYTEAPEYV,1,0.34076744318008423
amp_predictor,train,GILKSLLKKLKKIIAK,1,0.999133288860321
amp_predictor,train,FKVQNQHGQVVKIFHH,1,0.8964682221412659
amp_predictor,train,KKWRKLLKWLAKK,1,0.9972829818725586
amp_predictor,train,MRAKWKKKRMRRLKRKRRKMRQRSK,0,0.7042465806007385
amp_predictor,train,FPWFNQYVKL,1,0.5634216666221619
amp_predictor,train,AEVYNKDGNKLDIYGKAVGLHYFS,0,0.14525999128818512
amp_predictor,train,DEDNVLLT,0,0.1759275197982788
amp_predictor,train,IQKEIDRLNEVAKNLNESLIDLQELGK,1,0.25644245743751526
amp_predictor,train,IGGIISFFKRLF,1,0.9951218962669373
amp_predictor,train,MKTKAAVLFETHKPFEIVELEL,0,0.17344914376735687
amp_predictor,train,FFPVIGRILNGIL,1,0.9585074782371521
amp_predictor,train,QNARIAVVYFAGY,0,0.1270396113395691
amp_predictor,train,VNWKKVLAKIIKVAK,1,0.9995354413986206
amp_predictor,train,MKKSIRRSGGKSKGARLWYVGGTQY,0,0.585908055305481
amp_predictor,train,KWCFRVCYRGSCYRRCR,1,0.995604395866394
amp_predictor,train,CAKAKAKAGSGAKAKAKAC,1,0.97052401304245
amp_predictor,train,VAAGRPRF,0,0.2561458647251129
amp_predictor,train,VSGPAGPPGTH,1,0.522287905216217
amp_predictor,train,AIGPVADLHI,0,0.3299938142299652
amp_predictor,train,ALLLAIRKR,1,0.9635276794433594
amp_predictor,train,FWGALAKGALKLIPSLVSSFTKKD,1,0.9805241823196411
amp_predictor,train,SNPNFILTLVNNVPYTIWPA,0,0.09501291066408157
amp_predictor,train,FQYDSQYDGF,0,0.025941146537661552
amp_predictor,train,GIMDTIKDTAKTVAVGLLNKLKCKITGC,1,0.949028491973877
amp_predictor,train,FLKLLKKLL,1,0.9966604709625244
amp_predictor,train,QTPQWATGHFM,1,0.10687273740768433
amp_predictor,train,KWCFRVCGRGICYRRCR,1,0.9985746145248413
amp_predictor,train,AVNIPFKVKFRCKAAFC,1,0.9911811351776123
amp_predictor,train,GVDSSFLRL,0,0.13088758289813995
amp_predictor,train,ARTKQTARKSTGGKAPRKQLAT,1,0.4330098628997803
amp_predictor,train,KKDGYPVEYDRAY,0,0.22336488962173462
amp_predictor,train,FLSLIPKIAGGIASLVKDL,1,0.9805520176887512
amp_predictor,train,DPAFRLPTTTRPRHYQAAIPDFSAGA,0,0.12549923360347748
amp_predictor,train,GLFGKSSVVGRKYYVDLAGCAKA,1,0.6338846683502197
amp_predictor,train,VIGGDECDINEHPFL,0,0.1210825964808464
amp_predictor,train,GCTPEYCSMWCKVKVSQNYCVKNCKCPGR,0,0.4748457670211792
amp_predictor,train,GVLFASGQNLARTLIEFLLR,0,0.10239391773939133
amp_predictor,train,FFPIVGKLLSGLL,1,0.9840546250343323
amp_predictor,train,KEGYIVNYHTGCKYTCAKLGDNDYCLRECK,0,0.14609937369823456
amp_predictor,train,TRSRWRRFIRGAGRFARRYGWRIA,1,0.9638255834579468
amp_predictor,train,VRFKLLSHSLLVTLASHL,1,0.9119530916213989
amp_predictor,train,GIPCGESCVYIPCLTSAVGCSCKSKVCYRN,1,0.9286825060844421
amp_predictor,train,NGKQVCLDPEAPFLKKVIQKILDS,1,0.2287052571773529
amp_predictor,train,QGRPPRPHIPP,0,0.2306138426065445
amp_predictor,train,KAGLAFPVGRVHRLLRK,1,0.9355804324150085
amp_predictor,train,AYDPDPYKRYSAEHTFFLL,0,0.19054368138313293
amp_predictor,train,FTKRFIDNLRDRYYRCDRNL,1,0.4526475667953491
amp_predictor,train,FWPVVIRTVVAGYNLYRAIKKK,1,0.9536827802658081
amp_predictor,train,LRRAARWARRLLRR,1,0.9371873140335083
amp_predictor,train,GLFDIIKKVAS,1,0.9953256845474243
amp_predictor,train,SMLSVLKNLGKVGLGLVACKINKQC,1,0.9874043464660645
amp_predictor,train,ATTDSPATLTGVI,0,0.09184803813695908
amp_predictor,train,DHLSHDVYSPRL,0,0.2521206736564636
amp_predictor,train,QGWPGPKVPP,0,0.08843804150819778
amp_predictor,train,WYQLIRTFGNLIHQKYRKLLEAYRKLRD,1,0.6465988755226135
amp_predictor,train,VSGTSYADYLR,0,0.07646149396896362
amp_predictor,train,GAFGDLLKGVAKEAGLKLLNMAQCKLSGNC,1,0.9607396721839905
amp_predictor,train,KSAAEVQNTQQAIIPAQEKANLGNQNIMA,0,0.16003718972206116
amp_predictor,train,MAATFALHGWWRTS,0,0.10546524822711945
amp_predictor,train,EKYTEVPEYV,1,0.3458491265773773
amp_predictor,train,TLNKVYKFDRDRRFL,0,0.43592292070388794
amp_predictor,train,AGPPGADGQAGAKGEPGDS,1,0.8778560161590576
amp_predictor,train,GFDVVDNIK,0,0.1899331659078598
amp_predictor,train,WLNALLHHGLNCAKGVLA,1,0.9944232106208801
amp_predictor,train,DLLTAIKRVKESMKRRT,0,0.4506980776786804
amp_predictor,train,FKSWSFCTPGCAKTGSFNSYCC,1,0.9299089312553406
amp_predictor,train,ALLDKLKSLGKVVGKVALGVVQNYLNPRQ,1,0.7611289024353027
amp_predictor,train,GLPVCGETCAGGTCNTPGCSCSWPICTRN,1,0.9026147127151489
amp_predictor,train,MDIINIAWAALMVIFTFSLSLVVWGRSGL,0,0.0747375413775444
amp_predictor,train,KGDIMVFPR,0,0.10992401838302612
amp_predictor,train,GLPCGESCVFIPCITTVVGCSCKNKVCYNN,1,0.9621192216873169
amp_predictor,train,SNSKCPDGPDCFVGLM,0,0.16744843125343323
amp_predictor,train,ILGPVIGTIGNVLGGLLKNL,1,0.9681480526924133
amp_predictor,train,AAKPVATKPEVPRPQAAKPA,1,0.20876507461071014
amp_predictor,train,MEKGYYDLES,0,0.21777960658073425
amp_predictor,train,FFPIIAGMAAKVICAITKKC,1,0.9909546971321106
amp_predictor,train,GKNGDRGESGPAGPAGPAGPAGAR,1,0.9833056330680847
amp_predictor,train,ARPPGFSPFRIV,0,0.3706244230270386
amp_predictor,train,KPRPQQFIGLM,0,0.1677417904138565
amp_predictor,train,MAITAAASRLGTEPF,0,0.07494939863681793
amp_predictor,train,SLPQNIPPLTQTPVVVPPF,1,0.3512240946292877
amp_predictor,train,GDVVANPESVELK,0,0.05301776900887489
amp_predictor,train,NPVLPCPVGSLYK,0,0.4288334250450134
amp_predictor,train,QVNFSPGWGT,0,0.021486230194568634
amp_predictor,train,FLSLLPSLVSGAVSLVKIL,1,0.9041975736618042
amp_predictor,train,ADGSDPASGEFLTEGGGVR,0,0.03656380623579025
amp_predictor,train,ANDLVDDK,0,0.12079250067472458
amp_predictor,train,MIIFAIAASHKK,1,0.9732406139373779
amp_predictor,train,ARLDVASEFRKKWNKWALSR,1,0.6112829446792603
amp_predictor,train,GPDSAFLRL,0,0.0779927596449852
amp_predictor,train,GPQQQHRL,0,0.13385236263275146
amp_predictor,train,RAGLKFPVGRVHRLLR,1,0.9453787207603455
amp_predictor,train,ESLPLAAFHQVDVYTAK,0,0.11024121940135956
amp_predictor,train,AYELPELPYAYDA,0,0.16030332446098328
amp_predictor,train,SLFELGKMILQETGKNPAQSYGAYGCNC,0,0.20525681972503662
amp_predictor,train,VKLPPPVKLPPP,1,0.7352434992790222
amp_predictor,train,GKNGDRGESGPAGPAGPA,1,0.9728745818138123
amp_predictor,train,CLGIGSCNDFAGCGYAVVCFW,1,0.6610180735588074
amp_predictor,train,DADIAVWAPPVNAQN,1,0.028488636016845703
amp_predictor,train,ADKNFLRF,0,0.35983961820602417
amp_predictor,train,KECCTHPACHVSHPELCG,0,0.03588149696588516
amp_predictor,train,FLPIVGLLKSLLK,1,0.9932224750518799
amp_predictor,train,MKYINCVYNINYKLKPHSHYK,0,0.1679573655128479
amp_predictor,train,FLPLVRGAAKLIPSVVCAISKRC,1,0.9053343534469604
amp_predictor,train,FLSLIPHAINAVSALAKHF,1,0.9927167892456055
amp_predictor,train,CLGIGSCNNFAGCGYAVVCFW,1,0.903207004070282
amp_predictor,train,GRKKRRQRARPPQC,1,0.8493518829345703
amp_predictor,train,FIGGIISFIKKLF,1,0.9988683462142944
amp_predictor,train,ANLFTSDQDLYTDSR,0,0.13831143081188202
amp_predictor,train,GLWSKIKEAGKAAVKAAGKAALGAVADSV,1,0.9495929479598999
amp_predictor,train,MIIYRDLAS,1,0.3093981444835663
amp_predictor,train,IFGAIWKGISSLL,1,0.9919004440307617
amp_predictor,train,SETGNTVTVKGFSPLR,0,0.12596727907657623
amp_predictor,train,FPVTWGWWKWWKG,1,0.9491376876831055
amp_predictor,train,LQQAEARR,0,0.4167579114437103
amp_predictor,train,KRFGRLAKSFLRMRILLPRRKILLAS,1,0.829065203666687
amp_predictor,train,GLRKRLRKFRNKIKEKLKKI,1,0.8873769640922546
amp_predictor,train,GLVPPADKY,0,0.16372552514076233
amp_predictor,train,SDWSLWECCSTGSLFACC,1,0.64630526304245
amp_predictor,train,PTSQPRGDPTGPKE,0,0.15498343110084534
amp_predictor,train,MSIADLKSRLIKASTSKMTAEL,0,0.2302074134349823
amp_predictor,train,INLKAIAPLAKKLL,1,0.9965740442276001
amp_predictor,train,RIGSILGRLAKGLPTLKSWIKNR,1,0.9488022923469543
amp_predictor,train,LKSELKEDKE,0,0.3641287684440613
amp_predictor,train,GWKDWLKKGKEWLKAKGPGIVKAALQAATQ,1,0.980211079120636
amp_predictor,train,DGRTPALRLRF,0,0.18289117515087128
amp_predictor,train,FLPLVTGLLSGLL,1,0.7790341973304749
amp_predictor,train,FKCRRWQWRMKKAGA,1,0.9816208481788635
amp_predictor,train,ATYTLPEPPYDYAAL,0,0.1662801206111908
amp_predictor,train,VSYNSKFLAATVQAEPVVLDA,0,0.0824974924325943
amp_predictor,train,QVNFSTGW,0,0.03062196634709835
amp_predictor,train,ERSAAKSAARSLARR,1,0.4512491524219513
amp_predictor,train,FLIIRRPIVLGLL,1,0.9544895887374878
amp_predictor,train,MPFSPDIAYSINYALGKYFFHRISHFLESA,0,0.18672025203704834
amp_predictor,train,RIKRFWPVVIRTVVAG,1,0.9888707995414734
amp_predictor,train,INLKAIAAMAKKLL,1,0.9872213006019592
amp_predictor,train,CHYIFNTC,0,0.172990083694458
amp_predictor,train,FDVIKKVASVIGGL,1,0.9874290823936462
amp_predictor,train,VDTVVRKNVDSL,0,0.08483420312404633
amp_predictor,train,FFSLIPSLIGGLVSAIK,1,0.9813318252563477
amp_predictor,train,FAHWPDLGPGSPSVKKHGKVIM,1,0.6783525347709656
amp_predictor,train,GLFKKLRRKIKKGFKKIFKRL,1,0.9925220608711243
amp_predictor,train,FLPIVGRLISGLL,1,0.8740584254264832
amp_predictor,train,AIGSILGALAKGLPTLISWIKNR,1,0.9597084522247314
amp_predictor,train,MSAGVITGVLLVFLLLGYLVYALINAEAF,0,0.11140360683202744
amp_predictor,train,IFGSLFSLGSKLLPSVFKLFSRKKQ,1,0.9509925246238708
amp_predictor,train,IGKKFKRIVQRIKKFLRNL,1,0.9901019334793091
amp_predictor,train,GFLGILFHGVHHGRKKALHMNSERRS,1,0.7979574799537659
amp_predictor,train,KEEQIGKSSTRGRKSSRRKK,1,0.6063744425773621
amp_predictor,train,MPGIAFKGKDMVKAIQFLEIVVPCHCTT,0,0.3726489543914795
amp_predictor,train,GWRTLLKKAEVKTVGKLALKHYL,1,0.9701395034790039
amp_predictor,train,SGGGEGSGMWFGPRL,0,0.06862328201532364
amp_predictor,train,FLPVLAGVLSRA,1,0.17561781406402588
amp_predictor,train,AKELLDSDGIILRNGANYYI,0,0.14870509505271912
amp_predictor,train,GFDGLAGIPGPPGERGDPGSDGQPGPPGPS,1,0.7268368601799011
amp_predictor,train,KWKSFLKTFKAAVKTVLHTALKAISS,1,0.9924330711364746
amp_predictor,train,RLKLLLLLRLK,1,0.9747989773750305
amp_predictor,train,VDKPPYLPRPRPPRRIYNR,1,0.8327338695526123
amp_predictor,train,INWLKIAKKVKGML,1,0.9967246651649475
amp_predictor,train,CIISRDLISH,1,0.867073118686676
amp_predictor,train,SEINGDWNTIALSAD,0,0.11118566244840622
amp_predictor,train,MNQKHLLRFIKKSYQVDADRVVYSTK,0,0.21755194664001465
amp_predictor,train,APPQPSDNFIRF,0,0.2796112298965454
amp_predictor,train,GILSGLLGVGKMLVCGLSGLC,1,0.8865270614624023
amp_predictor,train,IISPPVCGNELLEEGEECDCGTPEN,0,0.08590603619813919
amp_predictor,train,DPNATIIMLGTGTGIAPFR,0,0.032449983060359955
amp_predictor,train,WKSDVRRWRSRY,1,0.9586046934127808
amp_predictor,train,VAVLVLGA,1,0.47129347920417786
amp_predictor,train,GIPCGESCVFIPCISTVIGCSCKNKVCYRN,1,0.9553139805793762
amp_predictor,train,GFMNTAKNVAKNVAVTLLDNLKCKITGGC,1,0.9636549949645996
amp_predictor,train,SSGWVCTLTIECGTVICAC,1,0.9733496904373169
amp_predictor,train,SPALADEHNDNFLRF,0,0.22716331481933594
amp_predictor,train,MDILSLGWAALMTMFTFSLALTVWARNGF,0,0.05144483596086502
amp_predictor,train,FSLIPSAIGGLISA,1,0.7788581252098083
amp_predictor,train,QKLCERPSGTWSGVCGNNNACKNQCINLEK,1,0.4698682129383087
amp_predictor,train,SISCGETCTTFNCWIPNCKCNHHDKVCYWN,1,0.7493475079536438
amp_predictor,train,QDKPFWDPPIYPV,1,0.2748609781265259
amp_predictor,train,KWKLFKKIGIGKFLHSAKKF,1,0.9988941550254822
amp_predictor,train,FIKELLPHLSGIIDSVANAIK,1,0.9093871116638184
amp_predictor,train,TWLKKRRWKKAKPP,1,0.9621010422706604
amp_predictor,train,MSFSKFHCGKLMSLKLADLRTMFEALEK,0,0.2955459654331207
amp_predictor,train,LPEQDFMRF,0,0.10284916311502457
amp_predictor,train,TPQQDFMRF,0,0.11149527877569199
amp_predictor,train,QIIEANLALRR,0,0.23730936646461487
amp_predictor,train,DEPPQTPWDRVKDLVTVYVE,0,0.12816183269023895
amp_predictor,train,VAEARQGSFSY,1,0.16171881556510925
amp_predictor,train,SDDDGTVVLTTSGPI,0,0.04738602787256241
amp_predictor,train,KSGGGGWGSGGGGGGGGGWWWSGWGVDR,1,0.45156386494636536
amp_predictor,train,RRWWWRWRRW,1,0.9995629191398621
amp_predictor,train,VRLPPPVRLPPPVRLPPP,1,0.7198499441146851
amp_predictor,train,RKCVRVQLIKNGKKITAF,1,0.9546797871589661
amp_predictor,train,AVKPKTAKPKTAKPKTA,1,0.7023051381111145
amp_predictor,train,FKLLSHSLLVTLASHLP,1,0.9568445086479187
amp_predictor,train,AVPDVAFNAYG,1,0.057956647127866745
amp_predictor,train,MIYDSQVYTVLLIALLASVLAIRLGSTLYQ,0,0.10374163836240768
amp_predictor,train,GSHWAVGHLM,0,0.23141349852085114
amp_predictor,train,KKWWWKWKKW,1,0.9994165897369385
amp_predictor,train,WPVVIRTVVAGYNLYRAIKKK,1,0.9273594617843628
amp_predictor,train,VGCEECPMHCKGKKALPTCDYGCECND,0,0.04846849665045738
amp_predictor,train,CVISAGWDHKVRCKLTGNC,1,0.953898012638092
amp_predictor,train,CGETCKVTKRCSGQGCSCLKGRSCYD,1,0.3659772276878357
amp_predictor,train,PTHIKWGD,0,0.4302583634853363
amp_predictor,train,LKCNKLVPLFYKTCP,0,0.7625374794006348
amp_predictor,train,PASDSGFLRDP,0,0.10538418591022491
amp_predictor,train,GRKKRRQRRRPPQC,1,0.8802884817123413
amp_predictor,train,LFRKQLKW,1,0.9965870380401611
amp_predictor,train,ILPILAPLIGGLL,1,0.9061770439147949
amp_predictor,train,IIEKLVNTALGLLSGL,1,0.7539225816726685
amp_predictor,train,MDPAGPDNDERFTYDYYRLRVVGLIVAAVL,0,0.037575166672468185
amp_predictor,train,LFSLVLAG,0,0.808007538318634
amp_predictor,train,KPEEDWGRES,0,0.16738274693489075
amp_predictor,train,LLGPVLGLVSNALGGLLKNI,1,0.9764105677604675
amp_predictor,train,AEVAPAPAAAAPAKAPKKKAAAKPKKAGPS,1,0.8831750154495239
amp_predictor,train,GSKKPVPIIYCNRRTGKC,1,0.6940964460372925
amp_predictor,train,ILPLVGNLLNDLL,1,0.7167656421661377
amp_predictor,train,QCRRLCYKQRCVTYCRGR,1,0.9593892693519592
amp_predictor,train,FFGSVLKLIPKIL,1,0.9981451034545898
amp_predictor,train,SDDAQRCYPHNRTPFTYTYI,1,0.21742211282253265
amp_predictor,train,VSTLSVSSPCPGWPSSFTWSNC,1,0.6703128218650818
amp_predictor,train,DIDITGCSACKYAAG,1,0.3426724374294281
amp_predictor,train,SPTLDDEHNDNFVRL,0,0.21833911538124084
amp_predictor,train,KFCPEGKCV,0,0.19331412017345428
amp_predictor,train,KKKKKALFLKLWAAFLA,1,0.9989792108535767
amp_predictor,train,KPRPGQFFGLM,0,0.1788090020418167
amp_predictor,train,WKKIPKFLHLAKKF,1,0.9990780353546143
amp_predictor,train,LLWKLLKKLLK,1,0.9981358051300049
amp_predictor,train,WKLLSKAQEKFGKNKSR,1,0.7296896576881409
amp_predictor,train,KKFFLKVLTKIRCKVAGGCRT,1,0.9882804155349731
amp_predictor,train,RVVRQWPIGRVVRRVVRRVVR,1,0.9804819226264954
amp_predictor,train,VIVFVASVAAEMMQHVYCAASKKC,1,0.6599364280700684
amp_predictor,train,THPSVLPFIKQLIGTMDSVRGLPR,0,0.08597025275230408
amp_predictor,train,WRWRCRRRFCRWRW,1,0.9998257756233215
amp_predictor,train,MTPRGFSCLLLPTSETDLPVKRRT,0,0.1832413673400879
amp_predictor,train,GGLIKIVPAMICAVTKKC,1,0.9733879566192627
amp_predictor,train,ADNKNPLEECFRETNYEEFLEIAR,1,0.37454095482826233
amp_predictor,train,ESGINLQGDATLANN,1,0.14154349267482758
amp_predictor,train,GPSGFLGMR,1,0.056754957884550095
amp_predictor,train,FIGGIISFFKRLF,1,0.9921412467956543
amp_predictor,train,RQIKIWFQ,1,0.99167799949646
amp_predictor,train,MSTDLKFSLVTTIIVLGLIVAVGLTAALH,0,0.17806376516819
amp_predictor,train,ALAGDHFFRF,0,0.3392179608345032
amp_predictor,train,MGIIYLILFLIVIYLLYRILDVLEQK,0,0.39781707525253296
amp_predictor,train,MGQEQGIPWIL,0,0.05412641167640686
amp_predictor,train,AEELVKPYNGDPFVGHLSTP,0,0.13683564960956573
amp_predictor,train,GFWGSLWEGVKSVV,1,0.40826958417892456
amp_predictor,train,GGETGGEGKGMWFGPRL,0,0.23240503668785095
amp_predictor,train,MIINNNISALNANRQLNLTGNSMTK,0,0.16075530648231506
amp_predictor,train,FALESFWDGKGNASAHAMEMTK,0,0.15434923768043518
amp_predictor,train,MKHSEKNEIASHELPTTPLDPVLAAGRES,0,0.17427200078964233
amp_predictor,train,IWGIGCNPCVGDEVAALLTRGEA,0,0.10578223317861557
amp_predictor,train,SSMKLSFRARAYGFRGPGPQL,1,0.13654035329818726
amp_predictor,train,GGKPDLRPCHPPCHYIPRPKPR,1,0.47254088521003723
amp_predictor,train,DLVALSGAHTIGQAR,0,0.0862886980175972
amp_predictor,train,GSLGEKYAQKAAEVLTSIIP,0,0.14825822412967682
amp_predictor,train,DHMSHDVYSPRL,0,0.14394676685333252
amp_predictor,train,AIVGRPRF,0,0.579616904258728
amp_predictor,train,IYSRLTVSPTGTLNR,0,0.23398679494857788
amp_predictor,train,KWKLFKKIPFLHLAKKF,1,0.9991851449012756
amp_predictor,train,VDRRTPVKLNASGTP,0,0.13891947269439697
amp_predictor,train,DKPKKKPPPPAGPPPPPPPPPGPPPPGP,1,0.22388456761837006
amp_predictor,train,FLGPIIKMATGILPTAICKGLKKC,1,0.9810091257095337
amp_predictor,train,FPVTWPTKWWKG,1,0.8955022096633911
amp_predictor,train,LKKLLKLAKKLLKLAG,1,0.9982597231864929
amp_predictor,train,FLPVIAGIAANVLPKLFCKLTKRC,1,0.9808518290519714
amp_predictor,train,NLFQFAEMIVKMTGKEAVH,0,0.11469472944736481
amp_predictor,train,FSSLSLCSLGCTGVKNPSFNSYCC,1,0.908672571182251
amp_predictor,train,KLLKWLLKL,1,0.9979998469352722
amp_predictor,train,NPASGFFGMR,0,0.04562430828809738
amp_predictor,train,LQPKLEYQYKYHGIVALGIPSYKTQFYDAH,0,0.1186181902885437
amp_predictor,train,YSQVARPRF,0,0.35869306325912476
amp_predictor,train,KHFGKDSNFPF,1,0.6154401302337646
amp_predictor,train,MKHIQIRNSDMDWHIAANNLG,0,0.09581069648265839
amp_predictor,train,LPLYNFGL,0,0.48283126950263977
amp_predictor,train,QSHLSMCRYCCCKGNKGCGFCCKF,1,0.41097643971443176
amp_predictor,train,FLPILASLAAKLGPKLFCLVTKKC,1,0.9918183088302612
amp_predictor,train,NLFQFGEMILEKTGKEA,0,0.21972745656967163
amp_predictor,train,MDIVSFAWAALMVVFTFSLSLVVWGRSGL,0,0.048602111637592316
amp_predictor,train,GLPICGETCVGGTCNTPGCFCTWPVCTRN,1,0.9510343670845032
amp_predictor,train,MPIIGVPRCLENPFCAPAKFPLSVKKKIRI,0,0.5161023736000061
amp_predictor,train,GLFTLIKGAYKNDAPTVACN,1,0.5714491009712219
amp_predictor,train,LGALFRVASKVFPAVISMVK,1,0.5957174301147461
amp_predictor,train,TWLPAVIKIQAHWRGYRQRKIYL,1,0.9866147637367249
amp_predictor,train,GLLSGILGAGKKIVCGFSGLC,1,0.989376425743103
amp_predictor,train,FLWGLIPGAISAVTSLIKK,1,0.9908307790756226
amp_predictor,train,LPRHTLHCVAYHGYCFHSKV,1,0.8303244709968567
amp_predictor,train,MKNRVYESLTTVFSVLVVSSFLYIWFATY,0,0.08669168502092361
amp_predictor,train,IDVSLLKKVEKAVKINDKKPLKTWS,0,0.7931214570999146
amp_predictor,train,SKTPIRVAVTGAAGNIGYHLLFRIA,0,0.18914629518985748
amp_predictor,train,FLPLIASLAANFVPKIFCKITKKC,1,0.996245801448822
amp_predictor,train,KWKSFIKKLPSAAKKVVTTAKPLALIS,1,0.9896015524864197
amp_predictor,train,PALIPFPRV,0,0.6666151881217957
amp_predictor,train,MIIYRDAIS,1,0.5361628532409668
amp_predictor,train,GWKDWAKKAGGWLKKKGPGMAKAALKAAMQ,1,0.9791882634162903
amp_predictor,train,FLYIVAKLLSGLL,1,0.847358763217926
amp_predictor,train,VVAFERAK,0,0.1727205067873001
amp_predictor,train,LLKLLKWLLKLLK,1,0.9953376054763794
amp_predictor,train,ADVPGNYPLDKNGNRYY,0,0.1366109997034073
amp_predictor,train,CGESCVYIPCTVTALLGCSCKDKVCYKN,1,0.8951722383499146
amp_predictor,train,SAGAQGARGDKGEAGE,1,0.8983432650566101
amp_predictor,train,CLITNCPRG,0,0.751785933971405
amp_predictor,train,ARARLGVRRFRRKR,0,0.8930329084396362
amp_predictor,train,VGSRYLCTPGSCWKLVCFTTTVK,1,0.9787478446960449
amp_predictor,train,AVLDILKDVGKGLLSHFMEKV,1,0.678185224533081
amp_predictor,train,WLRAFRRLVRRLARGLRR,1,0.9739718437194824
amp_predictor,train,AIMDTIKDTAKTVAVGLLNKLKCKITGC,1,0.9393083453178406
amp_predictor,train,IFGSLFSLGSKLLPTVFKLFSRKKQ,1,0.942375659942627
amp_predictor,train,AAPRGGKGFFCKLFKDC,1,0.824268102645874
amp_predictor,train,FLPIVGKLLSGLL,1,0.9775601625442505
amp_predictor,train,ILGPVLGLVSNAIGGLIKKI,1,0.9926103949546814
amp_predictor,train,MEDEGAGG,0,0.07580442726612091
amp_predictor,train,EAPVGFTPPELDPSTPSPIFGGSTGGLLR,0,0.07351527363061905
amp_predictor,train,MKAIMLVNFCDERGSGR,0,0.11427319794893265
amp_predictor,train,ALFEESTVSAEPR,0,0.1462661176919937
amp_predictor,train,MMYLMPLLIVIVGCLALHCSDDDMPDGHA,0,0.07827012985944748
amp_predictor,train,MVWLVWKRSTISRKNKKFFKTIFKKN,0,0.9565004110336304
amp_predictor,train,HFDNLNKIQANI,1,0.30286556482315063
amp_predictor,train,ACGSCRKKCKGPGKCINGRCKCY,0,0.16832222044467926
amp_predictor,train,APAKCTPYCYPTHDGVFCGVRCDFQ,1,0.21727633476257324
amp_predictor,train,DDCGKLFSGCDTNADCCEGYVCRLWCKLDW,0,0.05536440759897232
amp_predictor,train,FLPLKKLRFGLL,1,0.9921919703483582
amp_predictor,train,MKLCWQKSIHGS,0,0.48719650506973267
amp_predictor,train,NAGSLLSGWG,1,0.44629138708114624
amp_predictor,train,RRWWRRWRRW,1,0.9994798302650452
amp_predictor,train,SKITDILAKLGKVLAHV,1,0.9927992820739746
amp_predictor,train,YGIHCNTLL,0,0.20019422471523285
amp_predictor,train,GFPGPKGAAGDAGKP,1,0.9892295002937317
amp_predictor,train,RQIKIWFQNRRMKWKK,1,0.9695296287536621
amp_predictor,train,KSSAYSLQMGATAIKQVKKLFKKWGW,1,0.9434329867362976
amp_predictor,train,HSDAVFTDNYSRFRKQMAVKKYLNSVLT,0,0.18404127657413483
amp_predictor,train,KKLAKALKLLAPLWLKLAKALKKA,1,0.9977856874465942
amp_predictor,train,KFNYASVMQVPRIEKITLNMGVGEALTDK,0,0.09064915031194687
amp_predictor,train,FLGGLMKIIPAAFCAVTKKC,1,0.9875840544700623
amp_predictor,train,GIMSSLMKKLKKHIAK,1,0.9249235391616821
amp_predictor,train,ICIFCCGCCHRSKCGMCCKT,1,0.43643105030059814
amp_predictor,train,LGYITCPGSNLGTLR,0,0.10967329144477844
amp_predictor,train,ATAVDFGPHGLLPIRPIRIRPLCGKDKS,1,0.3045266568660736
amp_predictor,train,GVVTDLLKTAGKLLGNLFGSLSG,1,0.8661000728607178
amp_predictor,train,RKGWFKAMKSIAKFIAKEKLKEHL,1,0.9097510576248169
amp_predictor,train,MDAVLSVQGASAPVKKKSFFS,0,0.33205392956733704
amp_predictor,train,MSQASSSPGEGPSSEAAAISEAEAASGS,0,0.06608366966247559
amp_predictor,train,TCLARDELCGASFLSNFLCCDGLCLLICV,0,0.3108943998813629
amp_predictor,train,FWGAVWKILSKVLPHIPGTVKWLQEKV,1,0.9882627129554749
amp_predictor,train,KKSLLAKAKNFGGKVITIFKA,1,0.9985164999961853
amp_predictor,train,ESLKARSLKKSLKLKKLL,1,0.9015851616859436
amp_predictor,train,HSQGTFTSDYSKYLDSRRAQDFVQWLMST,0,0.10851011425256729
amp_predictor,train,SSLLEKGLDGAKKAVGGLGKLGKDA,1,0.9467254877090454
amp_predictor,train,VIPFVASVAAEMMQHVYCAASRRC,1,0.3194127380847931
amp_predictor,train,SKCRIGKDGFYSVTCTEKENLCFTQF,0,0.26682552695274353
amp_predictor,train,SNDVSWHEWKRMYNKEYNGA,0,0.14046403765678406
amp_predictor,train,APDPFRHY,1,0.2609492838382721
amp_predictor,train,GKRKKKGKLGKKRPRSR,1,0.7622251510620117
amp_predictor,train,LIIFRILISH,1,0.987086296081543
amp_predictor,train,NTFYCCELCCNPACAGCY,0,0.08347026258707047
amp_predictor,train,GIKDWIKGAAKKLIKTVASNIANQ,1,0.9910789132118225
amp_predictor,train,LAGLDTAIILIAFIITASVLAYV,0,0.20989622175693512
amp_predictor,train,REIGRAMRFISRNVFKRTLPGAHTRK,1,0.5578769445419312
amp_predictor,train,AADDVTVVIGSAAPMSGPQ,0,0.03617391735315323
amp_predictor,train,LEEQSFSFTKFSTDQQNLILQAHY,0,0.27207016944885254
amp_predictor,train,IWGLIAHGVAHVGSLIHGLVNG,1,0.983688235282898
amp_predictor,train,GMKCKFCCNCCNLNGCGVCCRF,1,0.3820888102054596
amp_predictor,train,TAGFGVFTNIINGGLECGK,1,0.46875181794166565
amp_predictor,train,ILELAGNAARDNKKTRIIPRHLQL,1,0.23002173006534576
amp_predictor,train,FLGLLFHGVHHVGKWIHGLIHGHH,1,0.9997202754020691
amp_predictor,train,GLWSTIKNVGKEAAIAAGKAALGALGEQ,1,0.8514770269393921
amp_predictor,train,CCSQDCLVCIPCCPN,0,0.02231583371758461
amp_predictor,train,SHDVNINIQFGFENPQQVVD,0,0.1148306131362915
amp_predictor,train,FLPILAGLAAKLVPKVFCSITKKC,1,0.9946432113647461
amp_predictor,train,KKWWKFIKKAVNSGTTGLQTLAS,1,0.9746991395950317
amp_predictor,train,ASVHEFLVK,0,0.7068774104118347
amp_predictor,train,GLTFLKKILNFAKKIYTAIW,1,0.9952771663665771
amp_predictor,train,NAMRGAKRVWRHI,1,0.9021685123443604
amp_predictor,train,HEDNAGIAVYWGQDAREGDLVTACN,0,0.051477476954460144
amp_predictor,train,GILSKLLKKLKKIIAK,1,0.999133288860321
amp_predictor,train,LKLKDILGKIKVILSHLNK,1,0.99683678150177
amp_predictor,train,FLPAVLRVAAKVGPAVFCAITQKC,1,0.884698748588562
amp_predictor,train,ARTQPGNIAPVGDFTLYPNAPRQGHIVA,0,0.08989264816045761
amp_predictor,train,VQPPHSHGDNFYIWT,0,0.04550248384475708
amp_predictor,train,WLINYARLRNEKV,0,0.45446670055389404
amp_predictor,train,GFAWNVCVYRNGVRVCHRRAN,1,0.9193407297134399
amp_predictor,train,WGRAFSAGVHRLANGGNG,1,0.3574732840061188
amp_predictor,train,ILKKWPWWPWRRK,1,0.999733030796051
amp_predictor,train,NCPAGCRSQGCCM,0,0.03759089857339859
amp_predictor,train,GLLSGILGAGKQKVCGLSGLC,1,0.9759942293167114
amp_predictor,train,GPSSGFFGMR,0,0.03940567374229431
amp_predictor,train,VDKPDYRPRPWPRPN,1,0.6193082332611084
amp_predictor,train,CWKWKWKWGSGWKWKWKWC,1,0.9975582361221313
amp_predictor,train,KQSHKKGGHSFPKEKIS,1,0.5942463874816895
amp_predictor,train,YEITGVKEELAREAFARAAAK,0,0.1740933507680893
amp_predictor,train,FASLLGKALKALAKQ,1,0.994078516960144
amp_predictor,train,FLPLLAGLAANFLPQIICKIARKC,1,0.9420292973518372
amp_predictor,train,GICRCLCRRGVCRCICVL,1,0.9304324984550476
amp_predictor,train,WGRAFSAGVHRLARGGRG,1,0.8216911554336548
amp_predictor,train,RQLNPSSQELQSPQQSYLQQPYPQNPYL,0,0.060202889144420624
amp_predictor,train,GKKKKRKREKL,1,0.7148073315620422
amp_predictor,train,QKKDKKDKFYGLF,0,0.4766180217266083
amp_predictor,train,KWKSFIKKLTSKFLHSADKF,1,0.9729264378547668
amp_predictor,train,FLSHIAGFLSNLFGK,1,0.9865217804908752
amp_predictor,train,LSTDIVAPPV,0,0.09590715169906616
amp_predictor,train,SFKKGLFLGTILGGA,0,0.9796556234359741
amp_predictor,train,HPLKQYWWRPSI,1,0.9048448204994202
amp_predictor,train,PAWLVDCPCVGDDVNFILTRGQK,0,0.065575011074543
amp_predictor,train,FCKSLPLPLSVK,1,0.9356532692909241
amp_predictor,train,SEVGALVFQPKTRF,0,0.09596344083547592
amp_predictor,train,SALVGCGTKSYPPKPCFGR,1,0.5697140693664551
amp_predictor,train,DYYGSPTPLNQLASISVPE,0,0.12888957560062408
amp_predictor,train,LTPNTLSDLNSK,0,0.20165599882602692
amp_predictor,train,RPDKPRPYLPRPRPPRPVR,1,0.8465422987937927
amp_predictor,train,FKRLKKLAKKIWNWK,1,0.9981374740600586
amp_predictor,train,FLPGLIKAAVGVGSTILCKITKKC,1,0.9974287152290344
amp_predictor,train,RRLIWLILRLLR,1,0.990497350692749
amp_predictor,train,RDFTHTIIDNSDLFSESRNTRLG,0,0.17311252653598785
amp_predictor,train,CCKYGWTCLLGCSPCGC,0,0.13013087213039398
amp_predictor,train,QIISRDLISH,1,0.7284032702445984
amp_predictor,train,MRAKWRKKRTRRLKRKRRKVRARSK,0,0.7979985475540161
amp_predictor,train,SCIKHGDFCDGDNDDCQCCRDNGF,0,0.021616993471980095
amp_predictor,train,FTAAAEAEAAAA,0,0.1322677731513977
amp_predictor,train,IRNSLTCRFNFGICLPKRCPGRMRQIGTCF,1,0.6652427911758423
amp_predictor,train,FLGELWNVWKSVF,1,0.809852123260498
amp_predictor,train,QQWPPGHHIPP,0,0.014580626040697098
amp_predictor,train,AIIYRDLIS,1,0.6741072535514832
amp_predictor,train,GVPVCGETCFGGTCNTPGCSCDPWPVCSRN,1,0.6824517846107483
amp_predictor,train,RRLFRRILRYL,1,0.9768354892730713
amp_predictor,train,ANLKALLAVAKKIL,1,0.9983240962028503
amp_predictor,train,FKAVRGERLVYSVKWEGGGKITTRIL,0,0.4897673726081848
amp_predictor,train,RLCRIWWIRWCR,1,0.9999390840530396
amp_predictor,train,FQWQRNMRKVR,1,0.8804031610488892
amp_predictor,train,TLKIVVKVVKYLV,1,0.9779987335205078
amp_predictor,train,KLLGPLLKIAAKVGSNLL,1,0.9954439401626587
amp_predictor,train,DWTYTTWLWWWWWWT,0,0.05301776900887489
amp_predictor,train,GRKKGVQFDEGAPDDFDPNNPYKKDVAFL,0,0.17419636249542236
amp_predictor,train,KGLLRKWGKKWKEFLRRVW,1,0.9987448453903198
amp_predictor,train,FITGLISGLMKAL,1,0.6255937814712524
amp_predictor,train,LPTGPNNPTTLDNSSII,0,0.12086924910545349
amp_predictor,train,GLKDWWNKHKDKIVKVVKEMGKAGINAA,1,0.9452900886535645
amp_predictor,train,KWKLFKKIPLHLAKKF,1,0.9989493489265442
amp_predictor,train,VVGGDECNINDHRSLVRIF,0,0.07658746838569641
amp_predictor,train,KRIVQRIKDFLR,1,0.9324023127555847
amp_predictor,train,ITIPPIVKDTLKKFIKGAISGVM,1,0.86138516664505
amp_predictor,train,TVLKTDAQCNCEAFKALSLP,0,0.3954034447669983
amp_predictor,train,FIQHLIPLIPHAIQGIKDIF,1,0.9362027645111084
amp_predictor,train,RGDGPRRRPRKRRGR,1,0.9196704030036926
amp_predictor,train,GLLSGILGAGKHIVCGLSGLK,1,0.9934089183807373
amp_predictor,train,AAQEGETLTVEETV,0,0.06923329830169678
amp_predictor,train,GRPRESGKKRKRKRLKP,1,0.7385855317115784
amp_predictor,train,NQDCLSDWSFYEQYCYKVF,0,0.053491346538066864
amp_predictor,train,AFEIINDIK,0,0.3294777572154999
amp_predictor,train,LLPIVGKLLSGLL,1,0.9675447344779968
amp_predictor,train,IIAGTARSMGITVEG,0,0.051005929708480835
amp_predictor,train,KWSFRVCYRGICYRRAR,1,0.9939770698547363
amp_predictor,train,LGAWLAGKVAGTVATYAWNRYV,1,0.17665424942970276
amp_predictor,train,FFPIIAGMAAKLIPSLFCKITKKC,1,0.9890166521072388
amp_predictor,train,PGQDFMRF,0,0.051447100937366486
amp_predictor,train,FLGALIKGAIHGGRFIHGMIQNHH,1,0.9840096235275269
amp_predictor,train,LELPCPREGQVGPRGPRGFPGPPGRAGD,1,0.5075302720069885
amp_predictor,train,IIGPVLGLVGSALGGLLKKI,1,0.9888858795166016
amp_predictor,train,VIHDDAREWDSSL,0,0.08616829663515091
amp_predictor,train,NCPYCVVYCCPPAYCEASGCRPP,0,0.026656068861484528
amp_predictor,train,DRTPALRLRF,0,0.3758225739002228
amp_predictor,train,FLSLIPTAINAVSALAKHF,1,0.9397258758544922
amp_predictor,train,GVCRCVCRRGVCRCVCRR,1,0.9643484950065613
amp_predictor,train,VIGGTNASPGEIPWQLSQQRQSGSW,0,0.05230161175131798
amp_predictor,train,PVQSVFSATRCGAN,0,0.2527720630168915
amp_predictor,train,GLFGLAKGSVAKPHVVPVISQLV,1,0.8502761125564575
amp_predictor,train,GGPAGKQNAVNQLLVLIYDPKSYKD,0,0.17851221561431885
amp_predictor,train,TMYGLHIDDVIGELRGENELLVIVGAG,0,0.04099515825510025
amp_predictor,train,PLPTTRGNPTGPKESKKEVESKTETDPFAW,0,0.20466212928295135
amp_predictor,train,ASLVTSFEEA,0,0.16083410382270813
amp_predictor,train,SNMIEGVFAKGFKKASHLFKGIG,1,0.9571906328201294
amp_predictor,train,MPIAQIHILEGRSDE,0,0.09918241947889328
amp_predictor,train,RFYEMLQVYGSTLKALVH,0,0.06879634410142899
amp_predictor,train,MKKAERGASPKQIKPHRYYLLAVH,0,0.31120502948760986
amp_predictor,train,KKFKWWWKFKK,1,0.998710036277771
amp_predictor,train,AIGHCLGATL,1,0.9448873400688171
amp_predictor,train,RQIKIWFQNRRMKW,1,0.9813372492790222
amp_predictor,train,FLGALWRVAKSVF,1,0.9517236351966858
amp_predictor,train,QRFSQPTFKLPQGRLTLSRKF,1,0.3536244034767151
amp_predictor,train,GEPGPGGVQ,1,0.9050739407539368
amp_predictor,train,SRSELIVHQR,1,0.7087645530700684
amp_predictor,train,KRRPPGFTPFR,0,0.7244181036949158
amp_predictor,train,ILKKLLEGVKSI,1,0.9850503206253052
amp_predictor,train,KLALKLLKLL,1,0.993316113948822
amp_predictor,train,IGTISLSLCEQERDADEDEGETLEE,1,0.2007085680961609
amp_predictor,train,GLWQKIKDKASELVSGIVEGVK,1,0.7841078042984009
amp_predictor,train,ILGEIWKGIKDIL,1,0.9366362690925598
amp_predictor,train,FLPVIASVAAKVLPKVFCFITKKC,1,0.9970014691352844
amp_predictor,train,ARCENFADSYRQPPISSSQT,1,0.22816751897335052
amp_predictor,train,FEDGKKVRFFKSNKETIK,0,0.32852262258529663
amp_predictor,train,GLNALKKVFQGIHEAIKLINNHVQ,1,0.9143101572990417
amp_predictor,train,FMPILSCSRFKRC,1,0.7626744508743286
amp_predictor,train,ADTGDGDFITEGGGVR,0,0.018900971859693527
amp_predictor,train,GGPGATGPAGAR,1,0.9925570487976074
amp_predictor,train,MLTYTGTVINVQTFAAKPDP,0,0.10295026749372482
amp_predictor,train,FIVPSIFLLKKAFCIALKKNC,1,0.9988297820091248
amp_predictor,train,FFPIVGKLLFGLFGLL,1,0.9800353646278381
amp_predictor,train,CVWIPCISGIAGCSCKNKVCYLN,1,0.9756516218185425
amp_predictor,train,MFEISFYIALKNFNSLGILKMWRFI,0,0.2878727912902832
amp_predictor,train,RQIKIWFQNRRMAWKK,1,0.9736348390579224
amp_predictor,train,QSAPGNEAIPP,0,0.03678881376981735
amp_predictor,train,LAKKIYRAWKRR,1,0.9807990789413452
amp_predictor,train,RQRVEELSKFSKKGAAARRRK,1,0.6074117422103882
amp_predictor,train,IVGGTAADISQFPHQLSLQTT,0,0.07158970832824707
amp_predictor,train,RIKRFWPVVIRTVVAGYNLYRAIK,1,0.9633823037147522
amp_predictor,train,GLFLDTLKKFAKAGMEAVINPK,1,0.8378938436508179
amp_predictor,train,DFGFDIPDEV,1,0.12983214855194092
amp_predictor,train,SRSELIVHQRLF,1,0.5493901968002319
amp_predictor,train,APQANSFYVGAKAGD,0,0.11679940670728683
amp_predictor,train,FIPLVSGLFSRLL,1,0.8231249451637268
amp_predictor,train,KSSTRGRKSSRRKK,1,0.682054877281189
amp_predictor,train,GLFDIVKKVVGAFGSL,1,0.9844673871994019
amp_predictor,train,NDPEVPGMWFGPRL,0,0.07435203343629837
amp_predictor,train,FMKVIDPGTKWCGPGNKAADDTDNGKN,0,0.17242608964443207
amp_predictor,train,HVDKKVADKVLLLKQLRIMRLLTRL,1,0.63566654920578
amp_predictor,train,YDIPEPFRWDESFKVFYE,0,0.2018873393535614
amp_predictor,train,ADTGEGEFLAEGGGVR,0,0.034934066236019135
amp_predictor,train,NHYSYSSPPPPPVVSSPPPPYYYYSPPPPV,0,0.2114275097846985
amp_predictor,train,GSYISCGETCVKLKCYTPGCTCTWPACKKN,1,0.9693822860717773
amp_predictor,train,LGQSAASAHHAYIVLAIENSFMTASKKK,1,0.4417314827442169
amp_predictor,train,NFLGTLINLAKKIM,1,0.8744243383407593
amp_predictor,train,GAKERNNAEAVRERLEEI,0,0.21929535269737244
amp_predictor,train,GLISGILGVGKKLVCGLSGLC,1,0.9909936785697937
amp_predictor,train,RPEEIGAGDQGHMFG,0,0.07227704674005508
amp_predictor,train,FALGAVTKRLPSLFCLITRKC,1,0.9323816895484924
amp_predictor,train,KFFRKLKKSVKKRAKKFFKKPRVIGVSIPF,1,0.9811469316482544
amp_predictor,train,NWRKILGKIAKVAAGLLGSMLAGYQV,1,0.9432584643363953
amp_predictor,train,MTINFVFGFHIVTLSICQSF,0,0.20857581496238708
amp_predictor,train,SKYESEGVARSEELQEVHQAFADAGRKPI,0,0.19423213601112366
amp_predictor,train,VSGSGIMAKRVVVDA,0,0.07204024493694305
amp_predictor,train,GLLKPLLKIAAKVGSNLL,1,0.9954439401626587
amp_predictor,train,AAKIILNPKFRCKAAFC,1,0.9875233769416809
amp_predictor,train,PDPAKTAPKKKSKKAVT,1,0.5525228381156921
amp_predictor,train,RLSRIVVIRVCR,1,0.9827719330787659
amp_predictor,train,QARPRPGPKIPP,0,0.42579033970832825
amp_predictor,train,GMATKAGTALGKVAKAVIGAAL,1,0.9285139441490173
amp_predictor,train,RGDILKRWAGHFSKLL,1,0.9885207414627075
amp_predictor,train,FLPALIGIAAKALPSLLCKITKKC,1,0.9943695664405823
amp_predictor,train,DWTCSKWSCLVCDDCSVELT,1,0.3336426317691803
amp_predictor,train,GLLGTLGNLLNGLGL,1,0.9514397382736206
amp_predictor,train,GLFVGLAKVAAHNNPAIAEHFQA,1,0.5973769426345825
amp_predictor,train,KCGVSIPYKISPSTDCSSVK,0,0.6569299697875977
amp_predictor,train,KWKLFKKIPKFLHSAKKF,1,0.9968292117118835
amp_predictor,train,VRRPKWWWKFLRR,1,0.9997761845588684
amp_predictor,train,QVNFTPSW,0,0.06011351943016052
amp_predictor,train,ALRLAIRKR,1,0.9178315997123718
amp_predictor,train,GFLGSLLKTGLKVGSNLL,1,0.9833753705024719
amp_predictor,train,CLGVGSCNNFAGCGYAIVCFW,1,0.903207004070282
amp_predictor,train,VLSHNNESSYSDTSSCTSQ,1,0.26357758045196533
amp_predictor,train,LFGFLIPLLPHIIGAIPQVIGAIR,1,0.9258544445037842
amp_predictor,train,SLQAATEWLKANNQRGFLGEMGAGSNAD,0,0.12129594385623932
amp_predictor,train,DDCGTLFSGCDTSKDCCEGYVCHLWCKYK,0,0.10147430747747421
amp_predictor,train,KWCFRVCYRGICYARCR,1,0.9976159334182739
amp_predictor,train,AVLDFIKAAGKGLVTNIMEKVG,1,0.7500633597373962
amp_predictor,train,NVWKKVLGKIIKVAK,1,0.9996778964996338
amp_predictor,train,AIGKFLHSAKKFGKAFVGEIMNS,1,0.9662363529205322
amp_predictor,train,GLLSGTSVRGSI,1,0.22353538870811462
amp_predictor,train,GILDSLKNFAKDAAGILLKKASCKLSGQC,1,0.9820978045463562
amp_predictor,train,NYDKNFYEDTLP,0,0.20086951553821564
amp_predictor,train,MDTKLGLVEEEAAN,0,0.13246476650238037
amp_predictor,train,LLNSGVKLGTKLLSGLLN,1,0.9853230714797974
amp_predictor,train,GLASTIGSLLGKFAKGGAQAFLQPK,1,0.9108187556266785
amp_predictor,train,CKGKGASCRKTMYDCCRGSCRSGRC,0,0.28059008717536926
amp_predictor,train,QAIVSKARRPYIL,0,0.4733350872993469
amp_predictor,train,LSIEYVTFSELNRAH,0,0.15324655175209045
amp_predictor,train,FLPFLLSALPKVFCFFSKKC,1,0.9897283315658569
amp_predictor,train,SNASVWECCSTGSWVPFTCC,1,0.9748612642288208
amp_predictor,train,WIIFRIAAYHKK,1,0.9993904829025269
amp_predictor,train,KWKKFIKNLTKGGSKILTTGLPALIS,1,0.9956516623497009
amp_predictor,train,GRPNPVNNKPTPHPRL,1,0.6020087599754333
amp_predictor,train,VNRKKILGKSIKVVK,1,0.9927312731742859
amp_predictor,train,ILPLLLGKVVCAITKKC,1,0.9939563870429993
amp_predictor,train,MRVKLFQLRGMLSGSRIL,0,0.21881341934204102
amp_predictor,train,LNLKALLAVAKKI,1,0.9982861876487732
amp_predictor,train,CLSPGSSCSPTSYNCCRSCNPYSRKC,0,0.31576430797576904
amp_predictor,train,WNDTGKDADGAEY,1,0.06675940752029419
amp_predictor,train,GLPWILLRWLFFRG,1,0.9915863275527954
amp_predictor,train,IWVGISYKIHSLYFQ,0,0.5268121957778931
amp_predictor,train,INWKGIAAMAKKLL,1,0.9970855116844177
amp_predictor,train,QARPRHPKIPP,0,0.41101929545402527
amp_predictor,train,ACHAHCQSVGRRGGYCGNFRMTCYCY,1,0.5134000778198242
amp_predictor,train,GFVALLKKLPLILKHLP,1,0.9969993829727173
amp_predictor,train,CLGVGSCNDFAGCGYAIVCFW,1,0.6610180735588074
amp_predictor,train,LDGAKGDSGPAGPK,1,0.9464017748832703
amp_predictor,train,RHGCCKGPKGCSSRECRPQHCC,0,0.04891320690512657
amp_predictor,train,KWKSFLKTFKKAVKTVLHTALKAISS,1,0.9928513765335083
amp_predictor,train,KALKKFLKAWAKLFKAL,1,0.9989792108535767
amp_predictor,train,NYIYSGHNYHQ,0,0.03743201866745949
amp_predictor,train,NYQYSPPPPPKKKYY,0,0.33889758586883545
amp_predictor,train,RQIKIWFQNRRAKWKK,1,0.9867240786552429
amp_predictor,train,GLFTLIKCAYQLIAPTVACN,1,0.8144461512565613
amp_predictor,train,RGSNLTIHPLRNIKDLVYLGNMGIG,0,0.10102206468582153
amp_predictor,train,VWRKWRRFW,1,0.999915599822998
amp_predictor,train,FLPIIAGIAAKVFPKIFCAISKKC,1,0.9985338449478149
amp_predictor,train,FFHHIFRGIVHVGRTIHRLVTGG,1,0.9939168095588684
amp_predictor,train,KKKFPWWWPFKKKCKKKFPWWWPFKKKC,1,0.9965954422950745
amp_predictor,train,IPWKLPATFRPVERPFSKPFCRKD,1,0.7150786519050598
amp_predictor,train,TPFKLSLHL,1,0.9645861387252808
amp_predictor,train,LTGSPGSPGPDGKTGPAGPAGQ,1,0.8996105194091797
amp_predictor,train,QPEESVFFA,0,0.19737683236598969
amp_predictor,train,KWKLFKKLKVLTTGL,1,0.9983067512512207
amp_predictor,train,MKIFLYLLRKKIAEVWIFQNPANFLSL,0,0.5328441262245178
amp_predictor,train,ANAKVPSHTISNPF,0,0.2776127755641937
amp_predictor,train,KLLKHKLLVTLA,1,0.9958953857421875
amp_predictor,train,FLPLLLSALPSFLCLVFKKC,1,0.963430643081665
amp_predictor,train,IKLSPETKDNLKKVLKGAIKGAIAVAKMV,1,0.9499142169952393
amp_predictor,train,EEQIKSSKE,0,0.29208195209503174
amp_predictor,train,GCRQCGGGCNKHGKCINGKCKCY,0,0.2221810221672058
amp_predictor,train,GHAKKDKKIQKK,0,0.616148829460144
amp_predictor,train,GCWICWGPNACCRGSVCHDYCPS,0,0.015111888758838177
amp_predictor,train,FITLLLRKFICSITKKC,1,0.9949158430099487
amp_predictor,train,ADVRNPLEEFRETDYEVL,1,0.1769091784954071
amp_predictor,train,GRREDDYDNLQL,0,0.16962845623493195
amp_predictor,train,PVLQVVRDIHGDILTPDSRYIL,0,0.15881851315498352
amp_predictor,train,DLPSGWSSYEGH,0,0.05169450864195824
amp_predictor,train,FRIRVRVAKKFGKAFVGEIM,1,0.8593142628669739
amp_predictor,train,EAPPGFSPFR,1,0.3321406841278076
amp_predictor,train,HDRPKFCYLPADPGECLAHMRSF,0,0.21153618395328522
amp_predictor,train,AAKLLLNPKFRCKAAFC,1,0.9757123589515686
amp_predictor,train,MLADVFEKIMGD,0,0.10595310479402542
amp_predictor,train,FIHHIIGGLFSAGKAAHRLIRRRRR,1,0.9856569766998291
amp_predictor,train,GPLQLSWNYNYGAAGK,1,0.2337915450334549
amp_predictor,train,ENREVPPGFTALIKTLRKCKII,1,0.3573313057422638
amp_predictor,train,QWAQWPRPQIPP,0,0.020795579999685287
amp_predictor,train,GIFTFEDESTSTVAPAKLYK,1,0.18536420166492462
amp_predictor,train,FLSLIPHIVSGVASLAKHFG,1,0.9937564134597778
amp_predictor,train,AGQDNFMRF,0,0.09343353658914566
amp_predictor,train,GSSGLIAFPRL,0,0.1648711860179901
amp_predictor,train,GFFDLAKKVVGGIRNALGI,1,0.9577628374099731
amp_predictor,train,QWGRRCCGWGPGRRYCRRWC,1,0.9882701635360718
amp_predictor,train,HFKIRKRFVKKLV,1,0.9977040886878967
amp_predictor,train,GMASKAGSVLGKVAKVALKAAL,1,0.9799754023551941
amp_predictor,train,YPCKLNLKLGKVPFHF,1,0.97417813539505
amp_predictor,train,VGALAVVVWLFLWLW,1,0.7943801283836365
amp_predictor,train,QRPEYPVWREKGAV,0,0.3299800455570221
amp_predictor,train,AAHHIIGGLFSAGKAIHRLIRRRRR,1,0.9647010564804077
amp_predictor,train,EQQCTPGQTKKEDCNNCTSGD,0,0.16291996836662292
amp_predictor,train,RIKAERKRMRNRIAASKSRKRKLERIARGC,1,0.6584842801094055
amp_predictor,train,TEVTFKVGEGSSGKS,0,0.16649970412254333
amp_predictor,train,WTFGQGTKVEIK,0,0.3843614161014557
amp_predictor,train,CVISAGWNHKIRCKLTGNC,1,0.9847843647003174
amp_predictor,train,QKIQEIDLQTYLQPQ,1,0.239218607544899
amp_predictor,train,FLSAITSLLGKLL,1,0.9373812675476074
amp_predictor,train,VTTEIRFADSKRKSVLLDKIKNLQVALTSK,1,0.2576475739479065
amp_predictor,train,GVGDIFRKIVSTIKNVV,1,0.7745383381843567
amp_predictor,train,ILKKIWKPIKKLF,1,0.9997190833091736
amp_predictor,train,FLLFPLMCKIQGKC,1,0.5847881436347961
amp_predictor,train,AGLPTEEKPPLL,0,0.17383570969104767
amp_predictor,train,HKLDSFIGLM,0,0.6202977895736694
amp_predictor,train,KWAFRVAYRGIAYRRAR,1,0.9389051795005798
amp_predictor,train,MDLSRIPPQPKAGILNVLIEIPAGS,0,0.08683550357818604
amp_predictor,train,MAPRGFSCLLLSTSEIDLPVKRRA,0,0.11217795312404633
amp_predictor,train,GPIPWQRRI,1,0.9376714825630188
amp_predictor,train,TKRRITPKDVIDVRSVTTEINT,1,0.619988203048706
amp_predictor,train,AIEVQTVTLIPGD,0,0.03895893692970276
amp_predictor,train,RPPGFTPFRIY,1,0.6308441758155823
amp_predictor,train,RKKRRQRRA,1,0.8627997040748596
amp_predictor,train,SGLDSLSGATFGGNR,0,0.0833389014005661
amp_predictor,train,FLPPSPWKETFRTS,1,0.3802739381790161
amp_predictor,train,KRIVQRIKKWLR,1,0.9967746138572693
amp_predictor,train,SVLGKSVAKHLPHVVPVIAEKT,1,0.6503496766090393
amp_predictor,train,RPPGFSPFRIY,1,0.6513873338699341
amp_predictor,train,IYVRPTKDELLYCGEFRELGQPDKKCRC,0,0.2422090768814087
amp_predictor,train,RPKHPIKHQGLPQEVLNENLLRF,1,0.36056339740753174
amp_predictor,train,ISQSDAILSAIWSGIKSLF,1,0.6807428598403931
amp_predictor,train,RRHWRWWRR,1,0.9993739724159241
amp_predictor,train,FFGKVLKLIRKIF,1,0.9997161030769348
amp_predictor,train,MRKYEIMYIIRPDMD,0,0.2165929079055786
amp_predictor,train,AIFIFIRWLLKLGHHGRAPP,1,0.9967791438102722
amp_predictor,train,GRFKRFRKKLKRLWHKVGPFVGPILHY,1,0.9966952800750732
amp_predictor,train,NYQWRCKNQN,1,0.5163412094116211
amp_predictor,train,NLLNDALGTVNGLLGRS,1,0.3101740777492523
amp_predictor,train,RKKRRRESRKKRRRESC,1,0.8331739902496338
amp_predictor,train,GKPTCGETCFKGKCYTPGCTCSYPLCKKD,1,0.7367343902587891
amp_predictor,train,NLCASLRARHTIPQCKKFGRR,1,0.7124394774436951
amp_predictor,train,GGCCSHPACAANNQDYC,0,0.013496600091457367
amp_predictor,train,DLPECCSATELELDSGKQTS,1,0.22183337807655334
amp_predictor,train,GFMDTAKNVAKNVAVTLIDNLKCKITKAC,1,0.9091315865516663
amp_predictor,train,SKVWRHWRRFWHR,1,0.9995204210281372
amp_predictor,train,KSWSLCTPGCARTGSFNSYCC,1,0.9417122602462769
amp_predictor,train,MIIYRDLIS,1,0.6292585730552673
amp_predictor,train,LEDNGRTHWAVLVA,0,0.03024030104279518
amp_predictor,train,GSPGSPGNDGAKGETGPAG,1,0.940337061882019
amp_predictor,train,GIRDILKYGKPS,1,0.5974744558334351
amp_predictor,train,QLHVNKARRVYIL,0,0.736355721950531
amp_predictor,train,FITKALGISYGRKKRR,1,0.8547708988189697
amp_predictor,train,MNLNAYFEAYQAIFPFLLEAFLRKEQKV,0,0.13101117312908173
amp_predictor,train,RGFMDTAKNVAKNMAVTLLDNLKCKITKAC,1,0.6642932295799255
amp_predictor,train,FFSMIPKIATGIASLVKNL,1,0.8441374897956848
amp_predictor,train,VIPFVASVAAEMMHHVYCAASKRC,1,0.7124713659286499
amp_predictor,train,GLPVCGETCVGGTCNTPGCSCSWPVCTRN,1,0.9162114858627319
amp_predictor,train,TDPDADEGEFLAEGGGVR,0,0.03193666785955429
amp_predictor,train,FFGHLFKLATKIIPSLFQRKKE,1,0.9526529908180237
amp_predictor,train,SPPSQDFMRF,0,0.1425279676914215
amp_predictor,train,AVNIPFKVHFRCKSIFC,1,0.9976174235343933
amp_predictor,train,FIHHIIGGLFSAGKAIHRLIRRR,1,0.9979932308197021
amp_predictor,train,NLYQFGGMIGCANKGTRSWLSYVNYGCYCG,0,0.14538569748401642
amp_predictor,train,FLGSIVGALASALPSLISKIRN,1,0.7712189555168152
amp_predictor,train,KWKSFIKNLTKGGSKILTTGLPALIS,1,0.9915565252304077
amp_predictor,train,FFKLIPKLVKGLISAFK,1,0.9993865489959717
amp_predictor,train,KFFRKKSVKK,1,0.9293683767318726
amp_predictor,train,VRLRIRVAVIRK,1,0.9815628528594971
amp_predictor,train,KKKKKKALFALWLAFLA,1,0.9989792108535767
amp_predictor,train,INWLKLGKKIISAL,1,0.999313235282898
amp_predictor,train,FLSLIPHAINAVSAIAKHF,1,0.9954376816749573
amp_predictor,train,RRFFFRFRRF,1,0.9842231869697571
amp_predictor,train,GYIAYVHQNELVKR,0,0.12443499267101288
amp_predictor,train,DEGCLPDDSSRT,0,0.0933515802025795
amp_predictor,train,GKIIKLKASLKLL,1,0.9990405440330505
amp_predictor,train,ALWKDLLKNVGIAAGKAVLNKVTDMVNQ,1,0.8803830146789551
amp_predictor,train,SIKEKICKIIEAKIGKKPPFCP,0,0.740327000617981
amp_predictor,train,AVPLIYNRPGIYAPKRPKGK,1,0.4661059081554413
amp_predictor,train,VGTIIKIIKAIIDIFAK,1,0.9774226546287537
amp_predictor,train,NLAPLDLQTPTAFDNNYYK,0,0.1606866717338562
amp_predictor,train,GRCCDVPNACSGRWCRDHAQCC,0,0.013348984532058239
amp_predictor,train,MIIYRALIS,1,0.5686870217323303
amp_predictor,train,AIGSILGALAKGLPTLKSWIKNR,1,0.9798133373260498
amp_predictor,train,ENDHRMPYELNRPNNLSKGGAKCGAAIA,1,0.24930033087730408
amp_predictor,train,PNYKLTYFNLRGRAEISRYLFAYAGIKY,0,0.13736064732074738
amp_predictor,train,VAPFPHGKLVTYKYIADVKAGVDPSLV,0,0.14469341933727264
amp_predictor,train,FFPIVGKLLSGLF,1,0.9825456142425537
amp_predictor,train,GIFPIFAKLLGKVIKVASSLISKGRTE,1,0.9688944816589355
amp_predictor,train,RATVAQPR,0,0.21034842729568481
amp_predictor,train,GVTFHDDDLIPF,0,0.14086586236953735
amp_predictor,train,GRFRRLGRKFKKLFKKYGP,1,0.9434952735900879
amp_predictor,train,DQPGDVKTHKQYDVNYLFFKI,0,0.1581145077943802
amp_predictor,train,RICPRILMECSSDSDCLAECICLEQDGFCG,0,0.08844535797834396
amp_predictor,train,GLWKSLFKNVGKAAGKAALNAVTDMVNQ,1,0.9356536865234375
amp_predictor,train,GLLKRIKTL,1,0.9894624352455139
amp_predictor,train,LFKLLGKIIHHVGNFVHGFSHVF,1,0.9997350573539734
amp_predictor,train,ALQFIQNTASGALYYNTKTHKYQYQQTSGA,1,0.26463523507118225
amp_predictor,train,AATAATPATAATPARA,0,0.12058354914188385
amp_predictor,train,ALPCPYGCPLRCCHMTDGVCLRNKQGC,0,0.08807272464036942
amp_predictor,train,APGDRIYVHPF,0,0.2697836756706238
amp_predictor,train,EPFKISIHL,1,0.9545857906341553
amp_predictor,train,YEPGQVRCCLMPA,1,0.13131749629974365
amp_predictor,train,FFPIVGKLLS,1,0.9917564392089844
amp_predictor,train,AEKVDPVKLNLTLSAAAEALTGLGDK,1,0.1683598905801773
amp_predictor,train,WKQSHKKGGKKGSG,1,0.808384358882904
amp_predictor,train,KWKKFIKKIGIGAVLKVLTTGLPALKLTKK,1,0.9986989498138428
amp_predictor,train,GSAGAQGARGDKGEAGE,1,0.9510805010795593
amp_predictor,train,GLLDALSGILGL,1,0.8613820672035217
amp_predictor,train,FLPFLASLALKIL,1,0.9677942395210266
amp_predictor,train,SDRELHRSKAAYFF,0,0.316997230052948
amp_predictor,train,MELILNKEYRLVIIVLISVYYRYRFFLLLF,0,0.3557160496711731
amp_predictor,train,MKYFFMGISFMVIVWAGTFALMI,0,0.08405281603336334
amp_predictor,train,CCGPTACIAGCKPCC,0,0.0380764976143837
amp_predictor,train,NRRMKWKK,1,0.803379476070404
amp_predictor,train,GSGADCFWKYCV,0,0.23127803206443787
amp_predictor,train,DGPAQKQNTVNQLLVLIYLYK,0,0.0945390909910202
amp_predictor,train,AALKKALTAGGY,1,0.9430150985717773
amp_predictor,train,AGLQFPVGRIGRLLRK,1,0.7649689316749573
amp_predictor,train,LKKLLKWLLKLLK,1,0.9981451034545898
amp_predictor,train,RWLRWWTRWRLK,1,0.9997109770774841
amp_predictor,train,APVSVGGGTVLAKMYPRGNHWAVGHLM,0,0.06628476083278656
amp_predictor,train,KKKKAAFAKAWAKAFAA,1,0.9932327270507812
amp_predictor,train,FLPVLARLAVKFLPSIVCAATKKC,1,0.9676706194877625
amp_predictor,train,MDETIVTDKGVAEFSFFKF,0,0.15574480593204498
amp_predictor,train,MQDAITAV,1,0.11247320473194122
amp_predictor,train,FLSLIPHAINAVSALANHG,1,0.9390648603439331
amp_predictor,train,FLPLLLAGLPLKLCFLFKKC,1,0.9836317300796509
amp_predictor,train,MTTKFVFDLLAPDDILHPSNHVNLIIRPI,0,0.22282913327217102
amp_predictor,train,GPAGPAGSSGK,1,0.9954037666320801
amp_predictor,train,NLYQFKNMIKCTNTRMWWSFTNAGCYDG,0,0.08293989300727844
amp_predictor,train,SLLQFNKMIKFETRKNAIPFYAF,0,0.21068675816059113
amp_predictor,train,APSDTTIAETLTITEEFFPD,0,0.14423897862434387
amp_predictor,train,RKYVRFLHRWVKYFRAYL,1,0.9896693825721741
amp_predictor,train,SALAINQPNYSVLKELGLNED,0,0.14205938577651978
amp_predictor,train,FKCRRWQWRMKKLGAPSITCVRRAF,1,0.9773880839347839
amp_predictor,train,KIKFLKVLT,1,0.9985266923904419
amp_predictor,train,SLLEFGMMILEE,0,0.14475862681865692
amp_predictor,train,HPTWPQKSVWHGSDPNGRRLTESY,1,0.19166946411132812
amp_predictor,train,GNGVFKTISHECHLNTWAFLATCCS,1,0.9624630212783813
amp_predictor,train,NVDFNSESTRRKKKQNEIVDLHNSLRRTVN,0,0.2753591537475586
amp_predictor,train,AKKVFKRLEKLFSKIQNWK,1,0.9366047978401184
amp_predictor,train,ASNVPKELVEKGQNRV,0,0.1711350679397583
amp_predictor,train,MWYLLWFVGILLMCSLSTLVLVWLDPRLKS,0,0.11306096613407135
amp_predictor,train,FFSLLPSLIGGLVSAIK,1,0.9731642603874207
amp_predictor,train,ESLAKALSKEALKALK,1,0.8642792701721191
amp_predictor,train,FKTWKRPPFQTSCWGIIKE,1,0.9278721213340759
amp_predictor,train,GICRCVCRRGVCRCICLL,1,0.9304324984550476
amp_predictor,train,AIGPVADLH,0,0.14957836270332336
amp_predictor,train,GIMDTVKNAAKNLAGQLLDKLKCKITAC,1,0.9539387226104736
amp_predictor,train,AKKRRQRRR,1,0.8627997040748596
amp_predictor,train,KQEGRDHDKSKGHFHMIVIHHKGGQAHHG,1,0.6432534456253052
amp_predictor,train,GKPICGETCFKGKCYTPGCTCSYPICKKN,1,0.8348071575164795
amp_predictor,train,FCCPFIRYCCW,0,0.2288137525320053
amp_predictor,train,LAKRADICQPGKTSQRACET,0,0.4389086365699768
amp_predictor,train,ENFAGGCIPGYMRTADGRCKPTY,0,0.17592960596084595
amp_predictor,train,IGKEFKRIVQRIKDFLRNL,1,0.8439339995384216
amp_predictor,train,GIMSSLMKKLAKIIKK,1,0.9574388265609741
amp_predictor,train,AGFAAQAAASLAPVAAQQL,1,0.5585348606109619
amp_predictor,train,RQARRNRRRALWKTLLKKVLKA,1,0.8286991119384766
amp_predictor,train,IFGMIPGLIGGLISAFK,1,0.8859657645225525
amp_predictor,train,ATVVAPKYTAIKPLGDRVLVK,0,0.21212749183177948
amp_predictor,train,MKVFVLNGPNLGRLGKREPA,0,0.19524338841438293
amp_predictor,train,ASVVKTTIKASKKLCKGATLTCGCNITGKK,1,0.9893261194229126
amp_predictor,train,AKLDFDRSKEHVNVGTIGVH,0,0.13411404192447662
amp_predictor,train,AGVWTVWGTI,0,0.07063455879688263
amp_predictor,train,VVHAINAIVRSPRGGARRHA,1,0.4197809100151062
amp_predictor,train,AIGPVDEV,0,0.019841918721795082
amp_predictor,train,IIGPVLGMVGSALGGLLKKI,1,0.9423647522926331
amp_predictor,train,MKRNDKILHYRGLN,0,0.2633011043071747
amp_predictor,train,DWTCWSCLVCAACS,1,0.44968488812446594
amp_predictor,train,GNWCCSARVCC,0,0.11111033707857132
amp_predictor,train,DFKCPSEWYAYDQHCYRIIN,0,0.06921941041946411
amp_predictor,train,FPVTWPTKWRKG,1,0.9478948712348938
amp_predictor,train,RKKRRRESRRARRSPRHL,1,0.8639470338821411
amp_predictor,train,GVFDTVKKIGKAVGKFALGVAKNYLNS,1,0.9749206304550171
amp_predictor,train,QDKPFWSPPIYPV,1,0.5040729641914368
amp_predictor,train,ISCQDVKQSLAPCLPYVTGRAPKPA,1,0.293496698141098
amp_predictor,train,KCPWWNLSCHLGNDGKICTYSHECTAGCNA,1,0.7519806623458862
amp_predictor,train,VPSLPLVPLG,1,0.38823288679122925
amp_predictor,train,AKKRAGNGCFGLKLDRIGSMSGLGC,0,0.7991302013397217
amp_predictor,train,PNDPDSPCVYRMPNARGCSI,1,0.1690177321434021
amp_predictor,train,SCSCQKHFSCCD,0,0.07443742454051971
amp_predictor,train,KRIVKLILKWLR,1,0.9996635913848877
amp_predictor,train,INWKSIFEKVKNLV,1,0.9802995920181274
amp_predictor,train,TLISWIKNKRKQRPRVSRRRRRRGGRRRR,1,0.9117181897163391
amp_predictor,train,MLIGEAVLAVVTVAVVAYLTYVMMYPTRF,0,0.06345774978399277
amp_predictor,train,GFWSSALEGLKKFAKGGLEALTNPK,1,0.8743875026702881
amp_predictor,train,GIPCGESCVWIPCISSAIGCSCKSKVCYRN,1,0.9351131319999695
amp_predictor,train,FKCRRWQWAMKKLGA,1,0.9859445095062256
amp_predictor,train,RCFQWQRNMRRVRGPPVSCIRR,1,0.9243000745773315
amp_predictor,train,DAIVALKDRNGSSMQAIKKY,0,0.21482154726982117
amp_predictor,train,DKNAYGIDLIL,0,0.3017968535423279
amp_predictor,train,LPFFLLSLIPSAISAIKKI,1,0.9904770851135254
amp_predictor,train,FDLGGLIKGVVDLF,1,0.8535988926887512
amp_predictor,train,FLGFLKNLF,1,0.9854126572608948
amp_predictor,train,FLGGLIKIVPAMICAVTKKC,1,0.9818036556243896
amp_predictor,train,IDWKKVDWKKVSKKTCKVMLKACKFLG,1,0.9833080768585205
amp_predictor,train,FKRISQRIKDFLR,1,0.8867955803871155
amp_predictor,train,FLSLLPHIASGIASLVSKF,1,0.9789633750915527
amp_predictor,train,GALKGCWTKSIPPKPCK,1,0.8006049990653992
amp_predictor,train,HKQGDFVLRVGAASVVPNDS,0,0.064307302236557
amp_predictor,train,RRRRRYRYWRRGLTIQGRPKSLPLNTGD,1,0.8645136952400208
amp_predictor,train,GFRDVLKGAAKQFVKTVAGHIANI,1,0.8976169228553772
amp_predictor,train,GILSKLGKALKKAAKHAAKA,1,0.996483564376831
amp_predictor,train,EPVKKKDLKKATVPL,0,0.4189916253089905
amp_predictor,train,GIMDTVKNAAKDLAGQLLDKLKCRITGC,1,0.7116497755050659
amp_predictor,train,FLKGCWTKWYSLKPKCPF,1,0.9599510431289673
amp_predictor,train,SMWSGMWRRKLKKLRNALKKKLKGE,1,0.822219967842102
amp_predictor,train,GLISGILGVGKMLVCGLSGLC,1,0.884545087814331
amp_predictor,train,RKKRRQRR,1,0.8984366059303284
amp_predictor,train,ECCRYVDCRRGCTPCC,0,0.05865560099482536
amp_predictor,train,QVKAMKQLGDYITNLK,0,0.2676951587200165
amp_predictor,train,ILPFLAGLFSKIL,1,0.9857697486877441
amp_predictor,train,FIFHIIKGLFHAGKMIHGLVTRRRH,1,0.9962357878684998
amp_predictor,train,GSSGLIPMPRV,0,0.053935565054416656
amp_predictor,train,GLPWGCPSDIPGWNTPWAC,1,0.08984444290399551
amp_predictor,train,NRQPSKYGLEETI,0,0.3402525782585144
amp_predictor,train,MVYVMSMVSLLKRLLTVTRWKLQITG,0,0.1070765033364296
amp_predictor,train,CCAPSACRLGCRPCCR,0,0.04333734139800072
amp_predictor,train,INWLKLGKKMMSAL,1,0.934689462184906
amp_predictor,train,GFLDTLKNIGKTVGGIALNVLT,1,0.8181191682815552
amp_predictor,train,LYSLLTEK,0,0.3336924612522125
amp_predictor,train,NFQRDVEITWGDMRR,0,0.17323780059814453
amp_predictor,train,SKKKKTKV,1,0.8127617835998535
amp_predictor,train,GFVDLAKKVVGGIRNALGI,1,0.938637375831604
amp_predictor,train,CGGKDCERRFSRSDQLKRHQRRHTGVKPFQ,1,0.6887137293815613
amp_predictor,train,DNWWPKPPHQGPRPPRPRPKP,0,0.23145924508571625
amp_predictor,train,SDRNFLRF,0,0.2382824867963791
amp_predictor,train,MIIFRILISHKK,1,0.9679735898971558
amp_predictor,train,GIPCGESCVWIPCLTSTVGCSCKSKVCYRN,1,0.9730262160301208
amp_predictor,train,MLQMRATLAFLGQTLTYNTSCQRRQK,0,0.2777678668498993
amp_predictor,train,MCLGVPIKLSKLMKILFNLPQ,0,0.5657075643539429
amp_predictor,train,ILRWPWWPWRRKM,1,0.9980328679084778
amp_predictor,train,KLLKWLLK,1,0.9989117383956909
amp_predictor,train,GNPKVAHCASQIGRSTAWGAVSGA,1,0.5543928742408752
amp_predictor,train,MRGIRGADFQAFQQARAVGLAGTFR,1,0.1959233283996582
amp_predictor,train,MATPGFSCLLLSTSEIDLPMKRRV,0,0.08446749299764633
amp_predictor,train,MPGKVQDFFLCSLLLRIVSAGWCD,0,0.1139378771185875
amp_predictor,train,GIGTKILGGVKTALKGALKELASTYVN,1,0.9055597186088562
amp_predictor,train,GLWSKIKEAAKTAGKMAMGFVNDMV,1,0.5259856581687927
amp_predictor,train,LNLKGLFKKVASLLT,1,0.9962647557258606
amp_predictor,train,QCVGTITLDQSDDLFDLNCNELQSVR,1,0.14555902779102325
amp_predictor,train,YNFNVYTSCTARRK,0,0.298807829618454
amp_predictor,train,SSSGLISMPRV,0,0.09666547924280167
amp_predictor,train,FQPSLVLDTAKILLDNYTFPESLMG,0,0.10557679831981659
amp_predictor,train,FFGWLIKGAIHAGKAIHGLIHRRRH,1,0.9992601275444031
amp_predictor,train,MSQNTKGKLSLVGLSLMI,0,0.3888327479362488
amp_predictor,train,GLWNSIKIAGKKLFVNVLDKIRSKVAGGS,1,0.9921884536743164
amp_predictor,train,MVSEAIAALKEREGSSEFAIGKKKE,0,0.24698960781097412
amp_predictor,train,EWKLPDLIINHITLTRRNCNKYRCG,1,0.4653738737106323
amp_predictor,train,RGGGLCYCRRRFCVCVGR,1,0.984454333782196
amp_predictor,train,SYPNKQPYGPSGFWM,0,0.0864655002951622
amp_predictor,train,IPCGESCVWIPCISGMFGCSCKDKVCYS,1,0.7470071315765381
amp_predictor,train,GFPCGESCVFIPCISAAIGCSCKNKVCYRN,1,0.9396568536758423
amp_predictor,train,SKKSKPGDGIRGKGVRG,1,0.7615054845809937
amp_predictor,train,CCGVPNAACHPCVCKNTC,0,0.04997720941901207
amp_predictor,train,SAALAGTIIDGASLGFDILNKV,0,0.47267231345176697
amp_predictor,train,YIELAVVADHGIFTKYNSNLNTIR,0,0.0998518168926239
amp_predictor,train,DFFFDFDR,0,0.1505976766347885
amp_predictor,train,GMFTNMLKGIGKLAGQAALGAVKTLA,1,0.8605126738548279
amp_predictor,train,VGHNADLQIKLSIRRLLAAGVLKQTKGVGA,1,0.8077982068061829
amp_predictor,train,KCFQAQRNMRKVRGPPVSCIKR,1,0.6178243160247803
amp_predictor,train,KLIFILSKTIPAGKNLFYKI,1,0.9963380098342896
amp_predictor,train,SGLLMNFGEQHVNVAQ,0,0.05395251512527466
amp_predictor,train,SPANSVWS,0,0.08190282434225082
amp_predictor,train,KSLVRRWRSRW,1,0.9917682409286499
amp_predictor,train,RLFRHAFKAVLRL,1,0.9872135519981384
amp_predictor,train,MNRIGMITTIITTTITTGNGAG,0,0.11538957804441452
amp_predictor,train,NDQCLVIEIL,0,0.13704749941825867
amp_predictor,train,GCPQTPRCTNYAEKGQCPPN,1,0.17079457640647888
amp_predictor,train,SIVPLGLPVPIGPIVVGPR,0,0.340436726808548
amp_predictor,train,PWVPLIPI,1,0.9180751442909241
amp_predictor,train,RKFHEKHHSHRGYR,1,0.9225248694419861
amp_predictor,train,ILKWKWKWWKWRR,1,0.9999366998672485
amp_predictor,train,MSQSKYRQL,0,0.3935188055038452
amp_predictor,train,TPTHDFMRF,0,0.12984487414360046
amp_predictor,train,VNSTYIGYAPIDDPK,0,0.13881169259548187
amp_predictor,train,GPLTILHINDVHAAFEQFNT,0,0.09692924469709396
amp_predictor,train,KVIDVKCTSPKQCLPPCKAQFGD,0,0.1478561908006668
amp_predictor,train,GPPLLPPLP,0,0.4487423002719879
amp_predictor,train,MAPPRTSTS,0,0.10191424190998077
amp_predictor,train,GLLSKVLGVGKKVLCGVSGLC,1,0.9941933751106262
amp_predictor,train,FLKSNALL,1,0.984835147857666
amp_predictor,train,FFFLSRIF,1,0.9266566038131714
amp_predictor,train,PAPESGFIRDP,0,0.1632383167743683
amp_predictor,train,ARYGKSPYLYPLGY,0,0.10432751476764679
amp_predictor,train,EEQEQEQEQDTKMA,0,0.19523470103740692
amp_predictor,train,IIYRDLISH,1,0.8559509515762329
amp_predictor,train,MMMMRMQQEEMQPR,1,0.22379417717456818
amp_predictor,train,AGMKNIIDAIKKKLGGKL,1,0.9931861162185669
amp_predictor,train,AGVPFNTKTPYGPT,0,0.15621943771839142
amp_predictor,train,SIGAKILGGVKTFFKGALKELASTYLQ,1,0.9127733707427979
amp_predictor,train,FLSGIVGMLGKLFGK,1,0.9636473655700684
amp_predictor,train,GLPVCGETCTLGKCYTAGCSCSWPVCYRN,1,0.9372177720069885
amp_predictor,train,KCRRRKVHGPMIRIRKK,1,0.9044803977012634
amp_predictor,train,ALWKDMLSGIGKLAGQAALGAVKTLV,1,0.9262533783912659
amp_predictor,train,GIMSSLMKKLAKIIAK,1,0.9443023800849915
amp_predictor,train,GLWNSIKIAGKKLFVNVLDKIRCKVAGGC,1,0.9971916079521179
amp_predictor,train,YEYSVYREIIGSGHIIAR,0,0.3043660521507263
amp_predictor,train,KHSLPDLPYDYGA,0,0.22937490046024323
amp_predictor,train,ADTGEGDFLAEGGGVR,0,0.02483995072543621
amp_predictor,train,PSATYFVR,0,0.24093696475028992
amp_predictor,train,RWKRHISEQLRRRDRLQR,1,0.9090692400932312
amp_predictor,train,VRPYLVAF,1,0.3101534843444824
amp_predictor,train,MAIIIGLEFAQLPMSFGAKYE,0,0.09250091761350632
amp_predictor,train,FFFLPSLIGGLVSAIK,1,0.9810398817062378
amp_predictor,train,RRRCPIVVIRVCRR,1,0.9951615929603577
amp_predictor,train,MATRGFSCLLLVISEIDLSVKRWV,0,0.12326446175575256
amp_predictor,train,TKAARITPKDVIDVRSVTTEINT,1,0.2971038520336151
amp_predictor,train,KKLALALKKLAPLWKKLALALKKA,1,0.9977856874465942
amp_predictor,train,FLSTIWNGIKGLL,1,0.9752218723297119
amp_predictor,train,VAAKPVATKMAVRPPVAVKP,1,0.31357908248901367
amp_predictor,train,PLWPVIPI,1,0.9180751442909241
amp_predictor,train,CGETCIWGRCYSENIGCHCGFGICTLN,1,0.7212613821029663
amp_predictor,train,SQISLRGS,0,0.30314019322395325
amp_predictor,train,SFDSSVLTK,0,0.30679601430892944
amp_predictor,train,GLWTTIKEGLKKFSLGVLDKIRCKIAGGC,1,0.9871052503585815
amp_predictor,train,SLGSPAVAEPAVIAE,0,0.052266355603933334
amp_predictor,train,FVDLKKIANILNSIF,1,0.9638521671295166
amp_predictor,train,GNNRPVYIPQPRPPHPRI,1,0.6785452961921692
amp_predictor,train,AAFRGCWTKNYSPKPCL,1,0.8248984813690186
amp_predictor,train,ILGPVLGLVGNALGGLIKKL,1,0.9914475679397583
amp_predictor,train,GVVDTLKNLLMGLL,1,0.37268126010894775
amp_predictor,train,SIITTTKEAKLPQLWKQIACRLYNTC,1,0.5891540050506592
amp_predictor,train,GILSGVLGMGKKIVCGLRGLC,1,0.9390437006950378
amp_predictor,train,DGVCSNRRQCNKEVCGSSYDVAIVGA,1,0.16678506135940552
amp_predictor,train,QVRFRQCYFNPISCF,0,0.376201331615448
amp_predictor,train,MSDINAIRAPILMLAILPCVGDDIEVLR,0,0.07379420846700668
amp_predictor,train,RGSNLTIHPLRNTNDIDY,0,0.13274648785591125
amp_predictor,train,ATITFTNKCTRTVWPGG,1,0.3984605371952057
amp_predictor,train,QVWYDREVTAFVEPG,0,0.04335080832242966
amp_predictor,train,GLFDIVKKVVGTIAGL,1,0.9690566658973694
amp_predictor,train,LAAGKVEDSD,0,0.06274925917387009
amp_predictor,train,SDMYSFGL,0,0.07797201722860336
amp_predictor,train,SRGERGFPGERGGPGATGPAG,1,0.864273190498352
amp_predictor,train,IEMAEGGNDNIGNESIK,0,0.12343405187129974
amp_predictor,train,GCRALCYKQRCVTYCRGA,1,0.9084469079971313
amp_predictor,train,AQIKIWFQNRRMKWKK,1,0.9664386510848999
amp_predictor,train,KFKKLFKKLSPVIGKEFKRIVERIKRFLR,1,0.9659584164619446
amp_predictor,train,AFANTGVEIVSIDTYLFSLYDEDK,0,0.12496452778577805
amp_predictor,train,GLLLDTVKGAAKNVAGILLNKLKCKMTGDC,1,0.9837220311164856
amp_predictor,train,FLSSLIPSAISGLISAFK,1,0.9335022568702698
amp_predictor,train,GAPICGESCFTGKCYTVQCSCSWPVCTRN,1,0.9628148078918457
amp_predictor,train,IHKFWRCRRRFCRWFKHI,1,0.9997925162315369
amp_predictor,train,ALRSAVRTVARVGRAVLPHVAI,1,0.20654775202274323
amp_predictor,train,GILSGILGVGKKLVCGLSGLC,1,0.9909936785697937
amp_predictor,train,AGGTSGLYAFPRV,0,0.038148559629917145
amp_predictor,train,FDIVKKIAGHIAGSI,1,0.997058629989624
amp_predictor,train,CGESCVFIPCLTSAIDCSCKSKVCYRNGIP,1,0.8864997625350952
amp_predictor,train,MQWDEAIHGS,0,0.04642683267593384
amp_predictor,train,DPPFSPRL,0,0.49810439348220825
amp_predictor,train,MRNYSFGL,0,0.06490114331245422
amp_predictor,train,SGGGNVIMNQMNKRNHAKD,0,0.1707182079553604
amp_predictor,train,PVVDTTGNNPLQQQEEYYV,1,0.10084541141986847
amp_predictor,train,HSDAVFTDNYTRLRKQMAVKKYLNSILN,1,0.15519367158412933
amp_predictor,train,RCLCRRGVCRCLCRRGVC,1,0.9586752653121948
amp_predictor,train,GLLKRIKT,1,0.9833998084068298
amp_predictor,train,SEGGQDFWL,0,0.032412927597761154
amp_predictor,train,GAAGDAGKPGERG,1,0.9888024926185608
amp_predictor,train,YYKYKYKY,0,0.2890612483024597
amp_predictor,train,GWKDWLNKGKEWLKKKGPGIMKAALKAATQ,1,0.9786807298660278
amp_predictor,train,STNAAQASMVAPFTGLKSA,0,0.15501371026039124
amp_predictor,train,ARRRRRSSRPQRRRRRRRHGRRRRGRR,0,0.9275052547454834
amp_predictor,train,RWFRIQLQIRRWRNRR,1,0.9919708967208862
amp_predictor,train,GIGTKFLGGVKTALKGALKELAFTYVN,1,0.9086623191833496
amp_predictor,train,PPHKKKLAVYPVFLFYLFLSWFSLIV,1,0.982459306716919
amp_predictor,train,NCPYCVVYCCPPAYCQASGCRPP,0,0.022845745086669922
amp_predictor,train,CCGPTACVAGCKPCC,0,0.03202197328209877
amp_predictor,train,RIGVLLARLPKLFSLFKLMGKKV,1,0.9750013947486877
amp_predictor,train,WRVRWRVRWRVR,1,0.9996808767318726
amp_predictor,train,KWKLFKKIEKVGQGIGAVLKVLTTGL,1,0.9961089491844177
amp_predictor,train,KKKKKKNKKLQQRGD,1,0.6209776997566223
amp_predictor,train,DIIKKVASVVG,1,0.9133310914039612
amp_predictor,train,SCCNAGFCRFGCTPCCY,0,0.2099979817867279
amp_predictor,train,SILPTIVSFLSKFL,1,0.9369863271713257
amp_predictor,train,KRNGFRKFMRRLKKFFAGGGSSIAHIKLH,1,0.9013685584068298
amp_predictor,train,AVWQFREMIKCTIPPSDDLLDF,0,0.08267086744308472
amp_predictor,train,CHPTHTVATDDQGHLCTTIIC,1,0.7951828241348267
amp_predictor,train,RWQWRMKKLG,1,0.9923182725906372
amp_predictor,train,AAWKLLKALAKA,1,0.9982914328575134
amp_predictor,train,CSKGGVGRGYGIG,0,0.7228641510009766
amp_predictor,train,WIKAAAKAAAKIW,1,0.9988094568252563
amp_predictor,train,NYTIGNDNVLTEPLSEIKTAGLMYKMGVQ,0,0.08592092245817184
amp_predictor,train,DDDDLEGFSE,0,0.13459429144859314
amp_predictor,train,ALFSILRGLKKLGKMGQAFVNCEIYKKC,1,0.9346660375595093
amp_predictor,train,EVASFDKSKLK,1,0.39718252420425415
amp_predictor,train,NMYLPPVPPPPVVPTF,0,0.5462284088134766
amp_predictor,train,RGSPGSPGNDGAKGETGPAG,1,0.9153914451599121
amp_predictor,train,VNWKKILGKSIKVSK,1,0.9984789490699768
amp_predictor,train,DAHGSGNAHKQQDINHLLD,0,0.10084019601345062
amp_predictor,train,MADQLTEEQIAEF,0,0.16941578686237335
amp_predictor,train,NNYCKIKCRSGIHTLCKYGTSSKP,0,0.5837346911430359
amp_predictor,train,SSEAAPEEKVAILGA,0,0.07238666713237762
amp_predictor,train,TVKCGGCNRKCCPGGCRSGKCINGKCQCY,0,0.1804218739271164
amp_predictor,train,FLPILGNLLNGLL,1,0.9354053735733032
amp_predictor,train,HQKYNPFRFVELVLVVDKAM,0,0.09394962340593338
amp_predictor,train,TPGGIDFISGGPHVAQDVLNAIKNFFK,1,0.35444945096969604
amp_predictor,train,PAGHGARARTRDLFAR,0,0.34491196274757385
amp_predictor,train,FVGAALKVLANVLPPVISWIKQ,1,0.9292901158332825
amp_predictor,train,NPVDDHHDDHHDAPIVEHHD,0,0.04422062262892723
amp_predictor,train,SGQYSFGL,0,0.09629417210817337
amp_predictor,train,GLFDIVKKVVGTLAGL,1,0.9688854217529297
amp_predictor,train,QTCCGYRMCVPC,0,0.06773259490728378
amp_predictor,train,VNSKKISPKSIKVSK,1,0.8764005303382874
amp_predictor,train,VIKFLMVMQKHGYIGEFEYVDDHRSG,0,0.07492391020059586
amp_predictor,train,ENFAVGCTPGYQRTADGRCKPTF,0,0.19560474157333374
amp_predictor,train,MALNLQDKQAIVAEVSEVAKGALS,0,0.14717531204223633
amp_predictor,train,RYPAVGYT,1,0.13220825791358948
amp_predictor,train,GVTSNPAIFQKAISTSNAYNDQFR,0,0.17421498894691467
amp_predictor,train,EHDPSAPGNGYC,0,0.029711008071899414
amp_predictor,train,GLLGAWMTSGQFKPVPQI,0,0.11142852902412415
amp_predictor,train,GFMDTAKNVAKNVAVTLLYNLKCKITKAC,1,0.9354450106620789
amp_predictor,train,GLLDLLKGAGKGLLTHLASQI,1,0.9676260948181152
amp_predictor,train,KLLLKLLKKLL,1,0.994217038154602
amp_predictor,train,ILGPVLGLVSNALGGLLKNI,1,0.9786179065704346
amp_predictor,train,YGFVMPRSGLWFR,1,0.08360796421766281
amp_predictor,train,GVIKSVLKGVAKTVALGML,1,0.9658178687095642
amp_predictor,train,KWKSFIKKAKTSFLHSAKKF,1,0.9836863875389099
amp_predictor,train,GLWTTIKEGVKNFSVGVLDKIRCKITGGC,1,0.9463812708854675
amp_predictor,train,ECKWYLGTCSKDGDCCKHLQCHSNYE,0,0.10241301357746124
amp_predictor,train,KRTKAPFSRVVKFSIDEIRN,0,0.4860561490058899
amp_predictor,train,HSCVCRRICAARQVRKGRCSRRRRICCLY,1,0.9711918234825134
amp_predictor,train,RPPGFTPFR,1,0.5859824419021606
amp_predictor,train,LLRARWRRRRSRRFR,1,0.9564064145088196
amp_predictor,train,VTVYDAEGTKVQVDGSLRLVE,0,0.048703815788030624
amp_predictor,train,MLIYYLQSEKVLFFLYIFLLNFKLRIL,0,0.38022321462631226
amp_predictor,train,MNRLLQRQLFLENLLVGVNSTFHQM,0,0.07412178814411163
amp_predictor,train,MQRPRPPRPLSYSRSSEEAFLEA,0,0.20095005631446838
amp_predictor,train,NLMQFELLIMKVAGRSGIVWYSDY,0,0.054782427847385406
amp_predictor,train,GLWSKIKEAAKTAGLMAMGFVNDMV,1,0.30404192209243774
amp_predictor,train,YCQKWMWTCDAERKCCEDMACELWCKKRL,1,0.2122519463300705
amp_predictor,train,VIDDLKKVAKKVRRELLCKKHHKKLN,1,0.6951525211334229
amp_predictor,train,KWLNALLKKGLNCAKGVLA,1,0.9991298317909241
amp_predictor,train,SETSKADRVGFKIEDGKKLRIFK,0,0.3394410014152527
amp_predictor,train,IHHIHHIIHHIHHIIHHIHHIIHHIHHI,1,0.9909353852272034
amp_predictor,train,RRRQRRKKRGYCKCKYGRKKRRQRRR,1,0.9111708402633667
amp_predictor,train,GVYVIEEDVATYTIK,0,0.08038330078125
amp_predictor,train,LLGMIPLAISAISALSKL,1,0.711669385433197
amp_predictor,train,IVDYCPAGCR,0,0.04009869694709778
amp_predictor,train,PKDSMLLLQVPVY,0,0.08506647497415543
amp_predictor,train,MCICKNGKPLPGFIGKICRKICMMQQTH,0,0.2623198628425598
amp_predictor,train,TTPQEVLSRIKDQGIKLIDLKFI,0,0.20853348076343536
amp_predictor,train,LGPALITRKPLKGKP,1,0.7381287813186646
amp_predictor,train,KLSGCFGFKLDRIGTMSGLGC,0,0.6717292666435242
amp_predictor,train,GYGFLTTDD,0,0.03304654359817505
amp_predictor,train,GSSGMIPFPRV,0,0.057381872087717056
amp_predictor,train,DECCAIPFCAKIFPGRCP,0,0.08486562967300415
amp_predictor,train,DTARLQWH,0,0.18953387439250946
amp_predictor,train,VVSCADILTLAAR,0,0.1659897416830063
amp_predictor,train,MDIISLGWVFLMVFFSFSLSLVVWARNGL,0,0.1184106320142746
amp_predictor,train,TPLWSLMQDLMM,0,0.054485585540533066
amp_predictor,train,NIQIICCKHTPKCCT,0,0.717728316783905
amp_predictor,train,MATQGFSCLLLSVSEIDLSMKRQYKQIR,0,0.20451705157756805
amp_predictor,train,GAVHDVKDVLDS,1,0.06864463537931442
amp_predictor,train,GFKDLLKGAAKALVKAVLF,1,0.9973152279853821
amp_predictor,train,KWCRKWQWRGVKFIKCV,1,0.9997292160987854
amp_predictor,train,DCCPIAGCPFGCTICC,0,0.036399587988853455
amp_predictor,train,FPFLLSLIPSAISALKKL,1,0.9794408082962036
amp_predictor,train,GCCGPYPNAACHPCGCKVGRPPYCDRPSGG,0,0.038650766015052795
amp_predictor,train,MKFGLFFQNFLSENQSSE,0,0.23526595532894135
amp_predictor,train,EQCREEEDDR,1,0.17583611607551575
amp_predictor,train,AGPVSKLVSGIGL,0,0.8451524376869202
amp_predictor,train,FLGALWNPAKSVF,1,0.9134031534194946
amp_predictor,train,GFCCPSGWSSYDR,0,0.053958356380462646
amp_predictor,train,MYVLQEINPGITS,0,0.07144371420145035
amp_predictor,train,ILPWKWKWWKWRR,1,0.9999135732650757
amp_predictor,train,QNECPWKPWC,0,0.027557816356420517
amp_predictor,train,NCNFLCKVKQRLRSVSSTSHIGMAIPRPRG,1,0.3965604901313782
amp_predictor,train,ILPIRSLIKKLL,1,0.9895106554031372
amp_predictor,train,FLPFLASLLTKVL,1,0.9090420007705688
amp_predictor,train,FITKALGISYGRKKRRQRRRPPQ,1,0.7759942412376404
amp_predictor,train,NGDRGESGPAGPAGPAGPAGA,1,0.9616800546646118
amp_predictor,train,GSSFCDSKCAVRCSKAGVQD,0,0.2640944719314575
amp_predictor,train,SIGSALKKALPVAKKIGKIALPIAKAALP,1,0.9838671684265137
amp_predictor,train,LMDTVKNVAKNLAGHMLDKLKCKITGC,1,0.863915205001831
amp_predictor,train,LICFNDFSPTARTLEYCQIGITTYNPS,0,0.14459820091724396
amp_predictor,train,KWCFRVCYRGACYRRCR,1,0.9967838525772095
amp_predictor,train,LKGASKLIPHLLPSRQQ,1,0.4064069390296936
amp_predictor,train,KSLRPRCWIKIKFRCKSLKF,1,0.9919969439506531
amp_predictor,train,FIGAILPAIAGLVHGLINR,1,0.9351893067359924
amp_predictor,train,DTNFPICIFCCKCCNNSQCGICCKT,1,0.5599750876426697
amp_predictor,train,MIRIISRANSVTSSNEVNRLVTGQIPHD,0,0.11425609141588211
amp_predictor,train,MTPHDEEVDSSD,0,0.09103939682245255
amp_predictor,train,AYVSQSGAPWGLGRISHK,0,0.3166084885597229
amp_predictor,train,ARGYDFGL,0,0.05024290084838867
amp_predictor,train,RRWRRWNRFNRRRCR,1,0.9864423274993896
amp_predictor,train,SSGGGDGSGMWFGPRL,0,0.03526035696268082
amp_predictor,train,GICRCFCRRGVCRCICLL,1,0.9647424221038818
amp_predictor,train,RKCNFLCKLKEKLRTVITSHIDKVLRPQG,1,0.6013876795768738
amp_predictor,train,FIGMIPGLIGGLISAFK,1,0.8859657645225525
amp_predictor,train,MRSFDQGSTRAPARERCRRQRPEGRSAQR,0,0.5676244497299194
amp_predictor,train,SGKPTFIRF,0,0.5375556945800781
amp_predictor,train,KRFWPVVIRTVVAGYNLYRAIKKK,1,0.9692528247833252
amp_predictor,train,MFKMKFGDTLPRSDFGTGGNKQAPGLELG,0,0.10638033598661423
amp_predictor,train,INWKKIFEKVKDLV,1,0.9595584869384766
amp_predictor,train,FSGSGSGSGRQIKIWFQNRRMKWKKGC,1,0.8330137133598328
amp_predictor,train,GGYKNFYGSALRKGFYEGEAGRAIRR,1,0.39787617325782776
amp_predictor,train,FMGTALKIAANVLPAAFCKIFKKC,1,0.9926611185073853
amp_predictor,train,MSHIVRFTGLLLLNAFIVRGRPVGGIQH,0,0.26044347882270813
amp_predictor,train,KWKLFKKIKFLHSAKKF,1,0.9976869821548462
amp_predictor,train,LPDSSFLRL,0,0.23456843197345734
amp_predictor,train,ATGQYAFGL,0,0.12205789983272552
amp_predictor,train,FFPLIPGVRCKILRTC,1,0.9823890328407288
amp_predictor,train,VTACITFC,1,0.9762517213821411
amp_predictor,train,GFCWYVCYRNGVRVCYRRCN,1,0.9452432990074158
amp_predictor,train,TIIGAPCRKCEHLDRSGNCVRDWSCGQEV,0,0.24902504682540894
amp_predictor,train,GLPVCGETCFGGTCNTPGCTCSYPICTRN,1,0.9130940437316895
amp_predictor,train,QGCCGEPNLCFTRWCRNNARCCRQQ,0,0.3025902211666107
amp_predictor,train,MIKVPLPDVIFVAHRNKHTRQGNITQTKY,0,0.1668444275856018
amp_predictor,train,APVMGFQGMR,0,0.06728992611169815
amp_predictor,train,AKSILLGEEGRHSMQAGVDKLANTVKVTLG,0,0.17954804003238678
amp_predictor,train,SIFPAIVSFLSKFL,1,0.9805752038955688
amp_predictor,train,FKCRRWQWRMKKLGA,1,0.9894124865531921
amp_predictor,train,WLRAFRRLVRRLARLLRR,1,0.978175699710846
amp_predictor,train,AFNLRNRNFLKLLDFTPREIQYMIDLAIDL,0,0.14068005979061127
amp_predictor,train,LKKLAKLLKKLLKLAG,1,0.9982597231864929
amp_predictor,train,GIFLKVLGVGKKVLCGVSGLC,1,0.9971489310264587
amp_predictor,train,ALPKKLKYLNLFNDGFNYMGVV,1,0.45393824577331543
amp_predictor,train,ISVCITVC,1,0.9321793913841248
amp_predictor,train,APAHRSSTFPKWVTKTERGRQPLRS,1,0.44254520535469055
amp_predictor,train,GLWSKIKEAAKTAGKAAMGFVNEMV,1,0.6828756332397461
amp_predictor,train,AKEKEVTFQSGGPT,0,0.18201535940170288
amp_predictor,train,ISDFDEYEPLNDADNNEVLDF,0,0.23544421792030334
amp_predictor,train,NNPPCCSGYVCEGVYCAVDV,0,0.03166639059782028
amp_predictor,train,AFLTLTPGSHVDSYVEA,0,0.07486458867788315
amp_predictor,train,DHAGTVSKAHKQHDVNSVLYKVYEDI,0,0.12884566187858582
amp_predictor,train,AATAATPATAATPATAARA,0,0.12214983999729156
amp_predictor,train,SRLPPATRDKLADEITFFPA,0,0.12743207812309265
amp_predictor,train,SLWSSIKDMAAAAGRAALNAVNGILNP,1,0.2711484432220459
amp_predictor,train,LNLTKWLGKLGVILSHLNK,1,0.997870683670044
amp_predictor,train,RRRRRFRRVIRRIRLPKYLTINTE,1,0.9284194111824036
amp_predictor,train,PFDRISNSAFSDF,0,0.1976410299539566
amp_predictor,train,GEDEYAEGIREYQLIHGKI,0,0.18726584315299988
amp_predictor,train,RLLGNVLVRVLACNFGPEFTPQVQAAFQK,0,0.11217387020587921
amp_predictor,train,NLIQLSNMIKCAIPGSRPLFQYTDYGCY,0,0.10301382839679718
amp_predictor,train,GLWSKIKDAAKTAGKAALGFVNEMV,1,0.8862140774726868
amp_predictor,train,RWFKIQLQIRRWKNKK,1,0.9925922155380249
amp_predictor,train,KIKIPWGKVKDFLVGGMKAV,1,0.9912200570106506
amp_predictor,train,ARVPFYRYYK,0,0.4870830178260803
amp_predictor,train,KWKWKWKWKW,1,0.9994165897369385
amp_predictor,train,IEEVDAIERAVL,0,0.0728963240981102
amp_predictor,train,ADRELHRSKA,0,0.3750114440917969
amp_predictor,train,RKCLRWQWAMRKYGG,1,0.9895304441452026
amp_predictor,train,GILDAIKAIAKAAG,1,0.9745620489120483
amp_predictor,train,GLPVCGETCVGGTCNTPGCTCSWPVCTRD,1,0.8973273038864136
amp_predictor,train,MEFSPRAAELTTLLESRISNFYTNI,0,0.12120850384235382
amp_predictor,train,AAHCLAIGRR,1,0.9140427112579346
amp_predictor,train,AASKALRTASRLARSLLT,1,0.23097428679466248
amp_predictor,train,DVEKNAPYECGFE,0,0.21137022972106934
amp_predictor,train,FACRRWQWRMKKLGA,1,0.991122841835022
amp_predictor,train,GHRGFTGL,1,0.4018079340457916
amp_predictor,train,MAWNTPKVTEIPLGAEINSYVCGEKK,0,0.14271105825901031
amp_predictor,train,MIFVATSLSCRWWWPVM,0,0.08680707216262817
amp_predictor,train,QLTFTPNWGT,0,0.04633306339383125
amp_predictor,train,SPPFTSDQDLYTDSR,0,0.14580872654914856
amp_predictor,train,MWTKPAYTDLRIGFEVTMYFASR,0,0.07574919611215591
amp_predictor,train,WRVRWKVRWRVK,1,0.999907374382019
amp_predictor,train,GNRPNIPTYIPRPRPPHPRL,1,0.7969802618026733
amp_predictor,train,HEPCGESCVFIPCITTVVGCSCKNKVCYN,1,0.8904303312301636
amp_predictor,train,SIVLRGKAPFR,0,0.671141505241394
amp_predictor,train,NVGVLNPPPLV,1,0.2890910506248474
amp_predictor,train,VKTPITEAIAAADTQG,0,0.05825712904334068
amp_predictor,train,RGLKAKFQKLIGKRALYICKSTKESRVVT,0,0.6818023920059204
amp_predictor,train,IGKLFKRIVQRILKFLRNL,1,0.9945541620254517
amp_predictor,train,ALLKLAPRLLAGIF,1,0.9368053078651428
amp_predictor,train,GLLGPLLKIAAKVGSKLL,1,0.9946387410163879
amp_predictor,train,WKLFDDGV,1,0.25207164883613586
amp_predictor,train,FLPIITNLLGKLL,1,0.9482837319374084
amp_predictor,train,PFWRRRIRIRRRRIRIRRRWFP,1,0.9947019219398499
amp_predictor,train,LIIFRILISHRR,1,0.9931516647338867
amp_predictor,train,VSRRRRRRGGRRRR,1,0.9366491436958313
amp_predictor,train,QEYRGWMDF,1,0.0738731101155281
amp_predictor,train,LGYLGTCPTNIGTGLR,0,0.0832073986530304
amp_predictor,train,IRRWRLHWFRRAI,1,0.999772846698761
amp_predictor,train,LNLKALLAVAKKAL,1,0.9977360963821411
amp_predictor,train,ALWKDILKNVGKAAGKAVLNTVTDMVNQ,1,0.7216045260429382
amp_predictor,train,YVMGHFRWDKF,0,0.20483653247356415
amp_predictor,train,TNTPEQQCYLQAKCYIEFYVVV,0,0.1365806609392166
amp_predictor,train,MDILTLGWVSVLTLFTYSIAMVVWGRHGM,0,0.030006559565663338
amp_predictor,train,KWKSFLKTFKSAKKTVLHTALKLISS,1,0.9880611896514893
amp_predictor,train,EAAGLLPFPRL,0,0.08869709819555283
amp_predictor,train,FWGALIKGAAKLIPSVVGLFKKKQ,1,0.9977491497993469
amp_predictor,train,MKITPLGDNVVIKKLLATA,0,0.6321238875389099
amp_predictor,train,GVGYKVVVTTTAAADDDDVV,1,0.04231821745634079
amp_predictor,train,QNCCNGGCSSKWCKGHARCC,0,0.0810060128569603
amp_predictor,train,KVQVEMTPYDLTK,0,0.23520444333553314
amp_predictor,train,AGCKNFFWKTFTSC,0,0.9342732429504395
amp_predictor,train,GWLDVAKKIGKAAFNVAKNFL,1,0.9979636669158936
amp_predictor,train,AFELPALPYAKDALEPHISA,0,0.13298667967319489
amp_predictor,train,KPKCGLCRYRCCSGGCSSGKCVNGACDCS,0,0.09334397315979004
amp_predictor,train,GLLASLGKVFGGYLAEKLKPK,1,0.9758363366127014
amp_predictor,train,AVGDDTPQLY,0,0.045094579458236694
amp_predictor,train,RRRLCPIVIRVCRR,1,0.9954493641853333
amp_predictor,train,IFKAIWSGIKSLF,1,0.9993267059326172
amp_predictor,train,MRKPSAFHACNIIFLPLVKCASATIMLN,0,0.62358558177948
amp_predictor,train,HLLKRVQRLLIGWLDWLK,1,0.995331346988678
amp_predictor,train,APACVGFQGMR,0,0.4156179428100586
amp_predictor,train,MSHDLDPTGTY,0,0.07321272045373917
amp_predictor,train,LNLKAALAVAKKIL,1,0.9983240962028503
amp_predictor,train,AKRLKKLAKKIWKWK,1,0.9968781471252441
amp_predictor,train,DEPDGVPTTQKQ,0,0.05090348795056343
amp_predictor,train,VDEQLPRTIMNIFEK,0,0.17261606454849243
amp_predictor,train,MAIYRDLIS,1,0.3093981444835663
amp_predictor,train,SCSCKRNFLCC,0,0.5389780402183533
amp_predictor,train,GFMKYIGPLIPHAVKAISDLI,1,0.7912899255752563
amp_predictor,train,KWKSFLKTFKSAKKTVLHTALKAISS,1,0.981782078742981
amp_predictor,train,ILGLLKGISALLS,0,0.9771490693092346
amp_predictor,train,FQPSLVLDMAQVLLDNYTFPENLM,0,0.0816246047616005
amp_predictor,train,LRRERQSRLRRERQSR,1,0.8430105447769165
amp_predictor,train,SAPGQDFMRF,0,0.0683719739317894
amp_predictor,train,GIMSSLMKKLAAHIKK,1,0.9458115696907043
amp_predictor,train,PDVDHVFLRF,0,0.26058584451675415
amp_predictor,train,VTAKAVAAAEAASSAR,0,0.20306971669197083
amp_predictor,train,LYKLVKVVLNM,1,0.42972901463508606
amp_predictor,train,FFRLLFHGVHHGGGYLNAA,1,0.8968929052352905
amp_predictor,train,YNSSLIIE,0,0.3036080002784729
amp_predictor,train,CCGVPNAACHPCVCTGKC,0,0.03760509565472603
amp_predictor,train,DYCCRRPPCTLIC,0,0.2375921756029129
amp_predictor,train,GLPVCGETCFGGTCNTPGCSCTDPICTRD,1,0.7591243386268616
amp_predictor,train,MTPPENKNLVQENKELIQEVLKA,0,0.20808804035186768
amp_predictor,train,GIMDTVKNAAKDLAGQLDKLKCRITGC,1,0.6318749189376831
amp_predictor,train,GCRRLCYKQRCVTYCRGR,1,0.9742758870124817
amp_predictor,train,QHWSYGWLPG,0,0.01623210869729519
amp_predictor,train,MGQGAVEGQLFYNVQ,0,0.10145754367113113
amp_predictor,train,FLPIVTNLLSGLLGK,1,0.9514960646629333
amp_predictor,train,SGLQFAVLDGQGFIPFSRV,0,0.05946597456932068
amp_predictor,train,FIFPKKNIINSLFGR,1,0.9891786575317383
amp_predictor,train,RVCPRILMECKKDSDCLAECVCLEHGYCG,0,0.06952864676713943
amp_predictor,train,RLARIVVIRWAR,1,0.9918614625930786
amp_predictor,train,GLFDIIKKVASVVGLASQ,1,0.9112576842308044
amp_predictor,train,RIIDLLWRVRRPQKPKFVTVAVR,1,0.9299041032791138
amp_predictor,train,GFMDTAKNVAKNVAATLLDKLKCKITGGC,1,0.9580461382865906
amp_predictor,train,MITVPHVVNLNLTGQWRENGGQI,0,0.021746927872300148
amp_predictor,train,MKKVHVLGAGTMGAGI,0,0.7398220300674438
amp_predictor,train,DAQEKRQPWLPFV,1,0.1577155888080597
amp_predictor,train,LLSTLTDTSIKEAVATDKAP,0,0.1418895572423935
amp_predictor,train,FLGALWNVAKSYF,1,0.735701858997345
amp_predictor,train,FVPFFTQSDIQKMQEKERNKGQ,0,0.3178229331970215
amp_predictor,train,VYPFMWGGAYCFCKAKLV,1,0.6356667280197144
amp_predictor,train,GRGGPSNYVRL,0,0.16846221685409546
amp_predictor,train,GFLDTLKNIGKTVGKVALDVAKNVLT,1,0.8801023960113525
amp_predictor,train,ITFSKIYRSCKSNSVCGNQKCVRGRCV,0,0.7581921815872192
amp_predictor,train,KWCFRACYRGICYRRCR,1,0.9973500967025757
amp_predictor,train,MDMVSLAWAALMVVFTFSLSLVVWGRSGL,0,0.03640742599964142
amp_predictor,train,GCIGRNESQKKDNVYKFKE,0,0.23283056914806366
amp_predictor,train,IWSAIWSGIKGLL,1,0.99289470911026
amp_predictor,train,SPALDDERNDNFIRL,0,0.19226211309432983
amp_predictor,train,EQFEDYGHMRF,0,0.12270042300224304
amp_predictor,train,MIYDSQIYTVLCIALLAGILAIRLGSTLYE,0,0.12826858460903168
amp_predictor,train,FLPLVGKILSGLI,1,0.9842786192893982
amp_predictor,train,MNGRPSVFTSQDYLSDHLWRALNA,0,0.07606713473796844
amp_predictor,train,AGPSATTGVWFGPRL,0,0.05044529587030411
amp_predictor,train,CGGGYGRKKRRQRRR,1,0.9191106557846069
amp_predictor,train,VAAVQASAWQQVAAGVD,0,0.08804590255022049
amp_predictor,train,IVGGFTIGIDTVPY,0,0.05120782181620598
amp_predictor,train,MITDSQIFFALCIALTAAVLAIGLGRQLYV,0,0.09537354856729507
amp_predictor,train,FALGAVTKVLYKLFCLITRKC,1,0.9853243231773376
amp_predictor,train,GLLSGILGAGKHIVCGLSGLR,1,0.9595466256141663
amp_predictor,train,WAGGDASGE,0,0.05872058868408203
amp_predictor,train,GSGSRQSPSYGR,1,0.2505882978439331
amp_predictor,train,ADGSDPASSDFLAEGGGVR,0,0.03736531361937523
amp_predictor,train,GIPCGESCVFIPCITSVAGCSCKSKVCYRN,1,0.9652979373931885
amp_predictor,train,AKKVFKRLEKLFSKIWNWK,1,0.9944139719009399
amp_predictor,train,QNGPRPIGIPP,0,0.27497178316116333
amp_predictor,train,ALTEQASKVALTADL,0,0.1328229457139969
amp_predictor,train,LRLKKYKVPQL,1,0.8589197397232056
amp_predictor,train,ILKLFKRIVKRILKFLRKL,1,0.9989997744560242
amp_predictor,train,MARIAGVNIPTGKRVPI,0,0.09874372184276581
amp_predictor,train,PPIFALPPYI,1,0.7539070844650269
amp_predictor,train,ARLAKKALRRLAKKD,1,0.7753477692604065
amp_predictor,train,ILPILSLIGGLLGK,1,0.9831889867782593
amp_predictor,train,MTDCRYLIKRVIKIIIAVLQLILLFL,0,0.6031745672225952
amp_predictor,train,GDGTGPGPGP,1,0.9441264867782593
amp_predictor,train,VRLIVKVRIWRR,1,0.9989125728607178
amp_predictor,train,SGTSPLLPAITFILD,0,0.14023052155971527
amp_predictor,train,RKKRAQRRR,1,0.8627997040748596
amp_predictor,train,GFWGKLWEGVKNAI,1,0.9911019802093506
amp_predictor,train,VKSPCEDKIVGV,0,0.08527427166700363
amp_predictor,train,AIANAPLLDTTITDRVFFD,0,0.07540702074766159
amp_predictor,train,AGPPGADGQAGAK,1,0.9852163791656494
amp_predictor,train,AEIDFSGIPEDIIKQIKETNAKPPA,0,0.10599569976329803
amp_predictor,train,AKRLKKLFKKIWNWK,1,0.9981374740600586
amp_predictor,train,CAYGRKKRRQRRR,1,0.903083860874176
amp_predictor,train,GLVASIGRALGGLLADVVKSKEQPA,1,0.33696597814559937
amp_predictor,train,AKITFTNNHPRTIWP,1,0.4909459054470062
amp_predictor,train,DTHKSEIAHRQPDLG,0,0.22051012516021729
amp_predictor,train,GSSGLIPFPRV,0,0.14073476195335388
amp_predictor,train,GLLGSIGNAIGAFIANKLKP,1,0.9895461201667786
amp_predictor,train,AKLDETLTMLKALTDAKGVPGNEREARDVM,0,0.10269992798566818
amp_predictor,train,WIIFRALISHKK,1,0.9998546838760376
amp_predictor,train,IIRKIIRK,1,0.9959205389022827
amp_predictor,train,SCNNSCQQHSQCASHCVCLLNKCRTVN,0,0.19419744610786438
amp_predictor,train,PLATMKEYLATSSVNEGTSKES,0,0.24070973694324493
amp_predictor,train,FFSMIPKIAGGIASLVKNLG,1,0.9521278142929077
amp_predictor,train,GCRRLCYKQRCVTWCRGR,1,0.992827832698822
amp_predictor,train,SEIPQPSLDFEQFSNMIQCTIPPGEECLAY,0,0.16367220878601074
amp_predictor,train,QVNFSPGW,0,0.030115606263279915
amp_predictor,train,GNYYGYCRVHLNTAY,0,0.053075455129146576
amp_predictor,train,PVPDSSFLRDP,0,0.20352301001548767
amp_predictor,train,VILLDKIANLGNLGDQVSV,0,0.3957517147064209
amp_predictor,train,AISCGQVSSAIGPCLSYARGQGSAPSAGCC,1,0.3829266428947449
amp_predictor,train,KKRLKKIFKKPMVIGVTIPF,1,0.9810969829559326
amp_predictor,train,WWRELLKKLAFTAAGHLGSVLAAKQSGW,1,0.9585877656936646
amp_predictor,train,GKLNLFLSRLEILKLFVGAL,1,0.9524164795875549
amp_predictor,train,FLPLLLAGLPSFLCLVFKKC,1,0.9679291248321533
amp_predictor,train,YSLQMGATAIKQVKKLFKKWGW,1,0.9677784442901611
amp_predictor,train,KGLKKLLKLLKKLLKL,1,0.9974809288978577
amp_predictor,train,QNRHPPIPPAP,0,0.07666759938001633
amp_predictor,train,RICPRIWMECKRDSDCMAQCICVDGHCG,0,0.04008060693740845
amp_predictor,train,TLKIIVKVVKYLV,1,0.9802823066711426
amp_predictor,train,ILGPVISKIGGVLGGLLKNL,1,0.9917405843734741
amp_predictor,train,ILGPILGLVSNALGGLL,1,0.9425353407859802
amp_predictor,train,ALPNQQTVDYPSFKSNYNFEKPFLYLAR,0,0.1788569688796997
amp_predictor,train,RIGSILGALAKGLPTLKSWIKNR,1,0.9573996067047119
amp_predictor,train,NVQLDPFFQEQQQYYPQQQAFFLLQQQQN,0,0.16677969694137573
amp_predictor,train,INWLKLGKKMMSAI,1,0.9135359525680542
amp_predictor,train,AKKVFKRLEKLFSKIFNFK,1,0.9680008292198181
amp_predictor,train,MSGGYSNGFALLVVLFILLIIVGAAYIY,0,0.15898503363132477
amp_predictor,train,GKAFDDGAFTGIREINLSINKETAIGD,0,0.10395064949989319
amp_predictor,train,MENVMSWFNIDFEIKSDNNIDKTLL,0,0.2046009600162506
amp_predictor,train,LIIFRIAASHKK,1,0.9988576173782349
amp_predictor,train,GIPCAESCVYIPCTVTALLGCSCSNRVCYN,1,0.9295833706855774
amp_predictor,train,MIIFRIAATHKK,1,0.8770085573196411
amp_predictor,train,KPSPDRFYGLM,0,0.16907744109630585
amp_predictor,train,RWKIFKKIKKFLHSAKKF,1,0.9970309734344482
amp_predictor,train,TPGQDFMRF,0,0.049325015395879745
amp_predictor,train,GFDILLGLDVNKKVKKRIQLSPKKIKGYEV,1,0.8413794636726379
amp_predictor,train,FKRIGQRIKDFLR,1,0.9494637250900269
amp_predictor,train,LFGLIPSMMGGLVSAFK,1,0.3537112772464752
amp_predictor,train,ACYCRIPACLAGERRYGTCFYRRRVWAFCC,1,0.9710499048233032
amp_predictor,train,MLMPKRTKYR,0,0.35789307951927185
amp_predictor,train,GKLYFNQEKQELICKADRLAFPLRD,0,0.2244546115398407
amp_predictor,train,GVRPDGFAHIRDFVSRIVRRLNIGPSKV,1,0.4343041777610779
amp_predictor,train,SIITMTREAKLPQLWKQIACRLYNTC,1,0.3477109372615814
amp_predictor,train,DSHEKRHHEHRRKFHEKHHSHRGY,1,0.7782315611839294
amp_predictor,train,VTFVLIAAK,1,0.9228172302246094
amp_predictor,train,RIKRFWPVVIRTVVAGYNLYRA,1,0.8641445636749268
amp_predictor,train,GADGQAGAKGEPG,1,0.9874587059020996
amp_predictor,train,RCCTGKKGSCSGRACKNLKCCA,0,0.25652846693992615
amp_predictor,train,SGKLCCRRKK,1,0.7215672135353088
amp_predictor,train,FILPLIASFLSKFL,1,0.977782130241394
amp_predictor,train,EPNPNEFFGLM,1,0.16258537769317627
amp_predictor,train,GIMISLMKKLAAHIAK,1,0.9158878922462463
amp_predictor,train,GKQYFPKVGGRLSGKAPLAAKTHRRLKP,1,0.5951212048530579
amp_predictor,train,SVNTKNDFMRF,0,0.13066938519477844
amp_predictor,train,KWKLFKKAVLKVLTT,1,0.998721182346344
amp_predictor,train,GLIDVRCYDSSQCE,0,0.09736573696136475
amp_predictor,train,LKLLKKLLKLLKKLGK,1,0.9974809288978577
amp_predictor,train,RGESGPAGAPGAPGAPGA,1,0.9781621694564819
amp_predictor,train,VFQFLGRIIHHVGNFVHGFSHVF,1,0.9935128092765808
amp_predictor,train,ITKDFDALMKYIKRI,0,0.34208762645721436
amp_predictor,train,GLLSFLPKVIGVIGHLIHPPS,1,0.9881144165992737
amp_predictor,train,ACCVYKICYPC,0,0.049795184284448624
amp_predictor,train,FLGGLMKAFPALICAVTKKC,1,0.9822632670402527
amp_predictor,train,TKRRITPKDVIDV,1,0.6349042057991028
amp_predictor,train,FWATLAKGALKLIPTIANAFSSKS,1,0.9597365260124207
amp_predictor,train,KVCYRAIPCGESCVWIPCISAAIGCSCKN,1,0.8983177542686462
amp_predictor,train,PYLLNLPPEK,0,0.3050028383731842
amp_predictor,train,PSIQGDAVRV,0,0.04221542179584503
amp_predictor,train,PSSQPRGDPTGQEEPKKKVEKKTTTDPFD,0,0.20589569211006165
amp_predictor,train,IHFKWRRWKFHI,1,0.9999444484710693
amp_predictor,train,FISAIASFLGKFL,1,0.9837456941604614
amp_predictor,train,KWKLFKKIFKRIVQRIKDFLRN,1,0.9937165379524231
amp_predictor,train,GADFYSWG,0,0.021292921155691147
amp_predictor,train,FNALGLSTRDLVALSGAHTIGQAR,0,0.0749957263469696
amp_predictor,train,AQENETNESGSID,0,0.11203181743621826
amp_predictor,train,IPLRGAFINGRWDSQCHRFSNGAIACA,1,0.5089693665504456
amp_predictor,train,GIFDKLKNFAKGVAQSLLNKASCKLSGQC,1,0.9730589389801025
amp_predictor,train,NGKEICLDPEAPFLKKVIQKILD,1,0.20742715895175934
amp_predictor,train,INWSKIFEKVKNLV,1,0.9802995920181274
amp_predictor,train,QQGEGGPYGGLSPLRFS,0,0.1307334452867508
amp_predictor,train,QIHLSLCGLCCNCCHNIGCGFCCKF,1,0.3807237446308136
amp_predictor,train,FLPLLILGSLLMTPPVIQAIHDAQR,0,0.10763956606388092
amp_predictor,train,GQNFTSDKDLYTDSR,0,0.16906651854515076
amp_predictor,train,FDDLMLLLCCRQGPVCFIPLNEWPCSRM,0,0.05453510954976082
amp_predictor,train,GIHDILKYGKPS,1,0.8941777944564819
amp_predictor,train,FKRWVQRWKRFLR,1,0.9989149570465088
amp_predictor,train,FWSFLVKAASKILPSLIGGGDDNKSSS,1,0.7267217040061951
amp_predictor,train,TTKPVTTTKPVTTTTKPVTT,1,0.47329479455947876
amp_predictor,train,KILGKLWKGVKSIF,1,0.9997939467430115
amp_predictor,train,GLLGKVLGVGKKVLCVVSGLC,1,0.994891881942749
amp_predictor,train,FFPIVGKLLSGLSGLL,1,0.9717732667922974
amp_predictor,train,RGCPRILMRCKRDSDCLAGCVCQKNGYCG,0,0.15115711092948914
amp_predictor,train,GLFSVLGAVAKHVLPHVVPVIAEKL,1,0.936690628528595
amp_predictor,train,MRELIRLVSSAGTGHFYT,0,0.07073567062616348
amp_predictor,train,AKCRRWQWRMKKLGA,1,0.9786479473114014
amp_predictor,train,SIITMTKEAKLPQSWKQIACRLYNTC,1,0.42242926359176636
amp_predictor,train,PKRTKYRKPHRVS,0,0.7893925905227661
amp_predictor,train,GGETGNDAKAMWFGPRL,0,0.07139890640974045
amp_predictor,train,DDDDDDHTIEHFETF,0,0.18835383653640747
amp_predictor,train,DSHAKRHHGYKRKFHEKHHSHRGY,1,0.8244390487670898
amp_predictor,train,FVKKFWGGVKAIFKGARKGLK,1,0.9982183575630188
amp_predictor,train,WKRIVRRIWRWLR,1,0.9999326467514038
amp_predictor,train,RGSAGAQGARGDKGEAGEA,1,0.9533387422561646
amp_predictor,train,DNLKKRRRCADDD,0,0.18459002673625946
amp_predictor,train,PAASESGFRRDP,0,0.13561925292015076
amp_predictor,train,LSLTPTPGVLHK,0,0.43595632910728455
amp_predictor,train,ALWMTLLKKVLKAAAKAALNAVLVGANA,1,0.9900949001312256
amp_predictor,train,GIMDTIKNAAKDVVQSLLNKASCKLAKTC,1,0.8703470826148987
amp_predictor,train,GLFKVLGSVAKHLLPHVVPVIAEKL,1,0.9856182932853699
amp_predictor,train,CRKKRRQRRR,1,0.9273785352706909
amp_predictor,train,ISAAEFGKINGPIKK,1,0.9321675300598145
amp_predictor,train,INLLKIAKGIIKSL,1,0.9978684186935425
amp_predictor,train,ALAQLLSLAR,0,0.2783200442790985
amp_predictor,train,ILGKILKGIKKLF,1,0.9996440410614014
amp_predictor,train,HSHRDFQPVLHLVALNSPLSGGMRG,1,0.13618265092372894
amp_predictor,train,VQIFVRDNNVDQALKALK,0,0.13996607065200806
amp_predictor,train,GSTLLSLL,1,0.7172603011131287
amp_predictor,train,RWTWRGSGRWTWR,1,0.979251503944397
amp_predictor,train,QKLCERPSGTWSGVCGNNNACKN,1,0.571845293045044
amp_predictor,train,MATRRFSCLLLSTSEIDLSVKRRI,0,0.3686402142047882
amp_predictor,train,CRQSCSFGPLTFVCDGNTK,1,0.638827919960022
amp_predictor,train,GIMDSVKNVAKNIAGQLLDKLKCKITGC,1,0.9443432688713074
amp_predictor,train,PGGGVSGALSSLVQSLVR,0,0.1383928805589676
amp_predictor,train,FLPLAVSLAANFLPKLFCKITKKC,1,0.9912158250808716
amp_predictor,train,FLWSLIPSAISAVTSLIKK,1,0.9798440933227539
amp_predictor,train,KIIFLIAI,1,0.9871672987937927
amp_predictor,train,LTCYKGYRDTV,0,0.17505791783332825
amp_predictor,train,GCCHIIACRMGCSPCCW,0,0.0418914370238781
amp_predictor,train,CRFCCRCCPRMRGCGLCCRF,1,0.4162971079349518
amp_predictor,train,GLASFLGKALKAGLKIGSHLLGGAPQQ,1,0.9704498052597046
amp_predictor,train,AWLLAIRKR,1,0.9978633522987366
amp_predictor,train,GIGGALLSAKAALGLAKGLAEHFAN,1,0.9634589552879333
amp_predictor,train,GFGSLGKALRLGANVL,1,0.8830862045288086
amp_predictor,train,IWLTALKFLGKNLGKLAKQQLAKL,1,0.9961828589439392
amp_predictor,train,GPSSSAFFGMR,0,0.06817683577537537
amp_predictor,train,SEKITVFQKNFQVTENSSHFV,0,0.2165876179933548
amp_predictor,train,AELTSCFPVDHECDGGASNCNCCGDDVYCA,0,0.033544979989528656
amp_predictor,train,MDIVNIAWAALMVVSTFSLTLVVWGRSGL,0,0.03834524005651474
amp_predictor,train,FISQIISTARI,1,0.6466817855834961
amp_predictor,train,QSHISLCRYCCKCCKTKGCGFCCSF,1,0.63786381483078
amp_predictor,train,GIGSAILSAGKSIIKGLAKGLAEHF,1,0.9849255681037903
amp_predictor,train,QSHLSMCRYCCNCCRNNKGCGFCCKF,1,0.29662591218948364
amp_predictor,train,ILGPVLSLVGNALGGLIKKI,1,0.9919130802154541
amp_predictor,train,ENCGRQAG,1,0.706451416015625
amp_predictor,train,FIGAIARLLSKIF,1,0.9862158298492432
amp_predictor,train,GLMDMVKGAAKNLFASALDTLKCKITGC,1,0.920373797416687
amp_predictor,train,RIWVIRWR,1,0.9998935461044312
amp_predictor,train,AERVGAGAPVYL,1,0.04283281788229942
amp_predictor,train,WWRRWWRRWRRWWRRWWR,1,0.9995629191398621
amp_predictor,train,TPDHQRYVELFIVVDHGMYTKYNGD,0,0.05080457776784897
amp_predictor,train,AVVFDPQPALWAEADTQLEP,0,0.03946244344115257
amp_predictor,train,GCPWMPWC,0,0.013132346794009209
amp_predictor,train,CCSRHCWVCIPCCPN,0,0.03735162690281868
amp_predictor,train,SAQGQDFMRF,0,0.13895247876644135
amp_predictor,train,DEMKLDGFNMHLE,1,0.27120473980903625
amp_predictor,train,MKDVDQIFDALDCHILREYLILLFYD,0,0.22077499330043793
amp_predictor,train,FFHHIFRGIVHVGKTIHRLVTGG,1,0.9975730776786804
amp_predictor,train,TQQAFQKFLAAVTSALGKQYH,1,0.4994271397590637
amp_predictor,train,FLPIIAGMAAKVICAITKKC,1,0.9836881160736084
amp_predictor,train,GSNTECFWKYCV,0,0.27979904413223267
amp_predictor,train,MKKARRSPSRRKGARLWYVGGSQF,0,0.6270346641540527
amp_predictor,train,FPIDDDDKIVGGYTNR,0,0.10515004396438599
amp_predictor,train,NYWKKGKWTIGS,1,0.8780971765518188
amp_predictor,train,QAPWPDTISPP,0,0.026238543912768364
amp_predictor,train,GEFLKCGESCVQGECYTPGCSCDWPICKKN,1,0.22400256991386414
amp_predictor,train,MKRISTTITTTITTTITITITTGNGAG,0,0.38211989402770996
amp_predictor,train,MTHIVRFIGLLLLNASSLRGRRVSGIQH,0,0.30194583535194397
amp_predictor,train,GLPGYFGVN,0,0.0740911141037941
amp_predictor,train,GSSGIIPFPRV,0,0.21800494194030762
amp_predictor,train,FLSLIPHAINAVSALVHHF,1,0.9924148917198181
amp_predictor,train,AHQLPMGTLCNFYEWYRRDD,0,0.05621408298611641
amp_predictor,train,DPCYEVCLQQHGNVKECEEACKHPVEY,0,0.08103975653648376
amp_predictor,train,RVCFAIPLPICH,1,0.9709733724594116
amp_predictor,train,HGVSGHGQHGVHG,1,0.30645430088043213
amp_predictor,train,GIGTKILGGVKTALKGALKELASTYAN,1,0.8965854644775391
amp_predictor,train,VEVATVKNCGKKLLATPR,0,0.543832004070282
amp_predictor,train,RLSRIVVIRVSR,1,0.935360848903656
amp_predictor,train,SCQKWMWLCDEERKCCEDMVCKLWCK,0,0.13450036942958832
amp_predictor,train,FLPLLAASFACTVTKKC,1,0.9830986857414246
amp_predictor,train,YSLKKTSMKIIPFTRL,1,0.43703603744506836
amp_predictor,train,GVPCGESCVFIPCITGVIGCSCSSNVCYLN,1,0.9426528215408325
amp_predictor,train,RKCLRWQWEMRKVGG,1,0.9883512854576111
amp_predictor,train,VLYQAVNVFSMDVIDVNSAAPKTCD,0,0.09395526349544525
amp_predictor,train,RVKRVWPLVIRTVIAGYNLYRAIKKK,1,0.980490505695343
amp_predictor,train,NSELINAILGSPTLFGEV,0,0.10093444585800171
amp_predictor,train,DVNFLLHKIYGNIRY,1,0.4561709463596344
amp_predictor,train,AKCLRWQWEMRKYGG,1,0.9688196182250977
amp_predictor,train,WFKAAAKAAAKFW,1,0.9953811168670654
amp_predictor,train,FGNQQQLKSVADIVINHR,0,0.1315552145242691
amp_predictor,train,ILGKIAEGIKSLF,1,0.9920794367790222
amp_predictor,train,DFPIANGERQSPVDIDTKAVVQDPA,0,0.05962596461176872
amp_predictor,train,TGVAWRIT,1,0.560763955116272
amp_predictor,train,EGDFTPRL,0,0.09724444150924683
amp_predictor,train,VDTSRLFLTVVNNPPTVV,0,0.0732560083270073
amp_predictor,train,LKLSPKTKDTLKKVLKGAIKGAIAIASMA,1,0.9794549942016602
amp_predictor,train,DWTAWSALVAAACSVELL,1,0.23016579449176788
amp_predictor,train,MVGNFPGANYSRDTRRAEIDIQIDIQKI,0,0.10661269724369049
amp_predictor,train,MVKAVTVLNSSEGPHGIVYFAQEGDGPTTV,0,0.04513433575630188
amp_predictor,train,FLPAALAGIGGILGKLF,1,0.9635639190673828
amp_predictor,train,KKLFKKILKYL,1,0.9931502938270569
amp_predictor,train,KPDPEAVLIV,0,0.08329807221889496
amp_predictor,train,FSLFFPYAALKWLRKLLKK,1,0.9918230175971985
amp_predictor,train,PKKKRKVALWKTLLKKVLKA,1,0.9921765923500061
amp_predictor,train,RICPRILMECSSDSDCLAECICLENGFCG,0,0.11346355825662613
amp_predictor,train,LRHKVYGYCVLGP,1,0.7057288885116577
amp_predictor,train,SMLAYVDKNDHINPPHSPRS,1,0.32286539673805237
amp_predictor,train,FLFSLIPSAISGLISAFK,1,0.9686429500579834
amp_predictor,train,CVWGGDCTDFLGCGTAWICV,1,0.5704067945480347
amp_predictor,train,GLFKVLGSVAKHLLPHVAPVIAEK,1,0.975852906703949
amp_predictor,train,MTKKAVVVLWGISQVEGVVNLLQE,0,0.0759209617972374
amp_predictor,train,SGAPGEAGREGAAGN,1,0.9497240781784058
amp_predictor,train,VKIGTYELLKGDFSV,0,0.21264313161373138
amp_predictor,train,TPNSYILQQFENPANPKLIVAIFPSFGER,0,0.1298830211162567
amp_predictor,train,NLVQLGKMIFQETGKNPATSYGL,0,0.08510768413543701
amp_predictor,train,RKKRRRESRKKRRRES,1,0.8218057751655579
amp_predictor,train,FLPVIAGLLSKLF,1,0.9812394380569458
amp_predictor,train,AGDVIYIVR,0,0.2476988583803177
amp_predictor,train,CEWYNISCQLGNKGQWCTLTKECQRSCK,1,0.5644391179084778
amp_predictor,train,GILSGILGVGKMLVCGLSGLC,1,0.884545087814331
amp_predictor,train,GLVGTLLGHIGKAILS,1,0.9850991368293762
amp_predictor,train,AKKVFKRLEKLFSKIWNDK,1,0.9192920327186584
amp_predictor,train,AGWGSIFKHIFKAGKFIHGAIQAHND,1,0.987265944480896
amp_predictor,train,ELAKKALRALKKALKSAK,1,0.9517998695373535
amp_predictor,train,KIAKRIWKILRRR,1,0.9983079433441162
amp_predictor,train,RLLKFIKKLL,1,0.9980705380439758
amp_predictor,train,QSSFHSWG,0,0.048020265996456146
amp_predictor,train,SLPPTLEEEFNMKKMG,1,0.21635647118091583
amp_predictor,train,PFWRIRIRRPRRIRIRWFP,1,0.9971240162849426
amp_predictor,train,AKRHHGYKRKFH,1,0.9492426514625549
amp_predictor,train,QTLIPMPRL,0,0.09767031669616699
amp_predictor,train,SKSLFYQKQYDNINE,0,0.24426820874214172
amp_predictor,train,AVPQSIDWRDYGAVNEVKNQNPCGSCW,0,0.10424184054136276
amp_predictor,train,FYDTTCPK,0,0.3090934455394745
amp_predictor,train,MSGYGTSFALIVVLFILLIIVGTAFVGGY,0,0.1250453144311905
amp_predictor,train,EPFCNKRDDISSPRTGVDIPSFILPGLNL,0,0.17253878712654114
amp_predictor,train,FLPLIGRVLSGIL,1,0.8740584254264832
amp_predictor,train,GTGKFLRRRAFRNHLLDHKTPKQK,0,0.554082989692688
amp_predictor,train,ILGPVLGLVGEPLGGLIKKI,1,0.9590025544166565
amp_predictor,train,FLPLIAGLAANFLPKLFCKITKKC,1,0.9948424696922302
amp_predictor,train,TDRNFLRL,0,0.26207342743873596
amp_predictor,train,FLPLLAGLAAKWF,1,0.9476102590560913
amp_predictor,train,GLFSVLGSVAKHLLPHVVPVIAEKL,1,0.9528933763504028
amp_predictor,train,MVKIGINEFGRIGRLAFRRIYEL,0,0.3815372586250305
amp_predictor,train,MAKINELLRESTTTNSNSIGR,0,0.19336427748203278
amp_predictor,train,THLFQPSLVLDMAKVLLDN,0,0.1453516185283661
amp_predictor,train,KFFRKLKKSVKKRAKEFFKKPRVIGVSIPF,1,0.9536126255989075
amp_predictor,train,GSRYLCTPGSCWKLVCFTTTVK,1,0.9753926396369934
amp_predictor,train,AEPLASQLKEPIAGGGWWAA,0,0.23034979403018951
amp_predictor,train,GFCRCVCRRGVCRCVCTR,1,0.9802147150039673
amp_predictor,train,ENFAGGCTPGYQRTADGRCKPTF,0,0.21932175755500793
amp_predictor,train,SGGAQGQQTEIEI,0,0.07834653556346893
amp_predictor,train,GLIKIVPAMICAVTKKC,1,0.9552909135818481
amp_predictor,train,MIKPDGVQRGLVGEIISRGDFAIDIGR,0,0.06628888100385666
amp_predictor,train,QGGLPRPGPEIPP,0,0.3188856244087219
amp_predictor,train,LNPFRWVINKYREWKNKKDS,0,0.4481968283653259
amp_predictor,train,GLISGLLGVGKMLVCGLSGLC,1,0.8865270614624023
amp_predictor,train,MLMPKRVKYRREHRGRMKGRAKAVRI,0,0.6217746734619141
amp_predictor,train,HEEQITQPSATNDEA,0,0.08334775269031525
amp_predictor,train,QQRKRKIWSILAPLGTTLVKLVAGIG,1,0.8531726002693176
amp_predictor,train,KWKSFIKKLTSVLKKVVTTAKPLISS,1,0.990003228187561
amp_predictor,train,MNKNELVSAVAERAGL,0,0.09596871584653854
amp_predictor,train,TNVKESEFIAEGAAGR,0,0.10590965300798416
amp_predictor,train,GMASKAGAIAGKIAKVALKAL,1,0.9916630983352661
amp_predictor,train,ALWKEVLKNAGKAALNEINNLV,1,0.9310982823371887
amp_predictor,train,NGGTSGLFAFPRV,0,0.038540229201316833
amp_predictor,train,ATGPAGARGSPGSPGND,1,0.8123570680618286
amp_predictor,train,NPVVRITNGAIRGQN,0,0.05967225879430771
amp_predictor,train,HSEGTFSSDYSKYLDSRRAKDFVQWLMST,0,0.1869782954454422
amp_predictor,train,DTHISEKIIDCNDIG,1,0.22025330364704132
amp_predictor,train,GSPGLIPFGRS,0,0.18013834953308105
amp_predictor,train,MHPVLRQMRPQQQAPSQQQPQKALLAP,0,0.08408699929714203
amp_predictor,train,GKWMSLLKHILK,1,0.9905452728271484
amp_predictor,train,RLCRIVWVIRVCR,1,0.999323844909668
amp_predictor,train,MPSQKSPTKRSPTKRSPQKGGKGAKR,0,0.5064066648483276
amp_predictor,train,FRLSPAARNILEKHSLDASQGTATGPR,0,0.16026435792446136
amp_predictor,train,VVYTLKRNGRTLYGF,1,0.15511399507522583
amp_predictor,train,KDGYLVGSDGCKYSCLTRPG,0,0.3041348457336426
amp_predictor,train,LALLKVLLRKIKKAL,1,0.9959778189659119
amp_predictor,train,GCRRLCYKQRCVTYCRGPPR,1,0.9265723824501038
amp_predictor,train,SKDNQKNYIPLIVPFAT,0,0.1405797302722931
amp_predictor,train,KLKNFAIGVAQSLLNKASCKLSGQC,1,0.9833420515060425
amp_predictor,train,SVQFKPRL,0,0.44170868396759033
amp_predictor,train,AVGNEVFANR,0,0.052682969719171524
amp_predictor,train,SGGEMSNMGHSMEE,0,0.10280396044254303
amp_predictor,train,SLVQFEMMIMEVAKRSGLLWYSA,0,0.07868888229131699
amp_predictor,train,MKFNNAGAQGRDRGYIYSEPEFGRTRQVFY,0,0.14433689415454865
amp_predictor,train,GIHAILKYGKPS,1,0.9796265959739685
amp_predictor,train,KLLKQWPIGKLLKKLLKKLLK,1,0.9970159530639648
amp_predictor,train,CCRLACGLGCHPCC,0,0.026879718527197838
amp_predictor,train,WGRAFRRLVRRLARGLRR,1,0.9656757712364197
amp_predictor,train,GLPVCGESCFGGSCYTPGCSCTWPICTRD,1,0.7819864749908447
amp_predictor,train,ARSDNFVRL,0,0.14693249762058258
amp_predictor,train,FLPAVIRVAANVLPTVFCAISKKC,1,0.9661374092102051
amp_predictor,train,GLLDIVKKVVGAFGSL,1,0.9847550988197327
amp_predictor,train,INVLGILGLLGKALSHL,1,0.9900584816932678
amp_predictor,train,SCSGRDSRCPPVCCMGLMCSRGKCVSIYGE,0,0.2650545835494995
amp_predictor,train,INWLKLGKAIIDAL,1,0.9902102947235107
amp_predictor,train,ILGPVLGLVSDTLDDVLGIL,1,0.26929816603660583
amp_predictor,train,GEAANVMGAPK,0,0.5849972367286682
amp_predictor,train,AKGEPGDSGAKGDAG,1,0.9099463820457458
amp_predictor,train,GGNTECFWKYCV,0,0.2763790488243103
amp_predictor,train,GLFGILGSVAKHVLPHVIPVVAEHL,1,0.9667094945907593
amp_predictor,train,KKLFKKILKYLA,1,0.9946914315223694
amp_predictor,train,VNWKKVLGKIIKVAK,1,0.9996778964996338
amp_predictor,train,KWKSFLKTFKSAVKTVLHTALKAISS,1,0.9871581196784973
amp_predictor,train,FLGGLIKKWPWWPWRR,1,0.9993981122970581
amp_predictor,train,GLPVCGETCFGGTCNTPGCSCSYPICTRN,1,0.8987941741943359
amp_predictor,train,GKYGFYTHVFRLKKWIQKVIDQFGE,1,0.6885226368904114
amp_predictor,train,GFLDVIKHVGKAALSVVSHLINE,1,0.9440932869911194
amp_predictor,train,LKLSPKTKKTLKKVLKGAIKGAIAIASMA,1,0.9920663833618164
amp_predictor,train,RHHRKRIGHTIKQLAKLVKHIHEY,0,0.9103128910064697
amp_predictor,train,GILGNIVGMGKKVVCGLSGLC,1,0.9647913575172424
amp_predictor,train,FPVTWRWWTWWKG,1,0.8690914511680603
amp_predictor,train,QGCCNGPKGCSSKWCRDHARCC,0,0.03539915382862091
amp_predictor,train,APSSGFFGTR,0,0.07222377508878708
amp_predictor,train,KVHGSLARAGK,1,0.8843227624893188
amp_predictor,train,GLLKVLGSVAKKVLPKVVPVIAEKL,1,0.9790619015693665
amp_predictor,train,LFGFLIKLIPSLFGALSNIGRNRNQ,1,0.7433395385742188
amp_predictor,train,HLGHHALDHLLK,1,0.9592469930648804
amp_predictor,train,MSPLKAVAVLTGADVKGVVQFT,0,0.11887204647064209
amp_predictor,train,GIPCAESCVWIPCTVTALVGCSCSDKVCYN,1,0.9532271027565002
amp_predictor,train,ADGSDPAGGEFLAEGGGVR,0,0.11536385864019394
amp_predictor,train,INWKKIFESVKNLV,1,0.9802995920181274
amp_predictor,train,IFSAIAGLLSNLL,1,0.8902080059051514
amp_predictor,train,AWLDKLKSLGKVVGKVAIGVAQHYLNPQQ,1,0.8828808069229126
amp_predictor,train,VNQSETPVKHIGKVF,0,0.17855411767959595
amp_predictor,train,ASEDTAEAAAPSA,0,0.03517918288707733
amp_predictor,train,GGDGAPGKDGIRGM,1,0.884318470954895
amp_predictor,train,ERVCCGYPMSCKSRACKPSYCC,0,0.14252109825611115
amp_predictor,train,VKLFPWWNQY,1,0.6233523488044739
amp_predictor,train,FDVMGIIKKIAGAL,1,0.8860116600990295
amp_predictor,train,SNSLFEEVRPIVNGMDCKLG,0,0.10049185156822205
amp_predictor,train,GIMDSVKGLAKNLAGKLLDSLKCKITGC,1,0.9819991588592529
amp_predictor,train,KVTKSVKSIPVKI,1,0.9775977730751038
amp_predictor,train,NGAPQPFVRF,0,0.17595066130161285
amp_predictor,train,SIFAFQDESPSAIAQAKLFK,1,0.25068676471710205
amp_predictor,train,KKKSFIKLLTSAKVSVLTTAKPLISS,1,0.9573531746864319
amp_predictor,train,AYGESANVFGAP,0,0.06515784561634064
amp_predictor,train,FLPFLKSILGKIL,1,0.9967505931854248
amp_predictor,train,VGECVRGRCPSGMCCSQFGYCGKGPKYCGR,1,0.4264998137950897
amp_predictor,train,RLWRIVVIRVAR,1,0.9944571256637573
amp_predictor,train,RQIKIWFQNR,1,0.9808494448661804
amp_predictor,train,CCGIPNAACHPCVCTGKC,0,0.045750588178634644
amp_predictor,train,ADDRNPLEEFRENNYEEFL,1,0.34841015934944153
amp_predictor,train,WKLFKKIPKFLHLAKKF,1,0.9991851449012756
amp_predictor,train,MDIVSIAWAALMVVFSFSLSLVVWGRSGL,0,0.05979367718100548
amp_predictor,train,VERYAFGL,0,0.054174523800611496
amp_predictor,train,IRRRIRLIVRRQI,1,0.9765997529029846
amp_predictor,train,ITIPPIVKDTLKKFIKGAISSVM,1,0.793527364730835
amp_predictor,train,MPNISEIIDSINRRSMAEIIT,0,0.20612920820713043
amp_predictor,train,MAAACRCLSLLLLSTCVALLL,0,0.25152939558029175
amp_predictor,train,TKRFAKRLAERFLTAGRTDP,1,0.31662917137145996
amp_predictor,train,SENTGAIGKVFPRGNHWAVGHLM,0,0.09646765142679214
amp_predictor,train,GLASTLGSFLGKFAKGGAQAFLQPK,1,0.8695399165153503
amp_predictor,train,APLQPGGSPALTKIYPRGSHWAVGHLM,0,0.17146030068397522
amp_predictor,train,SAIACGESCVYIPCFIPGCSCRNRVCYLN,1,0.8180974721908569
amp_predictor,train,DPAFNSWG,0,0.031038297340273857
amp_predictor,train,FLGAIAQALTSLLGKL,1,0.9047770500183105
amp_predictor,train,GLLKSLCRKFVKVHLPELIEELTTTD,1,0.21497966349124908
amp_predictor,train,KNLRRIIRKIIHIIKKYG,1,0.9935835003852844
amp_predictor,train,EDLFYQSSL,1,0.25849705934524536
amp_predictor,train,TPVVNPPFLQQT,1,0.22017544507980347
amp_predictor,train,LDVELTVEERNLLSVGYKDSTLIMQLLR,0,0.1199873834848404
amp_predictor,train,GLMSVLGHAVGNVLGGLFKS,1,0.8182317018508911
amp_predictor,train,LVRGCWTKSYPPKPCFVR,1,0.938994288444519
amp_predictor,train,TTPACFTIGLGVGALFSAKFC,1,0.8845601081848145
amp_predictor,train,ANFEIVNNCPYTVWAAASPGGGRRLDRGQT,1,0.07470851391553879
amp_predictor,train,KKWLKKWLK,1,0.9985198378562927
amp_predictor,train,GEVGPAGGRGSDGPQGA,1,0.9531147480010986
amp_predictor,train,MAPRGFSCLLLSTSEIDLPVKRLLSSVF,0,0.09985385090112686
amp_predictor,train,ANPTFGFTPLGLSSDAN,0,0.07648686319589615
amp_predictor,train,GKCGDINAPCKAECDCCGYTTCDCYWGN,0,0.03875629976391792
amp_predictor,train,SLVQFEKMIKEVAGKNGVPWY,0,0.1778913289308548
amp_predictor,train,ADPTFGFTPLGLSEKANLQIMKAYD,1,0.10391083359718323
amp_predictor,train,SGFVLKGYTKTSQ,1,0.22677753865718842
amp_predictor,train,RRWHRHWRR,1,0.997982382774353
amp_predictor,train,CFKFKFKFGSGFKFKFKFC,1,0.9845808148384094
amp_predictor,train,FLPLIAGVAANFLPKIFCLISKKC,1,0.9961543679237366
amp_predictor,train,FLPVIAGVAANFLPKLFCAISKKC,1,0.993909478187561
amp_predictor,train,GIGSLLAKAAKLGANLL,1,0.9947169423103333
amp_predictor,train,KWKLFKKIPKFLH,1,0.9991286396980286
amp_predictor,train,GIPCGESCVFIPCISSVVGCSCKSKVCYLD,1,0.9109219908714294
amp_predictor,train,GKNGDRGESGPAGPAGPAGPAGA,1,0.9872637391090393
amp_predictor,train,VIGGDECNINEHRFLVALYDF,0,0.09563874453306198
amp_predictor,train,FDIVKKIAGHIVSSI,1,0.994198203086853
amp_predictor,train,EAGEECDCGTPENPCCDAAT,0,0.03204299882054329
amp_predictor,train,FDAFTTGF,0,0.08090256154537201
amp_predictor,train,GLRDFNVAVRASNGKYWTRRPESGTLV,0,0.09717823565006256
amp_predictor,train,MKPALRDFIAIVQERLASVTA,0,0.08511576801538467
amp_predictor,train,VDPAQVSGSWRTAAIASD,0,0.04384162649512291
amp_predictor,train,YDPSPLQDFCIAD,0,0.10259786993265152
amp_predictor,train,GLMDTIKGVAKTVAASWLDKLKCKITGC,1,0.9763090014457703
amp_predictor,train,EDGLHPRLCSC,1,0.07551313936710358
amp_predictor,train,FLPLLAGLAASFLPTIFCKISRKC,1,0.9510189294815063
amp_predictor,train,MSKNTKSKNNGIRKYNAKTEVKLVYFK,0,0.22786164283752441
amp_predictor,train,ILGPVLGLVGNALGGLLKNL,1,0.9801750779151917
amp_predictor,train,AAGPPGATGFPG,1,0.9350893497467041
amp_predictor,train,APKDDTWYTGAKLGWSQYHDT,0,0.09228605031967163
amp_predictor,train,RCCGYKMCHPC,0,0.05351550132036209
amp_predictor,train,QDKPFWPPPIYPM,1,0.327485591173172
amp_predictor,train,GVFGLLAKAALKGASKLIPHLLPSRQQ,1,0.8694356083869934
amp_predictor,train,FLPGLIKVAVGVGSTILCKITKKC,1,0.9976930022239685
amp_predictor,train,MIEIRFHGRGGQGAV,0,0.30198442935943604
amp_predictor,train,RFRRLRKKTRKRLKKI,1,0.896766185760498
amp_predictor,train,KWKSFIKKLTDKFLHSAKKF,1,0.979248046875
amp_predictor,train,AEVTLSALEQLGASEVDLVTLKQAGLVGE,0,0.06179116293787956
amp_predictor,train,GRADNFLRL,0,0.11787981539964676
amp_predictor,train,GILDTLKQFAKGVGKFLVKGAAQ,1,0.983722984790802
amp_predictor,train,FLGSLLGLVGKVVPTLFCKISKKC,1,0.9969670176506042
amp_predictor,train,NGPNGKSQSIIVGPWGDRVTN,0,0.08990649878978729
amp_predictor,train,WLNALLHHGLNCAKGVL,1,0.9952152967453003
amp_predictor,train,FVPWFSKFLWRIL,1,0.9974579215049744
amp_predictor,train,ACEVTQLAVCASAILGGTKPSGECCGNL,0,0.7300866842269897
amp_predictor,train,GCCSYPPCFATNSGYC,0,0.18449194729328156
amp_predictor,train,FVTRGCPRRLVARLIRVMVPRR,1,0.7980718016624451
amp_predictor,train,FLPILAGLAANLVPKLICSITKKC,1,0.9916218519210815
amp_predictor,train,LLWKALRLWWKVL,1,0.9994505047798157
amp_predictor,train,GLLKKLLKIAAKVGKKLL,1,0.9991427659988403
amp_predictor,train,GLPICGESCVGGTCNTPGCTCTWPVCTRN,1,0.9415363669395447
amp_predictor,train,GHSVDRIPEYFGPPGLPGPVLFYS,1,0.23577435314655304
amp_predictor,train,AGFAAQAAASLAPVAVQQL,1,0.45380476117134094
amp_predictor,train,AKTIAYDEEARRGLERGLNSLADAVKVT,0,0.11546136438846588
amp_predictor,train,KCRRLCYRQRCVTYCRGR,1,0.9766898155212402
amp_predictor,train,FLPILGNLLSGLL,1,0.9262757301330566
amp_predictor,train,RRLRKKTWKRLW,1,0.9944849610328674
amp_predictor,train,KNLRRIIRKGIHIIKKYG,1,0.991058886051178
amp_predictor,train,KTRNWFSEHFKKVKEKLKDTFA,1,0.36610865592956543
amp_predictor,train,MIFDGKVAIITGGGKAKSIGYGIAVAYAK,0,0.7589327096939087
amp_predictor,train,NSELINAILGSPTLMGEV,0,0.07411359995603561
amp_predictor,train,RGSNLTHPLRNI,0,0.22154508531093597
amp_predictor,train,NFLGTLVNLAKKIL,1,0.9927487969398499
amp_predictor,train,NRWWQGVVPTVSYECRMNSWQHVFTCC,1,0.36793604493141174
amp_predictor,train,DRIPVICEKVDKSD,0,0.13217242062091827
amp_predictor,train,MDIVNIAWAALMVVSTSSLSPVAWGRSGL,0,0.04957156628370285
amp_predictor,train,TKSPDCGGILSPSGLSYFA,0,0.22452323138713837
amp_predictor,train,IHSKPPREQL,0,0.4185052514076233
amp_predictor,train,MKKCAFVSDFDGTISKQDFY,0,0.21726872026920319
amp_predictor,train,QGLIPFPRV,0,0.2886751592159271
amp_predictor,train,GIFSNMYARTPAGYFRGPAGYAAN,1,0.08863912522792816
amp_predictor,train,MDPEPTPLPRWRIFLFR,0,0.30304330587387085
amp_predictor,train,ILGPVLGLVGSALGGLLKKI,1,0.9870592355728149
amp_predictor,train,NSELINSILGLPKVMNDA,0,0.17771181464195251
amp_predictor,train,AYTVTLYLQG,0,0.04916052520275116
amp_predictor,train,FLPKLFAGIISKNF,1,0.9968095421791077
amp_predictor,train,FLPAIAGILSQLF,1,0.7295722365379333
amp_predictor,train,GASGLISFPRV,0,0.07967011630535126
amp_predictor,train,RPKPQQFFGLM,1,0.20960168540477753
amp_predictor,train,QNQPPDFANPFIIPQNAA,0,0.09572480618953705
amp_predictor,train,MSILPVIFLPIFFYSSFVQTFNASECIDKG,0,0.2104385793209076
amp_predictor,train,PQAVIVASG,1,0.2056194245815277
amp_predictor,train,MDIVSLTWAALMVVFTFSLSLVVWGRSGL,0,0.04145032539963722
amp_predictor,train,AAALSQAADNLR,0,0.1321105659008026
amp_predictor,train,GLMSTLKGAATNVAVTLLNKLQCKLTGTC,1,0.9029002785682678
amp_predictor,train,FLPAVLRVAAQVVPTVFCAISKKC,1,0.9135217666625977
amp_predictor,train,KWAFRVCYRGICYRRSR,1,0.9939770698547363
amp_predictor,train,GLLGSIGKVLGGYLAEKLKPK,1,0.9777758717536926
amp_predictor,train,FFPIVAGVAGQVLKKIFCTISKKC,1,0.9967932105064392
amp_predictor,train,GILSNVLGMGKKIVCGLSGLC,1,0.9741979241371155
amp_predictor,train,GPEGLRGNRGERGPRGFRG,1,0.8146079778671265
amp_predictor,train,VSSKYLSKVKVKAGK,1,0.9320241808891296
amp_predictor,train,FLPFFAACAITKKC,1,0.9921455979347229
amp_predictor,train,RRRRRNWMWC,1,0.9932326078414917
amp_predictor,train,WWSYVRRWRSR,1,0.9945589900016785
amp_predictor,train,FLSLIPHAINAISAIANHF,1,0.9796161651611328
amp_predictor,train,WLNALLKKGLNCAKGVLA,1,0.9989182949066162
amp_predictor,train,AYSYVSEYKRLPVYNFGL,0,0.07478269189596176
amp_predictor,train,MALKAVCVLKGAGETSGTVHFEQEDN,0,0.09636543691158295
amp_predictor,train,WKSYVRRWRS,1,0.9892186522483826
amp_predictor,train,GHAKGDKKVSKK,0,0.6628247499465942
amp_predictor,train,QLASDDYGHMRF,0,0.05244886130094528
amp_predictor,train,LKWLLKWLK,1,0.9995941519737244
amp_predictor,train,WRSLGRTLLRLSHALKPLARRSGW,1,0.7646251916885376
amp_predictor,train,FLPIVAKLLSGLL,1,0.9692178964614868
amp_predictor,train,FFGALIPAVAGAIGGFFRK,1,0.7098785042762756
amp_predictor,train,VPATIPLTITNDSGG,0,0.05155542492866516
amp_predictor,train,DCLPGWSSHEGHCYKVFNQEMYWADAEKFC,0,0.0862632468342781
amp_predictor,train,SNVCFNACMKISSSQKTCQILC,0,0.6529573798179626
amp_predictor,train,RGPPGPMGPPG,1,0.8431316018104553
amp_predictor,train,FLGSIIGALAKGLPSLIALIKK,1,0.996695876121521
amp_predictor,train,FLPIIAGIAAKFLPKIFCTISKKC,1,0.9983763694763184
amp_predictor,train,KDALEHTGFAPK,0,0.19948509335517883
amp_predictor,train,GFMDTAKNVAKNVAVTLIDKLRCKVTGGC,1,0.7638111114501953
amp_predictor,train,SPQAKKRIRRNDRRAEVNTARMSR,0,0.561457633972168
amp_predictor,train,FIIFRIAASHKK,1,0.9991205334663391
amp_predictor,train,GIGRKFLGGVKTTFRCGVKDFASKHLY,1,0.8225942254066467
amp_predictor,train,LRRLWLRANRLLRRLWLRANRL,1,0.9767986536026001
amp_predictor,train,KDCERRFSRSDQLKRHQRRHTGVKPFQK,1,0.6952595114707947
amp_predictor,train,FLSTLWNAAKSIF,1,0.9267820119857788
amp_predictor,train,TKTEEGEFISEGGGVR,0,0.12110522389411926
amp_predictor,train,RRRRRRRRRRRTYADFIASGRTGRRNAI,1,0.8897072076797485
amp_predictor,train,YKDQGLEILAFPCNQFG,0,0.11626941710710526
amp_predictor,train,LRLDLSNLR,0,0.29990237951278687
amp_predictor,train,MTQRPWSKLQRKTHNIAALKIIARRSE,0,0.44578123092651367
amp_predictor,train,AEVLMDFPQLTMTLPDGREESVMKRTTLVA,0,0.0745631605386734
amp_predictor,train,QKKDRFLGLF,0,0.8329490423202515
amp_predictor,train,AGETHTVMINHAGRGAPKLVVGGKKLS,1,0.4408884346485138
amp_predictor,train,MLNIALHGYSLSKSAMDSRLTRKQSKSCT,0,0.27855217456817627
amp_predictor,train,GLFGVLAKVASHVVPAIAEHFQA,1,0.6003259420394897
amp_predictor,train,FFRNLWKGAKAAFRAGHAAWRA,1,0.9531821012496948
amp_predictor,train,GVVPHDFRI,1,0.6582834124565125
amp_predictor,train,MADEALQHTFFA,0,0.1414256989955902
amp_predictor,train,VGKTWIKVIRGIGKSKIKWQ,1,0.9986023306846619
amp_predictor,train,FLQHIIGALSHFF,1,0.9722498655319214
amp_predictor,train,GLEETVYIYGANMAS,1,0.0890788659453392
amp_predictor,train,KKLAKLALLKWLLALKKLALLALKK,1,0.998405396938324
amp_predictor,train,RPPGWSPFR,0,0.5144113898277283
amp_predictor,train,FKRIVQRIKDFLR,1,0.9675187468528748
amp_predictor,train,GIGKFLHSAGKFGKAFIGEIMKS,1,0.9678440093994141
amp_predictor,train,AVAGEKLWLLPHLLKMLLTPTP,1,0.36662137508392334
amp_predictor,train,GANLAKKFYTYINKFINYAW,1,0.5156639814376831
amp_predictor,train,KWKLFKKIGIGAVLKVLTTGLPALKLTLK,1,0.9984606504440308
amp_predictor,train,GIGAKILGGVKTALKGALKELASTYVN,1,0.9532631635665894
amp_predictor,train,SQISLRGSNLTI,0,0.20348212122917175
amp_predictor,train,FLPLIGKVLSGIL,1,0.9842786192893982
amp_predictor,train,ATYRTGRATRESLSGVEISGRLYRLR,1,0.4498356878757477
amp_predictor,train,KKKKKKAGFAAWAAFGA,1,0.9936705827713013
amp_predictor,train,VSKGDLGLVVRCLP,0,0.31900349259376526
amp_predictor,train,GLFDIIKKIAESFKFSEAIKKIIDFLG,1,0.9571588635444641
amp_predictor,train,QLTFTPGWGY,0,0.020168086513876915
amp_predictor,train,TDVKESEFIAEGAVGR,0,0.07924821972846985
amp_predictor,train,APSSMGFMGMR,0,0.04834934324026108
amp_predictor,train,QVRYRQCYFNPISCF,0,0.18704217672348022
amp_predictor,train,VAIALKAAHYHTHKE,1,0.4603060483932495
amp_predictor,train,AVDLAKIANKVLSSLF,1,0.9513758420944214
amp_predictor,train,SQRGLRKILGKRQRLLAYLSKKNR,0,0.6998788714408875
amp_predictor,train,GLWQKIKNAAGDLASGIVEGIKS,1,0.9162898659706116
amp_predictor,train,ACGSCRKKCKGSGKCINGRCKCY,0,0.2641092836856842
amp_predictor,train,GLPVCGETCTLGTCYTQGCTCSWPICKRN,1,0.9510669112205505
amp_predictor,train,VNDGYLDNGLQEGDFE,0,0.09756980091333389
amp_predictor,train,FLPIVGKLLSGLSGLS,1,0.9581347703933716
amp_predictor,train,GGGGTSGLFAFPRV,0,0.06130609288811684
amp_predictor,train,YKVDEDLQGAGGIQSRGYFFFRPRN,0,0.09086738526821136
amp_predictor,train,QKKDKKDRF,0,0.3902285099029541
amp_predictor,train,QNWPRPQIPP,0,0.04627260938286781
amp_predictor,train,PQAAIVAAG,1,0.7117721438407898
amp_predictor,train,ILGTILGLLKGL,1,0.9693111777305603
amp_predictor,train,FLSLALAALPKFLCLVFKKC,1,0.9919458031654358
amp_predictor,train,GIKHILFMAKTKLPRATCTAEIKENCDRKK,1,0.38745227456092834
amp_predictor,train,DVNGGWSCATTVDAKFRPNGCTD,0,0.08884705603122711
amp_predictor,train,SVAVAGAVIEGATLTFNVLQ,0,0.06912678480148315
amp_predictor,train,AKKVFKRLEKLFSKIQNDK,1,0.6140815019607544
amp_predictor,train,FLGGLIKPWWPWRR,1,0.9974194765090942
amp_predictor,train,MANIKSAIKRAKTSEK,0,0.38475242257118225
amp_predictor,train,DCCGVKLEMCHPCLCDNSCKNYGK,0,0.06658610701560974
amp_predictor,train,WDVNDCIHFCLIGVVERSYTECHTMCT,0,0.09471055120229721
amp_predictor,train,GLWSKIKEAGKAAVKAAGKAALGAVANSV,1,0.9768615365028381
amp_predictor,train,QSHLSLCRWCCNCCHNKGCGFCCKF,1,0.3218856751918793
amp_predictor,train,FLGGILKVASKIPSVFCAVLKTC,1,0.9964727759361267
amp_predictor,train,HNPASFIGLM,0,0.24738942086696625
amp_predictor,train,GIMSSLMKKLAAHIAK,1,0.9301595091819763
amp_predictor,train,VNWKKILKKIIKVVK,1,0.9994018077850342
amp_predictor,train,GKNGDRGESGPAGPA,1,0.9474461674690247
amp_predictor,train,MHLSTLPNVPWPNRSFTTKRPPLPNMSFSW,0,0.16713650524616241
amp_predictor,train,FRCRRRFCRF,1,0.9940232634544373
amp_predictor,train,MMKLVIILIVLLLVSFAAY,0,0.24332821369171143
amp_predictor,train,FFFLSRIFGK,1,0.9762548208236694
amp_predictor,train,SPHYNFGL,0,0.181064635515213
amp_predictor,train,GIFTFEDESTTTVAPAKLYK,1,0.18708528578281403
amp_predictor,train,QTCCGSKVFCC,0,0.612425684928894
amp_predictor,train,KNGDRGESGPAGPAGPAGPAGA,1,0.9797592759132385
amp_predictor,train,GSRPIYVPPPRPPHPRL,1,0.7748907804489136
amp_predictor,train,MNPNCARCGKIVYPTEKVNCLDKFWHKACF,0,0.39729028940200806
amp_predictor,train,GIPCGESCVYIPCLTSAIGCSCKSKVCYRN,1,0.9329598546028137
amp_predictor,train,VNPIILGVLPKFVCLITKKC,1,0.9916444420814514
amp_predictor,train,MDTVSIAWAALMVIFTFSISLVVWGRNGL,0,0.047392588108778
amp_predictor,train,FFRHIKSFWKGAKAIFRGARQG,1,0.9825160503387451
amp_predictor,train,FKYDSTHGRFHGEVKAEGGKL,1,0.242203950881958
amp_predictor,train,CVKRGLKLRHVRPRVTRDV,1,0.92982417345047
amp_predictor,train,AALRGCWTKSIPPKPCSGKR,1,0.7054032683372498
amp_predictor,train,DCPSDWSPYEGHCYK,0,0.023999294266104698
amp_predictor,train,RDALKSSVDAVKYFGKGTYT,1,0.21744538843631744
amp_predictor,train,FRGRTVARGPLSIARLGPR,0,0.3147299587726593
amp_predictor,train,GPMGPRGPPGPAG,1,0.9446901679039001
amp_predictor,train,VVAAGANPVLITRDLVNVLEDAIR,0,0.03077845834195614
amp_predictor,train,LPGPTGEPGKQGPGGPSGE,1,0.934790313243866
amp_predictor,train,FLPILGKLLSGFL,1,0.9807544946670532
amp_predictor,train,LKVPDLPLPE,0,0.2181297242641449
amp_predictor,train,INWKKLLDAAKQIL,1,0.9796437621116638
amp_predictor,train,VFDIIKDAGKQLVAHAMGKIAEKV,1,0.5548527836799622
amp_predictor,train,AAVPSGASTGVYEALELRFRAPVEPY,0,0.06543061882257462
amp_predictor,train,IASKFICTPGCAKTGSFNSYCC,1,0.9902149438858032
amp_predictor,train,MIDKAIIVLGALIALLELIRFLLQLLN,0,0.3705237805843353
amp_predictor,train,AAGQDFMRF,0,0.12094470858573914
amp_predictor,train,INWKKIKSLIKAAMS,1,0.9927067160606384
amp_predictor,train,MMRVMRRKTKVIWEKKDFIGLYSID,1,0.33696815371513367
amp_predictor,train,RAKRRQRRR,1,0.9037559032440186
amp_predictor,train,MTRRYWNIDLE,0,0.24858759343624115
amp_predictor,train,VGALAVVVWLYLWLW,1,0.43550994992256165
amp_predictor,train,GAPKGCWTKSYPPQPCFGKK,1,0.658144474029541
amp_predictor,train,EVLYIPVTTDA,0,0.08320175856351852
amp_predictor,train,ITSVSWCTPGCTSEGGGSGCSHCC,1,0.8585379719734192
amp_predictor,train,FVLPFDVLDSGRDLDRGWPYA,0,0.04094519093632698
amp_predictor,train,GIFGKILGVGKKVLCGLSGWC,1,0.9972276091575623
amp_predictor,train,QLTFTSSWG,0,0.05519853159785271
amp_predictor,train,GIPCGESCVWIPCISSAIGCSCKNKVCYRN,1,0.9153605699539185
amp_predictor,train,PLLQATLGGGS,1,0.4999423027038574
amp_predictor,train,GPLGAAGP,1,0.9942349791526794
amp_predictor,train,IKIPAFVKDTLKKVAKGVISAVAGALTQ,1,0.9572984576225281
amp_predictor,train,KPEEDWGHR,0,0.16525864601135254
amp_predictor,train,EGANSNEAKGMWFGPRL,0,0.12248626351356506
amp_predictor,train,INWLKLGKKILGAI,1,0.999535083770752
amp_predictor,train,GIKFFLKKLKKHI,1,0.9994066953659058
amp_predictor,train,VQRKRQKLMP,1,0.5154783725738525
amp_predictor,train,FLKALWKVAKKVF,1,0.9997727274894714
amp_predictor,train,RAIKIWFQNRRMKWKK,1,0.9807253479957581
amp_predictor,train,SGADTTFLTK,0,0.18483713269233704
amp_predictor,train,RIPSTEEVVVRTESG,0,0.18915730714797974
amp_predictor,train,QGCCNVPNGCSGRWCRDHAQCC,0,0.016451839357614517
amp_predictor,train,GAAGPKGGPGE,1,0.998204231262207
amp_predictor,train,RIKRFWPVVIRTVVAGYNLYRAIKKK,1,0.9827902317047119
amp_predictor,train,IHHIHHIIHHIHHIIHHIHHI,1,0.9909353852272034
amp_predictor,train,AKRLKKLAKKIWKWL,1,0.9988418221473694
amp_predictor,train,ISAVKEMTVRDALNSA,0,0.11168009042739868
amp_predictor,train,ADDRCERMCQRYHDRREKKQCMKGCRYG,1,0.4267100691795349
amp_predictor,train,SPPPGESKVDMSFNYALSNPAQ,1,0.17261241376399994
amp_predictor,train,SITKIKAREILD,0,0.3970714509487152
amp_predictor,train,NLYQFKNMIHCTVPSRPWWHFADYGCYCGR,0,0.13687120378017426
amp_predictor,train,CVHWQTNPARTSRIGP,1,0.5561519861221313
amp_predictor,train,MRNISLTTTIITTTDTTGNGAG,0,0.13612054288387299
amp_predictor,train,CAAFGSFCGLPGLVDCCSGRCFIVCLL,0,0.7642161250114441
amp_predictor,train,LLPIVGNLLKSLL,1,0.9558326601982117
amp_predictor,train,LSSALSALSSALSSK,1,0.6213658452033997
amp_predictor,train,GIGKHVGKALKGLKGLLKGLGEC,1,0.9929322004318237
amp_predictor,train,LLGMIPLAISAISSLSKL,1,0.6958872675895691
amp_predictor,train,WIIFRIAASHKK,1,0.9997316002845764
amp_predictor,train,KPPPWVPV,1,0.7392756342887878
amp_predictor,train,NLYQFKNMIEEAATGT,0,0.1646537035703659
amp_predictor,train,TKRRITPDDVIDVRSVTTEINT,1,0.46339714527130127
amp_predictor,train,SINNTGGSGNRRLDKNGFAGQ,0,0.12685900926589966
amp_predictor,train,FLGALIPAIAGAIGGLIRK,1,0.9250733852386475
amp_predictor,train,SMIRGPRAAFGTLIGQ,0,0.05028702691197395
amp_predictor,train,MVPYRNPRHQHVASVLRSGG,0,0.12209687381982803
amp_predictor,train,KKKKKKAAFAAWAAFAA,1,0.9932327270507812
amp_predictor,train,GLFDVIKKVASVIGLASQ,1,0.9112576842308044
amp_predictor,train,GLWKSLLKNVGKAAGKAALNAVTDMVNQA,1,0.9472997188568115
amp_predictor,train,DCPSDWSNHEGHCYRVFNEWMNWAD,0,0.03300311043858528
amp_predictor,train,GNLKALAAVAKKIL,1,0.9989307522773743
amp_predictor,train,ASNQDFMRF,0,0.10099592804908752
amp_predictor,train,NYRRRCKNQN,1,0.7287070751190186
amp_predictor,train,KYPLEKFQNIG,0,0.2499171793460846
amp_predictor,train,MADAAVHGHGDHHDTRGFFTRWFMS,0,0.037809621542692184
amp_predictor,train,HLNKRVQRLLIRWLDWLK,1,0.9957181811332703
amp_predictor,train,MTRVQFKQHHHHHHPD,0,0.29059070348739624
amp_predictor,train,GSAQPYKQLHKVVNWDPYG,1,0.20101776719093323
amp_predictor,train,RKCLRWQWRMRKVGG,1,0.9951050281524658
amp_predictor,train,GLISTIWNTASNVAGTLTDSVKCKFKKC,1,0.9658668637275696
amp_predictor,train,YDGTNCKPGVCWEPKPGY,0,0.2118477076292038
amp_predictor,train,GAAGDAGKPGERGVA,1,0.9712821245193481
amp_predictor,train,RFRRLRWKTRWRLKKICYCRRRFCVCV,1,0.9986516833305359
amp_predictor,train,FEDAKKVRFFKSNSETIK,0,0.33100125193595886
amp_predictor,train,GIGGALLNVGKVALKGLAKGLAEHFAN,1,0.9865012764930725
amp_predictor,train,FFPTIAGLTKLFCAITKKC,1,0.9956476092338562
amp_predictor,train,VTTEIRFADSKPKSVLLDKIKNLQVALTSK,1,0.22205327451229095
amp_predictor,train,KWKSFIKKLTSKALHSAKKF,1,0.9876694083213806
amp_predictor,train,MNKKSIRNVNLKGKRVFDRV,0,0.35927823185920715
amp_predictor,train,QTFHYSQGWTN,0,0.04441235587000847
amp_predictor,train,GIFGKILGAGKKVLCGLSGLC,1,0.9958437085151672
amp_predictor,train,MVRRFLVTLRIRRACGPPRVRV,1,0.7980718016624451
amp_predictor,train,RCCPMPGCFAGPFCPCC,0,0.033241868019104004
amp_predictor,train,AGPYAFGL,0,0.09214997291564941
amp_predictor,train,GADVAHKQQSVNHLLYLVTSHYPSLDYSLL,0,0.13332469761371613
amp_predictor,train,RLKLLLLRLK,1,0.9836124777793884
amp_predictor,train,KTCENLADTY,1,0.32794609665870667
amp_predictor,train,FVPWFSKFLGRIL,1,0.9944159984588623
amp_predictor,train,DVGPSTLANN,0,0.08357797563076019
amp_predictor,train,VPGGDECNINEHRSL,0,0.12525998055934906
amp_predictor,train,APAMGFQGVR,0,0.14238089323043823
amp_predictor,train,GEGFLGMLLHGVGHAIHGLIHGK,1,0.9662033915519714
amp_predictor,train,GNIPCGESCIFFPCFNPGCSCKDNLCYYN,1,0.23262958228588104
amp_predictor,train,GAKGDAGSPGPAGPTG,1,0.9876296520233154
amp_predictor,train,LDVKKIICVACKIRPNPACKKICPK,1,0.6700405478477478
amp_predictor,train,PDQLVQDLVEERLEQADAKSGWILDGFPR,0,0.07015924900770187
amp_predictor,train,SKQCCHLAACRFGCTPCCW,0,0.18607938289642334
amp_predictor,train,GVSKILHSAGKFGKAFLGEIMKS,1,0.9685000777244568
amp_predictor,train,MIIYRDKKSH,1,0.5458245873451233
amp_predictor,train,GHKLGEFAPTRTFRGHKKEDKKVKR,0,0.4395579397678375
amp_predictor,train,TDTEFEAAGGGVR,0,0.03552838787436485
amp_predictor,train,AVPLIYNRPGIYVTKRPKGK,1,0.44203779101371765
amp_predictor,train,RYCPSGCRKKPYGGGCSC,0,0.210349902510643
amp_predictor,train,VIGGAEENINEHRSL,0,0.085669606924057
amp_predictor,train,KRTLEGTKRKSIRKSGFRARMATK,0,0.5152478814125061
amp_predictor,train,FKRSVQRIKDFLR,1,0.8378563523292542
amp_predictor,train,ATIEVYNILPYYYYVSKAWSWNGN,0,0.044367168098688126
amp_predictor,train,CVHWQTNTARTSCIGP,1,0.9410048127174377
amp_predictor,train,TSNNWLAKNYLSMWNKKSSNPNL,1,0.2751283049583435
amp_predictor,train,GPIRRPKPRPRQRPE,1,0.7903682589530945
amp_predictor,train,GIGGALLSFGKSALKGLAKGLAEHF,1,0.9770824909210205
amp_predictor,train,FLGGLIGPLMSLIPGLLK,1,0.8805433511734009
amp_predictor,train,TSMGFQGVR,0,0.061773885041475296
amp_predictor,train,SPSQDFMRF,0,0.10486102104187012
amp_predictor,train,CSTNTFSLSDYWGNNGAWCTLTHECMAWCK,1,0.37502285838127136
amp_predictor,train,AVPAVRKTNETLD,1,0.09608530253171921
amp_predictor,train,LKKLLKKLKKLL,1,0.9962490200996399
amp_predictor,train,GPNPGFSPFR,0,0.4100450575351715
amp_predictor,train,EWEEWLLA,0,0.10794202983379364
amp_predictor,train,GLGSLLGKAFKIGLKTVGKMMGGAPREQ,1,0.7472819685935974
amp_predictor,train,VALGGCLPTVQLGR,0,0.15311118960380554
amp_predictor,train,KWKSFKKKLTSKFLHSAKKF,1,0.9690038561820984
amp_predictor,train,IGDIWSGIQG,0,0.11449452489614487
amp_predictor,train,MMKLLIIVVLLVISFPAY,0,0.22846601903438568
amp_predictor,train,QLGPPPRPQIPP,0,0.06902386248111725
amp_predictor,train,GYEEREIAETVRELEEA,0,0.2082294374704361
amp_predictor,train,GGVGKIIEYFIGGGVGRYG,1,0.32917726039886475
amp_predictor,train,FRIRVRVKWKLFKKI,1,0.9997187256813049
amp_predictor,train,SKCRQWQWKIRRTNP,1,0.9455080628395081
amp_predictor,train,KEGYLLGSRG,0,0.3693910241127014
amp_predictor,train,MVKTPITEAIAAADTQGRFLS,0,0.08511261641979218
amp_predictor,train,WKKIASIGKEVLKAL,1,0.9978107810020447
amp_predictor,train,DINGGGATLPQKLYQTSGVLT,0,0.06061219796538353
amp_predictor,train,SLFGTFAKMALKGASKLIPHLLPSRQQ,1,0.5059849619865417
amp_predictor,train,ALWKTLLKKVLKAPKKKRKV,1,0.9921765923500061
amp_predictor,train,AFFTTVKNLVTNVAGTVIDKMKCKLTGEC,1,0.6434822082519531
amp_predictor,train,FLPLLAGLAANFLPKLFCKITKKC,1,0.9922816157341003
amp_predictor,train,TQACRINSGNVPSELDLRSLRTVTPIRMQG,0,0.10509108006954193
amp_predictor,train,LRCMCIKWWSGKHPK,1,0.9020291566848755
amp_predictor,train,QVNFSPNW,0,0.05492608994245529
amp_predictor,train,ACLDIGNSCRED,0,0.07937503606081009
amp_predictor,train,KWKLFKKIPLAKKF,1,0.9984803795814514
amp_predictor,train,GRKKRRQRRPPQC,1,0.856432318687439
amp_predictor,train,RRWCFRVCYKGFCYRKCR,1,0.9969647526741028
amp_predictor,train,SHGKQETDEEFDANL,0,0.2844407260417938
amp_predictor,train,KRFRIRVRVIRK,1,0.9906235337257385
amp_predictor,train,LNLKALAAVAKKIL,1,0.9983240962028503
amp_predictor,train,EKYTEVPEYI,1,0.36159273982048035
amp_predictor,train,NSDEQFDDYGYMRF,0,0.05067809298634529
amp_predictor,train,ANQTYFNFQRFEETN,0,0.17852836847305298
amp_predictor,train,GWLDVAKKIGKAAFNVAKNFI,1,0.9980487823486328
amp_predictor,train,GLLDTLKGAAKNVVGSLASKVMEKL,1,0.862949013710022
amp_predictor,train,NLLQFGYMIRCANGRSRPVW,0,0.1366010308265686
amp_predictor,train,KFFKKLKNSVKKRAKKFFKKPKVIGVTFPF,1,0.9820496439933777
amp_predictor,train,KLQLPTLDDPVPIGIAPAIT,0,0.0978362113237381
amp_predictor,train,GLLDFLKAAGKGLVSNLLEK,1,0.9739965796470642
amp_predictor,train,DGAKGDSGPAGPKGEPGSSGE,1,0.8751410841941833
amp_predictor,train,GIGSAILSAGKSALKGLAKGLAEHFAN,1,0.9644541144371033
amp_predictor,train,KDDHCKDLGSIDDDE,0,0.0813697874546051
amp_predictor,train,MDFIIDIIKKIVGLFTGK,0,0.769366979598999
amp_predictor,train,HLNKRVQRELIRWLDWLK,1,0.9721250534057617
amp_predictor,train,GLRSKIWLWVLLMIWQESNKFKKM,1,0.8007200360298157
amp_predictor,train,KFRSNGRHGSGSRLGGGSLIGRPGGGS,1,0.5536848902702332
amp_predictor,train,WKSYVRRWRSRY,1,0.983590304851532
amp_predictor,train,INIKDILAKLVKVLGHV,1,0.9899851083755493
amp_predictor,train,PPCRGIFCRRVGSSSAIARPGKTLSTFITV,1,0.38332709670066833
amp_predictor,train,GFGPAFHSVSNFAKKHKTA,1,0.7543851137161255
amp_predictor,train,GFLGPLLKLGLKGAAKLLPQLLPSRQQ,1,0.7591376900672913
amp_predictor,train,CGAYDLRRRERQSRLRRRERQSR,1,0.8382564783096313
amp_predictor,train,FLSLIPHIVSGVASLAIHFG,1,0.9824991226196289
amp_predictor,train,EGKAIGLAKPRMDST,0,0.16352656483650208
amp_predictor,train,GLYCCQPKPNGQMMCNRWCEINSRCCGRR,0,0.21607568860054016
amp_predictor,train,VGCEECPMHCKGKNAVPTCDNGVCNCNA,0,0.05785653740167618
amp_predictor,train,EQFDEEFDIT,0,0.2698357105255127
amp_predictor,train,GLPCGESCVFIPCITTVVGCSCKNKVCYND,1,0.9044342041015625
amp_predictor,train,FVDLKKIANIINSIF,1,0.9497328996658325
amp_predictor,train,SVVAAYMV,0,0.12888795137405396
amp_predictor,train,CPRILMKCKLDTDCFPTCTCRPSGFCG,0,0.5972777009010315
amp_predictor,train,EAEPHSRI,0,0.15070344507694244
amp_predictor,train,EKGKEILGKI,0,0.7602734565734863
amp_predictor,train,KRWRIRVRVIRK,1,0.9978522062301636
amp_predictor,train,WKKIPKFLHLLKKF,1,0.9994107484817505
amp_predictor,train,FLPFFAACAITRKC,1,0.9796016216278076
amp_predictor,train,EVHNFACLGKPDPGGCAHYIYRRYYYV,0,0.0675852969288826
amp_predictor,train,VDDTTPLSEETMMRIGGYMV,0,0.047189097851514816
amp_predictor,train,GLFDIVKKIAGHIVSSI,1,0.9961487054824829
amp_predictor,train,PQAAIAASG,1,0.6150129437446594
amp_predictor,train,FWGALAKGALKLIPSLFSSFSKKD,1,0.9800233840942383
amp_predictor,train,LSAMLEDTENWLYEELSLTQDPVV,0,0.10994067043066025
amp_predictor,train,KKDGYLVNKYTGCKVNCYKLGENKFCNRE,0,0.18311342597007751
amp_predictor,train,GLPICGETCVGGTCNTPGCSCSWPVCTRN,1,0.9234275817871094
amp_predictor,train,PRRRTRRASRPVRRRRPRRVSRRRRARRRR,0,0.9172930121421814
amp_predictor,train,MKIILWAVLIIFLIGLLVVTGVFKMIF,0,0.6174218654632568
amp_predictor,train,GLMSSIGKALGGLIVDVLKPKTPAS,1,0.6318365335464478
amp_predictor,train,FLGLIFHGLVHAGKLIHGLIHRNRG,1,0.9988341927528381
amp_predictor,train,KIKWFKTMKSIAKFIAKEQMKKHLGGE,1,0.8262670636177063
amp_predictor,train,GVQKSEVVITSA,1,0.10515329241752625
amp_predictor,train,KQQLATEAESAGPIL,1,0.11259883642196655
amp_predictor,train,RSMRLSFRARGYGFR,1,0.6160536408424377
amp_predictor,train,RRGCFRVCYRGFCFQRCR,1,0.9927272796630859
amp_predictor,train,ILGIITSLLKSL,1,0.9227691292762756
amp_predictor,train,WLLKRWKKLL,1,0.9997218251228333
amp_predictor,train,HSDGTFTSELSRLRESARLQRLLQGLV,0,0.17213532328605652
amp_predictor,train,KFLSGGFKEIVCHRYCAKGIAKEFCNCPD,0,0.5586934685707092
amp_predictor,train,SANPALAPRERKAGCKNFFWKTFTSC,0,0.48898276686668396
amp_predictor,train,LRLKSIVSYAKKVL,1,0.9719138741493225
amp_predictor,train,DVNWPLGWPVGGYPG,0,0.024399735033512115
amp_predictor,train,MIIYRDLISH,1,0.6727529168128967
amp_predictor,train,VRRSKRGIKVPSFVKKVLKDVVSESIS,1,0.5576863288879395
amp_predictor,train,GIPCAESCVYIPCTITALLGCKCKDQVCYN,1,0.6425670981407166
amp_predictor,train,WFKKIPKFLHLAKKF,1,0.9992712140083313
amp_predictor,train,MSDELIHVVIALGLVISFGLGAITAGVLR,0,0.11790063977241516
amp_predictor,train,KNWAVLVAGSNGWPNYRHHA,0,0.45712393522262573
amp_predictor,train,LLGMIPVAISAISALSKL,1,0.6413403153419495
amp_predictor,train,VAGKSFVPIAAGRQ,0,0.2712787389755249
amp_predictor,train,RPPGFSPF,1,0.5746049880981445
amp_predictor,train,WIIFRIAATHKK,1,0.999569833278656
amp_predictor,train,FLPIIASVAAKVFPKIFCAISKKC,1,0.9979696869850159
amp_predictor,train,GWTLNSAGYLLGPHAIDNHRSFNDKHGLA,0,0.16635753214359283
amp_predictor,train,TGLGKIGYLMKKLLSKAKV,1,0.9887672066688538
amp_predictor,train,GILDTLKQLGKAAVQGLLSKAACKLAKTC,1,0.988286554813385
amp_predictor,train,GLLRASSVWGRKYYVDLAGCAKA,1,0.48105576634407043
amp_predictor,train,IRIILRAQGALKI,1,0.9315589070320129
amp_predictor,train,GLLDFFKGAGKELLTHLASQI,1,0.8465200066566467
amp_predictor,train,MIAPIFAELAKTVGADKDGLPTLVAK,0,0.16699902713298798
amp_predictor,train,CGETCIYIPCFTEAVGCKCKDKVCYKN,1,0.4600858986377716
amp_predictor,train,MQTFSLLVAYKIFTDGTETKRVHASKAKHA,0,0.2337004691362381
amp_predictor,train,VRLPPPVRLPPP,1,0.7198499441146851
amp_predictor,train,ETISFNFNQFQQND,0,0.16867266595363617
amp_predictor,train,APYQKRNI,0,0.3499172329902649
amp_predictor,train,IIGPVLGLVGKPLESLLE,1,0.5410447120666504
amp_predictor,train,GASGLIPFPRL,0,0.16687390208244324
amp_predictor,train,FLALALIQEAIAKLK,1,0.8943292498588562
amp_predictor,train,TRRKFWKKVLNGALKIAPFLLG,1,0.9930989146232605
amp_predictor,train,SWLSKTAKKLENSAKKRISEGIAIAQGGPR,1,0.5046187043190002
amp_predictor,train,GLFRALLRLLRSLWRLLLRA,1,0.907436728477478
amp_predictor,train,FLSLALAALPKLFCLIFKKC,1,0.9935342073440552
amp_predictor,train,GANALKKYFTILKKFFKLAW,1,0.9957387447357178
amp_predictor,train,GIFSTVFKAGKGIVCGLTGLC,1,0.9873736500740051
amp_predictor,train,GIMDTVKNAAKNLAGQLLDKLKCSITAC,1,0.912402331829071
amp_predictor,train,INLKAIAAFAKKLL,1,0.9991053938865662
amp_predictor,train,DGDALLKPCKLGDMQKLSSA,0,0.25181734561920166
amp_predictor,train,AKKLLKLLKKLLKLAG,1,0.9982597231864929
amp_predictor,train,FLSLIPHIVSGVASLAIHF,1,0.9845444560050964
amp_predictor,train,HVDKKVADKVLLLKQLRIMRL,1,0.695320725440979
amp_predictor,train,GAKALTKAATAFTKFYKTIW,1,0.8194397687911987
amp_predictor,train,QWGRRCCGWGPGRRYCVRWC,1,0.9875029921531677
amp_predictor,train,GLLASLGKVLGGYLAEKLKP,1,0.9464182257652283
amp_predictor,train,MSAPGPMGPMGPRGPPGPAGSN,1,0.6718351244926453
amp_predictor,train,MAPCSCKSCGTSCAGSCTSCSCGSCSH,0,0.2931666672229767
amp_predictor,train,FLAKAVAKAAAKALAKAL,1,0.9949674010276794
amp_predictor,train,IKIPAVVKDTLKKVAKGVLSAVAGALTQ,1,0.9344660043716431
amp_predictor,train,IHAEEILDIRGNPTVEVDLHTAKGH,1,0.09292468428611755
amp_predictor,train,AELPQGLWVRPRL,0,0.11207617819309235
amp_predictor,train,FLPIIGKLLSGLL,1,0.9820346832275391
amp_predictor,train,ANPICPKIPNPTIRISGRNDLCVDVK,0,0.19651161134243011
amp_predictor,train,KKLGAPSITCVRRAFA,1,0.701111376285553
amp_predictor,train,WRVRWKTRWRVK,1,0.9995664954185486
amp_predictor,train,RQIAIWFQNRRMKWKK,1,0.9736348390579224
amp_predictor,train,PGPTGEPGKQGPGGPSGE,1,0.9309882521629333
amp_predictor,train,MDITSIAWGALMVVFTFSLSLVVWGRSGL,0,0.041092414408922195
amp_predictor,train,QWFGPYPPVNYIN,0,0.041089508682489395
amp_predictor,train,GLMSTLKGAATNAAVTLLNKLQCKLTGTC,1,0.9206445217132568
amp_predictor,train,KWCSRVCYRGICYRRCR,1,0.9968145489692688
amp_predictor,train,WLRRIGKGVKIIGGAALDHL,1,0.9919628500938416
amp_predictor,train,GILSSLLKKLKKIIAK,1,0.9989736080169678
amp_predictor,train,PRCPPCPRCSWCPRCPTCPRCNCNPK,1,0.1044388934969902
amp_predictor,train,GAKYAKYIYNFYKYIAKYIW,1,0.445618599653244
amp_predictor,train,GIWKTIKSMGKVFAGKILQNL,1,0.9897388815879822
amp_predictor,train,NYDKPPVEKPPVYKPPVEKPPVYKP,0,0.3850697875022888
amp_predictor,train,GMASLLAKVLPHVVKLIK,1,0.9789095520973206
amp_predictor,train,RDWRREQERRQERR,0,0.8135648965835571
amp_predictor,train,FENEDEGYFQDPEDCS,0,0.2093934863805771
amp_predictor,train,DCYCRIPACIAGERRYGTCIYQGRLWAFCC,1,0.7224440574645996
amp_predictor,train,VDKPDYRPRPWPRNMI,1,0.5581653714179993
amp_predictor,train,APGEAGREGAAG,1,0.9702246785163879
amp_predictor,train,FFGAIAAALPHVISAIKNAL,1,0.9820619225502014
amp_predictor,train,RVVRPVVQVVKQKVR,1,0.8419336080551147
amp_predictor,train,GSKKPVPIIYCNRRTGKCQ,1,0.582440972328186
amp_predictor,train,GSSGLIPMGRT,0,0.0589018277823925
amp_predictor,train,MANTQNISIWWWAR,0,0.12419378757476807
amp_predictor,train,KRFKKFFKKVKKSV,1,0.9722274541854858
amp_predictor,train,INLKGLIKKVASLLT,1,0.9966393709182739
amp_predictor,train,TSFTLYMR,0,0.10558675229549408
amp_predictor,train,RWKIFKKIPKFLHSAKKF,1,0.9972904920578003
amp_predictor,train,KFWKLLKKALRLWAKVL,1,0.9996203184127808
amp_predictor,train,GLTDQKSAPPGL,0,0.2474406510591507
amp_predictor,train,KLLKKLLKLL,1,0.9959167838096619
amp_predictor,train,FGCCREDRCREIDCD,0,0.07020895928144455
amp_predictor,train,KRFWQLVPLAIKIYRAWKRR,1,0.9981558918952942
amp_predictor,train,STDHSTENTIENETEDVTKTE,0,0.23762814700603485
amp_predictor,train,ATFFDPQPRLLAD,0,0.08959613740444183
amp_predictor,train,GIGGALLSAGKAALKGLAKGFAEHF,1,0.9778741002082825
amp_predictor,train,MTVKIAQKKVLPVIGRAAALCGSCYPCSCM,0,0.7730898857116699
amp_predictor,train,GLLRKWGKKWKEFLRRVWK,1,0.9987448453903198
amp_predictor,train,GLPTCGETCFGGTCNTPGCSCSSWPICTRD,1,0.865526020526886
amp_predictor,train,ALYLAIRKR,1,0.9021778106689453
amp_predictor,train,RAGLQWPIGRLLRRLLRRLLR,1,0.9601461887359619
amp_predictor,train,GCMKEYCAGQCRGKVSQDYCLKHCKCIPR,0,0.1556045562028885
amp_predictor,train,VRPYLVAFYESH,0,0.11133493483066559
amp_predictor,train,TLKIIVKIVKYLV,1,0.9797517657279968
amp_predictor,train,YNPASNQCQGF,0,0.0909627303481102
amp_predictor,train,MNNSTKFCFSRFRTGN,0,0.16291964054107666
amp_predictor,train,GFGSFLGKALKAALKIGANVLGGAPQQ,1,0.9563525319099426
amp_predictor,train,GLLTNVLGFLKKAGKGVLSGLLPL,1,0.9878779649734497
amp_predictor,train,ARICPRILMKCKKDSDCLAECICQEHGFCG,0,0.11109298467636108
amp_predictor,train,KIAGKIAKIAGKIAKIAGKIA,1,0.9986706972122192
amp_predictor,train,DEGPYKMEHFRWGSPRKD,0,0.2656879425048828
amp_predictor,train,EAAGLISFPRV,0,0.048492737114429474
amp_predictor,train,CAVVDVPFGGAKAGVK,0,0.6292438507080078
amp_predictor,train,VIGGDECNINEHRFL,0,0.09688424319028854
amp_predictor,train,SNKKDYQKEIVDKHNALRRSVK,0,0.2727102041244507
amp_predictor,train,FFGRLKAVFRGARQGWKEHRY,1,0.9544111490249634
amp_predictor,train,RIKRFWPVVIRTVVAGYNLYRAI,1,0.9221002459526062
amp_predictor,train,DLAGEIHGLSNVK,0,0.4172976016998291
amp_predictor,train,GMWGTVFKGIKTVAKHLLPHVFSSQQS,1,0.535397469997406
amp_predictor,train,VVMNLLVKVLKYVV,1,0.40575915575027466
amp_predictor,train,GIKCRFCCGCCTPGICGVCCRF,1,0.5752687454223633
amp_predictor,train,TSSGCPNFESLVR,0,0.17977505922317505
amp_predictor,train,GLWQLIKDKIKDAATGFVTGIQS,1,0.7155243158340454
amp_predictor,train,GRGGASNYVRL,0,0.2375064492225647
amp_predictor,train,GICRCVCTRGFCRCICLL,1,0.9583330154418945
amp_predictor,train,GIFLDKLKNFAKGVAQSLLNKASCKLSGQC,1,0.9803047776222229
amp_predictor,train,GVGKFLHSAKKFGQALVSEIMKS,1,0.9077903032302856
amp_predictor,train,NRILPTLIGPL,1,0.327375590801239
amp_predictor,train,CYFRNCPIG,0,0.2652740478515625
amp_predictor,train,GPVEIYYLQSADAKG,0,0.07913187891244888
amp_predictor,train,QVNFTPNWGT,0,0.04195661470293999
amp_predictor,train,EKCLRWQWRMRKVGG,1,0.9883512854576111
amp_predictor,train,KRKCPKTPFDNTPGAWFAHLILGC,1,0.7101954221725464
amp_predictor,train,DTHKSEIAHR,0,0.42377424240112305
amp_predictor,train,VNWKKILAKIIKVVK,1,0.9994421601295471
amp_predictor,train,CVWIPCISAAIGCSCKSKVCYRN,1,0.9843204021453857
amp_predictor,train,KWKSFLKTFKSASKTVLHTALKAISS,1,0.9664211273193359
amp_predictor,train,FAEPLPSEEEGESYSKEVPEMEKRYGGFM,1,0.24357403814792633
amp_predictor,train,DDLYKLVNQGFGAICSFIDGFNGKKYRGKC,1,0.3544117212295532
amp_predictor,train,GIACGESCVFLGCFIPGCSCKSKVCYFN,1,0.9733493328094482
amp_predictor,train,EPRTPWDWV,1,0.14716818928718567
amp_predictor,train,SGTPEKERESGRLLGVVKRYIVCVRNPCP,1,0.33501285314559937
amp_predictor,train,EPNPDEFVGLM,1,0.10941591113805771
amp_predictor,train,RGGRLCYCRRRFCICV,1,0.9960086345672607
amp_predictor,train,WNLLRQAQEKFGKDKSP,1,0.4914664030075073
amp_predictor,train,GWASKIGQALGKVAKVGLQQFIQPK,1,0.9686400890350342
amp_predictor,train,VRRFPWWWPFLRR,1,0.999072790145874
amp_predictor,train,KWCFAVCYRGICYRRCR,1,0.9976159334182739
amp_predictor,train,FLGALGNALSRVL,1,0.6049082279205322
amp_predictor,train,SDNSVVLRYGDGEYSYPVVD,0,0.054762519896030426
amp_predictor,train,MIIYRDLI,1,0.6456884145736694
amp_predictor,train,VELQNRLSDESQ,0,0.23723044991493225
amp_predictor,train,NLLQFENMIRNVAGRSGIWWYSD,0,0.03604474663734436
amp_predictor,train,TKRRITPKKVIDVRSVTTEINT,1,0.6785266995429993
amp_predictor,train,RQRHPDCDKPPDTGN,0,0.09674006700515747
amp_predictor,train,DMDDFGLGDFDDGR,0,0.06063774228096008
amp_predictor,train,SALEEQLKTFLDKFMHELEDLLYQLAL,1,0.30175572633743286
amp_predictor,train,GIHDIAKYGKPS,1,0.5615235567092896
amp_predictor,train,GLLGLGYGGY,0,0.3206850290298462
amp_predictor,train,AWVDWEDQILQDTVPLVNFVRMI,0,0.032133132219314575
amp_predictor,train,MKFLCWQKSIHGS,0,0.7212367653846741
amp_predictor,train,FIHHIIGGLISVGKHIHGLIHGH,1,0.99980229139328
amp_predictor,train,EGKLSSNDTEGGLCKEFLHPSKVDLPR,1,0.2915992736816406
amp_predictor,train,GQKGDQGPPGPMGPPGPRGAPGERGRT,1,0.8836723566055298
amp_predictor,train,DVLELTDENFESRVSSDTG,0,0.13975341618061066
amp_predictor,train,GLLSKFGRLARKLARVIPKV,1,0.9575816988945007
amp_predictor,train,GRDAYIADSENCTYT,0,0.12311897426843643
amp_predictor,train,VVGGDECNINEHRFLVALYY,0,0.04641884192824364
amp_predictor,train,FVDLKKIANIINSIFGK,1,0.9935470223426819
amp_predictor,train,GGPSQKQKQHKVNLVNIKVYI,0,0.46440064907073975
amp_predictor,train,MITDFQVYIALMAALLASVLAIRLGATLYQ,0,0.09071503579616547
amp_predictor,train,FKSLTKYSPGRQN,0,0.34116387367248535
amp_predictor,train,FLGGILNTITGLL,1,0.7194395661354065
amp_predictor,train,DWTFANWSCLVCDDCSVNLTV,1,0.28094908595085144
amp_predictor,train,GFASFLGKALKAALKIGANMLGGTPQQ,1,0.8782935738563538
amp_predictor,train,ELIGAANRDTKSFSINRKDAKERVAKAAR,0,0.23366159200668335
amp_predictor,train,PFDRISSSAFSDF,0,0.19595292210578918
amp_predictor,train,SGLQFAVLDGQGFLPFPRV,0,0.07000894844532013
amp_predictor,train,IRPVPFFPPVHAKKVFPLH,1,0.9784494042396545
amp_predictor,train,MNRVQFNHHHHHHPD,0,0.1252945065498352
amp_predictor,train,MGAVAKFLGKAALGGAAGGATYAGLKKIFG,1,0.9515228271484375
amp_predictor,train,SPTEQPYSSAAPLI,0,0.06986609846353531
amp_predictor,train,DRVYVHPFYL,0,0.14082646369934082
amp_predictor,train,GGEEQFDDYGHMRF,0,0.06711717694997787
amp_predictor,train,LKKLLKALKKLLKLAG,1,0.9982597231864929
amp_predictor,train,MQVNLRCSE,0,0.20012173056602478
amp_predictor,train,GRKKRRQARAPPQC,1,0.8089277744293213
amp_predictor,train,GICYVLTCNSLCFPKLGRCSYNTCYCY,1,0.45001426339149475
amp_predictor,train,ILGKIWKIKKLF,1,0.9998728036880493
amp_predictor,train,VLPLVGNLLNDLL,1,0.6780956983566284
amp_predictor,train,FLSLIPHIVSGVASIAKHF,1,0.9972655773162842
amp_predictor,train,GCCGAFACRFGCTPCC,0,0.12927471101284027
amp_predictor,train,ADDKNPLEEAFREADYEVFLEIAKNGL,1,0.19872745871543884
amp_predictor,train,QWAQWPRPTPQIPP,0,0.028913559392094612
amp_predictor,train,CRQIKIWFQNRRMKWKK,1,0.9754466414451599
amp_predictor,train,FLGALWNVAKKVF,1,0.9988707900047302
amp_predictor,train,NGIKLQGQIESFDQYVVLLRNTVTQMV,0,0.062372393906116486
amp_predictor,train,SVLSTITDMAKAAGRAALNAITGLVNQGEQ,1,0.07993486523628235
amp_predictor,train,ASGWVCTLTIECGTVICAC,1,0.9701393842697144
amp_predictor,train,KWLKKLLKKLL,1,0.998649537563324
amp_predictor,train,APLEDEDDLELLEKVKRDRKKRLERQGAIN,0,0.24388407170772552
amp_predictor,train,KWKSFIKKLTSAAKKVVTTAKPLISS,1,0.977510929107666
amp_predictor,train,IHHIHHHIHHIHHHIHHIHHH,1,0.953177809715271
amp_predictor,train,RGLRRLGRKIAHGVKKY,1,0.9564070701599121
amp_predictor,train,MSISFPKMQHLIVMTTIGDKKVNNNIILFL,0,0.17188014090061188
amp_predictor,train,KLLKKGGKLLKKGGKLLKKGG,1,0.9940341114997864
amp_predictor,train,SVAVAGAVIEGASLTFNVLQ,0,0.09107103198766708
amp_predictor,train,GVFKDALKQLGAALLDKAANALKPK,1,0.9605008363723755
amp_predictor,train,LECNKLVDIAYITCPAGKNL,0,0.2664179503917694
amp_predictor,train,MTRVQFKHHHHPD,0,0.3655867278575897
amp_predictor,train,ADSRNPLEEEFRETNYEEF,1,0.35756146907806396
amp_predictor,train,MIYSTEVVNMNM,0,0.0758061334490776
amp_predictor,train,LKKLLKKLKK,1,0.9913113117218018
amp_predictor,train,KARLELRLSNAAQPHRNRKR,0,0.5392299890518188
amp_predictor,train,GPMGWVPVFYRF,0,0.04865017905831337
amp_predictor,train,INLRAIAALAKKLL,1,0.988544762134552
amp_predictor,train,DFKDWMKTAGEWLKKKGPGILKAAMAAAT,1,0.8396183848381042
amp_predictor,train,MDYLITFYHSPQTNS,0,0.07092098891735077
amp_predictor,train,ALWKTLLKKVGKVAGKAVLNAVTNMANQN,1,0.9848979115486145
amp_predictor,train,TKQTLKVLITGAAGQIGYSL,0,0.41298043727874756
amp_predictor,train,CNPLNGADRRTDSFPRFTVI,1,0.14495399594306946
amp_predictor,train,GIFGKILGVGKKTLCELSGMC,1,0.9670379161834717
amp_predictor,train,VAIRIIWSDIQD,0,0.4817158877849579
amp_predictor,train,EVRPFPEVYERIA,0,0.19156824052333832
amp_predictor,train,IHHIHHHIHHIHHH,1,0.953177809715271
amp_predictor,train,ALLHHGLNCAKGVLA,1,0.9924031496047974
amp_predictor,train,GIGAILKVLSTGLPALISWIKRKRQQ,1,0.9229544997215271
amp_predictor,train,GPDSTFLRL,0,0.06966639310121536
amp_predictor,train,GLFTFIKCAYKLRAPAVAC,1,0.9572750329971313
amp_predictor,train,DTRPPGFTPFR,0,0.32000699639320374
amp_predictor,train,VDSEDLIEAFKIYVEDDNEHLQGSVD,0,0.20397977530956268
amp_predictor,train,GSSGGLITFGRT,0,0.07715500146150589
amp_predictor,train,DAHNEDEEHAEGS,0,0.0721876472234726
amp_predictor,train,GLLGKLLKIAAKVGKKLL,1,0.9990679621696472
amp_predictor,train,FIGGIISLIKKLF,1,0.9986521601676941
amp_predictor,train,NIWKKIASIAKEVLKAL,1,0.9962294697761536
amp_predictor,train,FLPLLAGLAANFLPTIICKIARKC,1,0.9697871208190918
amp_predictor,train,FLGTVLKVAAKVLPAALCQIFKKC,1,0.9934186935424805
amp_predictor,train,FLGSLLGLVGKIVPTLICKISKKC,1,0.9977728724479675
amp_predictor,train,GASGLIAFPRL,0,0.16690638661384583
amp_predictor,train,VRYADENVRTKEAKKK,0,0.2862413823604584
amp_predictor,train,SIITMTKEAKLPQLWKQIACRLYNTC,1,0.3881916105747223
amp_predictor,train,MVPTTFTLTTNNFLSDYQQLFI,1,0.08473379909992218
amp_predictor,train,PSNLSYWWGFGPLAGICLVIQIVTGVF,0,0.21651732921600342
amp_predictor,train,FGLPMLSILPKALCILLKRKC,1,0.9024306535720825
amp_predictor,train,KIPCGESCVWIPCLTSVFNCKCENKVCYHD,1,0.5010650157928467
amp_predictor,train,SNTSHQDFHSFYGTNLMIGG,0,0.06843293458223343
amp_predictor,train,RIRWILRYWRWS,1,0.9994339346885681
amp_predictor,train,GLMDTVKNAAKNLAGQMLDKLKCKITGSC,1,0.8821684718132019
amp_predictor,train,KWKSFLKTFKSLKKTVLHTLLKAISS,1,0.9912990927696228
amp_predictor,train,VGALAVVVWLWLWLW,1,0.8281289935112
amp_predictor,train,YGGFMKSWNERSQKPLLTLFKNVIIKDGQQ,0,0.18598632514476776
amp_predictor,train,VTFVEGGPMKYSLIEGDALANK,0,0.07303053140640259
amp_predictor,train,VWLSALKFIGKHLAKHQLSKL,1,0.9982006549835205
amp_predictor,train,LVPLFLSKLICFITKKC,1,0.9960953593254089
amp_predictor,train,SCTTCTCCCSCCA,1,0.48722147941589355
amp_predictor,train,TSRCYIGYRRKVVCS,1,0.9047321677207947
amp_predictor,train,NYRWRCKNQN,1,0.7959555387496948
amp_predictor,train,LAIKIYRAWKRR,1,0.9964278340339661
amp_predictor,train,GIIDIAKKLVGGIRNVLGI,1,0.9715086221694946
amp_predictor,train,RDVDVGSFLPKSPSDPSMVL,0,0.10277658700942993
amp_predictor,train,GGPGATGPAGA,1,0.9947291016578674
amp_predictor,train,RRLIRLILRLLR,1,0.9686486721038818
amp_predictor,train,GIGGVLLGAGKATLKGLAKVLAEKYAN,1,0.9739684462547302
amp_predictor,train,FDKNQPWGVIRDLNVVNFKR,0,0.16564425826072693
amp_predictor,train,HYQEVPRQIQEKLIKGQ,0,0.3555797040462494
amp_predictor,train,CGETCVVDTRCYTKKCSCAWPVCMRN,1,0.8705398440361023
amp_predictor,train,FLSLIPHAINAISAIANHL,1,0.9731912612915039
amp_predictor,train,QGLFTSDQDLYTDSR,0,0.11279428005218506
amp_predictor,train,EELEAKDVIESKALATLDEER,1,0.23802374303340912
amp_predictor,train,DCLPGWSVYEGRCYKVFNQKTWKAAEKFC,0,0.3812876045703888
amp_predictor,train,VGQDATISFK,0,0.13392871618270874
amp_predictor,train,YSLQMGATAIKQVKKLFKKKGG,1,0.9311617612838745
amp_predictor,train,KNWAVLVAGSDGLPNYRHHADV,0,0.08711448311805725
amp_predictor,train,GLGSLLGKAFKFGLKTVGKMMGGAPREQ,1,0.6898910403251648
amp_predictor,train,IPCGESCVWIPCITAIAGCSCKNKVCYT,1,0.9853185415267944
amp_predictor,train,MDLSFTLSVVTA,0,0.09828569740056992
amp_predictor,train,GVITDALKGAAKTVAAELLKKAHCKLTNSC,1,0.9657246470451355
amp_predictor,train,FITGLIGGLMKAL,1,0.7206677198410034
amp_predictor,train,KAKEAVENVKEKANDVIDKFK,0,0.20741498470306396
amp_predictor,train,APNQPSDNMIRF,0,0.1603994071483612
amp_predictor,train,RQQPFVPRL,0,0.3951438367366791
amp_predictor,train,HRVKRNGFRKFMRRLKKFFAGG,1,0.920072078704834
amp_predictor,train,VKGGDGAPGKDGIRG,1,0.9343175888061523
amp_predictor,train,KAAAKAAKAA,1,0.9922884106636047
amp_predictor,train,TYKKPPFNGSIF,0,0.3855407238006592
amp_predictor,train,VGCEECPAHCKGKNAIPTCDDGVCNCNV,0,0.03623538836836815
amp_predictor,train,EASGETFVAENDACKCGSDCKCNPCTCK,0,0.11825544387102127
amp_predictor,train,RFWPVVIRTVVAGYNLYRAIKKK,1,0.9545099139213562
amp_predictor,train,LNLKALLAVAKKIA,1,0.9983240962028503
amp_predictor,train,VGLVFNPYNR,0,0.054918814450502396
amp_predictor,train,ARGSPGSPGNDGAKGETGPAG,1,0.9279902577400208
amp_predictor,train,KEQPEFVPY,0,0.32851189374923706
amp_predictor,train,GTLPCESCVWIPCISSVVGCSCKSKVCYKN,1,0.9816411733627319
amp_predictor,train,GLWQFIKDKLKDAATGLVTGIQS,1,0.7507199645042419
amp_predictor,train,LPVYNFGL,0,0.2546361982822418
amp_predictor,train,YGRKKRPQRRR,1,0.875653862953186
amp_predictor,train,GCCGKYPNAACHPCGCTVGRPPYCDRPSGG,0,0.08004073798656464
amp_predictor,train,ALWKDLLKNVGKAAGKAVLNKVTDMVNQ,1,0.9318192601203918
amp_predictor,train,RFRRLRKKWRKRLKKI,1,0.9839677214622498
amp_predictor,train,ITSKSLCTPGCKTGILMTCPLKTATCGCHF,1,0.9773756265640259
amp_predictor,train,FVLPLVMCKILRKC,1,0.8193508982658386
amp_predictor,train,GILSSLLKKWKKIIAK,1,0.9995136260986328
amp_predictor,train,HVVAAITALKERGGSSHQALKKYKAAN,0,0.5868058800697327
amp_predictor,train,WKRIVRWIKRWLR,1,0.99996018409729
amp_predictor,train,GKPNRPRPAPIQPRPPHPRL,1,0.5527923703193665
amp_predictor,train,GVLDAFRKIATVVKNVV,1,0.5061051845550537
amp_predictor,train,TDPLWQLPGAHLEQYLS,0,0.07336900383234024
amp_predictor,train,SPVISYDKT,0,0.30914607644081116
amp_predictor,train,KWKSFLKTFKGAVKTVLHTALKAISS,1,0.9937731623649597
amp_predictor,train,METFCYMKWPVRHHKSRRVSH,0,0.47793522477149963
amp_predictor,train,KWCRCVCRRGICRCFCRG,1,0.9885519742965698
amp_predictor,train,VGATGPKGSRG,1,0.897489070892334
amp_predictor,train,GMNLVFVGAEVAPWSKTGGLGDVLA,0,0.06161249428987503
amp_predictor,train,RKKRRQARR,1,0.8627997040748596
amp_predictor,train,GLPICGETCFKTKCYTKGCSCSYPVCKRN,1,0.8664618730545044
amp_predictor,train,SASGSGESSGMWFGPRL,0,0.04946069046854973
amp_predictor,train,GRKKRRQRRRPP,1,0.8897880911827087
amp_predictor,train,LTPETASFPR,0,0.16147564351558685
amp_predictor,train,APPPGLSAGV,1,0.706811249256134
amp_predictor,train,DDSMEEVVTVFIRTGSSLKA,0,0.09965550154447556
amp_predictor,train,ADVDFTGIADSIIK,0,0.11842396855354309
amp_predictor,train,TRSGGACNSHNQCCDDFCSTATSTCI,0,0.5641596913337708
amp_predictor,train,SGAPGEAGREGAAG,1,0.9712404012680054
amp_predictor,train,MVTMVKKWLLLMTFMAGCRGMIY,0,0.08679401129484177
amp_predictor,train,RNRPNIPKYIPPPRPPHPRL,1,0.8654479384422302
amp_predictor,train,IDWKKLLDAAKKIL,1,0.9891800880432129
amp_predictor,train,MYKLLIINP,0,0.2762070596218109
amp_predictor,train,MKTKFVFDLLAPDDILHPSNHVNLIIRLI,0,0.4027596116065979
amp_predictor,train,GVVTDLLNTAGGLLGNLVGSLSG,1,0.5247808694839478
amp_predictor,train,QWPDPSSDIPP,0,0.018101802095770836
amp_predictor,train,TPDHREVPSFSSRWEPNFGLTFSK,1,0.23778535425662994
amp_predictor,train,MADAEDIQPLVCD,0,0.03898554667830467
amp_predictor,train,FCIRVRVCNHYFCFYALRCF,1,0.9094603657722473
amp_predictor,train,RGSAGAQGARGDKGEAGE,1,0.9473870396614075
amp_predictor,train,QKCCTGKKGSCSGRACKNLRCCA,0,0.2259151190519333
amp_predictor,train,LNLKKILGKIGVMLSHLN,1,0.9860073328018188
amp_predictor,train,AAVTCIFMTLFGLSLGFALLKVQGE,0,0.22778838872909546
amp_predictor,train,DTHFPICIFCCGCCKTPKCGLCCKT,1,0.7872472405433655
amp_predictor,train,TLMLEIDF,0,0.15047279000282288
amp_predictor,train,KAAAAKKSPKKPKKPAAAKK,1,0.937170684337616
amp_predictor,train,GADFQECMKEHSQKQHQHQG,1,0.22825931012630463
amp_predictor,train,VNWKKILPKIIKVVK,1,0.999219536781311
amp_predictor,train,SNVYRPPPYRPVYRPLRRPGYRPGK,1,0.7335678339004517
amp_predictor,train,SLINTEVKPFQATAYHNGQFVEVNE,0,0.11305738240480423
amp_predictor,train,TVIDVKCTSPKQCLPPCAKQ,0,0.30749058723449707
amp_predictor,train,KKLKLAPAKLALLWKALALKLKKA,1,0.9977856874465942
amp_predictor,train,YIQGYSGDVR,0,0.05599655956029892
amp_predictor,train,FLSLIPHAINAVSTLVHHF,1,0.9834455847740173
amp_predictor,train,GIHDILAYGKPS,1,0.6485573053359985
amp_predictor,train,TPEHQRYVELFIVVD,0,0.10695990920066833
amp_predictor,train,IRVKIRVKIRVK,1,0.9960013031959534
amp_predictor,train,WLGSALKIGAKLLPSVVGLFQKKKK,1,0.9968031644821167
amp_predictor,train,KWKSFIKKLTSKFLHSAKKN,1,0.9745000004768372
amp_predictor,train,TTPATPAISILSAYISTNTCPTTKCTRAC,1,0.6591113805770874
amp_predictor,train,RFRRLRCKTRCRLKKI,1,0.9678987264633179
amp_predictor,train,MFTFAILLLCVQGCLIQ,0,0.1515863686800003
amp_predictor,train,RCICTRGFC,1,0.9932912588119507
amp_predictor,train,APASGFFGMR,0,0.06052180007100105
amp_predictor,train,KAYSMPRCKYLFRAVLCWL,1,0.7265254855155945
amp_predictor,train,GTFIKQQRKQKQQRHHTSGTRKRMAK,1,0.6614429950714111
amp_predictor,train,RRVWRRYRRQRWCRR,1,0.992900013923645
amp_predictor,train,GASCGETCFTGICFTAGCSCNPWPTCTRN,1,0.9602193832397461
amp_predictor,train,KKLLKWLKKLL,1,0.998649537563324
amp_predictor,train,GLPICGETCVGGTCNTPGCTCSWPVCTRN,1,0.9415363669395447
amp_predictor,train,SDNNQQGKSAQQGGY,0,0.14830876886844635
amp_predictor,train,ILKKLLKKVKKI,1,0.998475968837738
amp_predictor,train,KWKLFKKI,1,0.9994000196456909
amp_predictor,train,AVNGGPATLPEYQI,0,0.052929796278476715
amp_predictor,train,GMASKAGTIAGKIAKTAIKLAL,1,0.9791401624679565
amp_predictor,train,RQWQSKIRRT,1,0.9036352634429932
amp_predictor,train,MDIVGIAWAALMVVFTFSLSLVVWGRSGL,0,0.04334155470132828
amp_predictor,train,SPVPEDDRGDNFVRL,0,0.08924244344234467
amp_predictor,train,KTKQQFLIKAQTQLFKVFGYTL,1,0.494338721036911
amp_predictor,train,AKCLRWQWEMRKVGG,1,0.9833532571792603
amp_predictor,train,QPFSLERW,1,0.20201502740383148
amp_predictor,train,ITVCISVC,1,0.9321793913841248
amp_predictor,train,YIRDFITRRPPFGNI,1,0.61488276720047
amp_predictor,train,SGECNMYGRCPPGYCCSKFGYCGGVRAYCG,1,0.24220216274261475
amp_predictor,train,VLADVYNVEPETLR,0,0.06065933778882027
amp_predictor,train,VSHNNFLRF,0,0.5859976410865784
amp_predictor,train,FLSAITSILGKFF,1,0.9565778374671936
amp_predictor,train,EKKPPRPPQWAVGHFM,1,0.44336751103401184
amp_predictor,train,NVQLDPFFQEQQQYYQQQQAFFL,0,0.20408053696155548
amp_predictor,train,CVHWQTNPARTSCIGP,1,0.8326302170753479
amp_predictor,train,RGGRLCYCRGWICFCVGR,1,0.995457649230957
amp_predictor,train,FFPIVGKRLYGLL,1,0.9549970626831055
amp_predictor,train,DEGPKSDCKP,0,0.0647142305970192
amp_predictor,train,DNSCTPKPSCFF,0,0.552608847618103
amp_predictor,train,RCCGYKFCYIC,0,0.3739438056945801
amp_predictor,train,MIEEKKELKKR,0,0.3617793917655945
amp_predictor,train,ALYLAIRRR,1,0.8486388325691223
amp_predictor,train,RRLRKKTRKRLK,1,0.819119393825531
amp_predictor,train,LIIFRILISHR,1,0.9923376441001892
amp_predictor,train,TPSDGFMGMR,0,0.04373291879892349
amp_predictor,train,KQIKIWFQNKKMKWKK,1,0.9472135901451111
amp_predictor,train,RFRRLRWRTRWRLRRI,1,0.9927402138710022
amp_predictor,train,FLPIIAGAAAKVVQKIFCAISKKC,1,0.9964402318000793
amp_predictor,train,AVTSSVADTTTVVRDDF,0,0.09578349441289902
amp_predictor,train,MATIYKVTLINETEG,0,0.11795888096094131
amp_predictor,train,GLKDWWNKHKDKIIAVAKEMGKAGLQAA,1,0.9601635336875916
amp_predictor,train,KWKSFIKKLTKKFLHSAKKF,1,0.9911726117134094
amp_predictor,train,GIGGVLLSAGKAALKGLTKVLAEKYAN,1,0.971244215965271
amp_predictor,train,FFPIVGKLLFGLL,1,0.9865642786026001
amp_predictor,train,LKCNKLVPLFYKTCPAGKNLCYKMFMVSNK,0,0.5408821105957031
amp_predictor,train,MDSVSVNQIL,0,0.1175423189997673
amp_predictor,train,VVNGKPTRTNVGRMVSLKYRNKHI,0,0.20690007507801056
amp_predictor,train,VAGPFRIPPLRREFQ,1,0.227775439620018
amp_predictor,train,GFGSFLGKALKAALKIGADVLGGAPQQ,1,0.8994971513748169
amp_predictor,train,GVLDILKGAAKDLAGHVATKVI,1,0.9427212476730347
amp_predictor,train,LIGLVSKGTCVLVKTVCKKVLKQ,1,0.9928217530250549
amp_predictor,train,ANVGFVIQLQARLRGFLVRQKFA,1,0.5999720692634583
amp_predictor,train,KNGDRGESGPAGPAGPAGPA,1,0.9635677337646484
amp_predictor,train,GVLDIFKDAAKQILAHAAEKQI,1,0.44837096333503723
amp_predictor,train,VSSKYLSKALVKAGR,1,0.718001127243042
amp_predictor,train,MNKQRFLFAAKISGIHFLLSLTVAALLAGL,0,0.8247088193893433
amp_predictor,train,LKLLKKLLKLLKKL,1,0.9965168237686157
amp_predictor,train,DRVYVHPFSL,0,0.24167408049106598
amp_predictor,train,MEWYPEAAANAERYTQIVWYK,0,0.18669234216213226
amp_predictor,train,ILGPVISTIGGVLGGLLKNL,1,0.9587849378585815
amp_predictor,train,FKRQVQRIKDFLR,1,0.8327404856681824
amp_predictor,train,IYGGYQADEIEIDDEKYIFVDF,0,0.13227656483650208
amp_predictor,train,TMCYSHTTTSRAILTNCGENSCYRKSRVHP,0,0.37797811627388
amp_predictor,train,MATPLVDPAK,0,0.09109461307525635
amp_predictor,train,RPWAGNGSVHRYTVLSPRLKTQ,1,0.2568039298057556
amp_predictor,train,GLVTDTLKGAAKTVAAELLRKAH,1,0.4660395681858063
amp_predictor,train,KWKSFIKKLPSAAKKVTTAAKPLTK,1,0.9591246843338013
amp_predictor,train,HHDHHAAVGGGGGGGGGA,0,0.8431656956672668
amp_predictor,train,VIGGDICNINEHNFLVALYE,0,0.11795443296432495
amp_predictor,train,IVGLPGQRGERG,1,0.5000049471855164
amp_predictor,train,MGRIGVLTGNAGEIR,0,0.058317236602306366
amp_predictor,train,CFLPKLFAKITKKNMAHIR,1,0.9414604306221008
amp_predictor,train,APFSLATA,0,0.18585355579853058
amp_predictor,train,RIGSILGALAKGLPTLISWIKNR,1,0.9334219694137573
amp_predictor,train,SLRKMHALGET,0,0.22571367025375366
amp_predictor,train,FKCRRWQWRMKKLAA,1,0.9866565465927124
amp_predictor,train,LRPAVIVRTKAL,1,0.5425302982330322
amp_predictor,train,ILSAIWSGIKGLL,1,0.9866891503334045
amp_predictor,train,RWCVYAYVRVRGVLVRYRRCW,1,0.9974602460861206
amp_predictor,train,IVGGMEATPHSWPHQVA,0,0.12494021654129028
amp_predictor,train,FLFSLIPSAISGLISAFKGRRKRDLN,1,0.5601534843444824
amp_predictor,train,MTLRHYFFLQDYKRNVENLPFYKNQATLQ,0,0.12493213266134262
amp_predictor,train,CYINNCPVG,0,0.06483323872089386
amp_predictor,train,TQSTGTSQTIAVGLWGGPDN,0,0.03368901461362839
amp_predictor,train,DPAFSSWG,0,0.027949701994657516
amp_predictor,train,QQWAVGHFM,1,0.40072810649871826
amp_predictor,train,FLPIVTNLLSGLL,1,0.7328595519065857
amp_predictor,train,ATPFGGSSYEGH,0,0.060822032392024994
amp_predictor,train,FWGHIWNAVKRVGANALHGAVTGALS,1,0.833955705165863
amp_predictor,train,LLCISCCVSITECCQLMSGCAVEIKS,0,0.43368592858314514
amp_predictor,train,GSGASGSMPATTS,0,0.11993558704853058
amp_predictor,train,GLFDIIKKVASVVGGL,1,0.9866438508033752
amp_predictor,train,HAKDVVFGGEARARMVEGVNILANA,0,0.05420771241188049
amp_predictor,train,NCIQQCVSKGAQGGYCTNEKCTCY,1,0.45464497804641724
amp_predictor,train,VIRVHFRLPVRTV,1,0.9678747057914734
amp_predictor,train,SNGDGTLDAGSTCAPFYARA,1,0.08007652312517166
amp_predictor,train,TKRRITPKDVIDVRSVTTKINT,1,0.6646924018859863
amp_predictor,train,RGGRLSYSRRRFSTSTGR,1,0.7286146283149719
amp_predictor,train,VCCGYKLCHPC,0,0.03653205558657646
amp_predictor,train,IFHHIFKGIVHVGKTIHRLVTG,1,0.9994956254959106
amp_predictor,train,GLKGLLGKALKGIGKHIGKAQGC,1,0.9944782257080078
amp_predictor,train,MLLHRLSKFCKIERDIVYIS,0,0.5374645590782166
amp_predictor,train,LSPTQDFMRF,0,0.0717858374118805
amp_predictor,train,GLFDVIAKVASVIKKL,1,0.9957263469696045
amp_predictor,train,NAIPGNYYRWPYAKVPYVID,0,0.08625597506761551
amp_predictor,train,FLSLIPKIAGGIAALAKHL,1,0.9967141151428223
amp_predictor,train,APSGFMGMR,0,0.04736528918147087
amp_predictor,train,KNLRRITRKIIHIIKKYG,1,0.9791096448898315
amp_predictor,train,GSFVNPTTPIR,0,0.16081403195858002
amp_predictor,train,GDFFRKSKEKIGKEFKRIVQRIKDFLRN,1,0.5935578942298889
amp_predictor,train,CCAFPQWCGAGCIVPCC,0,0.017084412276744843
amp_predictor,train,CVHWMTNTARTACIAP,1,0.9294984340667725
amp_predictor,train,DTHFPICIFCCGCCHRSKCGMCCKT,1,0.4738507866859436
amp_predictor,train,DRVYVHPFHL,0,0.6226086616516113
amp_predictor,train,FLPLVLGALSGILPKIL,1,0.9630334973335266
amp_predictor,train,FPISTLLKWWKG,1,0.997066080570221
amp_predictor,train,KEGYLFGSRG,0,0.2675497829914093
amp_predictor,train,APTAFYGVR,0,0.09013158082962036
amp_predictor,train,AYSLQMGATAIKQVKKLFKKWGW,1,0.9741711020469666
amp_predictor,train,FLGAILKIGHALAKTVLPMVTNAFKPKQ,1,0.9253829121589661
amp_predictor,train,GILGKLWKGVKSIF,1,0.9996024966239929
amp_predictor,train,TNTPEDDRYLQDYVYI,0,0.07894280552864075
amp_predictor,train,VSAKPARTPT,0,0.16107842326164246
amp_predictor,train,AQITLTNKASYTVTPPAQANAADA,0,0.09360601007938385
amp_predictor,train,MDVAEYAAHDATGLAELIREGQVSACEV,0,0.0598733015358448
amp_predictor,train,MIIFKIAASHKK,1,0.9886503219604492
amp_predictor,train,LKIPGFVKDTLKKVAKGIFSAVAGAMTPS,1,0.8319265842437744
amp_predictor,train,MSGRGKGGKGLGKGGAKR,0,0.9758284687995911
amp_predictor,train,DPCCGYRMCVPC,0,0.018637079745531082
amp_predictor,train,AKKFGKAFVGEIM,1,0.9462668299674988
amp_predictor,train,FPLPCAYKGTYC,1,0.4732605218887329
amp_predictor,train,IWRIFRRIF,1,0.9995430707931519
amp_predictor,train,TICYNHLTIRSEVTEICIICDDDYYF,0,0.15187415480613708
amp_predictor,train,AVWKDFLKNIGKAAGKAVLNSVTDMVNE,1,0.49987009167671204
amp_predictor,train,ENFVGGCTPGYQRTADGRCKPTF,0,0.1842682659626007
amp_predictor,train,ILSYLWNGIKSIF,1,0.8989109992980957
amp_predictor,train,FLPIIAGVAAKVLPKIFCAISKKC,1,0.9976020455360413
amp_predictor,train,SNTKQPTPLGGVIFA,0,0.11822474002838135
amp_predictor,train,PQTETKASVGFKAGVK,0,0.31091272830963135
amp_predictor,train,GYSSASKIIFGSGTRLSIRP,0,0.24545909464359283
amp_predictor,train,GGISIWQLLIIALIVILLFGTKKLRSLG,0,0.9431249499320984
amp_predictor,train,FLFSLIPNAISGLLSAFK,1,0.9685410857200623
amp_predictor,train,ASDVTLNSFAEDVTVGECCDCVDLTTVY,0,0.10104086250066757
amp_predictor,train,ASGPAGPRGPAGPAGSSGKD,1,0.9683226346969604
amp_predictor,train,KLIWILSKTIPAGKNLFYKI,1,0.9978346228599548
amp_predictor,train,FLQRIIGRLGRLF,1,0.9711454510688782
amp_predictor,train,HFLGTLVNLAKKIL,1,0.9977692365646362
amp_predictor,train,SGPPGPAG,1,0.938984751701355
amp_predictor,train,KKLALLALKKWLPALKKLALLALKK,1,0.9979709982872009
amp_predictor,train,MQLFHLCLVISCSCPTVQASKLCLGWL,0,0.24215483665466309
amp_predictor,train,KWLNALLHHGLNCAKGVLA,1,0.9977661371231079
amp_predictor,train,LLLFLLKKRKKRKY,1,0.9835687279701233
amp_predictor,train,INWKKIAEIGKQVLSAL,1,0.9786616563796997
amp_predictor,train,AVSLVLPQLK,0,0.5383228063583374
amp_predictor,train,SGSIIHSMEANVGYSPDKSQNMVLMGGLK,0,0.11229768395423889
amp_predictor,train,IGKKFKRIVKRIKKFLRKL,1,0.9961727261543274
amp_predictor,train,MAKEQQVQANDLQEKLIAVNRVAK,0,0.2182685285806656
amp_predictor,train,SFSVNPAVEILQHRYMEKVAQNNRNFLNRV,0,0.10961361229419708
amp_predictor,train,FLGALWNVLKSVF,1,0.9813661575317383
amp_predictor,train,ACYCRIPACLAGERRYGTCFYMGRVWAFCC,1,0.8674038648605347
amp_predictor,train,WKSYVRRWRSR,1,0.9868268966674805
amp_predictor,train,ILGPVLSLVGSALGGLIKKI,1,0.9885619878768921
amp_predictor,train,DRPYSFGL,0,0.07880140841007233
amp_predictor,train,FLPAIIGMAAKVLPAFLCKITKKC,1,0.9851645231246948
amp_predictor,train,GIEKIISRSMFDQMLKHRNNPASFG,0,0.15351448953151703
amp_predictor,train,MPLNIQNIIIIINSSLIIILFSSIFFFQLT,0,0.43483367562294006
amp_predictor,train,FFWHHIGHALDAAKRVHGMLSG,1,0.8820170164108276
amp_predictor,train,QGGWPRNPIPP,0,0.06771505624055862
amp_predictor,train,QASTDYDDEDESTVPEAR,0,0.06952743232250214
amp_predictor,train,GAFGDLLKGVAKEAGMKLLNMAQCKLSGKC,1,0.9553588628768921
amp_predictor,train,ENMFNIKSSVESDSFWG,1,0.17783847451210022
amp_predictor,train,KKLKLALAKLALLWKALALKLKKA,1,0.9987492561340332
amp_predictor,train,SLLQFEMMIMEVAKRSGIFWYSA,0,0.09363556653261185
amp_predictor,train,NVTELIGNTPLVELI,0,0.06682439893484116
amp_predictor,train,QKLCERPSGTWSGVCGNNNACKNQCIN,1,0.5120362639427185
amp_predictor,train,FLGGLIKIVPAMICAVTKK,1,0.982429027557373
amp_predictor,train,FDIMGLIKKVAGAL,1,0.9159581065177917
amp_predictor,train,FLPLLAGLAANFLPTIICKISYKC,1,0.9584669470787048
amp_predictor,train,MINGWTGNILRINLTTGAIS,0,0.07897566258907318
amp_predictor,train,TNSKEGEFIAEGGGVR,0,0.08615023642778397
amp_predictor,train,INPFVAGVAAEMMQHVYCAASKKC,1,0.7227521538734436
amp_predictor,train,AIPWSIWWHLLFKG,1,0.9972178936004639
amp_predictor,train,RGFFYNPKGIVEQCCHRPCNIRVLE,0,0.2294919192790985
amp_predictor,train,SHYAEGPGKN,0,0.26683393120765686
amp_predictor,train,RLARRVVIRVAR,1,0.9306265115737915
amp_predictor,train,PSYKLHYFDLRAAGE,0,0.19139784574508667
amp_predictor,train,GNPLKLFLPSTWVHFFKFLR,1,0.9813660383224487
amp_predictor,train,GMYTHEGSDP,0,0.06907553970813751
amp_predictor,train,IEYPRDARYHSPLLFTV,0,0.19731171429157257
amp_predictor,train,MDIISLGWAGVMTMFTFSLALVVWGRNGF,0,0.030589329078793526
amp_predictor,train,SVYYGSIEAGGTKFVLAIADEHFNI,0,0.10699934512376785
amp_predictor,train,GTHPCQETCVTSTRCSTQGCHCNWPICFKN,1,0.9189620614051819
amp_predictor,train,GDVHAQTTWPCATVGVSVALCPTTKCTSQC,1,0.928394615650177
amp_predictor,train,FLPIIAKLVSGLL,0,0.9773194193840027
amp_predictor,train,CTMLNVLTGTQEGLR,0,0.0667000487446785
amp_predictor,train,QNWPSPKVPP,0,0.07659345120191574
amp_predictor,train,KGFESKVDAILNRISQMHRV,1,0.20370157063007355
amp_predictor,train,VGTALGSLAEELNGYNRKKGGFSFRF,0,0.12413528561592102
amp_predictor,train,DGDMSGEGKGMWFGPRL,0,0.03837363049387932
amp_predictor,train,GIHDILKYGKAS,1,0.9261579513549805
amp_predictor,train,GNGVIKTVSHECKMNTWQFLFTCCS,1,0.7568361163139343
amp_predictor,train,GIPCAESCVWIPCTVTALIGCGCSNKVCYN,1,0.9787521958351135
amp_predictor,train,MMKHVIILVILLVISFQAY,0,0.27836158871650696
amp_predictor,train,LGPQLNKGCATCSIGAACLVDGPIPDEIAG,1,0.2576129734516144
amp_predictor,train,APSMGFMGMR,0,0.04393295571208
amp_predictor,train,DDPTSTFTCPGGSNYK,0,0.15015165507793427
amp_predictor,train,MNPCSSNCSCGASCTCSGCSSHKK,0,0.27065062522888184
amp_predictor,train,INWKKIASIGKEV,1,0.9919188618659973
amp_predictor,train,FLPLIAGKIFCAISKKC,1,0.9987795948982239
amp_predictor,train,FLGALLSKIF,1,0.9893664717674255
amp_predictor,train,ILKWKWKWWPWRR,1,0.9999135732650757
amp_predictor,train,FIGSALKVLAGVLPSIVSWVKQ,1,0.9479394555091858
amp_predictor,train,RCICVLGIC,1,0.7727559804916382
amp_predictor,train,KKFKETADKLIESAKQQLESLAKEMK,1,0.3930337727069855
amp_predictor,train,GLLDFVTGVGKDIFAQLIKQI,1,0.5551247000694275
amp_predictor,train,QDVDHVFLRF,0,0.12405871599912643
amp_predictor,train,FIHHIIGGAASAGKAIHRLIRRRRR,1,0.9734933972358704
amp_predictor,train,ECCNPACGRHYSCGK,0,0.03185315802693367
amp_predictor,train,YEDAYALQYCPR,0,0.11389810591936111
amp_predictor,train,FLPIVGKLLSGLF,1,0.9840546250343323
amp_predictor,train,YSKSLPLSVLNP,1,0.3007436692714691
amp_predictor,train,ITIPPIVKDTLKKFFKGGIAGVMGKSQ,1,0.8541092276573181
amp_predictor,train,GIGGALLSAGKSALKGLAKGLAEHFAS,1,0.9661316275596619
amp_predictor,train,YGLAADHVLDAR,0,0.049381207674741745
amp_predictor,train,MLLLKHGRIEILDQNTMYG,0,0.10778331011533737
amp_predictor,train,YQWQRRMRKL,1,0.898857593536377
amp_predictor,train,RVKRFWPLVPVAINTVAAGINLYKAIRRK,1,0.7923729419708252
amp_predictor,train,LLKELWTKIKGAGKAVLGKIKGLL,1,0.9982593655586243
amp_predictor,train,EQNFHKARRFVEQVARRLTL,1,0.4891994893550873
amp_predictor,train,GANAAKKLATFAKKIFTAYW,1,0.9679742455482483
amp_predictor,train,FKCRRWQWRMAKLGA,1,0.991122841835022
amp_predictor,train,VAIIIYSMYGHIAKYGNFPGQWK,0,0.16146206855773926
amp_predictor,train,FLSLLPSLVSGAVSLVKKL,1,0.9603438377380371
amp_predictor,train,DPSFNSWG,0,0.04514933377504349
amp_predictor,train,FIHHIIGGLFSAGKAIHRLIRRRRR,1,0.9949944019317627
amp_predictor,train,LFFKGEKKL,0,0.9736163020133972
amp_predictor,train,RSLCSNGCRPKPFGGCSC,0,0.3012222945690155
amp_predictor,train,KWKSFLKTFKLAVKTVLHTALKAISS,1,0.9956478476524353
amp_predictor,train,GYNRSFLRF,0,0.28484010696411133
amp_predictor,train,QHWSYGLQPG,0,0.026173776015639305
amp_predictor,train,RRRRRRRRHRRRRGRRGRRSRGRR,0,0.9463823437690735
amp_predictor,train,VHGNKGADAALAALEVLDLFDRAL,0,0.108732208609581
amp_predictor,train,FINTIRLLINKYREWKNKKDS,0,0.4284476339817047
amp_predictor,train,ALWKNMLKGIGKLAGKAALGAVK,1,0.9977272152900696
amp_predictor,train,GIPCGESCVWIPCLTSAIGCSCKSKVCYKD,1,0.9175748825073242
amp_predictor,train,DRYERGDVNLDLKGF,0,0.1360355168581009
amp_predictor,train,GLRKRLRKARNKIKEKLKKI,1,0.827090322971344
amp_predictor,train,AAPKATVRWCTISS,0,0.7673324942588806
amp_predictor,train,AQVMKELQECK,0,0.3368369936943054
amp_predictor,train,NLMQFELLIMKVAGRSGIVWYSD,0,0.05547530949115753
amp_predictor,train,GSGVIPTISHECHMNSFQFVFTCCS,1,0.7040550708770752
amp_predictor,train,GLLDLAKHVIGIASKL,1,0.9945414662361145
amp_predictor,train,GIPCGESCVFIPCLTSAIDCSCKSKVCYRN,1,0.8864997625350952
amp_predictor,train,QLEARFEPKQRNFRKRELDFEKLFANMPDY,1,0.3074008524417877
amp_predictor,train,GKPRPYSPRPTSHPRPIRV,1,0.7752572894096375
amp_predictor,train,LDEFRVYSDDANKYKISIPQD,0,0.25041502714157104
amp_predictor,train,GSLTGLISMPRT,0,0.053186774253845215
amp_predictor,train,ATKVKAKQRGKEKVSSGRPGQHN,1,0.5332165360450745
amp_predictor,train,MIYSTEVSNMAGV,0,0.10009155422449112
amp_predictor,train,ADVPGNYPLDSYGNCYPCTILGDNQYCI,0,0.059718165546655655
amp_predictor,train,GIPCGESCVWIPCISAALGCSCKNKVCYRN,1,0.8651739358901978
amp_predictor,train,MKAIMVLFYVMTLTIIGSFSMLLQKAKERQ,0,0.14517147839069366
amp_predictor,train,GFCRCLCRRGVCRCICTK,1,0.9675968289375305
amp_predictor,train,CKYGRKKRRQRRR,1,0.9111708402633667
amp_predictor,train,RWRFLRKISSVHMFSVKALDDFRQL,1,0.46645405888557434
amp_predictor,train,TIVCGENNSCLKELC,0,0.40118372440338135
amp_predictor,train,FLPIAGKLLSGLSGLL,1,0.9689600467681885
amp_predictor,train,ADDRNPLEECFRETDYEEFLEIARNGLKKT,1,0.34818920493125916
amp_predictor,train,GLPVCGETCVGGTCNTPGCSCSRPVCTAN,1,0.8724414110183716
amp_predictor,train,KLAKLAKKLAKLAKNYRWRCKNQN,1,0.8944718837738037
amp_predictor,train,LRRLLRWLRRLLRR,1,0.9871812462806702
amp_predictor,train,AGTADCFWKYCV,0,0.6029416918754578
amp_predictor,train,GFKKLLKGAAKALVKTVLF,1,0.9989733695983887
amp_predictor,train,GPPYQPLVPR,0,0.2521800696849823
amp_predictor,train,SCNCVCGFCCSCSPSA,1,0.16586089134216309
amp_predictor,train,FISAIASMLGKFL,1,0.7550076842308044
amp_predictor,train,GGLGRCIYNCMNSGGGLSFIQCKTMCY,0,0.33474409580230713
amp_predictor,train,IIGGVESRPHSRPYMATLEIT,0,0.09480048716068268
amp_predictor,train,QKKDKKDRFYGLF,0,0.4227368235588074
amp_predictor,train,GGCDGDRQDM,0,0.019826853647828102
amp_predictor,train,MSIADLKSRLIKASTS,0,0.28239408135414124
amp_predictor,train,LRSPGISRFRRKIAKRSIKTL,1,0.8069377541542053
amp_predictor,train,GSRGSPGERGESGPPGPAG,1,0.9074270725250244
amp_predictor,train,FFRLLFHGVHHVGKIKPRA,1,0.9989411234855652
amp_predictor,train,KFFKRLLKSVRRAVKKFRKKPRLIGLSTLL,1,0.9672403931617737
amp_predictor,train,FLFSLIPKAIGGLISAFK,1,0.9958706498146057
amp_predictor,train,GSLVKLVSTLLSLVPSLMKG,0,0.6697040796279907
amp_predictor,train,SILGKLWKGVKSIF,1,0.9995927214622498
amp_predictor,train,FLSLIPHIVSGVAALAKHLG,1,0.9926803708076477
amp_predictor,train,SANAKNDFMRF,0,0.21093426644802094
amp_predictor,train,AATKPKKAGAAP,1,0.9658226370811462
amp_predictor,train,FLAKKLAKHLAKKQAES,0,0.9297431707382202
amp_predictor,train,IRCRRRFCRI,1,0.9979555606842041
amp_predictor,train,GRFRRLRNRIRNIWRKIGPIAGPLISRFG,1,0.9475633502006531
amp_predictor,train,AFALIAGALYRIFHRR,1,0.8907252550125122
amp_predictor,train,IGPAGPPGTPGPPGPPGPPGGGFD,1,0.8817245960235596
amp_predictor,train,PAWLVDCPCVGDDINRLLTRGEK,0,0.07441829144954681
amp_predictor,train,EKCLRWQWRMRKYGG,1,0.9803117513656616
amp_predictor,train,FPVTFRFFKFFKG,1,0.936292827129364
amp_predictor,train,CLIQDCPEG,0,0.027638670057058334
amp_predictor,train,ISGLIYEETRIFLENVIR,0,0.3753552734851837
amp_predictor,train,NLAQFGFMIRCANGGSRSALDYADYGC,0,0.09244047850370407
amp_predictor,train,GLLWKWGWKWKEFLRIVGY,1,0.9988969564437866
amp_predictor,train,RRWQWRMKKL,1,0.9891591668128967
amp_predictor,train,ILGPVIKTIGGVLGGLLKNL,1,0.9879950881004333
amp_predictor,train,RGESGPAGPAGPAGPAGA,1,0.9781621694564819
amp_predictor,train,VIGGDECNINEHRSL,0,0.09149886667728424
amp_predictor,train,VNWKKILGKI,1,0.9998061060905457
amp_predictor,train,FIGPLISALASLFKG,1,0.9748859405517578
amp_predictor,train,GLVSSIGKALGGLLVDVVKSKGQPA,1,0.857072114944458
amp_predictor,train,ISVDELSNYNF,0,0.19806163012981415
amp_predictor,train,SAIWFWMTPQSPK,1,0.3398474454879761
amp_predictor,train,FWGKLWEGVKNAI,1,0.9945726990699768
amp_predictor,train,GIFDVLKNLAKGVITSLAS,1,0.9453993439674377
amp_predictor,train,TKTEGSFLAEGGGVR,0,0.07507821917533875
amp_predictor,train,KNGDRGESGPAGPAGPAGPAGAR,1,0.9728913903236389
amp_predictor,train,FLSLIPHAINAISAIADHF,1,0.9279780387878418
amp_predictor,train,VIRTVVAGYNLYRAIKKK,1,0.7781090140342712
amp_predictor,train,PAQPFRIKKRQGPFERP,1,0.6183564066886902
amp_predictor,train,RKKRRQRRRGC,1,0.9208746552467346
amp_predictor,train,AIPWIWIWRLLRKG,1,0.9998167157173157
amp_predictor,train,GGYCSGIIKQTCTCYRN,1,0.6442769169807434
amp_predictor,train,GIHDILKYGAPS,1,0.6485573053359985
amp_predictor,train,SMSGFSKPHD,1,0.27974772453308105
amp_predictor,train,CSCRTSSCRFGERLSGACRLNGRIYRLCC,1,0.7251827716827393
amp_predictor,train,RKARRQRRR,1,0.9037559032440186
amp_predictor,train,GFWTTAAEGLKKFAKAGLASILNPK,1,0.9548733234405518
amp_predictor,train,RRLWKKTWKRLW,1,0.9993676543235779
amp_predictor,train,AAGPPGATGFPGAAGR,1,0.9610016345977783
amp_predictor,train,CRSWCKRPGHPEKNAFYCC,1,0.221405029296875
amp_predictor,train,LLKWLLKWLLK,1,0.9983030557632446
amp_predictor,train,QFRPSYQIPP,0,0.21041759848594666
amp_predictor,train,RDSNVTILPLRNMKD,0,0.12304677814245224
amp_predictor,train,NQDCRPGWSFYEQNCYKVF,0,0.08569644391536713
amp_predictor,train,FFGHLFKLATKIIPSLFQ,1,0.9872948527336121
amp_predictor,train,LGSPFGGFDTLGSNR,0,0.04920651763677597
amp_predictor,train,IPFVASVAAEMMQHIFCAASRKC,1,0.6567261219024658
amp_predictor,train,LKCNKLVPLFYKTCPAGKNL,1,0.8997015953063965
amp_predictor,train,SEAENDLMNKLFTAYNPKVRPAEK,0,0.24618329107761383
amp_predictor,train,GMASKAGSVLGKLAKVAIGAL,1,0.9719564318656921
amp_predictor,train,GDCGGTCTWTKDCSICPSWSCWSWSC,1,0.4441468119621277
amp_predictor,train,RKLRRLKRKIAHKVKKY,1,0.9179824590682983
amp_predictor,train,RLLGNCLTVVMAAKLGTAFSPEIQCAWQK,1,0.5690167546272278
amp_predictor,train,SAPRGCWTKSYPPKPCK,1,0.6750292778015137
amp_predictor,train,KWFKKIPKFLHLLKKF,1,0.9991993308067322
amp_predictor,train,AAGIQAQAGFGLSDSIQGTGKQKCSFCK,1,0.7992299199104309
amp_predictor,train,WLSKTAKKL,1,0.9940014481544495
amp_predictor,train,RCVCRRGVC,1,0.9643484950065613
amp_predictor,train,WGRRGWGPGRRYVRN,1,0.967875599861145
amp_predictor,train,GKGRWLERIGKAGGIIIGGALDHL,1,0.9263675212860107
amp_predictor,train,KETWWETWWTEWSQPKKKRKV,1,0.7984066605567932
amp_predictor,train,GTGITEEFEEVPVQSRGFGILDVGYR,0,0.03909459710121155
amp_predictor,train,SASSGESSGMWFGPRL,0,0.06101929023861885
amp_predictor,train,GNHDCCMGQLPKCMLGPGQGAATCQGK,1,0.15882906317710876
amp_predictor,train,INLKILARLAKKIL,1,0.9939916729927063
amp_predictor,train,YVPPVQKPHPNGPKFPTFP,1,0.7601509094238281
amp_predictor,train,FLGALIPAAIGLISGLIKK,1,0.9944954514503479
amp_predictor,train,GFLSILKKVLPKVMAHMK,1,0.9583330154418945
amp_predictor,train,AMTEELEAVENNGVR,0,0.10884162783622742
amp_predictor,train,MKATFVLHGWWRTS,0,0.28932124376296997
amp_predictor,train,QPPTPPEHRFPGLM,0,0.24887743592262268
amp_predictor,train,IRCQGSNQCYGHCREKTGCPNGKCID,0,0.14661923050880432
amp_predictor,train,GFKDWIKGAAKKLIKTVASNIANQ,1,0.9898183941841125
amp_predictor,train,NLLQFAFMIRQANKRRRPVIPYEEYGLYYM,0,0.1044711023569107
amp_predictor,train,QVNFTPGW,0,0.0318879671394825
amp_predictor,train,RGSALTHLP,1,0.15218506753444672
amp_predictor,train,EIKARGKNKTKPTPSSGKGGKHN,1,0.5208114385604858
amp_predictor,train,VDKPDYRPRPWPRPNM,1,0.5894115567207336
amp_predictor,train,GIMSSLMKKLKKIIAK,1,0.9574388265609741
amp_predictor,train,KWCFRVCSRGICYRRCR,1,0.9978678226470947
amp_predictor,train,INWSSIFEKVKNLV,1,0.887363076210022
amp_predictor,train,FLPLFLPKIICVITKKC,1,0.9967333078384399
amp_predictor,train,SLVSLNEPKDEIYMESQP,0,0.24408301711082458
amp_predictor,train,SKVWRHWRRFW,1,0.9997134804725647
amp_predictor,train,SCVYIPCTITALLGCSCKNKVCYNGIPCAE,1,0.9507156610488892
amp_predictor,train,FWGTLAKLALKAVPAVMGMIKKE,1,0.8990527391433716
amp_predictor,train,SDYSRKRDPPQKYEEE,1,0.35153064131736755
amp_predictor,train,CGETCVGGTCNTPGCACSWPVCTRNGLPV,1,0.9151273369789124
amp_predictor,train,NTEAFFGQGTRLTVV,0,0.046665556728839874
amp_predictor,train,FYSAPTRDNVFEL,0,0.0882745310664177
amp_predictor,train,SFREQCVPGREITYECLNACAEYAVRQ,0,0.1743689924478531
amp_predictor,train,MEHSHWFRKMSSLHQEFVCFLFWPLT,0,0.15941612422466278
amp_predictor,train,FLPGVLRLVTKVGPAVVCAITRNC,1,0.6276306509971619
amp_predictor,train,LFEENGGAL,0,0.12115268409252167
amp_predictor,train,FLGAIAGVAAKFLPKVFCFITKKC,1,0.9982303977012634
amp_predictor,train,EQGVGGDDGL,0,0.05488437041640282
amp_predictor,train,FLGLIGSLL,1,0.9197276830673218
amp_predictor,train,ACYCRIPACLAGERRYGTCFYLGRVWAFCC,1,0.9112703204154968
amp_predictor,train,CSTCLDKP,0,0.20820359885692596
amp_predictor,train,DATPHAALFFTVKDHTAGDN,1,0.11200141161680222
amp_predictor,train,LQLSYRPRVMIMAVMFVFCINKGYDIY,0,0.08218538016080856
amp_predictor,train,KWNSFIKKLTSKFLHSAKKF,1,0.9858566522598267
amp_predictor,train,ADYLQLAR,0,0.12926484644412994
amp_predictor,train,GWGSFFKKAAHVGKHVGKAALTHYL,1,0.9851896166801453
amp_predictor,train,GYPRKTVDVFTFTN,0,0.129352405667305
amp_predictor,train,GHACYRNCWREGNDEETCKERCG,0,0.205051451921463
amp_predictor,train,PAAAAQAVAGLAPVAAEQ,1,0.34051403403282166
amp_predictor,train,GWFKKAWRKVKNAGRVLKGVGIHYGVGLIG,1,0.9968826770782471
amp_predictor,train,RCVCRRGVCRCVCTRGFC,1,0.9802147150039673
amp_predictor,train,RRWWRWWRR,1,0.9996060729026794
amp_predictor,train,LGEFAPTRTYRGHDKKDNKKDNKKGQKK,0,0.31027090549468994
amp_predictor,train,GSFFATPDDRH,0,0.11166014522314072
amp_predictor,train,NGDRGESGPAGPAGPAGPAGAR,1,0.9570550918579102
amp_predictor,train,ILGPVLGLVGNALGGLIKKI,1,0.9923736453056335
amp_predictor,train,WLSGVDKIRGVNLGSAFIIE,0,0.3756355941295624
amp_predictor,train,FFPLLFGALSSMMPKLF,1,0.37685051560401917
amp_predictor,train,TEIQSFNFNGFVPEN,0,0.11714337766170502
amp_predictor,train,FKGGGPYGQGVTRGQDLSGKDF,0,0.10688619315624237
amp_predictor,train,RGEGGPAGAPGF,1,0.9707962870597839
amp_predictor,train,AWCARVCYRGICYRRCR,1,0.9970247149467468
amp_predictor,train,FFKKFWGGVKAIFKGARKGWK,1,0.9983762502670288
amp_predictor,train,SCNCVCGVCCSC,1,0.078135646879673
amp_predictor,train,SGPAGPRGPAGPA,1,0.9426743388175964
amp_predictor,train,GILMDTFKGAAKNVAGFLLDKLKCKISGGC,1,0.9860807657241821
amp_predictor,train,SWKSMAKKLKEYMEKLKQRA,1,0.45538628101348877
amp_predictor,train,GPPYDFGM,0,0.06824487447738647
amp_predictor,train,ACYCRIPACLAGERRYGTCIYQGRLWAFCC,1,0.8933333158493042
amp_predictor,train,EDGSDPASGDFLAEGGGVR,0,0.0342843160033226
amp_predictor,train,FFGSVLKVAAKVLPAALCQIFKKC,1,0.9946130514144897
amp_predictor,train,WRLRWRTRWRLR,1,0.9983763694763184
amp_predictor,train,GWGSIFKHGRHAAKHIGHAAVNHYL,1,0.9775935411453247
amp_predictor,train,QKTLIFGHKNPDTDTI,0,0.16704481840133667
amp_predictor,train,FAVGTESIAKTFSEALDTTKISDVLSK,0,0.19834715127944946
amp_predictor,train,HSQGSFTSDYSKYLDSKQAKDFVIWLMNT,0,0.1765492856502533
amp_predictor,train,MDILSLGWSALMVVFTFSLALVVWGRNGF,0,0.05241834744811058
amp_predictor,train,MAKFELPNLPTADDAL,0,0.09712741523981094
amp_predictor,train,ADDDLEGFSEEDLKAIKEHRAGLAA,0,0.12414923310279846
amp_predictor,train,SPPEAAYGPGNTNSDSGDK,1,0.09982690215110779
amp_predictor,train,TDVLGLPAK,0,0.17736904323101044
amp_predictor,train,AVREYHWFVE,0,0.09904693812131882
amp_predictor,train,MHSNNSRQILIPHQNENMFLTELY,0,0.1483774483203888
amp_predictor,train,APLTNEYLNHLCHKC,0,0.1578102707862854
amp_predictor,train,CIIRNCPRG,0,0.8590838313102722
amp_predictor,train,SVTADNASETKVREIGQEKSS,0,0.21429844200611115
amp_predictor,train,KPNPERFYAPM,0,0.33638980984687805
amp_predictor,train,VQLRIRVRVIRK,1,0.9695013165473938
amp_predictor,train,RFPWWWPFLR,1,0.9877881407737732
amp_predictor,train,ANDPDFPYTVQANRP,0,0.12021678686141968
amp_predictor,train,AKIIGIDGLTTNSWVAVLESDKVHV,0,0.1625584214925766
amp_predictor,train,QTFQYSRGWTN,0,0.1158432736992836
amp_predictor,train,ALKCQGWVDYCNGNVECCNECVMY,0,0.05886010080575943
amp_predictor,train,GVGDLIRKAVSVIKNIV,1,0.8777729868888855
amp_predictor,train,GCCPFPACTHHIICRCC,0,0.0791940689086914
amp_predictor,train,PNIQTKIIEQIWKEHIFQGTVVK,0,0.21849817037582397
amp_predictor,train,DLRDSWKVIGSDKK,1,0.33951863646507263
amp_predictor,train,ARTGFGVLKPAMQGYPGLVLPR,0,0.060776643455028534
amp_predictor,train,SCKRECSGSKRQK,0,0.4436242878437042
amp_predictor,train,KFKVVTTFTVIQDIAQNVAGDAAT,0,0.11316625773906708
amp_predictor,train,RCFRRRGKLTC,1,0.9716569781303406
amp_predictor,train,PVVIRTVVAGYNLYRAIKKK,1,0.6997373700141907
amp_predictor,train,FLTGVLKLASKIPSVLCAVLKTC,1,0.9903621673583984
amp_predictor,train,FLPMLAGLAANFLPKIVCKITKKC,1,0.9778954386711121
amp_predictor,train,GGVGRCIYNCMNSGGGLNFIQCKTMCY,0,0.3106156885623932
amp_predictor,train,GLFSKFAGKGIKNFLNKGVKHIGKE,1,0.9911547899246216
amp_predictor,train,VVGGAECKIDGHRCLALLY,0,0.415812224149704
amp_predictor,train,RCVCTRGFCRCVCTRGFC,1,0.9877715110778809
amp_predictor,train,GLPTCGETCTLGKCNTPKCTCNWPICYKN,1,0.9343581795692444
amp_predictor,train,ASLFNAPRV,0,0.0750368982553482
amp_predictor,train,KTISFILK,1,0.9959024786949158
amp_predictor,train,ECWMDGHCRLLCKDGEDSIIRCRNRKRCC,1,0.21605521440505981
amp_predictor,train,TTPLCVGVIIGITASIKICK,1,0.9846998453140259
amp_predictor,train,QANQDFMRF,0,0.17293593287467957
amp_predictor,train,MDILSLGWAALMAMFTFSIAMVVWGRNGF,0,0.04369208589196205
amp_predictor,train,IKLSPKTKDNLKKVLKGAIKGAIAVAKMV,1,0.9869899153709412
amp_predictor,train,SRRARRSPRHLGSG,1,0.7611902952194214
amp_predictor,train,LPLDDLSDT,0,0.17942361533641815
amp_predictor,train,TSGLIAFPRL,0,0.11124660074710846
amp_predictor,train,ALWKNMLKGIGKLAGQAALGAVKTLVGAES,1,0.9631397128105164
amp_predictor,train,YYEEYVDGQGMVVR,0,0.033653624355793
amp_predictor,train,HNKQEGRDHDKSKGHFHRVVIHHKGGKAH,1,0.6642966270446777
amp_predictor,train,SFPFFPPGICKRLKRC,1,0.92622309923172
amp_predictor,train,GANAAKKFANLIKKIFNYIW,1,0.9961726069450378
amp_predictor,train,QKLCERPSGTWSGVCGNNNACKNQCIR,1,0.5216521620750427
amp_predictor,train,FRIRVRVFKRIVQRIKDFLR,1,0.9853754043579102
amp_predictor,train,FVGAIAAALPHVISAIKNAL,1,0.970649778842926
amp_predictor,train,LRWQNEMRKV,1,0.6027154326438904
amp_predictor,train,MWISYLGFLIFYFILAAASYKILKRIKWI,0,0.7480149865150452
amp_predictor,train,GILDTLKQFAKGVGKWLVKGAAQ,1,0.9885371923446655
amp_predictor,train,ELLETPTHVLRFWESKFPQIKPVKR,0,0.43592584133148193
amp_predictor,train,LLKLLLKLLLKLL,1,0.9611761569976807
amp_predictor,train,FFPIVGKLLFGLSGLL,1,0.9776620268821716
amp_predictor,train,CPAIQRCCQQLRNIQPPCRCCQ,1,0.06204279512166977
amp_predictor,train,RICPRILMECSSDSDCLAECICLEQGFCG,0,0.09753657132387161
amp_predictor,train,CSVVDLAR,0,0.11031295359134674
amp_predictor,train,PPCPSCPSCPWCPMCPRCPSCKCNPK,1,0.04919116199016571
amp_predictor,train,GILLNTLKGAAKNVAGVLLDKLKCKITGGC,1,0.9968499541282654
amp_predictor,train,DLDVNVFNR,1,0.127923384308815
amp_predictor,train,SSNKLTTSWG,0,0.24646547436714172
amp_predictor,train,LLKWLKKLLKK,1,0.998649537563324
amp_predictor,train,KTCENLADDY,1,0.2735220193862915
amp_predictor,train,AGECVRGRCPGGLCCSKFGFCGSGPAYCGG,1,0.5063042640686035
amp_predictor,train,YQEPVLGPVRGPFPI,1,0.24318699538707733
amp_predictor,train,GGETSGETKGMWFGPRL,0,0.056318916380405426
amp_predictor,train,TQSTGTSQTVEVGLWGGPDN,0,0.03198618069291115
amp_predictor,train,EAAGLIPFPRVG,0,0.05993209406733513
amp_predictor,train,NEEEKVKWQPDVP,1,0.1415219008922577
amp_predictor,train,HPGYGGATASVDRRKRQRLSRAASAWLARH,0,0.486221581697464
amp_predictor,train,SPAFNSWG,0,0.050941452383995056
amp_predictor,train,PVLAAASWALFNIGRLALQQFNKIASR,0,0.3995606601238251
amp_predictor,train,MVTVLFRRLRIRRACGPPRVRV,1,0.7980718016624451
amp_predictor,train,NGKKACLNPASPMVQKIIEKIL,1,0.5863951444625854
amp_predictor,train,INWLKLGKAVIDAL,0,0.9918135404586792
amp_predictor,train,GFGSFLGKALKAALKIGANALGGSPQQ,1,0.9468132257461548
amp_predictor,train,GDVQEGEFIAEGGGVR,0,0.03239690512418747
amp_predictor,train,AAGMGFFGAR,1,0.281054824590683
amp_predictor,train,SSGGGEGSGMWFGPRL,0,0.05179158225655556
amp_predictor,train,ADDKNPLEECFCEDDDYCEG,1,0.09101854264736176
amp_predictor,train,KKLALLALKKWLLALKKLALLALKK,1,0.998405396938324
amp_predictor,train,FLPMLAGLAANFLPKLFCKITKKC,1,0.9687284231185913
amp_predictor,train,FLISIPYSASIGGTATLTGTA,1,0.12370382994413376
amp_predictor,train,RQIKIWFQNRRMK,1,0.9003324508666992
amp_predictor,train,DGCCIAKQCC,0,0.018488574773073196
amp_predictor,train,MNFFLRWCYAVAI,0,0.15115223824977875
amp_predictor,train,KWAFRVCYRGICYRRAR,1,0.996225118637085
amp_predictor,train,LRPAILVRIK,1,0.9789339303970337
amp_predictor,train,FLKGIIDTVSKLF,1,0.9775916934013367
amp_predictor,train,GTPCGESCVYIPCFTAVVGCTCKDKVCYLN,1,0.9178500771522522
amp_predictor,train,MSYIVRFTGLLLLNAFIVRGRPVGGIQH,0,0.10729236155748367
amp_predictor,train,KPCCSIHDSSCCGI,0,0.08454180508852005
amp_predictor,train,FLPLIGKILGTIL,1,0.9734025597572327
amp_predictor,train,KAAKAAKKAAKAAWK,1,0.992250382900238
amp_predictor,train,IHKFWRGGRWFKHI,1,0.9998852014541626
amp_predictor,train,VWRKWRRFWKR,1,0.9997994303703308
amp_predictor,train,ITCLSDINSK,0,0.5314111709594727
amp_predictor,train,IASKFLCTPGCAKTGSFNSYCC,1,0.984687864780426
amp_predictor,train,KWKWKWKW,1,0.9994165897369385
amp_predictor,train,QAVLGAGLPCNTTTSPIIKVCASGMK,0,0.6807546019554138
amp_predictor,train,GRTSKQELCTWERGSVRQADKTIAG,1,0.3930372893810272
amp_predictor,train,NRTFKTNTKCHVKNQCNFLCQ,0,0.3742818832397461
amp_predictor,train,FFGLIPGLVGSLISAFK,1,0.9723827838897705
amp_predictor,train,ALWKSLLKNVGKAAGKAALNAVTDMVNQ,1,0.9483570456504822
amp_predictor,train,LNQESARKSE,1,0.3753353953361511
amp_predictor,train,ILGKIWEGIKSIF,1,0.99518221616745
amp_predictor,train,VATSEPNRYFNPYSYVELIITVDHS,0,0.11198064684867859
amp_predictor,train,RIRFPWPWRWPWWRRVRG,1,0.9991866946220398
amp_predictor,train,GAAILTNDNAMDALQDL,0,0.09773311764001846
amp_predictor,train,RNEEERLINHLFKERGYNKELRPAQT,0,0.33400729298591614
amp_predictor,train,MGHLVLVRHYVLVLLLIELMQLLLGSLGLS,0,0.22107568383216858
amp_predictor,train,FLPFVGNLLKGLL,1,0.9810255169868469
amp_predictor,train,CANSCSYGPLTWSCDGNTK,1,0.6805650591850281
amp_predictor,train,ARICPRILMKCKKDSDCLAECICEEHGFCG,0,0.10807805508375168
amp_predictor,train,INWLKLGKKILGAL,1,0.9994472861289978
amp_predictor,train,GLVDVLGKVGGLIKKLLPG,1,0.9885362386703491
amp_predictor,train,VVGGDECNINEHRFL,0,0.06897144019603729
amp_predictor,train,CELAGIGILTVRKKRRQRRR,1,0.8707259893417358
amp_predictor,train,GFMDTAKNVAKNMAGNLLDNLKCKITKAC,1,0.8597337603569031
amp_predictor,train,ILGPVLSLVGNALGGLLKNE,1,0.9167476892471313
amp_predictor,train,CYIQNCPVG,0,0.019439220428466797
amp_predictor,train,AKCLRWQWAMRKVGG,1,0.9889391660690308
amp_predictor,train,IVPFLLGMVPKLVCLITKKC,1,0.9218738675117493
amp_predictor,train,RRLRWKTRWRLK,1,0.9940081834793091
amp_predictor,train,RKFHEKHHSHRGYRSNYLYDN,1,0.47895148396492004
amp_predictor,train,CCHSSWCKHLC,0,0.12081597745418549
amp_predictor,train,IKIWFQNRRMKWKK,1,0.9868130683898926
amp_predictor,train,GVGSFIHKVVSAIKNVA,1,0.9935910701751709
amp_predictor,train,GSNIEVMLGLPNSDVK,1,0.1083088144659996
amp_predictor,train,MKVTFQGNEVTLQGKEVKVG,0,0.16063983738422394
amp_predictor,train,VPSSFRTTITDAQLRG,0,0.1397201418876648
amp_predictor,train,RVRRFWPLVPVAINTVAAGINLYKAIRRK,1,0.7000864148139954
amp_predictor,train,GTACGESCYVLPCFTVGCTCTSSQCFKN,1,0.9752657413482666
amp_predictor,train,EPTPRSFNGDKVFRV,0,0.19125913083553314
amp_predictor,train,GDACGETCFTGICFTAGCSCNPWPTCTRN,1,0.9203025102615356
amp_predictor,train,MDIVSIGWAALMVVFTFSLSLVVWGRSGL,0,0.044356219470500946
amp_predictor,train,RRQGPIFDTRPSPFNPNQPRPGPIY,1,0.45959052443504333
amp_predictor,train,GIGTKILGGVKAALKGALKELASTYVN,1,0.9532631635665894
amp_predictor,train,LLKWLLKWLKK,1,0.9994378685951233
amp_predictor,train,GLFGVLGSIAKHVLPHVVPVIAEK,1,0.9654892683029175
amp_predictor,train,GLLKRIKTLL,1,0.9857826232910156
amp_predictor,train,GLLSVLGSVAKHVLPHVVPVIAKLH,1,0.9896402955055237
amp_predictor,train,HLNKRVQRELIGWLDWLK,1,0.9718182682991028
amp_predictor,train,LLPWKWPWWKWRR,1,0.9994571805000305
amp_predictor,train,FISGLIGGLMKAL,1,0.8666126132011414
amp_predictor,train,FPVTWRWWKWWKG,1,0.9957643747329712
amp_predictor,train,APVAQEGN,0,0.032681357115507126
amp_predictor,train,AGPYSFGL,0,0.06194058060646057
amp_predictor,train,HVGGDECNINEHRSLVAIFVFTEFF,0,0.0926581546664238
amp_predictor,train,SGQSWRPQGRF,0,0.3010268807411194
amp_predictor,train,KIWFQNRRMKWKK,1,0.9745252132415771
amp_predictor,train,GVVDILKGAGKDLLAHLVGKISEKV,1,0.9531887173652649
amp_predictor,train,TCTLGTCYTAGCSCSWPVCTRNGVPICGE,1,0.9656922221183777
amp_predictor,train,RWAEIVCRSPSCNECCEWHTCFAPED,0,0.11800279468297958
amp_predictor,train,VVVNVLVKVLPPPVV,1,0.6695185303688049
amp_predictor,train,GYNYAKKLANLAKKFANALW,1,0.9691144227981567
amp_predictor,train,WRLRWRLRWRLR,1,0.99940025806427
amp_predictor,train,ALWKNMLKGIGKLAGQAALGAVKTLVGAE,1,0.9738320708274841
amp_predictor,train,AEVPMPLRQLTMTLPDGREESVMERTTLVA,0,0.0802745446562767
amp_predictor,train,NGKKKRKKPEKLCMKPGACSVIFDASVNE,1,0.41579851508140564
amp_predictor,train,KWKSFIKKLTSKFLHSKKKF,1,0.9855631589889526
amp_predictor,train,MEALMAASVAALTI,0,0.12812712788581848
amp_predictor,train,IDPVNVKKLQCDGDTYKCTADLDFGDGR,0,0.11404469609260559
amp_predictor,train,KLLKWWKKLL,1,0.9996067881584167
amp_predictor,train,KRIVQRIKDWLR,1,0.9870994687080383
amp_predictor,train,GIVDFAKKVVGGIRNALGI,1,0.9360900521278381
amp_predictor,train,KWKSFIKKLTTAVKKVLTTGLPALIS,1,0.9931572079658508
amp_predictor,train,LNPFRWMINKYREWKNKKN,0,0.3571411371231079
amp_predictor,train,MLYPLSYMLLWTDSIVEQYKKFYLFRFDL,0,0.10176557302474976
amp_predictor,train,SRSELIVHQRRC,1,0.8363591432571411
amp_predictor,train,GLLGKLLKIAAKVGSNLL,1,0.9979274272918701
amp_predictor,train,FKGGGPYGQGVTRG,0,0.4292565882205963
amp_predictor,train,GTLIGQDYK,0,0.10325217992067337
amp_predictor,train,DITEVIAAGR,0,0.043807871639728546
amp_predictor,train,LENRVAEKQKLFQEDNGLPVHLKGGATDN,0,0.16108152270317078
amp_predictor,train,AVYLPNCDRKGFYKRKQCKPSR,1,0.4438658356666565
amp_predictor,train,FKKLKKLFKKILKLK,1,0.9968780279159546
amp_predictor,train,GAGEALNAKRQQDVNHLLDLIYDHLHY,0,0.10969792306423187
amp_predictor,train,SIPCAESCVWIPCTVTALLGCSCSDKVCYN,1,0.9562326073646545
amp_predictor,train,FFPLALLCKVFKKC,1,0.9965460896492004
amp_predictor,train,SKTKRRSLLKRLGDGIRGFWNGFRGRK,1,0.8446471691131592
amp_predictor,train,AWLDKLKNLGKVVGKVALGVVQNYLNPRQ,1,0.8729425668716431
amp_predictor,train,GVLSAFKNALPGIMKIIV,1,0.9530577063560486
amp_predictor,train,DLWNSIKDMAAAAGRAALNAVTGMVNQ,1,0.09850632399320602
amp_predictor,train,MWTKPAFEDIRLGFEITMYAAVE,0,0.07397492229938507
amp_predictor,train,LMCTHPLDCSN,1,0.11788442730903625
amp_predictor,train,MRNIKVKPFLN,0,0.3281613290309906
amp_predictor,train,FIHHIIGGLFSVGKHIHSLIHGH,1,0.9997754693031311
amp_predictor,train,FLFSLIPSVIAGLVSAIRN,1,0.6736578345298767
amp_predictor,train,STIEVRNNSPYYSVD,0,0.14475174248218536
amp_predictor,train,ILKKLLKKVKSI,1,0.998666524887085
amp_predictor,train,RRWCFRVCYRGFCYRKCR,1,0.9979560375213623
amp_predictor,train,DQGTACTGEHAHSFCLNGGTCRHIQQLGE,0,0.28845566511154175
amp_predictor,train,FLGFLHHLF,1,0.9882991313934326
amp_predictor,train,KKKSGVIPTVSHDCHMNSFQFVFTCCS,1,0.7565599679946899
amp_predictor,train,MQWTKPAFTDLRIGFEVTMYFEAR,0,0.07481960952281952
amp_predictor,train,SLWGKLKEMAAAAGKAALNAVNGLVNQ,1,0.9276903867721558
amp_predictor,train,KWCFRVCYRGICARRCR,1,0.9985291957855225
amp_predictor,train,MDLIFPLVGSLLLVICVMVGVAFLTLL,0,0.16364319622516632
amp_predictor,train,ILGKIIKVVK,1,0.9985342025756836
amp_predictor,train,APLMGFQGVR,0,0.05285369232296944
amp_predictor,train,RIKRFWPVVIRTVV,1,0.9966996312141418
amp_predictor,train,GSGSGSGSGRQIKIWFQNRRMKWKKGC,1,0.789492130279541
amp_predictor,train,SPELPQPPSSDLLGCLRA,1,0.11375558376312256
amp_predictor,train,HSDAVFTDNYSRFRKQMAAKKYLNS,0,0.2552371323108673
amp_predictor,train,FIGKLISAASGLLSHL,1,0.9919276237487793
amp_predictor,train,EPPPWVPV,0,0.11803825944662094
amp_predictor,train,NLINFMEMIRYTIP,0,0.10092657059431076
amp_predictor,train,GWGDTFLKTMAKIAKVGPKLLHS,1,0.9386117458343506
amp_predictor,train,GLSLSFAPK,0,0.8227556347846985
amp_predictor,train,CENTISGCSRADCLLTHRKQGCQKTCGLC,0,0.4400300085544586
amp_predictor,train,YCNRRTGKCQRM,1,0.7562201619148254
amp_predictor,train,DPLNEERRANRYGFGL,0,0.13854263722896576
amp_predictor,train,QKKPPRPPQWAVGHFM,1,0.3517511785030365
amp_predictor,train,GLMDMLKKVGKVALTVAKSALLP,1,0.8340154886245728
amp_predictor,train,FHPSLWVLIPQYIQLIRKILKSG,1,0.9524565935134888
amp_predictor,train,GVGCSSGCHKVGGQCRCG,0,0.14503894746303558
amp_predictor,train,GGCCSHPACFASNPDYC,0,0.020365172997117043
amp_predictor,train,GFIMEFAENLILRRMEDPK,0,0.12651145458221436
amp_predictor,train,MDILTLGWVSILALFTWSIAMVVWGRNGF,0,0.04105817526578903
amp_predictor,train,VATVSLPR,0,0.13341256976127625
amp_predictor,train,VAAGGWRPIESLNSAEVQDV,1,0.03554356470704079
amp_predictor,train,AKLIPTIAL,1,0.927348792552948
amp_predictor,train,FLPIASLLGKYL,1,0.9170083403587341
amp_predictor,train,FIHHIIGALGHLF,1,0.9990519881248474
amp_predictor,train,GIMDSVKGVAKNLAAKLLEKLKCKITGC,1,0.9862998127937317
amp_predictor,train,GLVSGLLNTAGGLLGDLLGSLGSLSGGES,1,0.6749681234359741
amp_predictor,train,DGRELCLDPKENWVQRVVEKFLK,1,0.18424469232559204
amp_predictor,train,RICPRILMECKADSDCLAQCICEESGFCG,0,0.0878634825348854
amp_predictor,train,SILSGNFGVGKKIVCGLSGLC,1,0.9925907850265503
amp_predictor,train,RSCCPCYWGGCPWGQNCYPEGCSGPKV,0,0.028899310156702995
amp_predictor,train,NLYQFKNMIQCTTKRSVLEFMEYGCYC,0,0.1201602891087532
amp_predictor,train,FLPILAGLAAKIVPKLFCLATKKC,1,0.9947168231010437
amp_predictor,train,GLPVCGETCVTGSCYTPGCTCSWPVCTRN,1,0.947790265083313
amp_predictor,train,GKLSSLWKKLKKIIAK,1,0.9985124468803406
amp_predictor,train,KAAKKAAKAAKKAAKAAKKAA,1,0.9916753768920898
amp_predictor,train,GGSSGLIAFPRL,0,0.17999453842639923
amp_predictor,train,RRAAVVLIVIRR,1,0.930945873260498
amp_predictor,train,RCAHGTYYSNDSQQCLLNCCWWGGGDHCCR,0,0.04845021292567253
amp_predictor,train,KLWKLFKKIGIGAVLKVLTTGLPALKLTK,1,0.9984606504440308
amp_predictor,train,AGECVQGRCPSGMCCSQFGYCGRGPKYCGR,1,0.2891624867916107
amp_predictor,train,LETLLSLI,1,0.3065694272518158
amp_predictor,train,LIGPVLGLVGSALGGLLKKI,1,0.9870592355728149
amp_predictor,train,GFKNVALSTARGF,0,0.26542648673057556
amp_predictor,train,MKKPVLKPFASLEIKVDPPITIGETSLGLR,0,0.14738672971725464
amp_predictor,train,APRKNVRF,1,0.5409482717514038
amp_predictor,train,QSHLSLCRWCCNCCNRYKGCGFCCKF,1,0.4328894019126892
amp_predictor,train,FIHHIIGGLFSAGKAIHSLIHRRRR,1,0.9963149428367615
amp_predictor,train,RRLRPRRPRLPRPRPRPRPRPR,1,0.8997090458869934
amp_predictor,train,GRCCHPACGKNYSC,0,0.03618231415748596
amp_predictor,train,VGPGAINAGTYLVSRELFER,1,0.0379243828356266
amp_predictor,train,EPSQLRVAKVTGGAASKL,0,0.27060723304748535
amp_predictor,train,RGLWSKIKEAGKAALTAAGKAALGAVSDAV,1,0.8148999810218811
amp_predictor,train,RGDKGEAGEAGE,1,0.48964133858680725
amp_predictor,train,TKDEGTFIAEGGGVR,0,0.05474138259887695
amp_predictor,train,RLCRIVPVIRVCR,1,0.9956666231155396
amp_predictor,train,LWKKIYRKWKRW,1,0.9996167421340942
amp_predictor,train,MTTRGFSCLLLLIREIDLSAKRRI,0,0.3538624346256256
amp_predictor,train,GHGGASNYVRL,0,0.14754213392734528
amp_predictor,train,NSGMINSILGIPRVMTEA,0,0.059329334646463394
amp_predictor,train,VGCEECPMHCKGKNAKPTCDNGVCNCNV,0,0.060021206736564636
amp_predictor,train,GLFDVIKKVASVIGGL,1,0.9866438508033752
amp_predictor,train,FAKRYVELVIVA,0,0.25279825925827026
amp_predictor,train,INWKGIAAMKKLL,1,0.9962437152862549
amp_predictor,train,AEFGPSQPFKGAK,0,0.45893576741218567
amp_predictor,train,APVPFSCTRGCLTHLV,1,0.8248203992843628
amp_predictor,train,AKCLRWQWAMRKYGG,1,0.9808129668235779
amp_predictor,train,QSPGCCWNPACVKNRC,0,0.03482842445373535
amp_predictor,train,KQTENLADTY,1,0.3207247257232666
amp_predictor,train,GRKKRRQRPPQC,1,0.8113393783569336
amp_predictor,train,GPMEDPLEIIRI,0,0.10607893764972687
amp_predictor,train,SPALDDEHNDNFLRL,0,0.2588067352771759
amp_predictor,train,GLFDIVKKLVSDF,1,0.9228345155715942
amp_predictor,train,HGGYKPTDK,0,0.2170911729335785
amp_predictor,train,NLVSGLIEARKYLEQLHRKLKNCKV,1,0.43888527154922485
amp_predictor,train,FMGGLIKAATKIVPAAYCAITKKC,1,0.980319082736969
amp_predictor,train,AQPPQQADFL,0,0.023236799985170364
amp_predictor,train,ILSAIWSGIKS,1,0.9911342263221741
amp_predictor,train,QARPPHPPIPPAP,0,0.055134132504463196
amp_predictor,train,NYRWRCKN,1,0.9551118612289429
amp_predictor,train,AIGSILGALAKGLPTLRSWIKNR,1,0.8304738402366638
amp_predictor,train,VLLVTLTRLHQRGVIYRKWRHFSGRKYR,1,0.9662200212478638
amp_predictor,train,VDKGSYLPRPTSHPRPIRV,1,0.5703232288360596
amp_predictor,train,ILKWKWPWWPWRR,1,0.9996778964996338
amp_predictor,train,RKFHEKHHSHREFPFYGDYGSNYLYDN,1,0.1848137527704239
amp_predictor,train,GVPSVSTVNVAQKQHDVNFLLFKVYI,0,0.12148909270763397
amp_predictor,train,EVIAQLTMIAMIGIAGPMIIFLLAVRRGNL,0,0.07374832034111023
amp_predictor,train,RGLRRLGRKIAHGVKKYGPTVKRIKRKA,1,0.874178409576416
amp_predictor,train,GPSGFYGVR,0,0.05455055087804794
amp_predictor,train,SFHVFPPWMCKSLKKC,1,0.8534389734268188
amp_predictor,train,QLYENKPRRPYIL,1,0.3832036256790161
amp_predictor,train,LGIYSDAGTQTCSK,0,0.2156897485256195
amp_predictor,train,FLFSLIPSAISGLISAF,1,0.8828409314155579
amp_predictor,train,ATVYNNDGTQVDVGGRFDVALG,0,0.025511225685477257
amp_predictor,train,NDWRNAMYPVVPGHE,0,0.06924821436405182
amp_predictor,train,TYNNNLIR,0,0.13390980660915375
amp_predictor,train,LKALKKLAKKLKKLA,1,0.9965341091156006
amp_predictor,train,FLPIIGKLLSG,1,0.9907864928245544
amp_predictor,train,FFGRLKSVWSAVKHGWKAAKSR,1,0.977022647857666
amp_predictor,train,SAISCGETCFKFKCYTPRCSCSYPVCK,1,0.9492917060852051
amp_predictor,train,SVEIPKPFKWNDSF,1,0.30447351932525635
amp_predictor,train,SPAGCRFCCGCCPNMRGCGVCCRF,1,0.06801162660121918
amp_predictor,train,PYDRISSSAFSDF,0,0.17936758697032928
amp_predictor,train,SVFAFENEQSSTIAPARLYK,1,0.20188601315021515
amp_predictor,train,DYPKLTFTTS,1,0.28801751136779785
amp_predictor,train,TAIRKCNPRT,0,0.6925320029258728
amp_predictor,train,CCSCSCSTCTCTCTCASSAATKM,1,0.9580599069595337
amp_predictor,train,ISAEAPLYAEVGMPALSPTMT,0,0.07846857607364655
amp_predictor,train,LKLLKKLLKLLKKLGGGK,1,0.997979462146759
amp_predictor,train,FKRNVQRIKDFLR,1,0.8093118667602539
amp_predictor,train,DNTDSVVKIQSWFRMATARKSYL,1,0.18298792839050293
amp_predictor,train,QGYGFNEPEQTRNQGGSSWEAP,0,0.06534602493047714
amp_predictor,train,QHWSHGWLPG,0,0.03519972413778305
amp_predictor,train,IIPFVAGVAAEMMEHVYCAASKKC,1,0.5218210220336914
amp_predictor,train,SMISVLKNLGKVGLGFVACKVNKQC,1,0.988740861415863
amp_predictor,train,GWFKKAWRKVKNAGRRVLKGVGIHYGVGLI,1,0.9977606534957886
amp_predictor,train,KKLKLALAKLAPLWKALALKLKKA,1,0.9977856874465942
amp_predictor,train,CKSPGTPCSRGMRDCCTSCLLYSNKCRRY,0,0.4362311065196991
amp_predictor,train,KFFKKLKNSVKKRAKKFFKKPRVIGVSIPF,1,0.981521725654602
amp_predictor,train,GCRRWCYKQRCVTYCRGR,1,0.9927220940589905
amp_predictor,train,TLASYIRARRLTKAAVELRLTKK,0,0.3992387354373932
amp_predictor,train,IIGGLFSAGKAIHRLIRRRRR,1,0.9741935133934021
amp_predictor,train,ATCYCRTGR,1,0.8542062044143677
amp_predictor,train,EPHPNEFVGLM,1,0.1679784655570984
amp_predictor,train,IKVIQRGKVRRAKLYYLRDR,0,0.8815697431564331
amp_predictor,train,FGGFTGARKSARKLANQ,0,0.5081266760826111
amp_predictor,train,FGVLAVTSR,0,0.06861552596092224
amp_predictor,train,GLLSGLLGAGKKIVCGLSGMC,1,0.9634943008422852
amp_predictor,train,LLSLVPHAINAVSAIAKHF,1,0.9883195161819458
amp_predictor,train,KKCKFFCKVKKKIKSIGFQIPIVSIPFK,1,0.9968068599700928
amp_predictor,train,LNLKALLAVAKKIL,1,0.9970968961715698
amp_predictor,train,KRIRKRIKKWLR,1,0.9938904047012329
amp_predictor,train,IAWKGIAAMAKKLL,1,0.995983362197876
amp_predictor,train,CVTGAPGCVGGGRL,0,0.6798596978187561
amp_predictor,train,AHCLAIGRK,1,0.9720813632011414
amp_predictor,train,LGICFASMPR,0,0.13647887110710144
amp_predictor,train,SIGFDGLNDPDIVAR,1,0.06654053926467896
amp_predictor,train,QAKTFLDKFNHEA,1,0.28141170740127563
amp_predictor,train,VVSQYHELVVQARLSEQELEFR,0,0.1627815067768097
amp_predictor,train,AEVQDKGEFLAEGGGVR,0,0.06860724836587906
amp_predictor,train,GFGSLLGKALKIGTNLL,1,0.990568220615387
amp_predictor,train,CGETCVTGTCYTPGCACDWPVCKRD,1,0.6363747715950012
amp_predictor,train,KILRGVCKKIMRPFLRRISKDILTGKK,1,0.9376099705696106
amp_predictor,train,GLWETIKNFGKKFTLNILHNLKCKIGGGC,1,0.9916802048683167
amp_predictor,train,SPTQDFMRF,0,0.09256868809461594
amp_predictor,train,GLWSKIKETGKEAAKAAGKAALNKIAEAV,1,0.9144488573074341
amp_predictor,train,CYIQSCPIG,0,0.04392201453447342
amp_predictor,train,CSCADMTDKECLYFCHQDVIW,0,0.08113490790128708
amp_predictor,train,NQCPQAYSYAK,0,0.15516787767410278
amp_predictor,train,KFWSLLKKALRLWKKVL,1,0.9995006322860718
amp_predictor,train,GCWSTVLGGLKKFAKGGLEAIVNPK,1,0.9793652296066284
amp_predictor,train,SNWLKLGKKMMSAL,1,0.9343447685241699
amp_predictor,train,ACLRIRVCNRYYCYVFLRCF,1,0.8680762648582458
amp_predictor,train,SVKKFWGGVKAIFKGARKGLK,1,0.995439350605011
amp_predictor,train,TRRQRTRRARRNRGC,1,0.8841245174407959
amp_predictor,train,KFWSLLKKALRLWANVL,1,0.9987407326698303
amp_predictor,train,GLWSKIKNVAAAAGKAALGAL,1,0.9944603443145752
amp_predictor,train,VGKFPLLANSR,0,0.42715489864349365
amp_predictor,train,AQGDNPDKDTDGN,0,0.050004057586193085
amp_predictor,train,HLLKRVQRELIGWLDWLK,1,0.9845739006996155
amp_predictor,train,TLRGDERILSILRHQNLLKE,1,0.3584442734718323
amp_predictor,train,FLQRIIRALGRLF,1,0.9422395825386047
amp_predictor,train,WGRAFRRGVRRLARGGRR,1,0.9508528113365173
amp_predictor,train,MDIISIGWVSLMVVFTFSISLVVWGRSGL,0,0.08630730956792831
amp_predictor,train,GLLSVLGSVAKHVLPHVVPVIAEKL,1,0.9087786078453064
amp_predictor,train,SPSLDDERNDNFVRL,0,0.201445534825325
amp_predictor,train,FVPWFSKFLKRIL,1,0.9992984533309937
amp_predictor,train,RPRPQQFFGLM,0,0.15798597037792206
amp_predictor,train,QDLDHVFMRF,0,0.07383067160844803
amp_predictor,train,GRNGKSQSIIVGPWGDRVTN,0,0.10850836336612701
amp_predictor,train,GISCAETCVLLPCLSSVIGCTCQNKRCYKN,1,0.8827676177024841
amp_predictor,train,VSLFPVSLFP,1,0.721899151802063
amp_predictor,train,MRLNYSRCYYSSQRRRQSLPKRFPLI,0,0.5002827048301697
amp_predictor,train,MFSLSNSQYTCQDYISDHIWKTSSH,0,0.1384100764989853
amp_predictor,train,GRFRRLRKKTRKRLKKIGKV,1,0.9039227366447449
amp_predictor,train,TARRITPKDVIDVRSVTTEINT,1,0.474816232919693
amp_predictor,train,FLPILAGLAANILPKVFCSITKKC,1,0.9933286905288696
amp_predictor,train,MYDESTGYSSALK,1,0.22063133120536804
amp_predictor,train,KSPPQALNKPLPAPSAPSL,0,0.1709711104631424
amp_predictor,train,SALVGCWTKSYPPKPCFGR,1,0.7593297362327576
amp_predictor,train,KILRGVCKKIMRTFLRRISKDILTGKK,1,0.9132596850395203
amp_predictor,train,DSDSAFLIG,0,0.16923096776008606
amp_predictor,train,KKVWFIFHVCPKLKQRIL,1,0.9993690848350525
amp_predictor,train,ALLDKLKSLGKVVGKVAIGVAQHYLNPQ,1,0.9143210649490356
amp_predictor,train,NLLQFNKMIKVETGKNAIPFYAF,0,0.2358650416135788
amp_predictor,train,YYNPLPHDCGRDNNTDICSR,1,0.14633698761463165
amp_predictor,train,RILSILRHQNLLKE,1,0.5801436901092529
amp_predictor,train,VKLFPFFNQY,1,0.5983145236968994
amp_predictor,train,GFRDVLKGAAKAFVKTVAGHIANI,1,0.9331421256065369
amp_predictor,train,GIPCAESCVYIPCTVTALLGCSCSDKVCYN,1,0.8948394656181335
amp_predictor,train,TTAIEPFISLGDK,0,0.10123346000909805
amp_predictor,train,INLKAIAALVKKVL,1,0.9970824122428894
amp_predictor,train,PAELADYDAIIIGTATRYGMMAAQMK,0,0.08572570234537125
amp_predictor,train,ALKDEFEEHAEKAKTLPENTSNENKLILYG,0,0.3103998303413391
amp_predictor,train,NVLSSVANGINRALSFFG,1,0.26970070600509644
amp_predictor,train,FLPVILPVIGKLLNGIL,1,0.9709648489952087
amp_predictor,train,QPPGGSKVILF,0,0.47769489884376526
amp_predictor,train,CCMALCSRYHCLPCC,0,0.05465293303132057
amp_predictor,train,AHVEVPNSLY,0,0.13514341413974762
amp_predictor,train,KRMLSNRESARRSRMRKQK,0,0.6047469973564148
amp_predictor,train,VNWKKILGKIIKVAK,1,0.9996962547302246
amp_predictor,train,NLMQFETLIMKVAGRSGVWYYGS,0,0.04143388569355011
amp_predictor,train,GTRCGETCFVLPCWSAKFGCYCQKGFCYRN,1,0.8428775072097778
amp_predictor,train,CEGHSHDHGA,0,0.010754804126918316
amp_predictor,train,LKLLKKLLKKLKKLL,1,0.99665367603302
amp_predictor,train,SGTSEKERESGRLLGVVKRLIVGFRSPFR,1,0.3102474510669708
amp_predictor,train,GSEGPLKPGARIFSFDGKDVLRHPT,1,0.21207405626773834
amp_predictor,train,KIVINVGLGEAVQ,0,0.25373244285583496
amp_predictor,train,EGGGPQWAVGHFM,1,0.09451118111610413
amp_predictor,train,ATQRLPPLSTEPNR,0,0.12843403220176697
amp_predictor,train,QGRPPHPPIPPAP,0,0.06865289062261581
amp_predictor,train,GLPVCGETCFGGTCNTPGCSCDPWPMCSRN,1,0.6296630501747131
amp_predictor,train,SNKKNYQKEIVDKHNALRRSVK,0,0.2875843644142151
amp_predictor,train,HSDGTLTSELSRLRDRARLQRLLQGLL,0,0.2131069302558899
amp_predictor,train,MKRISTTITTTITITTGNGAG,0,0.2592015564441681
amp_predictor,train,KLLSHSLLVTLA,1,0.9285393357276917
amp_predictor,train,EAAGLLAFPRV,0,0.05328887701034546
amp_predictor,train,GLWNTKLEAGLLFAMGKLDLKRCLKAGGC,1,0.9656537175178528
amp_predictor,train,GLSQGVEPDIGQTYFEESRINQD,1,0.11079570651054382
amp_predictor,train,KKLALALKKLALLWKKLALALKKA,1,0.9987492561340332
amp_predictor,train,QPFPFIFP,1,0.7257513999938965
amp_predictor,train,SPALDDEHNDNFLRF,0,0.24902459979057312
amp_predictor,train,ESSLKKKALSKLSKLLKKG,1,0.936290442943573
amp_predictor,train,FLGAVLKVAGKLVPAAICKISKKC,1,0.9981430768966675
amp_predictor,train,KLLNLLPGLLAGIF,1,0.9803070425987244
amp_predictor,val,GFCRCFCRRGVCRCVCTR,1,0.9861392378807068
amp_predictor,val,VIPFVASVAAEMMQHVYCAASKKC,1,0.7426242828369141
amp_predictor,val,VEQDPYEIVIKQLERAAQYMEISE,0,0.21625225245952606
amp_predictor,val,FFPIIARLAAKVIPSLVCAVTKKC,1,0.988986611366272
amp_predictor,val,AFKLLGRIIHHVGNFVYGFSHVF,1,0.9933784604072571
amp_predictor,val,KWKSFLKTFKSAKKTVLHTLLKAISS,1,0.9880611896514893
amp_predictor,val,ELISNSSDALDKTNNSLTIIDSGIGMTK,0,0.2254570871591568
amp_predictor,val,GILGKLWEGFKSIV,1,0.991999626159668
amp_predictor,val,RLKLLLRLK,1,0.9886976480484009
amp_predictor,val,INWKKIAEVGGKILSSL,1,0.9951959252357483
amp_predictor,val,FHGHTKDSKKNIKK,0,0.708297073841095
amp_predictor,val,GSKKPVPIIYCNRRTGKCQR,1,0.6802856922149658
amp_predictor,val,FLSLIPHAINAVSTLVHHSG,1,0.9470445513725281
amp_predictor,val,VAAIQTVLG,0,0.1171184778213501
amp_predictor,val,IDASTATGDSPVFTATIK,0,0.1250155121088028
amp_predictor,val,ALWKDMLKGIGKLAGKAALGAVKTLV,1,0.9938900470733643
amp_predictor,val,STNCFCYICCSCSS,1,0.6512958407402039
amp_predictor,val,GGGVIQTISHECRMNSWQFLFTCCS,1,0.3679596185684204
amp_predictor,val,GYRKPPFNGSIF,0,0.32897037267684937
amp_predictor,val,VIGGDECNINEHRFLVALYDPDGFLSGGIL,0,0.08697222918272018
amp_predictor,val,MELCWLTTIHGS,0,0.08283691108226776
amp_predictor,val,NIQIICCKHTPACCT,0,0.7288803458213806
amp_predictor,val,EMVALSGSHTIGQAR,0,0.07321584224700928
amp_predictor,val,GLPTCGETCTLGKCNTPKCTCNWPICYKD,1,0.9012117385864258
amp_predictor,val,IWLTALKFLGKNLGKHLAKQQLAKL,1,0.9962812066078186
amp_predictor,val,GFLGPLLKLAAKGVAKVIPHLIPSRQQ,1,0.8348603844642639
amp_predictor,val,GWASKIGQTLGKIAKVGLKELIQPK,1,0.9772934317588806
amp_predictor,val,ILAWKWAWWAWRR,1,0.9994785189628601
amp_predictor,val,SKCYQWQRRMRKLGAPSITCIRRTS,1,0.7600811123847961
amp_predictor,val,NLLQFNKMIKIMTKKNAIPFYSS,0,0.2890903353691101
amp_predictor,val,LKWLKKLLKKL,1,0.998649537563324
amp_predictor,val,YPELQQDLIARLL,1,0.10397375375032425
amp_predictor,val,DDCGGLFSGCDSNADCCEGYVCRLWCKYKL,0,0.06488343328237534
amp_predictor,val,MNRLKEIFQKEITPALVSKF,0,0.19515207409858704
amp_predictor,val,MIIGAVEAGGTKFVDGVGNEKGEIFER,0,0.048838261514902115
amp_predictor,val,HRRSVAHQEEASLHVKTDELPSPDTVREQL,1,0.2321522980928421
amp_predictor,val,SVAALAAQGLLYNAPK,0,0.4807750880718231
amp_predictor,val,GCCSPWNCIQLRACGCC,0,0.037245385348796844
amp_predictor,val,SVQDNFIRF,0,0.11278928071260452
amp_predictor,val,AGEPANNEDRFNY,0,0.19263595342636108
amp_predictor,val,CGESCVFIPCISSVIGCSCSSKVCYRNGIP,1,0.9543437361717224
amp_predictor,val,GIPCGESCVFIPCISGVIGCSCKSKVCYRN,1,0.9441842436790466
amp_predictor,val,YCQEFLWTCDEERKCCGDMVCRLWCKKRL,0,0.21651691198349
amp_predictor,val,DEPDGVPTRQKQ,0,0.061744749546051025
amp_predictor,val,ILPIIGKILSTIF,1,0.9762125611305237
amp_predictor,val,ERRCPRILKQCKRDSDCPGECICMAHGFCG,0,0.08927412331104279
amp_predictor,val,IPYVPLTP,1,0.6162770390510559
amp_predictor,val,AECMVDETVCYIHNHNNC,1,0.10753443092107773
amp_predictor,val,KACFRVCYRGICYRRCR,1,0.992868959903717
amp_predictor,val,GKNGVFKTISHECHMNSWQFLFTCCS,1,0.605376660823822
amp_predictor,val,SFLSKFKDIALDVPRMRARVY,1,0.19325396418571472
amp_predictor,val,NGAICWGPCPTAFRQIGNCGRFRVRCCRIR,1,0.9471668601036072
amp_predictor,val,NVCHGSDSVESANKEIDLWFK,0,0.15500576794147491
amp_predictor,val,AAKKLSKLLKTLLKLL,1,0.9958429932594299
amp_predictor,val,ADGSDPAGGEFLEAGGGVR,0,0.11536385864019394
amp_predictor,val,LLGMIPVAISAINLMKL,0,0.34451812505722046
amp_predictor,val,FKCRRWAWRMKKLGA,1,0.9921150803565979
amp_predictor,val,TGVNYGQLGNNLP,0,0.05528523400425911
amp_predictor,val,GERGFPGERGGPG,1,0.9074946045875549
amp_predictor,val,SGLQFAVLDGQGFIPFPRV,0,0.06855960935354233
amp_predictor,val,ANPEVRNNLP,0,0.15047654509544373
amp_predictor,val,FALGAVTKVLPKLFCLITRKC,1,0.9890162348747253
amp_predictor,val,FSVTWRWWKWWKG,1,0.9933030605316162
amp_predictor,val,LLGDFFRKVKEKIGKEFKRIVQR,1,0.8151429891586304
amp_predictor,val,YRWRCKNQ,1,0.9790230393409729
amp_predictor,val,LAGTVPLANK,0,0.7152126431465149
amp_predictor,val,AAAGDNFMRF,0,0.08438896387815475
amp_predictor,val,ITEVITILLNRLTDRLEK,1,0.4156690835952759
amp_predictor,val,VDKGSYLPRPTPPRPIYNRN,1,0.5070359706878662
amp_predictor,val,CVISAGWNHKIR,1,0.9968384504318237
amp_predictor,val,NFLDTLINLAKKFI,1,0.931919276714325
amp_predictor,val,VNWKKILAKIIKVAK,1,0.9995526671409607
amp_predictor,val,AAVLLPVLLAAP,1,0.38095805048942566
amp_predictor,val,RRARRPRRLRPAPGR,1,0.8956361413002014
amp_predictor,val,KCFMWQEMLNKAGVPKLRCARK,1,0.7234799265861511
amp_predictor,val,EAAGLLAFPRT,0,0.057292208075523376
amp_predictor,val,GGLRSLGRKILRAWKKYG,1,0.9770901203155518
amp_predictor,val,TPWWRLWTKWHHKRRDLPRKPEGC,1,0.9788761138916016
amp_predictor,val,KTCENLADTFRGPCFATSNC,1,0.4038105905056
amp_predictor,val,VRWRIRVAVIRA,1,0.99086993932724
amp_predictor,val,MAWTAPKITEVPLGAEINSYVCGQKK,0,0.24629582464694977
amp_predictor,val,VLDLVTKTLKNVPKTVKGLLPL,1,0.8102509379386902
amp_predictor,val,GFPGKSLIF,0,0.974717378616333
amp_predictor,val,RRIIIRWRRI,1,0.9987689852714539
amp_predictor,val,SGLQLLDLSNNREVEML,0,0.1424327790737152
amp_predictor,val,AKPAKRVAVTGAAGQIAYSLL,0,0.4123396873474121
amp_predictor,val,NEQSGKSQTVIVGSWGAKVS,0,0.2302030473947525
amp_predictor,val,FLPIIAGVAAKVLPKLFCAITKKC,1,0.9962760210037231
amp_predictor,val,GLIGSIGKALGGLLVDVLKPKLQAAS,1,0.9561352729797363
amp_predictor,val,RVIEVVQGACRAIRHIPRRIRQGLERIL,1,0.8439170718193054
amp_predictor,val,KKRKKKAFALKFVVDLI,1,0.9933109283447266
amp_predictor,val,RCLFWSVCP,0,0.9614256620407104
amp_predictor,val,FLPIVGKLLSGLSGLL,1,0.9710888266563416
amp_predictor,val,EKYTEAPEYI,1,0.38323163986206055
amp_predictor,val,GDDVKSACCDTCLCTKSNPPICRCVDIRET,0,0.13155455887317657
amp_predictor,val,NGRRYTTYGCSPPVT,0,0.3038191497325897
amp_predictor,val,NYDKNFLRF,0,0.21452578902244568
amp_predictor,val,RVRILARFLRTRV,1,0.9390373229980469
amp_predictor,val,MKTISRQAYADMFGPTTGDRLRLADTELFL,0,0.08173020929098129
amp_predictor,val,GIGGALLSVGKSALKGLTKGLAEHF,1,0.9653372764587402
amp_predictor,val,RCVCTRGFC,1,0.9877715110778809
amp_predictor,val,ITSFSLCTPGCAKTGSFNSYCC,1,0.9724799394607544
amp_predictor,val,FLPIALKALGSIFPKIL,1,0.9937571287155151
amp_predictor,val,FCTMIPIPRCY,1,0.5438118577003479
amp_predictor,val,GLLGSIGNAIGAFIANKLKPK,1,0.9952564835548401
amp_predictor,val,RFRRLRKKIRKRLKKI,1,0.9660859107971191
amp_predictor,val,PFWRIRIRR,1,0.9985567927360535
amp_predictor,val,ALWKDILKNAGKAALNEINQIVQ,1,0.7880585789680481
amp_predictor,val,GNGVVLTLTHECNLATWTKKLKCC,1,0.9773107171058655
amp_predictor,val,GSLCGDTCFVLGCNDSSCSCNYPICVKD,1,0.3905990719795227
amp_predictor,val,GILDFAKTVVGGIRNALGI,1,0.5995680689811707
amp_predictor,val,ITCQQVTAELEPCVPYLTQGIP,1,0.22148191928863525
amp_predictor,val,KRIVKRIKKWLR,1,0.9983882904052734
amp_predictor,val,GYFLFRPRN,0,0.324178010225296
amp_predictor,val,TEFGPSQPFKGAK,0,0.30529624223709106
amp_predictor,val,FIHHIIKGIFHIGKIIHSAINRRRH,1,0.9993564486503601
amp_predictor,val,SHGKQETDEEFDARWVTYFNKSDI,0,0.2230340540409088
amp_predictor,val,SALVGCWTKSWPPKPCFGR,1,0.8522685766220093
amp_predictor,val,KWFRVYRGIYRRR,1,0.9942660927772522
amp_predictor,val,FLSLIPHAISAISAIADHL,1,0.8910225033760071
amp_predictor,val,DPPFAPRM,0,0.20352992415428162
amp_predictor,val,IGKLFKRIVQRIKKFLRNL,1,0.9953397512435913
amp_predictor,val,GPPCCLYGSCRPFPGCYNALCCRK,0,0.10103904455900192
amp_predictor,val,RFRRLRDKTRDRLKKI,1,0.8357340097427368
amp_predictor,val,TATTRRRGRPPGFSPFR,0,0.5186508297920227
amp_predictor,val,FFGTALKIAANILPTAICKILKKC,1,0.9981822967529297
amp_predictor,val,AKKVSKRLEKLFSKIQNDK,1,0.5315608978271484
amp_predictor,val,GIGTKFLGGVKTALKGALKELASTYVN,1,0.8652584552764893
amp_predictor,val,QRFIHPTYRPPPQPRRPVIMRA,1,0.6305379867553711
amp_predictor,val,NIVDVPCRDDYYRDSDGNCVCCKFGGA,0,0.043507739901542664
amp_predictor,val,FKCRRWQWR,1,0.9993752837181091
amp_predictor,val,DDKCSIGCKGSATAPTFLNGH,0,0.5197349190711975
amp_predictor,val,RRFKLLSHSLLVTLASHL,1,0.8226698637008667
amp_predictor,val,TRTPVNVTVTGAAGQIGYAL,0,0.04698137566447258
amp_predictor,val,MQLFHLCLIISCSCPTVQASKLCLGWL,0,0.23178963363170624
amp_predictor,val,GAVSGLLTNLGL,0,0.822388768196106
amp_predictor,val,AWQDLNAGW,0,0.08228097856044769
amp_predictor,val,SAKDVKFGDSARSMMIAGVNVIAD,0,0.09385261684656143
amp_predictor,val,SPPNQPSIMTFDYAKTNK,1,0.2478133887052536
amp_predictor,val,APRKNVRW,1,0.9275210499763489
amp_predictor,val,RKKTRKRLKKIGKVLKWI,1,0.9876420497894287
amp_predictor,val,VWRRWRRFW,1,0.9998186230659485
amp_predictor,val,SADQPNSIPPRERKAGCKNFYWKGLTSC,0,0.4332616329193115
amp_predictor,val,AFVQEPLPY,0,0.16209803521633148
amp_predictor,val,KWKSFLKTFKSLKKTVLHTALKAISS,1,0.9880611896514893
amp_predictor,val,RRRRRRRGHRGRRGRGGRRSRGRRRRAA,0,0.9375041127204895
amp_predictor,val,EGCCSNPACRTNHPEVCD,0,0.035470928996801376
amp_predictor,val,GLFGILGSVAKHVLPHVVPVIAEHS,1,0.9345022439956665
amp_predictor,val,KFKSFIKKLTSKFLHSAKKF,1,0.9845085144042969
amp_predictor,val,RSTEDIIKSISGGGFLNAMNA,1,0.13108840584754944
amp_predictor,val,SVDFDSESPR,0,0.1496267020702362
amp_predictor,val,KKKKKAAFAKAWAAFAA,1,0.9932327270507812
amp_predictor,val,KWKLFKKIGIGAVLKVLTPGLPALKLTK,1,0.9975831508636475
amp_predictor,val,ASGQDFMRF,0,0.07787203043699265
amp_predictor,val,GFMATAKNVAKNMDVTLLDNLKCKITKAC,1,0.8281124234199524
amp_predictor,val,MITDSQVFIGLVIALVPAILAFKLGLSLYE,0,0.1434650719165802
amp_predictor,val,LGGLIKIVPAMICAVTKKC,1,0.973528265953064
amp_predictor,val,FPFLLSLIPSAISAIKRL,1,0.9078296422958374
amp_predictor,val,KKLALKALKLWLLALLKLAKLALKK,1,0.998405396938324
amp_predictor,val,HRRQGPIFDTRPSPFNPNQPRPGPIY,1,0.5152602791786194
amp_predictor,val,AIHDILKYGKPS,1,0.7971153855323792
amp_predictor,val,AVNIPFKVHFRCKAAFC,1,0.9921438694000244
amp_predictor,val,EKGESGPAGPGGPT,1,0.9252817630767822
amp_predictor,val,ELCCPMERSS,0,0.2495538294315338
amp_predictor,val,GKNGDRGESGPAGPAGPAGPAGARG,1,0.9887491464614868
amp_predictor,val,VHWSAEEKQL,0,0.24654294550418854
amp_predictor,val,GFWGKLWEGVKSAI,1,0.978670060634613
amp_predictor,val,GGETGSDAKAMWFGPRL,0,0.05937998741865158
amp_predictor,val,KWKLFKKIPKFLHLAKK,1,0.9982607960700989
amp_predictor,val,SNVYRPPPYRPVYRPLRRPGYRP,1,0.7290867567062378
amp_predictor,val,SQEEVQKMTDAAI,0,0.15385229885578156
amp_predictor,val,KIKWFKTMKSLAKFLAKEQMKKHLGE,1,0.7827597856521606
amp_predictor,val,FLPILGKLLSGLL,1,0.975460946559906
amp_predictor,val,SLVELGKMILQETGKNPVTYGAY,0,0.06851623207330704
amp_predictor,val,GLWKSLLKNVGKAAGKAALNAVTDMVNQS,1,0.922379195690155
amp_predictor,val,FKRIQQRIKDFLR,1,0.8747037053108215
amp_predictor,val,HSDAVFTDSYTRLLKQMAMRKYLDSILN,0,0.17606745660305023
amp_predictor,val,AEYPNDVNLTVYWDP,0,0.07774775475263596
amp_predictor,val,KKTWWKTWWTKWSQPKKKRKV,1,0.9867369532585144
amp_predictor,val,GLKEIFKAGLGSLVKGIAAHVAN,1,0.991919755935669
amp_predictor,val,FFCFKGTPCG,1,0.8946813344955444
amp_predictor,val,GPSMGFHGMR,0,0.06335633993148804
amp_predictor,val,INWKKGKEVLKAL,1,0.9953065514564514
amp_predictor,val,MAQDAITAV,0,0.11289801448583603
amp_predictor,val,GKEGYPTDKRGCKLTCFFT,0,0.3356854021549225
amp_predictor,val,MQYISLNTTIITTTETTGYGAG,0,0.09931742399930954
amp_predictor,val,PAEEKGDDVSNNGVQNQGYKS,0,0.1233198344707489
amp_predictor,val,IRPAKLRWFKKIK,1,0.9981122016906738
amp_predictor,val,GLLSGLGL,0,0.9515672922134399
amp_predictor,val,FLPFLASLLSKVL,1,0.9537850022315979
amp_predictor,val,IKCKFCCGCCTPGVCGVCCRF,1,0.5731052160263062
amp_predictor,val,TRSGGACNSHDQCCINFCRKATSTCM,0,0.581967294216156
amp_predictor,val,EITKFPKDQQNLIGQG,0,0.21575650572776794
amp_predictor,val,MERQNVQQQRGKDQRPQRPGASNPRRPNQR,0,0.3664548099040985
amp_predictor,val,MQWTTPSYTDLRFGFEITMYIANR,0,0.04774109646677971
amp_predictor,val,MAAYLDPTGQY,0,0.0865621268749237
amp_predictor,val,GVIAWELQHNEPGRKDSTAG,0,0.11627665162086487
amp_predictor,val,RCICLLGIC,1,0.6120515465736389
amp_predictor,val,IKLSPKTKKNLKKVLKGAIKGAIAVAKMV,1,0.9943640232086182
amp_predictor,val,VRRFAWWWAFLRR,1,0.9993706345558167
amp_predictor,val,VKSTGRADDDLAVKTKYLPP,1,0.12408871948719025
amp_predictor,val,MENEHQYSGARCSGQAAYVAKRQECAK,0,0.44412803649902344
amp_predictor,val,EAIKRARNIALLPI,0,0.29657870531082153
amp_predictor,val,INNKKTHIRCRRCG,0,0.8774887323379517
amp_predictor,val,SRNKSVEIDISSE,0,0.28437086939811707
amp_predictor,val,SKCYQWQRRMRKLGA,1,0.8441432118415833
amp_predictor,val,VIGGDECNINEHRSLVAIFDS,0,0.09532497823238373
amp_predictor,val,KLALKALKALKAALKLA,1,0.9980712532997131
amp_predictor,val,TNRNFLRF,0,0.2072976976633072
amp_predictor,val,MKIADQFHDELCRLAAINFEAHVLHG,0,0.12440421432256699
amp_predictor,val,GIPCGESCVWIPCLTSAVGCSCKSKVCYRN,1,0.9529083967208862
amp_predictor,val,CCDRIACRFGCVPCCT,0,0.11871635913848877
amp_predictor,val,GFMDTAKNVFKNVAVTLLDKLKCKIAGGC,1,0.9765732288360596
amp_predictor,val,GLWSTIKNVGKEAAIAAGKAVLGSLGEQ,1,0.7919204235076904
amp_predictor,val,PAPDSSFLRDP,0,0.1448083221912384
amp_predictor,val,GFSPNLPGKGLRIS,1,0.42228269577026367
amp_predictor,val,FAQLLNDLK,0,0.5795820355415344
amp_predictor,val,FLPMLAGLAASMVPKLVCLITKKC,1,0.7948847413063049
amp_predictor,val,ADSRKPIWI,0,0.8374127745628357
amp_predictor,val,GCCSHPACNVNNPHICG,0,0.021687086671590805
amp_predictor,val,HSDGLFTSEYSKMRGNAQVQKFIQNLM,0,0.14194083213806152
amp_predictor,val,KGFMTPERAAEFNFR,0,0.20058193802833557
amp_predictor,val,QWPRPTPQIPP,0,0.07701390981674194
amp_predictor,val,GWTLNSAGYLLGPHAIDNHRSFHDKHGLA,0,0.2584977149963379
amp_predictor,val,FFQELKEGWKNIKKA,1,0.7552080154418945
amp_predictor,val,RCVCTRGFCRCFCRRGVC,1,0.9861392378807068
amp_predictor,val,IWSGIQGAF,0,0.3740285634994507
amp_predictor,val,NNVDKLNGDW,0,0.14538517594337463
amp_predictor,val,KYYSRVRGGRSAVLSSLDK,1,0.41474682092666626
amp_predictor,val,WCKQSGEMCNVLDQNCCDGYCIVFVCT,0,0.08768770098686218
amp_predictor,val,AYSNLNYLRF,0,0.11321138590574265
amp_predictor,val,SLEDIEHEVEELLR,0,0.32598772644996643
amp_predictor,val,EDGYLLNRDTGCKVSCGTCRYCND,0,0.1192525252699852
amp_predictor,val,RQIKIWFQNRAMKWKK,1,0.9664386510848999
amp_predictor,val,FVYGNGVTSILVQAQFLVNGQRRFFYTPDK,1,0.035262707620859146
amp_predictor,val,VTVAPRFRRISLASKLCNTLETMTDV,0,0.13416089117527008
amp_predictor,val,FKLFKKIPKFLHLAKKF,1,0.9985283613204956
amp_predictor,val,AKDNFLRF,0,0.35983961820602417
amp_predictor,val,TVRIIVKVVKYLV,1,0.9538750648498535
amp_predictor,val,FRSGILKLASKIPSVLCAVLKNC,1,0.9886104464530945
amp_predictor,val,KWCFRRCYRGICYRRCR,1,0.997988224029541
amp_predictor,val,ALWKTLLKKVLKA,1,0.9988106489181519
amp_predictor,val,FKCMSEWYW,0,0.13086065649986267
amp_predictor,val,FVQWWSKWLGRIL,1,0.9980196952819824
amp_predictor,val,MKHIPFFFAFFFTFP,0,0.7549315690994263
amp_predictor,val,APWLVPSQITTCCGYNPGTMCPSCMCTNTC,0,0.856986939907074
amp_predictor,val,KWKSFIKKLASKFLHSAKKF,1,0.994356095790863
amp_predictor,val,MVINNNISAINAQRTLKFRQVDLKK,0,0.17146652936935425
amp_predictor,val,AVSCFKACMKKRGIPFVCSVDC,0,0.9260808825492859
amp_predictor,val,QSHLSMCRYCCKCCRNKGCGFCCRF,1,0.3825750946998596
amp_predictor,val,LKKLLKLKKKLLKLAG,1,0.9975173473358154
amp_predictor,val,FLGALWNVFKSVF,1,0.9748867750167847
amp_predictor,val,LQHTTGALGHLI,1,0.6295795440673828
amp_predictor,val,LKLSPETKDTLKKVLKGAIKGAIAIASLA,1,0.9659059047698975
amp_predictor,val,FQFVNPSDIVFGS,1,0.13209140300750732
amp_predictor,val,MKAIFVLKGWWRTS,0,0.930134117603302
amp_predictor,val,GIIKVIKSLIEQFTGK,1,0.9394880533218384
amp_predictor,val,FVPLLVSKLVCVVTKKC,1,0.9938101172447205
amp_predictor,val,GCRFCCNCCPNMSGCGVCCRF,1,0.09503228962421417
amp_predictor,val,QNAHPSPKVPP,0,0.061847202479839325
amp_predictor,val,LKLLKWLLKLL,1,0.9931237101554871
amp_predictor,val,FYYGLKKLHFCSF,0,0.8619164824485779
amp_predictor,val,HLNKRVQRELRGWLDWLK,1,0.9623111486434937
amp_predictor,val,QSVPTFTPRL,0,0.26282045245170593
amp_predictor,val,APRSMRRSSDCFGSRIDRIGAQSGMGCGRF,0,0.20010213553905487
amp_predictor,val,GPAGPAGARG,1,0.9966261386871338
amp_predictor,val,MKVFFLFAVLFCLVRRNSVHISHQEARGP,1,0.3008610010147095
amp_predictor,val,IHKFWRRWFKHI,1,0.9999444484710693
amp_predictor,val,EQQQQQQPQNRRFRE,0,0.3103117048740387
amp_predictor,val,GVIDIIKGAGKDLIAHAIGKLAEKV,1,0.9465231895446777
amp_predictor,val,LALKALLAVAKKIL,1,0.9964821338653564
amp_predictor,val,MTATILVADDDAAIRTVLNQALSRAG,0,0.06336958706378937
amp_predictor,val,AKCLRWQWRMRKVGG,1,0.9941198825836182
amp_predictor,val,FIHHIIGGLFSAGKAIHRHHRRRRR,1,0.9920660853385925
amp_predictor,val,AAGLFQFPRV,0,0.10036728531122208
amp_predictor,val,KWCRCVCRRGICYCRCRG,1,0.9829012155532837
amp_predictor,val,MNLVDIAILILKLIVAALQLLDAVLKYLK,0,0.4740737974643707
amp_predictor,val,GHHPHGHHPHGHHPHGHHHPH,1,0.06474635750055313
amp_predictor,val,FLPLIAGVAAKVLPKIFCAISKKC,1,0.9968788623809814
amp_predictor,val,LNLKKLLAVAKKIL,1,0.9982530474662781
amp_predictor,val,GIPCGESCVWIPCLTSAVGCPCKSKVCYRN,1,0.9030744433403015
amp_predictor,val,MFFSSKKCKTVSKTFRGPCVRNA,1,0.5085681676864624
amp_predictor,val,LPVMVIFGLSFPPIFLELLISLALFFVVR,0,0.4992879629135132
amp_predictor,val,INLKAITALAKKLL,1,0.9966046810150146
amp_predictor,val,MIIFRAAASHKK,1,0.8379932045936584
amp_predictor,val,EVPLDDTGL,0,0.06146853417158127
amp_predictor,val,EAALKAALDLAAKLA,1,0.7727303504943848
amp_predictor,val,VSGNVAARKGKQQTSSGKGGGTN,1,0.5380207300186157
amp_predictor,val,MVELKFLIAFFLAFTAGILAIKLGQALYDC,0,0.3334295153617859
amp_predictor,val,MNNSCLSQSTQWWWRAN,0,0.124324269592762
amp_predictor,val,KPEEDWGHK,0,0.14906390011310577
amp_predictor,val,MDIVSLAWAVLMVVFTFSLSLVVWGRSGL,0,0.04565612971782684
amp_predictor,val,MYIFITHFFTEYVILKYLLPI,0,0.2586127817630768
amp_predictor,val,MNQKHLLRFIKKSYRVDADRVVYDAK,0,0.2091459482908249
amp_predictor,val,GKGLEVIKWKLKHVIQL,1,0.9966482520103455
amp_predictor,val,ARDGYIVDEKGCKFACFIN,1,0.18033172190189362
amp_predictor,val,KKKKPLFGLFFGLF,1,0.9975864887237549
amp_predictor,val,AVFMYPWSVLFKRLGIFGVVEMGLFI,0,0.09128955751657486
amp_predictor,val,ESIASFQGVLDGKYD,0,0.12638726830482483
amp_predictor,val,GLFLDTLKGLAGKLLQGLKCIKAGCKP,1,0.9904986023902893
amp_predictor,val,GASGLIAFPRV,0,0.08187343180179596
amp_predictor,val,FPVTWPTKWWKS,1,0.9283590912818909
amp_predictor,val,NLLQFGFMIRCANKRRRPVWPYEESGC,0,0.2506493330001831
amp_predictor,val,GLRKALRKFRNKIKEALKKI,1,0.9090434908866882
amp_predictor,val,DISVVGGTGDFLMAR,0,0.02844388596713543
amp_predictor,val,KCRRYCYRQRCVTYCRGR,1,0.9760237336158752
amp_predictor,val,QLNFSPNW,0,0.08509371429681778
amp_predictor,val,FLPLILRKIVTAL,1,0.9046042561531067
amp_predictor,val,MARRGFSCLLLSTTATDLPVKRRT,0,0.17577113211154938
amp_predictor,val,KLLRHRLLVTLA,1,0.919933021068573
amp_predictor,val,FFPIVAGVAGQVLKKIYCTISKKC,1,0.99174565076828
amp_predictor,val,NLYQFKNMIQCTVPS,0,0.12498623132705688
amp_predictor,val,LVDERMSTEGTGLSLGLSNN,0,0.1059732660651207
amp_predictor,val,TPEHQRYVELFIVVDHGM,0,0.06134416162967682
amp_predictor,val,MNERVKQVASALVDAIQKTLTEQRV,0,0.17019806802272797
amp_predictor,val,SESEVPGMWFGPRL,0,0.04991668462753296
amp_predictor,val,KPVPIIYCNRRTGKCQRM,1,0.6766100525856018
amp_predictor,val,APSLGFHGVR,0,0.22042052447795868
amp_predictor,val,INWDILIDTIKDKL,1,0.42889702320098877
amp_predictor,val,GVVDILKGAAKDLAGHLATKVMNKL,1,0.9494379162788391
amp_predictor,val,GVSKILHSAGKFGKAFLGEINKS,1,0.984298586845398
amp_predictor,val,FKCRRWQWRMKALGA,1,0.991122841835022
amp_predictor,val,YCQKWMWTCDSARKCCEGLVCRLWCKKII,0,0.8042210936546326
amp_predictor,val,TRSGGACNSHNQCCDDFCSTATSTCV,0,0.5277227163314819
amp_predictor,val,FLPKSLFTLVTDKSL,0,0.5681021809577942
amp_predictor,val,RKKRRQRRRRKKRRQRRR,1,0.9100646376609802
amp_predictor,val,KVWSRLRKIFSTR,1,0.9578723311424255
amp_predictor,val,ALSILRGLEKLAKMGIALTNCKATKKC,1,0.9748051762580872
amp_predictor,val,AYTGQTGAPWGLA,0,0.06479819118976593
amp_predictor,val,HAEGTYTSDVSSYLQDQAAKEFVSWLKTGR,0,0.20469266176223755
amp_predictor,val,GLKKLLGKLLKKLGKLLLK,1,0.9982002973556519
amp_predictor,val,RKKRRQRRRGGG,1,0.9161340594291687
amp_predictor,val,GKPRPYLPRPTSHPRPIRV,1,0.8231514692306519
amp_predictor,val,LTYDEIQSKGGSTGYDNAVALPAGGR,0,0.06562019884586334
amp_predictor,val,ILNRCCNDDN,0,0.1157107725739479
amp_predictor,val,FLPFVGKLLSGLL,1,0.9729418158531189
amp_predictor,val,ILPFVAGVAAEMMEHVYCAASKKC,1,0.5332925319671631
amp_predictor,val,KLLKKLLKWLK,1,0.998649537563324
amp_predictor,val,TCSYTMEA,1,0.29740047454833984
amp_predictor,val,FVPWFSKFLPRIL,1,0.9946767091751099
amp_predictor,val,DLMQFETLIMKIAGRSGVWIYGSYGCYCG,0,0.051172494888305664
amp_predictor,val,VFQFLGKIIHHVGNFVHGFSHVF,1,0.9976248145103455
amp_predictor,val,FLFKLIPKAIKGLVKAIRK,1,0.9991483688354492
amp_predictor,val,KWCFRVCYAGICYRRCR,1,0.9976159334182739
amp_predictor,val,FLPLIASVAANLAPKIICKITKTC,1,0.9888426065444946
amp_predictor,val,GLWKNMLSGIGKLAGEAALGAVKTLV,1,0.9445326328277588
amp_predictor,val,LKKLLKLLKKLAKLAG,1,0.9982597231864929
amp_predictor,val,MRITVNVDGTSYTDEVEPRTLLVH,0,0.07643280178308487
amp_predictor,val,INWKKIASIGKEVLK,1,0.9963816404342651
amp_predictor,val,ASCTERKHDCTKDRHSCCRG,0,0.2603719234466553
amp_predictor,val,LSVDKRPVLHPEHIYGHNHY,1,0.5035955905914307
amp_predictor,val,YGRKKRRQRRRPPQG,1,0.8721894025802612
amp_predictor,val,SISAMQFIQR,0,0.2326820343732834
amp_predictor,val,KLKLLLLLKLK,1,0.994217038154602
amp_predictor,val,AWCFRVCARGICYRRCR,1,0.9983060359954834
amp_predictor,val,FLPFLIPALTSLISSL,1,0.7494640946388245
amp_predictor,val,QLWATGHFM,1,0.10803752392530441
amp_predictor,val,MNEYLLPK,0,0.19538721442222595
amp_predictor,val,VDWKKIGQHILSVL,1,0.9841063618659973
amp_predictor,val,FFGAIAKLAMKFLPAIYKQIQKKRK,1,0.9476746916770935
amp_predictor,val,KAEEEVEKNKEEAEEEAEKKIAE,0,0.20904456079006195
amp_predictor,val,FIGPIISALASLFG,1,0.8926268219947815
amp_predictor,val,WRRRRRRR,1,0.9792011976242065
amp_predictor,val,KCSWWNASCHLGNNGKICTVSHECAAGCNL,1,0.9391326308250427
amp_predictor,val,QSHLSLCRFCCKCCRNKGCGYCCKF,1,0.44681164622306824
amp_predictor,val,GLWKNMLSGIGKLAGQAALGAVKTLV,1,0.9712601900100708
amp_predictor,val,ARRRRRHASTKLKRRRRRRRHGKKSHK,0,0.8696376085281372
amp_predictor,val,GLWNKIKEAASKAAGKAALGFVNEMV,1,0.922717273235321
amp_predictor,val,MSWTKPAYTDLRIGFEVTMYFASR,0,0.08117283880710602
amp_predictor,val,RICLNQQSSEPQTTEICPDGEDTCY,0,0.23470383882522583
amp_predictor,val,MKAPSGAFLLGVYSMDTHILR,0,0.061998870223760605
amp_predictor,val,VEWTDAERKAIASL,0,0.11806881427764893
amp_predictor,val,KWKLFKKIGIGAVLKVLTTGLIALIS,1,0.9987976551055908
amp_predictor,val,GGGSSGETNGMWFGPRL,0,0.03228944167494774
amp_predictor,val,GLFKVLGSVAKHLLPHVVPVIAEK,1,0.9821295142173767
amp_predictor,val,FLGGLLASLLGKI,1,0.986193835735321
amp_predictor,val,ALWKDILKNAGKAALNEINQLVNQ,1,0.7829079627990723
amp_predictor,val,GLWEKIKEKANELVSGIVEGVK,1,0.5241324305534363
amp_predictor,val,LRRPPRWPRRLLRR,1,0.9504595994949341
amp_predictor,val,SALVGCWTKSWPPKPCFGRG,1,0.7597132921218872
amp_predictor,val,IKFLSDIEVTTVDERLTTVQAERMLIEEAD,0,0.12486937642097473
amp_predictor,val,FLIGMTQGLICLITRKC,1,0.44262561202049255
amp_predictor,val,GKNGDRGESGPAGPAGPAGPA,1,0.9796679615974426
amp_predictor,val,IRCTGSKECYSPCYKATGCPNAKC,0,0.6930132508277893
amp_predictor,val,EAEPKPFNPVCYEPKEVGPCKAYVP,0,0.158734530210495
amp_predictor,val,GLASLLGKALKAGLKIGTHFLGGAPQQ,1,0.9665473103523254
amp_predictor,val,GIMDTVKNAAKNLAGQLLDKLK,1,0.864558219909668
amp_predictor,val,FFHHIFRGIVHVGKSIHKLVTG,1,0.9996281862258911
amp_predictor,val,ELPVNFYALNLTADNINIGY,0,0.11444777250289917
amp_predictor,val,GCPWDSWC,0,0.0034698988310992718
amp_predictor,val,ILKKLWEGVKSI,1,0.9966104626655579
amp_predictor,val,GLWKSLLKNVGKAAGKAALNAVTDMVNQ,1,0.9529725909233093
amp_predictor,val,FLNPFRWVINKYR,0,0.9561706781387329
amp_predictor,val,GWTLNSAGYLLGPHAVDNHRSFNDKHGFT,0,0.08304057270288467
amp_predictor,val,GGGGGGHLVA,1,0.9902925491333008
amp_predictor,val,ECCHRQLLCCLRFV,0,0.2098149061203003
amp_predictor,val,AIKVFHIVAETGIHARPAT,0,0.3759234845638275
amp_predictor,val,IYTYVIGRG,0,0.26708582043647766
amp_predictor,val,FIGAILPAIAGLVGGLINR,1,0.788696825504303
amp_predictor,val,VETDKATVGF,0,0.08864249289035797
amp_predictor,val,KGDAGSPGPAGPTG,1,0.9765403866767883
amp_predictor,val,GIGGVLLSAGKAALKGLAKVLAEKYAN,1,0.9787977337837219
amp_predictor,val,AAKPLDKSSSSLHHGYSKVHVP,0,0.5036813616752625
amp_predictor,val,IKWKAILDAVKKVI,1,0.9977770447731018
amp_predictor,val,DKYIALGEWAGCFGIKEKDIDKDLVI,0,0.21882371604442596
amp_predictor,val,MAARLCCQLDPARDV,1,0.06748100370168686
amp_predictor,val,KCFQWQRNMRKVAGRPVSCIKR,1,0.8699304461479187
amp_predictor,val,AISGLTPCKESKQFAKREKQ,0,0.4659089744091034
amp_predictor,val,MELGLEPADDFKEKLIKLSA,0,0.22849701344966888
amp_predictor,val,FIHHIIGGLFSVGKHIHSLIHRRRR,1,0.9989404082298279
amp_predictor,val,VNWKKVLPKIIKVAK,1,0.998879611492157
amp_predictor,val,AVPPRYGYTRG,0,0.23801201581954956
amp_predictor,val,GLPVCGETCFGGTCNTPGCACDPWPVCTRD,1,0.6077507734298706
amp_predictor,val,AVPDKIDRRESGYV,0,0.12173394113779068
amp_predictor,val,ILGKFCDEIKRIV,1,0.8123341798782349
amp_predictor,val,GLLGPLLKIAAKVGKNLL,1,0.996516227722168
amp_predictor,val,GILGKIWEGVKSLI,1,0.9901157021522522
amp_predictor,val,GIGGKILGGLKTALKGAAKELASTYLH,1,0.9674791097640991
amp_predictor,val,FFPLLFGALSSHLPKLF,1,0.9585216641426086
amp_predictor,val,GMWSKILGHLIR,1,0.953666090965271
amp_predictor,val,GFVDFLKKVAGTIANVVT,1,0.6746631264686584
amp_predictor,val,KKNGYAVDSSGKVAE,0,0.21153345704078674
amp_predictor,val,EYPVVFVKGLFPGKG,0,0.5180140137672424
amp_predictor,val,GIWDTLKNVGKAVLGKVLENV,1,0.9403935670852661
amp_predictor,val,SVFDEYLEKSKANK,0,0.33676064014434814
amp_predictor,val,IVGGVSVAIE,0,0.07276874780654907
amp_predictor,val,KRLRRVWRRWR,1,0.9975855350494385
amp_predictor,val,LRPAVIRPKGK,1,0.7937549352645874
amp_predictor,val,DECCAIPLCAKIFPGRCP,0,0.06292668730020523
amp_predictor,val,HKCAKIKWRGVHVKYCA,1,0.9851475358009338
amp_predictor,val,MATGGFGCLLLLIREIDLSVKRQI,0,0.14770656824111938
amp_predictor,val,MIIFRIAAYHKK,1,0.8865028619766235
amp_predictor,val,GRRRRSVQWCA,1,0.9706247448921204
amp_predictor,val,KIANGSGSEQDIAEAKI,0,0.1712750643491745
amp_predictor,val,KRIVQRIKDFLRNLVPRTES,1,0.6454446315765381
amp_predictor,val,LIKIVPAMICAVTKKC,1,0.9143310785293579
amp_predictor,val,MRYISLNTTIITTTETTGYGAG,0,0.11858717352151871
amp_predictor,val,FLPLLPSALPSFLCLVFKKC,1,0.9376396536827087
amp_predictor,val,FLAGLIGGLAKML,1,0.8980655074119568
amp_predictor,val,GLPVCGETCVGGTCNTPGCKCSWPVCTRN,1,0.9239490032196045
amp_predictor,val,PSSQPRGDPTGPKE,0,0.1670597940683365
amp_predictor,val,VIGGSDTTIGQYPHQLSLR,0,0.05953008309006691
amp_predictor,val,GKYTCGETCFKGKCYTPGCTCSYPICKKD,1,0.7362254858016968
amp_predictor,val,AAVPIVNLKDELLFPSWEALFSGSE,1,0.08705787360668182
amp_predictor,val,DFGHIQYVAAYR,0,0.07846605777740479
amp_predictor,val,DHVTPDIAYNPRTYM,1,0.13364958763122559
amp_predictor,val,QRPYTQPLIYYPPPPTPPRIYRA,1,0.46220752596855164
amp_predictor,val,TRCKGKGAPCRKTMYDCCSGSCGRRGKCG,0,0.4009426236152649
amp_predictor,val,GTLPCGESCVWIPCISAVGCSCKSKVCYKN,1,0.9679945707321167
amp_predictor,val,FRPALIVRTKGTRL,1,0.6162011623382568
amp_predictor,val,GCGGVCAYGESCPSSCNTCYSAQCTAQ,0,0.3034713864326477
amp_predictor,val,KWCFRVAYRGISYRRCR,1,0.9939770698547363
amp_predictor,val,GFRDVLKGAAKEFVKTVAGHIAN,1,0.5353551506996155
amp_predictor,val,ERGCPRILKQCKQDSDCPGECICMAHGFCG,0,0.056680064648389816
amp_predictor,val,GFKDWIKGAAKKLIKTVAANIANQ,1,0.9940166473388672
amp_predictor,val,CGETCVIFPCISAAFGCSCKDTVCYKN,1,0.9659965634346008
amp_predictor,val,MKYNPRVSSNRRKS,0,0.4182033836841583
amp_predictor,val,WKRWVRRWKRWLR,1,0.9998379945755005
amp_predictor,val,ACKPKNNLCAITEMAECCSGFCLIYRCS,0,0.6449491381645203
amp_predictor,val,VNSKKISGKSIKVSK,1,0.9515377879142761
amp_predictor,val,IFKAIWSGINRLF,1,0.9959534406661987
amp_predictor,val,SLWSKIKEMAATAGKAALNAVTGMVNQ,1,0.4759465157985687
amp_predictor,val,GIGVLLSAGKAALKGLAKVLAEKYAN,1,0.9834868907928467
amp_predictor,val,QGGWPRPGPEIPP,0,0.0733623132109642
amp_predictor,val,TTSIRRRYQVSLIRRHRGKR,1,0.9176474213600159
amp_predictor,val,GVCDMADLA,1,0.03561042249202728
amp_predictor,val,SYSMEHFRWGKPV,1,0.11670110374689102
amp_predictor,val,FLKGIIDTVSNWL,1,0.7410202026367188
amp_predictor,val,MNKVKEWIKYLKSLFSM,1,0.3287736773490906
amp_predictor,val,VYGMLFKFL,0,0.3041461110115051
amp_predictor,val,IPLDPVAGYKEPA,0,0.09329020977020264
amp_predictor,val,DVIKKVASVIGGL,1,0.9679139256477356
amp_predictor,val,EDAYKFTTW,0,0.1712738424539566
amp_predictor,val,IIGLVSKGTCVLVKTVCKKVLKQG,1,0.9950161576271057
amp_predictor,val,GLADFLNKAVGKVVDFVKS,1,0.9020914435386658
amp_predictor,val,FFGWLIRGAIHAGKAIHGLIHRRRH,1,0.9989759922027588
amp_predictor,val,FRFRCRRRFCRFRF,1,0.9924193024635315
amp_predictor,val,MIIYRDLISKK,1,0.5732141137123108
amp_predictor,val,VLLESHARDLSSLEK,0,0.272892028093338
amp_predictor,val,VATSEQFNKTFIELVIVVD,0,0.09178046882152557
amp_predictor,val,KTHYPTNAWKSLWKGFWESLRYTDGF,1,0.10780656337738037
amp_predictor,val,KCKWWNISCDLGNNGHVCTLSHECQVSCN,1,0.554455041885376
amp_predictor,val,KYGDVPLY,1,0.0928705558180809
amp_predictor,val,FLGALIPAITGLIGGLINR,1,0.7617567181587219
amp_predictor,val,DSPAGVSDAQKQ,0,0.028726715594530106
amp_predictor,val,LIIFAILISHKK,1,0.9989030361175537
amp_predictor,val,SNWKKIASIGKEVLKAL,1,0.994066596031189
amp_predictor,val,FLSLIPSLVGGSISAFK,1,0.9446436762809753
amp_predictor,val,AAVPEAAAEATAEAAPVSEF,0,0.04039072245359421
amp_predictor,val,VKVYNQFGTKVELGVSMRIF,0,0.05690392479300499
amp_predictor,val,GLFDIIKNIVSTL,1,0.7269564270973206
amp_predictor,val,FLSLIPHAINAVGVHAKHF,1,0.998427152633667
amp_predictor,val,IIGGREARPNSHPYMAFLLIQSPEGL,0,0.08173886686563492
amp_predictor,val,GLPGESGAVGPAGPIGSR,0,0.8519267439842224
amp_predictor,val,PAPESNFVRDP,0,0.12049845606088638
amp_predictor,val,TPTAFYGVR,0,0.13883516192436218
amp_predictor,val,GIMDTIKGAAKDLAGQLLDKLKCKITKC,1,0.9473713040351868
amp_predictor,val,SRSELIVHQRMK,1,0.5213328003883362
amp_predictor,val,ARPYSFGL,0,0.07283154129981995
amp_predictor,val,INFLKLGKKILGAL,1,0.9992951154708862
amp_predictor,val,GLSRSCFGVKLDRIGSMSGLGC,0,0.3299521803855896
amp_predictor,val,FLPFLGKLLSGIF,1,0.9800103306770325
amp_predictor,val,FKCRRWQWRAKKLGA,1,0.9950902462005615
amp_predictor,val,GVIDAAAKVVNVLKNLF,1,0.959296464920044
amp_predictor,val,GLRRALLRLLRSLRRLLLRA,1,0.8173443078994751
amp_predictor,val,HLLQFNKMIKFETGKNAIPFYAF,0,0.39507755637168884
amp_predictor,val,HSQGTFTSDYSKYLDTRRAQDFVQWLMST,0,0.10053525865077972
amp_predictor,val,EKAAAKSAAAKTLARR,1,0.5967075228691101
amp_predictor,val,MQLTPPEVEK,0,0.16291621327400208
amp_predictor,val,EPIDLLGKVFVFSKESNVDDVKLLTPQTE,0,0.13222375512123108
amp_predictor,val,LLGDFFRKAKEKIGKEFKRIVQR,1,0.7322618961334229
amp_predictor,val,FLPLIASVAANLVPKIFCKITKKC,1,0.9956336617469788
amp_predictor,val,GWKKWLRKGAKHLGQAAIK,1,0.9943051934242249
amp_predictor,val,QKKDKKDK,0,0.2903353273868561
amp_predictor,val,QYGRRCCNWGPGRRYCKRWC,1,0.9763389825820923
amp_predictor,val,YCQKWLWTCDSERKCCEDMVCRLWCKKRL,0,0.43011271953582764
amp_predictor,val,GALVAAYGLYDGFLTL,0,0.07882180064916611
amp_predictor,val,GTGLPMSERRKIMLMMR,1,0.10463154315948486
amp_predictor,val,GIRCPKSWKCKAFKQRVLKRLLAMLRQHAF,1,0.9290273785591125
amp_predictor,val,MLHHMTSRANLLLLRRGGSQRS,0,0.1858901083469391
amp_predictor,val,AVLDTALSGIDKVLHGSIDAHKAD,0,0.17322471737861633
amp_predictor,val,GRFSRLRKRIRKVWRKIGPIAGPIIGHFG,1,0.990900993347168
amp_predictor,val,KMTRAQRRAAARRNRWTARGC,1,0.7041231989860535
amp_predictor,val,SGETSGEGNGMWFGPRL,0,0.029906101524829865
amp_predictor,val,WNDTGKDADGSEY,1,0.07893547415733337
amp_predictor,val,MLVLYRKRFSGFRFYFLSIFKYII,0,0.7200584411621094
amp_predictor,val,KLAKLAKKLAKLAKGRKKRRQRRRP,1,0.7951021790504456
amp_predictor,val,VLPIIGNLLNSLL,1,0.867631196975708
amp_predictor,val,GFLGPLLKLGLKGVAKVIPHLIPSRQQ,1,0.9127350449562073
amp_predictor,val,RICPRILMECKADSDCLAQCICQENGFCG,0,0.08404213935136795
amp_predictor,val,DSSESNEIDDVLFLGRRDANSFMKYPQLGN,0,0.18236777186393738
amp_predictor,val,EGLLQLPSDK,0,0.22098495066165924
amp_predictor,val,KIGAKIKIGAKIKIGAKI,1,0.999226450920105
amp_predictor,val,GLLDVVKGAAKNLLASALDKLKCKVTGC,1,0.9908069968223572
amp_predictor,val,ECWSQAADCSDGHCCAGRSFSKNCRPYGGD,0,0.04134993627667427
amp_predictor,val,KLIPILSKTIPAGKNLFYKI,1,0.9907694458961487
amp_predictor,val,FKVLGSVAKHLLPHVAPVIAEK,1,0.9616822600364685
amp_predictor,val,GLLRGILGAGKKIVCGLSGLC,1,0.982194185256958
amp_predictor,val,SMPSLRLRF,0,0.11570335179567337
amp_predictor,val,GSNKGFNFMVDMIQALSK,1,0.21735356748104095
amp_predictor,val,AMAGTATVQGQGTR,0,0.13352715969085693
amp_predictor,val,GGSSGLISMPRV,0,0.06485136598348618
amp_predictor,val,KWKSFIKKLPKAAKKVVTTAKKPLIV,1,0.9944287538528442
amp_predictor,val,GCIEIGGDCDGYQEKSYCQCCRNNGFCS,0,0.04669218882918358
amp_predictor,val,KWKLFKKVLKVLTTG,1,0.998775064945221
amp_predictor,val,FRLQLWQF,1,0.8334911465644836
amp_predictor,val,WRCRRRFCRW,1,0.9997203946113586
amp_predictor,val,ALWKSILKNAGKAALNEINQIV,1,0.9804343581199646
amp_predictor,val,SGGGKEAAETFNRVESHPRPDA,0,0.14242398738861084
amp_predictor,val,AILELPQSPNVFHPEKPSAVG,0,0.23780296742916107
amp_predictor,val,KRRHWFPLSFQEFLEQLRRFRDQLPFP,1,0.4333169162273407
amp_predictor,val,FLPFLAKILTGVL,1,0.9583818316459656
amp_predictor,val,FTLTNSDVLE,0,0.1445680856704712
amp_predictor,val,GLMDTVKNVAKNLAGHMLDKLKCKITGC,1,0.912996768951416
amp_predictor,val,GFLDTLKNIGKTVGRIALNVLT,1,0.5300524234771729
amp_predictor,val,AEPNVTVTGAAGQIGYALLFRI,0,0.03329671919345856
amp_predictor,val,ALWKTIIKGAGKMIGSLAKNLLGSQAQPES,1,0.8992832899093628
amp_predictor,val,GEIPCGESCVYLPCFLPNCYCRNHVCYLN,1,0.06788367033004761
amp_predictor,val,MDIVSLAWAALMVVFTFSLSLVVWGRSGL,0,0.0463753268122673
amp_predictor,val,MSAPGPMGPMGPRGPPGPAG,1,0.764346718788147
amp_predictor,val,GFRDGSADRISHGF,0,0.07653950899839401
amp_predictor,val,KKWRWWLKALAKKLL,1,0.9996024966239929
amp_predictor,val,FFGHLYRGITSVVKHVHGLLSG,1,0.9622316956520081
amp_predictor,val,GLLSVLGSLKLIVPHVVPLIAEHL,1,0.9084522128105164
amp_predictor,val,FGTAAVFWVLIPVGLLGGAILLKL,0,0.9017987847328186
amp_predictor,val,KRNGCCNCSSKWCRDHSRCCGR,0,0.19953492283821106
amp_predictor,val,VLPLISMALGKLL,1,0.6574832201004028
amp_predictor,val,INWLKLGKKLLSAL,1,0.9987346529960632
amp_predictor,val,GMASKAGSVLGKITKIALGAL,1,0.9650290608406067
amp_predictor,val,QKKDKKDR,0,0.34119972586631775
amp_predictor,val,GILGKLWEGVKSIF,1,0.991999626159668
amp_predictor,val,GLLGLLGSVVSHVVPAIVGHF,1,0.9228649735450745
amp_predictor,val,STHTSDFLKL,0,0.34438663721084595
amp_predictor,val,LRLRLKTRLRLK,1,0.9142892956733704
amp_predictor,val,RIWFQNRRMRWRR,1,0.9825765490531921
amp_predictor,val,EAFPGQST,0,0.055496037006378174
amp_predictor,val,GLPVCGETCVGGTCNTPGCTCSWPKCTRN,1,0.93146151304245
amp_predictor,val,KAKCAEIDQDCKTSCDCCKGACTCY,0,0.07434714585542679
amp_predictor,val,MNAAIFRFFFYFST,0,0.19303783774375916
amp_predictor,val,GLVTGLLKTAGKLLGDLFGSLTG,1,0.8400170207023621
amp_predictor,val,ATFDIVNQCTFT,0,0.2232486754655838
amp_predictor,val,ADVPGNYPLNSYGASYYCTI,0,0.08222981542348862
amp_predictor,val,SHTCEICAFAACAGC,0,0.5798320770263672
amp_predictor,val,FKRAVQRIKDFLR,1,0.8538649082183838
amp_predictor,val,AKSKAKSKAKSKAKSKAKSKAKSK,1,0.8330173492431641
amp_predictor,val,MREIEHIPPP,0,0.29648250341415405
amp_predictor,val,AVVNGVNYVGETTAA,1,0.054880090057849884
amp_predictor,val,SKSSSPCFGGKLDRIGSYSGLGCNSRK,0,0.4509638547897339
amp_predictor,val,FLGELWNVAKSVF,1,0.787659764289856
amp_predictor,val,RLARIVVIRVAR,1,0.930945873260498
amp_predictor,val,GCVLLPWC,0,0.28526216745376587
amp_predictor,val,MRWQEMGYIFYPRKLR,0,0.3976123631000519
amp_predictor,val,FLVALYTFR,0,0.20214255154132843
amp_predictor,val,NSTMDSLLQLGR,0,0.1189470961689949
amp_predictor,val,FFHHIFRGIVHVGKTIHRLVTG,1,0.9985858201980591
amp_predictor,val,ITIPPIIKDTLKKFFKGGIAGVMGKSQ,1,0.8931447267532349
amp_predictor,val,QVPQWAVGHFM,1,0.27363643050193787
amp_predictor,val,QERRAMGFVGMR,0,0.31307220458984375
amp_predictor,val,SPATMGFAGVR,0,0.04195843264460564
amp_predictor,val,FLPIIAGVAAKVFPKIFCAISKKC,1,0.9980403780937195
amp_predictor,val,RSQMQDGQLQSCCQELQNVEEQCQC,1,0.1864657700061798
amp_predictor,val,GILDSLKNLAKNAAQILLNKASCKLSGQC,1,0.9546800851821899
amp_predictor,val,AVNVNTNVSAMTAQRYLNQA,0,0.11543697118759155
amp_predictor,val,SILPTIVSFLTKFL,1,0.8548003435134888
amp_predictor,val,GLLKRIKALL,1,0.9949953556060791
amp_predictor,val,GRAENFLRL,0,0.1788434535264969
amp_predictor,val,FFPLVLGALGSILPKIF,1,0.9760113954544067
amp_predictor,val,FFSMIPKIATGIASLVKDL,1,0.5923795700073242
amp_predictor,val,TSQTWGSPVP,1,0.043467748910188675
amp_predictor,val,DVPASIDWREYGYVTEVKD,0,0.0833243876695633
amp_predictor,val,GCRRLCWRQRCVTWCRGR,1,0.9982947707176208
amp_predictor,val,GFFTLIKAANKLINKTVNKEAGKGGLEIMA,1,0.9341951608657837
amp_predictor,val,SNGSNIDVAGAVNTLVETAGKLFQ,0,0.09799889475107193
amp_predictor,val,ENFKIKHTEPGLLSMANAGKN,0,0.287494033575058
amp_predictor,val,LVLPEVYDQDGHPLRIGQRYIINNP,0,0.10535676777362823
amp_predictor,val,FIHHIFRGIVHAGRSIGRFLTG,1,0.991094172000885
amp_predictor,val,HSQGTFTNDYTKYQDSRRAQDFVQWLMSN,0,0.10469132661819458
amp_predictor,val,IDAFQDTLYTHTLRTYLGRPWK,0,0.13033947348594666
amp_predictor,val,GVWSTILGGLKKFAKGGLDAIVNPK,1,0.9852222800254822
amp_predictor,val,SRRARRSPRESGKKRKRKR,1,0.7789613008499146
amp_predictor,val,TEEGEFLHEGGGVR,0,0.07981137186288834
amp_predictor,val,INWLKAKKVAGMIL,1,0.9946871995925903
amp_predictor,val,FLPVIAGLAAKVLPKLFCAITKKC,1,0.9947322607040405
amp_predictor,val,GFISTVKNLATNVAGTVIDTIKCKVTGGC,1,0.886438250541687
amp_predictor,val,IKWKKLLRAAKRIL,1,0.9989879727363586
amp_predictor,val,DQGFNSWG,0,0.026485979557037354
amp_predictor,val,CKGKGASCSRTMYNCCSGSCNRGKCG,0,0.3119829297065735
amp_predictor,val,SNKKDYRKEIVDKHNALSRSVKPTASNM,0,0.26792120933532715
amp_predictor,val,AAASDNFMRF,0,0.15449769794940948
amp_predictor,val,DLLTTIKRVKESMKRRT,0,0.553942859172821
amp_predictor,val,AGVDPAIPAYVKTNG,0,0.06716500967741013
amp_predictor,val,LCLEGMMLSLFILAALTI,0,0.15488846600055695
amp_predictor,val,GATAIKQVKKLFKKWGW,1,0.9980056881904602
amp_predictor,val,INLKAIAALAKKLL,1,0.998254120349884
amp_predictor,val,QLTFSSGWGN,0,0.04485994949936867
amp_predictor,val,QLWPRPQIPP,0,0.0738997608423233
amp_predictor,val,KWKFKKIGIGAVLKVLTTGLPALKLTLK,1,0.998458981513977
amp_predictor,val,TDHQMAQSACIGVSQDNAYASAIPRDCHGG,1,0.10083198547363281
amp_predictor,val,GCMPEYCAGQCRGKVSQDYCLKNCRCIR,0,0.14893458783626556
amp_predictor,val,NWRKILGQIASVGAGLLGSLLAGYE,1,0.4557877779006958
amp_predictor,val,AALKGCWTKSIPPKPCFGKR,1,0.7938627600669861
amp_predictor,val,GFMDTAKNAAKNVAVTLLDNLKCKITKAC,1,0.9233028292655945
amp_predictor,val,MDLIPDLAVETWLLLAVTLV,0,0.056236814707517624
amp_predictor,val,FANTIRLLINKVREWKNKQSS,0,0.33536460995674133
amp_predictor,val,FIGLLISAGKAIHDLIRRRH,1,0.9863443374633789
amp_predictor,val,SLIQFETLIMKVAGQSGMFSYSA,0,0.13004638254642487
amp_predictor,val,LICFICFSPTAH,0,0.9914311766624451
amp_predictor,val,LKKLLKKLKKLLKK,1,0.9934192299842834
amp_predictor,val,RGCYKICGETCLFIPCLTSVFGCSCKN,1,0.9642035961151123
amp_predictor,val,MWTKPAYTDLRIGFEVTMYFANR,0,0.06370490789413452
amp_predictor,val,WKSYVRRW,1,0.9979581832885742
amp_predictor,val,FFSLIPKLVKGLISAFK,1,0.9986114501953125
amp_predictor,val,NRWCFAGDD,1,0.025098111480474472
amp_predictor,val,DVPSANANANNQRTAAAKPQANAEASS,0,0.0748656839132309
amp_predictor,val,ACYCRIPACLAGERRYGTCFYLRRVWAFCC,1,0.9495183229446411
amp_predictor,val,GPETAFLRL,0,0.048001728951931
amp_predictor,val,IRIRCRRRFCRIRI,1,0.9978038668632507
amp_predictor,val,QLNFSPGW,0,0.05526338145136833
amp_predictor,val,ILGPVLGLVSNALGGLIKKI,1,0.9919130802154541
amp_predictor,val,CGESCVWIPCISSAIGCSCKSKVCYRNGIP,1,0.9351131319999695
amp_predictor,val,FLPALAGIAGLLGKIF,1,0.976994514465332
amp_predictor,val,DTLKSEKNADFKDLY,0,0.3289802670478821
amp_predictor,val,FKIPPIVKDTLKKFFKGGIAGVMGQ,1,0.9357143640518188
amp_predictor,val,AKSDVAELKPR,0,0.1935521960258484
amp_predictor,val,DASNAQKQHDVNFLL,0,0.1681734174489975
amp_predictor,val,GSSGLISVPRV,0,0.08916813135147095
amp_predictor,val,FLPAIVGAAAKFLPKIFCVISKKC,1,0.9973220229148865
amp_predictor,val,KWKSFLKTFKSAGKTVLHTALKAISS,1,0.984052300453186
amp_predictor,val,GLLDFAKHVIGIASKLG,1,0.9955623149871826
amp_predictor,val,GIGASILSAGKSALKGFAKGLAEHFAN,1,0.9516873359680176
amp_predictor,val,KWKSFIKKLTSKFLHSAKKF,1,0.9898860454559326
amp_predictor,val,FYEKEGLPAFPMGK,0,0.18627731502056122
amp_predictor,val,HSACAANCLSMGKAGGRCENGVCLCR,1,0.35673987865448
amp_predictor,val,INWKALLDAAKKVL,1,0.9970932006835938
amp_predictor,val,GLLSGILGAGKRIVCGLSGLC,1,0.942420244216919
amp_predictor,val,QDGTISVDGVISTKVDGT,0,0.06015581265091896
amp_predictor,val,GRKKRRQRRRGGWMWVTNLRTD,1,0.8828866481781006
amp_predictor,val,GSASGLISMPRV,0,0.05875483155250549
amp_predictor,val,FIGPVLKIAAGILPTAICKIFKKC,1,0.9980104565620422
amp_predictor,val,KDALEHTGFAPKKDGEEHVEWNYN,0,0.21864651143550873
amp_predictor,val,LCAAHCLAIGRR,1,0.8598654270172119
amp_predictor,val,CCELPCHGCVPCCWP,0,0.009763598442077637
amp_predictor,val,LNQEDARKSE,1,0.30366337299346924
amp_predictor,val,GTIAYELVCNMPLR,0,0.06532028317451477
amp_predictor,val,VVVNLLVKVLKYAK,1,0.9810276031494141
amp_predictor,val,FLPAIFRMAAKVVPTIICSITKKC,1,0.9555038213729858
amp_predictor,val,GILSSWLKKLKKIIAK,1,0.9995136260986328
amp_predictor,val,RGSNLTIHPLRNIRDIFYVGNITIG,0,0.25297385454177856
amp_predictor,val,SHAKVETDEE,0,0.19454266130924225
amp_predictor,val,IFGAIWNGIKSLF,1,0.9932157397270203
amp_predictor,val,GVITDTLKGVAKTVAAELLRKAHCKLTNSC,1,0.8180533051490784
amp_predictor,val,GDVYADAAPDLFDFLDSSVTTARTINA,1,0.07305403798818588
amp_predictor,val,VPLAIKIYRAWKRR,1,0.9934980869293213
amp_predictor,val,ETFTVKMGGDAGTLQ,0,0.06146621331572533
amp_predictor,val,IPWFPLTP,1,0.8380225300788879
amp_predictor,val,CFIRNCPP,0,0.3513641953468323
amp_predictor,val,ADVFDRGGPYLQRGVADLVPTATLLDTYSP,1,0.04111829400062561
amp_predictor,val,AIGGLSRSFPVEAFE,0,0.05223053693771362
amp_predictor,val,FLGAIAAALPHVINAVTNAL,1,0.7661949992179871
amp_predictor,val,WKIKWKIKWKIK,1,0.9998534917831421
amp_predictor,val,CVKVRVKVGSGVKVRVKVC,1,0.9897927045822144
amp_predictor,val,GFCRCICTRGFCRCICTR,1,0.9932912588119507
amp_predictor,val,KWCFVCYRGICYRRCG,1,0.9930902123451233
amp_predictor,val,AEYDVSDADIEAFYQ,0,0.10399334132671356
amp_predictor,val,YSKNATYLITVLLFSFVAMLLIIP,0,0.18850310146808624
amp_predictor,val,GILDSLKNLAKNAGQILLNKASCKLSGQC,1,0.9591120481491089
amp_predictor,val,SGDTSSQAKGMWFGPRL,0,0.08253644406795502
amp_predictor,val,ASGWVCTLTIECGTLVCAC,1,0.9699233174324036
amp_predictor,val,GLLGPLLKIAKKVGSNLL,1,0.9958086013793945
amp_predictor,val,MKTKFVFDLLTPDDILHPSNHVNLIIRPI,0,0.3059334456920624
amp_predictor,val,VWPLGLVICKALKIC,1,0.9941232800483704
amp_predictor,val,INLKALAALAKKIL,1,0.998254120349884
amp_predictor,val,GILTDTLKGAAKNVAGVLLDKLKCKITGGC,1,0.9890295267105103
amp_predictor,val,GVIDAAKKVVNVLKNLP,1,0.8972009420394897
amp_predictor,val,GWFDVVKHIASAV,1,0.8605866432189941
amp_predictor,val,KADAVFAFQLR,0,0.23783433437347412
amp_predictor,val,ESKAAKAAKKAAKAKASE,1,0.8473182320594788
amp_predictor,val,GLWSTIKNVAAAAGKAALGAL,1,0.9661308526992798
amp_predictor,val,MDILALGWVSVLALFTWSIAMVVWGRNGF,0,0.040704067796468735
amp_predictor,val,LSPNLLKSLL,1,0.892173171043396
amp_predictor,val,INLRAIAAFAKKLL,1,0.9938154220581055
amp_predictor,val,FLSALWGVAKSLF,1,0.9538071751594543
amp_predictor,val,TGRCATRESLSGVCEISGRLYRLCCR,1,0.5830991268157959
amp_predictor,val,VYINKLTPPCGTMYYACEAV,1,0.18528833985328674
amp_predictor,val,MICYSHKTPQPSATIGCEEKTCYKKSVRKL,0,0.3978768587112427
amp_predictor,val,LKLKSIVSWAKKVL,1,0.9993972778320312
amp_predictor,val,APVENQGSFPKMFPRGSHWAVGHLM,0,0.1254551112651825
amp_predictor,val,ALCNCNRIIIPHMCWKKCGKK,0,0.666901707649231
amp_predictor,val,GLISGILGAGKKVLCGLSGLC,1,0.9904040098190308
amp_predictor,val,RKCLRWQWRMRKYGG,1,0.9917486906051636
amp_predictor,val,CKGKGAPCTRLMYDCCHGSCSSSKGRCG,0,0.17856863141059875
amp_predictor,val,NACSSDLNSK,0,0.3655951917171478
amp_predictor,val,WDAYDCIQFCMRPEMRHTYAQCLSICT,0,0.13910110294818878
amp_predictor,val,LLAGLAANFLPKIFCKITRKC,1,0.9920464754104614
amp_predictor,val,FIGALLRPALKLLAGK,1,0.9790604114532471
amp_predictor,val,YRQSHRRGGRRGSG,1,0.8708950877189636
amp_predictor,val,FLLSLPHLASGLASLVLSK,1,0.9378587007522583
amp_predictor,val,SDTGTKSRK,1,0.41236475110054016
amp_predictor,val,MNRISTTTITTITITTGNGAG,0,0.1936310976743698
amp_predictor,val,ENFSGGCVAGYMRTPDGRCKPTFYQ,0,0.12779051065444946
amp_predictor,val,CFVRNCPTG,0,0.9428531527519226
amp_predictor,val,SDLTWTYQSPGDPTNSKN,0,0.1397222876548767
amp_predictor,val,EACYPPGTFCGIKPGLCCSELCLPAVCVG,0,0.4888538122177124
amp_predictor,val,VIGGVECDINEHRFL,0,0.07380414754152298
amp_predictor,val,GSSGLIPFGRT,0,0.07083350419998169
amp_predictor,val,FWQKMSFA,1,0.42926785349845886
amp_predictor,val,KWKLFKKISKFLHLAKKF,1,0.9984826445579529
amp_predictor,val,PQSAIVASG,1,0.15445031225681305
amp_predictor,val,TRRFDDVLDEVKGFFEVH,0,0.14514043927192688
amp_predictor,val,SHGKVETDEEFDARWVTYFS,0,0.1302453726530075
amp_predictor,val,DAPGGASDAQKQ,0,0.05888328701257706
amp_predictor,val,KWLLKLLKKL,1,0.9987248778343201
amp_predictor,val,AVSCGQVDTALTPCL,0,0.43508628010749817
amp_predictor,val,DGVTDPLEVNVVK,0,0.050042759627103806
amp_predictor,val,GGPGAKGEVGPAGGRGSDGPQGARG,1,0.9923099279403687
amp_predictor,val,IIGGYECKPHSQPWQAFLVDNK,0,0.2357180118560791
amp_predictor,val,GLPVCGETCVGGTCNTPGCTCSWPVCTRN,1,0.9372314810752869
amp_predictor,val,SFYACTNGCWVKPGGGCQC,0,0.5385704636573792
amp_predictor,val,QGRPLGPPIPP,0,0.2276906669139862
amp_predictor,val,LPFVAGVAAEMMQHVYCAASKKC,1,0.7130487561225891
amp_predictor,val,QWPRPQIPP,0,0.04757604002952576
amp_predictor,val,EPFKLSLHL,1,0.8145506978034973
amp_predictor,val,LLGAALSALSSVIPSVISWFQK,1,0.7437041401863098
amp_predictor,val,ITAVLRRRPRPPPYSSGRPGQNN,1,0.41416385769844055
amp_predictor,val,ITSISLCTAGCITGVIMTCMSNGCK,1,0.8550394177436829
amp_predictor,val,GNKKWEQKQVQIKTLEGEFSVTMWSS,1,0.28476178646087646
amp_predictor,val,CCDWDWCDHICTCCGG,0,0.004446156322956085
amp_predictor,val,FLGLIPALAGAIGNLIK,1,0.9862381219863892
amp_predictor,val,GFGSLLGKALRLGANVL,1,0.9119688868522644
amp_predictor,val,VFEIAPSAK,0,0.16795288026332855
amp_predictor,val,KKDGYPIQENGCKY,0,0.1561458259820938
amp_predictor,val,EDPVRFNLG,0,0.08972858637571335
amp_predictor,val,FLSLIPHIVSGVAALANHL,1,0.9706475734710693
amp_predictor,val,FIAAIIGGLFSAGKAIHRLIRRRRR,1,0.9712275862693787
amp_predictor,val,GEYCGESCYLIPCFTPGCYCVSRQCVNKN,1,0.2762063145637512
amp_predictor,val,FKRHVQRIKDFLR,1,0.9417989253997803
amp_predictor,val,WKLKWKLKWKLK,1,0.9993999004364014
amp_predictor,val,ARQRLTNIKL,0,0.4751153886318207
amp_predictor,val,ETWRTEAPSATGQASSLLGGRLLGQ,1,0.07563716173171997
amp_predictor,val,DSHAKRHHGYKRKFHEKHHSHRGYR,1,0.8508550524711609
amp_predictor,val,GLLSGILGAGKHIVCGLTGCAKA,1,0.9878767728805542
amp_predictor,val,RAHFLPPLLLL,0,0.8102602958679199
amp_predictor,val,WFQNRRMKWKK,1,0.9688641428947449
amp_predictor,val,PQAAIVASG,1,0.37120991945266724
amp_predictor,val,MDLITITWASVMVAFTFSLSLVVWGRSGL,0,0.0471150167286396
amp_predictor,val,GGAGHVPEYFVGIGTPISFYG,1,0.04013017937541008
amp_predictor,val,KKDLTEVTHKVYFDVEIDGKPAGRIVMGLF,0,0.08919163793325424
amp_predictor,val,GFLDVIKHVGKAALGVVTHLINQ,1,0.9690471291542053
amp_predictor,val,VVGADNCNFN,0,0.13409435749053955
amp_predictor,val,GSSGLIAMPRV,0,0.044910889118909836
amp_predictor,val,GLVSSIGRALGGLLADVVKSKEQPA,1,0.2752033770084381
amp_predictor,val,SGLQFAVMDGQGFLPFPRV,0,0.03357122465968132
amp_predictor,val,VAGKSFVPIALGRQSKQTPF,0,0.21565592288970947
amp_predictor,val,YGRKKRRQRRRGC,1,0.9221612811088562
amp_predictor,val,TDVGFDGWR,0,0.010786943137645721
amp_predictor,val,GLLAFPRV,0,0.2187713235616684
amp_predictor,val,AWCFRVCYRGICYRRCR,1,0.9983314871788025
amp_predictor,val,NFSCPPDWYAYD,0,0.038645364344120026
amp_predictor,val,FTMKKSLFLILFLGAIPLSMC,1,0.5901835560798645
amp_predictor,val,SPTVIALRVVEALSPR,0,0.10969941318035126
amp_predictor,val,KFKKLFKKLSPVFKRIVQRIKDFLR,1,0.9800644516944885
amp_predictor,val,GLWSTIKNVGKEAAIAAGKAALGAL,1,0.9620347023010254
amp_predictor,val,MKVKVDADACIGCGVCVELCP,0,0.05520934611558914
amp_predictor,val,GPDSSFLRL,0,0.13715878129005432
amp_predictor,val,KFADENFQLKH,0,0.3440454304218292
amp_predictor,val,MWKWFHNVLSSGQLLADKWWAWWYNWW,1,0.4155493378639221
amp_predictor,val,MDTVSLAWAALMVVFTFSLSLVVWGRSGL,0,0.03739278018474579
amp_predictor,val,AAKAAAKAAAKAA,1,0.9893901944160461
amp_predictor,val,EKTLARTAAKTALKK,1,0.49337759613990784
amp_predictor,val,FSGLPGPTGEPGKQGPGGPSGE,1,0.8768398761749268
amp_predictor,val,FRGHAKGDKKNQKK,0,0.6556205153465271
amp_predictor,val,MIREPRIREPRSLA,0,0.4796094298362732
amp_predictor,val,ENFAGGCATGYLRTADGRCKPTF,0,0.1494186967611313
amp_predictor,val,LSLHEYMSMELLQEAGVSIP,0,0.11593625694513321
amp_predictor,val,TKCFQWQWNMRKVRG,1,0.9683822989463806
amp_predictor,val,SWFSRTVHNVGNAVRKGIHAGQGVCSGLGL,1,0.4758908450603485
amp_predictor,val,GFGSKPIDSFGLSWL,1,0.4657672643661499
amp_predictor,val,KLGALWNVAKSVF,1,0.9986034035682678
amp_predictor,val,NGAICWGPCPTAFRQIGNCGHFKVRCCKIR,1,0.9129214882850647
amp_predictor,val,GVIDAAKKVVNVLKNLF,1,0.990253210067749
amp_predictor,val,RRRRRRRR,1,0.9537544250488281
amp_predictor,val,DDFLCAGGCL,1,0.05531661957502365
amp_predictor,val,TVTPEQDRYLQVKKY,0,0.3663083612918854
amp_predictor,val,THSGGACNSHDQCCNAFCSTATRTCV,0,0.7719357013702393
amp_predictor,val,ADGQYSQLQD,0,0.04342949390411377
amp_predictor,val,APPGARPPPGPPPPGPPPPGP,1,0.2532718777656555
amp_predictor,val,MDSVTIAWAALMAISTFSLSLVVRGRSGL,0,0.06415414810180664
amp_predictor,val,FDESFGFQGPSTYEKTPLGEPA,0,0.1358024626970291
amp_predictor,val,SHDKPDHIRLFELKKDDLLISVHNA,0,0.33922356367111206
amp_predictor,val,GWLPTFGKILRKAMQLGPKLIQPI,1,0.6710265278816223
amp_predictor,val,FLRFIGSVIHGIGHLVHHIGVAL,1,0.998111367225647
amp_predictor,val,GIGGALLSAAKVGLKGLAKGLAEHFAN,1,0.980189323425293
amp_predictor,val,MTESALKADFTDYLLNVKAIVEFVK,0,0.15362395346164703
amp_predictor,val,FLGLLGGLL,1,0.9545288681983948
amp_predictor,val,GLPLCGETCVGGTCNTPGCSCGWPVCVRN,1,0.8311487436294556
amp_predictor,val,NEVDIVGALNADLTQFL,0,0.08239457756280899
amp_predictor,val,RVKRFKKFFRKIKKGFRKIFKKTKIFIG,1,0.9925427436828613
amp_predictor,val,MNILHICVTSKWFNIDNKIVDHRP,0,0.27649036049842834
amp_predictor,val,IANVFAVDIHPAAR,0,0.11054504662752151
amp_predictor,val,FLGPIIKIATGILPTAICKFLKKC,1,0.9977068901062012
amp_predictor,val,FLSAIASMLGKFL,1,0.7742912769317627
amp_predictor,val,RIKRFWPVVIRT,1,0.9976060390472412
amp_predictor,val,VKLRSLLCS,1,0.9052119255065918
amp_predictor,val,VIDVNDEW,0,0.06648939847946167
amp_predictor,val,FLSLLPSIVSGAVSLAKKL,1,0.9680615067481995
amp_predictor,val,FLPILGKLLSGIL,1,0.9820346832275391
amp_predictor,val,DIGGSRQGCVA,1,0.2782748341560364
amp_predictor,val,KCFQWQRNMRKVR,1,0.9185629487037659
amp_predictor,val,ALSILKGLEKLAKMGIALTNCKATKKC,1,0.991730272769928
amp_predictor,val,FVPIFTHSELQKIREKERNKGQ,0,0.3608233630657196
amp_predictor,val,KDLHTVVSAILQAL,1,0.3039366900920868
amp_predictor,val,EQPGGDKVNLGYFTN,1,0.07725702226161957
amp_predictor,val,DGDDYKFGHFRWSVPL,0,0.07753963768482208
amp_predictor,val,SLLSTLGNMAKAAGRAALNAITGLVNQ,1,0.35458454489707947
amp_predictor,val,GLLSGILNTAGGLLGNLIGSLSNGES,1,0.8014385104179382
amp_predictor,val,FLFFAFPHPL,0,0.9442496299743652
amp_predictor,val,FCCPVIRYCCW,0,0.1326656937599182
amp_predictor,val,DRVYIHPFHLLVYS,0,0.42093566060066223
amp_predictor,val,ALVLIAFAQVLQQCP,0,0.14629770815372467
amp_predictor,val,FRPALIVRTKGK,1,0.8548809289932251
amp_predictor,val,GWKSVFRKAKKVGKTVGGLALDHYLG,1,0.9660680890083313
amp_predictor,val,GWKSVFRKAKKVGKTVGGLALDHYL,1,0.9716875553131104
amp_predictor,val,GKVVCTGAKSVDAVHDA,0,0.25329628586769104
amp_predictor,val,GVFDIIKGAGKQLIAHAMGKIAEKV,1,0.9475508332252502
amp_predictor,val,MSKVIETKQQVVTEIADKLRA,0,0.20453199744224548
amp_predictor,val,RAGLQFPVGRLLRRLLRRLLR,1,0.8586994409561157
amp_predictor,val,GILSSLWKKLKKWIAK,1,0.9995542168617249
amp_predictor,val,FFSLIPSLVKKLIKAFK,1,0.9991729855537415
amp_predictor,val,LLFGKIISRLLGN,1,0.9797149896621704
amp_predictor,val,LQPGLEYQYRYSARV,0,0.1784163862466812
amp_predictor,val,MMISTFHDGQLRFSNVYRLTLMIFRL,0,0.07578077912330627
amp_predictor,val,CYSAAKYPGFQEFINRKYKSSRF,1,0.3037702143192291
amp_predictor,val,VWNVTNGKRFTTYAI,0,0.14250265061855316
amp_predictor,val,RQSHFANAQP,1,0.14081218838691711
amp_predictor,val,VVKCSYRLGSPDSQCN,1,0.2943999171257019
amp_predictor,val,TFVSSQVSGPR,0,0.12383764982223511
amp_predictor,val,DASFSSWG,0,0.06474139541387558
amp_predictor,val,GILSGILGMGKKLVCGLSGLC,1,0.9684633612632751
amp_predictor,val,HLNKRVQRELIGWLRWLK,1,0.9959867596626282
amp_predictor,val,GLWSTIKQKGKEAAIAAAKAAGQAALGAL,1,0.9742910861968994
amp_predictor,val,MPGKVQDFFLCSLLLCIVSAGWCG,0,0.33364638686180115
amp_predictor,val,ASGENQAELKLATHNVYML,0,0.12856119871139526
amp_predictor,val,ITIPPIVKDTLKKFFKGGIAGVMGQ,1,0.7678564786911011
amp_predictor,val,GNRPVYIPPPRPPHPRL,1,0.8011341094970703
amp_predictor,val,VVGGEVARAHSWPWQISLQY,0,0.1069670245051384
amp_predictor,val,SFQCELVFAK,0,0.49884480237960815
amp_predictor,val,FTSKKSMLLFFFLGTISLSLCQ,1,0.6448745131492615
amp_predictor,val,LMYYTLPRPV,0,0.10189901292324066
amp_predictor,val,SGTSEKERESGRLLGVVKRLIVCFRSPFP,1,0.24942907691001892
amp_predictor,val,FSIARLLKWWKG,1,0.9997442364692688
amp_predictor,val,KRKCGLCKYRCCSGG,0,0.48712068796157837
amp_predictor,val,ASSGWVCTLTIECGTVICACR,1,0.9720976948738098
amp_predictor,val,AIPCGESCVWIPCISTVIGCSCSNKVCYR,1,0.978010892868042
amp_predictor,val,NAPPNLTLR,0,0.118129201233387
amp_predictor,val,FLPVILPVIGKLLNGILGK,1,0.9918535351753235
amp_predictor,val,WGEAFSAGVHRLANGGNG,1,0.15090849995613098
amp_predictor,val,TKKDGEEKVA,0,0.19600634276866913
amp_predictor,val,AYAQWVIIII,0,0.380855917930603
amp_predictor,val,MDIITFGWVAVAAFFALSIAFVVWGRNGM,0,0.06455478072166443
amp_predictor,val,FKRIVQRIKDNLR,1,0.8336867094039917
amp_predictor,val,SVLEIGLMLQEETEKNPKTSYSI,0,0.2222643494606018
amp_predictor,val,YYTVLFGVSRALGLPLERPK,0,0.0691327452659607
amp_predictor,val,IFVLPPYIPP,1,0.8111826777458191
amp_predictor,val,PSPPGFSPFR,1,0.4850873649120331
amp_predictor,val,FLGALWEVAKSVF,1,0.6976819038391113
amp_predictor,val,ITSHSLCTPGCAKTGSFNSFCC,1,0.986225962638855
amp_predictor,val,LIRLWSHLIHIWFQNRRLKWKKK,1,0.9995465874671936
amp_predictor,val,MLHLIGFDKLYSYNMVKLALLEKGVPFTEV,0,0.13648627698421478
amp_predictor,val,MNEQSMKPYVIGLDLGGTNSVFGIV,0,0.04943095147609711
amp_predictor,val,KRVNWRKVGRNTALGASYVLSFLG,1,0.3073018193244934
amp_predictor,val,FFRHIVGAISRIFGQKQRDMAD,1,0.19044803082942963
amp_predictor,val,GIPCGESCVFIPCITAAIGCSCKSKVCYRN,1,0.9648691415786743
amp_predictor,val,KWKLFKKIGIGAVLKVLTTG,1,0.9994105100631714
amp_predictor,val,FGPVIGLLSGILKSLL,1,0.9779561758041382
amp_predictor,val,FQWQRNMRKV,1,0.8188255429267883
amp_predictor,val,QGLISFPRV,0,0.12762972712516785
amp_predictor,val,SNDIYFNFQR,1,0.09334136545658112
amp_predictor,val,MVGRYRFEFILIILILCALITARFYLS,0,0.35346516966819763
amp_predictor,val,KWFKIQLQIKKWKNKK,1,0.9872675538063049
amp_predictor,val,FLPIVASLAANFLPKIICKITKKC,1,0.9966674447059631
amp_predictor,val,GGGGPTPEYFLMPIDPAWLQANLPNTGKYN,1,0.07874185591936111
amp_predictor,val,FIFLPIFRRPVS,1,0.9728813171386719
amp_predictor,val,AAAELSLVQLESLREVCEQ,0,0.16108687222003937
amp_predictor,val,YPGPQAKEDSEGPSQGPASREK,1,0.1510477066040039
amp_predictor,val,GVGDLIRKAVAAIKNIV,1,0.8793933391571045
amp_predictor,val,MIIYRDLIA,1,0.5248275399208069
amp_predictor,val,SCNCVCGVCCSCSP,1,0.0742339938879013
amp_predictor,val,GIMDTVKNVAKNLAGQLLDKLKCKITAC,1,0.938390851020813
amp_predictor,val,EQFDDYGHMRF,0,0.06221896782517433
amp_predictor,val,LLKWLKKWLKK,1,0.9994211196899414
amp_predictor,val,IFKAIWSGIKRLC,1,0.9996987581253052
amp_predictor,val,KDETDDMKMETDIKRNKKT,0,0.3094036877155304
amp_predictor,val,KWCRCVCRRGICRCRCRK,1,0.9831014275550842
amp_predictor,val,ADYLQLTRA,0,0.12095355242490768
amp_predictor,val,ELLSEINR,0,0.27955618500709534
amp_predictor,val,GVPICGETCVGGTCNTPGCSCSWPVCTRN,1,0.9326097965240479
amp_predictor,val,AFQTSFVFQRFYETN,0,0.1206626445055008
amp_predictor,val,FLPIPRPILLGLL,1,0.8588469624519348
amp_predictor,val,NLIQFANMIGCANHGSR,0,0.22853021323680878
amp_predictor,val,PCNPDHDYRPFGNFRIAFTT,1,0.17568978667259216
amp_predictor,val,VGECVRGRCPSGMCCSQFGYCGKGPKYCG,1,0.33558157086372375
amp_predictor,val,IEHNAEEIRKTAIRTAVQNTAQQTK,0,0.27517223358154297
amp_predictor,val,GSQLVYREWVGHSNVIKP,1,0.13745756447315216
amp_predictor,val,RNKMAYNVGKAISRIMRRVR,1,0.5212156772613525
amp_predictor,val,AIPWSIWWRLLFKG,1,0.9981091022491455
amp_predictor,val,AADIFAKFKTSMEVK,0,0.3030358850955963
amp_predictor,val,FLSLIPHAISAVSALAKHL,1,0.9851706624031067
amp_predictor,val,GLFDIIKKIAESF,1,0.9194793701171875
amp_predictor,val,CLGIGSCNDFAGCGYAIVCFW,1,0.7001686096191406
amp_predictor,val,LIPTIILILGWGYQPERLPASYYFLFYTLL,0,0.08883274346590042
amp_predictor,val,VRRFLVTLRIRRA,1,0.9390373229980469
amp_predictor,val,ALWKNMLSGIGKLAGQAALGAVKTLV,1,0.974692165851593
amp_predictor,val,RIKRFWPVVIRTVVAGYNLY,1,0.8902422189712524
amp_predictor,val,FLPFIARLAAKVFPSIICSVTKKC,1,0.9912918210029602
amp_predictor,val,MFDKTRLPYVALDVL,0,0.0672692134976387
amp_predictor,val,GIMDTVKGVAKTVAASLLDKLKCKITGC,1,0.9626747369766235
amp_predictor,val,FFGSLLSLGSKLLPSVFKLFQRKKE,1,0.8766924738883972
amp_predictor,val,SPPFAPRL,0,0.4276036024093628
amp_predictor,val,RQIKIWFQN,1,0.9620921015739441
amp_predictor,val,SSAPCTIYASVSASISATASWGC,1,0.6627355217933655
amp_predictor,val,GGESSNEAKGMWFGPRL,0,0.1034039780497551
amp_predictor,val,TRRTAFLFDELSLWHSASQYALILPVGG,0,0.04715757071971893
amp_predictor,val,PNPKVFFDMTIGGQSAGRIVMEEYA,1,0.06885010004043579
amp_predictor,val,TPAAAVVTTVISGAAVTTAKSI,1,0.22710229456424713
amp_predictor,val,KWFKKIPKFLHLAKKF,1,0.9987996816635132
amp_predictor,val,MREAICIHIGQAGYQIGNACSQLFC,0,0.28744110465049744
amp_predictor,val,FIGAIARLLSK,1,0.9804965853691101
amp_predictor,val,LKKLLKLDKKLLKLAG,1,0.9954947233200073
amp_predictor,val,MRAKWRKKRVRRLKRKRRKTRARSK,0,0.7979985475540161
amp_predictor,val,AIKIRKLFKKLLR,1,0.9978373646736145
amp_predictor,val,GGDGSIAEYFNRPMHIHDWQIMDSGYYG,1,0.03473011776804924
amp_predictor,val,VALTGLTVAEYFR,1,0.04650682955980301
amp_predictor,val,KWKLFKKIGIGAVLKVLTTGLPALIS,1,0.9984660148620605
amp_predictor,val,QLAELKYVI,0,0.21054436266422272
amp_predictor,val,FLPGLLAGLL,1,0.8983017802238464
amp_predictor,val,QLWPRPHIPP,0,0.2667654752731323
amp_predictor,val,GRADYNFGYGLGRGTRKFFNGIGRWVRKTF,1,0.41653844714164734
amp_predictor,val,GVLDILKGAGKDLLAHALSKISEKV,1,0.9566940069198608
amp_predictor,val,LDVKKIICVACKIKPNPACKKICPK,1,0.7620744109153748
amp_predictor,val,VLLDGNGEVVQNGGTYYLLP,0,0.032357074320316315
amp_predictor,val,GAWKNFWSSLRKGFYDGEAGRAIRR,1,0.4953902065753937
amp_predictor,val,GIGGKILGGLRTALKGAAKELAATYLH,1,0.891684353351593
amp_predictor,val,FLSLIPHAINAISAIAHHL,1,0.9922412633895874
amp_predictor,val,MSDTATRVQKIVVEHLGVESDKVTQE,0,0.13607995212078094
amp_predictor,val,GVLSVIKNALPGIMRF,1,0.36802440881729126
amp_predictor,val,FGTYGHPRPRFYYNP,0,0.11540776491165161
amp_predictor,val,KKLAKLALLKWLLALKLLALKALKK,1,0.998405396938324
amp_predictor,val,GFKDLLKGAAKALVKTVLF,1,0.9960265159606934
amp_predictor,val,FLGLIFHGLVHAGKLIHGLIHRNR,1,0.9991449117660522
amp_predictor,val,FFTTFDKDNDDQQNDN,0,0.16325093805789948
amp_predictor,val,GLVSSIGRALGGLLADVVKSKGQPA,1,0.5127092003822327
amp_predictor,val,GLLGPLLKIAAKVGKKLL,1,0.9976396560668945
amp_predictor,val,INWLKLGKMVIDAL,1,0.803179919719696
amp_predictor,val,LTTKLWSSWGYYLGKKARWNLKHPYVQF,1,0.6642760634422302
amp_predictor,val,GGLRSLGRKILRAWKKYGPIIVPIIRIG,1,0.9886245727539062
amp_predictor,val,FKRIAQRIKDFLR,1,0.9130524396896362
amp_predictor,val,VTIGKEGTLT,0,0.12369313091039658
amp_predictor,val,VGGLIAYDNIEISQIPVGDGVTLC,0,0.04012588411569595
amp_predictor,val,RWKRINRQWFFWQRNIRKWR,1,0.9986469149589539
amp_predictor,val,AKKVFKRLEKLFSKIYNYK,1,0.6798855066299438
amp_predictor,val,RQIKIWFQNRRLKWKK,1,0.9925922155380249
amp_predictor,val,TSSLFPHPRL,0,0.481468141078949
amp_predictor,val,GLPTCGETCTLGTCYVPDCSCSWPICMKN,1,0.8627704977989197
amp_predictor,val,LLPFPYPTPF,1,0.5574032068252563
amp_predictor,val,FFHHIFRGIVHVGKTIHRLVTGT,1,0.9942836165428162
amp_predictor,val,SIYVGNLSYD,0,0.0830075591802597
amp_predictor,val,GLHKVMREVLGYERNSYKKFFLR,1,0.32358071208000183
amp_predictor,val,LFGFLIPLLPHLIGAIPQVIGAIR,1,0.8989288210868835
amp_predictor,val,VGAVAFGPVGAVVGGLASGFTGKQT,1,0.17897042632102966
amp_predictor,val,LRPAVIVRTKGK,1,0.7915799021720886
amp_predictor,val,MKTILRFVAGYDIASHKKKTGGYPWERGKA,1,0.29659342765808105
amp_predictor,val,FLSTALKVAANVVPTLFCKITKKC,1,0.9927625060081482
amp_predictor,val,TLRGDERILSILRHQNLLKELQDLALQGAK,1,0.24087193608283997
amp_predictor,val,FTMKKSLFLLFFLGTISLSLC,1,0.8092860579490662
amp_predictor,val,RVCSAIPLPICH,1,0.7920243740081787
amp_predictor,val,FLPGLIAGIAKML,1,0.8610788583755493
amp_predictor,val,KAYSMPRCKGGFRAVMCWL,1,0.7106146216392517
amp_predictor,val,IIGGDECNINEHPFLVALYDA,0,0.11905667930841446
amp_predictor,val,RIIDLLARVRRPQKPKFVTVWVR,1,0.9299041032791138
amp_predictor,val,LVKDNPLDISPKQVQALCTDLVIRCMCCC,1,0.08997589349746704
amp_predictor,val,ADPPIHIASL,0,0.27501994371414185
amp_predictor,val,FLPMLAGLAANFLPKIICKITKKC,1,0.982333779335022
amp_predictor,val,TKSQTHVPIRPNKLVLKVQKDRATN,0,0.2763518691062927
amp_predictor,val,NSELINSILGLPKVMNEA,0,0.14885446429252625
amp_predictor,val,FRLDEEFQGPIASQVRRQFLFRPRN,0,0.16886776685714722
amp_predictor,val,VLSKSLCTPGCITGPLQTCYLCFPTFAKC,1,0.9499338865280151
amp_predictor,val,FLSTLLNVASKVVPTLFCKITKKC,1,0.9923271536827087
amp_predictor,val,SEDETRLVKNLFSGYNKVVRPVNH,0,0.1481817364692688
amp_predictor,val,TLASAIASAR,0,0.17882956564426422
amp_predictor,val,FKCRAWQWRMKKLGA,1,0.9859445095062256
amp_predictor,val,FFPMLAGVAARVVPKVICLITKKC,1,0.9423481822013855
amp_predictor,val,GMWGSLLKGVATVVKHVLPHALSSQQS,1,0.4600249230861664
amp_predictor,val,ASGPAGPRGPAGPAGSSGKDGVSG,1,0.9732206463813782
amp_predictor,val,GNTKKAVPGFYGTR,0,0.16308557987213135
amp_predictor,val,IVVRDNNVEQALRALKKKMQREGL,0,0.24498209357261658
amp_predictor,val,KQFTKCELSQVLKDMDGYGGIALP,0,0.18277347087860107
amp_predictor,val,MKNPRVHEIATAMIDAVRKVLVDHQ,0,0.11239421367645264
amp_predictor,val,DIIMSTNTFSEEAEALLKEALETYLKEFA,0,0.24884739518165588
amp_predictor,val,IHHIHHHIHHIHHHIHHIHHHIHHIHHH,1,0.953177809715271
amp_predictor,val,GGPYSYGL,0,0.03619079664349556
amp_predictor,val,KWCFRRCYAGICYRRCR,1,0.9973500967025757
amp_predictor,val,MISDSQIFVALLFALVSAVLAIRLGTDLYQ,0,0.09552015364170074
amp_predictor,val,RWIRWVWRKKLR,1,0.9999278783798218
amp_predictor,val,CCSTNCAVCIPCCP,0,0.08313451707363129
amp_predictor,val,DGCPPHPVPGMHPCMCTNTC,0,0.059944067150354385
amp_predictor,val,GWCRCVCRRGICRCFCRK,1,0.9885519742965698
amp_predictor,val,LKKLLKLLKKLLKLAG,1,0.9979648590087891
amp_predictor,val,NFDEIDRSGFGFN,0,0.12252452224493027
amp_predictor,val,FLQRIIGARGRLF,1,0.958988606929779
amp_predictor,val,LFGKLIKKFGRKAISYAVKKARGKH,1,0.9803131222724915
amp_predictor,val,ILKKIWKAIKKLF,1,0.9997908473014832
amp_predictor,val,VWRHWRRFW,1,0.9997907280921936
amp_predictor,val,RWLRWKTRWRLK,1,0.999306321144104
amp_predictor,val,MSKGYVWVVDDDSSIRWVMEKTSPLPT,0,0.08457820117473602
amp_predictor,val,RRWSFRVSYRGFSYRKSR,1,0.900695264339447
amp_predictor,val,ILGKIWKGIKSLF,1,0.9998100399971008
amp_predictor,val,FLSGIVGMLGKLE,1,0.4785372018814087
amp_predictor,val,FLGMIPGLIGGLISAFK,1,0.8812363743782043
amp_predictor,val,AEVFKSEEGSVDFYGQLRPA,0,0.1196228489279747
amp_predictor,val,AKAVKPKTAKPKTAKPKTAKA,1,0.8416268825531006
amp_predictor,val,MGLQQEISLQPWCHHPAESCQTTT,0,0.1194092407822609
amp_predictor,val,HKNIWKRKGYSIAL,0,0.9821183681488037
amp_predictor,val,DEKGPKWKR,1,0.5191264152526855
amp_predictor,val,YMVIQGEPGAVIRLGDYLIDQGL,0,0.034276366233825684
amp_predictor,val,AGRPGEPGPAGPPGPTGE,1,0.8624347448348999
amp_predictor,val,DLARNLGLVDIDDEYDEDSDKEKPIFNV,0,0.2326916605234146
amp_predictor,val,GVCRCLCRRGVCRCLCRR,1,0.9586752653121948
amp_predictor,val,SVALQVTVDAVSGSAKEKITAAGTVTELV,0,0.08617948740720749
amp_predictor,val,LFFLPSLIGGLISAIK,1,0.9864639043807983
amp_predictor,val,KKLALALAKKWLALAKKLALALAKK,1,0.9986405968666077
amp_predictor,val,INWKKIASIGKEVL,1,0.9949475526809692
amp_predictor,val,MPKSPSKSSPRKGSPRKASPKRGGKGAKRA,0,0.7015517354011536
amp_predictor,val,FLSTLLKVAFKVVPTLFCPITKKC,1,0.9924300312995911
amp_predictor,val,PWIPLTPL,1,0.7253601551055908
amp_predictor,val,CGETCVGGTCNTPGCGCSWPVCTRNGLPV,1,0.8903421759605408
amp_predictor,val,ATCYCRTGRCATRESLSGVCEISGRLYR,1,0.46390020847320557
amp_predictor,val,ANQRLPPLSNDPDRCERAFVGNT,0,0.16136792302131653
amp_predictor,val,EYDDMYTEKRPKVYAFGL,0,0.2089429497718811
amp_predictor,val,RKCLRWQWAMRKVGG,1,0.9941198825836182
amp_predictor,val,KRIVKLIKKWLR,1,0.9995261430740356
amp_predictor,val,FLFSLIPHAISGLISAFK,1,0.9925748109817505
amp_predictor,val,FFLKDFSTKRQIIDAINKVVYKGGR,1,0.5265412926673889
amp_predictor,val,CKQAGESCDIFSQNCCVGTCAFICIE,0,0.38885918259620667
amp_predictor,val,GLIGSIGKALGGLLVDVLKPKL,1,0.987346887588501
amp_predictor,val,QLFQPPFR,0,0.2992211878299713
amp_predictor,val,EGGGNRGDPSGVC,0,0.5660159587860107
amp_predictor,val,DDIKLSQQYDVLDLFKYMHQ,0,0.19935114681720734
amp_predictor,val,MIIFRALISHKK,1,0.9524471759796143
amp_predictor,val,ILGPVLGMVGSALGGLLKKI,1,0.9436182975769043
amp_predictor,val,SVLSTITDMAKAAGRAALNAITGLVNQ,1,0.1148373931646347
amp_predictor,val,MAPRGFSCLLLSTSEIDLPMAPVKRRA,0,0.09766358882188797
amp_predictor,val,QGRAPHPPIPPAP,0,0.0522850900888443
amp_predictor,val,MLNERFSILVLLLILLTFSLG,0,0.28377386927604675
amp_predictor,val,VGRKHSILNCIPYLKKKKIMRL,1,0.9211863279342651
amp_predictor,val,SSSGWLCTLTIECGTIICACR,1,0.9637827277183533
amp_predictor,val,QTSFTPRL,0,0.3158777356147766
amp_predictor,val,GSTGLIPFGRP,0,0.09676060825586319
amp_predictor,val,GVSGHGQHGVHG,1,0.3995364308357239
amp_predictor,val,FYLKTYRSQAPVLDAIRRLRLRGGS,1,0.2857580780982971
amp_predictor,val,MVKQIEFKYAFQEALNSAGDK,0,0.21780359745025635
amp_predictor,val,GIGSAILSAGKSIIKGLAKGLA,1,0.991837203502655
amp_predictor,val,ILPFVAGVAAEMMKHVYCAASKKC,1,0.8532846570014954
amp_predictor,val,TESLVLSPAPAKPKRA,0,0.19657181203365326
amp_predictor,val,VVGGDECNINEHRSLALMYA,0,0.07495514303445816
amp_predictor,val,DCLPCGHDVCC,0,0.005564703140407801
amp_predictor,val,FFGHLLRGIVSVGKHIHGLITG,1,0.997164785861969
amp_predictor,val,VNWKKSLGKSIKVVK,1,0.9977454543113708
amp_predictor,val,NLVQFGKMIE,0,0.13062097132205963
amp_predictor,val,GIHDILKAGKPS,1,0.9492994546890259
amp_predictor,val,CTFTLPGGGGVCTLTSECIC,1,0.9212816953659058
amp_predictor,val,GFVALLKKLPLILKHLH,1,0.9991539716720581
amp_predictor,val,GILSSLLKKLKKWIAK,1,0.9992103576660156
amp_predictor,val,TKATEGEFLAEGGGVR,0,0.07661649584770203
amp_predictor,test,KWCARVCYRGICYRRCR,1,0.9977141618728638
amp_predictor,test,NIIDVPCRPCYYRDSSGNCVYDQLGCGA,0,0.05696268379688263
amp_predictor,test,FFSLIPSLVGGLISAFK,1,0.9709882140159607
amp_predictor,test,FLPPSPWKETFRTT,1,0.41823309659957886
amp_predictor,test,GFKDGAADRISHGF,0,0.11334525793790817
amp_predictor,test,GVFKDALKQFGAALLDKAANALKPK,1,0.9488706588745117
amp_predictor,test,FLRSLLRGAKAIYRGARAGWRG,1,0.8321182131767273
amp_predictor,test,GGCCSHPACQNNPDYC,0,0.009810581803321838
amp_predictor,test,GIGSILGVIAKGLPTLISWIKNR,1,0.9736817479133606
amp_predictor,test,VVYTDCTESGQNLCLCE,0,0.133627250790596
amp_predictor,test,SIKDKICKIIQAQCGKKLPFT,0,0.8857598304748535
amp_predictor,test,NIPQLTPTP,1,0.15785959362983704
amp_predictor,test,EDSLSDWERVYLPIDPGVVL,0,0.05638384446501732
amp_predictor,test,MMIPGHFDYHRPKSV,0,0.18120726943016052
amp_predictor,test,GLLGPLLKIAAKVGSNLL,1,0.990110456943512
amp_predictor,test,FFGHLFKLATKIIPSFFRRKNQ,1,0.9510053396224976
amp_predictor,test,AQLQNPVGYELQHK,0,0.22721663117408752
amp_predictor,test,AITLEKIFLPNNLVGWLDGRSS,0,0.1292726993560791
amp_predictor,test,SIGSAFKKALPVAKKIGKAALPIAKAALP,1,0.971673846244812
amp_predictor,test,FLPIIASVAAKVFSKIFCAISKKC,1,0.9988254904747009
amp_predictor,test,GFAHIRDFVSRIVRRLNIGP,1,0.7566937208175659
amp_predictor,test,HTAGFIPRL,0,0.4955759346485138
amp_predictor,test,RGCYTRCWKVGRNGRVCMRVCT,1,0.9667125940322876
amp_predictor,test,MLYANPNTESSPVGFRKKYDNFI,0,0.16281595826148987
amp_predictor,test,KWKLFKKGIGAVLKV,1,0.9997252821922302
amp_predictor,test,FFGTLFKLGSKLIPGVMKLFSKKKER,1,0.9335452318191528
amp_predictor,test,FSGLDGAKGDSGPAGPK,1,0.8230546116828918
amp_predictor,test,SVVDGWTTFR,0,0.05933224782347679
amp_predictor,test,MIIYARRAEE,1,0.34051403403282166
amp_predictor,test,MHLNESLIYLFLETSCVAGAHFESLLD,0,0.17890626192092896
amp_predictor,test,GYPWWDYRDLFGGHTFISP,1,0.01995692029595375
amp_predictor,test,GLPRKILCAIAKKKGKCKGPLKLVCKC,1,0.9808470606803894
amp_predictor,test,RQIKIWFQNRRMKWK,1,0.977910041809082
amp_predictor,test,GIGKYLHSAKKFGKAWVGEIMNS,1,0.8942077159881592
amp_predictor,test,FLPLIAGLFGKIF,1,0.9889320135116577
amp_predictor,test,LLAAHLLAIGRR,1,0.8400112986564636
amp_predictor,test,LETLLSLV,1,0.20839367806911469
amp_predictor,test,IPLDTIAGYKE,0,0.09771731495857239
amp_predictor,test,SLWETIKNAGKGFIQNLDKIR,1,0.5526584386825562
amp_predictor,test,FKRINQRIKDFLR,1,0.8690782189369202
amp_predictor,test,GIHDILKYGKPA,1,0.911007285118103
amp_predictor,test,APANSVWS,0,0.09153454750776291
amp_predictor,test,DDLFNINAGIVKLFGVTTLDVVR,0,0.08994542062282562
amp_predictor,test,APSMGFQGMR,0,0.08130662888288498
amp_predictor,test,LNLKGLIKKVASLLN,1,0.9974894523620605
amp_predictor,test,AFCCPSGWSAYDQNCY,0,0.032178498804569244
amp_predictor,test,QESGEVIIEIPR,0,0.12838879227638245
amp_predictor,test,GLLDTIKGVAKTVAASMLDKLKCKISGC,1,0.975226879119873
amp_predictor,test,RKCNLFCKAKQKLKSLSSVIGTVVHPPRG,1,0.7453432083129883
amp_predictor,test,KKKAAFAKAWAKAFKAA,1,0.9932327270507812
amp_predictor,test,GFLSTVKNLATNVAGTVIDTIKCKVTGGC,1,0.8953940868377686
amp_predictor,test,NGRCCHPACAKYFSCGR,0,0.170818492770195
amp_predictor,test,GILGNIVGMGKKIVCGLSGLC,1,0.9718807339668274
amp_predictor,test,QIKIWFQNRRMKWKK,1,0.9690821766853333
amp_predictor,test,APEESPKRAPSGFLGVR,0,0.22246667742729187
amp_predictor,test,YPDGFDGEAV,0,0.041026193648576736
amp_predictor,test,KWCFCVCYRGICRCRCRG,1,0.9842096567153931
amp_predictor,test,KWKSFIKKLLSKFLHSAKKF,1,0.9963057041168213
amp_predictor,test,EDHPVHNRGEYSVCDSVNVWV,0,0.05655941739678383
amp_predictor,test,TPCGESCVYIPCISGVIGCSCTDKVCYLN,1,0.8562208414077759
amp_predictor,test,TPALAVVTTVLPAAAVTTAKSV,1,0.21200843155384064
amp_predictor,test,SLSRFLSFLKIVYPPAF,1,0.6859284043312073
amp_predictor,test,GLFDIVKKIAGHIASSI,1,0.9964901804924011
amp_predictor,test,FFGPLIKIATGVLPNLICKALGKC,1,0.9942223429679871
amp_predictor,test,TVAACNSPKVGLDSDAELVR,0,0.07244092226028442
amp_predictor,test,DLWSWGQMIQETGLLPSYTTY,0,0.02394290454685688
amp_predictor,test,AKKPVAKKAAGGVKKPKK,1,0.9702004194259644
amp_predictor,test,GILSSLWKKLKKIIAK,1,0.9995136260986328
amp_predictor,test,GVFTFEDESTSTVAPAKLYK,1,0.1743367612361908
amp_predictor,test,MERQVFIRLRHRLEADP,0,0.32525965571403503
amp_predictor,test,MGNISPLTGTNGEIR,0,0.045409224927425385
amp_predictor,test,FSGGNCRGFRRRCFCTK,1,0.873455286026001
amp_predictor,test,RQAKIWFQNRRMKWKK,1,0.9426952004432678
amp_predictor,test,MSDIEQRIKQAVAEQLGMRAEEIKNE,0,0.25584858655929565
amp_predictor,test,RRWVRRVRRWVRRVVRVVRRWVRR,1,0.9965883493423462
amp_predictor,test,RQIKIAFQNRRMKWKK,1,0.8385391235351562
amp_predictor,test,GIGALSAKGALKGLAKGLAEHFAN,1,0.9816446304321289
amp_predictor,test,TCRTNRPCFYDLDLNVCRCS,1,0.30739307403564453
amp_predictor,test,ARCEQCPSYCCQSDSPPECDGCE,0,0.014843512326478958
amp_predictor,test,INWKKIASIGKEVLKA,1,0.9970434308052063
amp_predictor,test,VTVYENEGTKVDFDGNLRLLL,0,0.07879232615232468
amp_predictor,test,RGPPGPMGPPGL,1,0.8161548972129822
amp_predictor,test,IVRRACCSDRRCRWRCG,0,0.9786794185638428
amp_predictor,test,IKRFWPVVIRTVVAGYNLYRAIKKK,1,0.9858883023262024
amp_predictor,test,QVTFSRDWSP,0,0.11433441191911697
amp_predictor,test,KKWRKLLKKLKKLL,1,0.9947964549064636
amp_predictor,test,GLTRLRRILFRLLLWRTK,1,0.9791483879089355
amp_predictor,test,QDKPFWPPPIYIM,1,0.4068094491958618
amp_predictor,test,GIPCGESCVFIPCLTTVAGCSCKNKVCYRN,1,0.9591652750968933
amp_predictor,test,LKWLLKLLKLK,1,0.9981358051300049
amp_predictor,test,NEEEKVKWEPDVP,1,0.17946211993694305
amp_predictor,test,FFPLIAGLAANFLPQILCKIARKC,1,0.9551427364349365
amp_predictor,test,QNWPHPPMPPAP,0,0.03010825254023075
amp_predictor,test,GRCCEGPNGCSSRWCKDHARCC,0,0.037110090255737305
amp_predictor,test,EDFDSQCVPTADPGPCKAYIPMWWYNVLS,0,0.1295825093984604
amp_predictor,test,FLGMIPKLIKKLIKAFK,1,0.9971672892570496
amp_predictor,test,MKIKFVFDLLTPDDILHPSNHVNLIIRPI,0,0.450808584690094
amp_predictor,test,KKLAKALKLPALLWLKLAKALKKA,1,0.9977856874465942
amp_predictor,test,GMASKAGSIVGKIAKIALGAL,1,0.9781063795089722
amp_predictor,test,RGSNLTIHPLRNIRD,0,0.42930203676223755
amp_predictor,test,TTGVGAIAAVVVVVAGLVTG,0,0.12292663753032684
amp_predictor,test,IALQSPAGAARIRDYLYNELSK,0,0.12816950678825378
amp_predictor,test,RVCYAIPLPICY,1,0.5160329341888428
amp_predictor,test,RWLRKWTRKRLK,1,0.9944849610328674
amp_predictor,test,VKKVAIIGAGVSGLASIRS,0,0.8978202939033508
amp_predictor,test,WDVNDCIHFCLIGVVGRSYTECHTMCT,0,0.1351928561925888
amp_predictor,test,RCLCRRGVC,1,0.9586752653121948
amp_predictor,test,LLKKALRLWKKVL,1,0.9989787340164185
amp_predictor,test,MSILPLVHAMANVRGDIEYLTEA,0,0.06720232218503952
amp_predictor,test,AKTGILDSDGPTVAGNSLSGT,0,0.1087687611579895
amp_predictor,test,FLPAIVGAAGQFLPKIFCAISKKC,1,0.9850757718086243
amp_predictor,test,TQAGSQNPNDLSPGP,0,0.06006864830851555
amp_predictor,test,GPSAFLRL,0,0.11947719752788544
amp_predictor,test,TGTRARYQRQLSRAVKRARYLSLLPYTDH,0,0.4801064431667328
amp_predictor,test,KWCFRVCARGICYRRCR,1,0.9985291957855225
amp_predictor,test,FKRIVQRIKDQLR,1,0.839089035987854
amp_predictor,test,FLFRVASKVFPALIGKFKKK,1,0.9975148439407349
amp_predictor,test,GAQFSSWG,0,0.05457262694835663
amp_predictor,test,IVGGQEATPHTWVHQVALFI,0,0.13851511478424072
amp_predictor,test,QKKDKKDRFY,0,0.35335981845855713
amp_predictor,test,HVINLEESFQEPEYENHLA,1,0.34602290391921997
amp_predictor,test,WKVFKSFIKKASSFAQSVLD,1,0.9464219212532043
amp_predictor,test,DDNGKPYVLPSVRTCGFDFTGAVEDISK,0,0.0958290845155716
amp_predictor,test,CCDDSECSTSCWPCCY,0,0.02497907727956772
amp_predictor,test,IITGASSGIGKAIAKHFI,1,0.9937942028045654
amp_predictor,test,KRWWKWWRRC,1,0.9998210072517395
amp_predictor,test,QDVVHSFLRF,0,0.21287429332733154
amp_predictor,test,MIASHLAFEKLSKLGSKHTML,1,0.6282806396484375
amp_predictor,test,QPSKDAFIGLM,0,0.12410813570022583
amp_predictor,test,CSTNTFSLSDYWGNKGNWCTATHECMSWCK,1,0.35079339146614075
amp_predictor,test,GWASSIGSILGKFAKGGAQAFLQPK,1,0.9275106191635132
amp_predictor,test,LKWLKKWLK,1,0.999619722366333
amp_predictor,test,AKTFKYIILG,0,0.9807016253471375
amp_predictor,test,NGNLLGGLLRPVLGVVKGLTGGLGKK,1,0.9690607786178589
amp_predictor,test,FLSLIPHAINAVSAIAKHN,1,0.9846838116645813
amp_predictor,test,GFKDWIKSAAKKLIKTVASNIANQ,1,0.976102352142334
amp_predictor,test,NPLFGIAGEDGPTGPSGIVGQ,0,0.12865754961967468
amp_predictor,test,MTLSLINRSTACIQAVEQKYCRVPLPENNR,0,0.19606903195381165
amp_predictor,test,PAPDSSFIRDP,0,0.14909173548221588
amp_predictor,test,KCFQWQANMRKRRGPPVSCIKR,1,0.7776715755462646
amp_predictor,test,KCCMRPICMCPCC,0,0.07748092710971832
amp_predictor,test,LTNKTARFLVNGTSIPEVDFDVGE,0,0.06860842555761337
amp_predictor,test,GRRKRKWLRRIGKGVKIIGGAALDHL,1,0.9876618385314941
amp_predictor,test,FLKALWNVAKSVF,1,0.9980214834213257
amp_predictor,test,GFCRCVCTRGFCRCVCTR,1,0.9877715110778809
amp_predictor,test,MFAGLPSLSHEQQQKAVERI,0,0.19239245355129242
amp_predictor,test,MIIYRALISHKK,1,0.7799444198608398
amp_predictor,test,KLLKKAGKLLKKAGKLLKKAG,1,0.9967750906944275
amp_predictor,test,GILSGILGAGKSLVCGLSGLC,1,0.9730722904205322
amp_predictor,test,HKINSFVGLM,0,0.7800468802452087
amp_predictor,test,ILGPVLGLVGNALGGLIKNE,1,0.9369127750396729
amp_predictor,test,HEPCGESCVFIPCITTVVGCSCKNKVCYD,1,0.6865536570549011
amp_predictor,test,FLPVLTGLTPSIVPKLVCLLTKKC,1,0.937633752822876
amp_predictor,test,MRVNKESLQMNTYISLHGWWRTSLLRAV,0,0.07259587943553925
amp_predictor,test,RQIKAWFQNRRMKWKK,1,0.9426952004432678
amp_predictor,test,FLPLFLPKIICEITKKC,1,0.9672105312347412
amp_predictor,test,LSVKAFTGIQLRGVCGIEVKARG,1,0.6412981152534485
amp_predictor,test,SDIGISEPNFLRF,0,0.19957008957862854
amp_predictor,test,KALKKLLKLASSLLTAL,1,0.9935926795005798
amp_predictor,test,RFIYMKGFGKPRFGKR,1,0.8532951474189758
amp_predictor,test,GLPGKKNVLKKSRESSGKPGGTNKKPF,1,0.635653555393219
amp_predictor,test,GLPVCGETCFTGSCYTPGCSCNWPVCNRN,1,0.8820183277130127
amp_predictor,test,KWCFRVAYRGIAYRRCR,1,0.996225118637085
amp_predictor,test,TDTKESDFLAEGGGVR,0,0.07910379022359848
amp_predictor,test,GINTLKKVIQGLHEVIKLVSNHE,1,0.5895864367485046
amp_predictor,test,GYGDRNFLRF,0,0.1131235733628273
amp_predictor,test,VVYALKRNGRTLYGF,1,0.18790948390960693
amp_predictor,test,MSGCGCASTGTCHCGKDCTCAGCPHK,0,0.14060825109481812
amp_predictor,test,GLLPKVKLVPEQISFILSTRENR,0,0.14341504871845245
amp_predictor,test,ANNPGARKAIRKIEARTEVN,0,0.2061215490102768
amp_predictor,test,PFCNAFTGC,0,0.9109802842140198
amp_predictor,test,ILCINVAGRRIC,0,0.9616458415985107
amp_predictor,test,PAPETNYLRDP,0,0.14247840642929077
amp_predictor,test,MIIYADLIS,1,0.25991129875183105
amp_predictor,test,GIPCGESCVWIPCISGAIGCSCKSKVCYRN,1,0.9109942317008972
amp_predictor,test,FIGPVLKMATSILPTAICKGFKKC,1,0.9731318950653076
amp_predictor,test,GPSGPQGAR,1,0.8880485892295837
amp_predictor,test,IWLTALKFLGKHAAKHLAKQQLSKL,1,0.9940609335899353
amp_predictor,test,GEEERKAMAELEAKKAQEALKA,0,0.2581997811794281
amp_predictor,test,DDLYKLVNQGFGAVCSFIDGFNGKKYRGKC,1,0.3053555488586426
amp_predictor,test,FGETSGETKGMWFGPRL,0,0.04786241054534912
amp_predictor,test,GGHGHQHQQQHQGHGQ,0,0.06128044053912163
amp_predictor,test,LPYPVNCKTECECVMCGLGIICKQCYYQQ,0,0.09184668958187103
amp_predictor,test,DVNGGGHTLPQPLYQTTVVL,0,0.03623809665441513
amp_predictor,test,VRLRVKTRVRLK,1,0.9303374290466309
amp_predictor,test,FLSALLGMLKNL,0,0.8074511885643005
amp_predictor,test,RWCVYAYVRIRGVLVRYRRCW,1,0.9978030323982239
amp_predictor,test,SDSVVSDIICTTFCSVTWCQSNCC,1,0.9343682527542114
amp_predictor,test,AGGADNFMRF,0,0.051382020115852356
amp_predictor,test,GLARIVVIRVAR,1,0.8664587140083313
amp_predictor,test,VRLRIRVAVIRA,1,0.930945873260498
amp_predictor,test,VGTRVVRIEDQQLITQGGTYVEDL,0,0.06064210087060928
amp_predictor,test,CKGTGKPCSRIAYNCCTGSCRSGKCG,0,0.5288349986076355
amp_predictor,test,MEPDPTPLPRRRLKLFR,0,0.3768819272518158
amp_predictor,test,KLGALWNVAKSKF,1,0.9989114999771118
amp_predictor,test,APRRQLKW,1,0.9561127424240112
amp_predictor,test,LRAAHRLAIGRR,1,0.8611780405044556
amp_predictor,test,QKKDKKDRFPNGLV,0,0.33022892475128174
amp_predictor,test,SDYLQLAR,0,0.1442437469959259
amp_predictor,test,SGTSEKERESERLLGVVNPLIKCFRSPCP,1,0.32451847195625305
amp_predictor,test,GCSRWIIGIHGQICRD,1,0.9705911874771118
amp_predictor,test,PPPPPGPPPNP,0,0.12342406064271927
amp_predictor,test,KWKSFLKTFKSALKTVLHTALKAISS,1,0.9888367652893066
amp_predictor,test,LNLKALLAVAK,1,0.9965389966964722
amp_predictor,test,TQVTVEYVNEGGAMV,0,0.04617023840546608
amp_predictor,test,SPCTCSTCNCAGACNSCSCTSCSH,0,0.4182535707950592
amp_predictor,test,FLSLIPHAINAVSAIAKHS,1,0.9820389151573181
amp_predictor,test,SGSNLTTV,0,0.19828729331493378
amp_predictor,test,GYPICGESCVGGTCNTPGCSCSWPVCTTN,1,0.9085522294044495
amp_predictor,test,FMGGLIKAATKALPAAFCAITKKC,1,0.9879036545753479
amp_predictor,test,KQFRIRVRVIRK,1,0.9824422597885132
amp_predictor,test,MNFKYIKKDG,0,0.24878156185150146
amp_predictor,test,MTRVQFKHHHHHHHPD,0,0.42130178213119507
amp_predictor,test,CPRRRVCIRCSQHH,0,0.8194040656089783
amp_predictor,test,FKRIVQRIKDFAR,1,0.9070361852645874
amp_predictor,test,GVCRCVCRRGVCRCFCRR,1,0.9794298410415649
amp_predictor,test,LGTGLGVDQN,0,0.14084632694721222
amp_predictor,test,FLKALWNVAKKVF,1,0.9996271133422852
amp_predictor,test,MPEPAKSAPKKGSTRTAAKGGKKRRKSRK,0,0.5803898572921753
amp_predictor,test,ANIVFDVESATTGTYSTFLTSF,1,0.13898050785064697
amp_predictor,test,ATCSASQLSPCLGAI,0,0.5981422662734985
amp_predictor,test,GIGKFLHSAKKWGKAFVGEIMNS,1,0.9679309129714966
amp_predictor,test,GIKIAKKAITIAKKIAKIYW,1,0.998975396156311
amp_predictor,test,GIFGKILGVGKKVLCGLSGMC,1,0.9882882833480835
amp_predictor,test,GSSGLISFPRT,0,0.1011248305439949
amp_predictor,test,GKGSWSKKIEVIA,1,0.9698728919029236
amp_predictor,test,GLLSGILGAGKKIVCGLSGLC,1,0.9904040098190308
amp_predictor,test,QKKDKKDKF,0,0.36850738525390625
amp_predictor,test,GLFGKLIKKFARKAISYAVKKARGKH,1,0.9803905487060547
amp_predictor,test,ITFSKIYRSCKSDSDCGNQKCARGRCV,0,0.4943152070045471
amp_predictor,test,NGRCCHPACARKYNC,0,0.06247181072831154
amp_predictor,test,GLLDTIKNTAKNLAVGLLDKIKCKMTGC,1,0.9671167135238647
amp_predictor,test,ITSFIGCTPGCGKTGSFNSFCC,1,0.9734020829200745
amp_predictor,test,RIVELTLPRVSVRL,1,0.5407412648200989
amp_predictor,test,FLPMIAKLLGGLL,0,0.8458084464073181
amp_predictor,test,ALYKKFKKKLLKSLKRLG,1,0.9761493802070618
amp_predictor,test,GNAACVIGCIGSCVISEGIGSLVGTAFTLG,1,0.6777320504188538
amp_predictor,test,CKPASIKIRLNSTADTGFYV,0,0.28015512228012085
amp_predictor,test,GLGSVLGKILKMGANLLGGAPKGA,1,0.97578364610672
amp_predictor,test,MENGKVHVASMSGLSMPHMNEMLEK,0,0.12357843667268753
amp_predictor,test,ECCTHAHCSQGCRPCC,0,0.021739905700087547
amp_predictor,test,IWSGIQSAF,0,0.29549166560173035
amp_predictor,test,MKLRKILKSMFNNYCKTFKDVPPGNMFR,0,0.16304074227809906
amp_predictor,test,ILGPVIKTIGGVIGGLLKNL,1,0.9884737133979797
amp_predictor,test,IWRIFRRIFRIF,1,0.9993213415145874
amp_predictor,test,DVTFSLLGANTKSYAAFITNFRKDVASEKK,1,0.22611592710018158
amp_predictor,test,FLFSLIPHAIGGLISAFK,1,0.99400395154953
amp_predictor,test,SCSSGCSDCNSDSCQCTLNQFTNSDSCCC,0,0.13042259216308594
amp_predictor,test,MAYRGFKTSRVVKHRVRRRWFNHRRRYR,0,0.9387379288673401
amp_predictor,test,MTLDVFTKVVSQADSRG,0,0.08151770383119583
amp_predictor,test,RWRCKNQN,1,0.9176079034805298
amp_predictor,test,FFHHIFRGIVHVGRTIHKLVTGG,1,0.9975730776786804
amp_predictor,test,SLGGKPDLRPCYPPCHYIPRPKPR,0,0.6837676167488098
amp_predictor,test,GLFDKLKSLVSDF,1,0.8011142015457153
amp_predictor,test,HCLAIGRR,1,0.9889244437217712
amp_predictor,test,ISLEICAIFHDN,1,0.2998694181442261
amp_predictor,test,MALNLQDKQAIVAEVSEVAK,0,0.12246064096689224
amp_predictor,test,GLPVCGETCFGGRCNTPGCTCSYPICTRN,1,0.863550066947937
amp_predictor,test,ASHLGHHALDHLLK,1,0.9046980142593384
amp_predictor,test,KPRPHQFFGLM,0,0.3831806778907776
amp_predictor,test,RKRHPDCDKAADTRI,0,0.27226510643959045
amp_predictor,test,FFPFLLGALGSLLPKIF,1,0.9558709859848022
amp_predictor,test,FFSLIPSLIGGLVFAIK,1,0.9862484335899353
amp_predictor,test,GFLDVLKGVGKAALGAVTHLINQ,1,0.9428654313087463
amp_predictor,test,KKLKAFLKAWAKLFKAL,1,0.9989792108535767
amp_predictor,test,GLMGTLISKQMKK,1,0.7495412826538086
amp_predictor,test,LKLKSILGKLGVILSHLNK,1,0.9987241625785828
amp_predictor,test,ILGKILEGIKSLF,1,0.9864557981491089
amp_predictor,test,RELLMGIFEKNGTGKTAAFVIPLLQK,0,0.265892893075943
amp_predictor,test,EDTGTFEEGHGGVR,0,0.047661274671554565
amp_predictor,test,FNRGGYNFGKSVRHVVDAIGSVAGILKSIR,1,0.3342899680137634
amp_predictor,test,MQFITDLIKKAVDFFKGLFGNK,1,0.7882240414619446
amp_predictor,test,CYINNCPLG,0,0.08642897009849548
amp_predictor,test,GDTRRQIL,0,0.6392233371734619
amp_predictor,test,PAPESSFIRDP,0,0.1462109237909317
amp_predictor,test,RGDKGEAGEAGERG,1,0.769231915473938
amp_predictor,test,VVIRTVVAGYNLYRAIKKK,1,0.8098940253257751
amp_predictor,test,QCCPTMPECCRI,0,0.1153312548995018
amp_predictor,test,ARAVGIDLGTTNAVVAVLEG,0,0.03215964138507843
amp_predictor,test,FQSGVLSPTISPNYSHDMNSM,0,0.11947182565927505
amp_predictor,test,QGWAWPRPQIPP,0,0.019494887441396713
amp_predictor,test,ADYLQLARA,0,0.13273482024669647
amp_predictor,test,SAPSQDFMRF,0,0.12043898552656174
amp_predictor,test,GLWNSIKIAGKNLFVNVLDKIRCKVAGGC,1,0.9953104853630066
amp_predictor,test,GSPGERGESGPPGPAG,1,0.9206869602203369
amp_predictor,test,KKKKAAFLKLWLKLFAA,1,0.9989792108535767
amp_predictor,test,VSGVADER,0,0.03548049554228783
amp_predictor,test,FLGALWNVAKSLF,1,0.9768633842468262
amp_predictor,test,MLRYLSLFAVGLATGYAWGWIDGLAASLTV,0,0.043983157724142075
amp_predictor,test,AWKLFDDGV,1,0.16924847662448883
amp_predictor,test,ALLDKLKSLGKVVGKVAIGVAQHYLNPQQ,1,0.8457382321357727
amp_predictor,test,INWLKLGKKVSAIL,0,0.9994210004806519
amp_predictor,test,MGEVFAGGFALLVVLFILLIIIGASWLY,0,0.25356006622314453
amp_predictor,test,AQPPQADFL,0,0.03179594501852989
amp_predictor,test,NDPCEEVCLQHTGNVKACEEACQ,0,0.07537563890218735
amp_predictor,test,APPPGYAMESDSFS,1,0.0905173048377037
amp_predictor,test,GSGKKGGKKICQKY,1,0.7986201047897339
amp_predictor,test,KKWRWWLKALAKK,1,0.9991458654403687
amp_predictor,test,GPETAFFRL,0,0.06534404307603836
amp_predictor,test,KCDVDIRK,0,0.196820467710495
amp_predictor,test,CLGIGSCDDFAGCGYAIVCFW,1,0.29303014278411865
amp_predictor,test,SGYLPGKEYVYKYKGKVF,1,0.2456727772951126
amp_predictor,test,AGPRFIRF,0,0.6406610608100891
amp_predictor,test,ECCHPACGKHFSC,0,0.02714698389172554
amp_predictor,test,RRLFRRILRWL,1,0.9977872371673584
amp_predictor,test,FFGDFGNISSAAAITGNPK,0,0.1819048821926117
amp_predictor,test,QEKPYWPPPIYPM,1,0.18873561918735504
amp_predictor,test,GLFGKLIKKFGRKAISYAVKKARGKN,1,0.9737725853919983
amp_predictor,test,YDLSDSNCLPANRDKRYYVI,1,0.1644285023212433
amp_predictor,test,KIFGAIWPLALGALKNLIK,1,0.9988853335380554
amp_predictor,test,INWKKIFQKVKNLV,1,0.9963177442550659
amp_predictor,test,KIMAKPSKFYEQLRGR,1,0.38558539748191833
amp_predictor,test,SGHTKIKVAVDT,0,0.31104907393455505
amp_predictor,test,GSSSGLISMPRV,0,0.07802633941173553
amp_predictor,test,LPSDATLVLDQTGKELDARL,1,0.08234886080026627
amp_predictor,test,FLKGVINLASKIPSMLCAVLKTC,1,0.9726696014404297
amp_predictor,test,FFVPPAFFPP,0,0.7395768761634827
amp_predictor,test,KVPVAAAAAAAAAVVASSMVVAAAK,1,0.7114190459251404
amp_predictor,test,FLSLIPHIVSGVASIAKHFG,1,0.996132493019104
amp_predictor,test,KWCFRVCYRGICYRRCA,1,0.9976159334182739
amp_predictor,test,GLLSGVLGVGKKVLCGLSGLC,1,0.9849739074707031
amp_predictor,test,SCNCVCGFCCSCSP,1,0.10803596675395966
amp_predictor,test,WRIRWKTRWRIK,1,0.9997671246528625
amp_predictor,test,GSNDFMRF,0,0.06202668696641922
amp_predictor,test,IDWLKLGKMVIDAL,1,0.49892809987068176
amp_predictor,test,FKRGVQRIKDFLR,1,0.919487714767456
amp_predictor,test,KTCENLADTYKGPCFTTGSCD,1,0.22652627527713776
amp_predictor,test,LAHQKPFIRKSYKCLHKRCR,1,0.8272050619125366
amp_predictor,test,VTQPLAPVHNPISV,1,0.3090454041957855
amp_predictor,test,HDVYGGDYRITGDDGHS,0,0.03399724140763283
amp_predictor,test,FFGTALKIAANVLPTAICKILKKC,1,0.9977911710739136
amp_predictor,test,GWKKWFNRAKKVGKTVGGLAVDHYL,1,0.9830389022827148
amp_predictor,test,FKRIVQRIKDHLR,1,0.9492725729942322
amp_predictor,test,DSIRDVSPTFNKIRRWFDGLFK,1,0.33747491240501404
amp_predictor,test,KPTADFDYIVVGAGNAGNVVAYRTVQAL,0,0.04192515090107918
amp_predictor,test,LNLKALLAVAKK,1,0.9983774423599243
amp_predictor,test,FDIIKKVASVVG,1,0.9754854440689087
amp_predictor,test,EGSGSGETSGMWFGPRL,0,0.030431251972913742
amp_predictor,test,MLDIISLGWGSLLAIFSFSIALVVWGRNGF,0,0.3097248077392578
amp_predictor,test,ADETCTDLTILTTQYIAGDFD,0,0.10256919264793396
amp_predictor,test,HNSSKQWSHWLWHNGIRI,1,0.9007197022438049
amp_predictor,test,TRDTNDLISSRTAAPSMV,1,0.11779158562421799
amp_predictor,test,ISGKPARTPT,0,0.2537877857685089
amp_predictor,test,VSCADILTMATRQFDNVYYKNLQQGK,0,0.13792651891708374
amp_predictor,test,NILSSIVNGINRALSFFG,1,0.5825465321540833
amp_predictor,test,ADNPGDDGN,0,0.04726170003414154
amp_predictor,test,EIQNAGLYAILR,0,0.10529251396656036
amp_predictor,test,SQPSMRLRF,0,0.16272763907909393
amp_predictor,test,AKKVFKRLEKSFSKIQNDK,1,0.4827265739440918
amp_predictor,test,EFLKDYIDRKSRVAVHNRIKDLKTLGFKIE,0,0.32215455174446106
amp_predictor,test,ADDRNPLEECFRETDYEEFLEIAKNGLSTT,1,0.2904042601585388
amp_predictor,test,RICRIVVIRCIR,1,0.9962791800498962
amp_predictor,test,GLVSSIGKVLGGLLADVVKSKGQPA,1,0.857072114944458
amp_predictor,test,TIFLQQQQQQQQQQQ,0,0.22779591381549835
amp_predictor,test,GIGKFLHSAKKFGKAFVGEIMNS,1,0.9571906328201294
amp_predictor,test,CKGKGQSCSKLMYDCCTGSCSRRGKC,0,0.21700222790241241
amp_predictor,test,RQIKIWFANRRMKWKK,1,0.9807253479957581
amp_predictor,test,GFDVIDTIK,0,0.22002966701984406
amp_predictor,test,VVGGDCIPQVPFLAFLYSEYFC,0,0.09455139935016632
amp_predictor,test,FIKRIARLLRKIF,1,0.998518168926239
amp_predictor,test,SHGSHETDEEF,0,0.23922820389270782
amp_predictor,test,LKCYSSRTETMTCPEGKDKCEKYAV,0,0.33157554268836975
amp_predictor,test,RLCRIVVIRVCR,1,0.996215283870697
amp_predictor,test,FFHLHFHY,1,0.9163193702697754
amp_predictor,test,GRGASSNYVRL,0,0.1675848662853241
amp_predictor,test,WKRWVQRWKRWLR,1,0.9997679591178894
amp_predictor,test,FLPAVLRVAAKIVPTVFCAISKKC,1,0.9835307002067566
amp_predictor,test,EELRPEVLPDVSE,0,0.14693115651607513
amp_predictor,test,RWQWRWQWR,1,0.9938291907310486
amp_predictor,test,FLSLIPHIVSGVASLAKHF,1,0.9954534769058228
amp_predictor,test,GRFKRFRKKFKKLFKKLS,1,0.9614241123199463
amp_predictor,test,SEEEKRQPWLPFG,1,0.2578010559082031
amp_predictor,test,GLPVCGETCFGGTCNTPGCSCTWPICTRD,1,0.9112003445625305
amp_predictor,test,RQIKIWFQNRR,1,0.981109082698822
amp_predictor,test,WNETSDKDLYTDSR,0,0.23276883363723755
amp_predictor,test,GVVDILKGAAKDIAGHLASKVM,1,0.8524216413497925
amp_predictor,test,FLPKMSTKLRVPYRRGTKDYH,1,0.3842475712299347
amp_predictor,test,KIPCGESCVWIPCVTSIFNCKCENKVCYHD,1,0.5346153378486633
amp_predictor,test,LLPIVGNLLNSLL,1,0.8715056777000427
amp_predictor,test,FLGALAKIISGIF,1,0.9914801120758057
amp_predictor,test,MLFKKISKFVGWLSGSSVGSITSKTHE,0,0.6833208203315735
amp_predictor,test,SGCCSNPACRVNNPNIC,0,0.10339708626270294
amp_predictor,test,FLPMLAGLAASMVPKFVCLITKKC,1,0.824670672416687
amp_predictor,test,ASGPAGPRGPA,1,0.9355216026306152
amp_predictor,test,GLLSGILGAGKHIICGLSGLC,1,0.9873160123825073
amp_predictor,test,CVKVSVKVGSGVKVSVKVC,1,0.9915732741355896
amp_predictor,test,FLPIIASVAANVFSKIFCAISKKC,1,0.9979634284973145
amp_predictor,test,RPPGFTPF,1,0.5805969834327698
amp_predictor,test,IAIFNAYTPLPFAD,0,0.17100933194160461
amp_predictor,test,FIITGLVRGLTKLF,1,0.8906037211418152
amp_predictor,test,KDDYPVDTAK,0,0.16818289458751678
amp_predictor,test,MKKTTIIMMGVAIIVVLGTELGWW,0,0.07374226301908493
amp_predictor,test,EVCEKASKTWSGNCGNTGHC,1,0.5930972695350647
amp_predictor,test,RGSNLTSLPLQNVIDLFYVGNITIG,0,0.0588536411523819
amp_predictor,test,MAPRGFSCLLLLTSEIDLPVKRRA,0,0.09026738256216049
amp_predictor,test,SPGALEDEHNDNFLRF,0,0.22621354460716248
amp_predictor,test,MDILSISWAFLMVVFTFSLSLVVWGRSGL,0,0.07550272345542908
amp_predictor,test,MESIEQRVKKIVAEQLGVAEAEIKA,0,0.16863954067230225
amp_predictor,test,IHKFWRPGRWFKHI,1,0.9998998641967773
amp_predictor,test,ILGAILPLVSGLLSSKL,1,0.9581947326660156
amp_predictor,test,LKDAQSRITK,0,0.40136247873306274
amp_predictor,test,ALIFATLSAAYIGEALE,0,0.12867166101932526
amp_predictor,test,FLPLIAGLLGKLF,1,0.9818242192268372
amp_predictor,test,SLWSSIKDMAAAAGRAALNAVNGIVNP,1,0.20967301726341248
amp_predictor,test,IKIMDILAKLGKVLAHV,1,0.9372653961181641
amp_predictor,test,KWLRRVWRWWR,1,0.9999147653579712
amp_predictor,test,GSSGLISMPRV,0,0.05669403821229935
amp_predictor,test,MAQDIISTIGDLVKWIIDTVNKFTKK,0,0.22178591787815094
amp_predictor,test,GKPICGETCFKGKCYTPGCTCSYPICKKD,1,0.7308281064033508
amp_predictor,test,LVPFRPRL,0,0.7750363945960999
amp_predictor,test,DKGRRRSKFVLHRRQCAN,1,0.803598940372467
amp_predictor,test,QSERFEQQMQGQDFSHDERFLSQAA,1,0.2639358341693878
amp_predictor,test,TTWPCATVGVSVALCPTTKCTSQC,1,0.9821208119392395
amp_predictor,test,LQTALYALMEEIHIAALEKTWTALRHQYT,1,0.1668504923582077
amp_predictor,test,LRLKPYGALVDKVKSFTKRF,1,0.6688968539237976
amp_predictor,test,MYAFSYSTPRTLDEVSAAS,0,0.13233554363250732
amp_predictor,test,IDWLKLGKMVMDVL,1,0.18779370188713074
amp_predictor,test,MIPAQFTYRRVSSVDEALAAVAEHGD,0,0.06901147961616516
amp_predictor,test,IAAHRGPVLRGWYP,0,0.4100099205970764
amp_predictor,test,ARQLNPSDQELQSPQQLYPQQPYPQQPY,0,0.03155117109417915
amp_predictor,test,FLSGLIGGLAKMLGK,1,0.9723098278045654
amp_predictor,test,GGCCSYPPCAVSNPQHC,0,0.015620470978319645
amp_predictor,test,GFIGWGNNIFGHYSGDF,1,0.18480990827083588
amp_predictor,test,QRPRLSHKGPMPF,1,0.3481827974319458
amp_predictor,test,GLFGKSSVWGRKYYVDLAGCAKA,1,0.7196541428565979
amp_predictor,test,RIKRFWPVVIRTVVAGYNLYRAIKK,1,0.9780480861663818
amp_predictor,test,HSDAIFTDNYSRFRKQMAVKKYLNSVLT,0,0.18960851430892944
amp_predictor,test,DCCWPGRPDCCAP,0,0.00779325794428587
amp_predictor,test,GCCSRPPCIANNPDIC,0,0.030355405062437057
amp_predictor,test,MRFLFFLPPSFITSFLYLALYSFPVPYCII,0,0.31941404938697815
amp_predictor,test,ANNAGARKAIRKIEARTEVN,0,0.21756309270858765
amp_predictor,test,SATAAREEYQRKRSQFIEIG,0,0.385850727558136
amp_predictor,test,GSGKKGGKKHCQKY,1,0.6839657425880432
amp_predictor,test,GLFDIIKNIFSGL,1,0.9673837423324585
amp_predictor,test,APSLRLRF,0,0.2531187832355499
amp_predictor,test,NIWKKIFEKVKNLV,1,0.9900928139686584
amp_predictor,test,QLNYSPDW,0,0.025904465466737747
amp_predictor,test,PRPRCRRRFCRPRP,1,0.9501874446868896
amp_predictor,test,KPCCSIHDNSCCGI,0,0.061632707715034485
amp_predictor,test,VDACYEACMHHHMNSDDCIEACKNPVPP,0,0.04814056307077408
amp_predictor,test,YDASLKPNLQIPQKNIPNNDAVNIK,0,0.16119855642318726
amp_predictor,test,GNAPAADMVLKAPGDAKMTKTAVP,0,0.16356724500656128
amp_predictor,test,CKCPSCNFNDVTENCKCCIFRQP,0,0.1622537225484848
amp_predictor,test,GVKELFGKAWGLVKKHLPKACGLLGYVKQ,1,0.9894912242889404
amp_predictor,test,GIGGALLSVGKLALKGLANVLADKFAN,1,0.9857609868049622
amp_predictor,test,PRLNDARNLIRRFERD,0,0.440991073846817
amp_predictor,test,GPLNAQHQS,0,0.037963297218084335
amp_predictor,test,QVIAITGSASGIGAA,0,0.39493975043296814
amp_predictor,test,MTPLWRILASKPQGAYCHDHIECSTGLCR,1,0.36370447278022766
amp_predictor,test,MAWKAPKIVEVPCGMEINMYVSATRK,0,0.17111895978450775
amp_predictor,test,GSRGWGFEPGVRCLIWCD,1,0.43652743101119995
amp_predictor,test,CKIALPYHMRCRVLGRC,1,0.7525633573532104
amp_predictor,test,GEEEYQKMLENLREAEVKKNA,0,0.3588193655014038
amp_predictor,test,AAKIKKGDNVVVLTG,0,0.9579312801361084
amp_predictor,test,VPASGFFGMR,0,0.03298984840512276
amp_predictor,test,GAYGQGQNIGQLFVNILIFLFY,0,0.19667623937129974
amp_predictor,test,MWPFPSDK,0,0.2634847164154053
amp_predictor,test,GFGMLFKFL,0,0.7779850959777832
amp_predictor,test,FNPCPYSDDTVKMIILTRENKKHDF,0,0.2083250880241394
amp_predictor,test,AEKLEPVLPLIV,0,0.1453883945941925
amp_predictor,test,KLGEFAVTRTFKGH,0,0.3371577262878418
amp_predictor,test,RVSNLTIHPLRNIIDLRYVG,0,0.44865554571151733
amp_predictor,test,TETQSFNFNVFEPEN,0,0.19707685708999634
amp_predictor,test,IPPFIKKVLTTVF,1,0.9871585965156555
amp_predictor,test,ETELAKKALKALKLKKLA,1,0.9517185091972351
amp_predictor,test,SLGGKPDLRPCHPPCHYIPRPKPR,0,0.5894878506660461
amp_predictor,test,SLRSSIKDMAAAAGRAALNAVNGIVNP,1,0.1265348643064499
amp_predictor,test,KQCTSNMCSADCSPGCCIIDKLEWCTCDC,0,0.11333579570055008
amp_predictor,test,MTDTQVFVALLLALVPAVLAYRLGTELYR,0,0.0401352196931839
amp_predictor,test,RCICTRGFCRCICTRGFC,1,0.9932912588119507
amp_predictor,test,RKKARQRRR,1,0.8627997040748596
amp_predictor,test,KWCFRVCYRGGCYRRCR,1,0.997093915939331
amp_predictor,test,DCIPGGENCDVFRPYRCCSGYCILLLCA,0,0.09622866660356522
amp_predictor,test,LKCNKLVPLF,0,0.9899229407310486
amp_predictor,test,GVIAAAKKVVNVLKNLF,1,0.9987339377403259
amp_predictor,test,MDAQTRRRERRAEKQAQWKAANGC,1,0.5491831302642822
amp_predictor,test,GLFDIIKKVASVVGLASP,1,0.9330009818077087
amp_predictor,test,MSGRGKGGKGLGKGGAKRHRKVLRD,0,0.8497264385223389
amp_predictor,test,GIGSMLLGLAKNVGMSLLNKAQCKISGKC,1,0.9742394685745239
amp_predictor,test,TRRRVRRTSRLVAKRALLLCILLYCT,1,0.8523377180099487
amp_predictor,test,MPGLDSPAAVRRAAMDLLAR,0,0.04287974163889885
amp_predictor,test,ERKKRRRE,1,0.7837268710136414
amp_predictor,test,MFSKLAQSSIKAMF,0,0.37911516427993774
amp_predictor,test,GVTGFGFDLVRYLFAGVVDGR,0,0.025719866156578064
amp_predictor,test,KKKAAFLKLWAKLFKAL,1,0.9989792108535767
amp_predictor,test,AEAAAAPAPAAAPA,0,0.4338594377040863
amp_predictor,test,FIHHIIGGLFSVGKHIHGLIHGH,1,0.9997878670692444
amp_predictor,test,SGSGVRSAKKGGKAQGGQAGVGYKGSTEPG,0,0.8937066197395325
amp_predictor,test,SIGAKILGGVKTFFKGALKELAFTYLQ,1,0.9333125948905945
amp_predictor,test,CIKPHQGQHICNDE,1,0.03131980821490288
amp_predictor,test,KWCARVCARGACYRRCR,1,0.9766212105751038
amp_predictor,test,DTNFPICLFCCKCCKNSSCGLCCIT,1,0.8428866863250732
amp_predictor,test,MRDKWRKKRVRRLKRKRRKMRARSK,0,0.7706026434898376
amp_predictor,test,AMRNALVRF,0,0.10084717720746994
amp_predictor,test,LGAEISSLTLEEAR,0,0.1401023417711258
amp_predictor,test,GIGGALLSAGKSALKGLAKGLAEHL,1,0.9856439828872681
amp_predictor,test,MPRKGPAPK,0,0.6631395816802979
amp_predictor,test,AGESSNEAKGMWFGPRL,0,0.11037103086709976
amp_predictor,test,ILKKLLKGVKSI,1,0.9991913437843323
amp_predictor,test,GLWQKIKSAAGDLASGIVEGIKS,1,0.8792600035667419
amp_predictor,test,GIADILKYGKPS,1,0.742946982383728
amp_predictor,test,GFFDRIKALTKNVTLELLNTITCKLPVTPP,1,0.16502898931503296
amp_predictor,test,LDTYSPELFCTIRNFYDADRPDRGAAA,1,0.11923256516456604
amp_predictor,test,SGGKKIKVDKPLGLGGGLTVDIDA,0,0.8247042298316956
amp_predictor,test,GPSSGFFGTR,0,0.04970548674464226
amp_predictor,test,MHIVVCIKQVPDSAQIRV,0,0.1709693968296051
amp_predictor,test,SLLSLIRKLIT,1,0.7800340056419373
amp_predictor,test,FASLLGKLAKKLAKKALK,1,0.9981573224067688
amp_predictor,test,MFKPGYSEAKKPKITDEFSYKQT,0,0.3369697332382202
amp_predictor,test,GFKEVLKADLGSLVKGIAAHVAN,1,0.9491583108901978
amp_predictor,test,FIFDLLKKLV,1,0.9857997894287109
amp_predictor,test,FLTGLIGGLMKALGK,1,0.9583501219749451
amp_predictor,test,KTGVNKPELLPKEETTVIDV,0,0.13463382422924042
amp_predictor,test,FVRWWSKWLRRIL,1,0.9999133348464966
amp_predictor,test,GLLGKILGAGKKVLCGVSGLC,1,0.994530975818634
amp_predictor,test,SDTVDIYDAGKILERVII,0,0.17163628339767456
amp_predictor,test,FLSFPTTKTYFPHFDLSHGSAQVKGHGAK,1,0.2869448959827423
amp_predictor,test,KWKSFIKKLTSAAKKVLTTGLPALIS,1,0.9931427240371704
amp_predictor,test,FTMKKSLLLIFFLGTISLSLCEQER,1,0.2573583126068115
amp_predictor,test,KCCMRPICTCPCCIGP,0,0.11418037116527557
amp_predictor,test,KWKLFKKIGIGAVLKVLT,1,0.9997276663780212
amp_predictor,test,GVCRCFCRRGVCRCFCRR,1,0.9860353469848633
amp_predictor,test,CRQSCSFGPFTFVCDGNTK,1,0.5925022959709167
amp_predictor,test,PDYLQLARA,0,0.08390768617391586
amp_predictor,test,KTMMQSGGTFGTFMAIGMGIR,1,0.07667014747858047
amp_predictor,test,GLRSKIKEAAKTAGKMALGFVNDMA,1,0.5170642733573914
amp_predictor,test,CDAPTHYCTNYWECCSGYCEHSHCW,0,0.016650628298521042
amp_predictor,test,RVCMAIPLPLCH,1,0.16899974644184113
amp_predictor,test,INLKAIAALVKKLL,1,0.9971199035644531
amp_predictor,test,GLGSLLGSLFKFIPKLLPSIQQ,1,0.9073246121406555
amp_predictor,test,FLPLLASLFSGLF,1,0.844961941242218
amp_predictor,test,DDPTSTFTCPGGSDYK,0,0.12303417921066284
amp_predictor,test,ELVRKNVDHLSTPDVLELV,1,0.10369684547185898
amp_predictor,test,FIGTLIPLALGALTKLFK,1,0.9817432165145874
amp_predictor,test,MRDVTVVATSKFNIVKNRIKAERWVKI,0,0.35230526328086853
amp_predictor,test,RKKRRQRRRGGGKLLKLLLKLLLKLLK,1,0.9729316830635071
amp_predictor,test,GCCHPSTCHVRKGCSRCCS,0,0.0930909737944603
amp_predictor,test,KVPVDDQFRRVNNGGATDTR,0,0.09697794914245605
amp_predictor,test,TRICCGCYWNGSKDVCSQSCC,0,0.227070614695549
amp_predictor,test,QKAASRLLRALSKLLEAF,1,0.5256412029266357
amp_predictor,test,PGMGIYLPM,1,0.04391747713088989
amp_predictor,test,FLPVIAGVLSKLF,1,0.9831482172012329
amp_predictor,test,VIPIVSGLLSSLL,1,0.7660561203956604
amp_predictor,test,GLGNNAFLGVR,0,0.4365941286087036
amp_predictor,test,IKLSKETKDNLKKVLKGAIKGAIAVAKMV,1,0.9794977903366089
amp_predictor,test,KNWKKIASIGKEVLKAL,1,0.9960873126983643
amp_predictor,test,FKRLKKLISWIKRKRQQ,1,0.9617344737052917
amp_predictor,test,SIPASQKANLGNQMIMAVACYQN,0,0.17032192647457123
amp_predictor,test,WFDPLRITETTTGSVTLK,0,0.18053056299686432
amp_predictor,test,FLNALKNFAKTAGKRLKSLLN,1,0.9712374806404114
amp_predictor,test,RWKRHISEQLRRRDRLQRQAF,1,0.873282253742218
amp_predictor,test,TPPQPADNFIRF,0,0.25861528515815735
amp_predictor,test,AGIGKIGDFIKKAIAKYKN,1,0.9903091788291931
amp_predictor,test,GNWHGTAPDWFFNYYW,1,0.01496791746467352
amp_predictor,test,QSDDYGHMRF,0,0.04210314154624939
amp_predictor,test,QLPFVAGVACEMCQCVYCAASKKC,1,0.3923301100730896
amp_predictor,test,GLKEIFKAGLGSLVKGIAAHVAS,1,0.9866477251052856
amp_predictor,test,DMYSDNLGLCDN,0,0.14838632941246033
amp_predictor,test,GLFGKLIKKFGRKAISYAVKKARGKH,1,0.9793205261230469
amp_predictor,test,QHWSHDWKPG,0,0.016257520765066147
amp_predictor,test,SNTSHQDFHLFYGDNGMPVH,0,0.08179448544979095
amp_predictor,test,ATNIPFKVHFRCKAAFC,1,0.9876109957695007
amp_predictor,test,GLPTCGETCFKGKCYTPGCSCSYPICKKD,1,0.790374755859375
amp_predictor,test,APGEKGESGPAGPGGPTG,1,0.976666271686554
amp_predictor,test,MTKNKFVLLRYLCLFCTNIDQIDFNSVLK,0,0.21497014164924622
amp_predictor,test,CAETCIYIPCFTEAVGCKCKDKVCYKN,1,0.4800909459590912
amp_predictor,test,FLPKLFAKITKKNMAHIR,1,0.9289800524711609
amp_predictor,test,CKCRRRKVHGPMIRIRKK,1,0.9273967742919922
amp_predictor,test,IKLSKETKKNLKKVLKGAIKGAIAVAKMV,1,0.9914892911911011
amp_predictor,test,FHPSLWVLIPQYIQLIRKILKS,1,0.9514345526695251
amp_predictor,test,DTEGRMKKEHYH,0,0.2993451654911041
amp_predictor,test,KCFQWARNMRKVRGPPVSCIKR,1,0.8491231203079224
amp_predictor,test,DAQEKRQPWIPFV,1,0.16573846340179443
amp_predictor,test,TTVYDAEGSKVDFDGSLRIIV,0,0.073981374502182
amp_predictor,test,GPSQDFMRF,0,0.059043075889348984
amp_predictor,test,GLFKVLGSVAKHLLPHVAPIIAEKL,1,0.9899237751960754
amp_predictor,test,INWSSIFESVSNLV,1,0.19259576499462128
amp_predictor,test,GWMSKIASGIGTFLSGVQQG,1,0.2015107274055481
amp_predictor,test,LHSNLEYQYRYSGRVASGIP,0,0.09483230859041214
amp_predictor,test,AQVESVCPGVVSC,0,0.2747461199760437
amp_predictor,test,ADYLRLARA,0,0.14522665739059448
amp_predictor,test,MKRSYKTLPTYFFSFFGPFKERAVFLLVL,0,0.19066376984119415
amp_predictor,test,GAKYAKIIYNYLKKIANALW,1,0.9590268731117249
amp_predictor,test,RCCGEGASCPRYFRNSQICSCC,0,0.11623211950063705
amp_predictor,test,AVPDKIDPRESGYVTGVKDQ,0,0.07582556456327438
amp_predictor,test,NEPCDSDGDCCTSSEQCISTGSKYFC,1,0.13093000650405884
amp_predictor,test,CYISNCPQG,0,0.029753217473626137
amp_predictor,test,GRPPGFSPFRID,0,0.37750667333602905
amp_predictor,test,MRWEKPSYNDMRFGFEVTMYIYNR,0,0.06642218679189682
amp_predictor,test,FLSSIGKILGNLL,1,0.9878379106521606
amp_predictor,test,GIGKFLHSAGKFGKAFVGEIMKS,1,0.9557061195373535
amp_predictor,test,SWASMAKKLKEYMEKLKQRA,1,0.45950353145599365
amp_predictor,test,VTPHHVLVDEYTGEWVDSQFK,1,0.06949789822101593
amp_predictor,test,ASEALVEIKPGEIGMVSGIPDEHLRRFVVI,0,0.0488581657409668
amp_predictor,test,WRTRWRTRWRTR,1,0.9851697087287903
amp_predictor,test,DEPEYAEAIREYQLKYGKI,0,0.3241736590862274
amp_predictor,test,MINQVSVYRQPPVLSGCRQVKTI,0,0.15076087415218353
amp_predictor,test,ICIGYLSNNSTDKVDTIIESNVTVTSSVE,0,0.18398615717887878
amp_predictor,test,LEIADLAQYVVDLTAR,0,0.06096027418971062
amp_predictor,test,FLSLIPKIATGIAALAKHL,1,0.9939684867858887
amp_predictor,test,RQARRNRRRC,1,0.9089640974998474
amp_predictor,test,GNGVVTTISHECNMNSWQFLFTCCG,1,0.33072546124458313
amp_predictor,test,LIIFRILISHHH,1,0.9986034035682678
amp_predictor,test,SLNTKNDFMRF,0,0.16546005010604858
amp_predictor,test,TLKVVVKVVKYLV,1,0.9699347615242004
amp_predictor,test,ITACLDPDGWKEPGPLPGISTK,0,0.2425423115491867
amp_predictor,test,QDFMKHLDKKTQTPKL,1,0.29077035188674927
amp_predictor,test,KTNESFVILGGSM,0,0.13489758968353271
amp_predictor,test,NSVVLGKKQRFHSWG,0,0.8970412611961365
amp_predictor,test,APGQDFMRF,0,0.05956331267952919
amp_predictor,test,FTPEDFISAPRRGEAIPDPKGELAVF,0,0.08112438768148422
amp_predictor,test,PDPAKTAPKKGSKKAVTKA,1,0.6781606674194336
amp_predictor,test,RGRKSSRRK,1,0.8068855404853821
amp_predictor,test,GPVGLLSSPGSLPPVGGAP,1,0.6259005069732666
amp_predictor,test,RKFHEKHHSHRGY,1,0.9107428193092346
amp_predictor,test,MKRQDLPRSRSLRSCE,0,0.5023612380027771
amp_predictor,test,MWTKPSFTDLRLGFEVTLYFANR,0,0.05024493485689163
amp_predictor,test,APIVSGGYDF,0,0.04357904940843582
amp_predictor,test,CGEKWRIFS,1,0.9731972217559814
amp_predictor,test,IKWKAILDAVKKVL,1,0.9984126091003418
amp_predictor,test,ALLKRIKTLL,1,0.9727956056594849
amp_predictor,test,RWDVDQCIYYCLNGVVGYSYTECQTMCT,0,0.041424643248319626
amp_predictor,test,GGDGAPGKDGIR,1,0.9022629857063293
amp_predictor,test,MIERELGNWKDFIEVMLRK,0,0.19030508399009705
amp_predictor,test,SALEEQYKTFLDKFMHELEDLLYQLSL,1,0.3496956527233124
amp_predictor,test,KASSSAPKGWTHHGSRFTFHRGSM,0,0.2673903703689575
amp_predictor,test,VKAQEPVKGPVSTKPGSCPIILIRCA,1,0.3935806453227997
amp_predictor,test,RLARIVKIRVAR,1,0.9636295437812805
amp_predictor,test,MWLILFAIVATLGLMVADDNIWPDC,0,0.0518658272922039
amp_predictor,test,AYPGNGVHCGKYSCTVDKQTAIGNIGNNAA,1,0.3283701539039612
amp_predictor,test,FLQRIIGAWGRLL,1,0.9660050272941589
amp_predictor,test,SFSESLAAAR,0,0.19545680284500122
amp_predictor,test,ANFPTVSLNTVGITRQIPQDFMNAV,0,0.05540339648723602
amp_predictor,test,AGEDVSHELEEKEKALANHSE,0,0.2281898856163025
amp_predictor,test,ASIVKTTIKASKKLCRGFTLTCGCHFTGKK,1,0.9760563373565674
amp_predictor,test,SALEEQYKTFLDKFLHELEDLLYQLALAL,1,0.2979593575000763
amp_predictor,test,AVDLAKIANIANKVLSSLFGK,1,0.9877390265464783
amp_predictor,test,FLGALFKVASKVLPSVFCAITKKC,1,0.9970002770423889
amp_predictor,test,GIPCGESCAFLPCLTSLLGCTCQNKVCYRD,1,0.5404869318008423
amp_predictor,test,KWKLFKKIPKFLHL,1,0.9994107484817505
amp_predictor,test,ITIPPIVKNTLKKFIKGAVSALMS,1,0.9016837477684021
amp_predictor,test,EEGGRPPPPI,0,0.25519606471061707
amp_predictor,test,VKLFPVKLFP,1,0.9938051700592041
amp_predictor,test,GLFDVIKKVASVIGLASP,1,0.9330009818077087
amp_predictor,test,RSNKGFNFMVDMIQALSK,1,0.15852610766887665
amp_predictor,test,VNADIKATTVFGGKYVSLTTP,1,0.11226584017276764
amp_predictor,test,GMFSVLKNLGKVGLGFVACKINKQC,1,0.991005539894104
amp_predictor,test,MDILSLGWAALMASFTFSLSLVVWGRNGF,0,0.0719505324959755
amp_predictor,test,VKLEILGSKGGAKI,1,0.9915603995323181
amp_predictor,test,LKKLLKLPKKLLKLAG,1,0.9970023036003113
amp_predictor,test,IWFQNRRMKWKK,1,0.9835602045059204
amp_predictor,test,GILSGLLGAGKKIVCGLSGLC,1,0.9904040098190308
amp_predictor,test,KKLALHALKKWLHALKKLAHLALKK,1,0.9977254271507263
amp_predictor,test,RRLIRLWLRLLR,1,0.9941957592964172
amp_predictor,test,YSQVSRPRF,0,0.41932523250579834
amp_predictor,test,QAPVLDAIRRLRLRGGSPLN,1,0.0860796868801117
amp_predictor,test,GPSTDLVIGNKGFDGGIDSAILR,0,0.09274349361658096
amp_predictor,test,NEPTHLLKAFSKAGFQ,1,0.3849264979362488
amp_predictor,test,DRVYIHPF,0,0.5177818536758423
amp_predictor,test,LVVELAPMEIR,0,0.058546263724565506
amp_predictor,test,GINTLKKVIQGLHEVIKLVSNHA,1,0.9233409762382507
amp_predictor,test,MIIYRAEISH,1,0.5315600633621216
amp_predictor,test,GLWSTIKNVGKEAAIAAGKAVLGSL,1,0.9606090784072876
amp_predictor,test,TGDMSGEGKGMWFGPRL,0,0.03880784288048744
amp_predictor,test,CGETCLFIPCIFSVVGCSCSSKVCYRN,1,0.9784472584724426
amp_predictor,test,FLPLLLAGLPKLLCFLFKKC,1,0.9836317300796509
amp_predictor,test,AILTTLANWARKFL,1,0.7350558638572693
amp_predictor,test,AAGDAGKPGERG,1,0.9748217463493347
amp_predictor,test,GCTQWINNIHGRICVRN,1,0.8822569251060486
amp_predictor,test,FFKLIPKLVKKLIKAFK,1,0.9994969367980957
amp_predictor,test,TPQIQKPAPQFSKTALLPDE,0,0.12135536223649979
amp_predictor,test,FQWQRNMRKVRGPPVS,1,0.4492657780647278
amp_predictor,test,IFGAIAGLLKNIF,1,0.9941970109939575
amp_predictor,test,RICRIWWIRWCR,1,0.9999508857727051
amp_predictor,test,GFYDHELEGLRVIHEGEDIGEVT,0,0.10312694311141968
amp_predictor,test,GLLLDTVKGAAKNVAGILLNKLKCKVTGDC,1,0.9917782545089722
amp_predictor,test,RDLFEKKLELHQGHLV,0,0.49138009548187256
amp_predictor,test,GLVSNLGI,0,0.9346463680267334
amp_predictor,test,FLPVILPVIGKLLSGIL,1,0.9691903591156006
amp_predictor,test,FLVGILPRMRGFITPFLKKVR,1,0.7976797819137573
amp_predictor,test,ESAGLIPFPRV,0,0.09664905816316605
amp_predictor,test,ADDSDPVGGEFLAEGGGVR,0,0.02457878552377224
amp_predictor,test,FLPAALAGIGGILGKLFGK,1,0.983798086643219
amp_predictor,test,QKKDKKDKFYGLM,0,0.35943543910980225
amp_predictor,test,MDIVSLAWASLMVVFTFSLSLVVWGRSGL,0,0.0484907329082489
amp_predictor,test,ACGPGCSGSCRQKGDRIKCINGSCHCYP,0,0.0655297115445137
amp_predictor,test,QSHISKARRPYIL,0,0.6970996856689453
amp_predictor,test,SEDCTPWTATPITVLAGCRDYVGEQ,0,0.09058502316474915
amp_predictor,test,FLPFIAGMAANFLPKIFCAISKKC,1,0.9788538217544556
amp_predictor,test,DRCSQQCQHHRDPDRKQQCMRECRRH,1,0.22278335690498352
amp_predictor,test,FLSGILKLAFKIPSVLCAVLKNC,1,0.9966712594032288
amp_predictor,test,AEPRDQFK,0,0.2574131190776825
amp_predictor,test,LKKLLKLSKKLLKLAG,1,0.9972039461135864
amp_predictor,test,LKWLLKWLL,1,0.9976997971534729
amp_predictor,test,NPKVAHCASQIGRSTAWGAVSGA,1,0.5603026151657104
amp_predictor,test,MTDAQVFTILAIALVPAVMAALLGSALARS,0,0.08317524939775467
amp_predictor,test,MLPSISFDYIKRPNIVLFSNVLSLSSNI,0,0.23257169127464294
amp_predictor,test,RRWHRWWRR,1,0.9993739724159241
amp_predictor,test,GICRCICTRGFCRCICVL,1,0.9764866232872009
amp_predictor,test,VGVGGGFGR,1,0.7489115595817566
amp_predictor,test,ALGDQLLSVFVDHTLVDEVA,0,0.06268972903490067
amp_predictor,test,GLKDWVKIAGGWLKKKGPGILKAAMAAATQ,1,0.9833259582519531
amp_predictor,test,FASLLGKALKALLAKLAKQ,1,0.9956120252609253
amp_predictor,test,LPPCCTPPKKHCPAPACKYKPCCKS,0,0.09017246961593628
amp_predictor,test,MVEYLVILSGMFGLALACFFGLRSIKLI,0,0.18654921650886536
amp_predictor,test,LMRKDVDTLTD,0,0.14513739943504333
amp_predictor,test,ISDDIQSIIQGIF,0,0.32868945598602295
amp_predictor,test,CLNLKALLAVAKKILC,1,0.9944260120391846
amp_predictor,test,DEQSGISQTVIVGPWGAKVS,0,0.06325475871562958
amp_predictor,test,GLGSLVGNALRIGAKLL,1,0.9472609758377075
amp_predictor,test,AHSDAVTPLPARSKV,0,0.13806849718093872
amp_predictor,test,RLCPRVRIRVCR,1,0.9944236874580383
amp_predictor,test,LNLKKLLKVAKKIL,1,0.998337984085083
amp_predictor,test,FLPLVTMLLGKLF,1,0.5720479488372803
amp_predictor,test,GLFDIVKKVVGAIGSL,1,0.9866438508033752
amp_predictor,test,FFPNVASVPGQVLLKKIFCAISKKC,1,0.9862303137779236
amp_predictor,test,DPLGSTEEFSR,0,0.17678818106651306
amp_predictor,test,KLGFENFLVKALKTVMHVPTSPLL,1,0.5022510290145874
amp_predictor,test,GLMDVFKGAAKNLLASALDKIRCKVTKC,1,0.95711350440979
amp_predictor,test,AGPPGADGQAGA,1,0.926791250705719
amp_predictor,test,IFSAIGGFLKSIF,1,0.9888612627983093
amp_predictor,test,GTKRGKLCRISRLAL,1,0.8902164101600647
amp_predictor,test,NSGGGEGSGMWFGPRL,0,0.05414196476340294
amp_predictor,test,ATCYCRTGRCATR,1,0.8584758639335632
amp_predictor,test,FIFHIIKGLFHAGKMI,1,0.9963480830192566
amp_predictor,test,MNNPVCLDDWLIGFKSLCCTLAVIALLII,0,0.3030398488044739
amp_predictor,test,FPVDEEFQSPFGSRSRGYFLFRPRN,0,0.12917909026145935
amp_predictor,test,LALKSGGWLRLFGLKDKKH,1,0.9932726621627808
amp_predictor,test,EILEYSGDGQVEVSDEQLAEAEHASQIEAQ,0,0.106730155646801
amp_predictor,test,LLPILGNLLNGLL,1,0.9286731481552124
amp_predictor,test,CCIARQICEGCICCI,0,0.07200264930725098
amp_predictor,test,MMWTKPEVTEMRFGFEVTMYVCNR,0,0.08587376028299332
amp_predictor,test,MIIKTLKMSARKRN,0,0.3520614802837372
amp_predictor,test,LRRIIRKIIHIIKK,1,0.9976503252983093
amp_predictor,test,ADKEESLRLAEMLRS,0,0.25920188426971436
amp_predictor,test,KCFQWQRNMRKRRGPPVSCIKR,1,0.8526727557182312
amp_predictor,test,GNGNGNNGLKKYETCY,0,0.15127032995224
amp_predictor,test,FLPLLAGLAANFLPKIFCKITRK,1,0.9836140871047974
amp_predictor,test,TRSRWRRFIRGAGRFARRYGWRIAL,1,0.9680161476135254
amp_predictor,test,RIAGYGLRGLAVIIRICIRGLNLIFEIIR,1,0.8914958834648132
amp_predictor,test,GLFGVLGSIAKHLLPHVVPVIAEKL,1,0.9799557328224182
amp_predictor,test,FLNPFRWVINKYREWKNKKDS,0,0.5108730792999268
amp_predictor,test,PKVSPRWPPIPP,0,0.6545356512069702
amp_predictor,test,VAVKATTTEEETEIPAK,1,0.14326778054237366
amp_predictor,test,LDVELTVEER,0,0.15631315112113953
amp_predictor,test,MTYQTAIDAVRELKA,0,0.149601548910141
amp_predictor,test,MFFKWISKFIRRLSKCGIKSITSKAYK,0,0.9633943438529968
amp_predictor,test,RNKLAYNMGHYAGKATIFGLAAWALLA,1,0.6956772208213806
amp_predictor,test,GLWSKIKDVAAAAGKAALGAVNEALGEQ,1,0.7179315686225891
amp_predictor,test,IGSFIINPR,0,0.8391462564468384
amp_predictor,test,GFKNVQLSTARGF,0,0.18146982789039612
amp_predictor,test,MFLGPGGAGGQAFDQAR,0,0.29360949993133545
amp_predictor,test,MAARLCCQLDPARDVLCLRP,1,0.08792071044445038
amp_predictor,test,RRRFPWVCWPFLRRR,1,0.998268723487854
amp_predictor,test,FLPFLAGLFGKIF,1,0.9734694361686707
amp_predictor,test,DVHSNTGIFGIHTS,0,0.14522504806518555
amp_predictor,test,TPSQDFMRF,0,0.09256868809461594
amp_predictor,test,GFPGADGAAGPKG,1,0.9871708750724792
amp_predictor,test,GLGSLLGKALKFGLKAAGKFMGGEPQQ,1,0.935938835144043
amp_predictor,test,IIIQYEGHKH,1,0.6414070725440979
amp_predictor,test,KWCFRVCYRAICYRRCR,1,0.9983957409858704
amp_predictor,test,IRNADMVEKGTVRVTATNIT,0,0.12266620993614197
amp_predictor,test,GIPCGESCVWIPCITSAIGCSCKSKVCYRN,1,0.9695800542831421
amp_predictor,test,AVNIPFKVHLRCKAAFC,1,0.9886597394943237
amp_predictor,test,FLPVVAGLAAKVLPSIICAVTKKC,1,0.9872584939002991
amp_predictor,test,VFDIIKDAGRQLVAHAMGKIAEKV,1,0.23570486903190613
amp_predictor,test,NAPWAQIDEV,0,0.0320090726017952
amp_predictor,test,DSDSAQNLIG,0,0.13227330148220062
amp_predictor,test,FLGALWKVAKSVF,1,0.9974895715713501
amp_predictor,test,MNSVQFKNHHHHHHPD,0,0.16399063169956207
amp_predictor,test,GLLSALRKMIPHILSHIKK,1,0.9790236949920654
amp_predictor,test,AGLFAQPRL,0,0.132548987865448
amp_predictor,test,GEPEVAKWAEGLREKAASN,0,0.15906763076782227
amp_predictor,test,MKLLILFLAALGAASARIRGHTIKG,0,0.8693506717681885
amp_predictor,test,VVLNLVVKLLKYAK,1,0.9816993474960327
amp_predictor,test,GLGALWNVAKSVF,1,0.974467933177948
amp_predictor,test,SKVWRHWRRFWHRAHRLH,1,0.9990273714065552
amp_predictor,test,AYGEGANVFGKRKETDQFFEISGDGWSGKL,0,0.0905345231294632
amp_predictor,test,GEKLKKIGQKIKNFFQKL,1,0.9229332804679871
amp_predictor,test,DHVTPDIAYNPWAYF,1,0.06914384663105011
amp_predictor,test,GADPGCQDVVTPVQ,0,0.017611095681786537
amp_predictor,test,AKCLRWQWRMRKYGG,1,0.9895304441452026
amp_predictor,test,DEVKIVLD,0,0.17248639464378357
amp_predictor,test,GLVPNLLNNLGL,0,0.9234924912452698
amp_predictor,test,RLKKIGKVLKWI,1,0.9997631907463074
amp_predictor,test,MSELSAAPLRPGKTQESEKGIYYAREGCVS,0,0.21831844747066498
amp_predictor,test,SILPTIVSFLSKVF,1,0.930037260055542
amp_predictor,test,LGALGCVFPELLSGNGVKFGYA,0,0.4372279942035675
amp_predictor,test,GDCPWKPWC,0,0.011733935214579105
amp_predictor,test,GILGKIWEGVKS,1,0.9837054014205933
amp_predictor,test,GLPGPLGPAGPK,1,0.9847825169563293
amp_predictor,test,DSIDYSKVPGNWRTI,0,0.15372830629348755
amp_predictor,test,AGPAGPAGAR,1,0.9905375838279724
amp_predictor,test,GLLGKVLGVGKKVLCGVSGRC,1,0.9816796779632568
amp_predictor,test,EPILGIITSLLKSL,1,0.6397343873977661
amp_predictor,test,WGRKKRRQRRRPPQ,1,0.9148740172386169
amp_predictor,test,KCFQWQANMRKVRGPPVSCIKR,1,0.7521600127220154
amp_predictor,test,ITKVITKLLNRLTKILSK,1,0.9410204291343689
amp_predictor,test,MFFSSKKCKTVSKTFRGPCVRNAN,1,0.42189350724220276
amp_predictor,test,QAKSQGGSN,0,0.6213056445121765
amp_predictor,test,GKGDFRIL,1,0.8873546719551086
amp_predictor,test,GLGNNAFVGVR,0,0.16799122095108032
amp_predictor,test,CGIYRSLKLIKSLVLIK,1,0.989509105682373
amp_predictor,test,GFKDWIKGAAKKLIKTVASSIANE,1,0.9681803584098816
amp_predictor,test,DCLPDWFHYEGHCYRVFDEPKKWADAEKFC,0,0.10077100247144699
amp_predictor,test,TPFKISIHL,1,0.9967753291130066
amp_predictor,test,MDIISLGWSSLLVVFTFSLSLVVWGRNGF,0,0.13971905410289764
amp_predictor,test,NPAGCRFCCGCCPNMIGCGVCCRF,1,0.07101687788963318
amp_predictor,test,GLWDTIKQAGKKIFLSVLDKIRCKVAGGC,1,0.9849355220794678
amp_predictor,test,RFRLPFRRPPIRIHPPPFYPPFRRFL,1,0.9219295978546143
amp_predictor,test,IKIPSFFRNILKKVGKEAVSLIAGALKQS,1,0.9629533290863037
amp_predictor,test,IDWKKVDWKKVSKKTCKVMLKACKFL,1,0.981393575668335
amp_predictor,test,RRTVKSAPQ,0,0.5037084817886353
amp_predictor,test,GILDTIKNAAKTVAVGLLEKIKCKMTGC,1,0.9655318260192871
amp_predictor,test,GIPCGESCVFIPCITGIAGCSCKSKVCYRN,1,0.956821620464325
amp_predictor,test,GTSCGETCVLLPCLSSVLGCTCQNKRCYKD,1,0.7368373870849609
amp_predictor,test,IHRDQQHESFLDARPEPGLTE,1,0.20998862385749817
amp_predictor,test,INWKKLGKKILGAL,1,0.9995594620704651
amp_predictor,test,LPSFLYAEMVGYNIL,0,0.0788511261343956
amp_predictor,test,VIEVVYLRTPFSAGNATT,0,0.07717187702655792
amp_predictor,test,PAGPAGQDGRAGPPGPSGARG,1,0.9384580254554749
amp_predictor,test,SVAVAGAIIKGAALTFNVLQ,0,0.7655359506607056
amp_predictor,test,FLPIIAKLLGGLL,1,0.9818406701087952
amp_predictor,test,RAVAVIIRLRRV,1,0.930945873260498
amp_predictor,test,ILSAIWSGIKSLF,1,0.9892148375511169
amp_predictor,test,RDPTGCEVDQVIMVKRHGERYPSPSAGK,0,0.19790834188461304
amp_predictor,test,EEQRFLPVVAGLAAKVLPSIICAVTKKC,1,0.46903184056282043
amp_predictor,test,RILSILRHQNLLKELQDLALQGAK,1,0.38511839509010315
amp_predictor,test,VLDELTADR,0,0.08442666381597519
amp_predictor,test,CAGIGSFCGLPGLVDCCSDRCFIVCLP,0,0.34709838032722473
amp_predictor,test,VDKPPYLPRPPPPRRIYNNR,1,0.790001630783081
amp_predictor,test,HTLCMDGGATY,1,0.06231193244457245
amp_predictor,test,ALLDKLKSLGKVVGKVALGVAQHYLNPQQ,1,0.8499376773834229
amp_predictor,test,FFFHIIKGLFHAGRMIHGLV,1,0.9934797286987305
amp_predictor,test,KEEAKVLGTVIGIDLGTQYL,0,0.0870944932103157
amp_predictor,test,MDLLSLGWSSLMVMFSFSLALVVWGRNGF,0,0.06284845620393753
amp_predictor,test,FPWWNQYVKL,1,0.6233523488044739
amp_predictor,test,RCTCTTIISSSSTF,1,0.7684456706047058
amp_predictor,test,LPLPSCSSHGGDADNTSQRN,1,0.1879744976758957
amp_predictor,test,RCICGRGICRCICGRGIC,1,0.9011119604110718
amp_predictor,test,GVIDAAKKVVNVLANLF,1,0.959296464920044
amp_predictor,test,GWFKKTFHKVSHAVKSGIHAGQRGCSALGF,1,0.953019917011261
amp_predictor,test,LRQSQFVGSR,1,0.44191840291023254
amp_predictor,test,GLVTSLIKGAGKLLGGLFGSVTG,1,0.919436514377594
amp_predictor,test,SPAFDDEHNDNFLRL,0,0.24902459979057312
amp_predictor,test,GGLIGTLTAKQIKK,1,0.9900894165039062
amp_predictor,test,RPRCWIKIKFRCKSLKF,1,0.9964021444320679
amp_predictor,test,GVVDILKGAAKDIAGHLASKVMNKL,1,0.9554347395896912
amp_predictor,test,TTKPVPSGSPWYGPDRVKNRELEVIHSR,0,0.32308152318000793
amp_predictor,test,RWFKIQMQIRRWKNKK,1,0.9695296287536621
amp_predictor,test,HSEPGGAY,0,0.06348031759262085
amp_predictor,test,WLGSALKIGAKLLPSVVGLFKKKKQ,1,0.9968031644821167
amp_predictor,test,PAKQVAFAEHAREKMLRGVNVLA,0,0.19752931594848633
amp_predictor,test,FIHHAAGGLFSAGKAIHRLIRRRRR,1,0.9585654735565186
amp_predictor,test,ATSGPMGWLPVFYRF,0,0.033228591084480286
amp_predictor,test,SLGSGGSL,0,0.7379055619239807
amp_predictor,test,VKLPPPVKLPPPVKLPPP,1,0.7352434992790222
amp_predictor,test,RSVCRQIKICRRRGGCYYKCTNRPY,1,0.9330997467041016
amp_predictor,test,FLPILASLAAKFGPKLFCLVTKKC,1,0.9924507737159729
amp_predictor,test,ANLDAIIKIQAWARMWAARRQYL,1,0.4484500586986542
amp_predictor,test,AAGKGLVSNLLEK,1,0.9624913930892944
amp_predictor,test,KRVNWRKVGLGASYVMSWLG,1,0.6524321436882019
amp_predictor,test,ALWKNMLKGIGKLAGQAALGAVKTLVGA,1,0.9889118671417236
amp_predictor,test,FLPVLAGLTPSIVPKLVCLLTKKC,1,0.9518741369247437
amp_predictor,test,FLSLIPHIASGIASLVKNF,1,0.9906764030456543
amp_predictor,test,GCCHLLACRFGCSPCCW,0,0.08273851871490479
amp_predictor,test,GLWKSLLKNVGVAAGKAALNAVTDMVNQ,1,0.8689549565315247
amp_predictor,test,EWEPVQNGGSSYYMVPRIWA,1,0.04426940903067589
amp_predictor,test,QKVAVRLKEVVYTLSPHQQN,0,0.2084144502878189
amp_predictor,test,AWLLAIRRR,1,0.9917774200439453
amp_predictor,test,FKRIVQRIKDGLR,1,0.9353973865509033
amp_predictor,test,KKRRQRRR,1,0.8984366059303284
amp_predictor,test,GAHDILKYGKPS,1,0.6359520554542542
amp_predictor,test,LKCEWDGLVGTRGEIAKETIER,0,0.1784382164478302
amp_predictor,test,EREQLRDQVYDAMAE,0,0.18661414086818695
amp_predictor,test,RICRIIFLRVCR,1,0.9985067248344421
amp_predictor,test,NRPYSFGL,0,0.08515023440122604
amp_predictor,test,RQKDKRPYSERKNQYTGPQFLYPPERIPP,1,0.5274276733398438
amp_predictor,test,KPAPEPAPEPAPEAAPEA,0,0.04214617609977722
amp_predictor,test,GTLKGIPTDDEQATGLERRT,0,0.1172410324215889
amp_predictor,test,MKVYTDIFTRDEFLSDSYPM,0,0.09127555787563324
amp_predictor,test,WLSKTAKKLWLSKTAKKL,1,0.9940014481544495
amp_predictor,test,NALSMPRNKCNRALMCFG,1,0.2820228040218353
amp_predictor,test,MIRQKIFVFIVKSRRNSICPAIRRKEDY,0,0.711603581905365
amp_predictor,test,RGGRLCYCRRRFCVCVGR,1,0.9927903413772583
amp_predictor,test,SCTTCVCTCSCCTT,1,0.9917448163032532
amp_predictor,test,GPAGPRGPAGPA,1,0.9617848992347717
amp_predictor,test,EKDCYHERDC,0,0.09174881130456924
amp_predictor,test,TIDFGVRNINQSNLVYDTER,1,0.0773627907037735
amp_predictor,test,GLKDIFKAGLGSLVKGIAAHVAN,1,0.9930094480514526
amp_predictor,test,GSQLVYREWVGHSNVIKGPP,1,0.1477353870868683
amp_predictor,test,ATSAAQGAALDESVRKVLKP,0,0.1679508090019226
amp_predictor,test,ATFNFINNCPFTVWAAAVPG,1,0.5193518400192261
amp_predictor,test,VWRHWRRFWHR,1,0.9997939467430115
amp_predictor,test,TWEECCKNPGCRNNHVDRCRGQV,0,0.1382896453142166
amp_predictor,test,FLGSLFSIGSKLLPGVIKLFQRKKQ,1,0.9689680337905884
amp_predictor,test,FIGDIWSGIQG,0,0.12685313820838928
amp_predictor,test,LKKLLKWLKKL,1,0.998649537563324
amp_predictor,test,GCCPPQWCGPGCTSPCC,0,0.014667988754808903
amp_predictor,test,KCCMRPICTCPCCIG,0,0.14780771732330322
amp_predictor,test,EALYNSEDLYEETSDSDD,1,0.2067784070968628
amp_predictor,test,KRFRWQRNMRKVRGRPVRSIKR,1,0.8904451131820679
amp_predictor,test,FENKVPEKQKLFQEDNGIPVHLKG,0,0.2477143257856369
amp_predictor,test,VCCPFGRCHQICQCCER,0,0.03731212764978409
amp_predictor,test,GSKKPVPIIYCNRRTGKCQRM,1,0.5353331565856934
amp_predictor,test,DGRKICLDPDAPRIKKIVQKKL,1,0.3354564607143402
amp_predictor,test,VEWSDSERKTLVSVWGKI,0,0.19818828999996185
amp_predictor,test,LKKLLKLLKKLLKAAG,1,0.9982597231864929
amp_predictor,test,GLLSGILNTAGGLLGNLIGSLSN,1,0.9218683838844299
amp_predictor,test,IEPERQEEEEEETRQRVRRGQVRQQQQ,0,0.31782904267311096
amp_predictor,test,MMRLVIILIVLLLISFSAY,0,0.2881856858730316
amp_predictor,test,FLPAVIRVAANVLPTAFCAISKKC,1,0.9540085792541504
amp_predictor,test,GVFLDALKKFAKGGMNAVLNPK,1,0.9708334803581238
amp_predictor,test,AKDVRFGADVRALMLQGVDVLADA,0,0.035978831350803375
amp_predictor,test,TRSSRAGLQFPVGRVHRLLRK,1,0.6135503053665161
amp_predictor,test,LCAAHCLAILRR,1,0.8263736963272095
amp_predictor,test,CCPPVIWCC,0,0.025510149076581
amp_predictor,test,MLCPSYRRCPRVPP,1,0.6307576298713684
amp_predictor,test,VNWKKVLKKIIKVAK,1,0.9993913173675537
amp_predictor,test,MSDINTARLPLSSPMLLPCVGDDILMV,0,0.07049525529146194
amp_predictor,test,DCPSDWSPYEGHCYKHFIKWMNNEDAERFC,0,0.11296188086271286
amp_predictor,test,FLPFIAGVAAKFLPKIFCAISKKC,1,0.9975613355636597
amp_predictor,test,GLCCPMRWSSSEG,0,0.22229057550430298
amp_predictor,test,ITAKPAKTPT,0,0.32343196868896484
amp_predictor,test,LPGELAKHAVSEGTKAVTKYTSSK,1,0.24806952476501465
amp_predictor,test,RILTMTKRVKMPQLYKQIVCRLFKTC,1,0.5360797643661499
amp_predictor,test,SSSLLNTAWRKFG,1,0.2937556207180023
amp_predictor,test,KLLKFIKKLL,1,0.9987226128578186
amp_predictor,test,GAAGDAGKPGE,1,0.9787689447402954
amp_predictor,test,YGGTPPFV,0,0.07326299697160721
amp_predictor,test,QGAVGSVQIPVVEVDELPEGYD,0,0.029246939346194267
amp_predictor,test,MSNFHNEHVMQFYRNNLKTKGVFGRQ,0,0.127974271774292
amp_predictor,test,YGQSTHAVIYAQGYTYSSDWR,1,0.05282607674598694
amp_predictor,test,RWCFRVCYRGICYRKCR,1,0.9985899329185486
amp_predictor,test,RQIKIWFQNARMKWKK,1,0.9664386510848999
amp_predictor,test,NIVDVPCRDDYYRDSSGNGVYDQLGGCGAA,0,0.04555812105536461
amp_predictor,test,RQIKIWFQNRRMKWAK,1,0.9736348390579224
amp_predictor,test,MRFYFYSQAVDESGVTR,0,0.0534309521317482
amp_predictor,test,KWCFRVCRRGICYRRCR,1,0.9988183379173279
amp_predictor,test,ARGPQLRLRF,0,0.5900119543075562
amp_predictor,test,KWKSFIKKLTSKFLHLAKKF,1,0.9959955215454102
amp_predictor,test,GNGVIKTISHECHMNTWQFIFTCCS,1,0.6462231874465942
amp_predictor,test,DNGEAGRAAR,1,0.42321842908859253
amp_predictor,test,MWKKPAFIDLRLGLEVTLYISNR,0,0.10121957957744598
amp_predictor,test,GYQVDCVSYNYDNVNENLAQQFVDTQG,0,0.07723836600780487
amp_predictor,test,GLRKRLRKFRNKIKQKLKKI,1,0.9244584441184998
amp_predictor,test,GLLPLLSLLGKLL,1,0.9561660289764404
amp_predictor,test,GLWQKIKSAAGDLASGIVEAIKS,1,0.8853107690811157
amp_predictor,test,KGGSGVIHTISHEVIYNSWNFVFTCCS,1,0.6699554324150085
amp_predictor,test,GLADYWRTAFRANFANLGPGIRCKSARC,1,0.38962846994400024
amp_predictor,test,GYEEREVAETVRELDAA,0,0.11891625076532364
amp_predictor,test,LLKELWTKMKGAGKAVLGKIKGLL,1,0.9955539107322693
amp_predictor,test,SPPAPFVPVPIN,0,0.5583693385124207
amp_predictor,test,FLPFLGKLFSGIF,1,0.9718971848487854
amp_predictor,test,VWRRWRRFWRR,1,0.9995002746582031
amp_predictor,test,GLFTLIKGAYKLDAPTVACN,1,0.7130871415138245
amp_predictor,test,YSSQLAQVQGLIGNVESQLAEIR,0,0.10334387421607971
amp_predictor,test,KKLAKALKLLALLWLKLAKALKKA,1,0.9987492561340332
amp_predictor,test,RWLRKWTRKWLK,1,0.9993676543235779
amp_predictor,test,DTHFPICIFCCGCCRKGTCGMCCRT,1,0.7145795226097107
amp_predictor,test,LIKKIYRKWKRW,1,0.9994181394577026
amp_predictor,test,MYAVKIDGRLPIEVTELL,0,0.06676973402500153
amp_predictor,test,GFRDVLKGAAKAFVKTVAGHIAN,1,0.8719079494476318
amp_predictor,test,CPCGRRRCCVRGLNVYCCF,1,0.6885834336280823
amp_predictor,test,CCAIRLCNVYLCGSCCP,0,0.144098699092865
amp_predictor,test,AENRERVMVQ,0,0.2265140265226364
amp_predictor,test,AYLLGKINLKALAALAKKIL,1,0.9972096085548401
amp_predictor,test,INWKKIASIGKEVLKAI,1,0.9971886277198792
amp_predictor,test,FIHHIIGGLFSAGKAEHRLIRRRRR,1,0.9743311405181885
amp_predictor,test,CYCRIPACIAGERRYGTCIYQGRLWAFCC,1,0.9055145382881165
amp_predictor,test,TKPTLLGLPLGAGPAAGPGKR,1,0.7408407330513
amp_predictor,test,PEDPQRRYQEEQRRE,1,0.285812109708786
amp_predictor,test,RIIDLLWRVRRPQKPKFVTVWVR,1,0.9901565313339233
amp_predictor,test,ITCQQVTSELGPCVPYLTGQGIP,1,0.2405460923910141
amp_predictor,test,KIFTKCELARKLRAEGMDGF,1,0.34965047240257263
amp_predictor,test,KAVVLGKAGGTAELPCQASQ,0,0.6983045935630798
amp_predictor,test,MPFKLFDVSKPIPERKEHTYVKHCGDP,0,0.2885121703147888
amp_predictor,test,VDFDSESPRRPEIQ,0,0.1611667275428772
amp_predictor,test,KFFKKLKKSVKKHVKKFFKKPKVIGVSIPF,1,0.9960554838180542
amp_predictor,test,WKRIVRRIKRWLR,1,0.9997014403343201
amp_predictor,test,ASVVNKLTGGVAGLLK,1,0.9797307848930359
amp_predictor,test,KIWFQNKKMKWKK,1,0.9643771648406982
amp_predictor,test,MLLVIGSKNLSSTNM,0,0.21066991984844208
amp_predictor,test,ETVPYMFEN,0,0.1011943370103836
amp_predictor,test,FLKALWKVAKSVF,1,0.9995242357254028
amp_predictor,test,FLPVIAGVAAKFLPKIFCAITKKC,1,0.9970579147338867
amp_predictor,test,LSLQEFLGLWR,0,0.2913591265678406
amp_predictor,test,LSSQVRLPMSLRVATAPAPARVSV,0,0.08716394007205963
amp_predictor,test,VTVYDAEGTKVQLDGSIRLVM,0,0.050347842276096344
amp_predictor,test,GILSGVLGMGKKIVCGLSGLC,1,0.9646131992340088
amp_predictor,test,GPIRRPKPRPRPRPE,1,0.8312839865684509
amp_predictor,test,GLPCGETTCFTGKCYTPGCSCSYPICKKIN,1,0.9416452646255493
amp_predictor,test,GKNGVFKTISHECHLNTWAFLATCCS,1,0.9696288108825684
amp_predictor,test,EPNPDEFFGLM,1,0.16649121046066284
amp_predictor,test,SVKSEVDNFDKHLKAESAPFNNE,0,0.27545201778411865
amp_predictor,test,HLKYKDPEQG,0,0.28791069984436035
amp_predictor,test,MDIVSLAWAALMVVFSFSLSLVVWGRSGL,0,0.0578140914440155
amp_predictor,test,YGLAADNVLDAR,0,0.056621063500642776
amp_predictor,test,MDSKAVLKGMLEKAYRIEAGFEKRG,0,0.2413368672132492
amp_predictor,test,WVDADLNGLR,0,0.03612395003437996
amp_predictor,test,ATVYNQDGTQVNVGGRVEVAL,0,0.030832478776574135
amp_predictor,test,ESIVRPPPVEAKVEETPE,0,0.08111158758401871
amp_predictor,test,AHCLAIGRR,1,0.9658997058868408
amp_predictor,test,PIFTFASNVPADTITGFFL,0,0.1445522904396057
amp_predictor,test,VSDVPNNDDRFTY,0,0.10069330036640167
amp_predictor,test,GDRGESGPAG,1,0.7960807085037231
amp_predictor,test,SYAMEHFRWGKPV,0,0.14368478953838348
amp_predictor,test,RLVRILVSKRPVAIKPYFRL,1,0.9435851573944092
amp_predictor,test,GLTRLFSVIK,1,0.9196294546127319
amp_predictor,test,YDRLIKESRRQKTRVFAVVI,1,0.7276137471199036
amp_predictor,test,LKKLLKLNKKLLKLAG,1,0.9975578784942627
amp_predictor,test,GLAGAISSALDKLKQSQLIKNYAKKLGYPR,1,0.7565842866897583
amp_predictor,test,LIAGLAANFLPQILCKIARKC,1,0.9676843881607056
amp_predictor,test,TDMLAVSVSSTDAIGHKYGT,0,0.1184537410736084
amp_predictor,test,GWLLLEYIPVIAAL,1,0.14693865180015564
amp_predictor,test,SNTALRRYNQWATGHFM,1,0.11811187863349915
amp_predictor,test,FLPLLASLFSRLL,1,0.7308018803596497
amp_predictor,test,HAGDLGNIVAGSDGV,0,0.16686822474002838
amp_predictor,test,DYHHGVRVL,1,0.5530986785888672
amp_predictor,test,CCSQDCRVCIPCCPY,0,0.018244730308651924
amp_predictor,test,ATRVVYCNRRSGSVVGGDDTVYYEG,1,0.053883641958236694
amp_predictor,test,FLPLIAGLAANFLPKIFCAITKKC,1,0.9939579963684082
amp_predictor,test,AKAGVNKPELLP,0,0.5230661630630493
amp_predictor,test,ALWKTLLKNVGKAAGKAVLNAVTDMVNQ,1,0.9296351075172424
amp_predictor,test,GCCSPWNCIQLRACPCCPN,0,0.028562339022755623
amp_predictor,test,GFIFHIIKGLFHAGKMIHGLV,1,0.998157799243927
amp_predictor,test,VIGGDECNINEHRFLVALYDGLSGTFLCGG,0,0.0732661709189415
amp_predictor,test,DCCGVKLEMCHPCLCDNSCKKSGK,0,0.07043693959712982
amp_predictor,test,KKKKQSWYAAAGDAIVSFGEGFLNAW,1,0.7975439429283142
amp_predictor,test,RQIRIWFQNRRMRWRR,1,0.9771703481674194
amp_predictor,test,GFGSKPLDSFGLNFF,1,0.48723137378692627
amp_predictor,test,YGLAGDHVLDAR,0,0.03479814901947975
amp_predictor,test,IIGGDECNINEHRFL,0,0.14764240384101868
amp_predictor,test,YRWRCKNQN,1,0.9278236627578735
amp_predictor,test,INWKKIASIGKEVLKAL,1,0.9977376461029053
amp_predictor,test,LIIFRILISHKK,1,0.9989504814147949
amp_predictor,test,SQRKLAAKLTSKGGGRLLRPLLQLLKQKLR,1,0.8017759323120117
amp_predictor,test,GANAAKKFATIAKKFINYLW,1,0.9920578598976135
amp_predictor,test,IGKLFKRIVKRILKFLRKL,1,0.9992344379425049
amp_predictor,test,LQAIGVEFDLILTSPLVRAQQTAQIL,0,0.06544336676597595
amp_predictor,test,AWLDKLKSLGKVVGKVALGVAQNYLNPQQ,1,0.8752204179763794
amp_predictor,test,FLPLLAGLAANFLPKIFCKITKKC,1,0.9948424696922302
amp_predictor,test,SANTKNDFMRF,0,0.178554967045784
amp_predictor,test,VTVVQYRSTNASSGYLNLRVYLLDTGLR,0,0.054528865963220596
amp_predictor,test,KTKKKFLKKT,1,0.8815183639526367
amp_predictor,test,GLLSNVAGLLKQFAKGGVNAVLNPK,1,0.9778989553451538
amp_predictor,test,AYGRKKRRQRRR,1,0.8793857097625732
amp_predictor,test,GIGGKPVQTAFVDNDGIYD,1,0.036293067038059235
amp_predictor,test,VWTVWGTIAG,1,0.07063455879688263
amp_predictor,test,KWCFRVSYRGIAYRRCR,1,0.9939770698547363
amp_predictor,test,FLGVALKLGKVLGKALLPLASSLLHSQ,1,0.979160726070404
amp_predictor,test,MGQFFAYATVITVKENDHVA,0,0.10971274226903915
amp_predictor,test,VIPFVASVAAEMMPHVYCAASRKC,1,0.5958674550056458
amp_predictor,test,WKVKWKVKWKVK,1,0.9997633099555969
amp_predictor,test,SDPNFLRF,0,0.19602911174297333
amp_predictor,test,VAGAPGALG,1,0.9864804148674011
amp_predictor,test,RLGTALPALLKTLLAGLNG,1,0.7378662824630737
amp_predictor,test,FIPGLRRLFATVVPTVVCAINKLPPG,1,0.32720717787742615
amp_predictor,test,MRNLQPNMSRWAFFAKSVGTWNKSSCRS,0,0.20993824303150177
amp_predictor,test,CCCCCTTCCFSIATGSGNSQGGSGSYTPGK,1,0.8939393758773804
amp_predictor,test,LNWGAILKHIIK,1,0.9996293783187866
amp_predictor,test,NKLAYNMGHYAGKATIFGLAAWALLA,1,0.7853609323501587
amp_predictor,test,KDGYLPGNEGCKY,0,0.12936151027679443
amp_predictor,test,DDCTTYCYGVHCCPPAFKCAASPSCKQT,0,0.21874794363975525
amp_predictor,test,TRWLWLLRGGLKAAGWGIRAHLNRNQ,1,0.9814813137054443
amp_predictor,test,GLLSSLGLNL,0,0.9422177672386169
amp_predictor,test,HRWWRWWRH,1,0.9982861876487732
amp_predictor,test,GLLDFAKHVIGIASKL,1,0.9971502423286438
amp_predictor,test,HKMDLHWYLRTLEEVVIRALQRFQFR,1,0.3539656102657318
amp_predictor,test,APRKNVKW,1,0.9321688413619995
amp_predictor,test,RIWVIWRR,1,0.9998935461044312
amp_predictor,test,AWLDKLKSLGKVVGKVGLGVVQNYLNPRQ,1,0.8698019981384277
amp_predictor,test,RGARIVVIRVAR,1,0.9220137000083923
amp_predictor,test,RLLRKFFRKLKKSV,1,0.9758452773094177
amp_predictor,test,DINGGGATLPQALYQTSGVL,0,0.049186743795871735
amp_predictor,test,KWKLFKKILKFLHLAKKF,1,0.9992908239364624
amp_predictor,test,GIFGKILGVGKKVLCGLSGVC,1,0.996241569519043
amp_predictor,test,MAEAFYILIGFLIMAAIIVMAVLYLENHS,0,0.13574734330177307
amp_predictor,test,GCVLYPWC,0,0.041712261736392975
amp_predictor,test,FDLLGLVKKVASAL,1,0.9799715280532837
amp_predictor,test,EDGSGEFLAEGGGVR,0,0.040882714092731476
amp_predictor,test,PPIFTLPPYI,1,0.7664268016815186
amp_predictor,test,GLFKVLGSVAKHLLPHVAPVIAEKL,1,0.9819217920303345
amp_predictor,test,IKPNKPVMAFGLVTLSLCVAYI,0,0.6137803196907043
amp_predictor,test,PDMYAFGL,0,0.0648718923330307
amp_predictor,test,RCRFCCRCCPRMRGCGICCRF,1,0.7118247747421265
amp_predictor,test,FLPAVLKVAAHILPTAICAISRRC,1,0.9252360463142395
amp_predictor,test,GLPVCGETCFGGTCNTPGCTCDPWPVCTRN,1,0.8690593242645264
amp_predictor,test,GIGKFLHSAGKFGKAFLGEVMKS,1,0.9559054970741272
amp_predictor,test,NLLQFNKMIKIMTKKNAFPFYTS,0,0.22322291135787964
amp_predictor,test,QDPYVDFLK,0,0.20993760228157043
amp_predictor,test,LCEKFKVQRLVELNCVD,0,0.1508760154247284
amp_predictor,test,TDSIKETIKETVNHQAEWPY,0,0.29139772057533264
amp_predictor,test,FLPFLAGLAANFLPKLFCKITRKC,1,0.9738627076148987
amp_predictor,test,ILGPVLSMVGSALGGLIKKI,1,0.9321393370628357
amp_predictor,test,LRRLWLRANRL,1,0.9767986536026001
amp_predictor,test,GIPCAESCVYIPCTITALLGCKCQDKVCYD,1,0.329354852437973
amp_predictor,test,GAFGNLLKGVAKKAGLKILSIAQCKLSGTC,1,0.996707022190094
amp_predictor,test,GLLDAIKDTAQNLFANVLDKIKCKFTKC,1,0.8380200266838074
amp_predictor,test,GLLSGILNSAGGLLGNLIGSLSNGES,1,0.8550412654876709
amp_predictor,test,FLQHIIGALGHLF,1,0.9809993505477905
amp_predictor,test,FLPLLAGLAANFLPKIFCKITRKC,1,0.9825506806373596
amp_predictor,test,EMLKKKKEVKMERKT,1,0.35951220989227295
amp_predictor,test,ITCCTRGTCAQHC,0,0.922448456287384
amp_predictor,test,FLPAVLRVAAKVVPTVFCLISKKC,1,0.9811075925827026
amp_predictor,test,TIEEVLNLPPYVVAA,0,0.06675688922405243
amp_predictor,test,RRYGTCIYQGRLWAF,1,0.9169196486473083
amp_predictor,test,WFKKLLKKALRLWKKVL,1,0.999548614025116
amp_predictor,test,MKRGYEVVRDPHLNK,0,0.20253250002861023
amp_predictor,test,GFFALIPKIISSPLFKTLLSAVGSALS,1,0.924963653087616
amp_predictor,test,VKMELDGGVASNSR,0,0.08172472566366196
amp_predictor,test,DCCYGRVNGCNPKMADKNYE,0,0.10681929439306259
amp_predictor,test,KIKWILKYWKWS,1,0.999640703201294
toxicity_predictor,train,DMHDFFVGLM,0,2.695292278076522e-05
toxicity_predictor,train,VHLPPPVHLPPPVHLPPP,0,0.0005736702005378902
toxicity_predictor,train,RHPDYSVALLLR,0,0.001681037712842226
toxicity_predictor,train,MDIVGITWAALMVVFTFSLSLVVWGRSGL,0,0.00010698698315536603
toxicity_predictor,train,FIGPIISALASLFGG,0,6.879556167405099e-06
toxicity_predictor,train,KFAKKFKWFAKAAFKFFKK,0,0.05541270598769188
toxicity_predictor,train,MSHTVKIYD,0,5.6175373174482957e-05
toxicity_predictor,train,GLAGAISSVLDKLKQSQLIKNYAKKLGYPR,0,9.143442730419338e-05
toxicity_predictor,train,MAPRGFSCLLLSTSEIDLPVKRRT,0,4.0281676774611697e-05
toxicity_predictor,train,MSAWMSAGFS,0,3.0249113478930667e-05
toxicity_predictor,train,GIWGTALKWGVKLLPKLVGMAQTKKQ,0,0.0010103668319061399
toxicity_predictor,train,APGFPGGPGA,0,0.00017358998593408614
toxicity_predictor,train,RIKIGLFDQLSRL,0,0.00016700592823326588
toxicity_predictor,train,GGRGHIAEYFSGPITQVSFYG,0,1.785378481145017e-05
toxicity_predictor,train,LILGKLWKGVKSIF,0,0.0011148109333589673
toxicity_predictor,train,IWNKIAKSIGKVLEKAL,0,0.0005140257999300957
toxicity_predictor,train,QKALAKLAKKALKALAKQ,0,0.04394897446036339
toxicity_predictor,train,KRIGLIRLIGKILRGLRRLG,0,0.15215861797332764
toxicity_predictor,train,DVVSPPVCGN,0,0.05726286768913269
toxicity_predictor,train,QKIAEKFSGTRRG,0,0.02404898963868618
toxicity_predictor,train,WRHWRRFWHR,0,0.1038101464509964
toxicity_predictor,train,RCVCTRGFCRCICLLGIC,1,0.9761900305747986
toxicity_predictor,train,GICPRILMECKRDSDCLAQCVCKRQGYCG,1,0.9620992541313171
toxicity_predictor,train,CVQSCSFGPLTWSCDGNTK,1,0.9443771839141846
toxicity_predictor,train,KKLALALAKKWLPLAKKLALALAKK,0,0.16690713167190552
toxicity_predictor,train,WLTAKRFCRCHPLHPGGYDPVPEKKSVL,0,0.004961308091878891
toxicity_predictor,train,IRCTGSKECYSPSY,0,0.7478406429290771
toxicity_predictor,train,SGKRWWRRKK,0,0.19516021013259888
toxicity_predictor,train,GLGSLLGKAFKFGLKTVGKMMGGAPREE,0,4.057874684804119e-05
toxicity_predictor,train,QRRCPRIYMECKHDSDCLADCVCLEHGICG,1,0.9064335227012634
toxicity_predictor,train,RQIKIWAQNRRMKWKK,0,0.008917775005102158
toxicity_predictor,train,LKKLLKLQKKLLKLAG,0,0.01334885973483324
toxicity_predictor,train,GIGGALLSAGKAALKGLAKVLV,0,0.00018302665557712317
toxicity_predictor,train,SDPEVPGMWFGPRL,0,2.1797425233671675e-06
toxicity_predictor,train,GLFKTLIKGAGKMLGHVAKQFLGSQGQPES,0,1.9119142962154e-05
toxicity_predictor,train,ALVSADGDSWFAR,0,5.901267172703228e-07
toxicity_predictor,train,RDWERREFERRQNELRREQEQRREELL,0,0.0006544626667164266
toxicity_predictor,train,GLESINFQ,0,8.014090013830355e-08
toxicity_predictor,train,MRAKWRKKRMRRLKRKRRKMRARSK,1,0.6943097114562988
toxicity_predictor,train,DGGRNFLRF,0,0.000530267134308815
toxicity_predictor,train,KFHEKHHSHRGY,0,0.5296788811683655
toxicity_predictor,train,GYEDEDEDRPFYALGLGKRPRTYSFGL,0,5.3088469940121286e-06
toxicity_predictor,train,RGSNLTHPL,0,0.000979020493105054
toxicity_predictor,train,GIAGQRGIVG,0,8.252737461589277e-05
toxicity_predictor,train,MDIITLGWVGVLSVFTLSIAFVVWGRHGM,0,3.6175344575894997e-05
toxicity_predictor,train,IGCWTKSIPPRPCFVK,0,0.03049868531525135
toxicity_predictor,train,KKCADIDQDCKTSCDCCE,1,0.9891079664230347
toxicity_predictor,train,SLSINTNTSEMIALQTLDA,0,5.629385668726172e-07
toxicity_predictor,train,LNLKKLAAVAKKIL,0,0.07678842544555664
toxicity_predictor,train,FFVLKFLLKWAGKVGLEHLACKFKNWC,0,0.01306631974875927
toxicity_predictor,train,TALPQLRLPATSRILCAGVLEGGIDTCNR,0,0.00020356978347990662
toxicity_predictor,train,RDVAVGSFLPPS,0,1.1493252713989932e-06
toxicity_predictor,train,SGAPGEAGREGAAGNEGAPGRD,0,1.711553704808466e-05
toxicity_predictor,train,GLPVCGESCFGGTCNTPGCACDPWPVCTRD,1,0.9537763595581055
toxicity_predictor,train,APQEPNQFQLLKYH,0,0.0001825153303798288
toxicity_predictor,train,GLVDVLGKVGGLIKKLLP,0,4.676983371609822e-05
toxicity_predictor,train,AKEKIHINIVVIGHV,0,0.00014624709729105234
toxicity_predictor,train,QGRHPPIPPAP,0,0.0008358847699128091
toxicity_predictor,train,GLPVCGETCFTGTCYTNGCTCDPWPVCTRN,1,0.9656331539154053
toxicity_predictor,train,ALWKTLLKNVGKAAGKAALNAVTDMVNQ,0,0.0001613973727216944
toxicity_predictor,train,MAQDIISTISDLVKWIIDTVNKFTKK,0,1.220792910316959e-06
toxicity_predictor,train,MTIDKNWLNRSNKDPGRSLRFTHQPV,0,3.583613579394296e-05
toxicity_predictor,train,GFWGKLFKLGLHGIGLLHLHL,0,0.0028285053558647633
toxicity_predictor,train,DCQPCGHNVCC,1,0.9935643076896667
toxicity_predictor,train,AQPSMRLRF,0,0.001864620833657682
toxicity_predictor,train,TVKVTVTGAAGQIGYALLFR,0,0.00031437771394848824
toxicity_predictor,train,ADDINPKEECFFEDDYYEFE,0,0.0011380439391359687
toxicity_predictor,train,KILPGVCKKIMRPFLRRISKDILTGKK,0,0.07057958096265793
toxicity_predictor,train,GLFDIVKKIAGHIA,0,0.00029408247792162
toxicity_predictor,train,RDCCTPPRKCKDRRCKPMKCCA,1,0.9777799844741821
toxicity_predictor,train,FLGALWNVKKSVF,0,0.00038734907866455615
toxicity_predictor,train,GATYAKKIIKTITKIATTAW,0,0.003156581660732627
toxicity_predictor,train,GNLVRKSVEHLTQE,0,1.3200471585150808e-05
toxicity_predictor,train,KLCGETCFKFKCYTPGCSCSYPFCK,1,0.9724324941635132
toxicity_predictor,train,KFRTRRSKSSSNGGRKGSKG,0,0.02624782919883728
toxicity_predictor,train,HFLGKLVNLAKKIL,0,0.007490883115679026
toxicity_predictor,train,FFPAIFRLVAKVVPSIICSVTKKC,0,0.0013831312535330653
toxicity_predictor,train,RIRFPWPWRWPWWPPFRG,0,0.0007657795795239508
toxicity_predictor,train,VKGSWSKKFEVIA,0,0.0001614912907825783
toxicity_predictor,train,IDRLNEVAKNLNESLIDLQELGK,0,4.288643822292215e-07
toxicity_predictor,train,RFRRLRWKTRWRLKKIWWPFLRR,1,0.11089169234037399
toxicity_predictor,train,GFCRCLCRRGVCRCICTR,1,0.9948185086250305
toxicity_predictor,train,GVLDILKNAAKNILAHAAEQI,0,5.191992022446357e-05
toxicity_predictor,train,FLFQPQRF,0,0.0005383418756537139
toxicity_predictor,train,LRWTPTPSYPRYPTRSRGSRWSR,0,0.0033837654627859592
toxicity_predictor,train,FLPLLAGLAANFLPKLFCKITRKC,0,0.0058028181083500385
toxicity_predictor,train,VEVQVRDKGKGIYGLSPLRQPAP,0,2.5787334379856475e-05
toxicity_predictor,train,VRRFPFFFPFLRR,0,0.009207629598677158
toxicity_predictor,train,GGDGAPGKDGIRG,0,6.787657912354916e-05
toxicity_predictor,train,ITSWSLCTAGCITGRIMGCNK,1,0.8537911176681519
toxicity_predictor,train,YSLRARPRF,0,0.04726734012365341
toxicity_predictor,train,GILSGLLGAGKKIVCGLSGMC,0,0.0009061011951416731
toxicity_predictor,train,IVGGYECEAYSKPYQVSINLGY,0,0.001966994721442461
toxicity_predictor,train,RWGKWFKKATHVGKHVGKAALTAYL,0,0.11063830554485321
toxicity_predictor,train,GSNKGFNFMVDMIQALSN,0,2.2830886337033007e-07
toxicity_predictor,train,GFPCGESCVYIPCFTAAIGCSCKSKVCYKN,1,0.9679503440856934
toxicity_predictor,train,MDIVSLGWAFLMVVFSFSLSLVVWGRNGL,0,4.0500573959434405e-05
toxicity_predictor,train,ENFAGGCTPGYQRTADGRCKATF,0,0.018184080719947815
toxicity_predictor,train,IDWKKIFEKVKNLV,0,0.0001591578620718792
toxicity_predictor,train,LSVNYQWLVR,0,0.00013931687863077968
toxicity_predictor,train,TRRAALFGFPGLKGRAGVMGFPGPKG,0,0.001171198091469705
toxicity_predictor,train,IIYCNRRTGKCQRM,0,0.12281578779220581
toxicity_predictor,train,STNCFCYPCCSCSS,1,0.9973927736282349
toxicity_predictor,train,PFKLSLHL,0,0.0013496289029717445
toxicity_predictor,train,KYALMKKIAELIPNLKSRQVK,0,0.003971901722252369
toxicity_predictor,train,LVFPIFPP,0,0.0004752756212837994
toxicity_predictor,train,VRLRIRVRVIRK,0,0.023433126509189606
toxicity_predictor,train,ELPGLPKGEKEQQEAIEHIDEV,0,2.3866837182140443e-06
toxicity_predictor,train,GIWGTLAKIGIKAVPRVISMLKKKKQ,0,0.003132722107693553
toxicity_predictor,train,GIGTKILGGLKTAVKGALKELASTYVN,0,5.215807686909102e-05
toxicity_predictor,train,LPASVDWRKEGAVLPIRHQGQCG,0,7.81690760049969e-05
toxicity_predictor,train,KLSYDDKVFENVEFTPRL,0,4.7555963647027966e-06
toxicity_predictor,train,GIPCGESCVFIPCLTSAIGCSCKSKVCYRN,1,0.9759455323219299
toxicity_predictor,train,TNDSAGDGTTTASVLAR,0,6.619628493353957e-06
toxicity_predictor,train,EPHPDEFVGLM,0,4.77078265248565e-06
toxicity_predictor,train,GFKDWIKGAAKKLIKTVASSIANQ,0,9.348923776997253e-05
toxicity_predictor,train,RKKRRARRR,0,0.5927596092224121
toxicity_predictor,train,MDPTVGWIALLAFFVVSIALVVWGRNGF,0,0.006261453032493591
toxicity_predictor,train,APKNIVLFGATGMTGQVTLGQALE,0,6.70674080538447e-06
toxicity_predictor,train,AKAWGIPPHVIPQIVPVRIRPLCGNV,0,8.127249748213217e-05
toxicity_predictor,train,GRTFFVGGNW,0,0.00010650155309122056
toxicity_predictor,train,WFRKQLKW,0,0.0027796770446002483
toxicity_predictor,train,CCGVPNAACPPCVCNKTCG,1,0.9926623106002808
toxicity_predictor,train,QVNFSPGWG,0,3.5279688290756894e-06
toxicity_predictor,train,GAIKDALKGAAKTVAVELLKKAQCKLEKTC,0,0.0056525543332099915
toxicity_predictor,train,DFIGSSTNVIMVASTTLMLF,0,5.081139079265995e-06
toxicity_predictor,train,NEESDLIADKFTNYNKLIRPAKH,0,1.4805701539444271e-05
toxicity_predictor,train,GFMDTAKNVAKNEAGNLLDNLKCKITKAC,0,0.0006030534859746695
toxicity_predictor,train,GLLSGILGAGKHIVCGLSGLC,0,0.0010770387016236782
toxicity_predictor,train,ATRGAKVSFGEFGLKAI,0,0.0001229411136591807
toxicity_predictor,train,MQTLPKERRY,0,0.02379857748746872
toxicity_predictor,train,LKKALKLLKKLLKLAG,0,0.018233736976981163
toxicity_predictor,train,LLKAAAKAAAKLL,1,0.9987609386444092
toxicity_predictor,train,ESECPWHPWC,0,0.17324286699295044
toxicity_predictor,train,VIGGDECNINEHPFLVLVYY,0,0.0018360208487138152
toxicity_predictor,train,FINTIKLLIEKYREWKNKQSS,0,0.00010846144141396508
toxicity_predictor,train,DAAEPWQLGFQDAATPIMQGIIDLHH,0,8.206570214497333e-07
toxicity_predictor,train,ILGPVLGLVSNALGGLLKNL,0,1.3482280337484553e-05
toxicity_predictor,train,LRIVKLILKWLR,0,0.06480666249990463
toxicity_predictor,train,VIGGDECNIN,0,0.012331429868936539
toxicity_predictor,train,GAFGNFLKGVAKKAGLKILSIAQCKLSGTC,0,0.0010118840727955103
toxicity_predictor,train,NCCPIDEESCCS,1,0.9969802498817444
toxicity_predictor,train,IWGIGCNPCVGDEVTALITRGEA,0,0.01274530217051506
toxicity_predictor,train,MKLLCWQKSIHGS,0,0.004184657242149115
toxicity_predictor,train,HHHHHHTKRRITPKDVIDVRSVTTEINT,0,0.05256110057234764
toxicity_predictor,train,GVPCGESCVYIPCFTGIINCSCRDKVCYNN,1,0.7384459972381592
toxicity_predictor,train,KQATCSIPYEYSNGKFKRTLYYSNGVYANS,0,0.0005656640278175473
toxicity_predictor,train,LKKLLKLEKKLLKLAG,0,0.008848617784678936
toxicity_predictor,train,GIYCIFEGGTPDDR,0,0.0009906154591590166
toxicity_predictor,train,FLPFFASLLGKLL,0,0.053697578608989716
toxicity_predictor,train,FLFNVIPHAINATASLIKK,0,8.334004814969376e-05
toxicity_predictor,train,TDVDHVFLRF,0,7.883743091952056e-05
toxicity_predictor,train,ILPILGNLLNGLL,0,0.0004501173098105937
toxicity_predictor,train,GLWDDLKAAAKKVVSSLASAAIEKL,0,1.7216691048815846e-05
toxicity_predictor,train,CKGKGASCRRTSYDCCTGSCRSGKCG,1,0.9874431490898132
toxicity_predictor,train,ICPRILMPCSSDSDCLAECICLENGFCG,1,0.8801301121711731
toxicity_predictor,train,SMLLLFFLGTISLSLCQDDQERC,0,0.00024287993437610567
toxicity_predictor,train,ALKAVPAVMGMIKKE,0,0.0026176099199801683
toxicity_predictor,train,GILGNIVGMGKQVVCGLSGLC,0,0.004987764172255993
toxicity_predictor,train,QGRPPGPPIPP,0,0.0006536492146551609
toxicity_predictor,train,VAGRSVVKIAEGYL,0,0.0001566889404784888
toxicity_predictor,train,CCNWPCSFGCIPCCY,1,0.9524955153465271
toxicity_predictor,train,LNQEEARKSE,0,1.735868863761425e-05
toxicity_predictor,train,RRARIVVIRVAR,0,0.0043526506051421165
toxicity_predictor,train,FLPFIAGMAAKFLPKIFCAISKKC,0,0.0029659897554665804
toxicity_predictor,train,DYMGWMDF,0,0.00017175306857097894
toxicity_predictor,train,PKRKSATKGDEPA,0,0.004153848625719547
toxicity_predictor,train,NLLGSLLKTGLKVGSNLL,0,1.1351488865329884e-05
toxicity_predictor,train,RRWRIVVIRVRR,0,0.010707302019000053
toxicity_predictor,train,GFMDTAKQVAKNVAVTLIDKLRCKVTGGC,0,0.0010454715229570866
toxicity_predictor,train,KQRSGESQNIIVGSWGAKVS,0,1.3701454690817627e-06
toxicity_predictor,train,MGQLNVLTGSKGEIR,0,1.4972448525440996e-06
toxicity_predictor,train,SYFVAAAQLL,1,0.9996063113212585
toxicity_predictor,train,GDDVLSACCD,0,0.4257921576499939
toxicity_predictor,train,WDCLTGWVEYPLVLEWRQFEQSKQLTENG,0,3.1957846658769995e-05
toxicity_predictor,train,MIIFRDLISH,0,0.0001401985646225512
toxicity_predictor,train,INMKASAAVAKKLL,0,0.011507770046591759
toxicity_predictor,train,GIMSSLMKKLKKIIKK,0,0.014706570655107498
toxicity_predictor,train,RLGDGCTR,0,0.030666770413517952
toxicity_predictor,train,FKRIVQRAKDFLR,0,0.022279782220721245
toxicity_predictor,train,DSHEERRQGRHGHHEYGRKFHEKHHSHRGY,1,0.4130008816719055
toxicity_predictor,train,GCCGSFACRFGCVPCCV,1,0.9967383742332458
toxicity_predictor,train,LKKLLKLLKKALKLAG,0,0.018233736976981163
toxicity_predictor,train,PYIGLLGTVMGIMLTFMDLG,0,3.2047450076788664e-05
toxicity_predictor,train,FHGGSWYRFPWGY,0,0.001017794362269342
toxicity_predictor,train,KSKEKIGKEFKRIVQRIKDFLRNLVPRTES,0,0.004746465943753719
toxicity_predictor,train,ILGKIWEGIKSLF,0,5.938485264778137e-05
toxicity_predictor,train,LSTAADMQGVVTDGMASGLDKDYLKPDD,0,3.174896789914783e-08
toxicity_predictor,train,VRLRIRVAVRRA,0,0.007263523526489735
toxicity_predictor,train,ADREPNHFVA,0,3.0323659302666783e-05
toxicity_predictor,train,KMDSRWRWKSSKK,0,0.02490832656621933
toxicity_predictor,train,MIDDSQIFVALLFALVSAVLAIRLGKELYQ,0,0.0035049805883318186
toxicity_predictor,train,KTAIRNIANLCPPKPEMKGI,0,0.0006785628502257168
toxicity_predictor,train,VIGGDECNINEHPFLA,0,0.0004072680603712797
toxicity_predictor,train,CYIQNCPRGGKRSYPDTAVPQCIPCGP,1,0.23708371818065643
toxicity_predictor,train,EQEENVVKIQAFWKGYKQRKEYM,0,9.843693987932056e-05
toxicity_predictor,train,FLGFVGQALNALLGKL,0,0.00035649011260829866
toxicity_predictor,train,VHLPPPVHLPPP,0,0.0005736702005378902
toxicity_predictor,train,KLKLFKKIGIGKFLHSAKKF,0,0.4272705912590027
toxicity_predictor,train,MRVLCGRDGRCPKFMCRTFL,1,0.28811225295066833
toxicity_predictor,train,GIGSALAKAAKLVAGIV,0,0.0009310845052823424
toxicity_predictor,train,KSKEKIGKEFKRIVQRIKDFLRNLVPR,0,0.0300353541970253
toxicity_predictor,train,AVDFSKVPTATAGPCKG,0,0.000994816655293107
toxicity_predictor,train,LKKLLKLHKKLLKLAG,0,0.07471632212400436
toxicity_predictor,train,FIHHIIGWISHGVRAIHRAIH,0,0.025935882702469826
toxicity_predictor,train,FLGGLMKAFPAIICAVTKKC,0,0.006726040039211512
toxicity_predictor,train,DDLHPFNENNMYYGCKGLSNSNKFED,0,0.0001310684165218845
toxicity_predictor,train,PSCVCSGFETSGIHFC,1,0.9761324524879456
toxicity_predictor,train,VLYSPDTKVPR,0,3.1107996619539335e-05
toxicity_predictor,train,GLVSSIGKALGGLLADVVKTKEQPA,0,2.369219373576925e-06
toxicity_predictor,train,VVDIVDTFRNNIQGATK,0,8.439286034445104e-07
toxicity_predictor,train,FSTKTRNWFSEHFKKVKEKLKDTFA,0,0.005992795340716839
toxicity_predictor,train,GCCSDPRCKHEC,1,0.9988196492195129
toxicity_predictor,train,FLPLLLSALPSFSCLVFKKC,0,0.002142052398994565
toxicity_predictor,train,PQVGLIPFPRV,0,3.0021559723536484e-05
toxicity_predictor,train,RQQPMTLDYRW,0,0.00018840667326003313
toxicity_predictor,train,ENFSGGCIPGYMRTADGRCKPTY,0,0.02808595448732376
toxicity_predictor,train,EDDHHHHHHHHHGVGGGGGGGGGG,0,0.07320146262645721
toxicity_predictor,train,KRIVKLLLKWLR,0,0.009874101728200912
toxicity_predictor,train,AIGSILGRLAKGLPTLKSWIKNR,0,0.00041777073056437075
toxicity_predictor,train,GFLDVVKGVGKAALGAVTHLINQ,0,3.284469130448997e-05
toxicity_predictor,train,KIASIGKEVLKAL,0,0.00040269229793921113
toxicity_predictor,train,MTDAQVFTILAIALVPAVMALLLGSALARS,0,0.21095070242881775
toxicity_predictor,train,GGGSNFGQFAGGLLDR,0,2.6091151994478423e-06
toxicity_predictor,train,GLRRLFADQLVGRRNI,0,0.0033692228607833385
toxicity_predictor,train,GLLGSIFGAGKKIACALSGLC,0,0.001045685145072639
toxicity_predictor,train,FLPIIGQLLSGLL,0,6.282715912675485e-05
toxicity_predictor,train,AIPCGESCVWIPCISAAIGCSCKNKVCYR,1,0.8942217230796814
toxicity_predictor,train,QRWPSPKVPP,0,0.00019346167391631752
toxicity_predictor,train,CTCKDMTDKECLYFCHQDIIW,1,0.8021844625473022
toxicity_predictor,train,SPRVCIRVCRNGVCYRRCWG,1,0.8496529459953308
toxicity_predictor,train,KAEEEVEKNKEEAEEKAEKKIAE,0,0.00013654057693202049
toxicity_predictor,train,PQLGLPFPRV,0,9.506534843239933e-05
toxicity_predictor,train,INLKAIAALAKKLLG,0,0.25100648403167725
toxicity_predictor,train,PFNVGGLDKFGTLN,0,8.000769753380155e-07
toxicity_predictor,train,YFDPFSLDVWDPFQA,0,3.989438027929282e-06
toxicity_predictor,train,GCRRLCWKQRCVTYCRGR,1,0.9652854800224304
toxicity_predictor,train,VGCEECPAHCKGKNAKPTCDDGVCNCNV,1,0.9930654764175415
toxicity_predictor,train,LWTRDYAGVYEAIRGFDWSQDAK,0,8.745878403715324e-06
toxicity_predictor,train,GKKLFVNVLDKIRCKVAGGC,0,0.019102903082966805
toxicity_predictor,train,MSKRAMKKIIPLITLFVVTLVG,0,0.00029023276874795556
toxicity_predictor,train,LKKWWKTSKGLLGGLLGKVTSVIK,0,0.0011808678973466158
toxicity_predictor,train,MAWTKPAYTDLRIGFEVTMYFASR,0,0.00011422015086282045
toxicity_predictor,train,GIINTLQKYYSRVRGGR,0,0.023871250450611115
toxicity_predictor,train,GSTGLISFGRT,0,4.383424675324932e-05
toxicity_predictor,train,QGRLGTQWAVGHLM,0,0.00020089457393623888
toxicity_predictor,train,KKAKAFAKAWAKAFKAA,0,0.08400285243988037
toxicity_predictor,train,IASASCTTCICTCSCSS,1,0.9968879818916321
toxicity_predictor,train,DCCIIAGCPFGCTICC,1,0.9692846536636353
toxicity_predictor,train,FLPIVGKSLSGLSGKL,0,4.73798718303442e-06
toxicity_predictor,train,ILGIITSLLKSLGKK,0,7.0713744207751e-05
toxicity_predictor,train,FLFPLITSFLSKVL,0,0.00022574047034140676
toxicity_predictor,train,MTRCISKKMLLEVDALSLIYSPHLYMS,0,0.0001982885441975668
toxicity_predictor,train,APTDMYSFGL,0,3.788510184676852e-06
toxicity_predictor,train,TRKRLKKIGKVLKWI,0,0.420998752117157
toxicity_predictor,train,LNLKALLAAAKKIL,1,0.9910063147544861
toxicity_predictor,train,SLGSFMKGVGKGLATVGKIVADQFGKLLEA,0,5.151334789843531e-06
toxicity_predictor,train,ILPIIGKILSTIFGK,0,1.6874746506800875e-05
toxicity_predictor,train,FLPAIAGVAAKFLPKIFCAISKKC,0,0.0029617133550345898
toxicity_predictor,train,LKKLLKLGKKLLKLAG,0,0.02951149083673954
toxicity_predictor,train,QNAHPSPK,0,0.0027253960724920034
toxicity_predictor,train,VVKQGLLAGRIPGL,0,0.00011673441622406244
toxicity_predictor,train,VTSWSLCTPGCTSPGGGSNCSFCC,1,0.9914365410804749
toxicity_predictor,train,FALGAVTKLLPSLLCMITRKC,0,0.005897285416722298
toxicity_predictor,train,MALPSALWWPG,0,0.00016031452105380595
toxicity_predictor,train,EDDHDHHHHHHHHHHHHGVGGGGGGGGGGA,1,0.22868621349334717
toxicity_predictor,train,RWRWRWRW,0,0.0148819824680686
toxicity_predictor,train,DGAKGDSGPAGPK,0,2.7384432542021386e-05
toxicity_predictor,train,GVITDALKGAAKTVAAELLRKAHCKLTNSC,0,0.0019606545101851225
toxicity_predictor,train,YGEPKLDAGV,0,2.8964445846213493e-06
toxicity_predictor,train,FLPAIAGMAAKFLPKIFCAISKKC,0,0.003972452599555254
toxicity_predictor,train,APAAGFFGMR,0,0.00021081167506054044
toxicity_predictor,train,YKQCHKKGGKKGSG,0,0.07526519894599915
toxicity_predictor,train,RKKRRQRRRLNLKALLAVAKKIL,1,0.40734192728996277
toxicity_predictor,train,IMYDCCSGSCSGYTGRC,1,0.9905825853347778
toxicity_predictor,train,FLGALWKVAKKVF,0,0.49989721179008484
toxicity_predictor,train,SVINTQIKPFKTQAFKNGKFIEVTE,0,1.0786747225211002e-05
toxicity_predictor,train,KRIRFFERIRDRLRDLGNRIKNRIRDFFS,0,0.051999203860759735
toxicity_predictor,train,YGNGVFSVIK,0,3.170970012433827e-05
toxicity_predictor,train,GIKEFAHSLGKFGKAFFGGILNQ,0,9.029985085362568e-05
toxicity_predictor,train,GLFDIAKKVIGVIGSL,0,9.126531040237751e-06
toxicity_predictor,train,FLNPFRWMINKYREWKNKKN,0,0.001683522597886622
toxicity_predictor,train,LKLKAIAALAKKKW,0,0.12330754101276398
toxicity_predictor,train,MRKEFHNVLSSGQLLADKRPARDYNRK,0,0.001350347651168704
toxicity_predictor,train,CGETCVVLPCFIVPGCSCKSSVCYFN,1,0.9571625590324402
toxicity_predictor,train,SVFAFQDESTSTIAQARLFI,0,1.3444354181046947e-06
toxicity_predictor,train,WLTLRRLSRCHPFTPCGCDPVPD,1,0.13822144269943237
toxicity_predictor,train,AVHGQFATL,0,0.0004104005347471684
toxicity_predictor,train,AKRLKKLAKKIWNWK,0,0.07126987725496292
toxicity_predictor,train,GLLNGLALRLGKRALKKIIKRLCR,0,0.07186389714479446
toxicity_predictor,train,LDTDLQGTMPEVYASERAAFL,0,6.128265113147791e-07
toxicity_predictor,train,YAIVARPRF,0,0.00656032282859087
toxicity_predictor,train,GNKATQSQVQTAMFMYIVFQGVLMYIGYR,0,7.86352320574224e-05
toxicity_predictor,train,TCRSSGRYCRSPYDRRRRYCRRITDACV,1,0.2095210999250412
toxicity_predictor,train,ALFSILRGLKKLGNMGQAFVNCKIYKKC,0,0.015674974769353867
toxicity_predictor,train,LCAALCLAIGRR,0,0.035449545830488205
toxicity_predictor,train,GWANTLKNVAGGLCKITGAA,0,0.0010096643818542361
toxicity_predictor,train,RGDKDIFTVHDILKARGEI,0,1.45623534990591e-05
toxicity_predictor,train,KDFCHLPPKPGPCRAAI,0,0.013818270526826382
toxicity_predictor,train,AKDGNQSAIIGNIL,0,2.868428623514774e-07
toxicity_predictor,train,GVLDILKGAAKDLAGHVATKVINKI,0,9.247860725736246e-05
toxicity_predictor,train,GIWDTIKSMGKVFAGKILQNL,0,6.179226147651207e-06
toxicity_predictor,train,DMYSKSTAAMSTYAGILTDQVLSMLKGEE,0,5.278986350276682e-07
toxicity_predictor,train,GRKKRRQRRRPPQTYADFIASGRTGRRNAI,1,0.3454991281032562
toxicity_predictor,train,LAEQAERYEEMVEFMEK,0,2.6302275728085078e-05
toxicity_predictor,train,NPQQDFMRF,0,1.0131063390872441e-05
toxicity_predictor,train,DEPDGVPTHQKQ,0,2.7059262720285915e-05
toxicity_predictor,train,FLSLIPAAISAVSALADHF,0,0.0007256108801811934
toxicity_predictor,train,MLSLIFYLRFPSYIRG,0,0.0008599311695434153
toxicity_predictor,train,HTAADLLR,0,0.0007736067636869848
toxicity_predictor,train,GLLSGILNSAGGLLGNLIGSLSN,0,9.493286370343412e-07
toxicity_predictor,train,INLKAIAALAKKLF,1,0.988660454750061
toxicity_predictor,train,GLLSVLGSVVKHVIPHVVPVIAEHL,0,4.679468474932946e-05
toxicity_predictor,train,NNQLNASHK,0,0.0007387083023786545
toxicity_predictor,train,RPSFNSWG,0,1.1752646059903782e-05
toxicity_predictor,train,FLGGLWKAMSNLL,0,0.00012476657866500318
toxicity_predictor,train,GFMSKVANFAKKFAKGGVNAIMNQK,0,0.0005510111222974956
toxicity_predictor,train,FKRIVQRIKDFLRNLV,0,0.0017869974253699183
toxicity_predictor,train,VSCEDCPEHCSTQKAQAKCDNDKCVCEPI,1,0.9792277216911316
toxicity_predictor,train,VFHLLGKIIHHVGNFVYGFSHVF,0,0.001839048694819212
toxicity_predictor,train,CKGKGASCRRTSYDCCTGSCRLGRC,1,0.9919118881225586
toxicity_predictor,train,AQRSPSLRLRF,0,0.008996250107884407
toxicity_predictor,train,EKYTEIPEYV,0,0.0006237945635803044
toxicity_predictor,train,LLPNLLKSLL,0,0.0012057687854394317
toxicity_predictor,train,GCCSDPRCKHQC,1,0.9986147880554199
toxicity_predictor,train,GAFGNFLKGVAKKAGLKILSIAQCKLFGTC,0,0.0019906198140233755
toxicity_predictor,train,APRKQLKW,0,0.03596440330147743
toxicity_predictor,train,GCCGVPSCMAGCRPCC,1,0.9982942938804626
toxicity_predictor,train,SGPGFMGVR,0,3.087846198468469e-05
toxicity_predictor,train,FLFKLIPKVIKGLVKAIRK,0,0.007908458821475506
toxicity_predictor,train,FTMKKSPLLLFFLGTISLSLC,0,0.00022450668620876968
toxicity_predictor,train,GWTLNSAGYLLGPHAIDNHRSFNEKHGIA,0,8.040490683924872e-06
toxicity_predictor,train,GLWEKVKEKANELVSGIVEGVK,0,8.891691322787665e-06
toxicity_predictor,train,GRRCPRIYMECKRDADCLADCVCLQHGICG,1,0.9031100273132324
toxicity_predictor,train,PCCSKLHDNSCCGL,1,0.9939870834350586
toxicity_predictor,train,GIGTKIIGGLKTAVKGALKELASTYVN,0,5.185278132557869e-05
toxicity_predictor,train,MRRAVILVLDRAGPV,0,0.0007760074804536998
toxicity_predictor,train,GKPNKPRPAPIKPRPPHPRL,0,0.024008672684431076
toxicity_predictor,train,GCKLTFWKCKNKKECCGWNACALGICMPR,1,0.9663090109825134
toxicity_predictor,train,RRLRWWTRWRLK,0,0.08472006022930145
toxicity_predictor,train,GAVSGLLTNL,0,8.237870133598335e-06
toxicity_predictor,train,GILDALTGIL,0,7.098666173988022e-06
toxicity_predictor,train,DKNKKPIWMAGFPGFTPIR,0,0.00011244663619436324
toxicity_predictor,train,AGFAAQAAASLAPVAIQQL,0,0.041102927178144455
toxicity_predictor,train,MQNQRIRIR,0,0.0036537484265863895
toxicity_predictor,train,DINFPICRFCCQCCNKPSCGICCEE,1,0.9852781891822815
toxicity_predictor,train,GLGSVFGRLARILGRVIPKV,0,0.0003893239190801978
toxicity_predictor,train,HSEGTFSNDYSKYLETRRAQDFVQWLKNS,0,5.550934474740643e-06
toxicity_predictor,train,REIIPRLAVDTGLGLGRRGQKGDQGP,0,3.806384847848676e-05
toxicity_predictor,train,GLFSKFAGKGIVNFLIEGVE,0,3.79307994080591e-06
toxicity_predictor,train,MIIYRIAASHKK,0,0.00847269594669342
toxicity_predictor,train,GAGIVVASIDTGVRVSHE,0,4.398339569888776e-06
toxicity_predictor,train,FFPSIAGLAAKFLPKIFCSITKRC,0,0.0015571246622130275
toxicity_predictor,train,ITGGPAVVHQA,0,9.7268981335219e-05
toxicity_predictor,train,AEAAGLLPFPRV,0,0.00010631109762471169
toxicity_predictor,train,LAKTVPLNDGTNFPIFGG,0,1.41513714879693e-06
toxicity_predictor,train,CYIQNCPLG,0,0.20555143058300018
toxicity_predictor,train,GIGCGESCVWIPCVSAAIGCSCSNKICYRN,1,0.9691612124443054
toxicity_predictor,train,MKNLRNRSFLTLLDFSRQEVEFLLTLSEDL,0,4.0216900742962025e-06
toxicity_predictor,train,KLFKKIGIGAVLKVLTTGLPALKLTK,0,0.002199295675382018
toxicity_predictor,train,GLFDVIAKVASVIGGL,0,1.2298291039769538e-05
toxicity_predictor,train,INSLKLGKKILGAL,0,0.00028278876561671495
toxicity_predictor,train,GRFKRFRKKFKKLFKKLSPVIPLLHL,1,0.5790757536888123
toxicity_predictor,train,FLPIVGRLISGIL,0,5.8527544751996174e-05
toxicity_predictor,train,FRKKWNKWALSR,0,0.028194036334753036
toxicity_predictor,train,WIIFKIAASHKK,0,0.007217672653496265
toxicity_predictor,train,RCFCRRGVC,1,0.996428906917572
toxicity_predictor,train,RGKRWWRRKK,0,0.3087402880191803
toxicity_predictor,train,DTHFPIYIFCCGCCHRSKCGMCCKT,1,0.9850425720214844
toxicity_predictor,train,YAEVPSPAAQAPTAD,0,6.096384095144458e-05
toxicity_predictor,train,GLFGVLAKVAAHVVPAIAEHF,0,0.013090728782117367
toxicity_predictor,train,GAYDLRRRERQSRLRRRERQSR,0,0.25043368339538574
toxicity_predictor,train,MDIVSLAWAGLMVVFTFSLSLVVWGRSGL,0,4.9919432058231905e-05
toxicity_predictor,train,MIFNDLIGNNNIGD,0,7.569993840661482e-07
toxicity_predictor,train,GILSSLWKKPKKIIAK,0,0.008673476986587048
toxicity_predictor,train,RRPWRWPWWPWRR,0,0.009045992977917194
toxicity_predictor,train,GILSTVFKAGKGIVCGLSGLC,0,0.004075268749147654
toxicity_predictor,train,REVCELNPDCDELADHIGFQEAYR,0,0.0031880869064480066
toxicity_predictor,train,GFLDVVKHIGKAALGAVTHLINQ,0,8.993239316623658e-05
toxicity_predictor,train,MSRLFFVCRKVR,0,0.014163854531943798
toxicity_predictor,train,AGLPPEEKPKLCDAACE,0,0.05554153770208359
toxicity_predictor,train,GLFGKILGVGKKVLCGLSGMC,0,0.0014116807142272592
toxicity_predictor,train,GIKEFAHSLGKFGKAFVGGILNQ,0,4.942240775562823e-05
toxicity_predictor,train,FIHHIIGGLFSAGKARHRLIRRRRR,1,0.8871005177497864
toxicity_predictor,train,ANDPQCLYGNVAAKF,0,0.0009933761321008205
toxicity_predictor,train,SVIELGKMILQETGKNPVTHYGA,0,2.6790805804921547e-06
toxicity_predictor,train,VLDIYEQKLGQTRVLDIYEQK,0,4.040562089357991e-06
toxicity_predictor,train,MDFNISGIGNVS,0,2.5945175252672925e-07
toxicity_predictor,train,IGKEFKRIVQRIKDFLRNLVPRTES,0,0.0005621639429591596
toxicity_predictor,train,KKIASIGKEVLKAL,0,0.0016832943074405193
toxicity_predictor,train,PQRGEGGRAGNLLREEQEI,0,1.160970077762613e-05
toxicity_predictor,train,TFLDKFNHEAEDLFYQ,0,1.4922192349331453e-05
toxicity_predictor,train,KWKLFKKGAVLKVLT,0,0.038527172058820724
toxicity_predictor,train,RGSNLTTHPLRNIKDLVVYM,0,4.694459494203329e-05
toxicity_predictor,train,VHYHDCFVR,0,0.16342958807945251
toxicity_predictor,train,GWMSKIASGIGTFLSGMQQ,0,1.0745653753474471e-06
toxicity_predictor,train,WCASGCRKKRHGGCSC,1,0.987815797328949
toxicity_predictor,train,FKCARWQWRMKKLGA,0,0.03661104664206505
toxicity_predictor,train,FLPAVLLVATHVLPTVFCAITRKC,0,0.0025034465361386538
toxicity_predictor,train,QYADCSEIYNDGFK,0,0.0034909588284790516
toxicity_predictor,train,KWKSFLKTFKVAVKTVLHTALKAISS,0,0.0038602270651608706
toxicity_predictor,train,GVVDSAIDAETR,0,3.608756742323749e-07
toxicity_predictor,train,MKRIGVLTSGGDSPGMNAAIRAVVR,0,1.4599216228816658e-05
toxicity_predictor,train,GWGDTFGKVLKNFAKVAGVKAAK,0,0.0007350090891122818
toxicity_predictor,train,GIFKDTLKKVVAAVLTTVADNIHPK,0,7.033786096144468e-05
toxicity_predictor,train,GILDAITGLL,0,7.098666173988022e-06
toxicity_predictor,train,DVSLPAEGFR,0,1.5700659616868506e-07
toxicity_predictor,train,ASPYAFGL,0,5.347092519514263e-05
toxicity_predictor,train,DKNKKPIRVGGRRPPGFTPFR,0,0.08433298766613007
toxicity_predictor,train,VIPFVASVAAEMMQHVYCAASKRC,0,0.003915749490261078
toxicity_predictor,train,IDPFVAGVAAEMMQHVYCAASKKC,0,0.005956363398581743
toxicity_predictor,train,GWKKWLRKGAKHLGQAAIKGLAS,0,0.040137920528650284
toxicity_predictor,train,ILPILSLIGGLL,0,0.0017772212158888578
toxicity_predictor,train,SPAPPACDPRLLNKLLRDDHVLHGRL,0,0.0002467164886184037
toxicity_predictor,train,MLNAVDAKLTTDFGQR,0,1.6128590232256101e-06
toxicity_predictor,train,TKFAILLESFTPFVSTP,0,1.6272819266305305e-05
toxicity_predictor,train,WFWKLLWKALRLWWKVL,1,0.9965428709983826
toxicity_predictor,train,MAILTLGWVSLLVVFTWSIAMVVWGRNGL,0,0.05018023028969765
toxicity_predictor,train,GGGGRGYEYNKQCLIFC,0,0.20880602300167084
toxicity_predictor,train,SAGAQGARGDKGEAGEAGER,0,2.8553209631354548e-05
toxicity_predictor,train,GFGKAFHSVSNFAKKHKTA,0,0.03600107505917549
toxicity_predictor,train,AFRKQLKW,0,0.011039404198527336
toxicity_predictor,train,GSSGLIPMGRV,0,3.514187710607075e-06
toxicity_predictor,train,MRINTNINSM,0,9.250426046492066e-06
toxicity_predictor,train,VVVTLASGLEMCDTTTDGGGWTIFQ,0,0.00020649588259402663
toxicity_predictor,train,GFFALIPGIE,0,1.9832043108181097e-05
toxicity_predictor,train,GAVPAAQFSPRL,0,6.084436608944088e-05
toxicity_predictor,train,YQEPVLGPVRGPFPIIV,0,2.4001526981010102e-05
toxicity_predictor,train,FFPAILRVAAKVGPAVLCAITKKC,0,0.0028913868591189384
toxicity_predictor,train,FLPLLISALTSLFPKLGK,0,6.0764581576222554e-05
toxicity_predictor,train,HSQGTFTSDYSKYLDSRRAQDFVQWLMNT,0,2.3424615847034147e-06
toxicity_predictor,train,RKKRWWRRKK,0,0.30121561884880066
toxicity_predictor,train,FQWQRNPRKVR,0,0.009641330689191818
toxicity_predictor,train,MIRVARESFALVSVIGFVWMMCTVANLVA,0,0.07266227900981903
toxicity_predictor,train,GLFSVLGSVAKHLLPHVAPIIAEKL,0,5.928227255935781e-05
toxicity_predictor,train,YCQKWMWTCDSKRKCCEDMVCQLWCKKRL,1,0.9504812359809875
toxicity_predictor,train,ALVEDPQMQKYHKH,0,0.0015758061781525612
toxicity_predictor,train,MKWAAPIVSEICVGMEVTSYESAEIDTFN,0,5.6618529924890026e-05
toxicity_predictor,train,RPKPQQWFWLM,0,0.0003567416570149362
toxicity_predictor,train,GWINEEKIQKKIDEP,0,3.4273714391019894e-06
toxicity_predictor,train,RAEAVPPGFTPFRKP,0,0.00038000880158506334
toxicity_predictor,train,AEYTLPDLGWDYAASGPG,0,3.0585601962229703e-06
toxicity_predictor,train,VVNTPGHAVSYHVY,0,0.0005647614016197622
toxicity_predictor,train,FLSGLVGALAKMF,0,0.009348340332508087
toxicity_predictor,train,RGPRRQPRRHRRPRR,1,0.5994490385055542
toxicity_predictor,train,GIGKHVGKALKGLKGLLKGLGES,0,0.0015709820436313748
toxicity_predictor,train,LLIILRRRIRKQAHAHSKNHQQQNPHQPPM,1,0.14472773671150208
toxicity_predictor,train,TSTVFSDGQR,0,3.5244713672000216e-06
toxicity_predictor,train,VSTLLPVVAAEEPA,0,8.108020847430453e-05
toxicity_predictor,train,RKCLRWQWEMRKYGG,0,0.02447865717113018
toxicity_predictor,train,GIHHILKYGKPS,0,0.17515717446804047
toxicity_predictor,train,GRGGSSNYVRL,0,0.00024355425557587296
toxicity_predictor,train,EQATLIDFGKLNADIVPDKNGGMTQ,0,5.559887483741477e-08
toxicity_predictor,train,RIKRFWPVVIRTVVAGYNLYR,0,0.0015762398252263665
toxicity_predictor,train,FLPVLAGIAAKVVPALFCKITKKC,0,0.002950913505628705
toxicity_predictor,train,RIKRFWPVVIRTVVAGYN,0,0.0005580303259193897
toxicity_predictor,train,KWKSFINKLTSKFLHSAKKF,0,0.03896337375044823
toxicity_predictor,train,LENGLLRKPPMG,0,7.512939919251949e-05
toxicity_predictor,train,HPLMLRRPIMLDEKRLQIGFNDEE,0,2.994995884364471e-05
toxicity_predictor,train,DLYGNIVLSGGSTMF,0,6.198622486408567e-07
toxicity_predictor,train,RWKRWWRRKK,0,0.13417866826057434
toxicity_predictor,train,ESQKVQGDVIGVDLGTTYSCVA,0,9.413153020432219e-05
toxicity_predictor,train,ANFLPKIFCKITRKC,0,0.07917392253875732
toxicity_predictor,train,GLPTCGETCFKGKCYTPGCSCSYPICKKN,1,0.9848109483718872
toxicity_predictor,train,IFGLLLHGAIHVGKLIHGLVRRH,0,0.06576209515333176
toxicity_predictor,train,GIRDVLKGAAKAFVKTVAGHIAN,0,0.0006961772451177239
toxicity_predictor,train,RATVNGLPA,0,0.0001395117724314332
toxicity_predictor,train,CRQIKIWFPNRRMKWKKC,0,0.05014940723776817
toxicity_predictor,train,ASSGLISMPRV,0,4.5237889025884215e-06
toxicity_predictor,train,GWWRRTVDKVRNAGRKVAGFASKACGALGH,0,0.00441270787268877
toxicity_predictor,train,ALWMTLLKKVLKAAAKALNAVLVGANA,1,0.9796116948127747
toxicity_predictor,train,GLWSKIKEAGKAVLTAAGKAALGAVSDAV,0,6.904633482918143e-05
toxicity_predictor,train,FLGSLFSIGSKLLPGVFKLFSRKKQ,0,0.00012225675163790584
toxicity_predictor,train,CYIQNCLRV,0,0.26735320687294006
toxicity_predictor,train,GLLSGVLGVGKKIVCGLSGLC,0,0.0013482299400493503
toxicity_predictor,train,SRPYSFGL,0,3.633223968790844e-05
toxicity_predictor,train,GIGAAILSAGKSIIKGLANGLAEHF,0,1.748020622471813e-05
toxicity_predictor,train,KQIMTQFFNFARSPAVKD,0,2.878340455936268e-05
toxicity_predictor,train,WKSYVRRWR,0,0.015618578530848026
toxicity_predictor,train,RRLRKKTRKRLKKIGKVLKWI,1,0.8132357597351074
toxicity_predictor,train,QGGAPWNPIPP,0,3.679956716950983e-05
toxicity_predictor,train,GAGGALFVHRD,0,5.040996620664373e-05
toxicity_predictor,train,INWLRLGRRILGAL,0,0.008476370014250278
toxicity_predictor,train,GSVIKCGESCLLGKCYTPGCTCSRPICKKD,1,0.9904733300209045
toxicity_predictor,train,VYPFCWGGAYAFCKAKLV,0,0.035760097205638885
toxicity_predictor,train,ATKAVCVLKGDGPVQGIINF,0,9.174709703074768e-05
toxicity_predictor,train,GWASKIGQTLGKMAKVGLQELIQPK,0,2.342029256396927e-05
toxicity_predictor,train,KVVKQWPIGKVVKKVVKKVVK,0,0.004797909874469042
toxicity_predictor,train,GLLQTIKEKLESLESLAKGIVSGIQA,0,8.026149771467317e-07
toxicity_predictor,train,TPLKESTCYLPKETGPCVGYFFRYY,0,0.07099296152591705
toxicity_predictor,train,LKKLLKKLLKW,0,0.0119167510420084
toxicity_predictor,train,KWKLFKKIPKFLHLAK,0,0.10550019890069962
toxicity_predictor,train,STAGDTHLGGEDF,0,6.505375154119974e-07
toxicity_predictor,train,MKIKFSRGARFSATFSFDKYPFLLYEVVR,0,0.0006437984993681312
toxicity_predictor,train,CVKVQVKVGSGVKVQVKVC,0,0.04043947905302048
toxicity_predictor,train,KWKLFKKIPLKKF,0,0.09531452506780624
toxicity_predictor,train,KIKKGFKKIFKRLPPIGVGVSIPLAGKR,1,0.16844767332077026
toxicity_predictor,train,NWKKIASIGKEVLKAL,0,0.0008712979615665972
toxicity_predictor,train,HECCKKGFCDPGCDCCDQ,1,0.9964027404785156
toxicity_predictor,train,STRCQGRGASCRKTMYNCCSGSCNRGRCG,1,0.9815648198127747
toxicity_predictor,train,VNFKLLSHSLLVTLASHL,0,0.00014347162505146116
toxicity_predictor,train,CALNNYGRKKRRQRRR,0,0.45499706268310547
toxicity_predictor,train,KKWKKFIKKIGIGAVLTTPGAKK,0,0.39421239495277405
toxicity_predictor,train,ALLLAIRRR,0,0.0685187429189682
toxicity_predictor,train,FLPGLIKAAVGIGSTIFCKISRKC,0,0.001207688357681036
toxicity_predictor,train,GCPWEPWC,0,0.13140855729579926
toxicity_predictor,train,QERRQSPE,0,0.0008855845662765205
toxicity_predictor,train,FFPIGVFCKIFKTC,0,0.08603373169898987
toxicity_predictor,train,MLVGKKVQTF,0,0.000814072962384671
toxicity_predictor,train,FENKVPEKQKLFQEDNGIPVVLKGGVADA,0,1.155268137154053e-06
toxicity_predictor,train,RFRRLRWKTRWRLKKI,1,0.5595577359199524
toxicity_predictor,train,GIPCGESCVWIPCISAAIGCSCKSKVCYRN,1,0.9489179253578186
toxicity_predictor,train,FFSALLSGIKSLF,0,3.0436242013820447e-05
toxicity_predictor,train,QYRHRCCAWGPGRKYCKRWC,1,0.8238308429718018
toxicity_predictor,train,EAEYNPDITVRDAIKLAEKALKSS,0,3.1004922220745357e-06
toxicity_predictor,train,KRRIRRERNKMAAAKSRNRRRELTDTGC,1,0.3577793538570404
toxicity_predictor,train,IVRRGCCSDPRCAWRCG,1,0.9785455465316772
toxicity_predictor,train,GFPGERGGPGA,0,0.00019169121515005827
toxicity_predictor,train,GILKKFMLHRGTKVYKMRTLSKRSH,1,0.7765204906463623
toxicity_predictor,train,AKGLNKILEKVGEEA,0,3.248772554798052e-05
toxicity_predictor,train,MCMLSWFISTSPLKEYCGGKRNLQRNNF,0,0.0015647894470021129
toxicity_predictor,train,RNGCIVDPRCPYQQCRRPLYCRRR,1,0.4176321029663086
toxicity_predictor,train,DNPSSTPPLR,0,1.987792165891733e-05
toxicity_predictor,train,FKRIHQRIKDFLR,0,0.2161157727241516
toxicity_predictor,train,KWCFRVCYRGICYRRCR,1,0.9376576542854309
toxicity_predictor,train,GPAGPAGPAG,0,0.0003166095120832324
toxicity_predictor,train,MTGTQGEAGR,0,7.59866670705378e-05
toxicity_predictor,train,KCRRRKVHGPMIRIRKKNL,1,0.8553776144981384
toxicity_predictor,train,LKPDEELQGPGGVLSRGYFVFRPRN,0,1.0134705917153042e-05
toxicity_predictor,train,DGGEPAAPLWFGPRV,0,6.67134963805438e-06
toxicity_predictor,train,WLKKLLKKLLK,0,0.0119167510420084
toxicity_predictor,train,FVKWWSKWLKKIL,0,0.002471972955390811
toxicity_predictor,train,APGEKGESGPAGPGGPTGS,0,9.719563968246803e-05
toxicity_predictor,train,APQPYAFGL,0,7.606656436109915e-05
toxicity_predictor,train,GFGCYRSCWKAGHDEETCKKECS,1,0.9096407890319824
toxicity_predictor,train,LNLRALLAVARRIL,1,0.9649588465690613
toxicity_predictor,train,QWGQHPNIPP,0,8.003074617590755e-05
toxicity_predictor,train,KAKLFKKIGIGKFLHSAKKF,0,0.5798282027244568
toxicity_predictor,train,RGLRRLGRKIAHGVKKYGATVLRIIRIA,1,0.3987541198730469
toxicity_predictor,train,SRDIVSVYDD,0,3.83875459419869e-07
toxicity_predictor,train,WLRMASGLTDYR,0,0.0004496239416766912
toxicity_predictor,train,QHWSHGLSPG,0,0.00026337086455896497
toxicity_predictor,train,FIAGLNGLR,0,0.000210739322938025
toxicity_predictor,train,YGVGLGKDHTLFAKVDGVVKFETKGA,0,2.7485162718221545e-05
toxicity_predictor,train,CYIQNCPRG,0,0.4457567632198334
toxicity_predictor,train,MAVKAISGCDKDQELI,0,8.816851732262876e-06
toxicity_predictor,train,DCCHNTQLPFIYKTCPEGCNL,1,0.6661440134048462
toxicity_predictor,train,NSTMNSLLQLGR,0,2.447017777740257e-06
toxicity_predictor,train,GLPVCGETCVGGTCNTPGCSCSWPVCFRN,1,0.9895607233047485
toxicity_predictor,train,GALRGCWTKSYPPKPCK,0,0.06111523136496544
toxicity_predictor,train,NHQLTQENERLTQK,0,0.00032937966170720756
toxicity_predictor,train,FLSGIVGMLGKLF,0,5.581547156907618e-05
toxicity_predictor,train,QSHISLCRWCCNCCKANKGCGFCCKF,1,0.9975810050964355
toxicity_predictor,train,GCRRLCYRQRCVTYCRGR,1,0.9410393238067627
toxicity_predictor,train,MEFGNLTNLDVA,0,6.152520199975697e-07
toxicity_predictor,train,AAAAPPRRGPSGPDA,0,0.00017032053438015282
toxicity_predictor,train,MGDISPLTGTNGQIR,0,3.563106076853728e-07
toxicity_predictor,train,IVGGTEVTPGEIPYQLSFQD,0,6.09829839959275e-07
toxicity_predictor,train,AETVQYYNSYSDASIASMAIVDSGK,0,1.4501586065307492e-06
toxicity_predictor,train,LIIFRILISHK,0,0.0013754350366070867
toxicity_predictor,train,SPPSEQLGKSFNF,0,7.987855497049168e-07
toxicity_predictor,train,LPSIGHYY,0,0.0010034102015197277
toxicity_predictor,train,GIWSSLLKKLKKIIAK,0,0.0037987479008734226
toxicity_predictor,train,VVGGDECNINE,0,0.026559382677078247
toxicity_predictor,train,FLPMLAKLLSGFLGK,0,0.00035207491600885987
toxicity_predictor,train,GVITDALKGAAKTVAAELPRKAH,0,0.0005792811862193048
toxicity_predictor,train,GLVPCGETCFTGKCYTPGCSCSYPICKKN,1,0.9819144606590271
toxicity_predictor,train,LKKWLKKWLKK,0,0.04547201842069626
toxicity_predictor,train,IFGAILPLALGALKNLIK,0,0.04121968150138855
toxicity_predictor,train,AELPQGLWVRPRLG,0,0.00024564078194089234
toxicity_predictor,train,FTMKKSLLFIFFLGTISLSLC,0,0.0003562746860552579
toxicity_predictor,train,LNVGDSVIAIECRPLSKTKSFRLKTIVATG,0,2.8974091037525795e-05
toxicity_predictor,train,GSTGLIPFGRT,0,5.29623830516357e-05
toxicity_predictor,train,ANIVGGIEYSINNASICSVGFSVTR,0,8.822001836961135e-05
toxicity_predictor,train,MEILTLGWVSLLVVFTWSIAMVVWGRNGL,0,0.0011934072244912386
toxicity_predictor,train,KIWVIRWR,0,0.0011071448680013418
toxicity_predictor,train,MISDTQIFVALILALFSFVLAIRLGTSLY,0,0.013527261093258858
toxicity_predictor,train,TRRKWWKKVLNGAIKIAPYILD,0,0.0041256374679505825
toxicity_predictor,train,AKEKEVTFQ,0,0.00018006283789873123
toxicity_predictor,train,MADAEDIQPLVCDNGTG,0,4.5350316213443875e-05
toxicity_predictor,train,NVWKKILGKIIKVVK,0,0.0007573373732157052
toxicity_predictor,train,KHTLPDLPYDFGALQPHISAEIM,0,3.114937271675444e-06
toxicity_predictor,train,SQTQSFNFNKFEQNK,0,3.4757937100948766e-05
toxicity_predictor,train,GLMDTVKNAAKNLAGQLLDRLKCKITGC,0,0.0004703050071839243
toxicity_predictor,train,KWCRCVCRRGICRCRCRG,1,0.9956360459327698
toxicity_predictor,train,GIWKFLKKAKKFWK,0,0.04138290137052536
toxicity_predictor,train,KTKKKLLKKT,0,0.5894091725349426
toxicity_predictor,train,VPIIYCNRRTGKCQRM,0,0.036569107323884964
toxicity_predictor,train,DSMGAVKLAKLLIDKMKCEVTKAC,0,0.0015161385526880622
toxicity_predictor,train,GSNKGFNFMVDMINALSN,0,5.546265811062767e-07
toxicity_predictor,train,DGAETPGAAASLWFGPRV,0,3.372349965502508e-06
toxicity_predictor,train,TSLDASIWAMMQNA,0,1.1684692253766116e-06
toxicity_predictor,train,DCCPCPAGAVRCRFACC,1,0.9936178922653198
toxicity_predictor,train,KEKLKLKCKAPKCYNDKLACT,1,0.6100172996520996
toxicity_predictor,train,EKGYNPYVR,0,0.002156536327674985
toxicity_predictor,train,GSSGGMIPFPRV,0,7.20328444003826e-06
toxicity_predictor,train,GLISNLGI,0,1.3348740139917936e-06
toxicity_predictor,train,MISDIQIMVALFAALFTGILALRLGTELYK,0,0.015291672199964523
toxicity_predictor,train,SCTTCECCCSCS,1,0.9998390674591064
toxicity_predictor,train,LFGLIPSLIGGLVSAFK,0,1.2015914762741886e-05
toxicity_predictor,train,FKVDEEFQGPIVSQNRRYFLFRPRN,0,0.0001083824536181055
toxicity_predictor,train,FVRWWSRWLRRIL,0,0.009405500255525112
toxicity_predictor,train,ASIIKTTIKVSKAVCKTLTCICTGSCSNCK,1,0.9266036748886108
toxicity_predictor,train,KKLALALKKPALLWKKLALALKKA,0,0.08345853537321091
toxicity_predictor,train,YSRLIAGLKKASI,0,0.0022425074130296707
toxicity_predictor,train,GLPICGETCVGGSCNTPGCSCSWPVCTRN,1,0.9909906387329102
toxicity_predictor,train,LAFVAGVAAEMMQHVYCAASKKC,0,0.013382450677454472
toxicity_predictor,train,TRSRWRRFIRGAGRFARRYGWRIALGLVG,1,0.13963139057159424
toxicity_predictor,train,QSPKDAYPYDISELVKDAYPYDISELVK,0,2.3473883175029187e-06
toxicity_predictor,train,MDTQGFSCLLLLISEIDLSVKRRI,0,5.565930678130826e-06
toxicity_predictor,train,TTPLCVGVIIGLTTSIKICK,0,0.008254720829427242
toxicity_predictor,train,AKKTILDLKD,0,0.00012121665349695832
toxicity_predictor,train,KCFQWQRNMRKVRGPPVSCIKR,0,0.04187862575054169
toxicity_predictor,train,GFFGKMKEYFKKFGASFKRRFANLKKRL,1,0.23405729234218597
toxicity_predictor,train,AIGNILKTLGNLAQKILGK,0,8.157423144439235e-05
toxicity_predictor,train,MWTKPSYTDLRIGFEVTLYFANR,0,4.325088957557455e-05
toxicity_predictor,train,KDGYPVDNANCKYE,0,0.02215122990310192
toxicity_predictor,train,GLLSVLGSVAKHVLPHVVPVIAEHL,0,6.795481749577448e-05
toxicity_predictor,train,DSVGSTTAHKQQNINHLLDK,0,4.376640390546527e-06
toxicity_predictor,train,LRDYANRVINGGPVEAAGPPA,0,1.3791576748189982e-05
toxicity_predictor,train,TDPDADKGEFLAEGGGVR,0,3.354300304181379e-07
toxicity_predictor,train,KKLLPIVANLLKSLL,0,0.002211210783571005
toxicity_predictor,train,KSLRRVWRSWR,0,0.06260767579078674
toxicity_predictor,train,RNCESLSHRFKGPCTRDSN,0,0.09019049257040024
toxicity_predictor,train,GILDAIKAFANALG,0,0.0002375645999563858
toxicity_predictor,train,INWKKMAATALKMI,0,0.029038768261671066
toxicity_predictor,train,GLPTCGETCFGGTCNTPGCTCDPWPICTRD,1,0.9516701698303223
toxicity_predictor,train,VIGSILGALASGLPTLISWIKNR,0,5.96392601437401e-06
toxicity_predictor,train,DFWLTEKDLIPKLFKVLAPR,0,0.00018562673358246684
toxicity_predictor,train,PSSSSSSRIGDP,0,6.2019853430683725e-06
toxicity_predictor,train,FLPILASLAATLGPKLLCLITKKC,0,0.0019259682158008218
toxicity_predictor,train,VRRFGWWWGFLRR,0,0.014712291769683361
toxicity_predictor,train,TSHGGGKAGKSKLLDVNY,0,0.0001313668180955574
toxicity_predictor,train,FLPLLFGAISHLL,0,0.06400416046380997
toxicity_predictor,train,SCTTCECSCSCSS,1,0.9995861649513245
toxicity_predictor,train,MGTTTMGVKLDDATRERIKSAASRID,0,3.3009721391863422e-06
toxicity_predictor,train,KWCGRVCYRGICYRRCR,1,0.9634117484092712
toxicity_predictor,train,AQTPVKVTVTGAAGQIGYALLFRI,0,0.00013321204460226
toxicity_predictor,train,IVPFLGPLLGLLT,0,0.0003043447795789689
toxicity_predictor,train,LIAGLAANFLPKLFCKITK,0,0.0027467310428619385
toxicity_predictor,train,RRLCRIVWVIRVCRR,0,0.005083790514618158
toxicity_predictor,train,GARGDKGEAGEAGE,0,2.2470961994258687e-05
toxicity_predictor,train,CMSTRGDQARKICE,0,0.33334386348724365
toxicity_predictor,train,GLLGVLGSVAKHVLPHVVPVIAEHL,0,9.341233089799061e-05
toxicity_predictor,train,AGFVLKGYTKTSQ,0,0.00024444761220365763
toxicity_predictor,train,GLVGTLLGHIGKAILGG,0,6.0515114455483854e-05
toxicity_predictor,train,ELVSNASDALDKLR,0,2.538770047522121e-07
toxicity_predictor,train,LKMGVVLFIFLVLFTLA,1,0.999948263168335
toxicity_predictor,train,GLVSDLLSTVTGLLGNLGGGGLKKI,0,1.6824119484226685e-06
toxicity_predictor,train,GLLSGILGAGKNIVCGLSGLC,0,0.0011010885937139392
toxicity_predictor,train,NVRFDLSGATSSSYKTFIKN,0,4.401516434882069e-06
toxicity_predictor,train,GIADILKGLL,0,2.3119779143598862e-05
toxicity_predictor,train,VKRKKKPALWKTLLKKVLKA,1,0.36541748046875
toxicity_predictor,train,QVFTLIKGATQLIRKTLGEQ,0,3.795745942625217e-05
toxicity_predictor,train,WKRWVQRWKRFLR,0,0.013943118043243885
toxicity_predictor,train,PRGSPRTEYEAARR,0,0.007222280837595463
toxicity_predictor,train,IRIKIRIK,0,0.010136294178664684
toxicity_predictor,train,RWWKIWVIRWWR,0,0.008029199205338955
toxicity_predictor,train,SVVNIQKEIDRLNEVAKNLNESLIK,0,9.93199478216411e-07
toxicity_predictor,train,GCPWDPWC,0,0.08717093616724014
toxicity_predictor,train,FFSMIPKIAGGIASLVKNL,0,1.7180902432301082e-05
toxicity_predictor,train,GLWQFIKDKFKDAATGLVTGIQS,0,1.2494368775151088e-06
toxicity_predictor,train,FLSTIWNGIKSLL,0,8.269166755781043e-06
toxicity_predictor,train,KFFRKLKKSVKKRAK,1,0.6599164605140686
toxicity_predictor,train,LNLKALLAVAKAIL,1,0.9999397993087769
toxicity_predictor,train,FLSLIPHAISAISAIANHL,0,3.987646414316259e-05
toxicity_predictor,train,ILPILGNLLNSLL,0,0.00014227385690901428
toxicity_predictor,train,LLGGLLQSLL,0,0.00011483554408187047
toxicity_predictor,train,IYRDLISH,0,0.0002629140217322856
toxicity_predictor,train,NLYQFGNMIQCTIPGSNPLL,0,0.00011652422836050391
toxicity_predictor,train,SAVGRHSRRFGLRKHRKH,1,0.8435412645339966
toxicity_predictor,train,GILGTVFKAGKGIVCGLTGLC,0,0.006029591895639896
toxicity_predictor,train,GLLGKVLGVGKKVLCGVTGLC,0,0.0034286766313016415
toxicity_predictor,train,KAYSTPRCKGLFRALMCWL,0,0.036184217780828476
toxicity_predictor,train,AYRKPPFNGSIF,0,9.65639264904894e-05
toxicity_predictor,train,MTRSLKKNPFVANHLLNKIDKLNT,0,0.0003137935127597302
toxicity_predictor,train,GLASFLGKALKAGLKIGAHLLGGAPQQ,0,0.000115673326945398
toxicity_predictor,train,MLLLTRRRST,0,0.018212612718343735
toxicity_predictor,train,SASPGLPKGEKEQQEAIEHIDE,0,8.933644721764722e-07
toxicity_predictor,train,KKLLKKLLKWL,0,0.0119167510420084
toxicity_predictor,train,RIKRFWPVVIRTVVAGY,0,0.0007876588497310877
toxicity_predictor,train,GSAFCGETCVLGTCYTPDCSCTALVCLKN,1,0.9901726245880127
toxicity_predictor,train,RCVCRRGVCRCVCRRGVC,1,0.9960370659828186
toxicity_predictor,train,GVPTVNAV,0,0.00019424241327214986
toxicity_predictor,train,NLIQLSNMIKCAIPGSQPLF,0,1.6212672562687658e-05
toxicity_predictor,train,ETDLLLDDSLVSLFGNRR,0,1.247615841748484e-07
toxicity_predictor,train,GLKDIFKAGLGSLVKNIAAHVAN,0,5.2376988605828956e-05
toxicity_predictor,train,CKQSCSFGPFTFVCDGNTK,1,0.9557245969772339
toxicity_predictor,train,HSDGTFTSELSRLRDSARLQRLLQGLV,0,3.256975332988077e-06
toxicity_predictor,train,EDGSDAVSGEFLAEGGGVR,0,2.0780760223715333e-07
toxicity_predictor,train,KAWFVLSMRAVGGLFVDLWTSVAKTVKGWL,0,0.00016797773423604667
toxicity_predictor,train,ALPTYTPESPADATR,0,4.602839544531889e-05
toxicity_predictor,train,QPSQDFMRF,0,4.0639847611601e-06
toxicity_predictor,train,VRLWIRVAVIRA,1,0.9194329380989075
toxicity_predictor,train,APDFSTLELIPDKLKEFGNTLEEKARMA,0,1.320877004218346e-06
toxicity_predictor,train,VKLIQIRIWIQYVTVLQMFSMKTKQ,0,6.025644688634202e-05
toxicity_predictor,train,GKLQAFLAKMKEIAAQTL,0,0.0008172584930434823
toxicity_predictor,train,RMKLNAKKLSFC,0,0.12078210711479187
toxicity_predictor,train,GIMDSVKNAAKNLAGQLLDTIKCKITAC,0,0.0002014458441408351
toxicity_predictor,train,GFGSLFKFL,0,0.00011819343490060419
toxicity_predictor,train,GIMDTVKNAAKDLAGQLLDKLKCKITAC,0,0.00034074607538059354
toxicity_predictor,train,AKRIVQRIKDFLR,0,0.007746096700429916
toxicity_predictor,train,AALRGCWTKSIPPKPCPGKR,0,0.022523274645209312
toxicity_predictor,train,GIPCGESCVWIPGISAAIGCSCKNKVCYRN,1,0.8530080914497375
toxicity_predictor,train,GLNTLKKVFQGLHEAIKLINNHVQ,0,0.0001272015942959115
toxicity_predictor,train,IRPIPFIPRGGKT,0,0.003182827029377222
toxicity_predictor,train,RLSKKPGKVKE,0,0.3019213080406189
toxicity_predictor,train,FLGALWNVAKRVF,0,0.5089184641838074
toxicity_predictor,train,FKTWKRPPFQTSCSGIIKE,0,0.0011223872425034642
toxicity_predictor,train,GLSRLFTALK,0,0.0009632545406930149
toxicity_predictor,train,GLLGAMFKVASKVLPHVVPAITEHF,0,8.45379545353353e-05
toxicity_predictor,train,KLCKIVVIKVCK,0,0.016354205086827278
toxicity_predictor,train,AGEPKLDAGV,0,1.8996489643541281e-06
toxicity_predictor,train,DTHFPICIFCCGCCRKAICGMCCKT,1,0.9875604510307312
toxicity_predictor,train,LVSGCADLTALAAR,0,0.0007408066303469241
toxicity_predictor,train,VTVYDAEGTKVQIDGSLRVEL,0,6.691355451948766e-07
toxicity_predictor,train,GPAGPRGPA,0,0.0009957716101780534
toxicity_predictor,train,GSGGSGEANGMWFGPRL,0,3.5734040011448087e-06
toxicity_predictor,train,RLFIKKLKFITRR,0,0.33959874510765076
toxicity_predictor,train,VVGGDECNINEHRSLVAIF,0,9.516240243101493e-05
toxicity_predictor,train,VTTSIPCTVMVSAAVCPTLVCSNKCGGRG,1,0.9002489447593689
toxicity_predictor,train,VDKPDYRPRPRPPNM,0,0.0004393572162371129
toxicity_predictor,train,RVRVFVVHIPRLT,0,0.0011290276888757944
toxicity_predictor,train,RCLPAGKTCVRGPMRVPCCGSCSQNKCT,1,0.9937809109687805
toxicity_predictor,train,PYIPQPRPPHPRL,0,0.0012958908919245005
toxicity_predictor,train,GIVDFAKGVLGKIKNVLGI,0,3.391722930246033e-05
toxicity_predictor,train,SIQVIVVTDGERGLIYPPLSNIR,0,5.36249729066185e-07
toxicity_predictor,train,MQLFHLCLIIFCSCPTVQASKLCLGWL,1,0.23600250482559204
toxicity_predictor,train,KGGSGVIHTISHECNMNSWQFVFTCCS,1,0.7800025343894958
toxicity_predictor,train,VSVVGTVR,0,0.00021044939057901502
toxicity_predictor,train,EQCQDMAGGAR,0,0.0008393950993195176
toxicity_predictor,train,AMASSLLSGWGGPTTLLVAPM,0,1.2210188288008794e-05
toxicity_predictor,train,ALWLAIRRR,0,0.05073210969567299
toxicity_predictor,train,INKYREWKNKKN,0,0.008872554637491703
toxicity_predictor,train,RRPWRWPRWPWRR,0,0.030415212735533714
toxicity_predictor,train,TETTEGDFIAEGGGVR,0,2.851952785931644e-06
toxicity_predictor,train,LDLTPGSHVDSYVEA,0,3.9484697822445014e-07
toxicity_predictor,train,MPLSWFFPRTWGKR,0,0.0006189322448335588
toxicity_predictor,train,EQLIELVGPWKTVYIVHFNGET,0,7.489592462661676e-06
toxicity_predictor,train,GVPICGETCTLGTCYTAGCSCSWPVCTRN,1,0.9906150102615356
toxicity_predictor,train,MLPRKYKPAYKKQAHRVKSNPQPAYTFQ,0,0.01073880959302187
toxicity_predictor,train,SPAFQAQKQAKVNDVLDKLY,0,1.2933505786349997e-05
toxicity_predictor,train,GLLKFIKKLL,0,0.0037464136257767677
toxicity_predictor,train,DASFHSWG,0,2.6822096970136045e-06
toxicity_predictor,train,FLPLLASLFSRLF,0,0.022597528994083405
toxicity_predictor,train,QFNEYGHMRF,0,0.0008909666794352233
toxicity_predictor,train,FLPLLLAGLPKLLCLFFKKC,0,0.007158083841204643
toxicity_predictor,train,NEQSGKSQTVIVGPWGAQVST,0,1.786039774742676e-06
toxicity_predictor,train,GIGAVLKVLTTGLPALISWIKRKRQQ,0,0.00028597834170795977
toxicity_predictor,train,FLSLLPSIVSGAVSLAKKLG,0,1.3074072739982512e-05
toxicity_predictor,train,FPFSLIPHAIGGLISAIK,0,1.5993669876479544e-05
toxicity_predictor,train,QGPSPRHPIPP,0,0.0009197407052852213
toxicity_predictor,train,SCLEYGHSCWGAH,0,0.5751339793205261
toxicity_predictor,train,FLSLIPAAISAVSALANHF,0,0.0012434254167601466
toxicity_predictor,train,QHWSLCHAPG,0,0.042191941291093826
toxicity_predictor,train,FKRIVQRIKDALR,0,0.007746096700429916
toxicity_predictor,train,GLLSLLSLLGKLL,0,0.00023453844187315553
toxicity_predictor,train,SDCACLHALGHVAR,0,0.15229059755802155
toxicity_predictor,train,FIGMIPGLIGGLISAIK,0,1.3649440006702207e-05
toxicity_predictor,train,KWCFRVCYRGRCYRRCR,1,0.9289821982383728
toxicity_predictor,train,ILGAIIPLVSGLLSHL,0,4.408905442687683e-05
toxicity_predictor,train,YCQKWMWTCDSERKCCEGMVCRLWCKKKLW,1,0.9407555460929871
toxicity_predictor,train,RRRQKRIVVRRRLIR,1,0.5955564379692078
toxicity_predictor,train,TPNRDFMRF,0,0.0002246218646178022
toxicity_predictor,train,NKLKPSQWISL,0,2.0368466721265577e-05
toxicity_predictor,train,LRNVEQQCRADALVERAQELIHGQQ,0,7.915577589301392e-05
toxicity_predictor,train,RIVQRIKKWLLKWKKLGY,0,0.00829613208770752
toxicity_predictor,train,IKIPPIVKDTLKKVAKGVLSTIAGALST,0,4.848470780416392e-05
toxicity_predictor,train,GILDIAKKLVGGIRNVLGI,0,3.307656879769638e-05
toxicity_predictor,train,ENGQLDGVIDPK,0,8.288569119940803e-08
toxicity_predictor,train,RRIPRPILLPWRPPRPIPRPQPQPIPRWL,0,0.0010074351448565722
toxicity_predictor,train,SMIGGVMSKG,0,6.191430657054298e-06
toxicity_predictor,train,GLGSVLGKALKIGANLL,0,3.3434746001148596e-05
toxicity_predictor,train,KKLKLALAKPALLWKALALKLKKA,0,0.08345853537321091
toxicity_predictor,train,SDPAGGEFLAEGGGVR,0,8.601305125921499e-07
toxicity_predictor,train,GFGSVLGKALKFGANLL,0,4.08106243412476e-05
toxicity_predictor,train,ESGGSGEANGMWFGPRL,0,1.0328102462153765e-06
toxicity_predictor,train,IIDFIPQIE,0,4.001684828836005e-06
toxicity_predictor,train,MSSLWWCFVWLISIPVICLTFTFVMRLL,0,0.10566647350788116
toxicity_predictor,train,KPEILNLVKRMKIKTGKALN,0,0.00531549658626318
toxicity_predictor,train,DGRCCHPACAKHFNC,1,0.981834888458252
toxicity_predictor,train,APGDLLWSDEFDGAAGSAPNP,0,2.2372560692929255e-07
toxicity_predictor,train,GRMQEFIKKLKAYLRKMKEKFSQIS,0,0.005014072172343731
toxicity_predictor,train,SKVWRHWRRFWHRAHRKL,1,0.36940816044807434
toxicity_predictor,train,GIFSSRKCKTVSKTFRGICTRNANC,1,0.3876305818557739
toxicity_predictor,train,GLFDIVGKLLGGLGL,0,8.159129720297642e-06
toxicity_predictor,train,QQWPRDPAPIPP,0,4.143042679061182e-05
toxicity_predictor,train,PAQPFRFPKHPQGPQTRPPI,0,0.0006695017218589783
toxicity_predictor,train,QKKDRFLGLM,0,0.0017391348956152797
toxicity_predictor,train,GVLDILTGAGKDLLAHALSKLSEKV,0,3.2368109259550693e-06
toxicity_predictor,train,LLGDLLGQTSKLVNDLTDTVGSIV,0,1.577556929532875e-07
toxicity_predictor,train,IDWKKLLNAAKQIL,0,0.00021099226432852447
toxicity_predictor,train,NSEDGSPYPGPGQQPNCCKWPIVTCCNR,1,0.3574201762676239
toxicity_predictor,train,GLVGTLLGHIGKAILG,0,6.706295243930072e-05
toxicity_predictor,train,KKLALAPKKLALLWKKLALALKKA,0,0.08345853537321091
toxicity_predictor,train,GWVACVGACGTVCLASGGVGTEFAAASYFL,1,0.2856861352920532
toxicity_predictor,train,MDIISLGWAGLMTMFTFSLALVVWARNGF,0,0.00018205700325779617
toxicity_predictor,train,GLLSVLGSVAKHVLPHVVPVIAAAL,0,0.00040023395558819175
toxicity_predictor,train,GIGGALLSAGKSALKGLAKGLAEHF,0,4.446179445949383e-05
toxicity_predictor,train,DFTGVKFDNTIGCGKG,0,0.00040412883390672505
toxicity_predictor,train,PLILLRLLRGQF,0,0.003186721820384264
toxicity_predictor,train,FLGLLGSLL,0,0.0011297991732135415
toxicity_predictor,train,KIAKVALKAL,0,0.8600757718086243
toxicity_predictor,train,GNLKKLLAVAKKIL,0,0.007631498854607344
toxicity_predictor,train,MYSYIYKALLYHGYEKFDLDIWEYFNK,0,0.00022167133283801377
toxicity_predictor,train,FKRLKKLFKKIWNWK,0,0.03012162260711193
toxicity_predictor,train,GLPVCGETCFGGTCNTPGCSCETWPVCSRN,1,0.9926772117614746
toxicity_predictor,train,QLHVNKARRPYIL,0,0.013883955776691437
toxicity_predictor,train,GLPVCGETCFGGTCNTPGCSCSSWPICTRN,1,0.9891234040260315
toxicity_predictor,train,LLWKLLKKL,0,0.21488036215305328
toxicity_predictor,train,RSVCSNGCRPKPFGGCSC,1,0.9940488338470459
toxicity_predictor,train,GPAGPRGPAGPAG,0,0.0006711246096529067
toxicity_predictor,train,GLVSGLLNTAGGLLGDLLGSLGSLSG,0,1.1520082807692233e-06
toxicity_predictor,train,MTWTTPAYTELRLGFEITMYIANR,0,0.000123223609989509
toxicity_predictor,train,TPEHQRYIELFLVVDSGMFMKYNGNSDKI,0,1.2998766578675713e-06
toxicity_predictor,train,AAKLLLKLLLKAA,1,0.999334990978241
toxicity_predictor,train,ASGPAGPRGPAGPA,0,0.0003087175136897713
toxicity_predictor,train,KLILILSKTIPAGKNLFYKI,0,0.0006958090816624463
toxicity_predictor,train,KRKKHRCRVYNNGMPTGMYRWC,0,0.29155656695365906
toxicity_predictor,train,ALWKTLLKGAGKVFGHVAKQFLGSQGQPES,0,2.70012878900161e-05
toxicity_predictor,train,SKCYQWQWRMRKLGA,0,0.006900216452777386
toxicity_predictor,train,VLAGISREDTEAD,0,7.991010875230131e-08
toxicity_predictor,train,PPCPSCLSCPWCPRCLRCPMCKCNPK,1,0.9157153367996216
toxicity_predictor,train,MVQRGSKVKILRPESYVYNEVGTVAS,0,1.284451354877092e-05
toxicity_predictor,train,MTLIKYKRKNIQFYKKIIANGYAK,0,0.005641846917569637
toxicity_predictor,train,RKCRIVVIRVCR,0,0.00505108293145895
toxicity_predictor,train,EYIPFIHEWV,0,0.0006032383535057306
toxicity_predictor,train,TEFATNDGGQR,0,3.211150442439248e-06
toxicity_predictor,train,SASGGAGESSGMWFGPRL,0,2.199490381826763e-06
toxicity_predictor,train,DSDSAHLIG,0,2.955042610608416e-08
toxicity_predictor,train,VSCEDCPDHCSTQKARAKCDNDKCVCEPK,1,0.9783585667610168
toxicity_predictor,train,GLLSSLSSVAKHVLPHVVPVIAEHL,0,2.3599024643772282e-05
toxicity_predictor,train,NEQSGISQTVIVGPWGAQVT,0,1.6210889270951157e-06
toxicity_predictor,train,DQAAGVAAIIEIDNIFSESEVISK,0,1.8247385469294386e-07
toxicity_predictor,train,KCFRWQRNRRKVRGRPVRCIKR,1,0.47447365522384644
toxicity_predictor,train,MDILTLGWVSVLVLFTWSISMVVWGRNGF,0,1.9852857803925872e-05
toxicity_predictor,train,ERPPGFSPFR,0,0.0002797689230646938
toxicity_predictor,train,LLNQELLLNPTHQIYPV,0,4.782929318025708e-05
toxicity_predictor,train,TVKIIVKVVKYLV,0,0.024480395019054413
toxicity_predictor,train,INLKAIAALARNY,0,0.8474238514900208
toxicity_predictor,train,KFWKLLKKALRLWKKVL,0,0.016781382262706757
toxicity_predictor,train,VMWCYVFGYGFNCAVW,0,0.38073259592056274
toxicity_predictor,train,VKRCCDEEECSSACWPCCWG,1,0.9972435235977173
toxicity_predictor,train,GHNKKDKKMQKK,0,0.14072933793067932
toxicity_predictor,train,FLPLILGKLVKGLL,0,0.008395357988774776
toxicity_predictor,train,RKKRRQRRR,0,0.481291800737381
toxicity_predictor,train,FVQWFSKFLGRIL,0,0.0008580179419368505
toxicity_predictor,train,KRLFKKLLFSLRKY,0,0.12131468951702118
toxicity_predictor,train,MLSKSNNTLFNHDCSLSFCKEKVYSKLLV,0,0.0008788747945800424
toxicity_predictor,train,ITCPQVTQSLAPCVPYLISG,0,0.04621000587940216
toxicity_predictor,train,GCGGGYGRKKRRQRRR,0,0.19290496408939362
toxicity_predictor,train,CHPTHTVATDDQGHLCTTII,0,0.1992109715938568
toxicity_predictor,train,FLGALWNVAKSVF,0,0.022042812779545784
toxicity_predictor,train,ILPWKWPWWPWRR,0,0.000682376732584089
toxicity_predictor,train,INWKKIFEKVKNLV,0,0.00030958905699662864
toxicity_predictor,train,LKCNKLIPLAYKTCPAGKNLCYKMYMVATP,1,0.07095799595117569
toxicity_predictor,train,KKCLTKYSAGLQTSQTCPAGQKICFKKW,1,0.2314002960920334
toxicity_predictor,train,MELSLLLFLALLLGLLLLLF,1,0.9999254941940308
toxicity_predictor,train,CVVSSGWKWNYKIRCKLTGNC,1,0.8137890100479126
toxicity_predictor,train,AVQLLEVNPEIAQNS,0,1.4351156778502627e-06
toxicity_predictor,train,CYISNCPIG,0,0.15711970627307892
toxicity_predictor,train,NAAVAGAVIEGATLTFEVLQ,0,0.00011753280705306679
toxicity_predictor,train,KNVNSIVKIQAFFRARKAQDDYR,0,0.00026444048853591084
toxicity_predictor,train,KWKLFKKIPKFLHLA,0,0.038879647850990295
toxicity_predictor,train,MEIDVLGWVALLVVFTWSIAMVVWGRNGL,0,0.18322798609733582
toxicity_predictor,train,HLLKRVQRELIRWLDWLK,0,0.0037415651604533195
toxicity_predictor,train,IKITTMLAKLGKVLAHV,0,0.0019541876390576363
toxicity_predictor,train,FLPFIAGMAAKFLPKIFCAISKK,0,0.0016827607760205865
toxicity_predictor,train,AALKGCWTKSIPPKPCSGKR,0,0.03770675137639046
toxicity_predictor,train,ILGKLLSTAAGLLSNL,0,1.9332263036631048e-05
toxicity_predictor,train,PYDRISNSAFSDF,0,6.346538725665596e-07
toxicity_predictor,train,LSIRRLLAAGVLKQTKGVGA,0,0.0005659110029228032
toxicity_predictor,train,LFCKRGTCHFGRCPSHLIKV,1,0.5653178691864014
toxicity_predictor,train,IHHIHHIIHHIHHI,0,0.7105520367622375
toxicity_predictor,train,FLGGLFKLVPSVICAVTKKC,0,0.006535737309604883
toxicity_predictor,train,TFRAFLSSRLQDLYSIVRRADRAAV,0,0.0002001517714234069
toxicity_predictor,train,SAPAAAAPANSAEDVQQTKANLIAQ,0,2.466222213115543e-05
toxicity_predictor,train,MDIVSLAWAALMIVFTFSLSLVVWGRSGL,0,0.002035205252468586
toxicity_predictor,train,MSEARNLFTTFGILAILLFFLYLIYAVL,1,0.9984921216964722
toxicity_predictor,train,GLKEVAHSAKKFAKGFISGLTGS,0,0.000125549006043002
toxicity_predictor,train,VIVKAIATLSKKLL,0,0.00349973002448678
toxicity_predictor,train,SDYLQLART,0,1.1657996765279677e-05
toxicity_predictor,train,ALWKEVLKNAGKAALNEINNLVQ,0,4.543182149063796e-05
toxicity_predictor,train,ACVPVYKECWYPQKPCCEDRVCQCSFGMTN,1,0.9127485156059265
toxicity_predictor,train,NYRWRCKNQ,0,0.025905229151248932
toxicity_predictor,train,TKRRITPKDVIDVESVTTEINT,0,5.630842224491062e-06
toxicity_predictor,train,MWTKPKFEEMRLGFEVTLYISNR,0,0.00011663939221762121
toxicity_predictor,train,TQRLANFLIHSSNNFGAIFSPPN,0,2.263016085635172e-06
toxicity_predictor,train,DSGSSRDPGASSGGC,0,0.00017083417333196849
toxicity_predictor,train,GWKKWFTKGERLSQRHFA,0,0.0359022431075573
toxicity_predictor,train,GLFAVIKKVASVIGGL,0,0.0001346741773886606
toxicity_predictor,train,RLRRIVVIRVRR,0,0.02448868565261364
toxicity_predictor,train,NPNPVPIPLVDIDYL,0,1.4504875252896454e-05
toxicity_predictor,train,LNLAALLAVAKKIL,1,0.9999397993087769
toxicity_predictor,train,DDCTTYCYGVHCCPPAFKCAASGCVRNN,1,0.9541498422622681
toxicity_predictor,train,DSPGGASDAQKQ,0,9.228257908944215e-07
toxicity_predictor,train,LRPAFIRPKGK,0,0.5049195289611816
toxicity_predictor,train,KRGSGWIATITDDCPNSVFVCC,1,0.6930664777755737
toxicity_predictor,train,GLTQKDLVALSGAHTIGKAR,0,5.3042895160615444e-05
toxicity_predictor,train,LLWKLLKLLLK,1,0.9674137234687805
toxicity_predictor,train,GVDSSFVRL,0,3.1629841146241233e-07
toxicity_predictor,train,YGETAAVYVAVESR,0,0.00020946445874869823
toxicity_predictor,train,SMLSVLKNLGKVGLGFVACKINKQC,0,0.0015523458132520318
toxicity_predictor,train,FSEAIKKIIDFLGEGLFDIIKKIAESF,0,4.47968113803654e-06
toxicity_predictor,train,RQIKIWFQNRRMKAKK,0,0.03852915018796921
toxicity_predictor,train,MKIIGLIGGIGSGKTTVAQLFVDEGFPLVD,0,4.5248188484947605e-07
toxicity_predictor,train,APKGVQGPNG,0,0.00019092363072559237
toxicity_predictor,train,HRWWRWWRR,0,0.026634711772203445
toxicity_predictor,train,VGEAFWSAEEQK,0,3.872213255817769e-06
toxicity_predictor,train,FLGTVLKLGKAIAKTVVPMLTNAMQPKQ,0,0.00017094318172894418
toxicity_predictor,train,GSTTAESAALR,0,4.6887598728062585e-05
toxicity_predictor,train,SLIPHAINAVSAIAKHF,0,8.98903890629299e-05
toxicity_predictor,train,RRLRPRRPRLPRPRPRPRPRP,1,0.48910126090049744
toxicity_predictor,train,IIPLPLGYFAKKT,0,0.00021796548389829695
toxicity_predictor,train,AYERQFYPGATSVAENNIGH,0,1.6266472812276334e-05
toxicity_predictor,train,ALRLAIRRR,0,0.07168038934469223
toxicity_predictor,train,TAANVKIFNTEEVQNFINLL,0,5.561335910897469e-06
toxicity_predictor,train,VKRGLKLRHVRPRVTRMDV,0,0.2866753339767456
toxicity_predictor,train,QWQRNMRKVRGPPVSCIKR,0,0.0174944456666708
toxicity_predictor,train,MRAKWRKKRMRGLKRKRRKMRQRSK,1,0.6244280934333801
toxicity_predictor,train,ILKWKWPWWKWRR,0,0.0031212870962917805
toxicity_predictor,train,GASGLIPVMRN,0,6.449258307839045e-06
toxicity_predictor,train,SAVGRHGRRFGLRKHRKH,1,0.8579123020172119
toxicity_predictor,train,QRMCPKILMKCKQDSDCLLDCVCLKEGFCG,1,0.9282280802726746
toxicity_predictor,train,MRAKWRKKRVRRLKRKRRKVRARSK,1,0.7184110283851624
toxicity_predictor,train,GESLASKAAKAAER,0,0.00017246232891920954
toxicity_predictor,train,GLVTSLIKGAGKLLGGLFGSVTGGQS,0,5.200458417675691e-06
toxicity_predictor,train,GLLRRLRDFLKKIGEKFKKIGY,0,0.09745549410581589
toxicity_predictor,train,IKLSPETKKNLKKVLKGAIKGAIAVAKMV,0,0.003216256620362401
toxicity_predictor,train,VWDETSIYRPFCSKRCQLIDLGEWA,0,0.000842105713672936
toxicity_predictor,train,KPAKKQTKKKP,0,0.19090381264686584
toxicity_predictor,train,GLWDSIKIAGKKLFVNVLDKIRCKVAGGC,0,0.001086294068954885
toxicity_predictor,train,GPESAFLRL,0,7.459327207470778e-06
toxicity_predictor,train,AEEQSFSSTKFSTDQPNLILQGDA,0,3.9461916401251074e-08
toxicity_predictor,train,FLQRIIGALGRLF,0,0.002088834997266531
toxicity_predictor,train,TIMSHNVP,0,1.7107166058849543e-05
toxicity_predictor,train,INWKKIKSIIKAAMN,0,0.0004315630067139864
toxicity_predictor,train,GKCGEINGSCDECYGGSVTCDCY,1,0.9778384566307068
toxicity_predictor,train,FLPLLAGVVANFLPQIICKIARKC,0,0.0013662173878401518
toxicity_predictor,train,WFKKIPKFLHLLKKF,0,0.02477417327463627
toxicity_predictor,train,GIMDSIKGAAKEIAGHLLDNLKCKITGC,0,0.00012000481365248561
toxicity_predictor,train,MAKEKIRIRLKAYDHR,0,0.06307821720838547
toxicity_predictor,train,DVVASSTAHKQQDINHLLDK,0,1.2512720104496111e-06
toxicity_predictor,train,QTPGCCWHPACGKNRC,1,0.9883266091346741
toxicity_predictor,train,EGFQLMDRGTFDEIGR,0,3.134582868824509e-07
toxicity_predictor,train,RGSNLTHPLRNIRDLFYVG,0,0.00014864049444440752
toxicity_predictor,train,MAARLCCQ,0,0.9250345230102539
toxicity_predictor,train,RRRRRWCMNW,0,0.09404255449771881
toxicity_predictor,train,GCCRFPCPDSCRSLCC,1,0.9975966811180115
toxicity_predictor,train,FWQRRIRRWRRFWQRRIRRWRR,1,0.1271565854549408
toxicity_predictor,train,VSKIKKYLKYKDRI,0,0.026910236105322838
toxicity_predictor,train,FLIGMTHGLICLISRKC,0,0.014554963447153568
toxicity_predictor,train,GVTFNALKGVAKTVAAQLLKTAR,0,0.001193683478049934
toxicity_predictor,train,ALKAALLAILKIVRVIKK,1,0.9560444951057434
toxicity_predictor,train,GLRQKVQSLV,0,9.488810610491782e-05
toxicity_predictor,train,PAWLVDCPCVGDDVNRLLTRGER,0,0.0017412480665370822
toxicity_predictor,train,FDLLGLVKSVVSAL,0,2.714639231271576e-05
toxicity_predictor,train,VNRILKHGKKSLAYQIIYRA,0,0.011371621862053871
toxicity_predictor,train,GLFGVLGSIAKHVLPHVVPVIAEKL,0,6.76123599987477e-05
toxicity_predictor,train,AQNVIAPNTLSNSIRMLGSQSPLIQAYG,0,8.075448931776918e-07
toxicity_predictor,train,RIGRYLKKGKYAKRVGAGAPVYLAAVLE,0,0.031037047505378723
toxicity_predictor,train,TLKQFAKGVGKWLVK,0,0.015681862831115723
toxicity_predictor,train,DSSVLTSEYPR,0,1.2066036561009241e-06
toxicity_predictor,train,APALRLRF,0,0.011548588052392006
toxicity_predictor,train,GLMDTVKNAAKNLAGQLLDTIKCKMTGC,0,0.00040206723497249186
toxicity_predictor,train,LKLLKKLLKLLKKLGGK,0,0.04090306907892227
toxicity_predictor,train,LCAAHCLAIRRR,0,0.020613286644220352
toxicity_predictor,train,VIPFVASVAAEMQHVYCAASRKC,0,0.005441845394670963
toxicity_predictor,train,LSGAPGEAGREG,0,7.862748134357389e-06
toxicity_predictor,train,NNFSDCFWKYCV,0,0.25654488801956177
toxicity_predictor,train,DCPSDWSPYEGHCYRVFTEPQNWADAEKFC,1,0.061856381595134735
toxicity_predictor,train,GSSGLISMTRV,0,4.149798769503832e-06
toxicity_predictor,train,SDIRAKLLEVLESGVVNGKWT,0,6.419892315534526e-07
toxicity_predictor,train,ASEPTALGLPRIFPGLM,0,1.050873652275186e-05
toxicity_predictor,train,ALWKKILKNAGKAALNKINQIVQ,0,0.0010560598457232118
toxicity_predictor,train,VNWKKILPKIIKVAK,0,0.0016625646967440844
toxicity_predictor,train,CGETCVGGTCNTPGCTCSWPVCTRNGLPV,1,0.9913849830627441
toxicity_predictor,train,GFREVLKGAAKAFVKTVAGHIANI,0,0.0013634026981890202
toxicity_predictor,train,GFKQFVHSMGKFGKAFVGEIINPK,0,0.00019422204059083015
toxicity_predictor,train,EPCSPKNNYHDLFYRT,0,0.011421962641179562
toxicity_predictor,train,MQMQEKGWKIIIEEQ,0,4.741332304547541e-06
toxicity_predictor,train,FLPIIAKVLSGLL,0,0.0519150085747242
toxicity_predictor,train,SSANPQITRKRHKINSFVGLM,0,0.00020331256382633
toxicity_predictor,train,MNNTEFYDRLGVSKDASQDEIKKA,0,5.703211058971647e-07
toxicity_predictor,train,KNGDRGESGPAGPAGPAGPAG,0,6.743399717379361e-05
toxicity_predictor,train,SPLEQFSILMLIPM,0,5.527506345970323e-06
toxicity_predictor,train,ATAWDFGPHGLLPIRPIRIRPLCGKDKS,0,0.00019750246428884566
toxicity_predictor,train,RLARIVVIRVRR,0,0.003842220874503255
toxicity_predictor,train,NVWKKILGKIIKVAK,0,0.0020291467662900686
toxicity_predictor,train,ILGAILPLVSGLLSNKL,0,1.499422978668008e-05
toxicity_predictor,train,MLGFLPLP,0,0.0009476488921791315
toxicity_predictor,train,IQCGESCVWIPCISSAWGCSCKNKICSS,1,0.9863777160644531
toxicity_predictor,train,MNVQFTVNGRAASIDVPPNTLLVQ,0,1.4400458212548983e-06
toxicity_predictor,train,KDGYLMGADGCKLCVLTAPYDYCACE,1,0.597163736820221
toxicity_predictor,train,VYPFMWGGAYCFCDAELV,0,0.14571110904216766
toxicity_predictor,train,GFIGDIWSGIQG,0,5.010443260289321e-07
toxicity_predictor,train,SIPCGESCVWIPCTITALAGCKCKSKVCYN,1,0.9570556282997131
toxicity_predictor,train,KPENENEEALHE,0,0.00010699882113840431
toxicity_predictor,train,KPSGCGEQNMINFYPNVL,0,0.0006331157637760043
toxicity_predictor,train,KWKLFKKIPKFLHLAKKF,0,0.11624730378389359
toxicity_predictor,train,MALPLLEYKPT,0,0.0002711646957322955
toxicity_predictor,train,MRSYEMNIETAEELSAVNDILASIGEPPVS,0,2.1541023897952982e-07
toxicity_predictor,train,GIMSSLMKKLAAIIAK,0,0.0004788773076143116
toxicity_predictor,train,MGSLESERFVVDVAASNLDK,0,6.836951627064991e-08
toxicity_predictor,train,IDWKKLLDAAKQIL,0,6.0568690969375893e-05
toxicity_predictor,train,SITKIKAREIL,0,0.00022089850972406566
toxicity_predictor,train,QNRRMKWKK,0,0.0877734124660492
toxicity_predictor,train,FLPLILPSIVTALSSFLKQG,0,7.176194230851252e-06
toxicity_predictor,train,TKKTENISNFINNYHSDVINEVEESITNNR,0,4.062423613504507e-06
toxicity_predictor,train,RIISSVAVAVAGTA,0,0.00036206122604198754
toxicity_predictor,train,LRCTFGRTVK,0,0.11383303999900818
toxicity_predictor,train,TSAEVPATAQGVTHALEGTQ,0,6.70745866955258e-05
toxicity_predictor,train,GVVDILKGAAKDLAGHLASKVMNKI,0,4.674825322581455e-05
toxicity_predictor,train,RHAGSAHTF,0,0.0798630565404892
toxicity_predictor,train,IDWKKIFEKVKDLV,0,8.11730424175039e-05
toxicity_predictor,train,MLGFLVLP,1,0.9807482957839966
toxicity_predictor,train,GSSGMISFPRT,0,9.571754162607249e-06
toxicity_predictor,train,AEIDFSGIPEDIIKEIKETNAKPPA,0,7.345772132794082e-07
toxicity_predictor,train,FLFSLIPSAISGLINAFK,0,7.873944014136214e-06
toxicity_predictor,train,LNLKKLLAVAKKI,0,0.013189291581511497
toxicity_predictor,train,GIPCAESCVWIPCTVTALLGCSCSNKVCYN,1,0.9365726709365845
toxicity_predictor,train,QDSGDGWPQQPFVPRL,0,7.112911930562404e-07
toxicity_predictor,train,MKFYTIKLPKFLGGIVRAMLGSFRKD,0,0.002271544886752963
toxicity_predictor,train,CNGRPCECFAKI,1,0.986292839050293
toxicity_predictor,train,EEEDKKEDVGTVVGI,0,2.0628201582439942e-06
toxicity_predictor,train,KKLAKAPKLLALLWLKLAKALKKA,0,0.08345853537321091
toxicity_predictor,train,ISALFDEYEPLNDAD,0,2.546063342379057e-07
toxicity_predictor,train,YKSDSFYGLM,0,2.6833537049242295e-05
toxicity_predictor,train,SVAGRAQGM,0,3.924437260138802e-05
toxicity_predictor,train,QGIGVGDNDGKRGKR,0,0.0007752558449283242
toxicity_predictor,train,EAAGLLPFPRV,0,5.697046435670927e-05
toxicity_predictor,train,ALWKTLLKHVGKAAGKAALNAVTDMVNQ,0,0.0005401907255873084
toxicity_predictor,train,VVSLSIPR,0,1.687081930867862e-05
toxicity_predictor,train,ADLIQRRQRSEFQSDIKGILYTVIKKNPDL,0,4.128270575165516e-06
toxicity_predictor,train,KCFQWQRNMRKVRGPPVSSIKR,0,0.02574721910059452
toxicity_predictor,train,GLLASLGKVLGGYLAEKLKPK,0,0.0002608831855468452
toxicity_predictor,train,RCCGYKFCHIC,1,0.9902330636978149
toxicity_predictor,train,SGAPGEAGREG,0,3.6162236938253045e-05
toxicity_predictor,train,LAKKIYRAWKRW,0,0.014256647787988186
toxicity_predictor,train,KKKKKKAGFAAWGAFGA,0,0.08384645730257034
toxicity_predictor,train,FYAGLILTLVNTFPYNISPASS,0,1.3107167433190625e-05
toxicity_predictor,train,VKLFPWFNQY,0,0.000147961443872191
toxicity_predictor,train,GTGCSSGCHRVGQQCRCG,1,0.9928398132324219
toxicity_predictor,train,YQTSSPGSNITIGPL,0,5.323742698237766e-06
toxicity_predictor,train,QTCVSCVNFGNGFCGDNCGNSWACSGC,1,0.993164598941803
toxicity_predictor,train,GIGGALLSAGKSALKGLAKGLAEHFAN,0,3.578255564207211e-05
toxicity_predictor,train,QLPICGETCVLGGCYTPNCRCQYPICVR,1,0.6405302882194519
toxicity_predictor,train,DQSCPWCGFTCCLPNYCQGLTCTVI,1,0.9204294681549072
toxicity_predictor,train,QLTFTPNW,0,2.6289586458005942e-05
toxicity_predictor,train,AVAVGDRILFGKWSGTEV,0,3.742784201676841e-06
toxicity_predictor,train,GGSSGLISVPRV,0,3.405775487408391e-06
toxicity_predictor,train,GVLSNVIGYLKKLGTGALNAVLKQ,0,4.5019514800515026e-05
toxicity_predictor,train,RRWVIWRR,0,0.013195225037634373
toxicity_predictor,train,GWLDVAKKKGKAAFNVAKNFI,0,0.003116837702691555
toxicity_predictor,train,PGGYGAILRYKQHERTFSAGY,0,0.0014016357017681003
toxicity_predictor,train,VWRHWRRFWH,0,0.027307115495204926
toxicity_predictor,train,GAVVDILKGAGKNLLSLALNKLSEKV,0,1.0254326298309024e-05
toxicity_predictor,train,GLWEKIREKANELVSGIVEGVK,0,7.363282293226803e-06
toxicity_predictor,train,RLRRIVVIRVAR,0,0.003842220874503255
toxicity_predictor,train,YKQSHKKGGKKGSG,0,0.03532884642481804
toxicity_predictor,train,HSEGTFTSDYSKYLDNRRAKDFVQWLMNT,0,5.3621979532181285e-06
toxicity_predictor,train,EEGGSPPPVVI,0,2.0989102267776616e-05
toxicity_predictor,train,FSGSVNQACSGFGWK,0,0.0006425449391826987
toxicity_predictor,train,SKDNYKNYIPLIVPFAT,0,1.1109619663329795e-05
toxicity_predictor,train,FLSLIPKIAGGIAALVKNL,0,0.00019097334006801248
toxicity_predictor,train,AGDTSSEAKGMWFGPRL,0,9.178456821246073e-07
toxicity_predictor,train,GVIIDTLKGAAKTVAAELLRKAHCKLTNSC,0,0.0014236131682991982
toxicity_predictor,train,CKGKGASCHRTSYDCCTGSCNRGKC,1,0.9953691363334656
toxicity_predictor,train,GLLGKILGVGKKVLCGVSGLC,0,0.001243002014234662
toxicity_predictor,train,KFRKFGKQVWVRL,0,0.05405323579907417
toxicity_predictor,train,KLKLLLLL,1,0.9856271743774414
toxicity_predictor,train,ADGSDPASSEFLAEGGGVR,0,1.8214385022474744e-07
toxicity_predictor,train,KKMKDTDSEEEIREAFRVFDKDGNGFI,0,1.918777570608654e-06
toxicity_predictor,train,GWTLNSAGYLLGPHGIDGHRTLSDKHGLA,0,7.42507563700201e-06
toxicity_predictor,train,TQLEAACPNVVSCADILALAAR,0,0.004394357558339834
toxicity_predictor,train,GLFDIVKKVVGALGSL,0,1.0043513611890376e-05
toxicity_predictor,train,KPNQDFMRF,0,0.0001490481081418693
toxicity_predictor,train,GGGGSGETSGMWFGPRL,0,1.1872076356667094e-05
toxicity_predictor,train,WGRRGWGKGRRYVRW,0,0.10449739545583725
toxicity_predictor,train,RFRRLRKKKRKRLKKI,1,0.8416371941566467
toxicity_predictor,train,RPRPNYRPRPIYRP,0,0.026049409061670303
toxicity_predictor,train,LLRHVVKILEKYL,0,0.01233281847089529
toxicity_predictor,train,RFRRLRIKTRIRLKKI,1,0.7542674541473389
toxicity_predictor,train,VTRASGASTPPGTASPFKTL,0,0.00010016462329076603
toxicity_predictor,train,KLLKWLKKLLK,0,0.0119167510420084
toxicity_predictor,train,GFGALFKFL,0,0.0025426731444895267
toxicity_predictor,train,KKLALKALKLWLLALKKLALLALKK,0,0.5857880711555481
toxicity_predictor,train,RQIKIWFQARRMKWKK,0,0.008913392201066017
toxicity_predictor,train,GIGGALLSAGKSALKGLAKGFAEHF,0,4.878706022282131e-05
toxicity_predictor,train,KLKKLLKKWLKLLKKLLK,1,0.03415975719690323
toxicity_predictor,train,AQAATPAADGKKKISIDTR,0,8.543924923287705e-05
toxicity_predictor,train,LVPFIGRTLGGLLARF,0,0.0002929672773461789
toxicity_predictor,train,SLSIMEPIR,0,1.4076197203394258e-06
toxicity_predictor,train,HSNVAATILPRSGLGHKHGIV,0,0.0006145050283521414
toxicity_predictor,train,NILNTIINLAKKIL,0,4.522748349700123e-05
toxicity_predictor,train,GLWETIKNFGKKFTLNILHKLKCKIGGGC,0,0.0134439617395401
toxicity_predictor,train,EFSPTRKFGGHGDDKKKKK,0,0.04327711462974548
toxicity_predictor,train,MMKLVIILVVLLLLSFPTY,1,0.9995288848876953
toxicity_predictor,train,YGEPIGVETLTK,0,1.0494985872355755e-05
toxicity_predictor,train,MTAFASLREPLVLANLKIKVHIYRMKR,0,0.006258323322981596
toxicity_predictor,train,IIGPVLGLVGKALGGLL,0,4.050961433677003e-05
toxicity_predictor,train,EGCNILCLLKRKVKAVKNVVKNVVKSVVG,0,0.0024303579702973366
toxicity_predictor,train,AKVLKISRRAFRK,0,0.5001423358917236
toxicity_predictor,train,FVVETENQLMSQGGRYYILPVIYGKGGGLG,0,4.5214856072561815e-06
toxicity_predictor,train,GRLQAFLAKMKEIAAQTL,0,0.0008742568315938115
toxicity_predictor,train,GANDFMRF,0,2.8476388251874596e-05
toxicity_predictor,train,DPHHDFMRF,0,0.0008873947663232684
toxicity_predictor,train,EQCGRQAGGATCPNNLCCSQYGY,1,0.956800103187561
toxicity_predictor,train,NLKAIAALAKKLL,0,0.9323912858963013
toxicity_predictor,train,KWKSFIKKLTSKFLHSANKF,0,0.03896337375044823
toxicity_predictor,train,RFRRLRPKTRPRLKKI,1,0.8990338444709778
toxicity_predictor,train,SFSVNPAVDILQHRYMEKVAQNNRNFLNRV,0,1.713712845230475e-05
toxicity_predictor,train,IRRIIRKIIHIIKK,0,0.013976290822029114
toxicity_predictor,train,FLPLFASLIGKLL,0,0.08186950534582138
toxicity_predictor,train,FLPMLAGLAANFLPELFCKITKKC,0,0.002592917066067457
toxicity_predictor,train,YLGPTADSTMDQTFANN,0,1.9877015802194364e-06
toxicity_predictor,train,DPGFSSWG,0,9.988664260163205e-07
toxicity_predictor,train,GCCSDPRCRYRC,1,0.996467113494873
toxicity_predictor,train,GLMDTIKGVAKNVAASLLEKLKCKVTGC,0,0.0010328665375709534
toxicity_predictor,train,FLSLIPHIVSGVAALAKHL,0,0.00023109007452148944
toxicity_predictor,train,VELPPPVELPPPVELPPP,0,0.00025488610845059156
toxicity_predictor,train,LKTKALNKLKQKLQAVGNLIGSVIKG,0,0.0004467130929697305
toxicity_predictor,train,RGLRRLGRKIAHGVKKYGPTVLRIIRIAG,1,0.5619620680809021
toxicity_predictor,train,MYFHSFLDTFSKYLGSTSCPLLRLSR,0,0.00018224578525405377
toxicity_predictor,train,MDVVRTLILCVCLFGLTFA,0,0.0622902512550354
toxicity_predictor,train,RRWWHWWRR,0,0.026634711772203445
toxicity_predictor,train,FKCRRWQWRMKKLGAVRRAF,0,0.05973250791430473
toxicity_predictor,train,CYFNNCPVG,0,0.26997336745262146
toxicity_predictor,train,SIFVLPDLPYAKDALPKISAKTFDFGK,0,6.1134828683862e-06
toxicity_predictor,train,NLVQFELLIMKVAKRSGLLSYSA,0,4.514414831646718e-05
toxicity_predictor,train,EDKYTDKYDNINLDE,0,1.0482822290214244e-05
toxicity_predictor,train,IWSFLIKAATKLLPSLFGGGKKDS,0,1.1245924724789802e-05
toxicity_predictor,train,AASKAAKTLAKLLSSLLKL,0,0.0016060569323599339
toxicity_predictor,train,GGETSGEGKGMWFGPRL,0,9.257556484953966e-06
toxicity_predictor,train,RGRKSSRRKK,0,0.2745068371295929
toxicity_predictor,train,FFGHLFRGIINVGKHIHGLLSG,0,0.002036815509200096
toxicity_predictor,train,PQISRQEYGGLFGPT,0,4.11812561651459e-06
toxicity_predictor,train,FMGSALRIAAKVLPAALCQIFKKC,0,0.006160540506243706
toxicity_predictor,train,DVAGLVPAKDSPAFQKRAAAAVNTTAD,0,1.615766086615622e-05
toxicity_predictor,train,GCPRILMRCKQDSDCLAGCVCGPNGFCGSP,1,0.9652090668678284
toxicity_predictor,train,GWAKLITKAIKKI,0,0.014818214811384678
toxicity_predictor,train,FIMDLLGKIF,0,0.24081559479236603
toxicity_predictor,train,FKARRWQWRMKKLGA,0,0.038343023508787155
toxicity_predictor,train,SALVGCWTKSYPPNPCFGRG,0,0.030975816771388054
toxicity_predictor,train,KCFQWQRNMRKVRGPPVSC,0,0.047396380454301834
toxicity_predictor,train,KRIRKRIKKWKR,1,0.690291166305542
toxicity_predictor,train,YAIAGRPRF,0,0.005462970584630966
toxicity_predictor,train,YRRRQCPPWCSGEPCRKGTC,1,0.9105086326599121
toxicity_predictor,train,LSCKRGTCHFGRCPSHLIKGSCSGG,1,0.8508582711219788
toxicity_predictor,train,RQIKIWFQNRRMKWKA,0,0.002271499251946807
toxicity_predictor,train,KMLGVVAKKPMSDYE,0,6.872315134387463e-05
toxicity_predictor,train,ACYCRIPACFAGERRYGTCFYLGRVWAFCC,1,0.8581493496894836
toxicity_predictor,train,KRGTGWFATITDDCPNSVFVCC,1,0.745262086391449
toxicity_predictor,train,GAARKSIRLHRLYTWKATIYTR,0,0.11008239537477493
toxicity_predictor,train,GHGGHGVFGGGYGHGGYGHGYGG,0,0.008320176042616367
toxicity_predictor,train,GVWTTILGGLKKFAKGGLEALTNPK,0,5.86548303544987e-05
toxicity_predictor,train,APRKNLKW,0,0.06999845057725906
toxicity_predictor,train,AEPVEPWS,0,2.9204284146544524e-05
toxicity_predictor,train,MSPQTETKAKVGFQAGVKDYKLTYYT,0,0.0001230684865731746
toxicity_predictor,train,YLSDVAKGVICGLGAKGYDYALDFAISELQ,0,1.0969471986754797e-05
toxicity_predictor,train,GVCCGVSFCYPC,1,0.983793318271637
toxicity_predictor,train,MIIARDLIS,0,0.00019341998267918825
toxicity_predictor,train,ASILTNAS,0,1.5457155313924886e-05
toxicity_predictor,train,NGERAPGSKKAPSGFLGTR,0,0.00044448330299928784
toxicity_predictor,train,MPLEVLGHLSKAFLFLARNNEHSHKKYNQ,0,0.00034688878804445267
toxicity_predictor,train,MDILTLGWVGLLGLFTYSIAMVVWGRHGM,0,0.000134883273858577
toxicity_predictor,train,GDRNFLRF,0,0.0015840099658817053
toxicity_predictor,train,QHWSHGWYPG,0,0.001001355005428195
toxicity_predictor,train,RWIRWVWRKKLRI,0,0.006377494428306818
toxicity_predictor,train,FFHHIFRGIVHVGKTIHKLVTG,0,0.04683631286025047
toxicity_predictor,train,AKKPVAKKAAGGVKKPK,0,0.25503915548324585
toxicity_predictor,train,GGNDFMRF,0,1.1046157851524185e-05
toxicity_predictor,train,LGISYGRKKRRQRRRPPQ,0,0.6088089942932129
toxicity_predictor,train,RKSAGKPKN,0,0.10414806008338928
toxicity_predictor,train,QKNDKKDRFYGLM,0,0.0007339816074818373
toxicity_predictor,train,KKSCHTGLKKSAGWVIPIGTLVKNGIIVR,0,0.0009075544076040387
toxicity_predictor,train,RGSNLTIHPLRNIIDLFYVG,0,9.068843610293698e-06
toxicity_predictor,train,VARGWKRKCPLFGKGG,0,0.08737089484930038
toxicity_predictor,train,MIKSELVQIVAARNPHLYHRDVENIVNAFL,0,4.776388595928438e-05
toxicity_predictor,train,IGKKFKRIVQRIKKFLRKL,1,0.38947349786758423
toxicity_predictor,train,FLFSLIPSAIAGLVSAIRN,0,1.4839458344795275e-05
toxicity_predictor,train,QQRFPQRYVQLVITVDHVMN,0,3.375827145646326e-05
toxicity_predictor,train,SPKKTKPVKPKKVA,0,0.17317162454128265
toxicity_predictor,train,SVIGCWTKSIPPRPRCFVK,0,0.008458666503429413
toxicity_predictor,train,ACVPVYEECGTPKKRCCEERPCK,1,0.9835283756256104
toxicity_predictor,train,FDIVKKVVGTIAGL,0,3.629753700806759e-05
toxicity_predictor,train,RSCPRIWMECTRDSDCMAKCICVAGHCG,1,0.9758801460266113
toxicity_predictor,train,MTASMRLK,0,0.002337472280487418
toxicity_predictor,train,VGVCCGYKLCHPC,1,0.9663151502609253
toxicity_predictor,train,RAIGGGLSSVGGGSSTIKY,0,2.6181427529081702e-05
toxicity_predictor,train,DCTRWIIGINGRICRD,0,0.015811756253242493
toxicity_predictor,train,NLQYLKNMIKCTNTRHWLSFTNYGCYCG,1,0.4324242174625397
toxicity_predictor,train,FDDYGHMRF,0,0.00029106909641996026
toxicity_predictor,train,FIHHIIGGLFSAGKAIHRLIR,0,0.03173545375466347
toxicity_predictor,train,GILDPIKAFAKAAG,0,0.00010556014603935182
toxicity_predictor,train,FLSTLLNVASNVVPTLICKITKKC,0,0.004262464586645365
toxicity_predictor,train,ITPATPFTPAIITEITAAVIA,0,8.412605529883876e-05
toxicity_predictor,train,GVWSTVLGGLKKFAKGGLEAIVNPK,0,2.7285635951557197e-05
toxicity_predictor,train,DGDDGDGD,0,6.191289230628172e-06
toxicity_predictor,train,FLQRIRGALGRLF,0,0.015387064777314663
toxicity_predictor,train,IFGKIWEGIKSLF,0,8.592302037868649e-05
toxicity_predictor,train,IPAMEPAARVKRSPGYGGCSPRWACGGYG,0,0.0012537863804027438
toxicity_predictor,train,IVGGTEVTPGEIPYQLSLQD,0,5.027746396990551e-07
toxicity_predictor,train,KWCFRVCYAGICYRRCA,1,0.954214870929718
toxicity_predictor,train,RRLSYSRRRF,0,0.6295914053916931
toxicity_predictor,train,KLIPIASKTCPAGKNLCYKI,0,0.014868557453155518
toxicity_predictor,train,MSKRVEVLLTQLPRPTA,0,0.00015308491128962487
toxicity_predictor,train,MIGIADVKLLNLGMLFPFVEVES,0,1.0336180821468588e-05
toxicity_predictor,train,FPVTWPTKWLKG,0,0.0001644107251195237
toxicity_predictor,train,GSAIRCGESCLLGKCYTPGCTCDRPICKKN,1,0.9879671931266785
toxicity_predictor,train,GTQTNAPWGLARLIS,0,7.887953870522324e-06
toxicity_predictor,train,GVLDILKGAAKDLAGH,0,1.619301656319294e-05
toxicity_predictor,train,WWVAARAARR,0,0.1434219777584076
toxicity_predictor,train,GLPVCGETCFGGTCNTPGCICDPWPVCTRN,1,0.916720449924469
toxicity_predictor,train,ANEAKVVLVADNVQGDN,0,1.701730639069865e-06
toxicity_predictor,train,FIGALLGPLLNLLK,0,0.005159081891179085
toxicity_predictor,train,CGETCVILPCISAALGCSCKDTVCYKN,1,0.9844074249267578
toxicity_predictor,train,CKPPGSPCRVSSYNCCSSCKSYNKKCG,1,0.9916185736656189
toxicity_predictor,train,KSTDFDYNNKKANYD,0,6.836997636128217e-05
toxicity_predictor,train,KGRGKQGGKVRAKAKTRSS,0,0.06381348520517349
toxicity_predictor,train,GWTLNSAGYLLGPHAVDNHRSLNDKHGLA,0,6.499951268779114e-06
toxicity_predictor,train,LLSLALAALPKLFCLIFKKC,0,0.053788140416145325
toxicity_predictor,train,TPATPTVAQFVIQGSTICLVC,0,0.0811304971575737
toxicity_predictor,train,TKCPTCQNDTCSNKI,1,0.9790199398994446
toxicity_predictor,train,GYGGHGGHGGHGGHGGHGGHGHGGGGHG,0,0.02335386537015438
toxicity_predictor,train,GDDVKSACCDTCLCTKSNPPTCRCVDVGET,1,0.986660361289978
toxicity_predictor,train,NSMERVEELRKKLQD,0,2.1941517843515612e-05
toxicity_predictor,train,MIAYRDLIS,0,0.000514739949721843
toxicity_predictor,train,ALSVPVFAVAPLNKK,0,0.0001792142866179347
toxicity_predictor,train,GGIYIAASVGLSMAAV,0,0.0008598095155321062
toxicity_predictor,train,MVLVKTIKKLDGFIECLLMLNYKFLY,0,0.004073589574545622
toxicity_predictor,train,FFFHIIKGLFHAGRMIHGLVNRRRHRH,1,0.7330353856086731
toxicity_predictor,train,SALEEQYKTFLDKFMHELEDLLYQLAL,0,1.5031526345410384e-05
toxicity_predictor,train,WWKAAAKAAAKWW,1,0.9577920436859131
toxicity_predictor,train,GRPNPVNTKPTPYPRL,0,0.0005964933661743999
toxicity_predictor,train,KKLLKWLLKLL,0,0.03414943069219589
toxicity_predictor,train,DEGGTQYTPRL,0,6.4330961322411895e-06
toxicity_predictor,train,GLWSKIKTAGKSVAKAAAKAAVKAVTNAV,0,0.0028119601774960756
toxicity_predictor,train,QSHLSLCRWCCNCCRSNKGC,1,0.997607946395874
toxicity_predictor,train,ARKFFVGRNWPEL,0,0.0018482501618564129
toxicity_predictor,train,RLARIVVIRVAG,0,0.003959354478865862
toxicity_predictor,train,ASWKVFLKNIGKAAGKAVLNSVTDMVNQ,0,1.6225880244746804e-05
toxicity_predictor,train,GHADNFMRF,0,0.0002190642844652757
toxicity_predictor,train,RGGRLCYCRPRFCVCVGR,1,0.9507535696029663
toxicity_predictor,train,PYDRISGSAFSDF,0,2.995695638219331e-07
toxicity_predictor,train,TRSGFLREQWIT,0,6.949890666874126e-05
toxicity_predictor,train,FFPLIFGALSSILPKIL,0,0.00012133368727518246
toxicity_predictor,train,LIIFAIAASHKK,0,0.013511196710169315
toxicity_predictor,train,KRPPGWSPLR,0,0.006108894944190979
toxicity_predictor,train,WRFRWRFRWRFR,0,0.031387053430080414
toxicity_predictor,train,ILPFVAGVAAMEMEHVYCAASKKC,0,0.007328642066568136
toxicity_predictor,train,RLLRPLLQLLKQKLR,0,0.015744144096970558
toxicity_predictor,train,MVQLVDLARCVSF,0,0.0012657613260671496
toxicity_predictor,train,FFPNVASVPGQVLKKIFCAISKKC,0,0.00211800797842443
toxicity_predictor,train,FLPFVGNLLNGLL,0,0.00022024003555998206
toxicity_predictor,train,LVSVSPAFNGNYFVE,0,1.0480992386874277e-05
toxicity_predictor,train,MGQEQDTPWIL,0,3.9332746837317245e-07
toxicity_predictor,train,FLSMIPKIAGGIASLVKNL,0,1.5956176866893657e-05
toxicity_predictor,train,AESEAGDASPLVTEVLIGSPPGYVGYTEGG,0,2.150519321730826e-06
toxicity_predictor,train,SVDFDSESPRKPEIQ,0,1.4786036217628862e-07
toxicity_predictor,train,ALGGLLADVVKSKEQPA,0,3.4789879919117084e-06
toxicity_predictor,train,MKTFLRLYRSLINKVLH,0,0.013917271047830582
toxicity_predictor,train,KWFETWFTEWPKKRK,0,0.006835508160293102
toxicity_predictor,train,FLGGLIKWWPWRR,0,0.003782319137826562
toxicity_predictor,train,GLFDIIKKVASVIGGL,0,9.126531040237751e-06
toxicity_predictor,train,GNGVLKTISHECNMNTWQFLFTCC,1,0.8115829229354858
toxicity_predictor,train,NLYQFKEMIRYTIP,0,0.00012554349086713046
toxicity_predictor,train,ALVPLRLLLDHAAENG,0,7.371460378635675e-05
toxicity_predictor,train,GLLRRLRKKIGEIFKKYG,0,0.4838446378707886
toxicity_predictor,train,KILSSLLKKLKKIIAK,0,0.009176157414913177
toxicity_predictor,train,KGARQAWKDYKYNRNMQKMNQGYGQQGG,0,0.0010328433709219098
toxicity_predictor,train,RQRHRDCDKPPDKTN,0,0.05683567374944687
toxicity_predictor,train,YCCHPACGKNFDC,1,0.9695004820823669
toxicity_predictor,train,GTPCGESCVWIPCISSAVGCSCKNKVCYKN,1,0.9886007905006409
toxicity_predictor,train,VNFLLHKIYGNIRYS,0,0.0008630931843072176
toxicity_predictor,train,SGFIPLKPTVK,0,6.860057328594849e-05
toxicity_predictor,train,ADPRNPLEECFRETD,0,0.0007446159143000841
toxicity_predictor,train,RERSKGSKYLYVG,0,0.0297574233263731
toxicity_predictor,train,GGSGSGETSGMWFGPRL,0,5.331816282705404e-06
toxicity_predictor,train,AWLDKLKSIGKVVGKVAIGVAKNLLNPQ,0,7.544414256699383e-05
toxicity_predictor,train,GLFSVLGAVAKHVLPHVVPVIAEK,0,0.00012054752733092755
toxicity_predictor,train,SKIKKEIAELLKREGFIRDVE,0,7.775142148602754e-05
toxicity_predictor,train,FFHHIFRGIVHVGKTIHKLVTGG,0,0.05456758290529251
toxicity_predictor,train,MAADIISTIGDLVKLIINTVKKFQK,0,8.788016202743165e-06
toxicity_predictor,train,LGSLDEYAR,0,1.33980711325421e-06
toxicity_predictor,train,LCAARCLAIGRR,0,0.02191481739282608
toxicity_predictor,train,ANPRYPYT,0,0.000604298897087574
toxicity_predictor,train,ADEGFSATVRNGAV,0,2.1244297840894433e-06
toxicity_predictor,train,NSKQPVHIFTTKK,0,0.015867281705141068
toxicity_predictor,train,FLGMLLHGVGHAIHGLIHGKQNVE,0,0.0003728238807525486
toxicity_predictor,train,SADPNFLRF,0,3.4417109873174923e-06
toxicity_predictor,train,ENFAGGCATGFLRTADGRCKPTF,0,0.005013418383896351
toxicity_predictor,train,GFMDTAKNVAKNMAVTLLDNLKCKITKAC,0,0.0017407250124961138
toxicity_predictor,train,SPSNSKCPDGPDCFVGLM,0,0.04335096478462219
toxicity_predictor,train,GILDVAKTLVGKLRNVLGI,0,5.2729254093719646e-05
toxicity_predictor,train,MDKLAAGGLYLLFLLLAGIIVTH,0,0.6252803802490234
toxicity_predictor,train,GPAAVVRLLGK,0,0.0005461259861476719
toxicity_predictor,train,DPMPAEDIVDLAYES,0,5.471887902785966e-07
toxicity_predictor,train,CEHSHDGA,0,0.19657738506793976
toxicity_predictor,train,DLVFYCPKCTAERQTACPKL,1,0.664679765701294
toxicity_predictor,train,AVFVILTNVYT,1,0.9396281242370605
toxicity_predictor,train,CALKLTKAKRLVRKIGF,0,0.11954094469547272
toxicity_predictor,train,EQSAGFREYIDFFDGYSLTY,0,7.2171128522313666e-06
toxicity_predictor,train,INWKKIFEKVSNLV,0,4.981932579539716e-05
toxicity_predictor,train,IYQCMGCCFSRAYPTPARSKKTMLV,1,0.19201700389385223
toxicity_predictor,train,QLTFTPGW,0,3.804471998591907e-05
toxicity_predictor,train,GFGEDIAMKQHQVNSLLDILFVF,0,9.585497764419415e-07
toxicity_predictor,train,FLPILGKILGGLL,0,0.0003252798051107675
toxicity_predictor,train,GFKEVLKAGLGSLVKGIPAHVAN,0,5.170741133042611e-05
toxicity_predictor,train,AIGFDGLNDPDIVAR,0,1.451238915706199e-07
toxicity_predictor,train,NFWKKGKWTIGS,0,0.0018796257209032774
toxicity_predictor,train,FLPIIAGAAAKVVEKIFCAISKKC,0,0.0031784516759216785
toxicity_predictor,train,FLPLLAGLAANFFPKIFCKITRKC,0,0.003783072344958782
toxicity_predictor,train,INWSSIFESVKNLV,0,1.1484377182569006e-06
toxicity_predictor,train,GIHDALKYGKPS,0,0.00023999008408281952
toxicity_predictor,train,CVKCKCKCGSGVKVKVKVC,1,0.9947581887245178
toxicity_predictor,train,DQCTYCGIYCCPPKFCTSSGCRSP,1,0.9797058701515198
toxicity_predictor,train,GEVFAFPR,0,6.190162093844265e-05
toxicity_predictor,train,FLGLLPSIVSGAVSLVKKL,0,2.1726966224377975e-05
toxicity_predictor,train,PRCRRRFCRP,0,0.3058891296386719
toxicity_predictor,train,QDKPFWSPPIYPH,0,3.934539927286096e-05
toxicity_predictor,train,KWCFRVCYRGICYRKCR,1,0.9557383060455322
toxicity_predictor,train,IGKKWKRIVKRIKKFLRKL,1,0.49089595675468445
toxicity_predictor,train,HPIQNLFQPSLVLDM,0,3.3492542570456862e-06
toxicity_predictor,train,GFVPFTIP,0,4.055971294292249e-05
toxicity_predictor,train,MPKIIEAVYENGVFKPLQKVDLREGERE,0,1.5936939234961756e-05
toxicity_predictor,train,QELASFHSVSKGFMGECGFR,0,5.34496211912483e-05
toxicity_predictor,train,GLLSSLSSVA,0,4.95614631290664e-06
toxicity_predictor,train,QKKDKKDRFYGLM,0,0.008627962321043015
toxicity_predictor,train,LQVDYLVLEVA,1,0.9988139867782593
toxicity_predictor,train,GLFAVIKKVASVIKKL,0,0.0029142615385353565
toxicity_predictor,train,GLKDWWNKHKDKIIDVVKEMGKAGLQAA,0,6.392769864760339e-05
toxicity_predictor,train,TDGKEGEFIAEGGGVR,0,2.3417289867211366e-06
toxicity_predictor,train,AVPLIYKRPGVYVTKPKGK,0,0.006684921216219664
toxicity_predictor,train,RRWWRHWRR,0,0.15233318507671356
toxicity_predictor,train,MIINHNMSAMFAQRTLGVTNNAIGKDME,0,2.7573623810894787e-06
toxicity_predictor,train,SNRSPSLRLRF,0,0.0029331508558243513
toxicity_predictor,train,FLQHIIGALTHIF,0,0.000911159731913358
toxicity_predictor,train,GMATKAGTAFGKAAKAIIGAAL,0,0.001321317395195365
toxicity_predictor,train,RDCCTPPKKCKDRRCKPLKCCA,1,0.9766181707382202
toxicity_predictor,train,GIHDILKYAKPS,0,9.298148506786674e-05
toxicity_predictor,train,VARSLLIFEVQQPFLFLL,0,0.042914073914289474
toxicity_predictor,train,DLFQVIKEKLKELTGGVIEGIQGV,0,1.307261186411779e-06
toxicity_predictor,train,WRFRWKTRWRFK,0,0.050885602831840515
toxicity_predictor,train,SGLLINQPKYSWLKELGL,0,8.214719855459407e-06
toxicity_predictor,train,GLGSLLGKAFKFGLKTVGKMMAGAPREQ,0,9.774736827239394e-05
toxicity_predictor,train,RICRIVVIRVCR,0,0.0013801588211208582
toxicity_predictor,train,DRVKKIVVEHLGVDEEKV,0,3.381626811460592e-05
toxicity_predictor,train,FALALKALKKALKKLKKALKKAL,1,0.06751025468111038
toxicity_predictor,train,DLSNLLSRVPNERSN,0,6.163596140140726e-07
toxicity_predictor,train,IGGYCSWLRL,0,0.027900947257876396
toxicity_predictor,train,APVPGGQGTVLDKMYPRGNHWAVGHLM,0,3.190924326190725e-05
toxicity_predictor,train,GFCAEAGIKCNDIHCCGNLKCKAVGSNRV,1,0.9703370928764343
toxicity_predictor,train,VNWKKILKKIIKVAK,0,0.0032168312463909388
toxicity_predictor,train,IKNGYPRDS,0,6.450516957556829e-05
toxicity_predictor,train,FTMKKSLLLIFFLGTISLSLC,0,0.00032344760256819427
toxicity_predictor,train,FLPILINLIHKGLL,0,0.006991625297814608
toxicity_predictor,train,MIIRRDLISE,0,8.012765647436026e-06
toxicity_predictor,train,FLSLIPHAINAVSAIAKHFG,0,6.406892498489469e-05
toxicity_predictor,train,LELHVRRELHRLRRDVSHLQLTRRQQRR,1,0.22779394686222076
toxicity_predictor,train,FWQLVPLAIKIYRAWKRR,0,0.0037164543755352497
toxicity_predictor,train,VKGGDGAPGKDGIRGM,0,4.2636977013899013e-05
toxicity_predictor,train,HISHISMCRWCCNCCKAKGCGFCCKF,1,0.9957771301269531
toxicity_predictor,train,KGCALVKVRGLTLKVCK,0,0.0562574565410614
toxicity_predictor,train,SAIDPNPDTPDSE,0,3.2021107472246513e-06
toxicity_predictor,train,GPQQENMMEE,0,1.9872633856721222e-05
toxicity_predictor,train,FEDLPNFGHIQVKVFNHGEHIHH,0,0.0004877601459156722
toxicity_predictor,train,GLLGSLFGAGKKVACALSGLC,0,0.0012854351662099361
toxicity_predictor,train,KWCFRSCYRGICYRRCR,1,0.9485130906105042
toxicity_predictor,train,GLFDIVKKIAGHIAGSI,0,2.5187777282553725e-05
toxicity_predictor,train,EVVRSNNFDPSKLSGKWYSILLASDRKE,0,7.120825671336206e-07
toxicity_predictor,train,FKFLARTGKFL,0,0.03256393224000931
toxicity_predictor,train,FPPPGESAVDMSFFYALSNP,0,3.534084044076735e-06
toxicity_predictor,train,GAVGEIQILLNNIASQLNGDQKKADKV,0,4.0102779053086124e-07
toxicity_predictor,train,GIMSSLMKKLKAHIAK,0,0.006251719314604998
toxicity_predictor,train,AGLGKIGALIQKVIAKYKA,0,0.006409132853150368
toxicity_predictor,train,AQLVYKHAISTIMPGQPI,0,1.8693541278480552e-05
toxicity_predictor,train,KCFQWQKNMKKVKGPPVSCIKK,0,0.07077369838953018
toxicity_predictor,train,FLPIIASVAAKLIPSIVCRITKKC,0,0.0009290180169045925
toxicity_predictor,train,RPPGFSPFR,0,0.0012800191761925817
toxicity_predictor,train,NLLQIGIMKRCANKRRRPVFHYRDYGCYC,1,0.11679890751838684
toxicity_predictor,train,RGSNLTHPLRNIGDLFYVGN,0,8.047180926951114e-06
toxicity_predictor,train,GMFTNMLKGIGKLAGKAALGAVKTLA,0,0.0004124031984247267
toxicity_predictor,train,FLSIIAKVLGSLF,0,0.0019370532827451825
toxicity_predictor,train,FLGALWNVWKSVF,0,0.026948321610689163
toxicity_predictor,train,FIHHIIGGLFSVGKHIHRLIRRRRR,1,0.8546817898750305
toxicity_predictor,train,ETFSDLWKLL,0,4.720775905298069e-06
toxicity_predictor,train,GTPGFQTPDARVISRFGFN,0,3.3808125863288296e-06
toxicity_predictor,train,FFHHIFRGIVHVGKTIHKLVTGT,0,0.029339853674173355
toxicity_predictor,train,FLSHIAGFLSNLF,0,4.855337101616897e-05
toxicity_predictor,train,MNEAKSLFTTFLILAFLLFLLYAFYEAAF,1,0.9994284510612488
toxicity_predictor,train,KEICFPRLGCFSDDAPWAGIAQRPL,0,0.00022155662009026855
toxicity_predictor,train,MLASGLLLVALLACLTVMVL,1,0.9997714161872864
toxicity_predictor,train,GFLDIVKGVGKVALGAVSKLF,0,3.808948531514034e-05
toxicity_predictor,train,PFKISIHL,0,0.00018998658924829215
toxicity_predictor,train,MCDILLNVLNIVFIGIAIILVIIC,1,0.9767252802848816
toxicity_predictor,train,GKCNVLCQLKQKLRSIGSGSHIGSVVLPRG,0,0.0004387800581753254
toxicity_predictor,train,IWRIFRRIFRIFIRF,0,0.007181204855442047
toxicity_predictor,train,AINSESGVRSVVPQPCNALPNQGPEK,0,6.418082921300083e-05
toxicity_predictor,train,GLLGLLGSVVSHVLPAITQHL,0,2.1666299289790913e-05
toxicity_predictor,train,IIGHLIKTALGMLGL,0,0.0002254567516501993
toxicity_predictor,train,KLLLKLLKLL,0,0.6962921023368835
toxicity_predictor,train,RLKVIPEKLKDVKLVCTDVFGDN,0,0.00012137638259446248
toxicity_predictor,train,GIGAAILSAGKSALKGLAKGLAEHF,0,7.707507029408589e-05
toxicity_predictor,train,RIMRILRILKLAR,0,0.00805764552205801
toxicity_predictor,train,ADGSDPVGGESLPDTGGAR,0,5.15644842380425e-07
toxicity_predictor,train,RFGRFLRKIRRFRPKVTITIQGSARFG,1,0.5297778248786926
toxicity_predictor,train,FLPLLFGALSTLLPKIF,0,0.0012403192231431603
toxicity_predictor,train,LLKWLKKL,0,0.021714886650443077
toxicity_predictor,train,AKFDKFYGLM,0,0.000884350563865155
toxicity_predictor,train,ALWKSLLKGAGQLVGGVVQHFMGSQGQPES,0,1.4773423799852026e-06
toxicity_predictor,train,GLLGGLLGPLLGGGGGGGGGLL,0,3.146534436382353e-05
toxicity_predictor,train,APKKQLKW,0,0.030365345999598503
toxicity_predictor,train,AYGGDGGAYYEWSPA,0,6.86530620441772e-05
toxicity_predictor,train,CAETCVVLPCFIVPGCSCKSSVCYFN,1,0.9440434575080872
toxicity_predictor,train,VIGGDECNINEHRSLALVY,0,0.00010939294588752091
toxicity_predictor,train,MKWETPTATDLRFGFEITMYVSAR,0,2.1808922610944137e-05
toxicity_predictor,train,IIGHLIKTALGFLGL,0,0.000234639534028247
toxicity_predictor,train,SFLTTVKKLVTNLAAL,0,0.0003060530580114573
toxicity_predictor,train,SKGKKANKDVELARG,0,0.003049156628549099
toxicity_predictor,train,MWITNGGVANWYFVLAR,0,0.0007613812922500074
toxicity_predictor,train,GCCSLPPCAANNPDYC,1,0.8217269778251648
toxicity_predictor,train,KLQELRMWSMLKKWILMFILDFPTR,0,0.0007505964604206383
toxicity_predictor,train,FKRIVQRIKDSLR,0,0.00925582367926836
toxicity_predictor,train,FFPLIAGLAARFLPKIFCSITKRC,0,0.0023943332489579916
toxicity_predictor,train,MAAEINMVILAWDLCLLELPY,1,0.9995002746582031
toxicity_predictor,train,SGKLYYRRKK,0,0.4437059164047241
toxicity_predictor,train,FLGALFKVASKLVPAAICSISKKC,0,0.00379645312204957
toxicity_predictor,train,LLGDFFRKSKEKIGKEFKRIVQRIKDFLR,0,0.006462295539677143
toxicity_predictor,train,KAAKKFAKAWAKAFKAA,0,0.08400285243988037
toxicity_predictor,train,RVCYAIPLPIC,0,0.0709795132279396
toxicity_predictor,train,LKRDDIDIILINQNCAEL,0,4.62589378003031e-06
toxicity_predictor,train,NGRKACLNPASPIVKKIIEKMLNS,0,0.00024279656645376235
toxicity_predictor,train,GRKKRRQRRRP,0,0.46115875244140625
toxicity_predictor,train,GFMGDTLKGIARNAALALMNAAQCKLSGKC,0,0.0005107647157274187
toxicity_predictor,train,VSCEDCPDHCSTQKARAKCDNDKCVCEPI,1,0.9700156450271606
toxicity_predictor,train,GLWEKIKEKASELVSGIVEGVK,0,4.41673728346359e-06
toxicity_predictor,train,SGLQFAVLDGQGFLPFSRV,0,8.345930382347433e-07
toxicity_predictor,train,KFWSLLKKALRLWAKVL,0,0.04004240036010742
toxicity_predictor,train,LLGDFFRKSKEKIGKEFKRIVQR,0,0.017603673040866852
toxicity_predictor,train,MIIFRIAASHKK,0,0.009133294224739075
toxicity_predictor,train,HSDLPSGVYDPAQA,0,1.1871416063513607e-06
toxicity_predictor,train,EGGSSGEASGMWFGPRL,0,1.0090247997140978e-06
toxicity_predictor,train,DVTFSMLGANGATYYQFF,0,2.874335586966481e-05
toxicity_predictor,train,DEAVVHDSYAFDKNQLIPVGARAE,0,1.1475597148091765e-06
toxicity_predictor,train,VTIGPVCELPKEVGGPCRGHIIPRY,0,0.003847990185022354
toxicity_predictor,train,MWGLNRWLTFTMLILLITSHCCYWNKR,0,0.011020231992006302
toxicity_predictor,train,ATGWSAFFIDGKWTEAKK,0,5.475632497109473e-05
toxicity_predictor,train,TLTSFGEWR,0,1.770054586813785e-05
toxicity_predictor,train,KVFFEERFEDGWENRWVKKD,0,7.022151839919388e-05
toxicity_predictor,train,ALWKDLLKNVGIAAGKAALNKVTDMVNQ,0,3.3200041798409075e-05
toxicity_predictor,train,FLPAIVGAAGKFLPKIFCAISKKC,0,0.002362686675041914
toxicity_predictor,train,VEIIANDQGNR,0,2.7438136385171674e-07
toxicity_predictor,train,KWKLFKKIPHLAKKF,0,0.21674680709838867
toxicity_predictor,train,KGAAKGLLEVASCKLSKSC,0,0.013740085065364838
toxicity_predictor,train,FLGVVFKLASKVFPAVFGKV,0,0.0006944497581571341
toxicity_predictor,train,QEDIEAGKQKSATCTACHGQEGNST,0,0.012998105958104134
toxicity_predictor,train,KEFLHPSKVDLPR,0,0.0007153660408221185
toxicity_predictor,train,DVSFSLSGGGTASYEK,0,5.084650069875352e-07
toxicity_predictor,train,MSSGGLLLLLGLLTLCAELTPVSSKDRH,0,1.3919031516707037e-05
toxicity_predictor,train,RALATQLPVIPRSQVTFLAPVTRPEK,0,0.00012928975047543645
toxicity_predictor,train,MDIVSIAWAALMVVFTFSLSLVVWGRSGL,0,0.001656958949752152
toxicity_predictor,train,MNIVDIAWAALMVVFTFSLSLVVWGRSGL,0,0.006046986673027277
toxicity_predictor,train,GKYVSLTTPKNPTKRRITPKDV,0,0.004637488164007664
toxicity_predictor,train,MADIVSAGWAFLMVSFTFSLSLVVWGRSGL,0,9.978611160477158e-06
toxicity_predictor,train,QYVKDPDKQVVARIFLDLQLVQR,0,3.178069164277986e-05
toxicity_predictor,train,FVGPVLKIAAGILPTAICKIYKKC,0,0.0026710580568760633
toxicity_predictor,train,EWCGTNSDCGEGECCTGGSFNRH,1,0.9163793325424194
toxicity_predictor,train,MREKWKKKRSRRLRRKRRKMRARSK,1,0.606819212436676
toxicity_predictor,train,RYNDAVLRHLVIKTKKA,0,0.025936856865882874
toxicity_predictor,train,RWCFRVCYRGICYRRCR,1,0.8974027037620544
toxicity_predictor,train,IDTLPNTMFRVQL,0,4.808828180102864e-06
toxicity_predictor,train,LAKKIYRKWKRW,0,0.029281096532940865
toxicity_predictor,train,LGSAPITEEAIATPPSAETKLVPVGYGIKK,0,1.090835030481685e-05
toxicity_predictor,train,ARTDNFVRL,0,0.0002791353326756507
toxicity_predictor,train,FWGFLGKLAMKAVPSLIGGNKSSSK,0,1.4223774087440688e-05
toxicity_predictor,train,AHRFAAEDFGALDTA,0,2.710921580728609e-05
toxicity_predictor,train,MLKSEVSKQISMPLTAPAF,0,6.834343821537914e-06
toxicity_predictor,train,TESYFVFSVGM,0,0.00010049604316009209
toxicity_predictor,train,RLHQNGMPFSPRL,0,0.0015726329293102026
toxicity_predictor,train,FLHFLHHLF,0,0.12420279532670975
toxicity_predictor,train,ASGPCFPNPCQNDGECHVIDDSHR,1,0.2459057718515396
toxicity_predictor,train,WGRAFSRGVRRLARGGRG,0,0.08093355596065521
toxicity_predictor,train,LTCYKGYHDTVVCKP,0,0.4030113220214844
toxicity_predictor,train,FFPIVAGVAAKVLKKIFCTISKKC,0,0.005530038382858038
toxicity_predictor,train,PFDSRAVTY,0,1.5497316780965775e-05
toxicity_predictor,train,QGPWMEEEEAAYGWMDF,0,1.2834939298045356e-05
toxicity_predictor,train,AGEGLSSPFWSLAAPQRF,0,2.5450028715567896e-06
toxicity_predictor,train,MADENTPVMPEEVPAVEGVGM,0,1.300960957451025e-05
toxicity_predictor,train,AWCFRVCYRGACYRRCR,1,0.9512719511985779
toxicity_predictor,train,AIGSILGRLAKGLPTLISWIKNR,0,8.289855759358034e-05
toxicity_predictor,train,LLAFGLDARILLL,1,0.9994732737541199
toxicity_predictor,train,KWKKFIKSLTKSAAKTVVKTAKKPLIV,1,0.0391031950712204
toxicity_predictor,train,KFFKKLKKAVKKGFKKFAKV,1,0.5441828370094299
toxicity_predictor,train,GIPCGESCVFIPCITGAIGCSCKSKVCYRN,1,0.9546576142311096
toxicity_predictor,train,LDSLSFSYNNFEEDD,0,6.923931437086139e-07
toxicity_predictor,train,GIGGKILSGLKTALKGAAKELASTYLH,0,0.00012371892808005214
toxicity_predictor,train,MKQGINGFARRGRL,0,0.14077338576316833
toxicity_predictor,train,MPVCTSRSLQGGKVDTHFPLHVLHSVACDV,0,0.0011335690505802631
toxicity_predictor,train,FAEPLPSEEEGESYSKEPPEMEKRYGGFM,0,5.838264314661501e-06
toxicity_predictor,train,GWKKWFNRAKKVGKTVGGLAVDHYLG,0,0.00636628782376647
toxicity_predictor,train,GLAANFLPKIFCKITRKC,0,0.026098715141415596
toxicity_predictor,train,FMPIIGRLMSGSL,0,1.0262309842801187e-05
toxicity_predictor,train,QWQRNMRKVR,0,0.005727959331125021
toxicity_predictor,train,FLPGLIKAAVGIGSTIFCKISKKC,0,0.001456930534914136
toxicity_predictor,train,GGGGGSGETSGMWFGPRL,0,1.9526034520822577e-05
toxicity_predictor,train,ELAKKALKALKKALKSAR,0,0.0894954726099968
toxicity_predictor,train,WRLRWKTRWRLK,0,0.07094532996416092
toxicity_predictor,train,MGGVGKTKRMRRLKRKRRKMRQRSK,1,0.6967174410820007
toxicity_predictor,train,GIPCGESCVWIPCLTSAIGCSCKSKVCYRN,1,0.9725377559661865
toxicity_predictor,train,STRTPEFLGLDNQCGVWA,0,7.329585787374526e-05
toxicity_predictor,train,QDGKSSFQKEGGGVR,0,3.10978211928159e-05
toxicity_predictor,train,HLNKRVQRLLIGWLDWLK,0,0.002856001490727067
toxicity_predictor,train,FLPAIVGAAAKFLPKIFCAISKKC,0,0.0029617133550345898
toxicity_predictor,train,SESILIVHQQQSRSSGS,0,1.3780382914774236e-06
toxicity_predictor,train,GLFDIIKKIAESI,0,4.755311238113791e-06
toxicity_predictor,train,KKIEEEAAAAGATAE,0,0.00014098468818701804
toxicity_predictor,train,APLSGFYGVR,0,4.868374526267871e-05
toxicity_predictor,train,VARGGKTKGRRG,0,0.10783012211322784
toxicity_predictor,train,GRFKRFRKKFKKLFKKLSPVIPLLHLG,1,0.6590204238891602
toxicity_predictor,train,RKVAVFFSNTPTRASPQLRE,0,0.00012814326328225434
toxicity_predictor,train,ALWKNMLKGIGKLAGKAALGAVKKLVGAES,0,0.000708147301338613
toxicity_predictor,train,RPPGFTPFRKA,0,0.009533582255244255
toxicity_predictor,train,RRWKIVVIRWRR,0,0.009367347694933414
toxicity_predictor,train,VSWKKSLGKIIKVVK,0,0.002343172440305352
toxicity_predictor,train,PHAYPFLSPEQKKEL,0,0.00017088500317186117
toxicity_predictor,train,YDDGSYKPHIYGF,0,0.00025211821775883436
toxicity_predictor,train,GVLDAFKKIATVVKNLV,0,0.00027271383441984653
toxicity_predictor,train,AFCCPSGWSAYDQ,0,0.19276592135429382
toxicity_predictor,train,LNAKALLAVAKKIL,1,0.991468071937561
toxicity_predictor,train,GIGKFLKKAKKFGKAFVKILKK,1,0.5580577850341797
toxicity_predictor,train,FLSMIPHIVSGVAALAKHL,0,0.0001995829225052148
toxicity_predictor,train,CGCYCKSVDKKRRFFIPTCLRSCCN,1,0.9862632751464844
toxicity_predictor,train,SFKKFWGGVKAIFKGARKGWK,0,0.08001700788736343
toxicity_predictor,train,RRRRNRTRRNRRRVRGC,1,0.6432996392250061
toxicity_predictor,train,DDETTFPCNSGRCACLPEDSHSYTCQSP,1,0.5649740695953369
toxicity_predictor,train,AYPAAHQGYPAHVGYARVGYGGYPSYGYPA,0,0.00107835594099015
toxicity_predictor,train,FLSLIPKLVKKIIKAFK,0,0.004193244501948357
toxicity_predictor,train,EEVQETVNLKYEYSVYR,0,6.82650861563161e-05
toxicity_predictor,train,KDGYLVGTDGCKYGCFTRPGHFCANEECL,1,0.7126408219337463
toxicity_predictor,train,ETLFDPCSTQDIKKVGV,0,0.00013461716298479587
toxicity_predictor,train,NNRSPQLRLRF,0,0.01918470486998558
toxicity_predictor,train,LLGMIPVAITAISALSKL,0,0.0010444347281008959
toxicity_predictor,train,LVPWPFPT,0,8.668419468449429e-05
toxicity_predictor,train,LFWKLLLKALRLWAKVL,1,0.9994338154792786
toxicity_predictor,train,APSQSTVTALLTSCVSYIDDQ,0,0.00024632629356347024
toxicity_predictor,train,RIGSILGRLAKGLPTLRSWIKNR,0,0.006672330666333437
toxicity_predictor,train,ETFAKKALKALEKLLKKG,0,0.02726666070520878
toxicity_predictor,train,KFGKVLKFLAKTLAKHLAKKQAQS,0,0.10508076101541519
toxicity_predictor,train,QGGPPRPQIPP,0,0.0005658284644596279
toxicity_predictor,train,AYGEAANVFGAPK,0,9.243752720067278e-05
toxicity_predictor,train,MGDCGCSGASSCNCGSGCSCSNCGSK,1,0.9972881078720093
toxicity_predictor,train,KSCCRNTTARNCYNVCRIPG,1,0.9550160765647888
toxicity_predictor,train,FLSLIPKIAGGIASLVKNL,0,1.7790373021853156e-05
toxicity_predictor,train,FRGHDKKDKKIQKK,0,0.23379209637641907
toxicity_predictor,train,FIGTALGIASAIPAIVKLFK,0,0.0004068757116328925
toxicity_predictor,train,PAWLVDCPCVGDDVNRLLARGEK,0,0.0009292335016652942
toxicity_predictor,train,KKLALKALLLWLKALLKLAKLALKK,0,0.5857880711555481
toxicity_predictor,train,KLKNFAKGVAQSLLNKASCKLSGQC,0,0.0029495444614440203
toxicity_predictor,train,GIACGESCAYFGCWIPGCSCRNKVCYFN,1,0.9433534145355225
toxicity_predictor,train,SGSAKVAFSAIRSTNH,0,7.955473120091483e-05
toxicity_predictor,train,SLKDKVKSMGEKLKQYIQTWKAKF,0,0.0010497135808691382
toxicity_predictor,train,GLPVCGETCVGGTCNTPGCACSWPVCTRN,1,0.9913934469223022
toxicity_predictor,train,KNLKALLAVAKKIL,0,0.07678842544555664
toxicity_predictor,train,GGSGGGSSGGSIGGR,0,0.00034556700848042965
toxicity_predictor,train,GFLGPLLKLGLKGVAKVLPHLIPSRQQ,0,0.0002512514474801719
toxicity_predictor,train,RHIKIWFQNRRMKWKK,0,0.054560765624046326
toxicity_predictor,train,ILGPILGLVSNAGGLL,0,6.508467322419165e-06
toxicity_predictor,train,MFFKIDLKNHPYLIRLKKQEE,0,0.0008767052204348147
toxicity_predictor,train,MVKLRLKRCGRK,0,0.5396766662597656
toxicity_predictor,train,RQIKIWFQNRRM,0,0.000918491103220731
toxicity_predictor,train,GPRGPPGPAG,0,0.0013490647543221712
toxicity_predictor,train,GVIELTKMIVQEMGKNALTSYSL,0,2.4347432372451294e-06
toxicity_predictor,train,RGAHIKGRWKSRCHRF,0,0.6528816223144531
toxicity_predictor,train,GIPCAESCVWIPCTVTALLGCSCSNNVCYN,1,0.9056457281112671
toxicity_predictor,train,GIGASILSAGKSALKGLAKGLAEHFAN,0,2.3615682948729955e-05
toxicity_predictor,train,GLWTGKYTDVFGGRALIKIIIQT,0,3.185804234817624e-05
toxicity_predictor,train,SIPLPSLNFEQFGNMIQCTI,0,3.275373455835506e-05
toxicity_predictor,train,RGESGPPGPAGF,0,7.969656871864572e-05
toxicity_predictor,train,KRRGSVTTRYQFLMIHLLRPKKLFA,0,0.11233743280172348
toxicity_predictor,train,GRILSFIKGLAEHL,0,0.0002595153055153787
toxicity_predictor,train,FIHHIIGGLFSIGKIIHRLIRRRRR,1,0.5126447677612305
toxicity_predictor,train,QNWPHPPMPP,0,0.0002453449124004692
toxicity_predictor,train,RFRRLRKKFRKRLKKI,1,0.8568173050880432
toxicity_predictor,train,ALAGTIIAGASLTFKILDEV,0,9.661363037594128e-06
toxicity_predictor,train,VSTAPYGAWQSPID,0,4.199508111923933e-06
toxicity_predictor,train,SDPEAPGIWFGPRL,0,1.8985712131325272e-06
toxicity_predictor,train,VPPVYADLGKGARDLFSKGYNYGFSKL,0,1.4780195670027751e-05
toxicity_predictor,train,MAWKTPRYDETPVGMEINMYACAKRK,0,0.0020452607423067093
toxicity_predictor,train,RICPRILMECKADSDCLAQCICQESGFCG,1,0.948269784450531
toxicity_predictor,train,IKLSKKTKDNLKKVLKGAIKGAIAVAKMV,0,0.005692909471690655
toxicity_predictor,train,GTSGLISFPRT,0,2.1323079636204056e-05
toxicity_predictor,train,FILGKLWKGVKSIF,0,0.0013445209478959441
toxicity_predictor,train,FLPIVAKLLSGLLGRKKRRQRRR,1,0.5583112835884094
toxicity_predictor,train,GVVTDLLKTAGKLLGNLVGSLSG,0,2.192035481130006e-06
toxicity_predictor,train,VGCEEDPMHCKGKQAKPTCCNGVCNCNV,1,0.9947466254234314
toxicity_predictor,train,RRKQFHVLLSTI,0,0.027531970292329788
toxicity_predictor,train,ILGPVLGLVGSALGGLIKKI,0,2.492474413884338e-05
toxicity_predictor,train,KRVNWAKVGRTALKLLPYIFG,0,0.01395347248762846
toxicity_predictor,train,ILPWKWPWWKWRR,0,0.0017548700561746955
toxicity_predictor,train,VIGGDECNINEHRFLAALYD,0,7.434047438437119e-05
toxicity_predictor,train,GGLRSLGRKILRAWKKYGPQATPATRQ,0,0.04489162564277649
toxicity_predictor,train,IIGAIAAALPHVINAIKNTF,0,0.0008519940893165767
toxicity_predictor,train,VKAAAEYVRLIRSAQKNAEYAGLAPEKM,0,0.0007986846612766385
toxicity_predictor,train,VFLGAIAQALTSLLGKL,0,0.00073146604700014
toxicity_predictor,train,FLPLLVGAISSILPKIF,0,0.00011430786253185943
toxicity_predictor,train,YDPSPLQDFCVAD,0,0.0026895811315625906
toxicity_predictor,train,TCESPSHKFKGPCATNRNCES,1,0.9005414247512817
toxicity_predictor,train,FIGALLRPALKLLA,1,0.9647546410560608
toxicity_predictor,train,WVKAAAKAAAKVW,1,0.9943192601203918
toxicity_predictor,train,QLYENKSRRPYIL,0,0.0010436951415613294
toxicity_predictor,train,GGNKGKQMQDQSGQHPQVIQT,0,6.525807839352638e-05
toxicity_predictor,train,VNWKKILGKIIKVVK,0,0.0007573373732157052
toxicity_predictor,train,KCFQWQRNARKVRGPPVSCIKR,0,0.046119414269924164
toxicity_predictor,train,ALWLAIRKR,0,0.092513807117939
toxicity_predictor,train,MRAKWRKKRMRRLKRKRRKMRQRSK,1,0.634071409702301
toxicity_predictor,train,AAVTRRILCWFA,0,0.03454529121518135
toxicity_predictor,train,FLPGLECVSGLKIVPTVFCAITRIC,1,0.05483906343579292
toxicity_predictor,train,AESGFQPVVDRKGD,0,1.9365069192645024e-07
toxicity_predictor,train,FTAASQTLEAGR,0,3.307329097879119e-05
toxicity_predictor,train,ITAGFISSSANTVYVKKGDVMVFPR,0,8.00730413175188e-06
toxicity_predictor,train,LLKKLLKWLKK,0,0.0119167510420084
toxicity_predictor,train,KWCFRVCYRGICYRACR,1,0.9562996625900269
toxicity_predictor,train,HDRPKFCYLPADPGECMA,0,0.05251193791627884
toxicity_predictor,train,QSHLSLCRYCCNCCRNKGCGYCCKF,1,0.9971599578857422
toxicity_predictor,train,LNLKGIFKKVASLLT,0,0.0005454791244119406
toxicity_predictor,train,GVVDILKGAGKDLLAHALSKLSEKV,0,9.40783411351731e-06
toxicity_predictor,train,TSRCIFYRRKKCS,0,0.3294539451599121
toxicity_predictor,train,TPPAGPDVGPR,0,9.81417833827436e-05
toxicity_predictor,train,YQKSSPGSNITT,0,6.2235863879323e-05
toxicity_predictor,train,AAGGVKKPKKAAAAKKSPKKPKKPAAA,1,0.13672032952308655
toxicity_predictor,train,GECCTDCAQTAAANYC,1,0.9918391108512878
toxicity_predictor,train,FLPIVAGLAANFLPKIVCKITKKC,0,0.0026144436560571194
toxicity_predictor,train,MLVGMTEMVN,0,0.00031160737853497267
toxicity_predictor,train,FKCRRWQWRMKKLGAPSITCVR,0,0.05264651030302048
toxicity_predictor,train,GSPKYCHLPADPGPC,0,0.06901329010725021
toxicity_predictor,train,RKKRRQRAR,0,0.430386483669281
toxicity_predictor,train,RHHRKRIGHTVKQLAKLVKHIHEY,1,0.8836783170700073
toxicity_predictor,train,KKKSGVIPTVSHDCHMNTFQFMFTCCS,1,0.66552734375
toxicity_predictor,train,FLRALWNVAKSVF,0,0.1442800760269165
toxicity_predictor,train,GEPGDSGAKGDAGSPGPAGPTG,0,2.3146516468841583e-05
toxicity_predictor,train,GFGMALKLLKKVL,0,0.004283417947590351
toxicity_predictor,train,VQGMVYCDTCRSANALGFMR,0,0.05265599861741066
toxicity_predictor,train,MRLKELFDAQMEYFGEVFEKTEWPYW,0,4.188449020148255e-05
toxicity_predictor,train,TSTLSWLDEITMEELERNPY,0,1.2156345974290161e-06
toxicity_predictor,train,EITVEPVRHPKKDPSEAE,0,4.0982144128065556e-05
toxicity_predictor,train,GIMSSLMKKLAKHIAK,0,0.006251719314604998
toxicity_predictor,train,LNLKALLAVAAKIL,1,0.9999397993087769
toxicity_predictor,train,GFGSFLGKALKAALKIGANVLGGAPEQ,0,1.807166336220689e-05
toxicity_predictor,train,IILELAAVDSASGKLLINGNFK,0,1.380490061819728e-06
toxicity_predictor,train,GWFSLVRKVVGGVGSL,0,2.1461008145706728e-05
toxicity_predictor,train,VSDSQNSQDGLDPE,0,1.657000012755816e-07
toxicity_predictor,train,IINDFTNLVNQVEPLK,0,7.823695113984286e-07
toxicity_predictor,train,GFGSLLGKALRLWKKVL,0,0.0029311892576515675
toxicity_predictor,train,QKKDKDRFYGLM,0,0.0014882087707519531
toxicity_predictor,train,VPTTPFLCTNDPQCKVNYEDGHCFDILSK,1,0.21504133939743042
toxicity_predictor,train,KLSPSLGPVSKGKLLAGQR,0,0.00016488422988913953
toxicity_predictor,train,LICYNDHGYTGKTTETCENGETTCYEKSR,1,0.6770025491714478
toxicity_predictor,train,KWKSFLKTFKSAAKTVLHTALKAISS,0,0.0031190402805805206
toxicity_predictor,train,GLLSVLGSVAQHVLPHVVPVIAEHL,0,4.574182821670547e-05
toxicity_predictor,train,LFFLPSLIGGLISAFK,0,3.5407269024290144e-05
toxicity_predictor,train,VRFRIRVAVIRA,0,0.0027967493515461683
toxicity_predictor,train,RQGRTLYGFGG,0,0.006973644718527794
toxicity_predictor,train,GLLSGVLGVGKKVDCGLSGLC,0,0.0007370056118816137
toxicity_predictor,train,GLPTCGETCFGGTCNTPGCTCDPWPVCTHN,1,0.9588732719421387
toxicity_predictor,train,GVLDAFRKIATVVKNLV,0,0.0002591997617855668
toxicity_predictor,train,SGGGDGSGMWFGPRL,0,3.313411525596166e-06
toxicity_predictor,train,GNLKALLAVAKKIL,0,0.04359228536486626
toxicity_predictor,train,RRLCRIVVIRVCRR,0,0.005877058487385511
toxicity_predictor,train,MKLIAKTRILNTLVFSAAGK,0,0.0009187361574731767
toxicity_predictor,train,MKLAILGAGCYRTDAASGI,0,0.00027176333242096007
toxicity_predictor,train,LGCNQSSIWSIFFWNH,0,0.0005465041031129658
toxicity_predictor,train,LLKKLLRAASKALSLL,0,0.009716016240417957
toxicity_predictor,train,LTYEMAQKPHHIGVRKSWLTWHSQNLE,0,0.00016032032726798207
toxicity_predictor,train,GNNRPIYIPQPRPPHPRL,0,0.0009025696199387312
toxicity_predictor,train,ATPATPTVAQFVIQGSTICLVC,0,0.06508978456258774
toxicity_predictor,train,FLSLIPHIATGIAALAKHL,0,0.0005848960136063397
toxicity_predictor,train,EATVDMPLD,0,7.555223078270501e-07
toxicity_predictor,train,GPNGKSQSIIVGPWGDRVTN,0,7.081587227730779e-07
toxicity_predictor,train,IWGALLGTLIPAITSAIQ,0,2.417784526187461e-05
toxicity_predictor,train,GPMGPRGPPGPA,0,0.0006522825569845736
toxicity_predictor,train,RKTAGKPKN,0,0.191955104470253
toxicity_predictor,train,GYKYINNIIKYINKFFKYIW,0,0.0003885256592184305
toxicity_predictor,train,VVGGKPAKLGAWPWMVALGF,0,0.00013418054732028395
toxicity_predictor,train,VVGGDECNINEHRSL,0,0.0006319627864286304
toxicity_predictor,train,RWRRFWGKAKRGIKKHGVSIALAALRLRG,1,0.4543279707431793
toxicity_predictor,train,SNGYRPAYRPAYRPSYRPGK,0,0.0049255783669650555
toxicity_predictor,train,YRRRRRRGRRGRRRRGRRRRSRGRRRAHGG,1,0.6063098907470703
toxicity_predictor,train,FIGAVAGLLSKIF,0,0.004262829199433327
toxicity_predictor,train,GLPVCGETCAFGSCYTPGCSCSWPVCTRN,1,0.9847255349159241
toxicity_predictor,train,LLAILLLALLALRKKVLA,1,0.9999711513519287
toxicity_predictor,train,ACYCRIPACIAGERRYGTCIYQGRLWAFCC,1,0.8444195985794067
toxicity_predictor,train,RGGRLAYLRRRWAVLGR,0,0.160591259598732
toxicity_predictor,train,GGPYAFGL,0,6.163473153719679e-05
toxicity_predictor,train,MKKAWWKEGVVYQIY,0,0.0002464247227180749
toxicity_predictor,train,KWKSFIKKSTSKFLHSAKKF,0,0.16808542609214783
toxicity_predictor,train,APQAGFYGVR,0,0.0002170068328268826
toxicity_predictor,train,RIKRFWPVVIRTVVAGYNL,0,0.0006621014908887446
toxicity_predictor,train,SIYERCELARELINR,0,0.0009813237702473998
toxicity_predictor,train,MMCPRILMKCKHDSDCLPGCVCLEHIEYCG,1,0.8112667202949524
toxicity_predictor,train,AGQDGFMRF,0,1.2366917871986516e-05
toxicity_predictor,train,EGPVGLADPDGPASAPLGAP,0,4.526567863649689e-06
toxicity_predictor,train,RIGSILGRLAKGLPTLISWIKNR,0,0.00041391936247237027
toxicity_predictor,train,KWCFCVCYRGICYCRCRG,1,0.9906337261199951
toxicity_predictor,train,SLGSSPYNDILGYPALIVIYP,0,5.133449576533167e-06
toxicity_predictor,train,KKKKKKNGFAAWGAFGA,0,0.089919313788414
toxicity_predictor,train,AGLLVYPRL,0,0.11763676255941391
toxicity_predictor,train,PSVQGAAAQLTADVKK,0,3.15976794809103e-05
toxicity_predictor,train,VATFTLPDLPYDYGALEPAV,0,1.3468863471644e-05
toxicity_predictor,train,SPEYPEHMRWKRSLSRKAKRKP,0,0.10464903712272644
toxicity_predictor,train,QLVPLAIKIYRAWKRR,0,0.006098258774727583
toxicity_predictor,train,LVGAEIDYKEDLEGAQFVIKNPN,0,4.271602165317745e-07
toxicity_predictor,train,GLGPRPLRF,0,0.00839010439813137
toxicity_predictor,train,FVNTIRLLINKAREWNNKQSS,0,2.8801032385672443e-05
toxicity_predictor,train,WLSKTAKKLWLSKTAKKLWLSKTAKKL,1,0.043355751782655716
toxicity_predictor,train,ILGKLWEGLKSLF,0,0.00010061800276162103
toxicity_predictor,train,AIPWIWIWWLLRKG,1,0.7370110750198364
toxicity_predictor,train,FPFFNQYVKL,0,0.0003765273140743375
toxicity_predictor,train,GVFKDALKQFGAALLDQAANALKPK,0,0.00011953872308367863
toxicity_predictor,train,KWKSFLKTFKSLKKTVLHTALKLISS,0,0.007992761209607124
toxicity_predictor,train,ATKGSSDNRVLTGV,0,4.47978391093784e-06
toxicity_predictor,train,TKRQKLVQKYAAKRLEFK,0,0.09438000619411469
toxicity_predictor,train,TFDVCYEQLFFVGGNWK,0,0.003430259181186557
toxicity_predictor,train,GIPCGESCVFIPCISSVIGCSCSSKVCYRN,1,0.9479767084121704
toxicity_predictor,train,EVEMLGDELRTLNQNLGLMR,0,2.3950813101691892e-06
toxicity_predictor,train,MQLVLAAKYIGAAIATIGLIGADDKTSNM,0,7.855403964640573e-06
toxicity_predictor,train,GIKIRKLFKKLLR,0,0.2880779802799225
toxicity_predictor,train,VLASKNFGDK,0,4.542126589512918e-06
toxicity_predictor,train,FLSLIPHAISAISAIAHHL,0,0.00012544105993583798
toxicity_predictor,train,GILDWGKKVMDWIKDKM,0,1.9997194613097236e-05
toxicity_predictor,train,SPASGFFGMR,0,1.3316519471118227e-05
toxicity_predictor,train,VVLNLLVKVLKYGK,0,0.02243037521839142
toxicity_predictor,train,RIKRFWPVVIR,0,0.001930509926751256
toxicity_predictor,train,AEVLMDFPQLTMTLPDGREESVMKLTTLVA,0,2.129959739249898e-06
toxicity_predictor,train,GDAAAQPEK,0,1.844097459979821e-05
toxicity_predictor,train,QGGAGWPPIPP,0,6.739812670275569e-05
toxicity_predictor,train,GNPCGESCVYLPCITTVVGCSCQNSVCYHN,1,0.9357702732086182
toxicity_predictor,train,QGLIAFPRV,0,0.00013482231588568538
toxicity_predictor,train,MGKGDRRTRRGKIWRGTYGKYRPRKKK,1,0.5336928963661194
toxicity_predictor,train,FLPLIGKILGTILGK,0,0.00010839020978892222
toxicity_predictor,train,SLNVMRKGIRKQPVSSGKRGGVNDYDM,0,1.6476147720823064e-05
toxicity_predictor,train,GSTSECFWKYCV,0,0.8443006873130798
toxicity_predictor,train,CCKQSCTTCMPCCW,1,0.9992497563362122
toxicity_predictor,train,FLPKLFAKITKKNMAHIRC,0,0.06650755554437637
toxicity_predictor,train,MALNLQDKQAIVAEVSEVAKG,0,2.732556367845973e-06
toxicity_predictor,train,MLTVKIINGDGAIDKHLTLNEKEAFKKTI,0,1.255870665772818e-05
toxicity_predictor,train,SGKLWWRRKK,0,0.2002599984407425
toxicity_predictor,train,IVGGAECVPY,0,0.08142813295125961
toxicity_predictor,train,LNLKALGAVAKKIL,0,0.04359228536486626
toxicity_predictor,train,VMYYSLPRPV,0,0.00030703385709784925
toxicity_predictor,train,DVIGPQAQVTLANQD,0,4.670990563226951e-07
toxicity_predictor,train,MDIISLAWAALMVVFTFSLSLVVWGRSGL,0,0.002035205252468586
toxicity_predictor,train,CAWYNISCRLGNKGAYCTLTVECMPSCN,1,0.9356899261474609
toxicity_predictor,train,FLTVLGNDKEVENTFKALDKA,0,2.346177325307508e-06
toxicity_predictor,train,IGKKFKRIVQRIKDFLRNL,0,0.018381955102086067
toxicity_predictor,train,MVPVPVHHMADELLRNGPDTVI,0,5.016552222514292e-06
toxicity_predictor,train,STPACAIGVVGITVAVTGISTACTSRCINK,1,0.14622382819652557
toxicity_predictor,train,SLGPAIKATRQVCPKATRFVTVSCKKSDCQ,1,0.05828935652971268
toxicity_predictor,train,KWKLFKKIGAVLKVL,0,0.01130333635956049
toxicity_predictor,train,PAWLVDCPCVGDDISRLLTRGEK,0,0.00040249983430840075
toxicity_predictor,train,QLTFSPDW,0,9.77212152974971e-07
toxicity_predictor,train,ELVTLSGAHTIGQAR,0,1.2211364264658187e-05
toxicity_predictor,train,RSVTTEINTLFQTLTSIAEKVDP,0,2.572842504378059e-06
toxicity_predictor,train,VGCEECPMHCKGKHAVPTCDDGVCNCNV,1,0.9861907958984375
toxicity_predictor,train,MLKLHGFSVSNYYNMVKLALLEKG,0,0.00028204373666085303
toxicity_predictor,train,ATLTVFFRDN,0,2.500185109965969e-05
toxicity_predictor,train,HKTDSFVGLM,0,3.2131570151250344e-06
toxicity_predictor,train,LFAKINGLKVGPLKIQIV,0,0.00018542860925663263
toxicity_predictor,train,GYPICGESCVGGICNIPGCSCSWPVCTTN,1,0.9182912707328796
toxicity_predictor,train,GFGFVTFGNEK,0,1.9138788047712296e-05
toxicity_predictor,train,GTPCAESCVYLPCFTGVIGCTCKDKVCYLN,1,0.9431877136230469
toxicity_predictor,train,GIKDWIKGAAKTLIKTVASHIANQ,0,9.300428064307198e-05
toxicity_predictor,train,WTTIVKVSKAVCKTGTCICTTSCSNCK,1,0.979468047618866
toxicity_predictor,train,AAGQDNFMRF,0,1.8621283743414097e-05
toxicity_predictor,train,HSQGTFTSDYSKHLDSRYAQEFVQWLMNT,0,4.131082732783398e-06
toxicity_predictor,train,GNALGKEGLKAI,0,4.218006506562233e-05
toxicity_predictor,train,IGKKFKRIVKRIKKWLRKL,1,0.49089595675468445
toxicity_predictor,train,RIIRPIIQIIKQKIR,0,0.000537618063390255
toxicity_predictor,train,MVKTVAVMVGSLRKDSLAHKLMKVLQK,0,0.0006694202893413603
toxicity_predictor,train,AFVKGSAQRVAHGY,0,0.001489840797148645
toxicity_predictor,train,DHLPHDVYSPRL,0,9.524819324724376e-05
toxicity_predictor,train,ILQKAVLDCLKAAGSSLSKAAITAIYNKIT,0,0.00018066854681819677
toxicity_predictor,train,QHYSLEWKPG,0,0.0001221988204633817
toxicity_predictor,train,MALNLQDKQAIVAEVSEVAKGAL,0,6.01181363890646e-06
toxicity_predictor,train,YYVDLQNR,0,7.449361874023452e-05
toxicity_predictor,train,GWRLLLKKAEVKTVGKLALKHYL,0,0.026598792523145676
toxicity_predictor,train,LSAGPNGGSIAKLSVK,0,5.902173143113032e-06
toxicity_predictor,train,VVGCPWQPWC,0,0.09517543762922287
toxicity_predictor,train,RNCESLSHRFKGPCTRDSNC,1,0.8036741018295288
toxicity_predictor,train,GLFVGVLAKVAAHVVPAIAEHF,0,0.06210792064666748
toxicity_predictor,train,KKKFPWWWPFKKK,0,0.023288041353225708
toxicity_predictor,train,TRQARRNRRRRWRERQRGC,1,0.3022572994232178
toxicity_predictor,train,APAPSGGGSAPLAKIYPRGSHWAVGHLM,0,5.4418120271293446e-05
toxicity_predictor,train,TPASGFFGMR,0,3.745745198102668e-05
toxicity_predictor,train,GFMDTAKNVAKNVAVTLLDNLKCKITKAC,0,0.001863460405729711
toxicity_predictor,train,SDDDGTVVLTTSGPIRGKRLQVGSAAVTAF,0,7.644420634278504e-07
toxicity_predictor,train,KPEEDWDRTD,0,9.148952813120559e-06
toxicity_predictor,train,FLPLIAGVAASILPKIFCFITKKC,0,0.000948617176618427
toxicity_predictor,train,ILGTILGLLKSL,0,4.80048984172754e-05
toxicity_predictor,train,GSGFSSWG,0,1.3195172869018279e-05
toxicity_predictor,train,HRHQGPIFDTRPSPFNPNQPRPGPIY,0,0.0001996297505684197
toxicity_predictor,train,GKITFYEDRNFQGRCYECSTDCPDLSPYFS,1,0.09726829826831818
toxicity_predictor,train,FLPALAGIAGLLGKIFGK,0,0.00021292104793246835
toxicity_predictor,train,KCFQWQRNMRKVRGAPVSCIKR,0,0.03261704370379448
toxicity_predictor,train,GWLRKLGAVLKVLTT,0,0.0029403092339634895
toxicity_predictor,train,AEYFQHWGQGTLVTVSS,0,1.2207568033772986e-05
toxicity_predictor,train,FKSWSLCTPGCARTGSFNSYCC,1,0.9468993544578552
toxicity_predictor,train,KCFQWQRNMRKVAGPPVSCIKR,0,0.018421558663249016
toxicity_predictor,train,AESKKGFLPVIDKKDGYTFLYPFGGQEVSI,0,1.18049422326294e-06
toxicity_predictor,train,VVGGDECNINEHPFLV,0,0.0020276950672268867
toxicity_predictor,train,ILGGDGYSTKTPLPTVKRHERRSVVNE,0,5.401896487455815e-05
toxicity_predictor,train,GLEESPGHPGQPGPPGPPGAPGP,0,0.00027018197579309344
toxicity_predictor,train,GDCGCSGASSCTCASGQCTCSGCGK,1,0.9983108043670654
toxicity_predictor,train,SDYLQLARG,0,5.229976977716433e-06
toxicity_predictor,train,NALSSPRNKCDRASSCFG,0,0.017830023542046547
toxicity_predictor,train,KLAGLAKKLAGLAKKLAGLAK,0,0.01825547032058239
toxicity_predictor,train,GLVGEIISRGDFAIDIGR,0,4.030668208088173e-07
toxicity_predictor,train,MSSSHIFIGETIGT,0,2.6363129563833354e-06
toxicity_predictor,train,ALWKDILKNLLKAALNEINQIVQ,0,2.6362895368947648e-05
toxicity_predictor,train,WIIFRAAASHKK,0,0.01667657680809498
toxicity_predictor,train,INWKAIIEAAKQAL,0,0.0160971712321043
toxicity_predictor,train,FLPFLATLLSKVL,0,0.25455328822135925
toxicity_predictor,train,GRGREFMSNLKEKLSGVKEKMKNS,0,0.0006479161093011498
toxicity_predictor,train,FIVPSIFLLKKAFCIALKKC,0,0.004764196928590536
toxicity_predictor,train,FLPVLGKVIKLVGGLL,0,0.0007761088199913502
toxicity_predictor,train,GFLSALKKYLPIVLKHV,0,0.003520521568134427
toxicity_predictor,train,KLGEFSPTRTYRGHNKKDKKMQKK,0,0.19092121720314026
toxicity_predictor,train,GIGGALLSAGKSALKGLAKGLVEHFAN,0,2.648314148245845e-05
toxicity_predictor,train,DHVTPDIAYNP,0,3.289895539637655e-05
toxicity_predictor,train,QVSLKYPEGKMYSFGL,0,2.102732651110273e-05
toxicity_predictor,train,FLPMLAGLAANLLPKLFCKITKKC,0,0.006997874937951565
toxicity_predictor,train,ISPLTGTNGEIR,0,1.7392308109265286e-06
toxicity_predictor,train,GLPVCGETCVGGTCNTPGCGCSWPVCTRN,1,0.9912477135658264
toxicity_predictor,train,YVSPVAIVKGLNIPL,0,2.0545940060401335e-05
toxicity_predictor,train,FLHHIVGLIHHGLSLFGDRAD,0,0.00017384970851708204
toxicity_predictor,train,MIPAAFDYVAPSTVDEAVQAL,0,4.133886977797374e-05
toxicity_predictor,train,ILPFVAGVAAEMMQHVYCAASKKC,0,0.005472167395055294
toxicity_predictor,train,GFMDTAKNVAKNVAVTLLDKLKCKITGGC,0,0.001170910312794149
toxicity_predictor,train,MRFCWQKSIHGS,0,0.011838402599096298
toxicity_predictor,train,HHIIGGLFSAGKAIHRLIRRRRR,1,0.8901908993721008
toxicity_predictor,train,GKTKGVTSGLIAFPRL,0,0.00032016364275477827
toxicity_predictor,train,MTKDEPLEGNVGVLT,0,6.630797884099593e-07
toxicity_predictor,train,KNGTVKWFNAEKGFGFITSED,0,2.221469003416132e-06
toxicity_predictor,train,RCVCTRGFCRCVCRRGVC,1,0.9975734353065491
toxicity_predictor,train,GDSEVPGMWFGPRL,0,6.366075808728056e-07
toxicity_predictor,train,KPNPERFYGLM,0,0.00032322038896381855
toxicity_predictor,train,AELTSCFPVG,0,0.2651120126247406
toxicity_predictor,train,QHWSDYFKPG,0,5.7598237617639825e-05
toxicity_predictor,train,MLKYIYMHLSHKYNHILFTYNTRIIS,0,0.002143779769539833
toxicity_predictor,train,GSSGLISFPRN,0,2.1721953089581802e-06
toxicity_predictor,train,SCCARNPACRHNHPCV,1,0.9600924253463745
toxicity_predictor,train,FLKPLFNAALKLLP,0,0.022942878305912018
toxicity_predictor,train,GNNRPVYIPQPRPPHPRL,0,0.0007716597174294293
toxicity_predictor,train,RMAGRNRTEFYKLLSRHELDANDFKE,0,0.00029263144824653864
toxicity_predictor,train,CLGVGSCNDFAGCGYAVVCFW,1,0.8838567733764648
toxicity_predictor,train,VDPGESTFIDEGATGR,0,2.5975603534789116e-07
toxicity_predictor,train,FALGAVTCLIRTKCKVLPKLF,0,0.008650894276797771
toxicity_predictor,train,LRSNSRAFLKKVYFLRGFQKY,0,0.020735178142786026
toxicity_predictor,train,FNAGGHINHSLFWQNLAPASSNEAK,0,3.019443965968094e-06
toxicity_predictor,train,GRKKRRQPPQC,0,0.13932965695858002
toxicity_predictor,train,GYEVIDTIK,0,3.641895546024898e-06
toxicity_predictor,train,MIISRDLISH,0,5.546452939597657e-06
toxicity_predictor,train,SNMIEGVFAKGFKKASH,0,0.00012810893531423062
toxicity_predictor,train,FLGSLIGAAIPAIKQLLGLKK,0,0.00017263673362322152
toxicity_predictor,train,GFLDKLKKGASDFANALVNSIKGT,0,2.8054089398210635e-06
toxicity_predictor,train,GILDTLKQLGKAAAQSLLSKAACKLAKTC,0,0.0012337780790403485
toxicity_predictor,train,LPLLAGLAANFLPKIFCKITRK,0,0.0033679166808724403
toxicity_predictor,train,HSDAVFTDNYSRIRKQMAVKKYINSLLA,0,5.6253320508403704e-05
toxicity_predictor,train,HLLQFNKMIKFETRKNAIPFYAF,0,0.0018723666435107589
toxicity_predictor,train,FKCRRWQWRMKK,0,0.05836108699440956
toxicity_predictor,train,NYQRRCKNQN,0,0.03634174168109894
toxicity_predictor,train,RRRQRRKKR,0,0.481291800737381
toxicity_predictor,train,GLWWRLWWRLRSWFRLWFRA,0,0.015977928414940834
toxicity_predictor,train,GLKDKFKSMGEKLKQYIQTWKAKF,0,0.0024356909561902285
toxicity_predictor,train,RWRWRWRWRW,0,0.0148819824680686
toxicity_predictor,train,FLPLVRVAAKLIPSVVCAISKRC,0,0.0016649249009788036
toxicity_predictor,train,ASITHVKNRGKYIYMHLKFRKTNVLI,0,0.015679994598031044
toxicity_predictor,train,LTCLTKMVECIQLPLDVEDSSDTLCC,1,0.6828552484512329
toxicity_predictor,train,AAVSLLQNKLAYDGFLSK,0,1.6672936908435076e-05
toxicity_predictor,train,GSVIGCGETCLRGRCYTPGCTCDHGICKKN,1,0.9919049739837646
toxicity_predictor,train,YDKKVDSIILFGVNG,0,9.76031174104719e-07
toxicity_predictor,train,AKGETGPAGAPG,0,0.00020631680672522634
toxicity_predictor,train,STIVCVSLRICNWSLRFCPSFKVRCPM,1,0.3226381540298462
toxicity_predictor,train,VVSCADILAVAAR,0,0.09881515055894852
toxicity_predictor,train,NYPTQDSTMDKTFANNL,0,4.031301614304539e-06
toxicity_predictor,train,WGRRGWGAGRRYVRW,0,0.0327664278447628
toxicity_predictor,train,AGDKPGDALLDEWLG,0,1.8577583205114934e-07
toxicity_predictor,train,EKYTEAPEYV,0,0.0017344184452667832
toxicity_predictor,train,GILKSLLKKLKKIIAK,0,0.01689624972641468
toxicity_predictor,train,FKVQNQHGQVVKIFHH,0,0.018429139629006386
toxicity_predictor,train,KKWRKLLKWLAKK,0,0.11274132877588272
toxicity_predictor,train,MRAKWKKKRMRRLKRKRRKMRQRSK,1,0.5998576283454895
toxicity_predictor,train,FPWFNQYVKL,0,0.000147961443872191
toxicity_predictor,train,AEVYNKDGNKLDIYGKAVGLHYFS,0,2.5605188056943007e-05
toxicity_predictor,train,DEDNVLLT,0,9.59132307798427e-07
toxicity_predictor,train,IQKEIDRLNEVAKNLNESLIDLQELGK,0,5.993741183374368e-07
toxicity_predictor,train,IGGIISFFKRLF,0,0.0006080438033677638
toxicity_predictor,train,MKTKAAVLFETHKPFEIVELEL,0,0.00022541893122252077
toxicity_predictor,train,FFPVIGRILNGIL,0,0.0001093866812880151
toxicity_predictor,train,QNARIAVVYFAGY,0,0.04934007301926613
toxicity_predictor,train,VNWKKVLAKIIKVAK,0,0.003334944136440754
toxicity_predictor,train,MKKSIRRSGGKSKGARLWYVGGTQY,0,0.02130950801074505
toxicity_predictor,train,KWCFRVCYRGSCYRRCR,1,0.9664064645767212
toxicity_predictor,train,CAKAKAKAGSGAKAKAKAC,0,0.12369466572999954
toxicity_predictor,train,VAAGRPRF,0,0.0037902132607996464
toxicity_predictor,train,VSGPAGPPGTH,0,0.0005019925301894546
toxicity_predictor,train,AIGPVADLHI,0,2.407864849374164e-05
toxicity_predictor,train,ALLLAIRKR,0,0.10628733783960342
toxicity_predictor,train,FWGALAKGALKLIPSLVSSFTKKD,0,2.8221666070749052e-05
toxicity_predictor,train,SNPNFILTLVNNVPYTIWPA,0,6.672577455901774e-06
toxicity_predictor,train,FQYDSQYDGF,0,5.013602276449092e-05
toxicity_predictor,train,GIMDTIKDTAKTVAVGLLNKLKCKITGC,0,0.0007302322192117572
toxicity_predictor,train,FLKLLKKLL,0,0.1271723508834839
toxicity_predictor,train,QTPQWATGHFM,0,5.7899418607121333e-05
toxicity_predictor,train,KWCFRVCGRGICYRRCR,1,0.9622938632965088
toxicity_predictor,train,AVNIPFKVKFRCKAAFC,0,0.018146483227610588
toxicity_predictor,train,GVDSSFLRL,0,2.939037244686915e-07
toxicity_predictor,train,ARTKQTARKSTGGKAPRKQLAT,0,0.08711210638284683
toxicity_predictor,train,KKDGYPVEYDRAY,0,0.0004656187957152724
toxicity_predictor,train,FLSLIPKIAGGIASLVKDL,0,5.848562523169676e-06
toxicity_predictor,train,DPAFRLPTTTRPRHYQAAIPDFSAGA,0,3.3946093026315793e-05
toxicity_predictor,train,GLFGKSSVVGRKYYVDLAGCAKA,0,0.0005513137439265847
toxicity_predictor,train,VIGGDECDINEHPFL,0,0.0003495936980471015
toxicity_predictor,train,GCTPEYCSMWCKVKVSQNYCVKNCKCPGR,1,0.9850560426712036
toxicity_predictor,train,GVLFASGQNLARTLIEFLLR,0,5.6811019021552056e-05
toxicity_predictor,train,FFPIVGKLLSGLL,0,8.370395516976714e-05
toxicity_predictor,train,KEGYIVNYHTGCKYTCAKLGDNDYCLRECK,1,0.7833025455474854
toxicity_predictor,train,TRSRWRRFIRGAGRFARRYGWRIA,1,0.27008143067359924
toxicity_predictor,train,VRFKLLSHSLLVTLASHL,0,0.0010103581007570028
toxicity_predictor,train,GIPCGESCVYIPCLTSAVGCSCKSKVCYRN,1,0.9810515642166138
toxicity_predictor,train,NGKQVCLDPEAPFLKKVIQKILDS,0,1.9069975678576156e-05
toxicity_predictor,train,QGRPPRPHIPP,0,0.005274157039821148
toxicity_predictor,train,KAGLAFPVGRVHRLLRK,0,0.320514053106308
toxicity_predictor,train,AYDPDPYKRYSAEHTFFLL,0,0.00010045541421277449
toxicity_predictor,train,FTKRFIDNLRDRYYRCDRNL,0,0.012278901413083076
toxicity_predictor,train,FWPVVIRTVVAGYNLYRAIKKK,0,0.0016957620391622186
toxicity_predictor,train,LRRAARWARRLLRR,0,0.13191008567810059
toxicity_predictor,train,GLFDIIKKVAS,0,1.8188524336437695e-05
toxicity_predictor,train,SMLSVLKNLGKVGLGLVACKINKQC,0,0.0011379604693502188
toxicity_predictor,train,ATTDSPATLTGVI,0,6.479381409008056e-05
toxicity_predictor,train,DHLSHDVYSPRL,0,2.4613351342850365e-05
toxicity_predictor,train,QGWPGPKVPP,0,0.00010928262781817466
toxicity_predictor,train,WYQLIRTFGNLIHQKYRKLLEAYRKLRD,0,0.004276955500245094
toxicity_predictor,train,VSGTSYADYLR,0,1.3315427167981397e-05
toxicity_predictor,train,GAFGDLLKGVAKEAGLKLLNMAQCKLSGNC,0,0.00016021930787246674
toxicity_predictor,train,KSAAEVQNTQQAIIPAQEKANLGNQNIMA,0,4.541563612292521e-06
toxicity_predictor,train,MAATFALHGWWRTS,0,0.0009718154324218631
toxicity_predictor,train,EKYTEVPEYV,0,0.002101403195410967
toxicity_predictor,train,TLNKVYKFDRDRRFL,0,0.01001433189958334
toxicity_predictor,train,AGPPGADGQAGAKGEPGDS,0,8.914325917430688e-06
toxicity_predictor,train,GFDVVDNIK,0,5.71120153836091e-07
toxicity_predictor,train,WLNALLHHGLNCAKGVLA,0,0.007830790244042873
toxicity_predictor,train,DLLTAIKRVKESMKRRT,0,0.00606626458466053
toxicity_predictor,train,FKSWSFCTPGCAKTGSFNSYCC,1,0.9043865203857422
toxicity_predictor,train,ALLDKLKSLGKVVGKVALGVVQNYLNPRQ,0,0.00010839031165232882
toxicity_predictor,train,GLPVCGETCAGGTCNTPGCSCSWPICTRN,1,0.9915966391563416
toxicity_predictor,train,MDIINIAWAALMVIFTFSLSLVVWGRSGL,0,0.005108632612973452
toxicity_predictor,train,KGDIMVFPR,0,9.555249562254176e-05
toxicity_predictor,train,GLPCGESCVFIPCITTVVGCSCKNKVCYNN,1,0.9217290282249451
toxicity_predictor,train,SNSKCPDGPDCFVGLM,0,0.13267430663108826
toxicity_predictor,train,ILGPVIGTIGNVLGGLLKNL,0,7.32508351575234e-06
toxicity_predictor,train,AAKPVATKPEVPRPQAAKPA,0,0.0016548029379919171
toxicity_predictor,train,MEKGYYDLES,0,1.107316893467214e-05
toxicity_predictor,train,FFPIIAGMAAKVICAITKKC,0,0.004121200181543827
toxicity_predictor,train,GKNGDRGESGPAGPAGPAGPAGAR,0,0.00013653394125867635
toxicity_predictor,train,ARPPGFSPFRIV,0,0.00010949083662126213
toxicity_predictor,train,KPRPQQFIGLM,0,0.0006112229311838746
toxicity_predictor,train,MAITAAASRLGTEPF,0,4.713488306151703e-05
toxicity_predictor,train,SLPQNIPPLTQTPVVVPPF,0,3.705335620907135e-05
toxicity_predictor,train,GDVVANPESVELK,0,5.542633516597562e-07
toxicity_predictor,train,NPVLPCPVGSLYK,0,0.005441818851977587
toxicity_predictor,train,QVNFSPGWGT,0,6.984834726608824e-06
toxicity_predictor,train,FLSLLPSLVSGAVSLVKIL,0,2.6578525648801588e-05
toxicity_predictor,train,ADGSDPASGEFLTEGGGVR,0,3.2751546541476273e-07
toxicity_predictor,train,ANDLVDDK,0,3.971301794081228e-07
toxicity_predictor,train,MIIFAIAASHKK,0,0.007824419997632504
toxicity_predictor,train,ARLDVASEFRKKWNKWALSR,0,0.002336266916245222
toxicity_predictor,train,GPDSAFLRL,0,1.4319521142169833e-06
toxicity_predictor,train,GPQQQHRL,0,0.04908910021185875
toxicity_predictor,train,RAGLKFPVGRVHRLLR,0,0.5194358229637146
toxicity_predictor,train,ESLPLAAFHQVDVYTAK,0,2.3881839297246188e-05
toxicity_predictor,train,AYELPELPYAYDA,0,0.005104640033096075
toxicity_predictor,train,SLFELGKMILQETGKNPAQSYGAYGCNC,0,0.0014223656617105007
toxicity_predictor,train,VKLPPPVKLPPP,0,0.0003411764628253877
toxicity_predictor,train,GKNGDRGESGPAGPAGPA,0,5.8441157307242975e-05
toxicity_predictor,train,CLGIGSCNDFAGCGYAVVCFW,1,0.8283485770225525
toxicity_predictor,train,DADIAVWAPPVNAQN,0,3.037210944967228e-06
toxicity_predictor,train,ADKNFLRF,0,0.0009394151857122779
toxicity_predictor,train,KECCTHPACHVSHPELCG,1,0.9771578311920166
toxicity_predictor,train,FLPIVGLLKSLLK,0,0.0007703989394940436
toxicity_predictor,train,MKYINCVYNINYKLKPHSHYK,0,0.00879836268723011
toxicity_predictor,train,FLPLVRGAAKLIPSVVCAISKRC,0,0.0019302755827084184
toxicity_predictor,train,FLSLIPHAINAVSALAKHF,0,0.00017768819816410542
toxicity_predictor,train,CLGIGSCNNFAGCGYAVVCFW,1,0.8657676577568054
toxicity_predictor,train,GRKKRRQRARPPQC,0,0.20144805312156677
toxicity_predictor,train,FIGGIISFIKKLF,0,0.0002674310526344925
toxicity_predictor,train,ANLFTSDQDLYTDSR,0,1.8007469293479517e-07
toxicity_predictor,train,GLWSKIKEAGKAAVKAAGKAALGAVADSV,0,0.0001818704913603142
toxicity_predictor,train,MIIYRDLAS,0,0.000514739949721843
toxicity_predictor,train,IFGAIWKGISSLL,0,1.6983058230835013e-05
toxicity_predictor,train,SETGNTVTVKGFSPLR,0,1.7259730157093145e-05
toxicity_predictor,train,FPVTWGWWKWWKG,0,0.0005713519058190286
toxicity_predictor,train,LQQAEARR,0,0.001410463242791593
toxicity_predictor,train,KRFGRLAKSFLRMRILLPRRKILLAS,1,0.08134712278842926
toxicity_predictor,train,GLRKRLRKFRNKIKEKLKKI,1,0.7666342258453369
toxicity_predictor,train,GLVPPADKY,0,3.254745388403535e-05
toxicity_predictor,train,SDWSLWECCSTGSLFACC,1,0.9597700238227844
toxicity_predictor,train,PTSQPRGDPTGPKE,0,0.00021212165302131325
toxicity_predictor,train,MSIADLKSRLIKASTSKMTAEL,0,8.933116987464018e-06
toxicity_predictor,train,INLKAIAPLAKKLL,0,0.07807288318872452
toxicity_predictor,train,RIGSILGRLAKGLPTLKSWIKNR,0,0.00441439263522625
toxicity_predictor,train,LKSELKEDKE,0,3.195552926626988e-05
toxicity_predictor,train,GWKDWLKKGKEWLKAKGPGIVKAALQAATQ,0,0.0015156455338001251
toxicity_predictor,train,DGRTPALRLRF,0,0.009135645814239979
toxicity_predictor,train,FLPLVTGLLSGLL,0,0.0001249537308467552
toxicity_predictor,train,FKCRRWQWRMKKAGA,0,0.04307039454579353
toxicity_predictor,train,ATYTLPEPPYDYAAL,0,0.00019076788157690316
toxicity_predictor,train,VSYNSKFLAATVQAEPVVLDA,0,8.59588817547774e-06
toxicity_predictor,train,QVNFSTGW,0,1.16964829430799e-05
toxicity_predictor,train,ERSAAKSAARSLARR,0,0.004291939549148083
toxicity_predictor,train,FLIIRRPIVLGLL,0,0.21688944101333618
toxicity_predictor,train,MPFSPDIAYSINYALGKYFFHRISHFLESA,0,3.046481651836075e-05
toxicity_predictor,train,RIKRFWPVVIRTVVAG,0,0.0007066944381222129
toxicity_predictor,train,INLKAIAAMAKKLL,1,0.9830143451690674
toxicity_predictor,train,CHYIFNTC,0,0.2898392975330353
toxicity_predictor,train,FDVIKKVASVIGGL,0,1.6941952708293684e-05
toxicity_predictor,train,VDTVVRKNVDSL,0,3.0164762847562088e-06
toxicity_predictor,train,FFSLIPSLIGGLVSAIK,0,6.424758339562686e-06
toxicity_predictor,train,FAHWPDLGPGSPSVKKHGKVIM,0,4.1108574805548415e-05
toxicity_predictor,train,GLFKKLRRKIKKGFKKIFKRL,1,0.802838146686554
toxicity_predictor,train,FLPIVGRLISGLL,0,0.00010196930088568479
toxicity_predictor,train,AIGSILGALAKGLPTLISWIKNR,0,3.342537456774153e-05
toxicity_predictor,train,MSAGVITGVLLVFLLLGYLVYALINAEAF,1,0.9987965822219849
toxicity_predictor,train,IFGSLFSLGSKLLPSVFKLFSRKKQ,0,7.699037087149918e-05
toxicity_predictor,train,IGKKFKRIVQRIKKFLRNL,0,0.17743009328842163
toxicity_predictor,train,GFLGILFHGVHHGRKKALHMNSERRS,0,0.25260719656944275
toxicity_predictor,train,KEEQIGKSSTRGRKSSRRKK,0,0.05121297761797905
toxicity_predictor,train,MPGIAFKGKDMVKAIQFLEIVVPCHCTT,0,0.0009712610044516623
toxicity_predictor,train,GWRTLLKKAEVKTVGKLALKHYL,0,0.04431328922510147
toxicity_predictor,train,SGGGEGSGMWFGPRL,0,5.851385594723979e-06
toxicity_predictor,train,FLPVLAGVLSRA,0,0.001990068471059203
toxicity_predictor,train,AKELLDSDGIILRNGANYYI,0,1.6449380382255185e-06
toxicity_predictor,train,GFDGLAGIPGPPGERGDPGSDGQPGPPGPS,0,1.1517816346895415e-05
toxicity_predictor,train,KWKSFLKTFKAAVKTVLHTALKAISS,0,0.005327885039150715
toxicity_predictor,train,RLKLLLLLRLK,0,0.041850507259368896
toxicity_predictor,train,VDKPPYLPRPRPPRRIYNR,0,0.005496539641171694
toxicity_predictor,train,INWLKIAKKVKGML,0,0.0028312718495726585
toxicity_predictor,train,CIISRDLISH,0,0.000440280040493235
toxicity_predictor,train,SEINGDWNTIALSAD,0,4.566281930351579e-08
toxicity_predictor,train,MNQKHLLRFIKKSYQVDADRVVYSTK,0,0.0003874251851812005
toxicity_predictor,train,APPQPSDNFIRF,0,3.257304342696443e-06
toxicity_predictor,train,GILSGLLGVGKMLVCGLSGLC,0,0.0011854091426357627
toxicity_predictor,train,IISPPVCGNELLEEGEECDCGTPEN,1,0.2394215166568756
toxicity_predictor,train,DPNATIIMLGTGTGIAPFR,0,3.231872824471793e-06
toxicity_predictor,train,WKSDVRRWRSRY,0,0.008201230317354202
toxicity_predictor,train,VAVLVLGA,1,0.9999691247940063
toxicity_predictor,train,GIPCGESCVFIPCISTVIGCSCKNKVCYRN,1,0.8482323884963989
toxicity_predictor,train,GFMNTAKNVAKNVAVTLLDNLKCKITGGC,0,0.002443010453134775
toxicity_predictor,train,SSGWVCTLTIECGTVICAC,1,0.9813411235809326
toxicity_predictor,train,SPALADEHNDNFLRF,0,1.1194905482625472e-06
toxicity_predictor,train,MDILSLGWAALMTMFTFSLALTVWARNGF,0,0.000535258324816823
toxicity_predictor,train,FSLIPSAIGGLISA,0,3.128677008135128e-06
toxicity_predictor,train,QKLCERPSGTWSGVCGNNNACKNQCINLEK,1,0.8720794320106506
toxicity_predictor,train,SISCGETCTTFNCWIPNCKCNHHDKVCYWN,1,0.8381252884864807
toxicity_predictor,train,QDKPFWDPPIYPV,0,1.8298305803909898e-05
toxicity_predictor,train,KWKLFKKIGIGKFLHSAKKF,0,0.31537359952926636
toxicity_predictor,train,FIKELLPHLSGIIDSVANAIK,0,2.8579154331964673e-06
toxicity_predictor,train,TWLKKRRWKKAKPP,0,0.30726224184036255
toxicity_predictor,train,MSFSKFHCGKLMSLKLADLRTMFEALEK,0,0.0004995947820134461
toxicity_predictor,train,LPEQDFMRF,0,1.8274013200425543e-05
toxicity_predictor,train,TPQQDFMRF,0,1.5605566659360193e-05
toxicity_predictor,train,QIIEANLALRR,0,0.0002442507538944483
toxicity_predictor,train,DEPPQTPWDRVKDLVTVYVE,0,6.498457423731452e-06
toxicity_predictor,train,VAEARQGSFSY,0,1.1545210327312816e-05
toxicity_predictor,train,SDDDGTVVLTTSGPI,0,1.2733206631310168e-06
toxicity_predictor,train,KSGGGGWGSGGGGGGGGGWWWSGWGVDR,0,8.426954445894808e-05
toxicity_predictor,train,RRWWWRWRRW,0,0.0148819824680686
toxicity_predictor,train,VRLPPPVRLPPPVRLPPP,0,0.00040789516060613096
toxicity_predictor,train,RKCVRVQLIKNGKKITAF,0,0.05234607309103012
toxicity_predictor,train,AVKPKTAKPKTAKPKTA,0,0.1289493888616562
toxicity_predictor,train,FKLLSHSLLVTLASHLP,0,0.00014705184730701149
toxicity_predictor,train,AVPDVAFNAYG,0,0.0001849581894930452
toxicity_predictor,train,MIYDSQVYTVLLIALLASVLAIRLGSTLYQ,0,0.002865948248654604
toxicity_predictor,train,GSHWAVGHLM,0,0.00040698942029848695
toxicity_predictor,train,KKWWWKWKKW,0,0.004226932767778635
toxicity_predictor,train,WPVVIRTVVAGYNLYRAIKKK,0,0.0018729717703536153
toxicity_predictor,train,VGCEECPMHCKGKKALPTCDYGCECND,1,0.9873786568641663
toxicity_predictor,train,CVISAGWDHKVRCKLTGNC,1,0.9353809952735901
toxicity_predictor,train,CGETCKVTKRCSGQGCSCLKGRSCYD,1,0.9974677562713623
toxicity_predictor,train,PTHIKWGD,0,5.619562944048084e-05
toxicity_predictor,train,LKCNKLVPLFYKTCP,0,0.20859389007091522
toxicity_predictor,train,PASDSGFLRDP,0,1.6136527847265825e-07
toxicity_predictor,train,GRKKRRQRRRPPQC,0,0.25401997566223145
toxicity_predictor,train,LFRKQLKW,0,0.007331445813179016
toxicity_predictor,train,ILPILAPLIGGLL,0,0.1220812052488327
toxicity_predictor,train,IIEKLVNTALGLLSGL,0,7.265841304615606e-06
toxicity_predictor,train,MDPAGPDNDERFTYDYYRLRVVGLIVAAVL,0,1.1167596312589012e-05
toxicity_predictor,train,LFSLVLAG,1,0.7512227296829224
toxicity_predictor,train,KPEEDWGRES,0,1.2961584616277833e-05
toxicity_predictor,train,LLGPVLGLVSNALGGLLKNI,0,1.3482280337484553e-05
toxicity_predictor,train,AEVAPAPAAAAPAKAPKKKAAAKPKKAGPS,0,0.006408677436411381
toxicity_predictor,train,GSKKPVPIIYCNRRTGKC,0,0.1534995287656784
toxicity_predictor,train,ILPLVGNLLNDLL,0,0.0005518883699551225
toxicity_predictor,train,QCRRLCYKQRCVTYCRGR,1,0.9614245295524597
toxicity_predictor,train,FFGSVLKLIPKIL,0,0.0002915306540671736
toxicity_predictor,train,SDDAQRCYPHNRTPFTYTYI,0,0.00276561570353806
toxicity_predictor,train,VSTLSVSSPCPGWPSSFTWSNC,0,0.07535012066364288
toxicity_predictor,train,DIDITGCSACKYAAG,0,0.3010236322879791
toxicity_predictor,train,SPTLDDEHNDNFVRL,0,5.094231028124341e-07
toxicity_predictor,train,KFCPEGKCV,0,0.9761994481086731
toxicity_predictor,train,KKKKKALFLKLWAAFLA,0,0.09820488840341568
toxicity_predictor,train,KPRPGQFFGLM,0,0.0008340977365151048
toxicity_predictor,train,WKKIPKFLHLAKKF,0,0.08439070731401443
toxicity_predictor,train,LLWKLLKKLLK,0,0.03414943069219589
toxicity_predictor,train,WKLLSKAQEKFGKNKSR,0,0.023946454748511314
toxicity_predictor,train,KKFFLKVLTKIRCKVAGGCRT,0,0.1699930876493454
toxicity_predictor,train,RVVRQWPIGRVVRRVVRRVVR,0,0.0024377864319831133
toxicity_predictor,train,VIVFVASVAAEMMQHVYCAASKKC,0,0.007735556922852993
toxicity_predictor,train,THPSVLPFIKQLIGTMDSVRGLPR,0,6.00496014158125e-06
toxicity_predictor,train,WRWRCRRRFCRWRW,0,0.09430617839097977
toxicity_predictor,train,MTPRGFSCLLLPTSETDLPVKRRT,0,0.00013766014308203012
toxicity_predictor,train,GGLIKIVPAMICAVTKKC,0,0.0072183976881206036
toxicity_predictor,train,ADNKNPLEECFRETNYEEFLEIAR,0,0.00013306934852153063
toxicity_predictor,train,ESGINLQGDATLANN,0,1.748290827663368e-07
toxicity_predictor,train,GPSGFLGMR,0,3.0474377126665786e-05
toxicity_predictor,train,FIGGIISFFKRLF,0,0.0006674019386991858
toxicity_predictor,train,RQIKIWFQ,0,9.24992491491139e-05
toxicity_predictor,train,MSTDLKFSLVTTIIVLGLIVAVGLTAALH,0,6.187571125337854e-05
toxicity_predictor,train,ALAGDHFFRF,0,0.0007032358553260565
toxicity_predictor,train,MGIIYLILFLIVIYLLYRILDVLEQK,1,0.9989426732063293
toxicity_predictor,train,MGQEQGIPWIL,0,2.0648492409236496e-06
toxicity_predictor,train,AEELVKPYNGDPFVGHLSTP,0,2.2774374883738346e-06
toxicity_predictor,train,GFWGSLWEGVKSVV,0,4.1354815039085224e-06
toxicity_predictor,train,GGETGGEGKGMWFGPRL,0,2.8033442504238337e-05
toxicity_predictor,train,MIINNNISALNANRQLNLTGNSMTK,0,4.3244758671789896e-06
toxicity_predictor,train,FALESFWDGKGNASAHAMEMTK,0,3.792197503571515e-06
toxicity_predictor,train,MKHSEKNEIASHELPTTPLDPVLAAGRES,0,1.771740244294051e-06
toxicity_predictor,train,IWGIGCNPCVGDEVAALLTRGEA,0,0.004537740256637335
toxicity_predictor,train,SSMKLSFRARAYGFRGPGPQL,0,0.00028357200790196657
toxicity_predictor,train,GGKPDLRPCHPPCHYIPRPKPR,0,0.0334169901907444
toxicity_predictor,train,DLVALSGAHTIGQAR,0,8.535260349162854e-06
toxicity_predictor,train,GSLGEKYAQKAAEVLTSIIP,0,3.563881591617246e-06
toxicity_predictor,train,DHMSHDVYSPRL,0,2.2895474103279412e-05
toxicity_predictor,train,AIVGRPRF,0,0.004664865788072348
toxicity_predictor,train,IYSRLTVSPTGTLNR,0,4.614204226527363e-05
toxicity_predictor,train,KWKLFKKIPFLHLAKKF,0,0.048331890255212784
toxicity_predictor,train,VDRRTPVKLNASGTP,0,7.008116517681628e-05
toxicity_predictor,train,DKPKKKPPPPAGPPPPPPPPPGPPPPGP,0,0.000865950423758477
toxicity_predictor,train,FLGPIIKMATGILPTAICKGLKKC,0,0.0020536985248327255
toxicity_predictor,train,FPVTWPTKWWKG,0,0.00025032562552951276
toxicity_predictor,train,LKKLLKLAKKLLKLAG,0,0.018233736976981163
toxicity_predictor,train,FLPVIAGIAANVLPKLFCKLTKRC,0,0.0032588494941592216
toxicity_predictor,train,NLFQFAEMIVKMTGKEAVH,0,0.0001056787878042087
toxicity_predictor,train,FSSLSLCSLGCTGVKNPSFNSYCC,1,0.9390563368797302
toxicity_predictor,train,KLLKWLLKL,0,0.21488036215305328
toxicity_predictor,train,NPASGFFGMR,0,1.4387553164851852e-05
toxicity_predictor,train,LQPKLEYQYKYHGIVALGIPSYKTQFYDAH,0,0.0002319711202289909
toxicity_predictor,train,YSQVARPRF,0,0.0007936448091641068
toxicity_predictor,train,KHFGKDSNFPF,0,0.0006867540068924427
toxicity_predictor,train,MKHIQIRNSDMDWHIAANNLG,0,8.780109055805951e-06
toxicity_predictor,train,LPLYNFGL,0,0.0013455541338771582
toxicity_predictor,train,QSHLSMCRYCCCKGNKGCGFCCKF,1,0.997677743434906
toxicity_predictor,train,FLPILASLAAKLGPKLFCLVTKKC,0,0.0037745186127722263
toxicity_predictor,train,NLFQFGEMILEKTGKEA,0,3.392309963601292e-06
toxicity_predictor,train,MDIVSFAWAALMVVFTFSLSLVVWGRSGL,0,0.0015333498595282435
toxicity_predictor,train,GLPICGETCVGGTCNTPGCFCTWPVCTRN,1,0.9723584055900574
toxicity_predictor,train,MPIIGVPRCLENPFCAPAKFPLSVKKKIRI,0,0.000727074162568897
toxicity_predictor,train,GLFTLIKGAYKNDAPTVACN,0,0.00029278689180500805
toxicity_predictor,train,LGALFRVASKVFPAVISMVK,0,0.000524948991369456
toxicity_predictor,train,TWLPAVIKIQAHWRGYRQRKIYL,0,0.002807810204103589
toxicity_predictor,train,GLLSGILGAGKKIVCGFSGLC,0,0.0008619422442279756
toxicity_predictor,train,FLWGLIPGAISAVTSLIKK,0,2.582897650427185e-05
toxicity_predictor,train,LPRHTLHCVAYHGYCFHSKV,0,0.15628094971179962
toxicity_predictor,train,MKNRVYESLTTVFSVLVVSSFLYIWFATY,0,0.00011217857536394149
toxicity_predictor,train,IDVSLLKKVEKAVKINDKKPLKTWS,0,0.00013532824232243001
toxicity_predictor,train,SKTPIRVAVTGAAGNIGYHLLFRIA,0,0.00021327559079509228
toxicity_predictor,train,FLPLIASLAANFVPKIFCKITKKC,0,0.002483231946825981
toxicity_predictor,train,KWKSFIKKLPSAAKKVVTTAKPLALIS,0,0.0030416185036301613
toxicity_predictor,train,PALIPFPRV,0,8.500106196152046e-05
toxicity_predictor,train,MIIYRDAIS,0,0.00012108646478736773
toxicity_predictor,train,GWKDWAKKAGGWLKKKGPGMAKAALKAAMQ,0,0.006134808994829655
toxicity_predictor,train,FLYIVAKLLSGLL,1,0.998055100440979
toxicity_predictor,train,VVAFERAK,0,0.004377651959657669
toxicity_predictor,train,LLKLLKWLLKLLK,0,0.6561331152915955
toxicity_predictor,train,ADVPGNYPLDKNGNRYY,0,5.112282087793574e-05
toxicity_predictor,train,CGESCVYIPCTVTALLGCSCKDKVCYKN,1,0.9837642312049866
toxicity_predictor,train,SAGAQGARGDKGEAGE,0,1.7001792002702132e-05
toxicity_predictor,train,CLITNCPRG,0,0.7058122158050537
toxicity_predictor,train,ARARLGVRRFRRKR,0,0.7583098411560059
toxicity_predictor,train,VGSRYLCTPGSCWKLVCFTTTVK,1,0.7910993099212646
toxicity_predictor,train,AVLDILKDVGKGLLSHFMEKV,0,1.5358091332018375e-05
toxicity_predictor,train,WLRAFRRLVRRLARGLRR,0,0.12730073928833008
toxicity_predictor,train,AIMDTIKDTAKTVAVGLLNKLKCKITGC,0,0.0009739120723679662
toxicity_predictor,train,IFGSLFSLGSKLLPTVFKLFSRKKQ,0,0.00012561114272102714
toxicity_predictor,train,AAPRGGKGFFCKLFKDC,0,0.02539724111557007
toxicity_predictor,train,FLPIVGKLLSGLL,0,0.00013036653399467468
toxicity_predictor,train,ILGPVLGLVSNAIGGLIKKI,0,1.50609284901293e-05
toxicity_predictor,train,MEDEGAGG,0,2.8339907203189796e-06
toxicity_predictor,train,EAPVGFTPPELDPSTPSPIFGGSTGGLLR,0,2.0879779185634106e-06
toxicity_predictor,train,MKAIMLVNFCDERGSGR,0,9.043531463248655e-05
toxicity_predictor,train,ALFEESTVSAEPR,0,2.3496704670833424e-06
toxicity_predictor,train,MMYLMPLLIVIVGCLALHCSDDDMPDGHA,0,0.000549188582226634
toxicity_predictor,train,MVWLVWKRSTISRKNKKFFKTIFKKN,1,0.02043045684695244
toxicity_predictor,train,HFDNLNKIQANI,0,1.1226968126720749e-05
toxicity_predictor,train,ACGSCRKKCKGPGKCINGRCKCY,1,0.9893690347671509
toxicity_predictor,train,APAKCTPYCYPTHDGVFCGVRCDFQ,1,0.40968212485313416
toxicity_predictor,train,DDCGKLFSGCDTNADCCEGYVCRLWCKLDW,1,0.808687150478363
toxicity_predictor,train,FLPLKKLRFGLL,0,0.005157905165106058
toxicity_predictor,train,MKLCWQKSIHGS,0,0.01017057429999113
toxicity_predictor,train,NAGSLLSGWG,0,1.8535425851951004e-06
toxicity_predictor,train,RRWWRRWRRW,0,0.04116694629192352
toxicity_predictor,train,SKITDILAKLGKVLAHV,0,0.00021576952713076025
toxicity_predictor,train,YGIHCNTLL,0,0.20276756584644318
toxicity_predictor,train,GFPGPKGAAGDAGKP,0,0.00014928421296644956
toxicity_predictor,train,RQIKIWFQNRRMKWKK,0,0.006818114314228296
toxicity_predictor,train,KSSAYSLQMGATAIKQVKKLFKKWGW,0,0.001445004134438932
toxicity_predictor,train,HSDAVFTDNYSRFRKQMAVKKYLNSVLT,0,7.20015013939701e-05
toxicity_predictor,train,KKLAKALKLLAPLWLKLAKALKKA,0,0.08345853537321091
toxicity_predictor,train,KFNYASVMQVPRIEKITLNMGVGEALTDK,0,4.888820058113197e-06
toxicity_predictor,train,FLGGLMKIIPAAFCAVTKKC,0,0.006726040039211512
toxicity_predictor,train,GIMSSLMKKLKKHIAK,0,0.05863211303949356
toxicity_predictor,train,ICIFCCGCCHRSKCGMCCKT,1,0.9985345602035522
toxicity_predictor,train,LGYITCPGSNLGTLR,0,0.0013024209765717387
toxicity_predictor,train,ATAVDFGPHGLLPIRPIRIRPLCGKDKS,0,0.00015566617366857827
toxicity_predictor,train,GVVTDLLKTAGKLLGNLFGSLSG,0,1.8983106429004692e-06
toxicity_predictor,train,RKGWFKAMKSIAKFIAKEKLKEHL,0,0.0508427694439888
toxicity_predictor,train,MDAVLSVQGASAPVKKKSFFS,0,6.704515726596583e-06
toxicity_predictor,train,MSQASSSPGEGPSSEAAAISEAEAASGS,0,4.390565663925372e-06
toxicity_predictor,train,TCLARDELCGASFLSNFLCCDGLCLLICV,1,0.8487808704376221
toxicity_predictor,train,FWGAVWKILSKVLPHIPGTVKWLQEKV,0,0.00017325347289443016
toxicity_predictor,train,KKSLLAKAKNFGGKVITIFKA,0,0.02466748282313347
toxicity_predictor,train,ESLKARSLKKSLKLKKLL,0,0.029317984357476234
toxicity_predictor,train,HSQGTFTSDYSKYLDSRRAQDFVQWLMST,0,1.9610831714089727e-06
toxicity_predictor,train,SSLLEKGLDGAKKAVGGLGKLGKDA,0,8.389010872633662e-06
toxicity_predictor,train,VIPFVASVAAEMMQHVYCAASRRC,0,0.002697316464036703
toxicity_predictor,train,SKCRIGKDGFYSVTCTEKENLCFTQF,1,0.7116095423698425
toxicity_predictor,train,SNDVSWHEWKRMYNKEYNGA,0,6.666495028184727e-05
toxicity_predictor,train,APDPFRHY,0,0.00041713996324688196
toxicity_predictor,train,GKRKKKGKLGKKRPRSR,1,0.402381032705307
toxicity_predictor,train,LIIFRILISH,0,0.026536311954259872
toxicity_predictor,train,NTFYCCELCCNPACAGCY,1,0.9855493903160095
toxicity_predictor,train,GIKDWIKGAAKKLIKTVASNIANQ,0,9.990764374379069e-05
toxicity_predictor,train,LAGLDTAIILIAFIITASVLAYV,1,0.9992932081222534
toxicity_predictor,train,REIGRAMRFISRNVFKRTLPGAHTRK,0,0.36449679732322693
toxicity_predictor,train,AADDVTVVIGSAAPMSGPQ,0,2.5225738227163674e-06
toxicity_predictor,train,LEEQSFSFTKFSTDQQNLILQAHY,0,1.3597307315649232e-06
toxicity_predictor,train,IWGLIAHGVAHVGSLIHGLVNG,0,8.259696915047243e-05
toxicity_predictor,train,GMKCKFCCNCCNLNGCGVCCRF,1,0.997960090637207
toxicity_predictor,train,TAGFGVFTNIINGGLECGK,0,0.00039648805977776647
toxicity_predictor,train,ILELAGNAARDNKKTRIIPRHLQL,0,0.000608959817327559
toxicity_predictor,train,FLGLLFHGVHHVGKWIHGLIHGHH,0,0.12117603421211243
toxicity_predictor,train,GLWSTIKNVGKEAAIAAGKAALGALGEQ,0,2.4155742721632123e-05
toxicity_predictor,train,CCSQDCLVCIPCCPN,1,0.9803469181060791
toxicity_predictor,train,SHDVNINIQFGFENPQQVVD,0,6.559524763360969e-07
toxicity_predictor,train,FLPILAGLAAKLVPKVFCSITKKC,0,0.0026793007273226976
toxicity_predictor,train,KKWWKFIKKAVNSGTTGLQTLAS,0,0.0005469193565659225
toxicity_predictor,train,ASVHEFLVK,0,0.0003480812010820955
toxicity_predictor,train,GLTFLKKILNFAKKIYTAIW,0,0.0033733162563294172
toxicity_predictor,train,NAMRGAKRVWRHI,0,0.12493954598903656
toxicity_predictor,train,HEDNAGIAVYWGQDAREGDLVTACN,0,1.955978586920537e-05
toxicity_predictor,train,GILSKLLKKLKKIIAK,0,0.01689624972641468
toxicity_predictor,train,LKLKDILGKIKVILSHLNK,0,0.0007130076992325485
toxicity_predictor,train,FLPAVLRVAAKVGPAVFCAITQKC,0,0.0021924711763858795
toxicity_predictor,train,ARTQPGNIAPVGDFTLYPNAPRQGHIVA,0,1.2755624084093142e-05
toxicity_predictor,train,VQPPHSHGDNFYIWT,0,2.0951683836756274e-05
toxicity_predictor,train,WLINYARLRNEKV,0,0.0010117740603163838
toxicity_predictor,train,GFAWNVCVYRNGVRVCHRRAN,0,0.02415906824171543
toxicity_predictor,train,WGRAFSAGVHRLANGGNG,0,0.00015943309699650854
toxicity_predictor,train,ILKKWPWWPWRRK,0,0.005454163998365402
toxicity_predictor,train,NCPAGCRSQGCCM,1,0.9986584186553955
toxicity_predictor,train,GLLSGILGAGKQKVCGLSGLC,0,0.0006633602897636592
toxicity_predictor,train,GPSSGFFGMR,0,2.4292687157867476e-05
toxicity_predictor,train,VDKPDYRPRPWPRPN,0,0.00029790448024868965
toxicity_predictor,train,CWKWKWKWGSGWKWKWKWC,0,0.015605042688548565
toxicity_predictor,train,KQSHKKGGHSFPKEKIS,0,0.06117618829011917
toxicity_predictor,train,YEITGVKEELAREAFARAAAK,0,0.0008155218092724681
toxicity_predictor,train,FASLLGKALKALAKQ,0,0.0043188114650547504
toxicity_predictor,train,FLPLLAGLAANFLPQIICKIARKC,0,0.0022909108083695173
toxicity_predictor,train,GICRCLCRRGVCRCICVL,1,0.9709882140159607
toxicity_predictor,train,WGRAFSAGVHRLARGGRG,0,0.013563885353505611
toxicity_predictor,train,RQLNPSSQELQSPQQSYLQQPYPQNPYL,0,2.555330138420686e-05
toxicity_predictor,train,GKKKKRKREKL,0,0.4090946614742279
toxicity_predictor,train,QKKDKKDKFYGLF,0,0.010313102975487709
toxicity_predictor,train,KWKSFIKKLTSKFLHSADKF,0,0.011558699421584606
toxicity_predictor,train,FLSHIAGFLSNLFGK,0,3.9224803913384676e-05
toxicity_predictor,train,LSTDIVAPPV,0,7.098883088474395e-06
toxicity_predictor,train,SFKKGLFLGTILGGA,0,5.4960713896434754e-05
toxicity_predictor,train,HPLKQYWWRPSI,0,0.0003419102285988629
toxicity_predictor,train,PAWLVDCPCVGDDVNFILTRGQK,0,0.0026324274949729443
toxicity_predictor,train,FCKSLPLPLSVK,0,0.0013760048896074295
toxicity_predictor,train,SEVGALVFQPKTRF,0,2.2528636691276915e-05
toxicity_predictor,train,SALVGCGTKSYPPKPCFGR,0,0.038988254964351654
toxicity_predictor,train,DYYGSPTPLNQLASISVPE,0,2.1272173853503773e-06
toxicity_predictor,train,LTPNTLSDLNSK,0,1.8086723230226198e-06
toxicity_predictor,train,RPDKPRPYLPRPRPPRPVR,0,0.02062126249074936
toxicity_predictor,train,FKRLKKLAKKIWNWK,0,0.0447680726647377
toxicity_predictor,train,FLPGLIKAAVGVGSTILCKITKKC,0,0.0020730372052639723
toxicity_predictor,train,RRLIWLILRLLR,0,0.10168284177780151
toxicity_predictor,train,RDFTHTIIDNSDLFSESRNTRLG,0,4.5701949602516834e-07
toxicity_predictor,train,CCKYGWTCLLGCSPCGC,1,0.9957767128944397
toxicity_predictor,train,QIISRDLISH,0,2.037720378211816e-06
toxicity_predictor,train,MRAKWRKKRTRRLKRKRRKVRARSK,1,0.689579427242279
toxicity_predictor,train,SCIKHGDFCDGDNDDCQCCRDNGF,1,0.6838064789772034
toxicity_predictor,train,FTAAAEAEAAAA,1,0.9807250499725342
toxicity_predictor,train,IRNSLTCRFNFGICLPKRCPGRMRQIGTCF,1,0.16594572365283966
toxicity_predictor,train,FLGELWNVWKSVF,0,6.724526610923931e-05
toxicity_predictor,train,QQWPPGHHIPP,0,0.0006934450939297676
toxicity_predictor,train,AIIYRDLIS,0,0.0004342937609180808
toxicity_predictor,train,GVPVCGETCFGGTCNTPGCSCDPWPVCSRN,1,0.9736005067825317
toxicity_predictor,train,RRLFRRILRYL,0,0.08642914146184921
toxicity_predictor,train,ANLKALLAVAKKIL,1,0.991468071937561
toxicity_predictor,train,FKAVRGERLVYSVKWEGGGKITTRIL,0,0.0010445511434227228
toxicity_predictor,train,RLCRIWWIRWCR,0,0.027807338163256645
toxicity_predictor,train,FQWQRNMRKVR,0,0.003487085923552513
toxicity_predictor,train,TLKIVVKVVKYLV,0,0.10261989384889603
toxicity_predictor,train,KLLGPLLKIAAKVGSNLL,0,0.00029182544676586986
toxicity_predictor,train,DWTYTTWLWWWWWWT,0,0.06681182235479355
toxicity_predictor,train,GRKKGVQFDEGAPDDFDPNNPYKKDVAFL,0,2.168765377064119e-06
toxicity_predictor,train,KGLLRKWGKKWKEFLRRVW,0,0.061385396867990494
toxicity_predictor,train,FITGLISGLMKAL,0,4.473509034141898e-05
toxicity_predictor,train,LPTGPNNPTTLDNSSII,0,4.971976977685699e-06
toxicity_predictor,train,GLKDWWNKHKDKIVKVVKEMGKAGINAA,0,0.0007403754279948771
toxicity_predictor,train,KWKLFKKIPLHLAKKF,0,0.10550019890069962
toxicity_predictor,train,VVGGDECNINDHRSLVRIF,0,3.496538556646556e-05
toxicity_predictor,train,KRIVQRIKDFLR,0,0.011415804736316204
toxicity_predictor,train,ITIPPIVKDTLKKFIKGAISGVM,0,1.370752761431504e-05
toxicity_predictor,train,TVLKTDAQCNCEAFKALSLP,0,0.03196369484066963
toxicity_predictor,train,FIQHLIPLIPHAIQGIKDIF,0,5.5450254876632243e-05
toxicity_predictor,train,RGDGPRRRPRKRRGR,0,0.4557461142539978
toxicity_predictor,train,GLLSGILGAGKHIVCGLSGLK,0,6.871286313980818e-05
toxicity_predictor,train,AAQEGETLTVEETV,0,5.4930689657339826e-05
toxicity_predictor,train,GRPRESGKKRKRKRLKP,1,0.4466090500354767
toxicity_predictor,train,NQDCLSDWSFYEQYCYKVF,0,0.09220989048480988
toxicity_predictor,train,AFEIINDIK,0,1.7575872561792494e-06
toxicity_predictor,train,LLPIVGKLLSGLL,0,0.0002451929321978241
toxicity_predictor,train,IIAGTARSMGITVEG,0,1.0928071787930094e-05
toxicity_predictor,train,KWSFRVCYRGICYRRAR,0,0.08914094418287277
toxicity_predictor,train,LGAWLAGKVAGTVATYAWNRYV,0,0.0031402213498950005
toxicity_predictor,train,FFPIIAGMAAKLIPSLFCKITKKC,0,0.0024632555432617664
toxicity_predictor,train,PGQDFMRF,0,1.4126429050520528e-05
toxicity_predictor,train,FLGALIKGAIHGGRFIHGMIQNHH,0,0.015659239143133163
toxicity_predictor,train,LELPCPREGQVGPRGPRGFPGPPGRAGD,0,0.00026955880457535386
toxicity_predictor,train,IIGPVLGLVGSALGGLLKKI,0,2.492474413884338e-05
toxicity_predictor,train,VIHDDAREWDSSL,0,8.763445435988615e-08
toxicity_predictor,train,NCPYCVVYCCPPAYCEASGCRPP,1,0.6149255037307739
toxicity_predictor,train,DRTPALRLRF,0,0.01582181453704834
toxicity_predictor,train,FLSLIPTAINAVSALAKHF,0,0.00010017074237111956
toxicity_predictor,train,GVCRCVCRRGVCRCVCRR,1,0.9960370659828186
toxicity_predictor,train,VIGGTNASPGEIPWQLSQQRQSGSW,0,3.502954371015221e-07
toxicity_predictor,train,PVQSVFSATRCGAN,0,0.009695149026811123
toxicity_predictor,train,GLFGLAKGSVAKPHVVPVISQLV,0,3.163847577525303e-05
toxicity_predictor,train,GGPAGKQNAVNQLLVLIYDPKSYKD,0,2.026054971793201e-06
toxicity_predictor,train,TMYGLHIDDVIGELRGENELLVIVGAG,0,9.030404157783778e-07
toxicity_predictor,train,PLPTTRGNPTGPKESKKEVESKTETDPFAW,0,2.7496540496940725e-05
toxicity_predictor,train,ASLVTSFEEA,0,7.190923042799113e-06
toxicity_predictor,train,SNMIEGVFAKGFKKASHLFKGIG,0,0.00016555249749217182
toxicity_predictor,train,MPIAQIHILEGRSDE,0,5.309117909746419e-07
toxicity_predictor,train,RFYEMLQVYGSTLKALVH,0,0.00134274794254452
toxicity_predictor,train,MKKAERGASPKQIKPHRYYLLAVH,0,0.09516223520040512
toxicity_predictor,train,KKFKWWWKFKK,0,0.01857117936015129
toxicity_predictor,train,AIGHCLGATL,0,0.013571880757808685
toxicity_predictor,train,RQIKIWFQNRRMKW,0,0.0008682134211994708
toxicity_predictor,train,FLGALWRVAKSVF,0,0.056371212005615234
toxicity_predictor,train,QRFSQPTFKLPQGRLTLSRKF,0,0.007131280843168497
toxicity_predictor,train,GEPGPGGVQ,0,0.00011668856313917786
toxicity_predictor,train,SRSELIVHQR,0,0.00030375170172192156
toxicity_predictor,train,KRRPPGFTPFR,0,0.09776722639799118
toxicity_predictor,train,ILKKLLEGVKSI,0,0.0001717758277663961
toxicity_predictor,train,KLALKLLKLL,0,0.8020974397659302
toxicity_predictor,train,IGTISLSLCEQERDADEDEGETLEE,0,5.298766609485028e-06
toxicity_predictor,train,GLWQKIKDKASELVSGIVEGVK,0,2.0848640360782156e-06
toxicity_predictor,train,ILGEIWKGIKDIL,0,7.695485692238435e-06
toxicity_predictor,train,FLPVIASVAAKVLPKVFCFITKKC,0,0.002001719083636999
toxicity_predictor,train,ARCENFADSYRQPPISSSQT,0,7.668058970011771e-05
toxicity_predictor,train,FEDGKKVRFFKSNKETIK,0,0.006077153608202934
toxicity_predictor,train,GLNALKKVFQGIHEAIKLINNHVQ,0,0.00017948260938283056
toxicity_predictor,train,FMPILSCSRFKRC,0,0.1407110095024109
toxicity_predictor,train,ADTGDGDFITEGGGVR,0,5.76527952489414e-07
toxicity_predictor,train,GGPGATGPAGAR,0,0.0008009498124010861
toxicity_predictor,train,MLTYTGTVINVQTFAAKPDP,0,1.3608159861178137e-05
toxicity_predictor,train,FIVPSIFLLKKAFCIALKKNC,0,0.005044861230999231
toxicity_predictor,train,FFPIVGKLLFGLFGLL,0,0.031709473580121994
toxicity_predictor,train,CVWIPCISGIAGCSCKNKVCYLN,1,0.7323489189147949
toxicity_predictor,train,MFEISFYIALKNFNSLGILKMWRFI,0,0.0004470023268368095
toxicity_predictor,train,RQIKIWFQNRRMAWKK,0,0.002271499251946807
toxicity_predictor,train,QSAPGNEAIPP,0,1.3789709555567242e-05
toxicity_predictor,train,LAKKIYRAWKRR,0,0.18403781950473785
toxicity_predictor,train,RQRVEELSKFSKKGAAARRRK,0,0.18855229020118713
toxicity_predictor,train,IVGGTAADISQFPHQLSLQTT,0,7.795528063070378e-07
toxicity_predictor,train,RIKRFWPVVIRTVVAGYNLYRAIK,0,0.001786555047146976
toxicity_predictor,train,GLFLDTLKKFAKAGMEAVINPK,0,0.0001311982050538063
toxicity_predictor,train,DFGFDIPDEV,0,8.672271860632463e-07
toxicity_predictor,train,SRSELIVHQRLF,0,0.00018290818843524903
toxicity_predictor,train,APQANSFYVGAKAGD,0,7.823055057087913e-06
toxicity_predictor,train,FIPLVSGLFSRLL,0,6.292165198829025e-05
toxicity_predictor,train,KSSTRGRKSSRRKK,0,0.11191287636756897
toxicity_predictor,train,GLFDIVKKVVGAFGSL,0,1.1847567293443717e-05
toxicity_predictor,train,NDPEVPGMWFGPRL,0,4.625725978257833e-06
toxicity_predictor,train,FMKVIDPGTKWCGPGNKAADDTDNGKN,0,1.2340445209702011e-05
toxicity_predictor,train,HVDKKVADKVLLLKQLRIMRLLTRL,0,0.002876290353015065
toxicity_predictor,train,YDIPEPFRWDESFKVFYE,0,2.4720216970308684e-05
toxicity_predictor,train,ADTGEGEFLAEGGGVR,0,1.4795826928093447e-06
toxicity_predictor,train,NHYSYSSPPPPPVVSSPPPPYYYYSPPPPV,0,0.0003372365899849683
toxicity_predictor,train,GSYISCGETCVKLKCYTPGCTCTWPACKKN,1,0.9862329959869385
toxicity_predictor,train,LGQSAASAHHAYIVLAIENSFMTASKKK,0,8.835775224724784e-05
toxicity_predictor,train,NFLGTLINLAKKIM,0,0.0002766923571471125
toxicity_predictor,train,GAKERNNAEAVRERLEEI,0,5.067389429314062e-05
toxicity_predictor,train,GLISGILGVGKKLVCGLSGLC,0,0.0008087002206593752
toxicity_predictor,train,RPEEIGAGDQGHMFG,0,2.3755271740810713e-06
toxicity_predictor,train,FALGAVTKRLPSLFCLITRKC,0,0.006933914963155985
toxicity_predictor,train,KFFRKLKKSVKKRAKKFFKKPRVIGVSIPF,1,0.6814240217208862
toxicity_predictor,train,NWRKILGKIAKVAAGLLGSMLAGYQV,0,0.0007570778834633529
toxicity_predictor,train,MTINFVFGFHIVTLSICQSF,0,0.0008012292091734707
toxicity_predictor,train,SKYESEGVARSEELQEVHQAFADAGRKPI,0,2.8447598197089974e-06
toxicity_predictor,train,VSGSGIMAKRVVVDA,0,1.3172931176086422e-05
toxicity_predictor,train,GLLKPLLKIAAKVGSNLL,0,0.00029182544676586986
toxicity_predictor,train,AAKIILNPKFRCKAAFC,0,0.026507632806897163
toxicity_predictor,train,PDPAKTAPKKKSKKAVT,0,0.05047023296356201
toxicity_predictor,train,RLSRIVVIRVCR,0,0.0010358034633100033
toxicity_predictor,train,QARPRPGPKIPP,0,0.0042943693697452545
toxicity_predictor,train,GMATKAGTALGKVAKAVIGAAL,0,0.0010658639948815107
toxicity_predictor,train,RGDILKRWAGHFSKLL,0,0.008907947689294815
toxicity_predictor,train,FLPALIGIAAKALPSLLCKITKKC,0,0.003875208552926779
toxicity_predictor,train,DWTCSKWSCLVCDDCSVELT,1,0.9059734344482422
toxicity_predictor,train,GLLGTLGNLLNGLGL,0,1.1943050594709348e-05
toxicity_predictor,train,GLFVGLAKVAAHNNPAIAEHFQA,0,0.0001426442904630676
toxicity_predictor,train,KCGVSIPYKISPSTDCSSVK,0,0.09117208421230316
toxicity_predictor,train,KWKLFKKIPKFLHSAKKF,0,0.22758904099464417
toxicity_predictor,train,VRRPKWWWKFLRR,0,0.030013320967555046
toxicity_predictor,train,QVNFTPSW,0,7.073459983075736e-06
toxicity_predictor,train,ALRLAIRKR,0,0.09970234334468842
toxicity_predictor,train,GFLGSLLKTGLKVGSNLL,0,1.011763288261136e-05
toxicity_predictor,train,CLGVGSCNNFAGCGYAIVCFW,1,0.8657676577568054
toxicity_predictor,train,VLSHNNESSYSDTSSCTSQ,0,0.004561521112918854
toxicity_predictor,train,LFGFLIPLLPHIIGAIPQVIGAIR,0,0.00015448736667167395
toxicity_predictor,train,SLQAATEWLKANNQRGFLGEMGAGSNAD,0,4.935478727929876e-07
toxicity_predictor,train,DDCGTLFSGCDTSKDCCEGYVCHLWCKYK,1,0.9388598799705505
toxicity_predictor,train,KWCFRVCYRGICYARCR,1,0.9562996625900269
toxicity_predictor,train,AVLDFIKAAGKGLVTNIMEKVG,0,3.017351082235109e-05
toxicity_predictor,train,NVWKKVLGKIIKVAK,0,0.0033111271914094687
toxicity_predictor,train,AIGKFLHSAKKFGKAFVGEIMNS,0,0.0002362945961067453
toxicity_predictor,train,GLLSGTSVRGSI,0,4.227983481541742e-06
toxicity_predictor,train,GILDSLKNFAKDAAGILLKKASCKLSGQC,0,9.56340809352696e-05
toxicity_predictor,train,NYDKNFYEDTLP,0,0.00010748672502813861
toxicity_predictor,train,MDTKLGLVEEEAAN,0,7.478961947526841e-07
toxicity_predictor,train,LLNSGVKLGTKLLSGLLN,0,1.1351488865329884e-05
toxicity_predictor,train,GLASTIGSLLGKFAKGGAQAFLQPK,0,2.4350209059775807e-05
toxicity_predictor,train,CKGKGASCRKTMYDCCRGSCRSGRC,1,0.9871419668197632
toxicity_predictor,train,QAIVSKARRPYIL,0,0.0015217013424262404
toxicity_predictor,train,LSIEYVTFSELNRAH,0,9.586105989001226e-06
toxicity_predictor,train,FLPFLLSALPKVFCFFSKKC,0,0.0030786185525357723
toxicity_predictor,train,SNASVWECCSTGSWVPFTCC,1,0.9812104105949402
toxicity_predictor,train,WIIFRIAAYHKK,0,0.010871370323002338
toxicity_predictor,train,KWKKFIKNLTKGGSKILTTGLPALIS,0,0.0006453828536905348
toxicity_predictor,train,GRPNPVNNKPTPHPRL,0,0.0028400225564837456
toxicity_predictor,train,VNRKKILGKSIKVVK,0,0.04387258365750313
toxicity_predictor,train,ILPLLLGKVVCAITKKC,0,0.007864493876695633
toxicity_predictor,train,MRVKLFQLRGMLSGSRIL,0,0.000956432893872261
toxicity_predictor,train,LNLKALLAVAKKI,0,0.916671633720398
toxicity_predictor,train,CLSPGSSCSPTSYNCCRSCNPYSRKC,1,0.9856836199760437
toxicity_predictor,train,WNDTGKDADGAEY,0,2.1708656277041882e-06
toxicity_predictor,train,GLPWILLRWLFFRG,0,0.010257331654429436
toxicity_predictor,train,IWVGISYKIHSLYFQ,0,0.000153670203872025
toxicity_predictor,train,INWKGIAAMAKKLL,0,0.03201647102832794
toxicity_predictor,train,QARPRHPKIPP,0,0.027942171320319176
toxicity_predictor,train,ACHAHCQSVGRRGGYCGNFRMTCYCY,1,0.9594449996948242
toxicity_predictor,train,GFVALLKKLPLILKHLP,0,0.0032244729809463024
toxicity_predictor,train,CLGVGSCNDFAGCGYAIVCFW,1,0.8283485770225525
toxicity_predictor,train,LDGAKGDSGPAGPK,0,7.093009116942994e-06
toxicity_predictor,train,RHGCCKGPKGCSSRECRPQHCC,1,0.9947388768196106
toxicity_predictor,train,KWKSFLKTFKKAVKTVLHTALKAISS,0,0.015034019947052002
toxicity_predictor,train,KALKKFLKAWAKLFKAL,0,0.09820488840341568
toxicity_predictor,train,NYIYSGHNYHQ,0,0.010261456482112408
toxicity_predictor,train,NYQYSPPPPPKKKYY,0,0.001284336787648499
toxicity_predictor,train,RQIKIWFQNRRAKWKK,0,0.012144068256020546
toxicity_predictor,train,GLFTLIKCAYQLIAPTVACN,0,0.02284138649702072
toxicity_predictor,train,RGSNLTIHPLRNIKDLVYLGNMGIG,0,7.851388545532245e-06
toxicity_predictor,train,VWRKWRRFW,0,0.009895985014736652
toxicity_predictor,train,FLPIIAGIAAKVFPKIFCAISKKC,0,0.0017877052305266261
toxicity_predictor,train,FFHHIFRGIVHVGRTIHRLVTGG,0,0.07873734086751938
toxicity_predictor,train,KKKFPWWWPFKKKCKKKFPWWWPFKKKC,1,0.03648914024233818
toxicity_predictor,train,IPWKLPATFRPVERPFSKPFCRKD,0,0.0009019416174851358
toxicity_predictor,train,TPFKLSLHL,0,0.0004361894680187106
toxicity_predictor,train,LTGSPGSPGPDGKTGPAGPAGQ,0,5.281193807604723e-05
toxicity_predictor,train,QPEESVFFA,0,5.967829110886669e-06
toxicity_predictor,train,KWKLFKKLKVLTTGL,0,0.04173947870731354
toxicity_predictor,train,MKIFLYLLRKKIAEVWIFQNPANFLSL,0,0.0018628378165885806
toxicity_predictor,train,ANAKVPSHTISNPF,0,1.90769242180977e-05
toxicity_predictor,train,KLLKHKLLVTLA,0,0.016558347269892693
toxicity_predictor,train,FLPLLLSALPSFLCLVFKKC,0,0.0026921031530946493
toxicity_predictor,train,IKLSPETKDNLKKVLKGAIKGAIAVAKMV,0,0.00042278121691197157
toxicity_predictor,train,EEQIKSSKE,0,1.587418773851823e-05
toxicity_predictor,train,GCRQCGGGCNKHGKCINGKCKCY,1,0.9926562309265137
toxicity_predictor,train,GHAKKDKKIQKK,0,0.2546941637992859
toxicity_predictor,train,GCWICWGPNACCRGSVCHDYCPS,1,0.9511848092079163
toxicity_predictor,train,FITLLLRKFICSITKKC,0,0.01575542986392975
toxicity_predictor,train,ADVRNPLEEFRETDYEVL,0,3.5520461096893996e-06
toxicity_predictor,train,GRREDDYDNLQL,0,2.3498766950069694e-06
toxicity_predictor,train,PVLQVVRDIHGDILTPDSRYIL,0,1.9444789813860552e-06
toxicity_predictor,train,DLPSGWSSYEGH,0,1.4062887885302189e-06
toxicity_predictor,train,FRIRVRVAKKFGKAFVGEIM,0,0.012311665341258049
toxicity_predictor,train,EAPPGFSPFR,0,2.1168812963878736e-05
toxicity_predictor,train,HDRPKFCYLPADPGECLAHMRSF,0,0.00453027430921793
toxicity_predictor,train,AAKLLLNPKFRCKAAFC,0,0.04660065099596977
toxicity_predictor,train,MLADVFEKIMGD,0,1.0802082215377595e-06
toxicity_predictor,train,FIHHIIGGLFSAGKAAHRLIRRRRR,1,0.7859765291213989
toxicity_predictor,train,GPLQLSWNYNYGAAGK,0,2.2413176338886842e-05
toxicity_predictor,train,ENREVPPGFTALIKTLRKCKII,0,0.0011542317224666476
toxicity_predictor,train,QWAQWPRPQIPP,0,6.624378147535026e-05
toxicity_predictor,train,GIFTFEDESTSTVAPAKLYK,0,2.0808276985917473e-06
toxicity_predictor,train,FLSLIPHIVSGVASLAKHFG,0,3.022258351847995e-05
toxicity_predictor,train,AGQDNFMRF,0,1.1919781172764488e-05
toxicity_predictor,train,GSSGLIAFPRL,0,5.490462626767112e-06
toxicity_predictor,train,GFFDLAKKVVGGIRNALGI,0,6.82735480950214e-05
toxicity_predictor,train,QWGRRCCGWGPGRRYCRRWC,1,0.761676549911499
toxicity_predictor,train,HFKIRKRFVKKLV,0,0.557529091835022
toxicity_predictor,train,GMASKAGSVLGKVAKVALKAAL,0,0.000773069157730788
toxicity_predictor,train,YPCKLNLKLGKVPFHF,0,0.01092719566076994
toxicity_predictor,train,VGALAVVVWLFLWLW,1,0.999998927116394
toxicity_predictor,train,QRPEYPVWREKGAV,0,0.0005775275640189648
toxicity_predictor,train,AAHHIIGGLFSAGKAIHRLIRRRRR,1,0.7394914627075195
toxicity_predictor,train,EQQCTPGQTKKEDCNNCTSGD,1,0.7642436623573303
toxicity_predictor,train,RIKAERKRMRNRIAASKSRKRKLERIARGC,1,0.5540680289268494
toxicity_predictor,train,TEVTFKVGEGSSGKS,0,1.67559501278447e-05
toxicity_predictor,train,WTFGQGTKVEIK,0,5.029798558098264e-05
toxicity_predictor,train,CVISAGWNHKIRCKLTGNC,1,0.871569037437439
toxicity_predictor,train,QKIQEIDLQTYLQPQ,0,5.556130417971872e-06
toxicity_predictor,train,FLSAITSLLGKLL,0,6.282224785536528e-05
toxicity_predictor,train,VTTEIRFADSKRKSVLLDKIKNLQVALTSK,0,2.4420927729806863e-05
toxicity_predictor,train,GVGDIFRKIVSTIKNVV,0,7.85142674430972e-06
toxicity_predictor,train,ILKKIWKPIKKLF,0,0.004954105708748102
toxicity_predictor,train,FLLFPLMCKIQGKC,0,0.04395884647965431
toxicity_predictor,train,AGLPTEEKPPLL,0,2.1931684386800043e-05
toxicity_predictor,train,HKLDSFIGLM,0,1.6583040633122437e-05
toxicity_predictor,train,KWAFRVAYRGIAYRRAR,0,0.022142374888062477
toxicity_predictor,train,MDLSRIPPQPKAGILNVLIEIPAGS,0,8.975318337434146e-07
toxicity_predictor,train,MAPRGFSCLLLSTSEIDLPVKRRA,0,5.458942905534059e-05
toxicity_predictor,train,GPIPWQRRI,0,0.000661458179820329
toxicity_predictor,train,TKRRITPKDVIDVRSVTTEINT,0,2.034804128925316e-05
toxicity_predictor,train,AIEVQTVTLIPGD,0,2.2190720301296096e-06
toxicity_predictor,train,RPPGFTPFRIY,0,0.000489495403598994
toxicity_predictor,train,RKKRRQRRA,0,0.430386483669281
toxicity_predictor,train,SGLDSLSGATFGGNR,0,1.0161699037780636e-06
toxicity_predictor,train,FLPPSPWKETFRTS,0,2.737409340625163e-05
toxicity_predictor,train,KRIVQRIKKWLR,0,0.046733591705560684
toxicity_predictor,train,SVLGKSVAKHLPHVVPVIAEKT,0,0.00012574141146615148
toxicity_predictor,train,RPPGFSPFRIY,0,0.00030712582520209253
toxicity_predictor,train,IYVRPTKDELLYCGEFRELGQPDKKCRC,1,0.29084309935569763
toxicity_predictor,train,RPKHPIKHQGLPQEVLNENLLRF,0,0.0026369094848632812
toxicity_predictor,train,ISQSDAILSAIWSGIKSLF,0,2.792164934817265e-07
toxicity_predictor,train,RRHWRWWRR,0,0.15233318507671356
toxicity_predictor,train,FFGKVLKLIRKIF,0,0.00821767933666706
toxicity_predictor,train,MRKYEIMYIIRPDMD,0,8.606669143773615e-05
toxicity_predictor,train,AIFIFIRWLLKLGHHGRAPP,0,0.003189507406204939
toxicity_predictor,train,GRFKRFRKKLKRLWHKVGPFVGPILHY,1,0.6587700843811035
toxicity_predictor,train,NYQWRCKNQN,0,0.01532070618122816
toxicity_predictor,train,NLLNDALGTVNGLLGRS,0,1.1270329878243501e-06
toxicity_predictor,train,RKKRRRESRKKRRRESC,1,0.3091686964035034
toxicity_predictor,train,GKPTCGETCFKGKCYTPGCTCSYPLCKKD,1,0.9840919971466064
toxicity_predictor,train,NLCASLRARHTIPQCKKFGRR,0,0.23677599430084229
toxicity_predictor,train,GGCCSHPACAANNQDYC,1,0.9686923027038574
toxicity_predictor,train,DLPECCSATELELDSGKQTS,0,0.011730191297829151
toxicity_predictor,train,GFMDTAKNVAKNVAVTLIDNLKCKITKAC,0,0.001591327367350459
toxicity_predictor,train,SKVWRHWRRFWHR,0,0.11060933768749237
toxicity_predictor,train,KSWSLCTPGCARTGSFNSYCC,1,0.9759950041770935
toxicity_predictor,train,MIIYRDLIS,0,0.00043567168177105486
toxicity_predictor,train,LEDNGRTHWAVLVA,0,2.019529893004801e-05
toxicity_predictor,train,GSPGSPGNDGAKGETGPAG,0,4.521588562056422e-05
toxicity_predictor,train,GIRDILKYGKPS,0,0.00043217476923018694
toxicity_predictor,train,QLHVNKARRVYIL,0,0.004731056280434132
toxicity_predictor,train,FITKALGISYGRKKRR,0,0.8039611577987671
toxicity_predictor,train,MNLNAYFEAYQAIFPFLLEAFLRKEQKV,0,0.0004359492158982903
toxicity_predictor,train,RGFMDTAKNVAKNMAVTLLDNLKCKITKAC,0,0.001965767005458474
toxicity_predictor,train,FFSMIPKIATGIASLVKNL,0,2.0270839740987867e-05
toxicity_predictor,train,VIPFVASVAAEMMHHVYCAASKRC,0,0.004577106796205044
toxicity_predictor,train,GLPVCGETCVGGTCNTPGCSCSWPVCTRN,1,0.9930877089500427
toxicity_predictor,train,TDPDADEGEFLAEGGGVR,0,3.008771614076977e-07
toxicity_predictor,train,FFGHLFKLATKIIPSLFQRKKE,0,0.005658529233187437
toxicity_predictor,train,SPPSQDFMRF,0,1.8809046196111012e-06
toxicity_predictor,train,AVNIPFKVHFRCKSIFC,0,0.016047848388552666
toxicity_predictor,train,FIHHIIGGLFSAGKAIHRLIRRR,0,0.4116602838039398
toxicity_predictor,train,NLYQFGGMIGCANKGTRSWLSYVNYGCYCG,1,0.22288350760936737
toxicity_predictor,train,FLGSIVGALASALPSLISKIRN,0,7.557899607490981e-06
toxicity_predictor,train,KWKSFIKNLTKGGSKILTTGLPALIS,0,6.347720045596361e-05
toxicity_predictor,train,FFKLIPKLVKGLISAFK,0,0.002145248930901289
toxicity_predictor,train,KFFRKKSVKK,0,0.5030590891838074
toxicity_predictor,train,VRLRIRVAVIRK,0,0.003628654172644019
toxicity_predictor,train,KKKKKKALFALWLAFLA,0,0.09820488840341568
toxicity_predictor,train,INWLKLGKKIISAL,0,0.0005830341833643615
toxicity_predictor,train,FLSLIPHAINAVSAIAKHF,0,0.00011765379167627543
toxicity_predictor,train,RRFFFRFRRF,0,0.27073049545288086
toxicity_predictor,train,GYIAYVHQNELVKR,0,0.0008735082810744643
toxicity_predictor,train,DEGCLPDDSSRT,0,0.0003179322520736605
toxicity_predictor,train,GKIIKLKASLKLL,0,0.0038828642573207617
toxicity_predictor,train,ALWKDLLKNVGIAAGKAVLNKVTDMVNQ,0,2.8862788894912228e-05
toxicity_predictor,train,SIKEKICKIIEAKIGKKPPFCP,0,0.01429224107414484
toxicity_predictor,train,AVPLIYNRPGIYAPKRPKGK,0,0.0038601900450885296
toxicity_predictor,train,VGTIIKIIKAIIDIFAK,0,0.0002431185421301052
toxicity_predictor,train,NLAPLDLQTPTAFDNNYYK,0,9.275840966438409e-06
toxicity_predictor,train,GRCCDVPNACSGRWCRDHAQCC,1,0.9942197799682617
toxicity_predictor,train,MIIYRALIS,1,0.983646035194397
toxicity_predictor,train,AIGSILGALAKGLPTLKSWIKNR,0,9.841544670052826e-05
toxicity_predictor,train,ENDHRMPYELNRPNNLSKGGAKCGAAIA,0,8.244950004154816e-05
toxicity_predictor,train,PNYKLTYFNLRGRAEISRYLFAYAGIKY,0,0.002510990481823683
toxicity_predictor,train,VAPFPHGKLVTYKYIADVKAGVDPSLV,0,3.0025454179849476e-05
toxicity_predictor,train,FFPIVGKLLSGLF,0,6.974176358198747e-05
toxicity_predictor,train,GIFPIFAKLLGKVIKVASSLISKGRTE,0,4.178005110588856e-05
toxicity_predictor,train,RATVAQPR,0,0.0031479180324822664
toxicity_predictor,train,GVTFHDDDLIPF,0,9.745067472977098e-07
toxicity_predictor,train,GRFRRLGRKFKKLFKKYGP,1,0.7748391628265381
toxicity_predictor,train,DQPGDVKTHKQYDVNYLFFKI,0,2.001760913117323e-05
toxicity_predictor,train,RICPRILMECSSDSDCLAECICLEQDGFCG,1,0.8683719038963318
toxicity_predictor,train,GLWKSLFKNVGKAAGKAALNAVTDMVNQ,0,3.679518340504728e-05
toxicity_predictor,train,GLLKRIKTL,0,0.03775744512677193
toxicity_predictor,train,LFKLLGKIIHHVGNFVHGFSHVF,0,0.0031454619020223618
toxicity_predictor,train,ALQFIQNTASGALYYNTKTHKYQYQQTSGA,0,8.989818161353469e-05
toxicity_predictor,train,AATAATPATAATPARA,0,0.0029715606942772865
toxicity_predictor,train,ALPCPYGCPLRCCHMTDGVCLRNKQGC,1,0.9311433434486389
toxicity_predictor,train,APGDRIYVHPF,0,6.78704964229837e-05
toxicity_predictor,train,EPFKISIHL,0,3.362012284924276e-05
toxicity_predictor,train,YEPGQVRCCLMPA,0,0.4670095145702362
toxicity_predictor,train,FFPIVGKLLS,0,4.631816773326136e-05
toxicity_predictor,train,AEKVDPVKLNLTLSAAAEALTGLGDK,0,2.5991714664996834e-06
toxicity_predictor,train,WKQSHKKGGKKGSG,0,0.026440037414431572
toxicity_predictor,train,KWKKFIKKIGIGAVLKVLTTGLPALKLTKK,1,0.03050578199326992
toxicity_predictor,train,GSAGAQGARGDKGEAGE,0,2.35715378948953e-05
toxicity_predictor,train,GLLDALSGILGL,0,3.0821609016129514e-06
toxicity_predictor,train,FLPFLASLALKIL,1,0.9978426694869995
toxicity_predictor,train,SDRELHRSKAAYFF,0,0.0006014924729242921
toxicity_predictor,train,MELILNKEYRLVIIVLISVYYRYRFFLLLF,1,0.9909142255783081
toxicity_predictor,train,MKYFFMGISFMVIVWAGTFALMI,1,0.9982600808143616
toxicity_predictor,train,CCGPTACIAGCKPCC,1,0.9976373910903931
toxicity_predictor,train,NRRMKWKK,0,0.2511800527572632
toxicity_predictor,train,GSGADCFWKYCV,0,0.5494698882102966
toxicity_predictor,train,DGPAQKQNTVNQLLVLIYLYK,0,1.7869866496766917e-05
toxicity_predictor,train,AALKKALTAGGY,0,0.00516497390344739
toxicity_predictor,train,AGLQFPVGRIGRLLRK,0,0.021240297704935074
toxicity_predictor,train,LKKLLKWLLKLLK,0,0.01424309890717268
toxicity_predictor,train,RWLRWWTRWRLK,0,0.01835780218243599
toxicity_predictor,train,APVSVGGGTVLAKMYPRGNHWAVGHLM,0,0.00010478710464667529
toxicity_predictor,train,KKKKAAFAKAWAKAFAA,0,0.08400285243988037
toxicity_predictor,train,FLPVLARLAVKFLPSIVCAATKKC,0,0.0029979597311466932
toxicity_predictor,train,MDETIVTDKGVAEFSFFKF,0,1.7740363773555146e-06
toxicity_predictor,train,MQDAITAV,0,0.00010986765846610069
toxicity_predictor,train,FLSLIPHAINAVSALANHG,0,2.5035849830601364e-05
toxicity_predictor,train,FLPLLLAGLPLKLCFLFKKC,0,0.007158083841204643
toxicity_predictor,train,MTTKFVFDLLAPDDILHPSNHVNLIIRPI,0,2.780419890768826e-06
toxicity_predictor,train,GPAGPAGSSGK,0,0.00020655299886129797
toxicity_predictor,train,NLYQFKNMIKCTNTRMWWSFTNAGCYDG,0,0.008812999352812767
toxicity_predictor,train,SLLQFNKMIKFETRKNAIPFYAF,0,0.00043777591781690717
toxicity_predictor,train,APSDTTIAETLTITEEFFPD,0,5.21157471666811e-06
toxicity_predictor,train,RKYVRFLHRWVKYFRAYL,0,0.025837991386651993
toxicity_predictor,train,SALAINQPNYSVLKELGLNED,0,1.672707412581076e-07
toxicity_predictor,train,FKCRRWQWRMKKLGAPSITCVRRAF,0,0.04070506617426872
toxicity_predictor,train,KIKFLKVLT,0,0.005867454688996077
toxicity_predictor,train,SLLEFGMMILEE,0,8.830080332700163e-06
toxicity_predictor,train,HPTWPQKSVWHGSDPNGRRLTESY,0,4.106735286768526e-05
toxicity_predictor,train,GNGVFKTISHECHLNTWAFLATCCS,1,0.7422040700912476
toxicity_predictor,train,NVDFNSESTRRKKKQNEIVDLHNSLRRTVN,0,5.551639333134517e-05
toxicity_predictor,train,AKKVFKRLEKLFSKIQNWK,0,0.013572013936936855
toxicity_predictor,train,ASNVPKELVEKGQNRV,0,1.2401616913848557e-05
toxicity_predictor,train,MWYLLWFVGILLMCSLSTLVLVWLDPRLKS,0,0.03298624977469444
toxicity_predictor,train,FFSLLPSLIGGLVSAIK,0,7.828204616089351e-06
toxicity_predictor,train,ESLAKALSKEALKALK,0,0.0008299608016386628
toxicity_predictor,train,FKTWKRPPFQTSCWGIIKE,0,0.0011012207251042128
toxicity_predictor,train,GICRCVCRRGVCRCICLL,1,0.9709882140159607
toxicity_predictor,train,AIGPVADLH,0,1.2598461580637377e-05
toxicity_predictor,train,GIMDTVKNAAKNLAGQLLDKLKCKITAC,0,0.000749700702726841
toxicity_predictor,train,AKKRRQRRR,0,0.430386483669281
toxicity_predictor,train,KQEGRDHDKSKGHFHMIVIHHKGGQAHHG,1,0.4654730260372162
toxicity_predictor,train,GKPICGETCFKGKCYTPGCTCSYPICKKN,1,0.9731100797653198
toxicity_predictor,train,FCCPFIRYCCW,1,0.6683357357978821
toxicity_predictor,train,LAKRADICQPGKTSQRACET,0,0.012188873253762722
toxicity_predictor,train,ENFAGGCIPGYMRTADGRCKPTY,0,0.024128586053848267
toxicity_predictor,train,IGKEFKRIVQRIKDFLRNL,0,0.0014056452782824636
toxicity_predictor,train,GIMSSLMKKLAKIIKK,0,0.0025456147268414497
toxicity_predictor,train,AGFAAQAAASLAPVAAQQL,0,0.04569075256586075
toxicity_predictor,train,RQARRNRRRALWKTLLKKVLKA,1,0.3982047438621521
toxicity_predictor,train,IFGMIPGLIGGLISAFK,0,1.842548772401642e-05
toxicity_predictor,train,ATVVAPKYTAIKPLGDRVLVK,0,0.00047891202848404646
toxicity_predictor,train,MKVFVLNGPNLGRLGKREPA,0,0.00025390618247911334
toxicity_predictor,train,ASVVKTTIKASKKLCKGATLTCGCNITGKK,1,0.14919224381446838
toxicity_predictor,train,AKLDFDRSKEHVNVGTIGVH,0,9.703292562335264e-06
toxicity_predictor,train,AGVWTVWGTI,0,0.0002482329437043518
toxicity_predictor,train,VVHAINAIVRSPRGGARRHA,0,0.010316714644432068
toxicity_predictor,train,AIGPVDEV,0,3.0960984531702707e-06
toxicity_predictor,train,IIGPVLGMVGSALGGLLKKI,0,2.1833207938470878e-05
toxicity_predictor,train,MKRNDKILHYRGLN,0,0.04299810901284218
toxicity_predictor,train,DWTCWSCLVCAACS,1,0.9827608466148376
toxicity_predictor,train,GNWCCSARVCC,1,0.9985690116882324
toxicity_predictor,train,DFKCPSEWYAYDQHCYRIIN,0,0.047489237040281296
toxicity_predictor,train,FPVTWPTKWRKG,0,0.0012313260231167078
toxicity_predictor,train,RKKRRRESRRARRSPRHL,1,0.6995758414268494
toxicity_predictor,train,GVFDTVKKIGKAVGKFALGVAKNYLNS,0,0.00014631250815000385
toxicity_predictor,train,QDKPFWSPPIYPV,0,1.3883569408790208e-05
toxicity_predictor,train,ISCQDVKQSLAPCLPYVTGRAPKPA,0,0.002556478837504983
toxicity_predictor,train,KCPWWNLSCHLGNDGKICTYSHECTAGCNA,1,0.8863992094993591
toxicity_predictor,train,VPSLPLVPLG,0,4.3217161874054e-05
toxicity_predictor,train,AKKRAGNGCFGLKLDRIGSMSGLGC,0,0.0005004479316994548
toxicity_predictor,train,PNDPDSPCVYRMPNARGCSI,0,0.02697315439581871
toxicity_predictor,train,SCSCQKHFSCCD,1,0.998511016368866
toxicity_predictor,train,KRIVKLILKWLR,0,0.005072392988950014
toxicity_predictor,train,INWKSIFEKVKNLV,0,4.981932579539716e-05
toxicity_predictor,train,TLISWIKNKRKQRPRVSRRRRRRGGRRRR,1,0.7948921322822571
toxicity_predictor,train,MLIGEAVLAVVTVAVVAYLTYVMMYPTRF,1,0.9991164803504944
toxicity_predictor,train,GFWSSALEGLKKFAKGGLEALTNPK,0,1.2676774531428237e-05
toxicity_predictor,train,GIPCGESCVWIPCISSAIGCSCKSKVCYRN,1,0.9618392586708069
toxicity_predictor,train,FKCRRWQWAMKKLGA,0,0.03661104664206505
toxicity_predictor,train,RCFQWQRNMRRVRGPPVSCIRR,0,0.02455386333167553
toxicity_predictor,train,DAIVALKDRNGSSMQAIKKY,0,9.860646969173104e-06
toxicity_predictor,train,DKNAYGIDLIL,0,1.6440988019894576e-06
toxicity_predictor,train,LPFFLLSLIPSAISAIKKI,0,5.25520954397507e-05
toxicity_predictor,train,FDLGGLIKGVVDLF,0,2.742565811786335e-06
toxicity_predictor,train,FLGFLKNLF,0,0.016690775752067566
toxicity_predictor,train,FLGGLIKIVPAMICAVTKKC,0,0.004331526812165976
toxicity_predictor,train,IDWKKVDWKKVSKKTCKVMLKACKFLG,0,0.05810776352882385
toxicity_predictor,train,FKRISQRIKDFLR,0,0.03105783835053444
toxicity_predictor,train,FLSLLPHIASGIASLVSKF,0,1.3967379345558584e-05
toxicity_predictor,train,GALKGCWTKSIPPKPCK,0,0.08614598214626312
toxicity_predictor,train,HKQGDFVLRVGAASVVPNDS,0,7.226385037029104e-07
toxicity_predictor,train,RRRRRYRYWRRGLTIQGRPKSLPLNTGD,1,0.6230052709579468
toxicity_predictor,train,GFRDVLKGAAKQFVKTVAGHIANI,0,0.00044658881961368024
toxicity_predictor,train,GILSKLGKALKKAAKHAAKA,0,0.1414598524570465
toxicity_predictor,train,EPVKKKDLKKATVPL,0,0.01284166518598795
toxicity_predictor,train,GIMDTVKNAAKDLAGQLLDKLKCRITGC,0,0.00017223144823219627
toxicity_predictor,train,FLKGCWTKWYSLKPKCPF,0,0.0348605141043663
toxicity_predictor,train,SMWSGMWRRKLKKLRNALKKKLKGE,1,0.1618409901857376
toxicity_predictor,train,GLISGILGVGKMLVCGLSGLC,0,0.001305804355069995
toxicity_predictor,train,RKKRRQRR,0,0.44245636463165283
toxicity_predictor,train,ECCRYVDCRRGCTPCC,1,0.9986920952796936
toxicity_predictor,train,QVKAMKQLGDYITNLK,0,6.24086897005327e-05
toxicity_predictor,train,ILPFLAGLFSKIL,0,0.04229135811328888
toxicity_predictor,train,FIFHIIKGLFHAGKMIHGLVTRRRH,1,0.4079606533050537
toxicity_predictor,train,GSSGLIPMPRV,0,4.94406549478299e-06
toxicity_predictor,train,GLPWGCPSDIPGWNTPWAC,0,0.015711478888988495
toxicity_predictor,train,NRQPSKYGLEETI,0,8.813010026642587e-06
toxicity_predictor,train,MVYVMSMVSLLKRLLTVTRWKLQITG,0,0.00044061048538424075
toxicity_predictor,train,CCAPSACRLGCRPCCR,1,0.9974478483200073
toxicity_predictor,train,INWLKLGKKMMSAL,0,0.0013372233370319009
toxicity_predictor,train,GFLDTLKNIGKTVGGIALNVLT,0,4.452881512406748e-06
toxicity_predictor,train,LYSLLTEK,0,0.00018062687013298273
toxicity_predictor,train,NFQRDVEITWGDMRR,0,9.918460818880703e-06
toxicity_predictor,train,SKKKKTKV,0,0.25632724165916443
toxicity_predictor,train,GFVDLAKKVVGGIRNALGI,0,5.228536610957235e-05
toxicity_predictor,train,CGGKDCERRFSRSDQLKRHQRRHTGVKPFQ,0,0.13072475790977478
toxicity_predictor,train,DNWWPKPPHQGPRPPRPRPKP,0,0.001422029105015099
toxicity_predictor,train,SDRNFLRF,0,0.0003037855785805732
toxicity_predictor,train,MIIFRILISHKK,0,0.0016436277655884624
toxicity_predictor,train,GIPCGESCVWIPCLTSTVGCSCKSKVCYRN,1,0.9839757680892944
toxicity_predictor,train,MLQMRATLAFLGQTLTYNTSCQRRQK,0,0.001284297090023756
toxicity_predictor,train,MCLGVPIKLSKLMKILFNLPQ,0,0.0006784439319744706
toxicity_predictor,train,ILRWPWWPWRRKM,0,0.002674229210242629
toxicity_predictor,train,KLLKWLLK,0,0.021714886650443077
toxicity_predictor,train,GNPKVAHCASQIGRSTAWGAVSGA,0,0.0002831513702403754
toxicity_predictor,train,MRGIRGADFQAFQQARAVGLAGTFR,0,0.0002564613241702318
toxicity_predictor,train,MATPGFSCLLLSTSEIDLPMKRRV,0,2.146287079085596e-05
toxicity_predictor,train,MPGKVQDFFLCSLLLRIVSAGWCD,0,0.00046248783473856747
toxicity_predictor,train,GIGTKILGGVKTALKGALKELASTYVN,0,5.215807686909102e-05
toxicity_predictor,train,GLWSKIKEAAKTAGKMAMGFVNDMV,0,5.008408334106207e-05
toxicity_predictor,train,LNLKGLFKKVASLLT,0,0.0008457424701191485
toxicity_predictor,train,QCVGTITLDQSDDLFDLNCNELQSVR,0,0.0002593774988781661
toxicity_predictor,train,YNFNVYTSCTARRK,0,0.033084262162446976
toxicity_predictor,train,SSSGLISMPRV,0,1.9655055893963436e-06
toxicity_predictor,train,FQPSLVLDTAKILLDNYTFPESLMG,0,4.44201759819407e-07
toxicity_predictor,train,FFGWLIKGAIHAGKAIHGLIHRRRH,1,0.5419896245002747
toxicity_predictor,train,MSQNTKGKLSLVGLSLMI,0,2.9154530238884035e-06
toxicity_predictor,train,GLWNSIKIAGKKLFVNVLDKIRSKVAGGS,0,2.8997310437262058e-05
toxicity_predictor,train,MVSEAIAALKEREGSSEFAIGKKKE,0,1.0036361345555633e-05
toxicity_predictor,train,EWKLPDLIINHITLTRRNCNKYRCG,0,0.015452820807695389
toxicity_predictor,train,RGGGLCYCRRRFCVCVGR,1,0.9565273523330688
toxicity_predictor,train,SYPNKQPYGPSGFWM,0,2.506205601093825e-05
toxicity_predictor,train,IPCGESCVWIPCISGMFGCSCKDKVCYS,1,0.9517008066177368
toxicity_predictor,train,GFPCGESCVFIPCISAAIGCSCKNKVCYRN,1,0.9560756683349609
toxicity_predictor,train,SKKSKPGDGIRGKGVRG,0,0.012342364527285099
toxicity_predictor,train,CCGVPNAACHPCVCKNTC,1,0.994215190410614
toxicity_predictor,train,SAALAGTIIDGASLGFDILNKV,0,6.501591656160599e-07
toxicity_predictor,train,YIELAVVADHGIFTKYNSNLNTIR,0,1.4871673556626774e-05
toxicity_predictor,train,DFFFDFDR,0,6.914589903317392e-05
toxicity_predictor,train,GMFTNMLKGIGKLAGQAALGAVKTLA,0,0.00015478536079172045
toxicity_predictor,train,VGHNADLQIKLSIRRLLAAGVLKQTKGVGA,0,0.0001247908512596041
toxicity_predictor,train,KCFQAQRNMRKVRGPPVSCIKR,0,0.05609707906842232
toxicity_predictor,train,KLIFILSKTIPAGKNLFYKI,0,0.0006939859013073146
toxicity_predictor,train,SGLLMNFGEQHVNVAQ,0,1.2471571153582772e-06
toxicity_predictor,train,SPANSVWS,0,1.6661142581142485e-05
toxicity_predictor,train,KSLVRRWRSRW,0,0.06260767579078674
toxicity_predictor,train,RLFRHAFKAVLRL,0,0.03881996497511864
toxicity_predictor,train,MNRIGMITTIITTTITTGNGAG,0,4.871504643233493e-05
toxicity_predictor,train,NDQCLVIEIL,0,0.0011985490564256907
toxicity_predictor,train,GCPQTPRCTNYAEKGQCPPN,1,0.6572991609573364
toxicity_predictor,train,SIVPLGLPVPIGPIVVGPR,0,2.085038613586221e-05
toxicity_predictor,train,PWVPLIPI,0,0.0007963504758663476
toxicity_predictor,train,RKFHEKHHSHRGYR,0,0.6497248411178589
toxicity_predictor,train,ILKWKWKWWKWRR,0,0.003731186967343092
toxicity_predictor,train,MSQSKYRQL,0,0.0003329656319692731
toxicity_predictor,train,TPTHDFMRF,0,0.00020114642393309623
toxicity_predictor,train,VNSTYIGYAPIDDPK,0,3.255021965742344e-06
toxicity_predictor,train,GPLTILHINDVHAAFEQFNT,0,3.197277237632079e-06
toxicity_predictor,train,KVIDVKCTSPKQCLPPCKAQFGD,1,0.5639298558235168
toxicity_predictor,train,GPPLLPPLP,0,0.0002733033907134086
toxicity_predictor,train,MAPPRTSTS,0,0.0002760599600151181
toxicity_predictor,train,GLLSKVLGVGKKVLCGVSGLC,0,0.002246097195893526
toxicity_predictor,train,FLKSNALL,0,0.0005628456128761172
toxicity_predictor,train,FFFLSRIF,1,0.4838929772377014
toxicity_predictor,train,PAPESGFIRDP,0,2.8027561711496674e-06
toxicity_predictor,train,ARYGKSPYLYPLGY,0,0.0017009183065965772
toxicity_predictor,train,EEQEQEQEQDTKMA,0,3.014115645783022e-05
toxicity_predictor,train,IIYRDLISH,0,0.00020054510969202965
toxicity_predictor,train,MMMMRMQQEEMQPR,0,0.00024259222846012563
toxicity_predictor,train,AGMKNIIDAIKKKLGGKL,0,0.0019223070703446865
toxicity_predictor,train,AGVPFNTKTPYGPT,0,0.0002008348237723112
toxicity_predictor,train,SIGAKILGGVKTFFKGALKELASTYLQ,0,5.658118243445642e-05
toxicity_predictor,train,FLSGIVGMLGKLFGK,0,5.6381461035925895e-05
toxicity_predictor,train,GLPVCGETCTLGKCYTAGCSCSWPVCYRN,1,0.98708575963974
toxicity_predictor,train,KCRRRKVHGPMIRIRKK,1,0.8439618945121765
toxicity_predictor,train,ALWKDMLSGIGKLAGQAALGAVKTLV,0,5.7670840760692954e-05
toxicity_predictor,train,GIMSSLMKKLAKIIAK,0,0.0007856476004235446
toxicity_predictor,train,GLWNSIKIAGKKLFVNVLDKIRCKVAGGC,0,0.002333112759515643
toxicity_predictor,train,YEYSVYREIIGSGHIIAR,0,0.00016348403005395085
toxicity_predictor,train,KHSLPDLPYDYGA,0,1.610414074093569e-05
toxicity_predictor,train,ADTGEGDFLAEGGGVR,0,6.77748573707504e-07
toxicity_predictor,train,PSATYFVR,0,0.00018011846987064928
toxicity_predictor,train,RWKRHISEQLRRRDRLQR,0,0.3546202778816223
toxicity_predictor,train,VRPYLVAF,1,0.9806864857673645
toxicity_predictor,train,MAIIIGLEFAQLPMSFGAKYE,0,3.2843032386153936e-05
toxicity_predictor,train,FFFLPSLIGGLVSAIK,0,2.452148692100309e-05
toxicity_predictor,train,RRRCPIVVIRVCRR,0,0.008245490491390228
toxicity_predictor,train,MATRGFSCLLLVISEIDLSVKRWV,0,6.56566335237585e-05
toxicity_predictor,train,TKAARITPKDVIDVRSVTTEINT,0,1.0636605111358222e-05
toxicity_predictor,train,KKLALALKKLAPLWKKLALALKKA,0,0.08345853537321091
toxicity_predictor,train,FLSTIWNGIKGLL,0,1.6189156667678617e-05
toxicity_predictor,train,VAAKPVATKMAVRPPVAVKP,0,0.0012251542648300529
toxicity_predictor,train,PLWPVIPI,0,0.0007963504758663476
toxicity_predictor,train,CGETCIWGRCYSENIGCHCGFGICTLN,1,0.9754254221916199
toxicity_predictor,train,SQISLRGS,0,2.8741619644279126e-06
toxicity_predictor,train,SFDSSVLTK,0,8.144764365169976e-07
toxicity_predictor,train,GLWTTIKEGLKKFSLGVLDKIRCKIAGGC,0,0.0008090354967862368
toxicity_predictor,train,SLGSPAVAEPAVIAE,0,1.0729887435445562e-05
toxicity_predictor,train,FVDLKKIANILNSIF,0,2.4313800167874433e-05
toxicity_predictor,train,GNNRPVYIPQPRPPHPRI,0,0.00066935527138412
toxicity_predictor,train,AAFRGCWTKNYSPKPCL,0,0.05058250203728676
toxicity_predictor,train,ILGPVLGLVGNALGGLIKKL,0,4.618994353222661e-05
toxicity_predictor,train,GVVDTLKNLLMGLL,0,2.4535218472010456e-05
toxicity_predictor,train,SIITTTKEAKLPQLWKQIACRLYNTC,0,0.003486446337774396
toxicity_predictor,train,GILSGVLGMGKKIVCGLRGLC,0,0.0011052865302190185
toxicity_predictor,train,DGVCSNRRQCNKEVCGSSYDVAIVGA,1,0.2917174994945526
toxicity_predictor,train,QVRFRQCYFNPISCF,0,0.11952283978462219
toxicity_predictor,train,MSDINAIRAPILMLAILPCVGDDIEVLR,0,1.1143266419821884e-05
toxicity_predictor,train,RGSNLTIHPLRNTNDIDY,0,3.698396767504164e-06
toxicity_predictor,train,ATITFTNKCTRTVWPGG,0,0.011214244179427624
toxicity_predictor,train,QVWYDREVTAFVEPG,0,1.620500370336231e-05
toxicity_predictor,train,GLFDIVKKVVGTIAGL,0,2.5788169295992702e-05
toxicity_predictor,train,LAAGKVEDSD,0,9.506698717132167e-08
toxicity_predictor,train,SDMYSFGL,0,1.3286240800880478e-06
toxicity_predictor,train,SRGERGFPGERGGPGATGPAG,0,0.00032041617669165134
toxicity_predictor,train,IEMAEGGNDNIGNESIK,0,1.7157745446638728e-07
toxicity_predictor,train,GCRALCYKQRCVTYCRGA,1,0.9841617345809937
toxicity_predictor,train,AQIKIWFQNRRMKWKK,0,0.0019293947843834758
toxicity_predictor,train,KFKKLFKKLSPVIGKEFKRIVERIKRFLR,1,0.2114669233560562
toxicity_predictor,train,AFANTGVEIVSIDTYLFSLYDEDK,0,5.923691901443817e-07
toxicity_predictor,train,GLLLDTVKGAAKNVAGILLNKLKCKMTGDC,0,0.0004294568789191544
toxicity_predictor,train,FLSSLIPSAISGLISAFK,0,3.885008027282311e-06
toxicity_predictor,train,GAPICGESCFTGKCYTVQCSCSWPVCTRN,1,0.9919943809509277
toxicity_predictor,train,IHKFWRCRRRFCRWFKHI,1,0.2914564311504364
toxicity_predictor,train,ALRSAVRTVARVGRAVLPHVAI,0,0.0008554652449674904
toxicity_predictor,train,GILSGILGVGKKLVCGLSGLC,0,0.0008087002206593752
toxicity_predictor,train,AGGTSGLYAFPRV,0,4.329231887822971e-05
toxicity_predictor,train,FDIVKKIAGHIAGSI,0,3.803703293669969e-05
toxicity_predictor,train,CGESCVFIPCLTSAIDCSCKSKVCYRNGIP,1,0.9627021551132202
toxicity_predictor,train,MQWDEAIHGS,0,5.342313897926942e-07
toxicity_predictor,train,DPPFSPRL,0,2.093305010930635e-05
toxicity_predictor,train,MRNYSFGL,0,0.00031625808333046734
toxicity_predictor,train,SGGGNVIMNQMNKRNHAKD,0,6.364472938003018e-05
toxicity_predictor,train,PVVDTTGNNPLQQQEEYYV,0,3.2867315894691274e-05
toxicity_predictor,train,HSDAVFTDNYTRLRKQMAVKKYLNSILN,0,9.157595923170447e-05
toxicity_predictor,train,RCLCRRGVCRCLCRRGVC,1,0.9935196042060852
toxicity_predictor,train,GLLKRIKT,0,0.3265240788459778
toxicity_predictor,train,SEGGQDFWL,0,1.3230690854015847e-07
toxicity_predictor,train,GAAGDAGKPGERG,0,0.00011392188753234223
toxicity_predictor,train,YYKYKYKY,0,0.006919548846781254
toxicity_predictor,train,GWKDWLNKGKEWLKKKGPGIMKAALKAATQ,0,0.002999375108629465
toxicity_predictor,train,STNAAQASMVAPFTGLKSA,0,4.3238847865723073e-05
toxicity_predictor,train,ARRRRRSSRPQRRRRRRRHGRRRRGRR,1,0.6149589419364929
toxicity_predictor,train,RWFRIQLQIRRWRNRR,0,0.0324283204972744
toxicity_predictor,train,GIGTKFLGGVKTALKGALKELAFTYVN,0,0.0001703016896499321
toxicity_predictor,train,PPHKKKLAVYPVFLFYLFLSWFSLIV,0,0.0018805095460265875
toxicity_predictor,train,NCPYCVVYCCPPAYCQASGCRPP,1,0.5429959297180176
toxicity_predictor,train,CCGPTACVAGCKPCC,1,0.9985081553459167
toxicity_predictor,train,RIGVLLARLPKLFSLFKLMGKKV,0,0.007155518513172865
toxicity_predictor,train,WRVRWRVRWRVR,0,0.015025048516690731
toxicity_predictor,train,KWKLFKKIEKVGQGIGAVLKVLTTGL,0,0.001144333858974278
toxicity_predictor,train,KKKKKKNKKLQQRGD,0,0.13422398269176483
toxicity_predictor,train,DIIKKVASVVG,0,1.6913574654608965e-05
toxicity_predictor,train,SCCNAGFCRFGCTPCCY,1,0.9960337281227112
toxicity_predictor,train,SILPTIVSFLSKFL,0,1.3361169294512365e-05
toxicity_predictor,train,KRNGFRKFMRRLKKFFAGGGSSIAHIKLH,1,0.7484525442123413
toxicity_predictor,train,AVWQFREMIKCTIPPSDDLLDF,0,8.019508641154971e-06
toxicity_predictor,train,CHPTHTVATDDQGHLCTTIIC,1,0.47878018021583557
toxicity_predictor,train,RWQWRMKKLG,0,0.012741660699248314
toxicity_predictor,train,AAWKLLKALAKA,1,0.9977692365646362
toxicity_predictor,train,CSKGGVGRGYGIG,0,0.00788637064397335
toxicity_predictor,train,WIKAAAKAAAKIW,1,0.9977400302886963
toxicity_predictor,train,NYTIGNDNVLTEPLSEIKTAGLMYKMGVQ,0,8.98880955446657e-07
toxicity_predictor,train,DDDDLEGFSE,0,6.591367878172605e-07
toxicity_predictor,train,ALFSILRGLKKLGKMGQAFVNCEIYKKC,0,0.011312836781144142
toxicity_predictor,train,EVASFDKSKLK,0,2.890132054744754e-05
toxicity_predictor,train,NMYLPPVPPPPVVPTF,0,0.00019942960352636874
toxicity_predictor,train,RGSPGSPGNDGAKGETGPAG,0,7.332948734983802e-05
toxicity_predictor,train,VNWKKILGKSIKVSK,0,0.003263946156948805
toxicity_predictor,train,DAHGSGNAHKQQDINHLLD,0,8.36092840472702e-06
toxicity_predictor,train,MADQLTEEQIAEF,0,6.888556640660681e-07
toxicity_predictor,train,NNYCKIKCRSGIHTLCKYGTSSKP,1,0.6440693736076355
toxicity_predictor,train,SSEAAPEEKVAILGA,0,3.7119830267329235e-06
toxicity_predictor,train,TVKCGGCNRKCCPGGCRSGKCINGKCQCY,1,0.9983055591583252
toxicity_predictor,train,FLPILGNLLNGLL,0,0.00043179612839594483
toxicity_predictor,train,HQKYNPFRFVELVLVVDKAM,0,0.0004619276151061058
toxicity_predictor,train,TPGGIDFISGGPHVAQDVLNAIKNFFK,0,5.616938665298221e-07
toxicity_predictor,train,PAGHGARARTRDLFAR,0,0.03860557824373245
toxicity_predictor,train,FVGAALKVLANVLPPVISWIKQ,0,0.00022503496438730508
toxicity_predictor,train,NPVDDHHDDHHDAPIVEHHD,0,0.0006390577182173729
toxicity_predictor,train,SGQYSFGL,0,4.151635494054062e-06
toxicity_predictor,train,GLFDIVKKVVGTLAGL,0,2.74841131613357e-05
toxicity_predictor,train,QTCCGYRMCVPC,1,0.9943305253982544
toxicity_predictor,train,VNSKKISPKSIKVSK,0,0.004209923092275858
toxicity_predictor,train,VIKFLMVMQKHGYIGEFEYVDDHRSG,0,2.7712880182662047e-05
toxicity_predictor,train,ENFAVGCTPGYQRTADGRCKPTF,0,0.04145023226737976
toxicity_predictor,train,MALNLQDKQAIVAEVSEVAKGALS,0,2.2904146135260817e-06
toxicity_predictor,train,RYPAVGYT,0,0.002012640470638871
toxicity_predictor,train,GVTSNPAIFQKAISTSNAYNDQFR,0,1.2828351145799388e-06
toxicity_predictor,train,EHDPSAPGNGYC,0,0.016597185283899307
toxicity_predictor,train,GLLGAWMTSGQFKPVPQI,0,4.094945325050503e-06
toxicity_predictor,train,GFMDTAKNVAKNVAVTLLYNLKCKITKAC,0,0.008324174210429192
toxicity_predictor,train,GLLDLLKGAGKGLLTHLASQI,0,1.997599974856712e-05
toxicity_predictor,train,KLLLKLLKKLL,0,0.02965742163360119
toxicity_predictor,train,ILGPVLGLVSNALGGLLKNI,0,9.331000001111533e-06
toxicity_predictor,train,YGFVMPRSGLWFR,0,0.0007223034044727683
toxicity_predictor,train,GVIKSVLKGVAKTVALGML,0,0.00020387765835039318
toxicity_predictor,train,KWKSFIKKAKTSFLHSAKKF,0,0.21873967349529266
toxicity_predictor,train,GLWTTIKEGVKNFSVGVLDKIRCKITGGC,0,0.0007056499598547816
toxicity_predictor,train,ECKWYLGTCSKDGDCCKHLQCHSNYE,1,0.9246053695678711
toxicity_predictor,train,KRTKAPFSRVVKFSIDEIRN,0,0.0009891216177493334
toxicity_predictor,train,HSCVCRRICAARQVRKGRCSRRRRICCLY,1,0.6198666095733643
toxicity_predictor,train,RPPGFTPFR,0,0.0027339111547917128
toxicity_predictor,train,LLRARWRRRRSRRFR,1,0.6770565509796143
toxicity_predictor,train,VTVYDAEGTKVQVDGSLRLVE,0,1.27841758512659e-06
toxicity_predictor,train,MLIYYLQSEKVLFFLYIFLLNFKLRIL,1,0.9925423860549927
toxicity_predictor,train,MNRLLQRQLFLENLLVGVNSTFHQM,0,6.47521810606122e-05
toxicity_predictor,train,MQRPRPPRPLSYSRSSEEAFLEA,0,4.1788338421611115e-05
toxicity_predictor,train,NLMQFELLIMKVAGRSGIVWYSDY,0,9.751160177984275e-06
toxicity_predictor,train,GLWSKIKEAAKTAGLMAMGFVNDMV,0,2.1088677385705523e-05
toxicity_predictor,train,YCQKWMWTCDAERKCCEDMACELWCKKRL,1,0.9399213194847107
toxicity_predictor,train,VIDDLKKVAKKVRRELLCKKHHKKLN,1,0.1850326806306839
toxicity_predictor,train,KWLNALLKKGLNCAKGVLA,0,0.02039002813398838
toxicity_predictor,train,SETSKADRVGFKIEDGKKLRIFK,0,0.00036038109101355076
toxicity_predictor,train,IHHIHHIIHHIHHIIHHIHHIIHHIHHI,1,0.7105520367622375
toxicity_predictor,train,RRRQRRKKRGYCKCKYGRKKRRQRRR,1,0.3015420436859131
toxicity_predictor,train,GVYVIEEDVATYTIK,0,4.1962452087318525e-05
toxicity_predictor,train,LLGMIPLAISAISALSKL,0,0.0003073507687076926
toxicity_predictor,train,IVDYCPAGCR,0,0.35420364141464233
toxicity_predictor,train,PKDSMLLLQVPVY,0,2.056995617749635e-05
toxicity_predictor,train,MCICKNGKPLPGFIGKICRKICMMQQTH,1,0.3354029059410095
toxicity_predictor,train,TTPQEVLSRIKDQGIKLIDLKFI,0,2.052500121862977e-06
toxicity_predictor,train,LGPALITRKPLKGKP,0,0.025922657921910286
toxicity_predictor,train,KLSGCFGFKLDRIGTMSGLGC,0,0.0008080439874902368
toxicity_predictor,train,GYGFLTTDD,0,4.219427864882164e-06
toxicity_predictor,train,GSSGMIPFPRV,0,5.752631750510773e-06
toxicity_predictor,train,DECCAIPFCAKIFPGRCP,1,0.6048619747161865
toxicity_predictor,train,DTARLQWH,0,0.0004801306058652699
toxicity_predictor,train,VVSCADILTLAAR,0,0.0017499576788395643
toxicity_predictor,train,MDIISLGWVFLMVFFSFSLSLVVWARNGL,0,0.0017002123640850186
toxicity_predictor,train,TPLWSLMQDLMM,0,2.7618900276138447e-05
toxicity_predictor,train,NIQIICCKHTPKCCT,1,0.6481885313987732
toxicity_predictor,train,MATQGFSCLLLSVSEIDLSMKRQYKQIR,0,1.418697866029106e-05
toxicity_predictor,train,GAVHDVKDVLDS,0,2.8064127377547265e-07
toxicity_predictor,train,GFKDLLKGAAKALVKAVLF,0,0.00710722804069519
toxicity_predictor,train,KWCRKWQWRGVKFIKCV,0,0.03572490066289902
toxicity_predictor,train,DCCPIAGCPFGCTICC,1,0.9805380702018738
toxicity_predictor,train,FPFLLSLIPSAISALKKL,0,5.188760405872017e-05
toxicity_predictor,train,GCCGPYPNAACHPCGCKVGRPPYCDRPSGG,1,0.7791107892990112
toxicity_predictor,train,MKFGLFFQNFLSENQSSE,0,9.545577768221847e-07
toxicity_predictor,train,EQCREEEDDR,0,0.00454468559473753
toxicity_predictor,train,AGPVSKLVSGIGL,0,4.2833935367525555e-06
toxicity_predictor,train,FLGALWNPAKSVF,0,3.286534047219902e-05
toxicity_predictor,train,GFCCPSGWSSYDR,0,0.17167143523693085
toxicity_predictor,train,MYVLQEINPGITS,0,1.1870578191519598e-06
toxicity_predictor,train,ILPWKWKWWKWRR,0,0.0031212870962917805
toxicity_predictor,train,QNECPWKPWC,0,0.17945833504199982
toxicity_predictor,train,NCNFLCKVKQRLRSVSSTSHIGMAIPRPRG,0,0.002641208004206419
toxicity_predictor,train,ILPIRSLIKKLL,0,0.0013433580752462149
toxicity_predictor,train,FLPFLASLLTKVL,0,0.25455328822135925
toxicity_predictor,train,FITKALGISYGRKKRRQRRRPPQ,1,0.7304543852806091
toxicity_predictor,train,NGDRGESGPAGPAGPAGPAGA,0,3.902593380189501e-05
toxicity_predictor,train,GSSFCDSKCAVRCSKAGVQD,1,0.7035072445869446
toxicity_predictor,train,SIGSALKKALPVAKKIGKIALPIAKAALP,0,0.00114720209967345
toxicity_predictor,train,LMDTVKNVAKNLAGHMLDKLKCKITGC,0,0.0027051817160099745
toxicity_predictor,train,LICFNDFSPTARTLEYCQIGITTYNPS,0,0.011187521740794182
toxicity_predictor,train,KWCFRVCYRGACYRRCR,1,0.9566352367401123
toxicity_predictor,train,LKGASKLIPHLLPSRQQ,0,0.0007797449943609536
toxicity_predictor,train,KSLRPRCWIKIKFRCKSLKF,0,0.26009833812713623
toxicity_predictor,train,FIGAILPAIAGLVHGLINR,0,0.00028198378277011216
toxicity_predictor,train,DTNFPICIFCCKCCNNSQCGICCKT,1,0.9873221516609192
toxicity_predictor,train,MIRIISRANSVTSSNEVNRLVTGQIPHD,0,6.460840609179286e-07
toxicity_predictor,train,MTPHDEEVDSSD,0,2.7088851766166044e-06
toxicity_predictor,train,AYVSQSGAPWGLGRISHK,0,3.258310243836604e-05
toxicity_predictor,train,ARGYDFGL,0,6.387638859450817e-05
toxicity_predictor,train,RRWRRWNRFNRRRCR,1,0.39524683356285095
toxicity_predictor,train,SSGGGDGSGMWFGPRL,0,2.4012449557631044e-06
toxicity_predictor,train,GICRCFCRRGVCRCICLL,1,0.9738518595695496
toxicity_predictor,train,RKCNFLCKLKEKLRTVITSHIDKVLRPQG,0,0.036075469106435776
toxicity_predictor,train,FIGMIPGLIGGLISAFK,0,1.842548772401642e-05
toxicity_predictor,train,MRSFDQGSTRAPARERCRRQRPEGRSAQR,0,0.009946941398084164
toxicity_predictor,train,SGKPTFIRF,0,0.0020499073434621096
toxicity_predictor,train,KRFWPVVIRTVVAGYNLYRAIKKK,0,0.00704535748809576
toxicity_predictor,train,MFKMKFGDTLPRSDFGTGGNKQAPGLELG,0,1.4798029042140115e-06
toxicity_predictor,train,INWKKIFEKVKDLV,0,0.0001591578620718792
toxicity_predictor,train,FSGSGSGSGRQIKIWFQNRRMKWKKGC,0,0.004946814384311438
toxicity_predictor,train,GGYKNFYGSALRKGFYEGEAGRAIRR,0,0.004544178489595652
toxicity_predictor,train,FMGTALKIAANVLPAAFCKIFKKC,0,0.007862641476094723
toxicity_predictor,train,MSHIVRFTGLLLLNAFIVRGRPVGGIQH,0,0.00018509051005821675
toxicity_predictor,train,KWKLFKKIKFLHSAKKF,0,0.2114468216896057
toxicity_predictor,train,LPDSSFLRL,0,3.132603069389006e-06
toxicity_predictor,train,ATGQYAFGL,0,0.00014724954962730408
toxicity_predictor,train,FFPLIPGVRCKILRTC,0,0.010263456963002682
toxicity_predictor,train,VTACITFC,0,0.8148432970046997
toxicity_predictor,train,GFCWYVCYRNGVRVCYRRCN,1,0.811041533946991
toxicity_predictor,train,TIIGAPCRKCEHLDRSGNCVRDWSCGQEV,1,0.7609851956367493
toxicity_predictor,train,GLPVCGETCFGGTCNTPGCTCSYPICTRN,1,0.9841115474700928
toxicity_predictor,train,QGCCGEPNLCFTRWCRNNARCCRQQ,1,0.9903525710105896
toxicity_predictor,train,MIKVPLPDVIFVAHRNKHTRQGNITQTKY,0,0.0002189569640904665
toxicity_predictor,train,APVMGFQGMR,0,9.518763545202091e-05
toxicity_predictor,train,AKSILLGEEGRHSMQAGVDKLANTVKVTLG,0,2.956823891508975e-06
toxicity_predictor,train,SIFPAIVSFLSKFL,0,2.678046621440444e-05
toxicity_predictor,train,FKCRRWQWRMKKLGA,0,0.06423857063055038
toxicity_predictor,train,WLRAFRRLVRRLARLLRR,0,0.04559866338968277
toxicity_predictor,train,AFNLRNRNFLKLLDFTPREIQYMIDLAIDL,0,3.30510301864706e-05
toxicity_predictor,train,LKKLAKLLKKLLKLAG,0,0.018233736976981163
toxicity_predictor,train,GIFLKVLGVGKKVLCGVSGLC,0,0.0029460869263857603
toxicity_predictor,train,ALPKKLKYLNLFNDGFNYMGVV,0,0.00015362522390205413
toxicity_predictor,train,ISVCITVC,0,0.2672901451587677
toxicity_predictor,train,APAHRSSTFPKWVTKTERGRQPLRS,0,0.004952732939273119
toxicity_predictor,train,GLWSKIKEAAKTAGKAAMGFVNEMV,0,0.0001230828056577593
toxicity_predictor,train,AKEKEVTFQSGGPT,0,2.0945770302205347e-05
toxicity_predictor,train,ISDFDEYEPLNDADNNEVLDF,0,9.863352943284553e-07
toxicity_predictor,train,NNPPCCSGYVCEGVYCAVDV,1,0.7247884273529053
toxicity_predictor,train,AFLTLTPGSHVDSYVEA,0,5.1559400162659585e-06
toxicity_predictor,train,DHAGTVSKAHKQHDVNSVLYKVYEDI,0,2.0130883058300242e-05
toxicity_predictor,train,AATAATPATAATPATAARA,0,0.004591688048094511
toxicity_predictor,train,SRLPPATRDKLADEITFFPA,0,8.251544386439491e-06
toxicity_predictor,train,SLWSSIKDMAAAAGRAALNAVNGILNP,0,7.492736131098354e-06
toxicity_predictor,train,LNLTKWLGKLGVILSHLNK,0,0.0003521145263221115
toxicity_predictor,train,RRRRRFRRVIRRIRLPKYLTINTE,1,0.5718141794204712
toxicity_predictor,train,PFDRISNSAFSDF,0,2.6913107831205707e-07
toxicity_predictor,train,GEDEYAEGIREYQLIHGKI,0,6.4123687479877844e-06
toxicity_predictor,train,RLLGNVLVRVLACNFGPEFTPQVQAAFQK,0,0.00018074075342155993
toxicity_predictor,train,NLIQLSNMIKCAIPGSRPLFQYTDYGCY,0,0.0013443409698083997
toxicity_predictor,train,GLWSKIKDAAKTAGKAALGFVNEMV,0,5.3577503422275186e-05
toxicity_predictor,train,RWFKIQLQIRRWKNKK,0,0.010351789183914661
toxicity_predictor,train,KIKIPWGKVKDFLVGGMKAV,0,0.0013930518180131912
toxicity_predictor,train,ARVPFYRYYK,0,0.005845813546329737
toxicity_predictor,train,KWKWKWKWKW,0,0.004226932767778635
toxicity_predictor,train,IEEVDAIERAVL,0,4.477128095459193e-05
toxicity_predictor,train,ADRELHRSKA,0,0.01298679318279028
toxicity_predictor,train,RKCLRWQWAMRKYGG,0,0.0377175509929657
toxicity_predictor,train,GILDAIKAIAKAAG,0,0.0015214831801131368
toxicity_predictor,train,GLPVCGETCVGGTCNTPGCTCSWPVCTRD,1,0.9905038475990295
toxicity_predictor,train,MEFSPRAAELTTLLESRISNFYTNI,0,2.0554482489387738e-06
toxicity_predictor,train,AAHCLAIGRR,0,0.022663014009594917
toxicity_predictor,train,AASKALRTASRLARSLLT,0,0.0010415997821837664
toxicity_predictor,train,DVEKNAPYECGFE,0,0.03231574967503548
toxicity_predictor,train,FACRRWQWRMKKLGA,0,0.03102112002670765
toxicity_predictor,train,GHRGFTGL,0,0.02011725679039955
toxicity_predictor,train,MAWNTPKVTEIPLGAEINSYVCGEKK,0,9.113672422245145e-05
toxicity_predictor,train,MIFVATSLSCRWWWPVM,0,0.002435387345030904
toxicity_predictor,train,QLTFTPNWGT,0,5.418737055151723e-05
toxicity_predictor,train,SPPFTSDQDLYTDSR,0,7.184762012002466e-07
toxicity_predictor,train,MWTKPAYTDLRIGFEVTMYFASR,0,0.00010136261698789895
toxicity_predictor,train,WRVRWKVRWRVK,0,0.012743712402880192
toxicity_predictor,train,GNRPNIPTYIPRPRPPHPRL,0,0.0019481611670926213
toxicity_predictor,train,HEPCGESCVFIPCITTVVGCSCKNKVCYN,1,0.9355127215385437
toxicity_predictor,train,SIVLRGKAPFR,0,0.006975273601710796
toxicity_predictor,train,NVGVLNPPPLV,0,3.752065822482109e-05
toxicity_predictor,train,VKTPITEAIAAADTQG,0,2.5040148102561943e-05
toxicity_predictor,train,RGLKAKFQKLIGKRALYICKSTKESRVVT,0,0.05024532228708267
toxicity_predictor,train,IGKLFKRIVQRILKFLRNL,0,0.005329280160367489
toxicity_predictor,train,ALLKLAPRLLAGIF,1,0.9647546410560608
toxicity_predictor,train,GLLGPLLKIAAKVGSKLL,0,0.00025230817846022546
toxicity_predictor,train,WKLFDDGV,0,1.296242203352449e-06
toxicity_predictor,train,FLPIITNLLGKLL,0,0.0008157475967891514
toxicity_predictor,train,PFWRRRIRIRRRRIRIRRRWFP,1,0.5010536909103394
toxicity_predictor,train,LIIFRILISHRR,0,0.005421454086899757
toxicity_predictor,train,VSRRRRRRGGRRRR,1,0.6547770500183105
toxicity_predictor,train,QEYRGWMDF,0,2.9995348086231388e-05
toxicity_predictor,train,LGYLGTCPTNIGTGLR,0,0.0021807721350342035
toxicity_predictor,train,IRRWRLHWFRRAI,0,0.047270774841308594
toxicity_predictor,train,LNLKALLAVAKKAL,1,0.9923575520515442
toxicity_predictor,train,ALWKDILKNVGKAAGKAVLNTVTDMVNQ,0,1.8979135347763076e-05
toxicity_predictor,train,YVMGHFRWDKF,0,0.0018215004820376635
toxicity_predictor,train,TNTPEQQCYLQAKCYIEFYVVV,0,0.10740208625793457
toxicity_predictor,train,MDILTLGWVSVLTLFTYSIAMVVWGRHGM,0,7.597471994813532e-05
toxicity_predictor,train,KWKSFLKTFKSAKKTVLHTALKLISS,0,0.009976135566830635
toxicity_predictor,train,EAAGLLPFPRL,0,9.281343955080956e-05
toxicity_predictor,train,FWGALIKGAAKLIPSVVGLFKKKQ,0,0.0017617297125980258
toxicity_predictor,train,MKITPLGDNVVIKKLLATA,0,6.030507938703522e-05
toxicity_predictor,train,GVGYKVVVTTTAAADDDDVV,0,1.9506027456372976e-05
toxicity_predictor,train,QNCCNGGCSSKWCKGHARCC,1,0.9987934827804565
toxicity_predictor,train,KVQVEMTPYDLTK,0,3.733377525350079e-05
toxicity_predictor,train,AGCKNFFWKTFTSC,0,0.5492457151412964
toxicity_predictor,train,GWLDVAKKIGKAAFNVAKNFL,0,0.0009187028626911342
toxicity_predictor,train,AFELPALPYAKDALEPHISA,0,2.3135789888328873e-05
toxicity_predictor,train,KPKCGLCRYRCCSGGCSSGKCVNGACDCS,1,0.998711347579956
toxicity_predictor,train,GLLASLGKVFGGYLAEKLKPK,0,0.0002619594451971352
toxicity_predictor,train,AVGDDTPQLY,0,9.77330614659877e-07
toxicity_predictor,train,RRRLCPIVIRVCRR,0,0.01765001006424427
toxicity_predictor,train,IFKAIWSGIKSLF,0,0.0001473249722039327
toxicity_predictor,train,MRKPSAFHACNIIFLPLVKCASATIMLN,0,0.0011275627184659243
toxicity_predictor,train,HLLKRVQRLLIGWLDWLK,0,0.004878460429608822
toxicity_predictor,train,APACVGFQGMR,0,0.006949258968234062
toxicity_predictor,train,MSHDLDPTGTY,0,4.414438535604859e-06
toxicity_predictor,train,LNLKAALAVAKKIL,1,0.991468071937561
toxicity_predictor,train,AKRLKKLAKKIWKWK,0,0.1722211241722107
toxicity_predictor,train,DEPDGVPTTQKQ,0,1.0209985703113489e-05
toxicity_predictor,train,VDEQLPRTIMNIFEK,0,1.426973653906316e-06
toxicity_predictor,train,MAIYRDLIS,0,0.000514739949721843
toxicity_predictor,train,SCSCKRNFLCC,1,0.9987163543701172
toxicity_predictor,train,GFMKYIGPLIPHAVKAISDLI,0,2.7328134819981642e-05
toxicity_predictor,train,KWKSFLKTFKSAKKTVLHTALKAISS,0,0.01206690352410078
toxicity_predictor,train,ILGLLKGISALLS,0,3.4714408684521914e-05
toxicity_predictor,train,FQPSLVLDMAQVLLDNYTFPENLM,0,1.8847596265914035e-06
toxicity_predictor,train,LRRERQSRLRRERQSR,0,0.3141705095767975
toxicity_predictor,train,SAPGQDFMRF,0,1.4333949138745083e-06
toxicity_predictor,train,GIMSSLMKKLAAHIKK,0,0.006251719314604998
toxicity_predictor,train,PDVDHVFLRF,0,7.230107439681888e-05
toxicity_predictor,train,VTAKAVAAAEAASSAR,0,0.0028330765198916197
toxicity_predictor,train,LYKLVKVVLNM,1,0.987602174282074
toxicity_predictor,train,FFRLLFHGVHHGGGYLNAA,0,0.0035841765347868204
toxicity_predictor,train,YNSSLIIE,0,2.1142291188880336e-06
toxicity_predictor,train,CCGVPNAACHPCVCTGKC,1,0.9965006113052368
toxicity_predictor,train,DYCCRRPPCTLIC,1,0.8090959191322327
toxicity_predictor,train,GLPVCGETCFGGTCNTPGCSCTDPICTRD,1,0.9861512780189514
toxicity_predictor,train,MTPPENKNLVQENKELIQEVLKA,0,6.8878671299899e-06
toxicity_predictor,train,GIMDTVKNAAKDLAGQLDKLKCRITGC,0,0.00020361326460260898
toxicity_predictor,train,GCRRLCYKQRCVTYCRGR,1,0.9633064866065979
toxicity_predictor,train,QHWSYGWLPG,0,0.0001314709661528468
toxicity_predictor,train,MGQGAVEGQLFYNVQ,0,5.708768185286317e-06
toxicity_predictor,train,FLPIVTNLLSGLLGK,0,1.5300302038667724e-05
toxicity_predictor,train,SGLQFAVLDGQGFIPFSRV,0,6.134924888101523e-07
toxicity_predictor,train,FIFPKKNIINSLFGR,0,0.00014818918134551495
toxicity_predictor,train,RVCPRILMECKKDSDCLAECVCLEHGYCG,1,0.9562107920646667
toxicity_predictor,train,RLARIVVIRWAR,0,0.008110963739454746
toxicity_predictor,train,GLFDIIKKVASVVGLASQ,0,4.964306299370946e-06
toxicity_predictor,train,RIIDLLWRVRRPQKPKFVTVAVR,0,0.00238202977925539
toxicity_predictor,train,GFMDTAKNVAKNVAATLLDKLKCKITGGC,0,0.0011178933782503009
toxicity_predictor,train,MITVPHVVNLNLTGQWRENGGQI,0,1.4539695030180155e-06
toxicity_predictor,train,MKKVHVLGAGTMGAGI,0,0.000430128799052909
toxicity_predictor,train,DAQEKRQPWLPFV,0,2.9782086130580865e-05
toxicity_predictor,train,LLSTLTDTSIKEAVATDKAP,0,2.9655839171027765e-06
toxicity_predictor,train,FLGALWNVAKSYF,0,0.021568331867456436
toxicity_predictor,train,FVPFFTQSDIQKMQEKERNKGQ,0,1.0254238986817654e-05
toxicity_predictor,train,VYPFMWGGAYCFCKAKLV,0,0.047116413712501526
toxicity_predictor,train,GRGGPSNYVRL,0,0.0006587655516341329
toxicity_predictor,train,GFLDTLKNIGKTVGKVALDVAKNVLT,0,1.4224586266209371e-05
toxicity_predictor,train,ITFSKIYRSCKSNSVCGNQKCVRGRCV,1,0.8962719440460205
toxicity_predictor,train,KWCFRACYRGICYRRCR,1,0.9323911070823669
toxicity_predictor,train,MDMVSLAWAALMVVFTFSLSLVVWGRSGL,0,0.002514524618163705
toxicity_predictor,train,GCIGRNESQKKDNVYKFKE,0,0.0020673826802521944
toxicity_predictor,train,IWSAIWSGIKGLL,0,2.7003194190911017e-05
toxicity_predictor,train,SPALDDERNDNFIRL,0,2.047089964207771e-07
toxicity_predictor,train,EQFEDYGHMRF,0,0.00010302428563591093
toxicity_predictor,train,MIYDSQIYTVLCIALLAGILAIRLGSTLYE,0,0.0006138909957371652
toxicity_predictor,train,FLPLVGKILSGLI,0,7.174824713729322e-05
toxicity_predictor,train,MNGRPSVFTSQDYLSDHLWRALNA,0,1.4266197467804886e-06
toxicity_predictor,train,AGPSATTGVWFGPRL,0,2.4801731342449784e-05
toxicity_predictor,train,CGGGYGRKKRRQRRR,0,0.23617497086524963
toxicity_predictor,train,VAAVQASAWQQVAAGVD,0,0.000596268568187952
toxicity_predictor,train,IVGGFTIGIDTVPY,0,1.3888481589674484e-05
toxicity_predictor,train,MITDSQIFFALCIALTAAVLAIGLGRQLYV,0,0.014322186820209026
toxicity_predictor,train,FALGAVTKVLYKLFCLITRKC,0,0.014363793656229973
toxicity_predictor,train,GLLSGILGAGKHIVCGLSGLR,0,7.593769987579435e-05
toxicity_predictor,train,WAGGDASGE,0,2.5384169930475764e-06
toxicity_predictor,train,GSGSRQSPSYGR,0,0.0004005475202575326
toxicity_predictor,train,ADGSDPASSDFLAEGGGVR,0,1.0994484966886375e-07
toxicity_predictor,train,GIPCGESCVFIPCITSVAGCSCKSKVCYRN,1,0.9767476916313171
toxicity_predictor,train,AKKVFKRLEKLFSKIWNWK,0,0.010552779771387577
toxicity_predictor,train,QNGPRPIGIPP,0,0.00016920670168474317
toxicity_predictor,train,ALTEQASKVALTADL,0,1.1453857950982638e-05
toxicity_predictor,train,LRLKKYKVPQL,0,0.03754594922065735
toxicity_predictor,train,ILKLFKRIVKRILKFLRKL,0,0.011705017648637295
toxicity_predictor,train,MARIAGVNIPTGKRVPI,0,8.51030126796104e-05
toxicity_predictor,train,PPIFALPPYI,0,0.0003153241705149412
toxicity_predictor,train,ARLAKKALRRLAKKD,0,0.3124265670776367
toxicity_predictor,train,ILPILSLIGGLLGK,0,2.915191544161644e-05
toxicity_predictor,train,MTDCRYLIKRVIKIIIAVLQLILLFL,0,0.3787582814693451
toxicity_predictor,train,GDGTGPGPGP,0,0.00033842920674942434
toxicity_predictor,train,VRLIVKVRIWRR,0,0.0017733087297528982
toxicity_predictor,train,SGTSPLLPAITFILD,0,1.5189502846624237e-06
toxicity_predictor,train,RKKRAQRRR,0,0.430386483669281
toxicity_predictor,train,GFWGKLWEGVKNAI,0,0.0001003252255031839
toxicity_predictor,train,VKSPCEDKIVGV,0,0.004451949615031481
toxicity_predictor,train,AIANAPLLDTTITDRVFFD,0,1.3149546020940761e-06
toxicity_predictor,train,AGPPGADGQAGAK,0,6.136477895779535e-05
toxicity_predictor,train,AEIDFSGIPEDIIKQIKETNAKPPA,0,5.959894906482077e-07
toxicity_predictor,train,AKRLKKLFKKIWNWK,0,0.0447680726647377
toxicity_predictor,train,CAYGRKKRRQRRR,0,0.29749128222465515
toxicity_predictor,train,GLVASIGRALGGLLADVVKSKEQPA,0,4.540940153674455e-06
toxicity_predictor,train,AKITFTNNHPRTIWP,0,7.451784767908975e-05
toxicity_predictor,train,DTHKSEIAHRQPDLG,0,3.526539876474999e-05
toxicity_predictor,train,GSSGLIPFPRV,0,5.556936230277643e-06
toxicity_predictor,train,GLLGSIGNAIGAFIANKLKP,0,1.4924299648555461e-05
toxicity_predictor,train,AKLDETLTMLKALTDAKGVPGNEREARDVM,0,3.3459657515777508e-06
toxicity_predictor,train,WIIFRALISHKK,0,0.005055422428995371
toxicity_predictor,train,IIRKIIRK,0,0.010136294178664684
toxicity_predictor,train,SCNNSCQQHSQCASHCVCLLNKCRTVN,1,0.9919233918190002
toxicity_predictor,train,PLATMKEYLATSSVNEGTSKES,0,3.717346544362954e-06
toxicity_predictor,train,FFSMIPKIAGGIASLVKNLG,0,1.2116727702959906e-05
toxicity_predictor,train,GCRRLCYKQRCVTWCRGR,1,0.9652854800224304
toxicity_predictor,train,SEIPQPSLDFEQFSNMIQCTIPPGEECLAY,0,0.0011284073116257787
toxicity_predictor,train,QVNFSPGW,0,2.727208993746899e-06
toxicity_predictor,train,GNYYGYCRVHLNTAY,0,0.130214661359787
toxicity_predictor,train,PVPDSSFLRDP,0,1.4935740182409063e-06
toxicity_predictor,train,VILLDKIANLGNLGDQVSV,0,3.9206614133036055e-07
toxicity_predictor,train,AISCGQVSSAIGPCLSYARGQGSAPSAGCC,1,0.6232355237007141
toxicity_predictor,train,KKRLKKIFKKPMVIGVTIPF,0,0.04897481948137283
toxicity_predictor,train,WWRELLKKLAFTAAGHLGSVLAAKQSGW,0,0.0008332342258654535
toxicity_predictor,train,GKLNLFLSRLEILKLFVGAL,0,0.0004895929014310241
toxicity_predictor,train,FLPLLLAGLPSFLCLVFKKC,0,0.0029474024195224047
toxicity_predictor,train,YSLQMGATAIKQVKKLFKKWGW,0,0.003416431602090597
toxicity_predictor,train,KGLKKLLKLLKKLLKL,0,0.025244783610105515
toxicity_predictor,train,QNRHPPIPPAP,0,0.0005222191102802753
toxicity_predictor,train,RICPRIWMECKRDSDCMAQCICVDGHCG,1,0.923767626285553
toxicity_predictor,train,TLKIIVKVVKYLV,0,0.07621243596076965
toxicity_predictor,train,ILGPVISKIGGVLGGLLKNL,0,1.1787903531512711e-05
toxicity_predictor,train,ILGPILGLVSNALGGLL,0,1.3128473256074358e-05
toxicity_predictor,train,ALPNQQTVDYPSFKSNYNFEKPFLYLAR,0,1.4667260984424502e-05
toxicity_predictor,train,RIGSILGALAKGLPTLKSWIKNR,0,0.00041777073056437075
toxicity_predictor,train,NVQLDPFFQEQQQYYPQQQAFFLLQQQQN,0,2.576712540758308e-05
toxicity_predictor,train,INWLKLGKKMMSAI,0,0.0009215411846525967
toxicity_predictor,train,AKKVFKRLEKLFSKIFNFK,0,0.04781011492013931
toxicity_predictor,train,MSGGYSNGFALLVVLFILLIIVGAAYIY,1,0.9502450227737427
toxicity_predictor,train,GKAFDDGAFTGIREINLSINKETAIGD,0,1.0678866146918153e-07
toxicity_predictor,train,MENVMSWFNIDFEIKSDNNIDKTLL,0,2.3760635770031513e-07
toxicity_predictor,train,LIIFRIAASHKK,0,0.013780626468360424
toxicity_predictor,train,GIPCAESCVYIPCTVTALLGCSCSNRVCYN,1,0.9067385196685791
toxicity_predictor,train,MIIFRIAATHKK,0,0.00969706755131483
toxicity_predictor,train,KPSPDRFYGLM,0,3.498626756481826e-05
toxicity_predictor,train,RWKIFKKIKKFLHSAKKF,1,0.4048919379711151
toxicity_predictor,train,TPGQDFMRF,0,6.781365755159641e-06
toxicity_predictor,train,GFDILLGLDVNKKVKKRIQLSPKKIKGYEV,0,0.0002297006722074002
toxicity_predictor,train,FKRIGQRIKDFLR,0,0.1219952180981636
toxicity_predictor,train,LFGLIPSMMGGLVSAFK,0,1.382188838761067e-05
toxicity_predictor,train,ACYCRIPACLAGERRYGTCFYRRRVWAFCC,1,0.8890370726585388
toxicity_predictor,train,MLMPKRTKYR,0,0.3187512457370758
toxicity_predictor,train,GKLYFNQEKQELICKADRLAFPLRD,0,0.00041151646291837096
toxicity_predictor,train,GVRPDGFAHIRDFVSRIVRRLNIGPSKV,0,0.00016681796114426106
toxicity_predictor,train,SIITMTREAKLPQLWKQIACRLYNTC,0,0.002059678314253688
toxicity_predictor,train,DSHEKRHHEHRRKFHEKHHSHRGY,1,0.5995314717292786
toxicity_predictor,train,VTFVLIAAK,1,0.9993599057197571
toxicity_predictor,train,RIKRFWPVVIRTVVAGYNLYRA,0,0.0016003341879695654
toxicity_predictor,train,GADGQAGAKGEPG,0,2.657931145222392e-05
toxicity_predictor,train,RCCTGKKGSCSGRACKNLKCCA,1,0.9965337514877319
toxicity_predictor,train,SGKLCCRRKK,0,0.3780662715435028
toxicity_predictor,train,FILPLIASFLSKFL,1,0.11387519538402557
toxicity_predictor,train,EPNPNEFFGLM,0,8.913713827496395e-06
toxicity_predictor,train,GIMISLMKKLAAHIAK,0,0.004197595175355673
toxicity_predictor,train,GKQYFPKVGGRLSGKAPLAAKTHRRLKP,1,0.26881682872772217
toxicity_predictor,train,SVNTKNDFMRF,0,1.931179031089414e-05
toxicity_predictor,train,KWKLFKKAVLKVLTT,0,0.03401074931025505
toxicity_predictor,train,GLIDVRCYDSSQCE,0,0.32747751474380493
toxicity_predictor,train,LKLLKKLLKLLKKLGK,0,0.025244783610105515
toxicity_predictor,train,RGESGPAGAPGAPGAPGA,0,0.00014351814752444625
toxicity_predictor,train,VFQFLGRIIHHVGNFVHGFSHVF,0,0.0013144353870302439
toxicity_predictor,train,ITKDFDALMKYIKRI,0,0.0005753561854362488
toxicity_predictor,train,GLLSFLPKVIGVIGHLIHPPS,0,1.5645038729417138e-05
toxicity_predictor,train,ACCVYKICYPC,1,0.8571743369102478
toxicity_predictor,train,FLGGLMKAFPALICAVTKKC,0,0.007747765630483627
toxicity_predictor,train,TKRRITPKDVIDV,0,0.00015222014917526394
toxicity_predictor,train,FWATLAKGALKLIPTIANAFSSKS,0,8.203322067856789e-05
toxicity_predictor,train,KVCYRAIPCGESCVWIPCISAAIGCSCKN,1,0.8942217230796814
toxicity_predictor,train,PYLLNLPPEK,0,0.00022762081061955541
toxicity_predictor,train,PSIQGDAVRV,0,9.477926141698845e-07
toxicity_predictor,train,PSSQPRGDPTGQEEPKKKVEKKTTTDPFD,0,5.8844296290772036e-05
toxicity_predictor,train,IHFKWRRWKFHI,0,0.04791773483157158
toxicity_predictor,train,FISAIASFLGKFL,0,0.0011617656564339995
toxicity_predictor,train,KWKLFKKIFKRIVQRIKDFLRN,0,0.014296400360763073
toxicity_predictor,train,GADFYSWG,0,1.6992535165627487e-05
toxicity_predictor,train,FNALGLSTRDLVALSGAHTIGQAR,0,8.639585757919122e-06
toxicity_predictor,train,AQENETNESGSID,0,2.341358367630164e-06
toxicity_predictor,train,IPLRGAFINGRWDSQCHRFSNGAIACA,0,0.0003637642948888242
toxicity_predictor,train,GIFDKLKNFAKGVAQSLLNKASCKLSGQC,0,0.0002417663054075092
toxicity_predictor,train,NGKEICLDPEAPFLKKVIQKILD,0,4.1034196328837425e-05
toxicity_predictor,train,INWSKIFEKVKNLV,0,4.981932579539716e-05
toxicity_predictor,train,QQGEGGPYGGLSPLRFS,0,4.093230927537661e-06
toxicity_predictor,train,QIHLSLCGLCCNCCHNIGCGFCCKF,1,0.9797455668449402
toxicity_predictor,train,FLPLLILGSLLMTPPVIQAIHDAQR,0,1.968707874766551e-05
toxicity_predictor,train,GQNFTSDKDLYTDSR,0,4.7461676899729355e-07
toxicity_predictor,train,FDDLMLLLCCRQGPVCFIPLNEWPCSRM,1,0.24687694013118744
toxicity_predictor,train,GIHDILKYGKPS,0,0.00014710583491250873
toxicity_predictor,train,FKRWVQRWKRFLR,0,0.030405303463339806
toxicity_predictor,train,FWSFLVKAASKILPSLIGGGDDNKSSS,0,1.1795270893344423e-07
toxicity_predictor,train,TTKPVTTTKPVTTTTKPVTT,0,0.012503650970757008
toxicity_predictor,train,KILGKLWKGVKSIF,0,0.00524559523910284
toxicity_predictor,train,GLLGKVLGVGKKVLCVVSGLC,0,0.003342254087328911
toxicity_predictor,train,FFPIVGKLLSGLSGLL,0,1.4571938663721085e-05
toxicity_predictor,train,RGCPRILMRCKRDSDCLAGCVCQKNGYCG,1,0.9718503355979919
toxicity_predictor,train,GLFSVLGAVAKHVLPHVVPVIAEKL,0,0.00016200996469706297
toxicity_predictor,train,MRELIRLVSSAGTGHFYT,0,5.299279291648418e-05
toxicity_predictor,train,AKCRRWQWRMKKLGA,0,0.06108231842517853
toxicity_predictor,train,SIITMTKEAKLPQSWKQIACRLYNTC,0,0.002354477997869253
toxicity_predictor,train,PKRTKYRKPHRVS,0,0.4599177837371826
toxicity_predictor,train,GGETGNDAKAMWFGPRL,0,3.5705322716239607e-06
toxicity_predictor,train,DDDDDDHTIEHFETF,0,1.6767715351306833e-05
toxicity_predictor,train,DSHAKRHHGYKRKFHEKHHSHRGY,1,0.5277296304702759
toxicity_predictor,train,FVKKFWGGVKAIFKGARKGLK,0,0.1985323429107666
toxicity_predictor,train,WKRIVRRIWRWLR,0,0.008485997095704079
toxicity_predictor,train,RGSAGAQGARGDKGEAGEA,0,5.8318568335380405e-05
toxicity_predictor,train,DNLKKRRRCADDD,0,0.0028352392837405205
toxicity_predictor,train,PAASESGFRRDP,0,6.320635748124914e-06
toxicity_predictor,train,LSLTPTPGVLHK,0,7.178978557931259e-05
toxicity_predictor,train,ALWMTLLKKVLKAAAKAALNAVLVGANA,1,0.9908315539360046
toxicity_predictor,train,GIMDTIKNAAKDVVQSLLNKASCKLAKTC,0,0.0002638489240780473
toxicity_predictor,train,GLFKVLGSVAKHLLPHVVPVIAEKL,0,0.00029737441218458116
toxicity_predictor,train,CRKKRRQRRR,0,0.3465578258037567
toxicity_predictor,train,ISAAEFGKINGPIKK,0,9.180573397316039e-05
toxicity_predictor,train,INLLKIAKGIIKSL,0,0.00019388787040952593
toxicity_predictor,train,ALAQLLSLAR,0,0.45301756262779236
toxicity_predictor,train,ILGKILKGIKKLF,0,0.005516520701348782
toxicity_predictor,train,HSHRDFQPVLHLVALNSPLSGGMRG,0,1.687611438683234e-05
toxicity_predictor,train,VQIFVRDNNVDQALKALK,0,1.1734514373529237e-05
toxicity_predictor,train,GSTLLSLL,0,1.412221354257781e-05
toxicity_predictor,train,RWTWRGSGRWTWR,0,0.016731714829802513
toxicity_predictor,train,QKLCERPSGTWSGVCGNNNACKN,1,0.8549150824546814
toxicity_predictor,train,MATRRFSCLLLSTSEIDLSVKRRI,0,9.293317270930856e-05
toxicity_predictor,train,CRQSCSFGPLTFVCDGNTK,1,0.9688577651977539
toxicity_predictor,train,GIMDSVKNVAKNIAGQLLDKLKCKITGC,0,0.00019810449157375842
toxicity_predictor,train,PGGGVSGALSSLVQSLVR,0,1.8175460354541428e-06
toxicity_predictor,train,FLPLAVSLAANFLPKLFCKITKKC,0,0.003918536938726902
toxicity_predictor,train,FLWSLIPSAISAVTSLIKK,0,1.6399460946558975e-05
toxicity_predictor,train,KIIFLIAI,1,0.9998891353607178
toxicity_predictor,train,LTCYKGYRDTV,0,0.319841206073761
toxicity_predictor,train,GCCHIIACRMGCSPCCW,1,0.9886525273323059
toxicity_predictor,train,CRFCCRCCPRMRGCGLCCRF,1,0.9976552724838257
toxicity_predictor,train,GLASFLGKALKAGLKIGSHLLGGAPQQ,0,4.673158400692046e-05
toxicity_predictor,train,AWLLAIRKR,0,0.092513807117939
toxicity_predictor,train,GIGGALLSAKAALGLAKGLAEHFAN,0,7.702246512053534e-05
toxicity_predictor,train,GFGSLGKALRLGANVL,0,3.7330217310227454e-05
toxicity_predictor,train,IWLTALKFLGKNLGKLAKQQLAKL,0,0.0024695859756320715
toxicity_predictor,train,GPSSSAFFGMR,0,7.950592589622829e-06
toxicity_predictor,train,SEKITVFQKNFQVTENSSHFV,0,7.23288394510746e-06
toxicity_predictor,train,AELTSCFPVDHECDGGASNCNCCGDDVYCA,1,0.9149894714355469
toxicity_predictor,train,MDIVNIAWAALMVVSTFSLTLVVWGRSGL,0,0.0001434770820196718
toxicity_predictor,train,FISQIISTARI,0,1.1314342373225372e-05
toxicity_predictor,train,QSHISLCRYCCKCCKTKGCGFCCSF,1,0.9983395338058472
toxicity_predictor,train,GIGSAILSAGKSIIKGLAKGLAEHF,0,2.1615509467665106e-05
toxicity_predictor,train,QSHLSMCRYCCNCCRNNKGCGFCCKF,1,0.997276246547699
toxicity_predictor,train,ILGPVLSLVGNALGGLIKKI,0,2.1400410332717e-05
toxicity_predictor,train,ENCGRQAG,0,0.08642029762268066
toxicity_predictor,train,FIGAIARLLSKIF,0,0.031034454703330994
toxicity_predictor,train,GLMDMVKGAAKNLFASALDTLKCKITGC,0,0.00042058786493726075
toxicity_predictor,train,RIWVIRWR,0,0.0018131162505596876
toxicity_predictor,train,AERVGAGAPVYL,0,0.00017137780378106982
toxicity_predictor,train,WWRRWWRRWRRWWRRWWR,1,0.0148819824680686
toxicity_predictor,train,TPDHQRYVELFIVVDHGMYTKYNGD,0,2.7350088203093037e-05
toxicity_predictor,train,AVVFDPQPALWAEADTQLEP,0,2.6648235689208377e-06
toxicity_predictor,train,GCPWMPWC,0,0.13199128210544586
toxicity_predictor,train,CCSRHCWVCIPCCPN,1,0.9759435653686523
toxicity_predictor,train,SAQGQDFMRF,0,2.318414772162214e-06
toxicity_predictor,train,DEMKLDGFNMHLE,0,1.5484067716897698e-06
toxicity_predictor,train,MKDVDQIFDALDCHILREYLILLFYD,0,0.00011160859139636159
toxicity_predictor,train,FFHHIFRGIVHVGKTIHRLVTGG,0,0.0673040971159935
toxicity_predictor,train,TQQAFQKFLAAVTSALGKQYH,0,0.00042366600246168673
toxicity_predictor,train,FLPIIAGMAAKVICAITKKC,0,0.0041382890194654465
toxicity_predictor,train,GSNTECFWKYCV,0,0.808627188205719
toxicity_predictor,train,MKKARRSPSRRKGARLWYVGGSQF,0,0.08427637815475464
toxicity_predictor,train,FPIDDDDKIVGGYTNR,0,4.44460681592318e-07
toxicity_predictor,train,NYWKKGKWTIGS,0,0.0027225357480347157
toxicity_predictor,train,QAPWPDTISPP,0,1.852466448326595e-05
toxicity_predictor,train,GEFLKCGESCVQGECYTPGCSCDWPICKKN,1,0.9797040224075317
toxicity_predictor,train,MKRISTTITTTITTTITITITTGNGAG,0,0.0003772676573134959
toxicity_predictor,train,MTHIVRFIGLLLLNASSLRGRRVSGIQH,0,0.0002439456438878551
toxicity_predictor,train,GLPGYFGVN,0,5.243206032901071e-05
toxicity_predictor,train,GSSGIIPFPRV,0,6.84061069478048e-06
toxicity_predictor,train,FLSLIPHAINAVSALVHHF,0,0.00018094129336532205
toxicity_predictor,train,AHQLPMGTLCNFYEWYRRDD,0,0.000642166007310152
toxicity_predictor,train,DPCYEVCLQQHGNVKECEEACKHPVEY,1,0.7928357124328613
toxicity_predictor,train,RVCFAIPLPICH,0,0.048503585159778595
toxicity_predictor,train,HGVSGHGQHGVHG,0,0.07349836081266403
toxicity_predictor,train,GIGTKILGGVKTALKGALKELASTYAN,0,7.115375774446875e-05
toxicity_predictor,train,VEVATVKNCGKKLLATPR,0,0.004074740689247847
toxicity_predictor,train,RLSRIVVIRVSR,0,0.000696526956744492
toxicity_predictor,train,SCQKWMWLCDEERKCCEDMVCKLWCK,1,0.9673964381217957
toxicity_predictor,train,FLPLLAASFACTVTKKC,0,0.039944350719451904
toxicity_predictor,train,YSLKKTSMKIIPFTRL,0,0.0022407080978155136
toxicity_predictor,train,GVPCGESCVFIPCITGVIGCSCSSNVCYLN,1,0.8983883857727051
toxicity_predictor,train,RKCLRWQWEMRKVGG,0,0.03112051822245121
toxicity_predictor,train,VLYQAVNVFSMDVIDVNSAAPKTCD,0,6.120587204350159e-05
toxicity_predictor,train,RVKRVWPLVIRTVIAGYNLYRAIKKK,0,0.005663510877639055
toxicity_predictor,train,NSELINAILGSPTLFGEV,0,2.5706933115543507e-07
toxicity_predictor,train,DVNFLLHKIYGNIRY,0,0.00044761187746189535
toxicity_predictor,train,AKCLRWQWEMRKYGG,0,0.012481074780225754
toxicity_predictor,train,WFKAAAKAAAKFW,1,0.9764602780342102
toxicity_predictor,train,FGNQQQLKSVADIVINHR,0,4.7935627662809566e-06
toxicity_predictor,train,ILGKIAEGIKSLF,0,3.1627885618945584e-05
toxicity_predictor,train,DFPIANGERQSPVDIDTKAVVQDPA,0,1.8921890898582205e-07
toxicity_predictor,train,TGVAWRIT,0,0.0003700253728311509
toxicity_predictor,train,EGDFTPRL,0,8.01461567334627e-07
toxicity_predictor,train,VDTSRLFLTVVNNPPTVV,0,1.4576567082258407e-05
toxicity_predictor,train,LKLSPKTKDTLKKVLKGAIKGAIAIASMA,0,0.0007086822879500687
toxicity_predictor,train,DWTAWSALVAAACSVELL,0,0.09349939972162247
toxicity_predictor,train,MVGNFPGANYSRDTRRAEIDIQIDIQKI,0,5.626154688798124e-07
toxicity_predictor,train,MVKAVTVLNSSEGPHGIVYFAQEGDGPTTV,0,2.5306774205091642e-06
toxicity_predictor,train,FLPAALAGIGGILGKLF,0,0.0004102274542674422
toxicity_predictor,train,KKLFKKILKYL,0,0.027337897568941116
toxicity_predictor,train,KPDPEAVLIV,0,7.300917786778882e-06
toxicity_predictor,train,FSLFFPYAALKWLRKLLKK,0,0.010828821919858456
toxicity_predictor,train,PKKKRKVALWKTLLKKVLKA,1,0.36541748046875
toxicity_predictor,train,RICPRILMECSSDSDCLAECICLENGFCG,1,0.9167681932449341
toxicity_predictor,train,LRHKVYGYCVLGP,0,0.04347445070743561
toxicity_predictor,train,SMLAYVDKNDHINPPHSPRS,0,6.838034096290357e-06
toxicity_predictor,train,FLFSLIPSAISGLISAFK,0,8.733351933187805e-06
toxicity_predictor,train,CVWGGDCTDFLGCGTAWICV,1,0.896293580532074
toxicity_predictor,train,GLFKVLGSVAKHLLPHVAPVIAEK,0,0.00032923207618296146
toxicity_predictor,train,MTKKAVVVLWGISQVEGVVNLLQE,0,1.0333607860957272e-05
toxicity_predictor,train,SGAPGEAGREGAAGN,0,3.181428837706335e-05
toxicity_predictor,train,VKIGTYELLKGDFSV,0,2.895378429457196e-06
toxicity_predictor,train,TPNSYILQQFENPANPKLIVAIFPSFGER,0,1.2783675629179925e-06
toxicity_predictor,train,NLVQLGKMIFQETGKNPATSYGL,0,1.5753846582811093e-06
toxicity_predictor,train,RKKRRRESRKKRRRES,1,0.3675175905227661
toxicity_predictor,train,FLPVIAGLLSKLF,0,0.041349660605192184
toxicity_predictor,train,AGDVIYIVR,0,0.001357157714664936
toxicity_predictor,train,CEWYNISCQLGNKGQWCTLTKECQRSCK,1,0.962395966053009
toxicity_predictor,train,GILSGILGVGKMLVCGLSGLC,0,0.001305804355069995
toxicity_predictor,train,GLVGTLLGHIGKAILS,0,2.9428727430058643e-05
toxicity_predictor,train,AKKVFKRLEKLFSKIWNDK,0,0.00808718241751194
toxicity_predictor,train,AGWGSIFKHIFKAGKFIHGAIQAHND,0,0.0004228620673529804
toxicity_predictor,train,ELAKKALRALKKALKSAK,0,0.0894954726099968
toxicity_predictor,train,KIAKRIWKILRRR,0,0.23288823664188385
toxicity_predictor,train,RLLKFIKKLL,0,0.008918343111872673
toxicity_predictor,train,QSSFHSWG,0,1.9335508113726974e-05
toxicity_predictor,train,SLPPTLEEEFNMKKMG,0,3.463898110567243e-06
toxicity_predictor,train,PFWRIRIRRPRRIRIRWFP,0,0.039849985390901566
toxicity_predictor,train,AKRHHGYKRKFH,0,0.6408701539039612
toxicity_predictor,train,QTLIPMPRL,0,0.00015900300059001893
toxicity_predictor,train,SKSLFYQKQYDNINE,0,5.642087216983782e-06
toxicity_predictor,train,AVPQSIDWRDYGAVNEVKNQNPCGSCW,0,0.002383610000833869
toxicity_predictor,train,FYDTTCPK,0,0.1589573323726654
toxicity_predictor,train,MSGYGTSFALIVVLFILLIIVGTAFVGGY,0,0.0052560484036803246
toxicity_predictor,train,EPFCNKRDDISSPRTGVDIPSFILPGLNL,0,1.351773903479625e-06
toxicity_predictor,train,FLPLIGRVLSGIL,0,0.00010196930088568479
toxicity_predictor,train,GTGKFLRRRAFRNHLLDHKTPKQK,1,0.842146098613739
toxicity_predictor,train,ILGPVLGLVGEPLGGLIKKI,0,1.7070302419597283e-05
toxicity_predictor,train,FLPLIAGLAANFLPKLFCKITKKC,0,0.004243742674589157
toxicity_predictor,train,TDRNFLRL,0,0.0013500828063115478
toxicity_predictor,train,FLPLLAGLAAKWF,1,0.9989676475524902
toxicity_predictor,train,GLFSVLGSVAKHLLPHVVPVIAEKL,0,6.074262273614295e-05
toxicity_predictor,train,MVKIGINEFGRIGRLAFRRIYEL,0,0.002543668495491147
toxicity_predictor,train,MAKINELLRESTTTNSNSIGR,0,2.7476235118228942e-06
toxicity_predictor,train,THLFQPSLVLDMAKVLLDN,0,4.468651241040789e-06
toxicity_predictor,train,KFFRKLKKSVKKRAKEFFKKPRVIGVSIPF,1,0.4762008786201477
toxicity_predictor,train,GSRYLCTPGSCWKLVCFTTTVK,1,0.8457373976707458
toxicity_predictor,train,AEPLASQLKEPIAGGGWWAA,0,9.9897133623017e-06
toxicity_predictor,train,GFCRCVCRRGVCRCVCTR,1,0.9975734353065491
toxicity_predictor,train,ENFAGGCTPGYQRTADGRCKPTF,0,0.020717157050967216
toxicity_predictor,train,SGGAQGQQTEIEI,0,1.3279033055368927e-06
toxicity_predictor,train,GLIKIVPAMICAVTKKC,0,0.006259717512875795
toxicity_predictor,train,MIKPDGVQRGLVGEIISRGDFAIDIGR,0,6.116167128311645e-07
toxicity_predictor,train,QGGLPRPGPEIPP,0,0.00013932977162767202
toxicity_predictor,train,LNPFRWVINKYREWKNKKDS,0,0.0006906280177645385
toxicity_predictor,train,GLISGLLGVGKMLVCGLSGLC,0,0.0011854091426357627
toxicity_predictor,train,MLMPKRVKYRREHRGRMKGRAKAVRI,1,0.7163360714912415
toxicity_predictor,train,HEEQITQPSATNDEA,0,1.1009444278897718e-05
toxicity_predictor,train,QQRKRKIWSILAPLGTTLVKLVAGIG,0,0.00028597834170795977
toxicity_predictor,train,KWKSFIKKLTSVLKKVVTTAKPLISS,0,0.0010150393936783075
toxicity_predictor,train,MNKNELVSAVAERAGL,0,9.212069016939495e-06
toxicity_predictor,train,TNVKESEFIAEGAAGR,0,3.2362770525651285e-06
toxicity_predictor,train,GMASKAGAIAGKIAKVALKAL,0,0.0026686214841902256
toxicity_predictor,train,ALWKEVLKNAGKAALNEINNLV,0,8.407954010181129e-05
toxicity_predictor,train,NGGTSGLFAFPRV,0,8.323846486746334e-06
toxicity_predictor,train,ATGPAGARGSPGSPGND,0,3.930339516955428e-05
toxicity_predictor,train,NPVVRITNGAIRGQN,0,1.6633312043268234e-05
toxicity_predictor,train,HSEGTFSSDYSKYLDSRRAKDFVQWLMST,0,1.8128772580894292e-06
toxicity_predictor,train,DTHISEKIIDCNDIG,0,7.012876449152827e-05
toxicity_predictor,train,GSPGLIPFGRS,0,1.56500973389484e-05
toxicity_predictor,train,MHPVLRQMRPQQQAPSQQQPQKALLAP,0,0.00041701868758536875
toxicity_predictor,train,GKWMSLLKHILK,0,0.007310833316296339
toxicity_predictor,train,RLCRIVWVIRVCR,0,0.002280671149492264
toxicity_predictor,train,MPSQKSPTKRSPTKRSPQKGGKGAKR,1,0.04243011027574539
toxicity_predictor,train,FRLSPAARNILEKHSLDASQGTATGPR,0,1.5624449588358402e-05
toxicity_predictor,train,VVYTLKRNGRTLYGF,0,0.011084223166108131
toxicity_predictor,train,KDGYLVGSDGCKYSCLTRPG,0,0.01630052737891674
toxicity_predictor,train,LALLKVLLRKIKKAL,0,0.15990334749221802
toxicity_predictor,train,GCRRLCYKQRCVTYCRGPPR,1,0.8954450488090515
toxicity_predictor,train,SKDNQKNYIPLIVPFAT,0,2.197546564275399e-06
toxicity_predictor,train,KLKNFAIGVAQSLLNKASCKLSGQC,0,0.0010136077180504799
toxicity_predictor,train,SVQFKPRL,0,0.001589240157045424
toxicity_predictor,train,AVGNEVFANR,0,4.1558396333130077e-05
toxicity_predictor,train,SGGEMSNMGHSMEE,0,2.691269855858991e-06
toxicity_predictor,train,SLVQFEMMIMEVAKRSGLLWYSA,0,2.0139275875408202e-05
toxicity_predictor,train,MKFNNAGAQGRDRGYIYSEPEFGRTRQVFY,0,8.689797687111422e-05
toxicity_predictor,train,GIHAILKYGKPS,0,0.00488892151042819
toxicity_predictor,train,KLLKQWPIGKLLKKLLKKLLK,0,0.014317144639790058
toxicity_predictor,train,CCRLACGLGCHPCC,1,0.9961884617805481
toxicity_predictor,train,WGRAFRRLVRRLARGLRR,0,0.33056584000587463
toxicity_predictor,train,GLPVCGESCFGGSCYTPGCSCTWPICTRD,1,0.9743331670761108
toxicity_predictor,train,ARSDNFVRL,0,5.180004518479109e-05
toxicity_predictor,train,FLPAVIRVAANVLPTVFCAISKKC,0,0.001591248787008226
toxicity_predictor,train,GLLDIVKKVVGAFGSL,0,1.0043513611890376e-05
toxicity_predictor,train,INVLGILGLLGKALSHL,0,8.447365689789876e-05
toxicity_predictor,train,SCSGRDSRCPPVCCMGLMCSRGKCVSIYGE,1,0.9905585050582886
toxicity_predictor,train,INWLKLGKAIIDAL,0,0.004254716448485851
toxicity_predictor,train,ILGPVLGLVSDTLDDVLGIL,0,7.362856422332698e-07
toxicity_predictor,train,GEAANVMGAPK,0,3.481134262983687e-05
toxicity_predictor,train,AKGEPGDSGAKGDAG,0,1.2805412552552298e-05
toxicity_predictor,train,GGNTECFWKYCV,0,0.7837256193161011
toxicity_predictor,train,GLFGILGSVAKHVLPHVIPVVAEHL,0,6.892266537761316e-05
toxicity_predictor,train,KKLFKKILKYLA,0,0.021690288558602333
toxicity_predictor,train,VNWKKVLGKIIKVAK,0,0.0033111271914094687
toxicity_predictor,train,KWKSFLKTFKSAVKTVLHTALKAISS,0,0.0023288424126803875
toxicity_predictor,train,FLGGLIKKWPWWPWRR,0,0.0022188923321664333
toxicity_predictor,train,GLPVCGETCFGGTCNTPGCSCSYPICTRN,1,0.9871214032173157
toxicity_predictor,train,GKYGFYTHVFRLKKWIQKVIDQFGE,0,0.0010814875131472945
toxicity_predictor,train,GFLDVIKHVGKAALSVVSHLINE,0,1.197646815853659e-05
toxicity_predictor,train,LKLSPKTKKTLKKVLKGAIKGAIAIASMA,0,0.0071339076384902
toxicity_predictor,train,RHHRKRIGHTIKQLAKLVKHIHEY,1,0.885465145111084
toxicity_predictor,train,GILGNIVGMGKKVVCGLSGLC,0,0.0035674397367984056
toxicity_predictor,train,FPVTWRWWTWWKG,0,0.0006815707893110812
toxicity_predictor,train,QGCCNGPKGCSSKWCRDHARCC,1,0.9974296689033508
toxicity_predictor,train,APSSGFFGTR,0,4.593008634401485e-05
toxicity_predictor,train,KVHGSLARAGK,0,0.10861579328775406
toxicity_predictor,train,GLLKVLGSVAKKVLPKVVPVIAEKL,0,0.00044611035264097154
toxicity_predictor,train,LFGFLIKLIPSLFGALSNIGRNRNQ,0,1.7145188394351862e-05
toxicity_predictor,train,HLGHHALDHLLK,0,0.16049319505691528
toxicity_predictor,train,MSPLKAVAVLTGADVKGVVQFT,0,3.136279701720923e-05
toxicity_predictor,train,GIPCAESCVWIPCTVTALVGCSCSDKVCYN,1,0.9358177781105042
toxicity_predictor,train,ADGSDPAGGEFLAEGGGVR,0,7.440091280841443e-07
toxicity_predictor,train,INWKKIFESVKNLV,0,4.981932579539716e-05
toxicity_predictor,train,IFSAIAGLLSNLL,0,0.0021024083252996206
toxicity_predictor,train,AWLDKLKSLGKVVGKVAIGVAQHYLNPQQ,0,9.880445577437058e-05
toxicity_predictor,train,VNQSETPVKHIGKVF,0,1.4266893231251743e-05
toxicity_predictor,train,ASEDTAEAAAPSA,0,3.195160024915822e-05
toxicity_predictor,train,GGDGAPGKDGIRGM,0,2.3850068828323856e-05
toxicity_predictor,train,ERVCCGYPMSCKSRACKPSYCC,1,0.9959791898727417
toxicity_predictor,train,VKLFPWWNQY,0,0.00011190121585968882
toxicity_predictor,train,FDVMGIIKKIAGAL,0,0.000469718303065747
toxicity_predictor,train,SNSLFEEVRPIVNGMDCKLG,0,7.98021847003838e-06
toxicity_predictor,train,GIMDSVKGLAKNLAGKLLDSLKCKITGC,0,0.00011594388342928141
toxicity_predictor,train,KVTKSVKSIPVKI,0,0.0008458585944026709
toxicity_predictor,train,NGAPQPFVRF,0,2.4957613277365454e-05
toxicity_predictor,train,SIFAFQDESPSAIAQAKLFK,0,2.6752202302304795e-06
toxicity_predictor,train,KKKSFIKLLTSAKVSVLTTAKPLISS,0,0.0002567375195212662
toxicity_predictor,train,AYGESANVFGAP,0,1.5245086615323089e-05
toxicity_predictor,train,FLPFLKSILGKIL,0,0.0004784110642503947
toxicity_predictor,train,VGECVRGRCPSGMCCSQFGYCGKGPKYCGR,1,0.9846616387367249
toxicity_predictor,train,RLWRIVVIRVAR,0,0.004785067401826382
toxicity_predictor,train,RQIKIWFQNR,0,0.00030256007448770106
toxicity_predictor,train,CCGIPNAACHPCVCTGKC,1,0.993866503238678
toxicity_predictor,train,ADDRNPLEEFRENNYEEFL,0,6.355808636726579e-06
toxicity_predictor,train,WKLFKKIPKFLHLAKKF,0,0.048331890255212784
toxicity_predictor,train,MDIVSIAWAALMVVFSFSLSLVVWGRSGL,0,0.0004261686699464917
toxicity_predictor,train,VERYAFGL,0,0.002542924601584673
toxicity_predictor,train,IRRRIRLIVRRQI,0,0.014679295010864735
toxicity_predictor,train,ITIPPIVKDTLKKFIKGAISSVM,0,1.0113725693372544e-05
toxicity_predictor,train,MPNISEIIDSINRRSMAEIIT,0,2.2295542123629275e-07
toxicity_predictor,train,MAAACRCLSLLLLSTCVALLL,1,0.5173500776290894
toxicity_predictor,train,TKRFAKRLAERFLTAGRTDP,0,0.03236689046025276
toxicity_predictor,train,SENTGAIGKVFPRGNHWAVGHLM,0,2.2077507310314104e-05
toxicity_predictor,train,GLASTLGSFLGKFAKGGAQAFLQPK,0,2.8121323339291848e-05
toxicity_predictor,train,APLQPGGSPALTKIYPRGSHWAVGHLM,0,5.26928088220302e-05
toxicity_predictor,train,SAIACGESCVYIPCFIPGCSCRNRVCYLN,1,0.7988608479499817
toxicity_predictor,train,DPAFNSWG,0,1.1535892099345801e-06
toxicity_predictor,train,FLGAIAQALTSLLGKL,0,0.00021318165818229318
toxicity_predictor,train,GLLKSLCRKFVKVHLPELIEELTTTD,0,0.00011428802099544555
toxicity_predictor,train,KNLRRIIRKIIHIIKKYG,0,0.07021613419055939
toxicity_predictor,train,EDLFYQSSL,0,8.626648195786402e-07
toxicity_predictor,train,TPVVNPPFLQQT,0,4.537012500804849e-05
toxicity_predictor,train,LDVELTVEERNLLSVGYKDSTLIMQLLR,0,1.8979160358867375e-06
toxicity_predictor,train,GLMSVLGHAVGNVLGGLFKS,0,8.923087079892866e-06
toxicity_predictor,train,LVRGCWTKSYPPKPCFVR,0,0.03469662740826607
toxicity_predictor,train,TTPACFTIGLGVGALFSAKFC,0,0.03550995513796806
toxicity_predictor,train,ANFEIVNNCPYTVWAAASPGGGRRLDRGQT,0,2.867193143174518e-05
toxicity_predictor,train,KKWLKKWLK,0,0.03271184861660004
toxicity_predictor,train,GEVGPAGGRGSDGPQGA,0,2.463803321006708e-05
toxicity_predictor,train,MAPRGFSCLLLSTSEIDLPVKRLLSSVF,0,1.1579459169297479e-05
toxicity_predictor,train,ANPTFGFTPLGLSSDAN,0,1.292933461627399e-06
toxicity_predictor,train,GKCGDINAPCKAECDCCGYTTCDCYWGN,1,0.9861106872558594
toxicity_predictor,train,SLVQFEKMIKEVAGKNGVPWY,0,2.4244409360107966e-05
toxicity_predictor,train,ADPTFGFTPLGLSEKANLQIMKAYD,0,5.949752903688932e-07
toxicity_predictor,train,SGFVLKGYTKTSQ,0,0.00011325143714202568
toxicity_predictor,train,RRWHRHWRR,0,0.5680601596832275
toxicity_predictor,train,CFKFKFKFGSGFKFKFKFC,0,0.07545430958271027
toxicity_predictor,train,FLPLIAGVAANFLPKIFCLISKKC,0,0.000992177752777934
toxicity_predictor,train,FLPVIAGVAANFLPKLFCAISKKC,0,0.0012283769901841879
toxicity_predictor,train,GIGSLLAKAAKLGANLL,0,0.00014568034384865314
toxicity_predictor,train,KWKLFKKIPKFLH,0,0.11931491643190384
toxicity_predictor,train,GIPCGESCVFIPCISSVVGCSCKSKVCYLD,1,0.942566990852356
toxicity_predictor,train,GKNGDRGESGPAGPAGPAGPAGA,0,7.247681787703186e-05
toxicity_predictor,train,VIGGDECNINEHRFLVALYDF,0,0.00016077791224233806
toxicity_predictor,train,FDIVKKIAGHIVSSI,0,1.0813527296704706e-05
toxicity_predictor,train,EAGEECDCGTPENPCCDAAT,1,0.9349517822265625
toxicity_predictor,train,FDAFTTGF,0,5.3085001127328724e-05
toxicity_predictor,train,GLRDFNVAVRASNGKYWTRRPESGTLV,0,3.1852996471570805e-05
toxicity_predictor,train,MKPALRDFIAIVQERLASVTA,0,5.633653563563712e-05
toxicity_predictor,train,VDPAQVSGSWRTAAIASD,0,8.713440706742404e-07
toxicity_predictor,train,YDPSPLQDFCIAD,0,0.001149047166109085
toxicity_predictor,train,GLMDTIKGVAKTVAASWLDKLKCKITGC,0,0.000877107959240675
toxicity_predictor,train,EDGLHPRLCSC,0,0.7859531044960022
toxicity_predictor,train,FLPLLAGLAASFLPTIFCKISRKC,0,0.0011735019506886601
toxicity_predictor,train,MSKNTKSKNNGIRKYNAKTEVKLVYFK,0,0.010871462523937225
toxicity_predictor,train,ILGPVLGLVGNALGGLLKNL,0,2.231311191280838e-05
toxicity_predictor,train,AAGPPGATGFPG,0,0.00015025102766230702
toxicity_predictor,train,APKDDTWYTGAKLGWSQYHDT,0,9.401260285812896e-06
toxicity_predictor,train,RCCGYKMCHPC,1,0.9958655834197998
toxicity_predictor,train,QDKPFWPPPIYPM,0,5.840304584125988e-05
toxicity_predictor,train,GVFGLLAKAALKGASKLIPHLLPSRQQ,0,0.00029449351131916046
toxicity_predictor,train,FLPGLIKVAVGVGSTILCKITKKC,0,0.0017469855956733227
toxicity_predictor,train,MIEIRFHGRGGQGAV,0,0.0004187852900940925
toxicity_predictor,train,RFRRLRKKTRKRLKKI,1,0.8699033260345459
toxicity_predictor,train,KWKSFIKKLTDKFLHSAKKF,0,0.0922422856092453
toxicity_predictor,train,AEVTLSALEQLGASEVDLVTLKQAGLVGE,0,8.711546684025961e-07
toxicity_predictor,train,GRADNFLRL,0,0.0004958244389854372
toxicity_predictor,train,GILDTLKQFAKGVGKFLVKGAAQ,0,0.00012547048390842974
toxicity_predictor,train,FLGSLLGLVGKVVPTLFCKISKKC,0,0.0015606075758114457
toxicity_predictor,train,NGPNGKSQSIIVGPWGDRVTN,0,8.106081281766819e-07
toxicity_predictor,train,WLNALLHHGLNCAKGVL,0,0.007945315912365913
toxicity_predictor,train,FVPWFSKFLWRIL,0,0.0501461960375309
toxicity_predictor,train,ACEVTQLAVCASAILGGTKPSGECCGNL,1,0.9144067764282227
toxicity_predictor,train,GCCSYPPCFATNSGYC,1,0.9348894953727722
toxicity_predictor,train,FVTRGCPRRLVARLIRVMVPRR,0,0.009629872627556324
toxicity_predictor,train,FLPILAGLAANLVPKLICSITKKC,0,0.0013966456754133105
toxicity_predictor,train,LLWKALRLWWKVL,1,0.999398946762085
toxicity_predictor,train,GLLKKLLKIAAKVGKKLL,0,0.01428102795034647
toxicity_predictor,train,GLPICGESCVGGTCNTPGCTCTWPVCTRN,1,0.986412763595581
toxicity_predictor,train,GHSVDRIPEYFGPPGLPGPVLFYS,0,1.161930322268745e-05
toxicity_predictor,train,AGFAAQAAASLAPVAVQQL,0,0.042497508227825165
toxicity_predictor,train,AKTIAYDEEARRGLERGLNSLADAVKVT,0,1.1159292625961825e-05
toxicity_predictor,train,KCRRLCYRQRCVTYCRGR,1,0.9001966714859009
toxicity_predictor,train,FLPILGNLLSGLL,0,9.59899480221793e-05
toxicity_predictor,train,RRLRKKTWKRLW,0,0.5105555057525635
toxicity_predictor,train,KNLRRIIRKGIHIIKKYG,0,0.48721474409103394
toxicity_predictor,train,KTRNWFSEHFKKVKEKLKDTFA,0,0.022910965606570244
toxicity_predictor,train,MIFDGKVAIITGGGKAKSIGYGIAVAYAK,0,0.000161654272233136
toxicity_predictor,train,NSELINAILGSPTLMGEV,0,3.122567591162806e-07
toxicity_predictor,train,RGSNLTHPLRNI,0,0.0035017423797398806
toxicity_predictor,train,NFLGTLVNLAKKIL,0,0.00033373344922438264
toxicity_predictor,train,NRWWQGVVPTVSYECRMNSWQHVFTCC,1,0.30800187587738037
toxicity_predictor,train,DRIPVICEKVDKSD,0,9.357397357234731e-05
toxicity_predictor,train,MDIVNIAWAALMVVSTSSLSPVAWGRSGL,0,3.2983227811200777e-06
toxicity_predictor,train,TKSPDCGGILSPSGLSYFA,0,3.865804319502786e-05
toxicity_predictor,train,IHSKPPREQL,0,0.005302020348608494
toxicity_predictor,train,MKKCAFVSDFDGTISKQDFY,0,3.1474646675633267e-05
toxicity_predictor,train,QGLIPFPRV,0,3.603431468945928e-05
toxicity_predictor,train,GIFSNMYARTPAGYFRGPAGYAAN,0,0.00010076299076899886
toxicity_predictor,train,MDPEPTPLPRWRIFLFR,0,0.00013194720668252558
toxicity_predictor,train,ILGPVLGLVGSALGGLLKKI,0,2.904375287471339e-05
toxicity_predictor,train,NSELINSILGLPKVMNDA,0,1.304336905150194e-07
toxicity_predictor,train,AYTVTLYLQG,0,0.0018404164584353566
toxicity_predictor,train,FLPKLFAGIISKNF,0,9.706105629447848e-05
toxicity_predictor,train,FLPAIAGILSQLF,0,0.015329606831073761
toxicity_predictor,train,GASGLISFPRV,0,5.112709459353937e-06
toxicity_predictor,train,RPKPQQFFGLM,0,0.0007720878347754478
toxicity_predictor,train,QNQPPDFANPFIIPQNAA,0,3.286673518232419e-06
toxicity_predictor,train,MSILPVIFLPIFFYSSFVQTFNASECIDKG,0,2.1307954739313573e-05
toxicity_predictor,train,PQAVIVASG,0,3.428947820793837e-05
toxicity_predictor,train,MDIVSLTWAALMVVFTFSLSLVVWGRSGL,0,8.615612023277208e-05
toxicity_predictor,train,AAALSQAADNLR,0,6.104138446971774e-05
toxicity_predictor,train,GLMSTLKGAATNVAVTLLNKLQCKLTGTC,0,0.003405393101274967
toxicity_predictor,train,FLPAVLRVAAQVVPTVFCAISKKC,0,0.0019509269623085856
toxicity_predictor,train,KWAFRVCYRGICYRRSR,0,0.08914094418287277
toxicity_predictor,train,GLLGSIGKVLGGYLAEKLKPK,0,0.0001288228522753343
toxicity_predictor,train,FFPIVAGVAGQVLKKIFCTISKKC,0,0.002850130433216691
toxicity_predictor,train,GILSNVLGMGKKIVCGLSGLC,0,0.001841020886786282
toxicity_predictor,train,GPEGLRGNRGERGPRGFRG,0,0.006492986809462309
toxicity_predictor,train,VSSKYLSKVKVKAGK,0,0.017057273536920547
toxicity_predictor,train,FLPFFAACAITKKC,0,0.03229160234332085
toxicity_predictor,train,RRRRRNWMWC,0,0.09404255449771881
toxicity_predictor,train,WWSYVRRWRSR,0,0.006715519819408655
toxicity_predictor,train,FLSLIPHAINAISAIANHF,0,4.6970882976893336e-05
toxicity_predictor,train,WLNALLKKGLNCAKGVLA,0,0.010072841309010983
toxicity_predictor,train,AYSYVSEYKRLPVYNFGL,0,0.00034630444133654237
toxicity_predictor,train,MALKAVCVLKGAGETSGTVHFEQEDN,0,2.3373348085442558e-05
toxicity_predictor,train,WKSYVRRWRS,0,0.010052691213786602
toxicity_predictor,train,GHAKGDKKVSKK,0,0.11263853311538696
toxicity_predictor,train,QLASDDYGHMRF,0,6.01720512349857e-06
toxicity_predictor,train,LKWLLKWLK,0,0.2031538337469101
toxicity_predictor,train,WRSLGRTLLRLSHALKPLARRSGW,0,0.024747679010033607
toxicity_predictor,train,FLPIVAKLLSGLL,0,0.10964785516262054
toxicity_predictor,train,FFGALIPAVAGAIGGFFRK,0,0.0002832623431459069
toxicity_predictor,train,VPATIPLTITNDSGG,0,4.946735316480044e-06
toxicity_predictor,train,DCLPGWSSHEGHCYKVFNQEMYWADAEKFC,1,0.10227762907743454
toxicity_predictor,train,SNVCFNACMKISSSQKTCQILC,1,0.9703229665756226
toxicity_predictor,train,RGPPGPMGPPG,0,0.0010997300269082189
toxicity_predictor,train,FLGSIIGALAKGLPSLIALIKK,0,7.806568464729935e-05
toxicity_predictor,train,FLPIIAGIAAKFLPKIFCTISKKC,0,0.0018702041124925017
toxicity_predictor,train,KDALEHTGFAPK,0,0.00011978038673987612
toxicity_predictor,train,GFMDTAKNVAKNVAVTLIDKLRCKVTGGC,0,0.0012777147348970175
toxicity_predictor,train,SPQAKKRIRRNDRRAEVNTARMSR,0,0.03693673759698868
toxicity_predictor,train,FIIFRIAASHKK,0,0.017840923741459846
toxicity_predictor,train,GIGRKFLGGVKTTFRCGVKDFASKHLY,0,0.01550232246518135
toxicity_predictor,train,LRRLWLRANRLLRRLWLRANRL,0,0.033591315150260925
toxicity_predictor,train,KDCERRFSRSDQLKRHQRRHTGVKPFQK,1,0.2679164707660675
toxicity_predictor,train,FLSTLWNAAKSIF,0,3.735343489097431e-05
toxicity_predictor,train,TKTEEGEFISEGGGVR,0,4.798539066541707e-06
toxicity_predictor,train,RRRRRRRRRRRTYADFIASGRTGRRNAI,1,0.757462739944458
toxicity_predictor,train,YKDQGLEILAFPCNQFG,0,0.000154822992044501
toxicity_predictor,train,LRLDLSNLR,0,0.0003116718726232648
toxicity_predictor,train,MTQRPWSKLQRKTHNIAALKIIARRSE,0,0.004871840123087168
toxicity_predictor,train,AEVLMDFPQLTMTLPDGREESVMKRTTLVA,0,2.388938128206064e-06
toxicity_predictor,train,QKKDRFLGLF,0,0.0038930231239646673
toxicity_predictor,train,AGETHTVMINHAGRGAPKLVVGGKKLS,0,0.0003366853343322873
toxicity_predictor,train,MLNIALHGYSLSKSAMDSRLTRKQSKSCT,0,7.224042201414704e-05
toxicity_predictor,train,GLFGVLAKVASHVVPAIAEHFQA,0,0.0001640790287638083
toxicity_predictor,train,FFRNLWKGAKAAFRAGHAAWRA,0,0.013463524170219898
toxicity_predictor,train,GVVPHDFRI,0,3.562525307643227e-05
toxicity_predictor,train,MADEALQHTFFA,0,3.932142863050103e-05
toxicity_predictor,train,VGKTWIKVIRGIGKSKIKWQ,0,0.0037862129975110292
toxicity_predictor,train,FLQHIIGALSHFF,0,0.0006460302392952144
toxicity_predictor,train,GLEETVYIYGANMAS,0,1.1224248737562448e-05
toxicity_predictor,train,KKLAKLALLKWLLALKKLALLALKK,0,0.5857880711555481
toxicity_predictor,train,RPPGWSPFR,0,0.0004854317812714726
toxicity_predictor,train,FKRIVQRIKDFLR,0,0.007572144269943237
toxicity_predictor,train,GIGKFLHSAGKFGKAFIGEIMKS,0,0.0003361782291904092
toxicity_predictor,train,AVAGEKLWLLPHLLKMLLTPTP,0,0.0002720015763770789
toxicity_predictor,train,GANLAKKFYTYINKFINYAW,0,0.0008331910357810557
toxicity_predictor,train,KWKLFKKIGIGAVLKVLTTGLPALKLTLK,0,0.004651203285902739
toxicity_predictor,train,GIGAKILGGVKTALKGALKELASTYVN,0,7.878264295868576e-05
toxicity_predictor,train,SQISLRGSNLTI,0,6.876977636238735e-07
toxicity_predictor,train,FLPLIGKVLSGIL,0,7.174824713729322e-05
toxicity_predictor,train,ATYRTGRATRESLSGVEISGRLYRLR,0,0.0009185716044157743
toxicity_predictor,train,KKKKKKAGFAAWAAFGA,0,0.08014091849327087
toxicity_predictor,train,VSKGDLGLVVRCLP,0,0.0001892868458526209
toxicity_predictor,train,GLFDIIKKIAESFKFSEAIKKIIDFLG,0,2.0723122361232527e-05
toxicity_predictor,train,QLTFTPGWGY,0,0.00011898545199073851
toxicity_predictor,train,TDVKESEFIAEGAVGR,0,6.791727287236426e-07
toxicity_predictor,train,APSSMGFMGMR,0,2.1785745047964156e-05
toxicity_predictor,train,QVRYRQCYFNPISCF,0,0.12722232937812805
toxicity_predictor,train,VAIALKAAHYHTHKE,0,0.041857488453388214
toxicity_predictor,train,AVDLAKIANKVLSSLF,0,3.479856241028756e-05
toxicity_predictor,train,SQRGLRKILGKRQRLLAYLSKKNR,1,0.42356032133102417
toxicity_predictor,train,GLWQKIKNAAGDLASGIVEGIKS,0,1.0222545370197622e-06
toxicity_predictor,train,ACGSCRKKCKGSGKCINGRCKCY,1,0.9911024570465088
toxicity_predictor,train,GLPVCGETCTLGTCYTQGCTCSWPICKRN,1,0.9904541969299316
toxicity_predictor,train,VNDGYLDNGLQEGDFE,0,7.481273200937721e-07
toxicity_predictor,train,FLPIVGKLLSGLSGLS,0,3.6850392461929005e-06
toxicity_predictor,train,GGGGTSGLFAFPRV,0,3.0576728022424504e-05
toxicity_predictor,train,YKVDEDLQGAGGIQSRGYFFFRPRN,0,1.535006595076993e-05
toxicity_predictor,train,QKKDKKDRF,0,0.04482444003224373
toxicity_predictor,train,QNWPRPQIPP,0,7.878016185713932e-05
toxicity_predictor,train,PQAAIVAAG,0,0.011146851815283298
toxicity_predictor,train,ILGTILGLLKGL,0,9.850980859482661e-05
toxicity_predictor,train,FLSLALAALPKFLCLVFKKC,0,0.03481902554631233
toxicity_predictor,train,GIKHILFMAKTKLPRATCTAEIKENCDRKK,0,0.03903605788946152
toxicity_predictor,train,DVNGGWSCATTVDAKFRPNGCTD,0,0.017511796206235886
toxicity_predictor,train,SVAVAGAVIEGATLTFNVLQ,0,6.235110777197406e-05
toxicity_predictor,train,AKKVFKRLEKLFSKIQNDK,0,0.00933921243995428
toxicity_predictor,train,FLGGLIKPWWPWRR,0,0.001558841671794653
toxicity_predictor,train,MANIKSAIKRAKTSEK,0,0.0028839781880378723
toxicity_predictor,train,DCCGVKLEMCHPCLCDNSCKNYGK,1,0.9889758825302124
toxicity_predictor,train,WDVNDCIHFCLIGVVERSYTECHTMCT,1,0.6282857060432434
toxicity_predictor,train,GLWSKIKEAGKAAVKAAGKAALGAVANSV,0,0.0004345099441707134
toxicity_predictor,train,QSHLSLCRWCCNCCHNKGCGFCCKF,1,0.996841549873352
toxicity_predictor,train,FLGGILKVASKIPSVFCAVLKTC,0,0.002383963670581579
toxicity_predictor,train,HNPASFIGLM,0,6.989145731495228e-06
toxicity_predictor,train,GIMSSLMKKLAAHIAK,0,0.0015009435592219234
toxicity_predictor,train,VNWKKILKKIIKVVK,0,0.0013245316222310066
toxicity_predictor,train,GKNGDRGESGPAGPA,0,5.487425369210541e-05
toxicity_predictor,train,MHLSTLPNVPWPNRSFTTKRPPLPNMSFSW,0,1.3673111425305251e-05
toxicity_predictor,train,FRCRRRFCRF,0,0.34406861662864685
toxicity_predictor,train,MMKLVIILIVLLLVSFAAY,1,0.9999969005584717
toxicity_predictor,train,FFFLSRIFGK,0,0.002380205085501075
toxicity_predictor,train,SPHYNFGL,0,0.00015186061500571668
toxicity_predictor,train,GIFTFEDESTTTVAPAKLYK,0,7.356354672083398e-06
toxicity_predictor,train,QTCCGSKVFCC,1,0.9995515942573547
toxicity_predictor,train,KNGDRGESGPAGPAGPAGPAGA,0,6.091235263738781e-05
toxicity_predictor,train,GSRPIYVPPPRPPHPRL,0,0.0009911715751513839
toxicity_predictor,train,MNPNCARCGKIVYPTEKVNCLDKFWHKACF,1,0.5869845151901245
toxicity_predictor,train,GIPCGESCVYIPCLTSAIGCSCKSKVCYRN,1,0.968121349811554
toxicity_predictor,train,VNPIILGVLPKFVCLITKKC,0,0.0021852341014891863
toxicity_predictor,train,MDTVSIAWAALMVIFTFSISLVVWGRNGL,0,8.586281910538673e-05
toxicity_predictor,train,FFRHIKSFWKGAKAIFRGARQG,0,0.1357865035533905
toxicity_predictor,train,FKYDSTHGRFHGEVKAEGGKL,0,0.002125403145328164
toxicity_predictor,train,CVKRGLKLRHVRPRVTRDV,0,0.31304478645324707
toxicity_predictor,train,AALRGCWTKSIPPKPCSGKR,0,0.029025627300143242
toxicity_predictor,train,DCPSDWSPYEGHCYK,0,0.07550107687711716
toxicity_predictor,train,RDALKSSVDAVKYFGKGTYT,0,4.348094807937741e-05
toxicity_predictor,train,FRGRTVARGPLSIARLGPR,0,0.019682426005601883
toxicity_predictor,train,GPMGPRGPPGPAG,0,0.0006874062237329781
toxicity_predictor,train,VVAAGANPVLITRDLVNVLEDAIR,0,1.6413667253800668e-05
toxicity_predictor,train,LPGPTGEPGKQGPGGPSGE,0,0.00012362541747279465
toxicity_predictor,train,FLPILGKLLSGFL,0,0.00016166275599971414
toxicity_predictor,train,LKVPDLPLPE,0,3.638119233073667e-05
toxicity_predictor,train,INWKKLLDAAKQIL,0,0.00021099226432852447
toxicity_predictor,train,VFDIIKDAGKQLVAHAMGKIAEKV,0,0.00013346364721655846
toxicity_predictor,train,AAVPSGASTGVYEALELRFRAPVEPY,0,2.4900178686948493e-05
toxicity_predictor,train,IASKFICTPGCAKTGSFNSYCC,1,0.9601631164550781
toxicity_predictor,train,MIDKAIIVLGALIALLELIRFLLQLLN,1,0.9978366494178772
toxicity_predictor,train,AAGQDFMRF,0,6.563866918440908e-05
toxicity_predictor,train,INWKKIKSLIKAAMS,0,0.001201803213916719
toxicity_predictor,train,MMRVMRRKTKVIWEKKDFIGLYSID,0,0.000720769283361733
toxicity_predictor,train,RAKRRQRRR,0,0.5148299336433411
toxicity_predictor,train,MTRRYWNIDLE,0,9.289153240388259e-05
toxicity_predictor,train,VGALAVVVWLYLWLW,1,0.999998927116394
toxicity_predictor,train,GAPKGCWTKSYPPQPCFGKK,0,0.018320338800549507
toxicity_predictor,train,EVLYIPVTTDA,0,2.639534795889631e-05
toxicity_predictor,train,ITSVSWCTPGCTSEGGGSGCSHCC,1,0.9945465326309204
toxicity_predictor,train,FVLPFDVLDSGRDLDRGWPYA,0,1.0172423117182916e-06
toxicity_predictor,train,GIFGKILGVGKKVLCGLSGWC,0,0.0023575625382363796
toxicity_predictor,train,QLTFTSSWG,0,1.1712644663930405e-05
toxicity_predictor,train,GIPCGESCVWIPCISSAIGCSCKNKVCYRN,1,0.9299330711364746
toxicity_predictor,train,PLLQATLGGGS,0,3.939490852644667e-06
toxicity_predictor,train,GPLGAAGP,0,7.915592868812382e-05
toxicity_predictor,train,IKIPAFVKDTLKKVAKGVISAVAGALTQ,0,0.00023522104311268777
toxicity_predictor,train,KPEEDWGHR,0,0.0006952509866096079
toxicity_predictor,train,EGANSNEAKGMWFGPRL,0,2.6441839509061538e-06
toxicity_predictor,train,INWLKLGKKILGAI,0,0.0010176217183470726
toxicity_predictor,train,GIKFFLKKLKKHI,0,0.4001379907131195
toxicity_predictor,train,VQRKRQKLMP,0,0.09901092201471329
toxicity_predictor,train,FLKALWKVAKKVF,0,0.5751400589942932
toxicity_predictor,train,RAIKIWFQNRRMKWKK,0,0.013539088889956474
toxicity_predictor,train,SGADTTFLTK,0,1.207188415719429e-05
toxicity_predictor,train,RIPSTEEVVVRTESG,0,1.0445718544360716e-05
toxicity_predictor,train,QGCCNVPNGCSGRWCRDHAQCC,1,0.9957743287086487
toxicity_predictor,train,GAAGPKGGPGE,0,0.0002860023523680866
toxicity_predictor,train,RIKRFWPVVIRTVVAGYNLYRAIKKK,0,0.005679257679730654
toxicity_predictor,train,IHHIHHIIHHIHHIIHHIHHI,1,0.7105520367622375
toxicity_predictor,train,AKRLKKLAKKIWKWL,0,0.0447118766605854
toxicity_predictor,train,ISAVKEMTVRDALNSA,0,3.0589803827751894e-06
toxicity_predictor,train,ADDRCERMCQRYHDRREKKQCMKGCRYG,1,0.2973299026489258
toxicity_predictor,train,SPPPGESKVDMSFNYALSNPAQ,0,1.1005894293703022e-06
toxicity_predictor,train,SITKIKAREILD,0,1.6503588994964957e-05
toxicity_predictor,train,NLYQFKNMIHCTVPSRPWWHFADYGCYCGR,1,0.07872186601161957
toxicity_predictor,train,CVHWQTNPARTSRIGP,0,0.001892366330139339
toxicity_predictor,train,MRNISLTTTIITTTDTTGNGAG,0,6.327123992377892e-05
toxicity_predictor,train,CAAFGSFCGLPGLVDCCSGRCFIVCLL,1,0.9137044548988342
toxicity_predictor,train,LLPIVGNLLKSLL,0,0.00037028014776296914
toxicity_predictor,train,LSSALSALSSALSSK,0,1.462143973185448e-05
toxicity_predictor,train,GIGKHVGKALKGLKGLLKGLGEC,0,0.0035082376562058926
toxicity_predictor,train,LLGMIPLAISAISSLSKL,0,9.039641554409172e-06
toxicity_predictor,train,WIIFRIAASHKK,0,0.00672064907848835
toxicity_predictor,train,KPPPWVPV,0,0.00016508936823811382
toxicity_predictor,train,NLYQFKNMIEEAATGT,0,5.939621132711181e-06
toxicity_predictor,train,TKRRITPDDVIDVRSVTTEINT,0,3.397373575353413e-06
toxicity_predictor,train,SINNTGGSGNRRLDKNGFAGQ,0,2.1053008822491392e-05
toxicity_predictor,train,FLGALIPAIAGAIGGLIRK,0,0.00037916924338787794
toxicity_predictor,train,SMIRGPRAAFGTLIGQ,0,4.300301588955335e-05
toxicity_predictor,train,MVPYRNPRHQHVASVLRSGG,0,0.0017048969166353345
toxicity_predictor,train,KKKKKKAAFAAWAAFAA,0,0.08400285243988037
toxicity_predictor,train,GLFDVIKKVASVIGLASQ,0,4.964306299370946e-06
toxicity_predictor,train,GLWKSLLKNVGKAAGKAALNAVTDMVNQA,0,5.0554288463899866e-05
toxicity_predictor,train,DCPSDWSNHEGHCYRVFNEWMNWAD,0,0.01810212805867195
toxicity_predictor,train,GNLKALAAVAKKIL,0,0.052358198910951614
toxicity_predictor,train,ASNQDFMRF,0,3.904411187249934e-06
toxicity_predictor,train,NYRRRCKNQN,0,0.08739329129457474
toxicity_predictor,train,KYPLEKFQNIG,0,0.00011918622476514429
toxicity_predictor,train,MADAAVHGHGDHHDTRGFFTRWFMS,0,9.272444731323048e-05
toxicity_predictor,train,HLNKRVQRLLIRWLDWLK,0,0.005427321884781122
toxicity_predictor,train,MTRVQFKQHHHHHHPD,0,0.6962499022483826
toxicity_predictor,train,GSAQPYKQLHKVVNWDPYG,0,2.1802663468406536e-05
toxicity_predictor,train,RKCLRWQWRMRKVGG,0,0.1133798137307167
toxicity_predictor,train,GLISTIWNTASNVAGTLTDSVKCKFKKC,0,0.0026609848719090223
toxicity_predictor,train,YDGTNCKPGVCWEPKPGY,0,0.08288013935089111
toxicity_predictor,train,GAAGDAGKPGERGVA,0,4.70185223093722e-05
toxicity_predictor,train,RFRRLRWKTRWRLKKICYCRRRFCVCV,1,0.17058970034122467
toxicity_predictor,train,FEDAKKVRFFKSNSETIK,0,0.00021833759092260152
toxicity_predictor,train,GIGGALLNVGKVALKGLAKGLAEHFAN,0,9.162207425106317e-05
toxicity_predictor,train,FFPTIAGLTKLFCAITKKC,0,0.012820604257285595
toxicity_predictor,train,VTTEIRFADSKPKSVLLDKIKNLQVALTSK,0,8.726166925043799e-06
toxicity_predictor,train,KWKSFIKKLTSKALHSAKKF,0,0.2553069293498993
toxicity_predictor,train,MNKKSIRNVNLKGKRVFDRV,0,0.015484226867556572
toxicity_predictor,train,QTFHYSQGWTN,0,0.00026227583293803036
toxicity_predictor,train,GIFGKILGAGKKVLCGLSGLC,0,0.000964497507084161
toxicity_predictor,train,MVRRFLVTLRIRRACGPPRVRV,0,0.009629872627556324
toxicity_predictor,train,RCCPMPGCFAGPFCPCC,1,0.9595404863357544
toxicity_predictor,train,AGPYAFGL,0,0.00013311706425156444
toxicity_predictor,train,GADVAHKQQSVNHLLYLVTSHYPSLDYSLL,0,8.910773431125563e-06
toxicity_predictor,train,RLKLLLLRLK,0,0.018013717606663704
toxicity_predictor,train,KTCENLADTY,0,0.2912953794002533
toxicity_predictor,train,FVPWFSKFLGRIL,0,0.00047712770174257457
toxicity_predictor,train,DVGPSTLANN,0,2.129421545760124e-06
toxicity_predictor,train,VPGGDECNINEHRSL,0,0.0007327554048970342
toxicity_predictor,train,APAMGFQGVR,0,8.589279605075717e-05
toxicity_predictor,train,GEGFLGMLLHGVGHAIHGLIHGK,0,0.0007909162668511271
toxicity_predictor,train,GNIPCGESCIFFPCFNPGCSCKDNLCYYN,1,0.5909661054611206
toxicity_predictor,train,GAKGDAGSPGPAGPTG,0,9.166603558696806e-05
toxicity_predictor,train,LDVKKIICVACKIRPNPACKKICPK,1,0.11049216985702515
toxicity_predictor,train,PDQLVQDLVEERLEQADAKSGWILDGFPR,0,1.3950013055819e-07
toxicity_predictor,train,SKQCCHLAACRFGCTPCCW,1,0.9965364933013916
toxicity_predictor,train,GVSKILHSAGKFGKAFLGEIMKS,0,7.06480277585797e-05
toxicity_predictor,train,MIIYRDKKSH,0,0.010223476216197014
toxicity_predictor,train,GHKLGEFAPTRTFRGHKKEDKKVKR,0,0.514100968837738
toxicity_predictor,train,TDTEFEAAGGGVR,0,3.1468975976167712e-06
toxicity_predictor,train,AVPLIYNRPGIYVTKRPKGK,0,0.0036433895584195852
toxicity_predictor,train,RYCPSGCRKKPYGGGCSC,1,0.9629149436950684
toxicity_predictor,train,VIGGAEENINEHRSL,0,6.561489271916798e-07
toxicity_predictor,train,KRTLEGTKRKSIRKSGFRARMATK,1,0.48986729979515076
toxicity_predictor,train,FKRSVQRIKDFLR,0,0.03370988368988037
toxicity_predictor,train,ATIEVYNILPYYYYVSKAWSWNGN,0,8.79146609804593e-05
toxicity_predictor,train,CVHWQTNTARTSCIGP,0,0.5869617462158203
toxicity_predictor,train,TSNNWLAKNYLSMWNKKSSNPNL,0,2.093714283546433e-05
toxicity_predictor,train,GPIRRPKPRPRQRPE,0,0.12612667679786682
toxicity_predictor,train,GIGGALLSFGKSALKGLAKGLAEHF,0,3.914442640962079e-05
toxicity_predictor,train,FLGGLIGPLMSLIPGLLK,0,2.718037649174221e-05
toxicity_predictor,train,TSMGFQGVR,0,1.6839443560456857e-05
toxicity_predictor,train,SPSQDFMRF,0,1.1979722103205859e-06
toxicity_predictor,train,CSTNTFSLSDYWGNNGAWCTLTHECMAWCK,1,0.6599134206771851
toxicity_predictor,train,AVPAVRKTNETLD,0,2.2368973077391274e-05
toxicity_predictor,train,LKKLLKKLKKLL,0,0.036386460065841675
toxicity_predictor,train,GPNPGFSPFR,0,0.00010471777932252735
toxicity_predictor,train,EWEEWLLA,0,0.1868225634098053
toxicity_predictor,train,GLGSLLGKAFKIGLKTVGKMMGGAPREQ,0,7.271760114235803e-05
toxicity_predictor,train,VALGGCLPTVQLGR,0,0.0008124030428007245
toxicity_predictor,train,KWKSFKKKLTSKFLHSAKKF,1,0.35903215408325195
toxicity_predictor,train,IGDIWSGIQG,0,1.8707885374169564e-07
toxicity_predictor,train,MMKLLIIVVLLVISFPAY,1,0.9999364614486694
toxicity_predictor,train,QLGPPPRPQIPP,0,0.00029451202135533094
toxicity_predictor,train,GYEEREIAETVRELEEA,0,2.0279039745219052e-05
toxicity_predictor,train,GGVGKIIEYFIGGGVGRYG,0,0.00014372960140462965
toxicity_predictor,train,FRIRVRVKWKLFKKI,0,0.025409778580069542
toxicity_predictor,train,SKCRQWQWKIRRTNP,0,0.013474099338054657
toxicity_predictor,train,KEGYLLGSRG,0,0.00013754167594015598
toxicity_predictor,train,MVKTPITEAIAAADTQGRFLS,0,8.12696453067474e-06
toxicity_predictor,train,WKKIASIGKEVLKAL,0,0.002307949820533395
toxicity_predictor,train,DINGGGATLPQKLYQTSGVLT,0,8.068797683336015e-07
toxicity_predictor,train,SLFGTFAKMALKGASKLIPHLLPSRQQ,0,0.00011302618077024817
toxicity_predictor,train,ALWKTLLKKVLKAPKKKRKV,1,0.36541748046875
toxicity_predictor,train,AFFTTVKNLVTNVAGTVIDKMKCKLTGEC,0,0.006967317778617144
toxicity_predictor,train,FLPLLAGLAANFLPKLFCKITKKC,0,0.005342219490557909
toxicity_predictor,train,TQACRINSGNVPSELDLRSLRTVTPIRMQG,0,9.899862561724149e-06
toxicity_predictor,train,LRCMCIKWWSGKHPK,0,0.2742341160774231
toxicity_predictor,train,QVNFSPNW,0,4.463719051273074e-06
toxicity_predictor,train,ACLDIGNSCRED,0,0.342958927154541
toxicity_predictor,train,KWKLFKKIPLAKKF,0,0.07674753665924072
toxicity_predictor,train,GRKKRRQRRPPQC,0,0.21456816792488098
toxicity_predictor,train,RRWCFRVCYKGFCYRKCR,1,0.9107273817062378
toxicity_predictor,train,SHGKQETDEEFDANL,0,8.747828132982249e-07
toxicity_predictor,train,KRFRIRVRVIRK,0,0.4658171832561493
toxicity_predictor,train,LNLKALAAVAKKIL,1,0.991468071937561
toxicity_predictor,train,EKYTEVPEYI,0,0.0006237945635803044
toxicity_predictor,train,NSDEQFDDYGYMRF,0,7.117796485545114e-06
toxicity_predictor,train,ANQTYFNFQRFEETN,0,5.0054910389008e-05
toxicity_predictor,train,GWLDVAKKIGKAAFNVAKNFI,0,0.0008071874617598951
toxicity_predictor,train,GLLDTLKGAAKNVVGSLASKVMEKL,0,1.1070254913647659e-05
toxicity_predictor,train,NLLQFGYMIRCANGRSRPVW,0,0.001428630668669939
toxicity_predictor,train,KFFKKLKNSVKKRAKKFFKKPKVIGVTFPF,1,0.49070248007774353
toxicity_predictor,train,KLQLPTLDDPVPIGIAPAIT,0,2.5414155970793217e-06
toxicity_predictor,train,GLLDFLKAAGKGLVSNLLEK,0,1.406452793162316e-05
toxicity_predictor,train,DGAKGDSGPAGPKGEPGSSGE,0,1.2579467693285551e-05
toxicity_predictor,train,GIGSAILSAGKSALKGLAKGLAEHFAN,0,2.3615682948729955e-05
toxicity_predictor,train,KDDHCKDLGSIDDDE,0,4.2529849451966584e-05
toxicity_predictor,train,MDFIIDIIKKIVGLFTGK,0,1.6590774976066314e-05
toxicity_predictor,train,HLNKRVQRELIRWLDWLK,0,0.0020748551469296217
toxicity_predictor,train,GLRSKIWLWVLLMIWQESNKFKKM,0,0.0004553556500468403
toxicity_predictor,train,KFRSNGRHGSGSRLGGGSLIGRPGGGS,0,0.0010234499350190163
toxicity_predictor,train,WKSYVRRWRSRY,0,0.01639140397310257
toxicity_predictor,train,INIKDILAKLVKVLGHV,0,0.0003088467346969992
toxicity_predictor,train,PPCRGIFCRRVGSSSAIARPGKTLSTFITV,0,0.0006814782391302288
toxicity_predictor,train,GFGPAFHSVSNFAKKHKTA,0,0.0031004410702735186
toxicity_predictor,train,GFLGPLLKLGLKGAAKLLPQLLPSRQQ,0,0.000256301456829533
toxicity_predictor,train,CGAYDLRRRERQSRLRRRERQSR,0,0.19612327218055725
toxicity_predictor,train,FLSLIPHIVSGVASLAIHFG,0,2.3696537027717568e-05
toxicity_predictor,train,EGKAIGLAKPRMDST,0,8.771304237598088e-06
toxicity_predictor,train,GLYCCQPKPNGQMMCNRWCEINSRCCGRR,1,0.960952639579773
toxicity_predictor,train,VGCEECPMHCKGKNAVPTCDNGVCNCNA,1,0.9922052025794983
toxicity_predictor,train,EQFDEEFDIT,0,4.2092433432117105e-06
toxicity_predictor,train,GLPCGESCVFIPCITTVVGCSCKNKVCYND,1,0.930909276008606
toxicity_predictor,train,FVDLKKIANIINSIF,0,1.1951230590057094e-05
toxicity_predictor,train,SVVAAYMV,1,0.9998843669891357
toxicity_predictor,train,CPRILMKCKLDTDCFPTCTCRPSGFCG,1,0.9620672464370728
toxicity_predictor,train,EAEPHSRI,0,8.706934022484347e-05
toxicity_predictor,train,EKGKEILGKI,0,0.0006722916150465608
toxicity_predictor,train,KRWRIRVRVIRK,0,0.19557207822799683
toxicity_predictor,train,WKKIPKFLHLLKKF,0,0.05401046946644783
toxicity_predictor,train,FLPFFAACAITRKC,0,0.021568167954683304
toxicity_predictor,train,EVHNFACLGKPDPGGCAHYIYRRYYYV,0,0.041221167892217636
toxicity_predictor,train,VDDTTPLSEETMMRIGGYMV,0,1.0023389904745272e-06
toxicity_predictor,train,GLFDIVKKIAGHIVSSI,0,7.928438208182342e-06
toxicity_predictor,train,PQAAIAASG,0,0.00012739496014546603
toxicity_predictor,train,FWGALAKGALKLIPSLFSSFSKKD,0,2.1530398953473195e-05
toxicity_predictor,train,LSAMLEDTENWLYEELSLTQDPVV,0,5.659827024828701e-07
toxicity_predictor,train,KKDGYLVNKYTGCKVNCYKLGENKFCNRE,1,0.47883182764053345
toxicity_predictor,train,GLPICGETCVGGTCNTPGCSCSWPVCTRN,1,0.9895408749580383
toxicity_predictor,train,PRRRTRRASRPVRRRRPRRVSRRRRARRRR,1,0.689335286617279
toxicity_predictor,train,MKIILWAVLIIFLIGLLVVTGVFKMIF,1,0.9998341798782349
toxicity_predictor,train,GLMSSIGKALGGLIVDVLKPKTPAS,0,2.525496029193164e-06
toxicity_predictor,train,FLGLIFHGLVHAGKLIHGLIHRNRG,0,0.038813281804323196
toxicity_predictor,train,KIKWFKTMKSIAKFIAKEQMKKHLGGE,0,0.016137685626745224
toxicity_predictor,train,GVQKSEVVITSA,0,1.000802240014309e-05
toxicity_predictor,train,KQQLATEAESAGPIL,0,2.4844387098710285e-06
toxicity_predictor,train,RSMRLSFRARGYGFR,0,0.19921927154064178
toxicity_predictor,train,RRGCFRVCYRGFCFQRCR,1,0.9341473579406738
toxicity_predictor,train,ILGIITSLLKSL,0,1.7194310203194618e-05
toxicity_predictor,train,WLLKRWKKLL,0,0.014180629514157772
toxicity_predictor,train,HSDGTFTSELSRLRESARLQRLLQGLV,0,5.811821665702155e-06
toxicity_predictor,train,KFLSGGFKEIVCHRYCAKGIAKEFCNCPD,1,0.7168592214584351
toxicity_predictor,train,SANPALAPRERKAGCKNFFWKTFTSC,0,0.0028560722712427378
toxicity_predictor,train,LRLKSIVSYAKKVL,0,0.005854402203112841
toxicity_predictor,train,DVNWPLGWPVGGYPG,0,3.620664938353002e-05
toxicity_predictor,train,MIIYRDLISH,0,0.00020221945305820554
toxicity_predictor,train,VRRSKRGIKVPSFVKKVLKDVVSESIS,0,0.00019220184185542166
toxicity_predictor,train,GIPCAESCVYIPCTITALLGCKCKDQVCYN,1,0.7854273915290833
toxicity_predictor,train,WFKKIPKFLHLAKKF,0,0.031445782631635666
toxicity_predictor,train,MSDELIHVVIALGLVISFGLGAITAGVLR,0,1.8269884094479494e-05
toxicity_predictor,train,KNWAVLVAGSNGWPNYRHHA,0,0.0003127976960968226
toxicity_predictor,train,LLGMIPVAISAISALSKL,0,0.000212681814446114
toxicity_predictor,train,VAGKSFVPIAAGRQ,0,0.0001260552235180512
toxicity_predictor,train,RPPGFSPF,0,0.0001380884787067771
toxicity_predictor,train,WIIFRIAATHKK,0,0.0061613572761416435
toxicity_predictor,train,FLPIIASVAAKVFPKIFCAISKKC,0,0.0017265789210796356
toxicity_predictor,train,GWTLNSAGYLLGPHAIDNHRSFNDKHGLA,0,6.583762115042191e-06
toxicity_predictor,train,TGLGKIGYLMKKLLSKAKV,0,0.00637419568374753
toxicity_predictor,train,GILDTLKQLGKAAVQGLLSKAACKLAKTC,0,0.001329232705757022
toxicity_predictor,train,GLLRASSVWGRKYYVDLAGCAKA,0,0.0016700212145224214
toxicity_predictor,train,IRIILRAQGALKI,0,0.0011579064885154366
toxicity_predictor,train,GLLDFFKGAGKELLTHLASQI,0,9.305140338256024e-06
toxicity_predictor,train,MIAPIFAELAKTVGADKDGLPTLVAK,0,1.5933794202283025e-05
toxicity_predictor,train,CGETCIYIPCFTEAVGCKCKDKVCYKN,1,0.9742084741592407
toxicity_predictor,train,MQTFSLLVAYKIFTDGTETKRVHASKAKHA,0,0.00034888184745796025
toxicity_predictor,train,VRLPPPVRLPPP,0,0.00040789516060613096
toxicity_predictor,train,ETISFNFNQFQQND,0,3.4921215501526603e-06
toxicity_predictor,train,APYQKRNI,0,0.001273166504688561
toxicity_predictor,train,IIGPVLGLVGKPLESLLE,0,3.2794878279673867e-06
toxicity_predictor,train,GASGLIPFPRL,0,2.0920915630995296e-05
toxicity_predictor,train,FLALALIQEAIAKLK,1,0.999237060546875
toxicity_predictor,train,TRRKFWKKVLNGALKIAPFLLG,0,0.02621535211801529
toxicity_predictor,train,SWLSKTAKKLENSAKKRISEGIAIAQGGPR,0,0.00010723600280471146
toxicity_predictor,train,GLFRALLRLLRSLWRLLLRA,0,0.05301516875624657
toxicity_predictor,train,FLSLALAALPKLFCLIFKKC,0,0.03331108018755913
toxicity_predictor,train,GANALKKYFTILKKFFKLAW,0,0.0120606180280447
toxicity_predictor,train,GIFSTVFKAGKGIVCGLTGLC,0,0.013927857391536236
toxicity_predictor,train,GIMDTVKNAAKNLAGQLLDKLKCSITAC,0,0.00021620653569698334
toxicity_predictor,train,INLKAIAAFAKKLL,1,0.988660454750061
toxicity_predictor,train,DGDALLKPCKLGDMQKLSSA,0,2.4983119146781974e-06
toxicity_predictor,train,AKKLLKLLKKLLKLAG,0,0.018233736976981163
toxicity_predictor,train,FLSLIPHIVSGVASLAIHF,0,4.392479604575783e-05
toxicity_predictor,train,HVDKKVADKVLLLKQLRIMRL,0,0.0019054036820307374
toxicity_predictor,train,GAKALTKAATAFTKFYKTIW,0,0.009381917305290699
toxicity_predictor,train,QWGRRCCGWGPGRRYCVRWC,1,0.8877435922622681
toxicity_predictor,train,GLLASLGKVLGGYLAEKLKP,0,8.99553851922974e-05
toxicity_predictor,train,MSAPGPMGPMGPRGPPGPAGSN,0,8.238206646637991e-05
toxicity_predictor,train,MAPCSCKSCGTSCAGSCTSCSCGSCSH,1,0.9990573525428772
toxicity_predictor,train,FLAKAVAKAAAKALAKAL,1,0.9984861016273499
toxicity_predictor,train,IKIPAVVKDTLKKVAKGVLSAVAGALTQ,0,0.00025971801369450986
toxicity_predictor,train,IHAEEILDIRGNPTVEVDLHTAKGH,0,4.084808097104542e-06
toxicity_predictor,train,AELPQGLWVRPRL,0,0.000791934784501791
toxicity_predictor,train,FLPIIGKLLSGLL,0,0.00013742879673372954
toxicity_predictor,train,ANPICPKIPNPTIRISGRNDLCVDVK,0,0.00030028235050849617
toxicity_predictor,train,KKLGAPSITCVRRAFA,0,0.006207698956131935
toxicity_predictor,train,WRVRWKTRWRVK,0,0.03504631295800209
toxicity_predictor,train,RQIAIWFQNRRMKWKK,0,0.002271499251946807
toxicity_predictor,train,PGPTGEPGKQGPGGPSGE,0,0.0002873051562346518
toxicity_predictor,train,MDITSIAWGALMVVFTFSLSLVVWGRSGL,0,9.05690740182763e-06
toxicity_predictor,train,QWFGPYPPVNYIN,0,9.129825048148632e-05
toxicity_predictor,train,GLMSTLKGAATNAAVTLLNKLQCKLTGTC,0,0.0031110679265111685
toxicity_predictor,train,KWCSRVCYRGICYRRCR,1,0.9623462557792664
toxicity_predictor,train,WLRRIGKGVKIIGGAALDHL,0,0.0021929542999714613
toxicity_predictor,train,GILSSLLKKLKKIIAK,0,0.0031668159645050764
toxicity_predictor,train,PRCPPCPRCSWCPRCPTCPRCNCNPK,1,0.8573106527328491
toxicity_predictor,train,GAKYAKYIYNFYKYIAKYIW,0,0.034394167363643646
toxicity_predictor,train,GIWKTIKSMGKVFAGKILQNL,0,0.00016433534619864076
toxicity_predictor,train,NYDKPPVEKPPVYKPPVEKPPVYKP,0,0.00034365462488494813
toxicity_predictor,train,GMASLLAKVLPHVVKLIK,0,0.0020699419546872377
toxicity_predictor,train,RDWRREQERRQERR,0,0.02133733034133911
toxicity_predictor,train,FENEDEGYFQDPEDCS,0,0.0020154141820967197
toxicity_predictor,train,DCYCRIPACIAGERRYGTCIYQGRLWAFCC,1,0.8231316804885864
toxicity_predictor,train,VDKPDYRPRPWPRNMI,0,0.0001355383574264124
toxicity_predictor,train,APGEAGREGAAG,0,7.290812936844304e-05
toxicity_predictor,train,FFGAIAAALPHVISAIKNAL,0,0.10642892867326736
toxicity_predictor,train,RVVRPVVQVVKQKVR,0,0.0005182486493140459
toxicity_predictor,train,GSKKPVPIIYCNRRTGKCQ,0,0.12458907067775726
toxicity_predictor,train,GSSGLIPMGRT,0,1.2172064998594578e-05
toxicity_predictor,train,MANTQNISIWWWAR,0,1.651949241932016e-05
toxicity_predictor,train,KRFKKFFKKVKKSV,0,0.5457837581634521
toxicity_predictor,train,INLKGLIKKVASLLT,0,0.0002579796127974987
toxicity_predictor,train,TSFTLYMR,0,0.0017806870164349675
toxicity_predictor,train,RWKIFKKIPKFLHSAKKF,0,0.28125935792922974
toxicity_predictor,train,KFWKLLKKALRLWAKVL,0,0.0626756027340889
toxicity_predictor,train,GLTDQKSAPPGL,0,1.2365173915895866e-06
toxicity_predictor,train,KLLKKLLKLL,0,0.009518709033727646
toxicity_predictor,train,FGCCREDRCREIDCD,1,0.9667525887489319
toxicity_predictor,train,KRFWQLVPLAIKIYRAWKRR,0,0.010481670498847961
toxicity_predictor,train,STDHSTENTIENETEDVTKTE,0,0.00017242056492250413
toxicity_predictor,train,ATFFDPQPRLLAD,0,5.000498731533298e-06
toxicity_predictor,train,GIGGALLSAGKAALKGLAKGFAEHF,0,0.00012252529268153012
toxicity_predictor,train,MTVKIAQKKVLPVIGRAAALCGSCYPCSCM,1,0.22867491841316223
toxicity_predictor,train,GLLRKWGKKWKEFLRRVWK,0,0.061385396867990494
toxicity_predictor,train,GLPTCGETCFGGTCNTPGCSCSSWPICTRD,1,0.985719621181488
toxicity_predictor,train,ALYLAIRKR,0,0.055212732404470444
toxicity_predictor,train,RAGLQWPIGRLLRRLLRRLLR,0,0.07827562093734741
toxicity_predictor,train,GCMKEYCAGQCRGKVSQDYCLKHCKCIPR,1,0.9835754632949829
toxicity_predictor,train,VRPYLVAFYESH,0,0.00047294414252974093
toxicity_predictor,train,TLKIIVKIVKYLV,0,0.0526876226067543
toxicity_predictor,train,YNPASNQCQGF,0,0.04615183547139168
toxicity_predictor,train,MNNSTKFCFSRFRTGN,0,0.009788209572434425
toxicity_predictor,train,GFGSFLGKALKAALKIGANVLGGAPQQ,0,3.349684993736446e-05
toxicity_predictor,train,GLLTNVLGFLKKAGKGVLSGLLPL,0,4.761117452289909e-05
toxicity_predictor,train,ARICPRILMKCKKDSDCLAECICQEHGFCG,1,0.9420691728591919
toxicity_predictor,train,KIAGKIAKIAGKIAKIAGKIA,0,0.030684011057019234
toxicity_predictor,train,DEGPYKMEHFRWGSPRKD,0,0.00015026936307549477
toxicity_predictor,train,EAAGLISFPRV,0,1.4208656466507819e-05
toxicity_predictor,train,CAVVDVPFGGAKAGVK,0,0.0009986711665987968
toxicity_predictor,train,VIGGDECNINEHRFL,0,0.0005221098545007408
toxicity_predictor,train,SNKKDYQKEIVDKHNALRRSVK,0,0.002352125011384487
toxicity_predictor,train,FFGRLKAVFRGARQGWKEHRY,0,0.08581314235925674
toxicity_predictor,train,RIKRFWPVVIRTVVAGYNLYRAI,0,0.0009419619455002248
toxicity_predictor,train,DLAGEIHGLSNVK,0,2.190624002196273e-07
toxicity_predictor,train,GMWGTVFKGIKTVAKHLLPHVFSSQQS,0,2.6769690521177836e-05
toxicity_predictor,train,VVMNLLVKVLKYVV,1,0.9992295503616333
toxicity_predictor,train,GIKCRFCCGCCTPGICGVCCRF,1,0.9960010647773743
toxicity_predictor,train,TSSGCPNFESLVR,0,0.013039414770901203
toxicity_predictor,train,GLWQLIKDKIKDAATGFVTGIQS,0,9.709352752906852e-07
toxicity_predictor,train,GRGGASNYVRL,0,0.0004551635938696563
toxicity_predictor,train,GICRCVCTRGFCRCICLL,1,0.9761900305747986
toxicity_predictor,train,GIFLDKLKNFAKGVAQSLLNKASCKLSGQC,0,0.0001988612930290401
toxicity_predictor,train,GVGKFLHSAKKFGQALVSEIMKS,0,5.25632276549004e-05
toxicity_predictor,train,NRILPTLIGPL,0,2.213421612395905e-05
toxicity_predictor,train,CYFRNCPIG,0,0.2385535091161728
toxicity_predictor,train,GPVEIYYLQSADAKG,0,2.5105284748860868e-06
toxicity_predictor,train,QVNFTPNWGT,0,3.341316551086493e-05
toxicity_predictor,train,EKCLRWQWRMRKVGG,0,0.03112051822245121
toxicity_predictor,train,KRKCPKTPFDNTPGAWFAHLILGC,0,0.002963228849694133
toxicity_predictor,train,DTHKSEIAHR,0,0.02669447287917137
toxicity_predictor,train,VNWKKILAKIIKVVK,0,0.0008258585585281253
toxicity_predictor,train,CVWIPCISAAIGCSCKSKVCYRN,1,0.903056263923645
toxicity_predictor,train,KWKSFLKTFKSASKTVLHTALKAISS,0,0.001573133165948093
toxicity_predictor,train,FAEPLPSEEEGESYSKEVPEMEKRYGGFM,0,3.8523930925293826e-06
toxicity_predictor,train,DDLYKLVNQGFGAICSFIDGFNGKKYRGKC,0,0.00047490157885476947
toxicity_predictor,train,GIACGESCVFLGCFIPGCSCKSKVCYFN,1,0.9748095870018005
toxicity_predictor,train,EPRTPWDWV,0,2.4141601898008958e-05
toxicity_predictor,train,SGTPEKERESGRLLGVVKRYIVCVRNPCP,0,0.003949910402297974
toxicity_predictor,train,EPNPDEFVGLM,0,1.8182969370172941e-06
toxicity_predictor,train,RGGRLCYCRRRFCICV,1,0.9487313628196716
toxicity_predictor,train,WNLLRQAQEKFGKDKSP,0,0.00010500315693207085
toxicity_predictor,train,GWASKIGQALGKVAKVGLQQFIQPK,0,9.111690451391041e-05
toxicity_predictor,train,VRRFPWWWPFLRR,0,0.0038826833479106426
toxicity_predictor,train,KWCFAVCYRGICYRRCR,1,0.9562996625900269
toxicity_predictor,train,FLGALGNALSRVL,0,0.00011752451246138662
toxicity_predictor,train,SDNSVVLRYGDGEYSYPVVD,0,1.8215788486486417e-06
toxicity_predictor,train,MIIYRDLI,1,0.914604127407074
toxicity_predictor,train,VELQNRLSDESQ,0,2.124708231576733e-07
toxicity_predictor,train,NLLQFENMIRNVAGRSGIWWYSD,0,1.946601514646318e-06
toxicity_predictor,train,TKRRITPKKVIDVRSVTTEINT,0,0.0003015751135535538
toxicity_predictor,train,RQRHPDCDKPPDTGN,0,0.006847411394119263
toxicity_predictor,train,DMDDFGLGDFDDGR,0,2.3486748546019953e-07
toxicity_predictor,train,SALEEQLKTFLDKFMHELEDLLYQLAL,0,1.1493269994389266e-05
toxicity_predictor,train,GIHDIAKYGKPS,0,0.00033522865851409733
toxicity_predictor,train,GLLGLGYGGY,0,0.00013578130165115
toxicity_predictor,train,AWVDWEDQILQDTVPLVNFVRMI,0,1.3819917512591928e-06
toxicity_predictor,train,MKFLCWQKSIHGS,0,0.006154616363346577
toxicity_predictor,train,FIHHIIGGLISVGKHIHGLIHGH,0,0.03952687606215477
toxicity_predictor,train,EGKLSSNDTEGGLCKEFLHPSKVDLPR,0,4.971801899955608e-06
toxicity_predictor,train,GQKGDQGPPGPMGPPGPRGAPGERGRT,0,0.0006194276502355933
toxicity_predictor,train,DVLELTDENFESRVSSDTG,0,8.976211063327355e-08
toxicity_predictor,train,GLLSKFGRLARKLARVIPKV,0,0.030457932502031326
toxicity_predictor,train,GRDAYIADSENCTYT,0,0.003844139166176319
toxicity_predictor,train,VVGGDECNINEHRFLVALYY,0,0.002236098051071167
toxicity_predictor,train,FVDLKKIANIINSIFGK,0,2.1252757505862974e-05
toxicity_predictor,train,GGPSQKQKQHKVNLVNIKVYI,0,0.0003439097781665623
toxicity_predictor,train,MITDFQVYIALMAALLASVLAIRLGATLYQ,1,0.9934632778167725
toxicity_predictor,train,FKSLTKYSPGRQN,0,0.002142868936061859
toxicity_predictor,train,FLGGILNTITGLL,0,1.388450891681714e-05
toxicity_predictor,train,DWTFANWSCLVCDDCSVNLTV,1,0.5509599447250366
toxicity_predictor,train,GFASFLGKALKAALKIGANMLGGTPQQ,0,4.335181074566208e-05
toxicity_predictor,train,ELIGAANRDTKSFSINRKDAKERVAKAAR,0,0.00022723742586094886
toxicity_predictor,train,PFDRISSSAFSDF,0,2.5525497449052637e-07
toxicity_predictor,train,SGLQFAVLDGQGFLPFPRV,0,2.2843960323370993e-06
toxicity_predictor,train,IRPVPFFPPVHAKKVFPLH,0,0.00034976218012161553
toxicity_predictor,train,MNRVQFNHHHHHHPD,0,0.39391854405403137
toxicity_predictor,train,MGAVAKFLGKAALGGAAGGATYAGLKKIFG,0,0.00042488175677135587
toxicity_predictor,train,SPTEQPYSSAAPLI,0,1.4616337466577534e-05
toxicity_predictor,train,DRVYVHPFYL,0,0.0010517827467992902
toxicity_predictor,train,GGEEQFDDYGHMRF,0,8.996030373964459e-06
toxicity_predictor,train,LKKLLKALKKLLKLAG,0,0.018233736976981163
toxicity_predictor,train,MQVNLRCSE,0,0.03806952014565468
toxicity_predictor,train,GRKKRRQARAPPQC,0,0.15245965123176575
toxicity_predictor,train,GICYVLTCNSLCFPKLGRCSYNTCYCY,1,0.8143571019172668
toxicity_predictor,train,ILGKIWKIKKLF,0,0.002188642043620348
toxicity_predictor,train,VLPLVGNLLNDLL,0,0.0006366746965795755
toxicity_predictor,train,FLSLIPHIVSGVASIAKHF,0,4.056060060975142e-05
toxicity_predictor,train,GCCGAFACRFGCTPCC,1,0.9977357387542725
toxicity_predictor,train,ADDKNPLEEAFREADYEVFLEIAKNGL,0,1.2518927405835711e-06
toxicity_predictor,train,QWAQWPRPTPQIPP,0,5.518165562534705e-05
toxicity_predictor,train,CRQIKIWFQNRRMKWKK,0,0.01205416489392519
toxicity_predictor,train,FLGALWNVAKKVF,0,0.5638433694839478
toxicity_predictor,train,NGIKLQGQIESFDQYVVLLRNTVTQMV,0,1.1955763739024405e-06
toxicity_predictor,train,SVLSTITDMAKAAGRAALNAITGLVNQGEQ,0,3.0342143872985616e-06
toxicity_predictor,train,ASGWVCTLTIECGTVICAC,1,0.9710515141487122
toxicity_predictor,train,KWLKKLLKKLL,0,0.0119167510420084
toxicity_predictor,train,APLEDEDDLELLEKVKRDRKKRLERQGAIN,0,2.4757517167017795e-05
toxicity_predictor,train,KWKSFIKKLTSAAKKVVTTAKPLISS,0,0.002197422320023179
toxicity_predictor,train,IHHIHHHIHHIHHHIHHIHHH,1,0.873180091381073
toxicity_predictor,train,RGLRRLGRKIAHGVKKY,0,0.8912876844406128
toxicity_predictor,train,MSISFPKMQHLIVMTTIGDKKVNNNIILFL,0,5.742233952332754e-06
toxicity_predictor,train,KLLKKGGKLLKKGGKLLKKGG,1,0.3520479202270508
toxicity_predictor,train,SVAVAGAVIEGASLTFNVLQ,0,2.268939533678349e-05
toxicity_predictor,train,GVFKDALKQLGAALLDKAANALKPK,0,0.0004232276405673474
toxicity_predictor,train,LECNKLVDIAYITCPAGKNL,0,0.032713886350393295
toxicity_predictor,train,MTRVQFKHHHHPD,0,0.5471810102462769
toxicity_predictor,train,ADSRNPLEEEFRETNYEEF,0,9.033280548464973e-06
toxicity_predictor,train,MIYSTEVVNMNM,0,6.415219104383141e-05
toxicity_predictor,train,LKKLLKKLKK,0,0.35901713371276855
toxicity_predictor,train,KARLELRLSNAAQPHRNRKR,0,0.44893720746040344
toxicity_predictor,train,GPMGWVPVFYRF,0,0.00018237443873658776
toxicity_predictor,train,INLRAIAALAKKLL,1,0.985683262348175
toxicity_predictor,train,DFKDWMKTAGEWLKKKGPGILKAAMAAAT,0,0.0004214029177092016
toxicity_predictor,train,MDYLITFYHSPQTNS,0,2.1532310711336322e-05
toxicity_predictor,train,ALWKTLLKKVGKVAGKAVLNAVTNMANQN,0,0.0006864183233119547
toxicity_predictor,train,TKQTLKVLITGAAGQIGYSL,0,2.646801840455737e-05
toxicity_predictor,train,CNPLNGADRRTDSFPRFTVI,0,4.4349406380206347e-05
toxicity_predictor,train,GIFGKILGVGKKTLCELSGMC,0,0.002197908703237772
toxicity_predictor,train,VAIRIIWSDIQD,0,4.881663926425972e-07
toxicity_predictor,train,EVRPFPEVYERIA,0,0.00019258928659837693
toxicity_predictor,train,IHHIHHHIHHIHHH,1,0.873180091381073
toxicity_predictor,train,ALLHHGLNCAKGVLA,0,0.008573479950428009
toxicity_predictor,train,GIGAILKVLSTGLPALISWIKRKRQQ,0,0.00014591695799026638
toxicity_predictor,train,GPDSTFLRL,0,6.232029363673064e-07
toxicity_predictor,train,GLFTFIKCAYKLRAPAVAC,0,0.010651897639036179
toxicity_predictor,train,DTRPPGFTPFR,0,0.00027250617858953774
toxicity_predictor,train,VDSEDLIEAFKIYVEDDNEHLQGSVD,0,1.612531406181006e-07
toxicity_predictor,train,GSSGGLITFGRT,0,6.290713645284995e-05
toxicity_predictor,train,DAHNEDEEHAEGS,0,2.0298271920182742e-05
toxicity_predictor,train,GLLGKLLKIAAKVGKKLL,0,0.005819026846438646
toxicity_predictor,train,FIGGIISLIKKLF,0,0.0002049142640316859
toxicity_predictor,train,NIWKKIASIAKEVLKAL,0,0.0010158122749999166
toxicity_predictor,train,FLPLLAGLAANFLPTIICKIARKC,0,0.0018455319805070758
toxicity_predictor,train,FLGTVLKVAAKVLPAALCQIFKKC,0,0.005580718629062176
toxicity_predictor,train,FLGSLLGLVGKIVPTLICKISKKC,0,0.0009901771554723382
toxicity_predictor,train,GASGLIAFPRL,0,3.593480141717009e-05
toxicity_predictor,train,VRYADENVRTKEAKKK,0,0.009864060208201408
toxicity_predictor,train,SIITMTKEAKLPQLWKQIACRLYNTC,0,0.002493723761290312
toxicity_predictor,train,MVPTTFTLTTNNFLSDYQQLFI,0,1.9979885109933093e-05
toxicity_predictor,train,PSNLSYWWGFGPLAGICLVIQIVTGVF,0,9.503725596005097e-05
toxicity_predictor,train,FGLPMLSILPKALCILLKRKC,0,0.006970106158405542
toxicity_predictor,train,KIPCGESCVWIPCLTSVFNCKCENKVCYHD,1,0.8474268317222595
toxicity_predictor,train,SNTSHQDFHSFYGTNLMIGG,0,4.711232577392366e-06
toxicity_predictor,train,RIRWILRYWRWS,0,0.004398627672344446
toxicity_predictor,train,GLMDTVKNAAKNLAGQMLDKLKCKITGSC,0,0.00025948212714865804
toxicity_predictor,train,KWKSFLKTFKSLKKTVLHTLLKAISS,0,0.007992761209607124
toxicity_predictor,train,VGALAVVVWLWLWLW,1,0.9999984502792358
toxicity_predictor,train,YGGFMKSWNERSQKPLLTLFKNVIIKDGQQ,0,7.677966095798183e-06
toxicity_predictor,train,VTFVEGGPMKYSLIEGDALANK,0,6.53342851819616e-07
toxicity_predictor,train,VWLSALKFIGKHLAKHQLSKL,0,0.0063979774713516235
toxicity_predictor,train,LVPLFLSKLICFITKKC,0,0.008625112473964691
toxicity_predictor,train,SCTTCTCCCSCCA,1,0.9997126460075378
toxicity_predictor,train,TSRCYIGYRRKVVCS,0,0.2997671663761139
toxicity_predictor,train,NYRWRCKNQN,0,0.020953752100467682
toxicity_predictor,train,LAIKIYRAWKRR,0,0.019596019759774208
toxicity_predictor,train,GIIDIAKKLVGGIRNVLGI,0,2.0729645257233642e-05
toxicity_predictor,train,RDVDVGSFLPKSPSDPSMVL,0,7.476253216509576e-08
toxicity_predictor,train,GGPGATGPAGA,0,0.000398310279706493
toxicity_predictor,train,RRLIRLILRLLR,0,0.023662429302930832
toxicity_predictor,train,GIGGVLLGAGKATLKGLAKVLAEKYAN,0,0.00018584085046313703
toxicity_predictor,train,FDKNQPWGVIRDLNVVNFKR,0,2.3640830477233976e-05
toxicity_predictor,train,HYQEVPRQIQEKLIKGQ,0,0.0003062845498789102
toxicity_predictor,train,CGETCVVDTRCYTKKCSCAWPVCMRN,1,0.9931291937828064
toxicity_predictor,train,FLSLIPHAINAISAIANHL,0,6.611856952076778e-05
toxicity_predictor,train,QGLFTSDQDLYTDSR,0,9.814461776613825e-08
toxicity_predictor,train,EELEAKDVIESKALATLDEER,0,1.6606592225798522e-06
toxicity_predictor,train,DCLPGWSVYEGRCYKVFNQKTWKAAEKFC,1,0.11210308969020844
toxicity_predictor,train,VGQDATISFK,0,3.20199006864641e-07
toxicity_predictor,train,YSLQMGATAIKQVKKLFKKKGG,0,0.020429246127605438
toxicity_predictor,train,KNWAVLVAGSDGLPNYRHHADV,0,2.0183266315143555e-05
toxicity_predictor,train,GLGSLLGKAFKFGLKTVGKMMGGAPREQ,0,7.872729474911466e-05
toxicity_predictor,train,IPCGESCVWIPCITAIAGCSCKNKVCYT,1,0.8358929753303528
toxicity_predictor,train,MDLSFTLSVVTA,0,1.106774197978666e-05
toxicity_predictor,train,GVITDALKGAAKTVAAELLKKAHCKLTNSC,0,0.002621952211484313
toxicity_predictor,train,FITGLIGGLMKAL,0,0.0001176768055302091
toxicity_predictor,train,KAKEAVENVKEKANDVIDKFK,0,0.00012657881597988307
toxicity_predictor,train,APNQPSDNMIRF,0,8.305008805109537e-07
toxicity_predictor,train,RQQPFVPRL,0,0.002416773932054639
toxicity_predictor,train,HRVKRNGFRKFMRRLKKFFAGG,1,0.8421491980552673
toxicity_predictor,train,VKGGDGAPGKDGIRG,0,0.0001117018618970178
toxicity_predictor,train,KAAAKAAKAA,0,0.3335875868797302
toxicity_predictor,train,TYKKPPFNGSIF,0,0.0001090008081519045
toxicity_predictor,train,VGCEECPAHCKGKNAIPTCDDGVCNCNV,1,0.9839192032814026
toxicity_predictor,train,EASGETFVAENDACKCGSDCKCNPCTCK,1,0.9949540495872498
toxicity_predictor,train,RFWPVVIRTVVAGYNLYRAIKKK,0,0.0036247081588953733
toxicity_predictor,train,LNLKALLAVAKKIA,1,0.991468071937561
toxicity_predictor,train,VGLVFNPYNR,0,7.620349788339809e-05
toxicity_predictor,train,ARGSPGSPGNDGAKGETGPAG,0,5.629110091831535e-05
toxicity_predictor,train,KEQPEFVPY,0,0.0002184319164371118
toxicity_predictor,train,GTLPCESCVWIPCISSVVGCSCKSKVCYKN,1,0.976093053817749
toxicity_predictor,train,GLWQFIKDKLKDAATGLVTGIQS,0,1.068719484464964e-06
toxicity_predictor,train,LPVYNFGL,0,0.0005534307565540075
toxicity_predictor,train,YGRKKRPQRRR,0,0.39929449558258057
toxicity_predictor,train,GCCGKYPNAACHPCGCTVGRPPYCDRPSGG,1,0.9003898501396179
toxicity_predictor,train,ALWKDLLKNVGKAAGKAVLNKVTDMVNQ,0,7.496065518353134e-05
toxicity_predictor,train,RFRRLRKKWRKRLKKI,1,0.7984074950218201
toxicity_predictor,train,ITSKSLCTPGCKTGILMTCPLKTATCGCHF,1,0.9323498606681824
toxicity_predictor,train,FVLPLVMCKILRKC,0,0.012882567942142487
toxicity_predictor,train,GILSSLLKKWKKIIAK,0,0.0037987479008734226
toxicity_predictor,train,HVVAAITALKERGGSSHQALKKYKAAN,0,0.001967343734577298
toxicity_predictor,train,WKRIVRWIKRWLR,0,0.006377494428306818
toxicity_predictor,train,GKPNRPRPAPIQPRPPHPRL,0,0.009344817139208317
toxicity_predictor,train,GVLDAFRKIATVVKNVV,0,0.00018792423361446708
toxicity_predictor,train,TDPLWQLPGAHLEQYLS,0,4.041417923872359e-06
toxicity_predictor,train,SPVISYDKT,0,3.787766218010802e-06
toxicity_predictor,train,KWKSFLKTFKGAVKTVLHTALKAISS,0,0.0037272891495376825
toxicity_predictor,train,METFCYMKWPVRHHKSRRVSH,0,0.0989508405327797
toxicity_predictor,train,KWCRCVCRRGICRCFCRG,1,0.9966997504234314
toxicity_predictor,train,VGATGPKGSRG,0,0.0012005314929410815
toxicity_predictor,train,GMNLVFVGAEVAPWSKTGGLGDVLA,0,1.8207731500297086e-06
toxicity_predictor,train,RKKRRQARR,0,0.430386483669281
toxicity_predictor,train,GLPICGETCFKTKCYTKGCSCSYPVCKRN,1,0.9892107248306274
toxicity_predictor,train,SASGSGESSGMWFGPRL,0,1.28081069306063e-06
toxicity_predictor,train,GRKKRRQRRRPP,0,0.4513706564903259
toxicity_predictor,train,LTPETASFPR,0,3.235668918932788e-05
toxicity_predictor,train,APPPGLSAGV,0,4.625756264431402e-05
toxicity_predictor,train,DDSMEEVVTVFIRTGSSLKA,0,1.5571316680507152e-07
toxicity_predictor,train,ADVDFTGIADSIIK,0,1.736777903715847e-07
toxicity_predictor,train,TRSGGACNSHNQCCDDFCSTATSTCI,1,0.9863487482070923
toxicity_predictor,train,SGAPGEAGREGAAG,0,4.646620072890073e-05
toxicity_predictor,train,MVTMVKKWLLLMTFMAGCRGMIY,0,0.030304942280054092
toxicity_predictor,train,RNRPNIPKYIPPPRPPHPRL,0,0.003935429733246565
toxicity_predictor,train,IDWKKLLDAAKKIL,0,0.0004916464095003903
toxicity_predictor,train,MYKLLIINP,0,0.036488115787506104
toxicity_predictor,train,MKTKFVFDLLAPDDILHPSNHVNLIIRLI,0,1.4249175364966504e-05
toxicity_predictor,train,GVVTDLLNTAGGLLGNLVGSLSG,0,1.5904228121144115e-06
toxicity_predictor,train,QWPDPSSDIPP,0,6.593010311917169e-06
toxicity_predictor,train,TPDHREVPSFSSRWEPNFGLTFSK,0,3.1179331472230842e-06
toxicity_predictor,train,MADAEDIQPLVCD,0,0.00023911919561214745
toxicity_predictor,train,FCIRVRVCNHYFCFYALRCF,1,0.4382074475288391
toxicity_predictor,train,RGSAGAQGARGDKGEAGE,0,6.49543508188799e-05
toxicity_predictor,train,QKCCTGKKGSCSGRACKNLRCCA,1,0.9960649609565735
toxicity_predictor,train,LNLKKILGKIGVMLSHLN,0,0.0002889762108679861
toxicity_predictor,train,AAVTCIFMTLFGLSLGFALLKVQGE,0,0.00020246005442459136
toxicity_predictor,train,DTHFPICIFCCGCCKTPKCGLCCKT,1,0.9910086989402771
toxicity_predictor,train,TLMLEIDF,0,0.004507151897996664
toxicity_predictor,train,KAAAAKKSPKKPKKPAAAKK,1,0.22660879790782928
toxicity_predictor,train,GADFQECMKEHSQKQHQHQG,0,0.006778290960937738
toxicity_predictor,train,VNWKKILPKIIKVVK,0,0.0007238686666823924
toxicity_predictor,train,SNVYRPPPYRPVYRPLRRPGYRPGK,0,0.006626381538808346
toxicity_predictor,train,SLINTEVKPFQATAYHNGQFVEVNE,0,3.709725206135772e-06
toxicity_predictor,train,TVIDVKCTSPKQCLPPCAKQ,1,0.6708297729492188
toxicity_predictor,train,KKLKLAPAKLALLWKALALKLKKA,0,0.08345853537321091
toxicity_predictor,train,YIQGYSGDVR,0,1.972464451682754e-05
toxicity_predictor,train,FLSLIPHAINAVSTLVHHF,0,8.190135849872604e-05
toxicity_predictor,train,GIHDILAYGKPS,0,4.889985575573519e-06
toxicity_predictor,train,TPEHQRYVELFIVVD,0,2.9787797757308e-05
toxicity_predictor,train,IRVKIRVKIRVK,0,0.010381394997239113
toxicity_predictor,train,WLGSALKIGAKLLPSVVGLFQKKKK,0,0.0015829410403966904
toxicity_predictor,train,KWKSFIKKLTSKFLHSAKKN,0,0.21786198019981384
toxicity_predictor,train,TTPATPAISILSAYISTNTCPTTKCTRAC,1,0.19555619359016418
toxicity_predictor,train,RFRRLRCKTRCRLKKI,1,0.6236836314201355
toxicity_predictor,train,MFTFAILLLCVQGCLIQ,0,0.17880815267562866
toxicity_predictor,train,RCICTRGFC,1,0.9938428401947021
toxicity_predictor,train,APASGFFGMR,0,4.8474492359673604e-05
toxicity_predictor,train,KAYSMPRCKYLFRAVLCWL,0,0.02355877496302128
toxicity_predictor,train,GTFIKQQRKQKQQRHHTSGTRKRMAK,1,0.2863759398460388
toxicity_predictor,train,RRVWRRYRRQRWCRR,1,0.24002642929553986
toxicity_predictor,train,GASCGETCFTGICFTAGCSCNPWPTCTRN,1,0.9919663667678833
toxicity_predictor,train,KKLLKWLKKLL,0,0.0119167510420084
toxicity_predictor,train,GLPICGETCVGGTCNTPGCTCSWPVCTRN,1,0.986412763595581
toxicity_predictor,train,SDNNQQGKSAQQGGY,0,1.9479870388749987e-05
toxicity_predictor,train,ILKKLLKKVKKI,0,0.03544013947248459
toxicity_predictor,train,KWKLFKKI,0,0.03244006633758545
toxicity_predictor,train,AVNGGPATLPEYQI,0,1.0168299922952428e-05
toxicity_predictor,train,GMASKAGTIAGKIAKTAIKLAL,0,0.000932887545786798
toxicity_predictor,train,RQWQSKIRRT,0,0.05307049676775932
toxicity_predictor,train,MDIVGIAWAALMVVFTFSLSLVVWGRSGL,0,0.0033067725598812103
toxicity_predictor,train,SPVPEDDRGDNFVRL,0,2.3015216754629364e-07
toxicity_predictor,train,KTKQQFLIKAQTQLFKVFGYTL,0,0.0016035166336223483
toxicity_predictor,train,AKCLRWQWEMRKVGG,0,0.014149266295135021
toxicity_predictor,train,QPFSLERW,0,2.228635821666103e-05
toxicity_predictor,train,ITVCISVC,0,0.2672901451587677
toxicity_predictor,train,YIRDFITRRPPFGNI,0,0.00013350833614822477
toxicity_predictor,train,SGECNMYGRCPPGYCCSKFGYCGGVRAYCG,1,0.9434973001480103
toxicity_predictor,train,VLADVYNVEPETLR,0,1.6301895811920986e-05
toxicity_predictor,train,VSHNNFLRF,0,0.0004443615034688264
toxicity_predictor,train,FLSAITSILGKFF,0,3.863891470246017e-05
toxicity_predictor,train,EKKPPRPPQWAVGHFM,0,0.0005367724224925041
toxicity_predictor,train,NVQLDPFFQEQQQYYQQQQAFFL,0,2.8314969313214533e-05
toxicity_predictor,train,CVHWQTNPARTSCIGP,0,0.24909822642803192
toxicity_predictor,train,RGGRLCYCRGWICFCVGR,1,0.9571472406387329
toxicity_predictor,train,FFPIVGKRLYGLL,0,0.0018560702446848154
toxicity_predictor,train,DEGPKSDCKP,0,0.004832922015339136
toxicity_predictor,train,DNSCTPKPSCFF,0,0.4621184170246124
toxicity_predictor,train,RCCGYKFCYIC,1,0.9790548086166382
toxicity_predictor,train,MIEEKKELKKR,0,0.0079365074634552
toxicity_predictor,train,ALYLAIRRR,0,0.03182745352387428
toxicity_predictor,train,RRLRKKTRKRLK,1,0.831246554851532
toxicity_predictor,train,LIIFRILISHR,0,0.0021164333447813988
toxicity_predictor,train,TPSDGFMGMR,0,1.4250859976527863e-06
toxicity_predictor,train,KQIKIWFQNKKMKWKK,0,0.0049011665396392345
toxicity_predictor,train,RFRRLRWRTRWRLRRI,1,0.4997497797012329
toxicity_predictor,train,FLPIIAGAAAKVVQKIFCAISKKC,0,0.0033195773139595985
toxicity_predictor,train,AVTSSVADTTTVVRDDF,0,1.7042682884493843e-05
toxicity_predictor,train,MATIYKVTLINETEG,0,1.879788760561496e-05
toxicity_predictor,train,GLKDWWNKHKDKIIAVAKEMGKAGLQAA,0,0.0005142014706507325
toxicity_predictor,train,KWKSFIKKLTKKFLHSAKKF,1,0.4046621024608612
toxicity_predictor,train,GIGGVLLSAGKAALKGLTKVLAEKYAN,0,0.00013266327732708305
toxicity_predictor,train,FFPIVGKLLFGLL,0,0.08382166177034378
toxicity_predictor,train,LKCNKLVPLFYKTCPAGKNLCYKMFMVSNK,1,0.10706163197755814
toxicity_predictor,train,MDSVSVNQIL,0,3.198382785285503e-07
toxicity_predictor,train,VVNGKPTRTNVGRMVSLKYRNKHI,0,0.011323753744363785
toxicity_predictor,train,VAGPFRIPPLRREFQ,0,0.0005345644312910736
toxicity_predictor,train,GFGSFLGKALKAALKIGADVLGGAPQQ,0,1.2706937013717834e-05
toxicity_predictor,train,GVLDILKGAAKDLAGHVATKVI,0,7.251912757055834e-05
toxicity_predictor,train,LIGLVSKGTCVLVKTVCKKVLKQ,0,0.005054813344031572
toxicity_predictor,train,ANVGFVIQLQARLRGFLVRQKFA,0,0.001488754409365356
toxicity_predictor,train,KNGDRGESGPAGPAGPAGPA,0,5.5720171076245606e-05
toxicity_predictor,train,GVLDIFKDAAKQILAHAAEKQI,0,6.158561154734343e-05
toxicity_predictor,train,VSSKYLSKALVKAGR,0,0.0015424686716869473
toxicity_predictor,train,MNKQRFLFAAKISGIHFLLSLTVAALLAGL,0,0.0008023064583539963
toxicity_predictor,train,LKLLKKLLKLLKKL,0,0.008534536696970463
toxicity_predictor,train,DRVYVHPFSL,0,9.597648750059307e-05
toxicity_predictor,train,MEWYPEAAANAERYTQIVWYK,0,9.725173003971577e-05
toxicity_predictor,train,ILGPVISTIGGVLGGLLKNL,0,6.008678155922098e-06
toxicity_predictor,train,FKRQVQRIKDFLR,0,0.01380382664501667
toxicity_predictor,train,IYGGYQADEIEIDDEKYIFVDF,0,2.577552777438541e-06
toxicity_predictor,train,TMCYSHTTTSRAILTNCGENSCYRKSRVHP,1,0.40064963698387146
toxicity_predictor,train,MATPLVDPAK,0,4.155570422881283e-05
toxicity_predictor,train,RPWAGNGSVHRYTVLSPRLKTQ,0,0.0010194630594924092
toxicity_predictor,train,GLVTDTLKGAAKTVAAELLRKAH,0,0.00048651453107595444
toxicity_predictor,train,KWKSFIKKLPSAAKKVTTAAKPLTK,0,0.05487892031669617
toxicity_predictor,train,HHDHHAAVGGGGGGGGGA,0,0.0033979653380811214
toxicity_predictor,train,VIGGDICNINEHNFLVALYE,0,0.0002833331236615777
toxicity_predictor,train,IVGLPGQRGERG,0,0.00011349371925462037
toxicity_predictor,train,MGRIGVLTGNAGEIR,0,1.6498113836860284e-05
toxicity_predictor,train,CFLPKLFAKITKKNMAHIR,0,0.06650755554437637
toxicity_predictor,train,APFSLATA,0,0.0003495676792226732
toxicity_predictor,train,RIGSILGALAKGLPTLISWIKNR,0,8.289855759358034e-05
toxicity_predictor,train,SLRKMHALGET,0,0.0005966406315565109
toxicity_predictor,train,FKCRRWQWRMKKLAA,0,0.04529007896780968
toxicity_predictor,train,LRPAVIVRTKAL,0,0.0023343341890722513
toxicity_predictor,train,ILSAIWSGIKGLL,0,1.67591315403115e-05
toxicity_predictor,train,RWCVYAYVRVRGVLVRYRRCW,0,0.01071111485362053
toxicity_predictor,train,IVGGMEATPHSWPHQVA,0,1.5913263268885203e-05
toxicity_predictor,train,FLFSLIPSAISGLISAFKGRRKRDLN,0,2.6515335775911808e-05
toxicity_predictor,train,MTLRHYFFLQDYKRNVENLPFYKNQATLQ,0,0.0002923528663814068
toxicity_predictor,train,CYINNCPVG,0,0.15667204558849335
toxicity_predictor,train,TQSTGTSQTIAVGLWGGPDN,0,3.085210437347996e-06
toxicity_predictor,train,DPAFSSWG,0,7.228632057376672e-07
toxicity_predictor,train,QQWAVGHFM,0,0.00027959878207184374
toxicity_predictor,train,FLPIVTNLLSGLL,0,8.178234566003084e-05
toxicity_predictor,train,ATPFGGSSYEGH,0,4.7891408030409366e-05
toxicity_predictor,train,FWGHIWNAVKRVGANALHGAVTGALS,0,0.0002770846476778388
toxicity_predictor,train,LLCISCCVSITECCQLMSGCAVEIKS,1,0.9730545878410339
toxicity_predictor,train,GSGASGSMPATTS,0,7.844417268643156e-05
toxicity_predictor,train,GLFDIIKKVASVVGGL,0,1.0149872650799807e-05
toxicity_predictor,train,HAKDVVFGGEARARMVEGVNILANA,0,4.99741145176813e-05
toxicity_predictor,train,NCIQQCVSKGAQGGYCTNEKCTCY,1,0.9941498041152954
toxicity_predictor,train,VIRVHFRLPVRTV,0,0.0011290276888757944
toxicity_predictor,train,SNGDGTLDAGSTCAPFYARA,0,5.498624159372412e-05
toxicity_predictor,train,TKRRITPKDVIDVRSVTTKINT,0,0.0001837174640968442
toxicity_predictor,train,RGGRLSYSRRRFSTSTGR,0,0.06341685354709625
toxicity_predictor,train,VCCGYKLCHPC,1,0.9829676747322083
toxicity_predictor,train,IFHHIFKGIVHVGKTIHRLVTG,0,0.02531282790005207
toxicity_predictor,train,GLKGLLGKALKGIGKHIGKAQGC,0,0.013611401431262493
toxicity_predictor,train,MLLHRLSKFCKIERDIVYIS,0,0.0024008159525692463
toxicity_predictor,train,LSPTQDFMRF,0,3.4981278531631688e-06
toxicity_predictor,train,GLFDVIAKVASVIKKL,0,0.0002953724761027843
toxicity_predictor,train,NAIPGNYYRWPYAKVPYVID,0,0.00010880277113756165
toxicity_predictor,train,FLSLIPKIAGGIAALAKHL,0,0.0006634538294747472
toxicity_predictor,train,APSGFMGMR,0,3.91481225960888e-05
toxicity_predictor,train,KNLRRITRKIIHIIKKYG,0,0.3118613362312317
toxicity_predictor,train,GSFVNPTTPIR,0,2.314205812581349e-05
toxicity_predictor,train,GDFFRKSKEKIGKEFKRIVQRIKDFLRN,0,0.017703574150800705
toxicity_predictor,train,CCAFPQWCGAGCIVPCC,1,0.9788106679916382
toxicity_predictor,train,CVHWMTNTARTACIAP,0,0.2048911154270172
toxicity_predictor,train,DTHFPICIFCCGCCHRSKCGMCCKT,1,0.9951120018959045
toxicity_predictor,train,DRVYVHPFHL,0,0.0024205970112234354
toxicity_predictor,train,FLPLVLGALSGILPKIL,0,0.0008262387127615511
toxicity_predictor,train,FPISTLLKWWKG,0,0.00023185613099485636
toxicity_predictor,train,KEGYLFGSRG,0,0.0002719455515034497
toxicity_predictor,train,APTAFYGVR,0,0.00033301039366051555
toxicity_predictor,train,AYSLQMGATAIKQVKKLFKKWGW,0,0.004096766468137503
toxicity_predictor,train,FLGAILKIGHALAKTVLPMVTNAFKPKQ,0,0.000506528012920171
toxicity_predictor,train,GILGKLWKGVKSIF,0,0.0005601141019724309
toxicity_predictor,train,TNTPEDDRYLQDYVYI,0,2.8791695513064042e-05
toxicity_predictor,train,VSAKPARTPT,0,0.0017031836323440075
toxicity_predictor,train,AQITLTNKASYTVTPPAQANAADA,0,5.770478310296312e-05
toxicity_predictor,train,MDVAEYAAHDATGLAELIREGQVSACEV,0,2.5194118279614486e-05
toxicity_predictor,train,MIIFKIAASHKK,0,0.010678100399672985
toxicity_predictor,train,LKIPGFVKDTLKKVAKGIFSAVAGAMTPS,0,6.54386094538495e-05
toxicity_predictor,train,MSGRGKGGKGLGKGGAKR,0,0.013791874051094055
toxicity_predictor,train,DPCCGYRMCVPC,1,0.9639415740966797
toxicity_predictor,train,AKKFGKAFVGEIM,0,0.0038689167704433203
toxicity_predictor,train,FPLPCAYKGTYC,0,0.16242021322250366
toxicity_predictor,train,IWRIFRRIF,0,0.006265147589147091
toxicity_predictor,train,TICYNHLTIRSEVTEICIICDDDYYF,1,0.11966883391141891
toxicity_predictor,train,AVWKDFLKNIGKAAGKAVLNSVTDMVNE,0,6.427369044104125e-06
toxicity_predictor,train,ENFVGGCTPGYQRTADGRCKPTF,0,0.0458710640668869
toxicity_predictor,train,ILSYLWNGIKSIF,0,2.962210783152841e-05
toxicity_predictor,train,FLPIIAGVAAKVLPKIFCAISKKC,0,0.002006388269364834
toxicity_predictor,train,SNTKQPTPLGGVIFA,0,4.9325558393320534e-06
toxicity_predictor,train,PQTETKASVGFKAGVK,0,0.00021507077326532453
toxicity_predictor,train,GYSSASKIIFGSGTRLSIRP,0,2.3704200430074707e-05
toxicity_predictor,train,GGISIWQLLIIALIVILLFGTKKLRSLG,0,8.94675831659697e-05
toxicity_predictor,train,FLFSLIPNAISGLLSAFK,0,1.0528689017519355e-05
toxicity_predictor,train,ASDVTLNSFAEDVTVGECCDCVDLTTVY,1,0.420894980430603
toxicity_predictor,train,ASGPAGPRGPAGPAGSSGKD,0,7.290799112524837e-05
toxicity_predictor,train,KLIWILSKTIPAGKNLFYKI,0,0.0006274792249314487
toxicity_predictor,train,FLQRIIGRLGRLF,0,0.009161805734038353
toxicity_predictor,train,HFLGTLVNLAKKIL,0,0.0021290723234415054
toxicity_predictor,train,SGPPGPAG,0,0.0002848365984391421
toxicity_predictor,train,KKLALLALKKWLPALKKLALLALKK,0,0.10629114508628845
toxicity_predictor,train,MQLFHLCLVISCSCPTVQASKLCLGWL,1,0.47158798575401306
toxicity_predictor,train,KWLNALLHHGLNCAKGVLA,0,0.016271980479359627
toxicity_predictor,train,LLLFLLKKRKKRKY,0,0.14302167296409607
toxicity_predictor,train,INWKKIAEIGKQVLSAL,0,6.427000334952027e-05
toxicity_predictor,train,AVSLVLPQLK,0,0.0001753144315443933
toxicity_predictor,train,SGSIIHSMEANVGYSPDKSQNMVLMGGLK,0,1.6358050913822808e-07
toxicity_predictor,train,IGKKFKRIVKRIKKFLRKL,1,0.6530448198318481
toxicity_predictor,train,MAKEQQVQANDLQEKLIAVNRVAK,0,2.014822712226305e-05
toxicity_predictor,train,SFSVNPAVEILQHRYMEKVAQNNRNFLNRV,0,2.795639738906175e-05
toxicity_predictor,train,FLGALWNVLKSVF,0,0.055263929069042206
toxicity_predictor,train,ACYCRIPACLAGERRYGTCFYMGRVWAFCC,1,0.8897314667701721
toxicity_predictor,train,WKSYVRRWRSR,0,0.032354213297367096
toxicity_predictor,train,ILGPVLSLVGSALGGLIKKI,0,1.580182470206637e-05
toxicity_predictor,train,DRPYSFGL,0,6.658948677795706e-06
toxicity_predictor,train,FLPAIIGMAAKVLPAFLCKITKKC,0,0.003568533342331648
toxicity_predictor,train,GIEKIISRSMFDQMLKHRNNPASFG,0,3.405047891646973e-06
toxicity_predictor,train,MPLNIQNIIIIINSSLIIILFSSIFFFQLT,0,2.0151128410361707e-05
toxicity_predictor,train,FFWHHIGHALDAAKRVHGMLSG,0,0.0025097534526139498
toxicity_predictor,train,QGGWPRNPIPP,0,7.071327127050608e-05
toxicity_predictor,train,QASTDYDDEDESTVPEAR,0,1.231337364515639e-06
toxicity_predictor,train,GAFGDLLKGVAKEAGMKLLNMAQCKLSGKC,0,0.0003738145169336349
toxicity_predictor,train,ENMFNIKSSVESDSFWG,0,9.756193009025083e-08
toxicity_predictor,train,KKLKLALAKLALLWKALALKLKKA,0,0.3642679750919342
toxicity_predictor,train,SLLQFEMMIMEVAKRSGIFWYSA,0,1.8231001376989298e-05
toxicity_predictor,train,NVTELIGNTPLVELI,0,3.0100165986368665e-06
toxicity_predictor,train,QKLCERPSGTWSGVCGNNNACKNQCIN,1,0.9523603320121765
toxicity_predictor,train,FLGGLIKIVPAMICAVTKK,0,0.0009541978943161666
toxicity_predictor,train,FDIMGLIKKVAGAL,0,0.0006828109617345035
toxicity_predictor,train,FLPLLAGLAANFLPTIICKISYKC,0,0.0011751154670491815
toxicity_predictor,train,MINGWTGNILRINLTTGAIS,0,2.878869281630614e-06
toxicity_predictor,train,TNSKEGEFIAEGGGVR,0,2.268493744850275e-06
toxicity_predictor,train,INPFVAGVAAEMMQHVYCAASKKC,0,0.008841958828270435
toxicity_predictor,train,AIPWSIWWHLLFKG,0,0.000661518657580018
toxicity_predictor,train,RGFFYNPKGIVEQCCHRPCNIRVLE,1,0.2517407536506653
toxicity_predictor,train,SHYAEGPGKN,0,0.00047506505507044494
toxicity_predictor,train,RLARRVVIRVAR,0,0.007263523526489735
toxicity_predictor,train,PSYKLHYFDLRAAGE,0,0.0001884325611172244
toxicity_predictor,train,GNPLKLFLPSTWVHFFKFLR,0,0.00043337338138371706
toxicity_predictor,train,GMYTHEGSDP,0,1.6951844372670166e-05
toxicity_predictor,train,IEYPRDARYHSPLLFTV,0,9.653519373387098e-05
toxicity_predictor,train,MDIISLGWAGVMTMFTFSLALVVWGRNGF,0,1.575383976160083e-05
toxicity_predictor,train,SVYYGSIEAGGTKFVLAIADEHFNI,0,4.627844191418262e-06
toxicity_predictor,train,GTHPCQETCVTSTRCSTQGCHCNWPICFKN,1,0.9874895215034485
toxicity_predictor,train,GDVHAQTTWPCATVGVSVALCPTTKCTSQC,1,0.904568076133728
toxicity_predictor,train,FLPIIAKLVSGLL,0,0.0519150085747242
toxicity_predictor,train,CTMLNVLTGTQEGLR,0,0.002956857904791832
toxicity_predictor,train,QNWPSPKVPP,0,4.472737055039033e-05
toxicity_predictor,train,KGFESKVDAILNRISQMHRV,0,2.105180647049565e-05
toxicity_predictor,train,VGTALGSLAEELNGYNRKKGGFSFRF,0,1.3904636944062077e-05
toxicity_predictor,train,DGDMSGEGKGMWFGPRL,0,6.717724545524106e-07
toxicity_predictor,train,GIHDILKYGKAS,0,0.0001569298328831792
toxicity_predictor,train,GNGVIKTVSHECKMNTWQFLFTCCS,1,0.8887841701507568
toxicity_predictor,train,GIPCAESCVWIPCTVTALIGCGCSNKVCYN,1,0.8703034520149231
toxicity_predictor,train,MMKHVIILVILLVISFQAY,1,0.9988131523132324
toxicity_predictor,train,LGPQLNKGCATCSIGAACLVDGPIPDEIAG,1,0.007869242690503597
toxicity_predictor,train,APSMGFMGMR,0,8.281188638648018e-05
toxicity_predictor,train,DDPTSTFTCPGGSNYK,0,0.004551025573164225
toxicity_predictor,train,MNPCSSNCSCGASCTCSGCSSHKK,1,0.9982537627220154
toxicity_predictor,train,INWKKIASIGKEV,0,4.567147698253393e-05
toxicity_predictor,train,FLPLIAGKIFCAISKKC,0,0.008166465908288956
toxicity_predictor,train,FLGALLSKIF,0,0.04287126287817955
toxicity_predictor,train,ILKWKWKWWPWRR,0,0.0031212870962917805
toxicity_predictor,train,FIGSALKVLAGVLPSIVSWVKQ,0,1.7942200429388322e-05
toxicity_predictor,train,RCICVLGIC,1,0.6654993295669556
toxicity_predictor,train,KKFKETADKLIESAKQQLESLAKEMK,0,0.0001293678069487214
toxicity_predictor,train,GLLDFVTGVGKDIFAQLIKQI,0,3.066630370085477e-06
toxicity_predictor,train,QDVDHVFLRF,0,7.647816528333351e-05
toxicity_predictor,train,FIHHIIGGAASAGKAIHRLIRRRRR,1,0.7252902984619141
toxicity_predictor,train,ECCNPACGRHYSCGK,1,0.9960049986839294
toxicity_predictor,train,YEDAYALQYCPR,0,0.025917233899235725
toxicity_predictor,train,FLPIVGKLLSGLF,0,8.370395516976714e-05
toxicity_predictor,train,YSKSLPLSVLNP,0,9.166341442323755e-06
toxicity_predictor,train,ITIPPIVKDTLKKFFKGGIAGVMGKSQ,0,3.022215241799131e-05
toxicity_predictor,train,GIGGALLSAGKSALKGLAKGLAEHFAS,0,2.9535594876506366e-05
toxicity_predictor,train,YGLAADHVLDAR,0,9.912295354297385e-05
toxicity_predictor,train,MLLLKHGRIEILDQNTMYG,0,4.510718281380832e-05
toxicity_predictor,train,YQWQRRMRKL,0,0.007004166953265667
toxicity_predictor,train,RVKRFWPLVPVAINTVAAGINLYKAIRRK,0,0.002589433453977108
toxicity_predictor,train,LLKELWTKIKGAGKAVLGKIKGLL,0,0.00257490249350667
toxicity_predictor,train,EQNFHKARRFVEQVARRLTL,0,0.006162642501294613
toxicity_predictor,train,GANAAKKLATFAKKIFTAYW,0,0.009714359417557716
toxicity_predictor,train,FKCRRWQWRMAKLGA,0,0.03102112002670765
toxicity_predictor,train,VAIIIYSMYGHIAKYGNFPGQWK,0,0.00012363461428321898
toxicity_predictor,train,FLSLLPSLVSGAVSLVKKL,0,2.6451918529346585e-05
toxicity_predictor,train,DPSFNSWG,0,1.3693813798454357e-06
toxicity_predictor,train,FIHHIIGGLFSAGKAIHRLIRRRRR,1,0.7729841470718384
toxicity_predictor,train,LFFKGEKKL,0,0.01412353478372097
toxicity_predictor,train,RSLCSNGCRPKPFGGCSC,1,0.9905188679695129
toxicity_predictor,train,KWKSFLKTFKLAVKTVLHTALKAISS,0,0.004792184568941593
toxicity_predictor,train,GYNRSFLRF,0,0.005887952633202076
toxicity_predictor,train,QHWSYGLQPG,0,6.978752935538068e-05
toxicity_predictor,train,RRRRRRRRHRRRRGRRGRRSRGRR,1,0.6791667938232422
toxicity_predictor,train,VHGNKGADAALAALEVLDLFDRAL,0,1.4998377992014866e-05
toxicity_predictor,train,FINTIRLLINKYREWKNKKDS,0,0.0005230522947385907
toxicity_predictor,train,ALWKNMLKGIGKLAGKAALGAVK,0,0.004613650031387806
toxicity_predictor,train,GIPCGESCVWIPCLTSAIGCSCKSKVCYKD,1,0.9732994437217712
toxicity_predictor,train,DRYERGDVNLDLKGF,0,3.965155428886646e-06
toxicity_predictor,train,GLRKRLRKARNKIKEKLKKI,1,0.7624435424804688
toxicity_predictor,train,AAPKATVRWCTISS,0,0.004924398381263018
toxicity_predictor,train,AQVMKELQECK,0,0.002214152133092284
toxicity_predictor,train,NLMQFELLIMKVAGRSGIVWYSD,0,3.853962425637292e-06
toxicity_predictor,train,GSGVIPTISHECHMNSFQFVFTCCS,1,0.6889696717262268
toxicity_predictor,train,GLLDLAKHVIGIASKL,0,6.425241735996678e-05
toxicity_predictor,train,GIPCGESCVFIPCLTSAIDCSCKSKVCYRN,1,0.9627021551132202
toxicity_predictor,train,QLEARFEPKQRNFRKRELDFEKLFANMPDY,0,0.00026997082750312984
toxicity_predictor,train,GKPRPYSPRPTSHPRPIRV,0,0.009801247157156467
toxicity_predictor,train,LDEFRVYSDDANKYKISIPQD,0,4.2923429077745823e-07
toxicity_predictor,train,GSLTGLISMPRT,0,7.773458492010832e-06
toxicity_predictor,train,ATKVKAKQRGKEKVSSGRPGQHN,0,0.040677957236766815
toxicity_predictor,train,MIYSTEVSNMAGV,0,1.9456867448752746e-05
toxicity_predictor,train,ADVPGNYPLDSYGNCYPCTILGDNQYCI,1,0.07092545181512833
toxicity_predictor,train,GIPCGESCVWIPCISAALGCSCKNKVCYRN,1,0.9490378499031067
toxicity_predictor,train,MKAIMVLFYVMTLTIIGSFSMLLQKAKERQ,0,0.00019476652960292995
toxicity_predictor,train,GFCRCLCRRGVCRCICTK,1,0.9966080188751221
toxicity_predictor,train,CKYGRKKRRQRRR,1,0.3015420436859131
toxicity_predictor,train,RWRFLRKISSVHMFSVKALDDFRQL,0,0.0008623858448117971
toxicity_predictor,train,TIVCGENNSCLKELC,1,0.9779052138328552
toxicity_predictor,train,FLPIAGKLLSGLSGLL,0,1.7244658010895364e-05
toxicity_predictor,train,ADDRNPLEECFRETDYEEFLEIARNGLKKT,0,2.2516653189086355e-05
toxicity_predictor,train,GLPVCGETCVGGTCNTPGCSCSRPVCTAN,1,0.9951687455177307
toxicity_predictor,train,KLAKLAKKLAKLAKNYRWRCKNQN,1,0.12935131788253784
toxicity_predictor,train,LRRLLRWLRRLLRR,0,0.11698159575462341
toxicity_predictor,train,AGTADCFWKYCV,0,0.5959495306015015
toxicity_predictor,train,GFKKLLKGAAKALVKTVLF,0,0.017756471410393715
toxicity_predictor,train,GPPYQPLVPR,0,0.00019413149857427925
toxicity_predictor,train,SCNCVCGFCCSCSPSA,1,0.9991181492805481
toxicity_predictor,train,FISAIASMLGKFL,0,0.0012594710569828749
toxicity_predictor,train,GGLGRCIYNCMNSGGGLSFIQCKTMCY,1,0.834267258644104
toxicity_predictor,train,IIGGVESRPHSRPYMATLEIT,0,4.8996998884831555e-06
toxicity_predictor,train,QKKDKKDRFYGLF,0,0.014671387150883675
toxicity_predictor,train,GGCDGDRQDM,0,0.0006031676311977208
toxicity_predictor,train,MSIADLKSRLIKASTS,0,5.493206572282361e-06
toxicity_predictor,train,LRSPGISRFRRKIAKRSIKTL,0,0.4810415208339691
toxicity_predictor,train,GSRGSPGERGESGPPGPAG,0,0.00014735320291947573
toxicity_predictor,train,FFRLLFHGVHHVGKIKPRA,0,0.30042725801467896
toxicity_predictor,train,KFFKRLLKSVRRAVKKFRKKPRLIGLSTLL,1,0.4423222541809082
toxicity_predictor,train,FLFSLIPKAIGGLISAFK,0,4.8921701818471774e-05
toxicity_predictor,train,GSLVKLVSTLLSLVPSLMKG,0,1.1263859960308764e-05
toxicity_predictor,train,SILGKLWKGVKSIF,0,0.00021771519095636904
toxicity_predictor,train,FLSLIPHIVSGVAALAKHLG,0,9.24671403481625e-05
toxicity_predictor,train,SANAKNDFMRF,0,4.23843739554286e-05
toxicity_predictor,train,AATKPKKAGAAP,0,0.019741613417863846
toxicity_predictor,train,FLAKKLAKHLAKKQAES,0,0.047990478575229645
toxicity_predictor,train,IRCRRRFCRI,0,0.12074150890111923
toxicity_predictor,train,GRFRRLRNRIRNIWRKIGPIAGPLISRFG,1,0.28466954827308655
toxicity_predictor,train,AFALIAGALYRIFHRR,0,0.11466320604085922
toxicity_predictor,train,IGPAGPPGTPGPPGPPGPPGGGFD,0,0.00034157728077843785
toxicity_predictor,train,PAWLVDCPCVGDDINRLLTRGEK,0,0.001020884490571916
toxicity_predictor,train,EKCLRWQWRMRKYGG,0,0.02447865717113018
toxicity_predictor,train,FPVTFRFFKFFKG,0,0.0027908338233828545
toxicity_predictor,train,CLIQDCPEG,0,0.6575003862380981
toxicity_predictor,train,ISGLIYEETRIFLENVIR,0,9.514717930869665e-06
toxicity_predictor,train,NLAQFGFMIRCANGGSRSALDYADYGC,0,0.0003793409850914031
toxicity_predictor,train,GLLWKWGWKWKEFLRIVGY,0,0.001541570876725018
toxicity_predictor,train,RRWQWRMKKL,0,0.02190382219851017
toxicity_predictor,train,ILGPVIKTIGGVLGGLLKNL,0,2.140943252015859e-05
toxicity_predictor,train,RGESGPAGPAGPAGPAGA,0,0.00014351814752444625
toxicity_predictor,train,VIGGDECNINEHRSL,0,0.00022724435257259756
toxicity_predictor,train,VNWKKILGKI,0,0.0007854967843741179
toxicity_predictor,train,FIGPLISALASLFKG,0,1.5536959836026654e-05
toxicity_predictor,train,GLVSSIGKALGGLLVDVVKSKGQPA,0,2.0425864022399765e-06
toxicity_predictor,train,ISVDELSNYNF,0,1.8741380927167484e-06
toxicity_predictor,train,SAIWFWMTPQSPK,0,6.750266038579866e-06
toxicity_predictor,train,FWGKLWEGVKNAI,0,0.00019563980458769947
toxicity_predictor,train,GIFDVLKNLAKGVITSLAS,0,3.040447836610838e-06
toxicity_predictor,train,TKTEGSFLAEGGGVR,0,9.36798460315913e-06
toxicity_predictor,train,KNGDRGESGPAGPAGPAGPAGAR,0,0.00012200043420307338
toxicity_predictor,train,FLSLIPHAINAISAIADHF,0,2.510484955564607e-05
toxicity_predictor,train,VIRTVVAGYNLYRAIKKK,0,0.006409809924662113
toxicity_predictor,train,PAQPFRIKKRQGPFERP,0,0.017657501623034477
toxicity_predictor,train,RKKRRQRRRGC,0,0.32456716895103455
toxicity_predictor,train,AIPWIWIWRLLRKG,0,0.008562766015529633
toxicity_predictor,train,GGYCSGIIKQTCTCYRN,1,0.9358408451080322
toxicity_predictor,train,GIHDILKYGAPS,0,4.889985575573519e-06
toxicity_predictor,train,SMSGFSKPHD,0,4.435060418472858e-06
toxicity_predictor,train,CSCRTSSCRFGERLSGACRLNGRIYRLCC,1,0.9685559868812561
toxicity_predictor,train,RKARRQRRR,0,0.5148299336433411
toxicity_predictor,train,GFWTTAAEGLKKFAKAGLASILNPK,0,0.0001727793423924595
toxicity_predictor,train,RRLWKKTWKRLW,0,0.05410545691847801
toxicity_predictor,train,AAGPPGATGFPGAAGR,0,0.00027928041527047753
toxicity_predictor,train,CRSWCKRPGHPEKNAFYCC,1,0.9160304069519043
toxicity_predictor,train,LLKWLLKWLLK,1,0.9759760499000549
toxicity_predictor,train,QFRPSYQIPP,0,4.670404814532958e-05
toxicity_predictor,train,RDSNVTILPLRNMKD,0,3.7803106351930182e-06
toxicity_predictor,train,NQDCRPGWSFYEQNCYKVF,0,0.10465088486671448
toxicity_predictor,train,FFGHLFKLATKIIPSLFQ,0,0.0003028827195521444
toxicity_predictor,train,LGSPFGGFDTLGSNR,0,7.670805644011125e-07
toxicity_predictor,train,IPFVASVAAEMMQHIFCAASRKC,0,0.0023152760695666075
toxicity_predictor,train,LKCNKLVPLFYKTCPAGKNL,0,0.05803689360618591
toxicity_predictor,train,SEAENDLMNKLFTAYNPKVRPAEK,0,1.5661355064366944e-05
toxicity_predictor,train,GMASKAGSVLGKLAKVAIGAL,0,0.00013750036305282265
toxicity_predictor,train,GDCGGTCTWTKDCSICPSWSCWSWSC,1,0.9667003750801086
toxicity_predictor,train,RKLRRLKRKIAHKVKKY,1,0.8309481739997864
toxicity_predictor,train,RLLGNCLTVVMAAKLGTAFSPEIQCAWQK,0,0.001213233103044331
toxicity_predictor,train,SAPRGCWTKSYPPKPCK,0,0.033929288387298584
toxicity_predictor,train,KWFKKIPKFLHLLKKF,0,0.06575290113687515
toxicity_predictor,train,AAGIQAQAGFGLSDSIQGTGKQKCSFCK,0,0.00019654963398352265
toxicity_predictor,train,WLSKTAKKL,0,0.043355751782655716
toxicity_predictor,train,RCVCRRGVC,1,0.9960370659828186
toxicity_predictor,train,WGRRGWGPGRRYVRN,0,0.10693370550870895
toxicity_predictor,train,GKGRWLERIGKAGGIIIGGALDHL,0,0.0001742461754474789
toxicity_predictor,train,KETWWETWWTEWSQPKKKRKV,0,0.0013660131953656673
toxicity_predictor,train,GTGITEEFEEVPVQSRGFGILDVGYR,0,5.580317292697146e-07
toxicity_predictor,train,SASSGESSGMWFGPRL,0,9.765786899151863e-07
toxicity_predictor,train,GNHDCCMGQLPKCMLGPGQGAATCQGK,1,0.8149906992912292
toxicity_predictor,train,INLKILARLAKKIL,0,0.015379943884909153
toxicity_predictor,train,YVPPVQKPHPNGPKFPTFP,0,0.00018313941836822778
toxicity_predictor,train,FLGALIPAAIGLISGLIKK,0,0.00017062807455658913
toxicity_predictor,train,GFLSILKKVLPKVMAHMK,0,0.0062047638930380344
toxicity_predictor,train,AMTEELEAVENNGVR,0,4.253965016687289e-06
toxicity_predictor,train,MKATFVLHGWWRTS,0,0.001994897611439228
toxicity_predictor,train,QPPTPPEHRFPGLM,0,0.00016627802688162774
toxicity_predictor,train,IRCQGSNQCYGHCREKTGCPNGKCID,1,0.9812225699424744
toxicity_predictor,train,GFKDWIKGAAKKLIKTVASNIANQ,0,0.00015216022438835353
toxicity_predictor,train,NLLQFAFMIRQANKRRRPVIPYEEYGLYYM,0,0.0009550965623930097
toxicity_predictor,train,QVNFTPGW,0,1.0378049410064705e-05
toxicity_predictor,train,RGSALTHLP,0,0.0009695874759927392
toxicity_predictor,train,EIKARGKNKTKPTPSSGKGGKHN,0,0.037188395857810974
toxicity_predictor,train,VDKPDYRPRPWPRPNM,0,0.00019981541845481843
toxicity_predictor,train,GIMSSLMKKLKKIIAK,0,0.0025456147268414497
toxicity_predictor,train,KWCFRVCSRGICYRRCR,1,0.960184633731842
toxicity_predictor,train,INWSSIFEKVKNLV,0,4.91881110065151e-06
toxicity_predictor,train,FLPLFLPKIICVITKKC,0,0.00423886114731431
toxicity_predictor,train,SLVSLNEPKDEIYMESQP,0,2.1035384634160437e-07
toxicity_predictor,train,SKVWRHWRRFW,0,0.01782332733273506
toxicity_predictor,train,SCVYIPCTITALLGCSCKNKVCYNGIPCAE,1,0.8402876853942871
toxicity_predictor,train,FWGTLAKLALKAVPAVMGMIKKE,0,0.002813996048644185
toxicity_predictor,train,SDYSRKRDPPQKYEEE,0,9.415065142093226e-05
toxicity_predictor,train,CGETCVGGTCNTPGCACSWPVCTRNGLPV,1,0.9913934469223022
toxicity_predictor,train,NTEAFFGQGTRLTVV,0,1.904275268316269e-05
toxicity_predictor,train,FYSAPTRDNVFEL,0,4.741404609376332e-06
toxicity_predictor,train,SFREQCVPGREITYECLNACAEYAVRQ,1,0.2833261489868164
toxicity_predictor,train,MEHSHWFRKMSSLHQEFVCFLFWPLT,0,0.0005202814354561269
toxicity_predictor,train,FLPGVLRLVTKVGPAVVCAITRNC,0,0.002516741631552577
toxicity_predictor,train,LFEENGGAL,0,8.333984169439645e-07
toxicity_predictor,train,FLGAIAGVAAKFLPKVFCFITKKC,0,0.0041850293055176735
toxicity_predictor,train,EQGVGGDDGL,0,5.860941314494994e-07
toxicity_predictor,train,FLGLIGSLL,0,0.0004992730100639164
toxicity_predictor,train,ACYCRIPACLAGERRYGTCFYLGRVWAFCC,1,0.8656315207481384
toxicity_predictor,train,CSTCLDKP,0,0.9855011105537415
toxicity_predictor,train,DATPHAALFFTVKDHTAGDN,0,5.604093075817218e-06
toxicity_predictor,train,LQLSYRPRVMIMAVMFVFCINKGYDIY,0,0.0009990637190639973
toxicity_predictor,train,KWNSFIKKLTSKFLHSAKKF,0,0.03896337375044823
toxicity_predictor,train,ADYLQLAR,0,0.0017425332916900516
toxicity_predictor,train,GWGSFFKKAAHVGKHVGKAALTHYL,0,0.016999846324324608
toxicity_predictor,train,GYPRKTVDVFTFTN,0,5.814658652525395e-05
toxicity_predictor,train,GHACYRNCWREGNDEETCKERCG,1,0.9045848846435547
toxicity_predictor,train,PAAAAQAVAGLAPVAAEQ,0,0.050571102648973465
toxicity_predictor,train,GWFKKAWRKVKNAGRVLKGVGIHYGVGLIG,0,0.022866101935505867
toxicity_predictor,train,RCVCRRGVCRCVCTRGFC,1,0.9975734353065491
toxicity_predictor,train,RRWWRWWRR,0,0.02402309700846672
toxicity_predictor,train,LGEFAPTRTYRGHDKKDNKKDNKKGQKK,0,0.057525090873241425
toxicity_predictor,train,GSFFATPDDRH,0,2.6750108190753963e-06
toxicity_predictor,train,NGDRGESGPAGPAGPAGPAGAR,0,6.513790140161291e-05
toxicity_predictor,train,ILGPVLGLVGNALGGLIKKI,0,3.766165173146874e-05
toxicity_predictor,train,WLSGVDKIRGVNLGSAFIIE,0,6.206839202604897e-07
toxicity_predictor,train,FFPLLFGALSSMMPKLF,0,0.0001776836288627237
toxicity_predictor,train,TEIQSFNFNGFVPEN,0,3.6087155876884935e-06
toxicity_predictor,train,FKGGGPYGQGVTRGQDLSGKDF,0,1.1414776963647455e-05
toxicity_predictor,train,RGEGGPAGAPGF,0,0.0001323621836490929
toxicity_predictor,train,AWCARVCYRGICYRRCR,1,0.9288105368614197
toxicity_predictor,train,FFKKFWGGVKAIFKGARKGWK,0,0.08410079032182693
toxicity_predictor,train,SCNCVCGVCCSC,1,0.9994539618492126
toxicity_predictor,train,SGPAGPRGPAGPA,0,0.0003557218296919018
toxicity_predictor,train,GILMDTFKGAAKNVAGFLLDKLKCKISGGC,0,0.00020393151498865336
toxicity_predictor,train,SWKSMAKKLKEYMEKLKQRA,0,0.006233929190784693
toxicity_predictor,train,GPPYDFGM,0,4.9973157729255036e-05
toxicity_predictor,train,ACYCRIPACLAGERRYGTCIYQGRLWAFCC,1,0.8753132224082947
toxicity_predictor,train,EDGSDPASGDFLAEGGGVR,0,1.478827869050292e-07
toxicity_predictor,train,FFGSVLKVAAKVLPAALCQIFKKC,0,0.004222603514790535
toxicity_predictor,train,WRLRWRTRWRLR,0,0.09100935608148575
toxicity_predictor,train,GWGSIFKHGRHAAKHIGHAAVNHYL,0,0.1043923869729042
toxicity_predictor,train,QKTLIFGHKNPDTDTI,0,3.370999365870375e-06
toxicity_predictor,train,FAVGTESIAKTFSEALDTTKISDVLSK,0,9.73483224697702e-07
toxicity_predictor,train,HSQGSFTSDYSKYLDSKQAKDFVIWLMNT,0,7.356512128353643e-07
toxicity_predictor,train,MDILSLGWSALMVVFTFSLALVVWGRNGF,0,8.493689529132098e-05
toxicity_predictor,train,MAKFELPNLPTADDAL,0,2.0337695332273142e-06
toxicity_predictor,train,ADDDLEGFSEEDLKAIKEHRAGLAA,0,5.650475145557721e-07
toxicity_predictor,train,SPPEAAYGPGNTNSDSGDK,0,3.872922206937801e-06
toxicity_predictor,train,TDVLGLPAK,0,4.452473604033003e-06
toxicity_predictor,train,AVREYHWFVE,0,0.0011249406961724162
toxicity_predictor,train,MHSNNSRQILIPHQNENMFLTELY,0,9.48499291553162e-06
toxicity_predictor,train,APLTNEYLNHLCHKC,0,0.5174264311790466
toxicity_predictor,train,CIIRNCPRG,0,0.29197463393211365
toxicity_predictor,train,SVTADNASETKVREIGQEKSS,0,1.8334704918743228e-06
toxicity_predictor,train,KPNPERFYAPM,0,0.0002383259852649644
toxicity_predictor,train,VQLRIRVRVIRK,0,0.0024203783832490444
toxicity_predictor,train,RFPWWWPFLR,0,0.001079966896213591
toxicity_predictor,train,ANDPDFPYTVQANRP,0,8.448197149846237e-06
toxicity_predictor,train,AKIIGIDGLTTNSWVAVLESDKVHV,0,1.1562568715817179e-06
toxicity_predictor,train,QTFQYSRGWTN,0,9.715236228657886e-05
toxicity_predictor,train,ALKCQGWVDYCNGNVECCNECVMY,1,0.9089984893798828
toxicity_predictor,train,GVGDLIRKAVSVIKNIV,0,1.5605030057486147e-05
toxicity_predictor,train,GCCPFPACTHHIICRCC,1,0.9447015523910522
toxicity_predictor,train,PNIQTKIIEQIWKEHIFQGTVVK,0,6.649981514783576e-06
toxicity_predictor,train,DLRDSWKVIGSDKK,0,3.957055923820008e-06
toxicity_predictor,train,ARTGFGVLKPAMQGYPGLVLPR,0,0.00020197454432491213
toxicity_predictor,train,SCKRECSGSKRQK,0,0.10600008070468903
toxicity_predictor,train,KFKVVTTFTVIQDIAQNVAGDAAT,0,1.5223730770230759e-05
toxicity_predictor,train,RCFRRRGKLTC,0,0.37536492943763733
toxicity_predictor,train,PVVIRTVVAGYNLYRAIKKK,0,0.002422784920781851
toxicity_predictor,train,FLTGVLKLASKIPSVLCAVLKTC,0,0.003626570338383317
toxicity_predictor,train,FLPMLAGLAANFLPKIVCKITKKC,0,0.0044920253567397594
toxicity_predictor,train,GGVGRCIYNCMNSGGGLNFIQCKTMCY,1,0.8411906361579895
toxicity_predictor,train,GLFSKFAGKGIKNFLNKGVKHIGKE,0,0.011836154386401176
toxicity_predictor,train,VVGGAECKIDGHRCLALLY,0,0.02687460370361805
toxicity_predictor,train,RCVCTRGFCRCVCTRGFC,1,0.9980103373527527
toxicity_predictor,train,GLPTCGETCTLGKCNTPKCTCNWPICYKN,1,0.9682797193527222
toxicity_predictor,train,ASLFNAPRV,0,4.542580063571222e-05
toxicity_predictor,train,KTISFILK,0,0.0006667315610684454
toxicity_predictor,train,ECWMDGHCRLLCKDGEDSIIRCRNRKRCC,1,0.9369753003120422
toxicity_predictor,train,TTPLCVGVIIGITASIKICK,0,0.003614232409745455
toxicity_predictor,train,QANQDFMRF,0,1.4151887626212556e-05
toxicity_predictor,train,MDILSLGWAALMAMFTFSIAMVVWGRNGF,0,0.007628155406564474
toxicity_predictor,train,IKLSPKTKDNLKKVLKGAIKGAIAVAKMV,0,0.002153546316549182
toxicity_predictor,train,SRRARRSPRHLGSG,0,0.19129478931427002
toxicity_predictor,train,LPLDDLSDT,0,1.3872772797185462e-07
toxicity_predictor,train,TSGLIAFPRL,0,2.8910279070260003e-05
toxicity_predictor,train,ALWKNMLKGIGKLAGQAALGAVKTLVGAES,0,9.536306606605649e-05
toxicity_predictor,train,YYEEYVDGQGMVVR,0,0.00016263076395262033
toxicity_predictor,train,HNKQEGRDHDKSKGHFHRVVIHHKGGKAH,1,0.6082713007926941
toxicity_predictor,train,SFPFFPPGICKRLKRC,0,0.025475503876805305
toxicity_predictor,train,GANAAKKFANLIKKIFNYIW,0,0.0029257943388074636
toxicity_predictor,train,QKLCERPSGTWSGVCGNNNACKNQCIR,1,0.9509061574935913
toxicity_predictor,train,FRIRVRVFKRIVQRIKDFLR,0,0.008205252699553967
toxicity_predictor,train,FVGAIAAALPHVISAIKNAL,0,0.13497290015220642
toxicity_predictor,train,LRWQNEMRKV,0,0.0008786382968537509
toxicity_predictor,train,MWISYLGFLIFYFILAAASYKILKRIKWI,1,0.995272696018219
toxicity_predictor,train,GILDTLKQFAKGVGKWLVKGAAQ,0,0.00013190493336878717
toxicity_predictor,train,ELLETPTHVLRFWESKFPQIKPVKR,0,0.0004983866820111871
toxicity_predictor,train,LLKLLLKLLLKLL,1,0.9949368238449097
toxicity_predictor,train,FFPIVGKLLFGLSGLL,0,0.00011756990716094151
toxicity_predictor,train,CPAIQRCCQQLRNIQPPCRCCQ,1,0.8865118026733398
toxicity_predictor,train,RICPRILMECSSDSDCLAECICLEQGFCG,1,0.9191802144050598
toxicity_predictor,train,CSVVDLAR,0,0.030198831111192703
toxicity_predictor,train,PPCPSCPSCPWCPMCPRCPSCKCNPK,1,0.7966100573539734
toxicity_predictor,train,GILLNTLKGAAKNVAGVLLDKLKCKITGGC,0,0.0006678953650407493
toxicity_predictor,train,DLDVNVFNR,0,2.7715009309758898e-06
toxicity_predictor,train,SSNKLTTSWG,0,3.5450986615614966e-05
toxicity_predictor,train,LLKWLKKLLKK,0,0.0119167510420084
toxicity_predictor,train,KTCENLADDY,0,0.04390738904476166
toxicity_predictor,train,AGECVRGRCPGGLCCSKFGFCGSGPAYCGG,1,0.9573691487312317
toxicity_predictor,train,YQEPVLGPVRGPFPI,0,3.1889285310171545e-05
toxicity_predictor,train,GGETSGETKGMWFGPRL,0,7.2317602644034196e-06
toxicity_predictor,train,TQSTGTSQTVEVGLWGGPDN,0,5.9676981436496135e-06
toxicity_predictor,train,EAAGLIPFPRVG,0,2.28593016800005e-05
toxicity_predictor,train,NEEEKVKWQPDVP,0,1.9423014236963354e-05
toxicity_predictor,train,HPGYGGATASVDRRKRQRLSRAASAWLARH,0,0.010226685553789139
toxicity_predictor,train,SPAFNSWG,0,5.080416940472787e-06
toxicity_predictor,train,PVLAAASWALFNIGRLALQQFNKIASR,0,0.000130928005091846
toxicity_predictor,train,MVTVLFRRLRIRRACGPPRVRV,0,0.009629872627556324
toxicity_predictor,train,NGKKACLNPASPMVQKIIEKIL,0,0.00021150991960894316
toxicity_predictor,train,INWLKLGKAVIDAL,0,0.005355037748813629
toxicity_predictor,train,GFGSFLGKALKAALKIGANALGGSPQQ,0,1.7134596419055015e-05
toxicity_predictor,train,GDVQEGEFIAEGGGVR,0,8.817893331070081e-07
toxicity_predictor,train,AAGMGFFGAR,0,0.0003782511630561203
toxicity_predictor,train,SSGGGEGSGMWFGPRL,0,4.187214926787419e-06
toxicity_predictor,train,ADDKNPLEECFCEDDDYCEG,1,0.16629472374916077
toxicity_predictor,train,KKLALLALKKWLLALKKLALLALKK,0,0.5857880711555481
toxicity_predictor,train,FLPMLAGLAANFLPKLFCKITKKC,0,0.006080132909119129
toxicity_predictor,train,FLISIPYSASIGGTATLTGTA,0,2.5144143364741467e-05
toxicity_predictor,train,RQIKIWFQNRRMK,0,0.0037208599969744682
toxicity_predictor,train,DGCCIAKQCC,1,0.9987875819206238
toxicity_predictor,train,MNFFLRWCYAVAI,1,0.9990659356117249
toxicity_predictor,train,KWAFRVCYRGICYRRAR,0,0.07526984810829163
toxicity_predictor,train,LRPAILVRIK,0,0.004094570875167847
toxicity_predictor,train,FLKGIIDTVSKLF,0,2.099762969010044e-05
toxicity_predictor,train,GTPCGESCVYIPCFTAVVGCTCKDKVCYLN,1,0.9437440037727356
toxicity_predictor,train,MSYIVRFTGLLLLNAFIVRGRPVGGIQH,0,0.00020210612274240702
toxicity_predictor,train,KPCCSIHDSSCCGI,1,0.9945341348648071
toxicity_predictor,train,FLPLIGKILGTIL,0,0.00024273130111396313
toxicity_predictor,train,KAAKAAKKAAKAAWK,0,0.09733269363641739
toxicity_predictor,train,IHKFWRGGRWFKHI,0,0.24009394645690918
toxicity_predictor,train,VWRKWRRFWKR,0,0.03380867466330528
toxicity_predictor,train,ITCLSDINSK,0,0.0030702748335897923
toxicity_predictor,train,IASKFLCTPGCAKTGSFNSYCC,1,0.9677547812461853
toxicity_predictor,train,KWKWKWKW,0,0.004226932767778635
toxicity_predictor,train,QAVLGAGLPCNTTTSPIIKVCASGMK,0,0.006425816100090742
toxicity_predictor,train,GRTSKQELCTWERGSVRQADKTIAG,0,9.714106272440404e-05
toxicity_predictor,train,NRTFKTNTKCHVKNQCNFLCQ,1,0.8442878723144531
toxicity_predictor,train,FFGLIPGLVGSLISAFK,0,1.3800564374832902e-05
toxicity_predictor,train,ALWKSLLKNVGKAAGKAALNAVTDMVNQ,0,7.847021333873272e-05
toxicity_predictor,train,LNQESARKSE,0,1.1309368346701376e-05
toxicity_predictor,train,ILGKIWEGIKSIF,0,3.242866660002619e-05
toxicity_predictor,train,VATSEPNRYFNPYSYVELIITVDHS,0,7.892227586125955e-06
toxicity_predictor,train,RIRFPWPWRWPWWRRVRG,0,0.005293411668390036
toxicity_predictor,train,GAAILTNDNAMDALQDL,0,2.1347783274450194e-07
toxicity_predictor,train,RNEEERLINHLFKERGYNKELRPAQT,0,0.0011290019610896707
toxicity_predictor,train,MGHLVLVRHYVLVLLLIELMQLLLGSLGLS,0,0.030032673850655556
toxicity_predictor,train,FLPFVGNLLKGLL,0,0.00047942152014002204
toxicity_predictor,train,CANSCSYGPLTWSCDGNTK,1,0.870028555393219
toxicity_predictor,train,ARICPRILMKCKKDSDCLAECICEEHGFCG,1,0.943681538105011
toxicity_predictor,train,INWLKLGKKILGAL,0,0.0014497883385047317
toxicity_predictor,train,GLVDVLGKVGGLIKKLLPG,0,2.5999645004048944e-05
toxicity_predictor,train,VVGGDECNINEHRFL,0,0.0012766557047143579
toxicity_predictor,train,CELAGIGILTVRKKRRQRRR,0,0.4257895350456238
toxicity_predictor,train,GFMDTAKNVAKNMAGNLLDNLKCKITKAC,0,0.0010033657308667898
toxicity_predictor,train,ILGPVLSLVGNALGGLLKNE,0,2.761283212748822e-06
toxicity_predictor,train,CYIQNCPVG,0,0.18608154356479645
toxicity_predictor,train,AKCLRWQWAMRKVGG,0,0.026269305497407913
toxicity_predictor,train,IVPFLLGMVPKLVCLITKKC,0,0.0031953644938766956
toxicity_predictor,train,RRLRWKTRWRLK,0,0.5424039363861084
toxicity_predictor,train,RKFHEKHHSHRGYRSNYLYDN,0,0.17385241389274597
toxicity_predictor,train,CCHSSWCKHLC,1,0.9966769218444824
toxicity_predictor,train,IKIWFQNRRMKWKK,0,0.004123069811612368
toxicity_predictor,train,GVGSFIHKVVSAIKNVA,0,7.987939898157492e-05
toxicity_predictor,train,GSNIEVMLGLPNSDVK,0,5.5906824059093196e-08
toxicity_predictor,train,MKVTFQGNEVTLQGKEVKVG,0,1.3798774489259813e-05
toxicity_predictor,train,VPSSFRTTITDAQLRG,0,4.359689683042234e-06
toxicity_predictor,train,RVRRFWPLVPVAINTVAAGINLYKAIRRK,0,0.0024828671012073755
toxicity_predictor,train,GTACGESCYVLPCFTVGCTCTSSQCFKN,1,0.9967465400695801
toxicity_predictor,train,EPTPRSFNGDKVFRV,0,1.6242787751252763e-05
toxicity_predictor,train,GDACGETCFTGICFTAGCSCNPWPTCTRN,1,0.989382266998291
toxicity_predictor,train,MDIVSIGWAALMVVFTFSLSLVVWGRSGL,0,4.043223452754319e-05
toxicity_predictor,train,RRQGPIFDTRPSPFNPNQPRPGPIY,0,8.231563697336242e-05
toxicity_predictor,train,GIGTKILGGVKAALKGALKELASTYVN,0,7.878264295868576e-05
toxicity_predictor,train,LLKWLLKWLKK,0,0.03679918497800827
toxicity_predictor,train,GLFGVLGSIAKHVLPHVVPVIAEK,0,5.5209340644069016e-05
toxicity_predictor,train,GLLKRIKTLL,0,0.007525364402681589
toxicity_predictor,train,GLLSVLGSVAKHVLPHVVPVIAKLH,0,0.00019861891632899642
toxicity_predictor,train,HLNKRVQRELIGWLDWLK,0,0.0007912879227660596
toxicity_predictor,train,LLPWKWPWWKWRR,0,0.0027200616896152496
toxicity_predictor,train,FISGLIGGLMKAL,0,3.898829163517803e-05
toxicity_predictor,train,FPVTWRWWKWWKG,0,0.0012422522995620966
toxicity_predictor,train,APVAQEGN,0,1.9792178136412986e-05
toxicity_predictor,train,AGPYSFGL,0,1.855337541201152e-05
toxicity_predictor,train,HVGGDECNINEHRSLVAIFVFTEFF,0,0.00013586963177658617
toxicity_predictor,train,SGQSWRPQGRF,0,0.00023089011665433645
toxicity_predictor,train,KIWFQNRRMKWKK,0,0.010410052724182606
toxicity_predictor,train,GVVDILKGAGKDLLAHLVGKISEKV,0,1.251294270332437e-05
toxicity_predictor,train,TCTLGTCYTAGCSCSWPVCTRNGVPICGE,1,0.9906150102615356
toxicity_predictor,train,RWAEIVCRSPSCNECCEWHTCFAPED,1,0.8932316303253174
toxicity_predictor,train,VVVNVLVKVLPPPVV,0,0.010330171324312687
toxicity_predictor,train,GYNYAKKLANLAKKFANALW,0,0.006759930867701769
toxicity_predictor,train,WRLRWRLRWRLR,0,0.04673992469906807
toxicity_predictor,train,ALWKNMLKGIGKLAGQAALGAVKTLVGAE,0,0.00023768287792336196
toxicity_predictor,train,AEVPMPLRQLTMTLPDGREESVMERTTLVA,0,6.530577138619265e-06
toxicity_predictor,train,NGKKKRKKPEKLCMKPGACSVIFDASVNE,0,0.010370408184826374
toxicity_predictor,train,KWKSFIKKLTSKFLHSKKKF,1,0.3798377215862274
toxicity_predictor,train,MEALMAASVAALTI,1,0.9993560910224915
toxicity_predictor,train,IDPVNVKKLQCDGDTYKCTADLDFGDGR,0,0.000122129509691149
toxicity_predictor,train,KLLKWWKKLL,0,0.010250628925859928
toxicity_predictor,train,KRIVQRIKDWLR,0,0.002913612872362137
toxicity_predictor,train,GIVDFAKKVVGGIRNALGI,0,5.043636338086799e-05
toxicity_predictor,train,KWKSFIKKLTTAVKKVLTTGLPALIS,0,0.0010491706198081374
toxicity_predictor,train,LNPFRWMINKYREWKNKKN,0,0.001797476434148848
toxicity_predictor,train,MLYPLSYMLLWTDSIVEQYKKFYLFRFDL,0,0.00030319011420942843
toxicity_predictor,train,SRSELIVHQRRC,0,0.008029544726014137
toxicity_predictor,train,GLLGKLLKIAAKVGSNLL,0,0.00021745274716522545
toxicity_predictor,train,FKGGGPYGQGVTRG,0,0.0011994164669886231
toxicity_predictor,train,GTLIGQDYK,0,1.8836617527995259e-06
toxicity_predictor,train,DITEVIAAGR,0,4.669596819439903e-06
toxicity_predictor,train,LENRVAEKQKLFQEDNGLPVHLKGGATDN,0,1.950064870470669e-06
toxicity_predictor,train,AVYLPNCDRKGFYKRKQCKPSR,0,0.11835859715938568
toxicity_predictor,train,FKKLKKLFKKILKLK,0,0.22263965010643005
toxicity_predictor,train,GAGEALNAKRQQDVNHLLDLIYDHLHY,0,3.8946556742303073e-05
toxicity_predictor,train,SIPCAESCVWIPCTVTALLGCSCSDKVCYN,1,0.9371423125267029
toxicity_predictor,train,FFPLALLCKVFKKC,0,0.022154588252305984
toxicity_predictor,train,SKTKRRSLLKRLGDGIRGFWNGFRGRK,1,0.4005160629749298
toxicity_predictor,train,AWLDKLKNLGKVVGKVALGVVQNYLNPRQ,0,0.00023577292449772358
toxicity_predictor,train,GVLSAFKNALPGIMKIIV,0,5.123786104377359e-05
toxicity_predictor,train,DLWNSIKDMAAAAGRAALNAVTGMVNQ,0,6.778391707484843e-06
toxicity_predictor,train,MWTKPAFEDIRLGFEITMYAAVE,0,1.9124448954244144e-05
toxicity_predictor,train,LMCTHPLDCSN,0,0.6892760396003723
toxicity_predictor,train,MRNIKVKPFLN,0,0.002156821545213461
toxicity_predictor,train,FIHHIIGGLFSVGKHIHSLIHGH,0,0.022710135206580162
toxicity_predictor,train,FLFSLIPSVIAGLVSAIRN,0,1.4573745829693507e-05
toxicity_predictor,train,STIEVRNNSPYYSVD,0,8.123221959976945e-06
toxicity_predictor,train,ILKKLLKKVKSI,0,0.010056493803858757
toxicity_predictor,train,RRWCFRVCYRGFCYRKCR,1,0.8851545453071594
toxicity_predictor,train,DQGTACTGEHAHSFCLNGGTCRHIQQLGE,1,0.20891274511814117
toxicity_predictor,train,FLGFLHHLF,0,0.03653577342629433
toxicity_predictor,train,KKKSGVIPTVSHDCHMNSFQFVFTCCS,1,0.6469006538391113
toxicity_predictor,train,MQWTKPAFTDLRIGFEVTMYFEAR,0,6.279577064560726e-05
toxicity_predictor,train,SLWGKLKEMAAAAGKAALNAVNGLVNQ,0,7.952575106173754e-05
toxicity_predictor,train,KWCFRVCYRGICARRCR,1,0.9333502650260925
toxicity_predictor,train,MDLIFPLVGSLLLVICVMVGVAFLTLL,1,0.984655499458313
toxicity_predictor,train,ILGKIIKVVK,0,0.0003222180239390582
toxicity_predictor,train,APLMGFQGVR,0,8.039928798098117e-05
toxicity_predictor,train,RIKRFWPVVIRTVV,0,0.00047835378791205585
toxicity_predictor,train,GSGSGSGSGRQIKIWFQNRRMKWKKGC,0,0.004580086097121239
toxicity_predictor,train,SPELPQPPSSDLLGCLRA,0,4.6360193664440885e-05
toxicity_predictor,train,HSDAVFTDNYSRFRKQMAAKKYLNS,0,0.00014544036821462214
toxicity_predictor,train,FIGKLISAASGLLSHL,0,2.1689949790015817e-05
toxicity_predictor,train,EPPPWVPV,0,0.00021975213894620538
toxicity_predictor,train,NLINFMEMIRYTIP,0,3.402420043130405e-05
toxicity_predictor,train,GWGDTFLKTMAKIAKVGPKLLHS,0,0.0001245899184141308
toxicity_predictor,train,GLSLSFAPK,0,8.057500963332132e-06
toxicity_predictor,train,CENTISGCSRADCLLTHRKQGCQKTCGLC,1,0.9929106831550598
toxicity_predictor,train,YCNRRTGKCQRM,0,0.6006132364273071
toxicity_predictor,train,DPLNEERRANRYGFGL,0,5.3689720516558737e-05
toxicity_predictor,train,QKKPPRPPQWAVGHFM,0,0.0009363644639961421
toxicity_predictor,train,GLMDMLKKVGKVALTVAKSALLP,0,0.00023582599533256143
toxicity_predictor,train,FHPSLWVLIPQYIQLIRKILKSG,0,0.00016452661657240242
toxicity_predictor,train,GVGCSSGCHKVGGQCRCG,1,0.9912390112876892
toxicity_predictor,train,GGCCSHPACFASNPDYC,1,0.9203567504882812
toxicity_predictor,train,GFIMEFAENLILRRMEDPK,0,2.0230749214533716e-05
toxicity_predictor,train,MDILTLGWVSILALFTWSIAMVVWGRNGF,0,0.0002716320159379393
toxicity_predictor,train,VATVSLPR,0,0.00015307484136428684
toxicity_predictor,train,VAAGGWRPIESLNSAEVQDV,0,2.6494998905945977e-07
toxicity_predictor,train,AKLIPTIAL,0,0.09915760159492493
toxicity_predictor,train,FLPIASLLGKYL,0,0.005686979740858078
toxicity_predictor,train,FIHHIIGALGHLF,0,0.007943644188344479
toxicity_predictor,train,GIMDSVKGVAKNLAAKLLEKLKCKITGC,0,0.0014182835584506392
toxicity_predictor,train,GLVSGLLNTAGGLLGDLLGSLGSLSGGES,0,6.06046171469643e-07
toxicity_predictor,train,DGRELCLDPKENWVQRVVEKFLK,0,0.00017002214735839516
toxicity_predictor,train,RICPRILMECKADSDCLAQCICEESGFCG,1,0.9507267475128174
toxicity_predictor,train,SILSGNFGVGKKIVCGLSGLC,0,0.0030510372016578913
toxicity_predictor,train,RSCCPCYWGGCPWGQNCYPEGCSGPKV,1,0.8662581443786621
toxicity_predictor,train,NLYQFKNMIQCTTKRSVLEFMEYGCYC,1,0.5618783235549927
toxicity_predictor,train,FLPILAGLAAKIVPKLFCLATKKC,0,0.004291291814297438
toxicity_predictor,train,GLPVCGETCVTGSCYTPGCTCSWPVCTRN,1,0.9869464039802551
toxicity_predictor,train,GKLSSLWKKLKKIIAK,0,0.04796479642391205
toxicity_predictor,train,KAAKKAAKAAKKAAKAAKKAA,1,0.14293333888053894
toxicity_predictor,train,GGSSGLIAFPRL,0,4.857677140535088e-06
toxicity_predictor,train,RRAAVVLIVIRR,0,0.004467344842851162
toxicity_predictor,train,RCAHGTYYSNDSQQCLLNCCWWGGGDHCCR,1,0.9038347005844116
toxicity_predictor,train,KLWKLFKKIGIGAVLKVLTTGLPALKLTK,0,0.004651203285902739
toxicity_predictor,train,AGECVQGRCPSGMCCSQFGYCGRGPKYCGR,1,0.9815086722373962
toxicity_predictor,train,LETLLSLI,0,0.0013858111342415214
toxicity_predictor,train,LIGPVLGLVGSALGGLLKKI,0,2.904375287471339e-05
toxicity_predictor,train,GFKNVALSTARGF,0,0.00011515410005813465
toxicity_predictor,train,MKKPVLKPFASLEIKVDPPITIGETSLGLR,0,8.046275070228148e-06
toxicity_predictor,train,APRKNVRF,0,0.17635683715343475
toxicity_predictor,train,QSHLSLCRWCCNCCNRYKGCGFCCKF,1,0.9963024854660034
toxicity_predictor,train,FIHHIIGGLFSAGKAIHSLIHRRRR,1,0.49914589524269104
toxicity_predictor,train,RRLRPRRPRLPRPRPRPRPRPR,1,0.5580570697784424
toxicity_predictor,train,GRCCHPACGKNYSC,1,0.9958945512771606
toxicity_predictor,train,VGPGAINAGTYLVSRELFER,0,5.735234026360558e-06
toxicity_predictor,train,EPSQLRVAKVTGGAASKL,0,3.0266337489592843e-05
toxicity_predictor,train,RGLWSKIKEAGKAALTAAGKAALGAVSDAV,0,0.0001374400599161163
toxicity_predictor,train,RGDKGEAGEAGE,0,2.17435481317807e-05
toxicity_predictor,train,TKDEGTFIAEGGGVR,0,2.951721626232029e-06
toxicity_predictor,train,RLCRIVPVIRVCR,0,0.0023386834654957056
toxicity_predictor,train,LWKKIYRKWKRW,0,0.00767493387684226
toxicity_predictor,train,MTTRGFSCLLLLIREIDLSAKRRI,0,0.0004949871217831969
toxicity_predictor,train,GHGGASNYVRL,0,0.00039985543116927147
toxicity_predictor,train,NSGMINSILGIPRVMTEA,0,7.091272209436283e-07
toxicity_predictor,train,VGCEECPMHCKGKNAKPTCDNGVCNCNV,1,0.9936594367027283
toxicity_predictor,train,GLFDVIKKVASVIGGL,0,1.0149872650799807e-05
toxicity_predictor,train,FAKRYVELVIVA,1,0.9990621209144592
toxicity_predictor,train,INWKGIAAMKKLL,0,0.005830538924783468
toxicity_predictor,train,AEFGPSQPFKGAK,0,4.760903902933933e-05
toxicity_predictor,train,APVPFSCTRGCLTHLV,0,0.21423570811748505
toxicity_predictor,train,AKCLRWQWAMRKYGG,0,0.022308774292469025
toxicity_predictor,train,QSPGCCWNPACVKNRC,1,0.987109899520874
toxicity_predictor,train,KQTENLADTY,0,1.2975956451555248e-05
toxicity_predictor,train,GRKKRRQRPPQC,0,0.17513324320316315
toxicity_predictor,train,GPMEDPLEIIRI,0,1.440966002519417e-06
toxicity_predictor,train,SPALDDEHNDNFLRL,0,3.816924163402291e-07
toxicity_predictor,train,GLFDIVKKLVSDF,0,3.8389594010368455e-06
toxicity_predictor,train,HGGYKPTDK,0,0.025287341326475143
toxicity_predictor,train,NLVSGLIEARKYLEQLHRKLKNCKV,0,0.005972211714833975
toxicity_predictor,train,FMGGLIKAATKIVPAAYCAITKKC,0,0.011080809868872166
toxicity_predictor,train,AQPPQQADFL,0,1.0883277354878373e-05
toxicity_predictor,train,ILSAIWSGIKS,0,4.37358994531678e-06
toxicity_predictor,train,QARPPHPPIPPAP,0,0.0005046302103437483
toxicity_predictor,train,NYRWRCKN,0,0.07323455065488815
toxicity_predictor,train,AIGSILGALAKGLPTLRSWIKNR,0,0.00012697411875706166
toxicity_predictor,train,VLLVTLTRLHQRGVIYRKWRHFSGRKYR,1,0.2003527134656906
toxicity_predictor,train,VDKGSYLPRPTSHPRPIRV,0,0.0006157558527775109
toxicity_predictor,train,ILKWKWPWWPWRR,0,0.0017548700561746955
toxicity_predictor,train,RKFHEKHHSHREFPFYGDYGSNYLYDN,0,0.0028970190323889256
toxicity_predictor,train,GVPSVSTVNVAQKQHDVNFLLFKVYI,0,6.899003437865758e-06
toxicity_predictor,train,EVIAQLTMIAMIGIAGPMIIFLLAVRRGNL,0,0.009695044718682766
toxicity_predictor,train,RGLRRLGRKIAHGVKKYGPTVKRIKRKA,1,0.8965466618537903
toxicity_predictor,train,GPSGFYGVR,0,0.00015351218462456018
toxicity_predictor,train,SFHVFPPWMCKSLKKC,0,0.07384038716554642
toxicity_predictor,train,QLYENKPRRPYIL,0,0.0014641154557466507
toxicity_predictor,train,LGIYSDAGTQTCSK,0,0.0018297998467460275
toxicity_predictor,train,FLFSLIPSAISGLISAF,0,1.2425115528458264e-05
toxicity_predictor,train,ATVYNNDGTQVDVGGRFDVALG,0,8.459140872218995e-07
toxicity_predictor,train,NDWRNAMYPVVPGHE,0,1.6289697668980807e-05
toxicity_predictor,train,TYNNNLIR,0,0.0002157942217309028
toxicity_predictor,train,LKALKKLAKKLKKLA,0,0.13666562736034393
toxicity_predictor,train,FLPIIGKLLSG,0,2.2270211047725752e-05
toxicity_predictor,train,FFGRLKSVWSAVKHGWKAAKSR,0,0.012661796063184738
toxicity_predictor,train,SAISCGETCFKFKCYTPRCSCSYPVCK,1,0.9829121828079224
toxicity_predictor,train,SVEIPKPFKWNDSF,0,1.4932862768546329e-06
toxicity_predictor,train,SPAGCRFCCGCCPNMRGCGVCCRF,1,0.9975149631500244
toxicity_predictor,train,PYDRISSSAFSDF,0,5.333741341928544e-07
toxicity_predictor,train,SVFAFENEQSSTIAPARLYK,0,3.972862032242119e-06
toxicity_predictor,train,DYPKLTFTTS,0,7.795127021381631e-05
toxicity_predictor,train,TAIRKCNPRT,0,0.08567124605178833
toxicity_predictor,train,CCSCSCSTCTCTCTCASSAATKM,1,0.9991738200187683
toxicity_predictor,train,ISAEAPLYAEVGMPALSPTMT,0,1.6816911738715135e-05
toxicity_predictor,train,LKLLKKLLKLLKKLGGGK,0,0.05581898242235184
toxicity_predictor,train,FKRNVQRIKDFLR,0,0.023847246542572975
toxicity_predictor,train,DNTDSVVKIQSWFRMATARKSYL,0,7.2956695476023015e-06
toxicity_predictor,train,QGYGFNEPEQTRNQGGSSWEAP,0,4.045983587275259e-06
toxicity_predictor,train,QHWSHGWLPG,0,0.0002610411902423948
toxicity_predictor,train,IIPFVAGVAAEMMEHVYCAASKKC,0,0.006347357761114836
toxicity_predictor,train,SMISVLKNLGKVGLGFVACKVNKQC,0,0.0022806061897426844
toxicity_predictor,train,GWFKKAWRKVKNAGRRVLKGVGIHYGVGLI,1,0.09515369683504105
toxicity_predictor,train,KKLKLALAKLAPLWKALALKLKKA,0,0.08345853537321091
toxicity_predictor,train,CKSPGTPCSRGMRDCCTSCLLYSNKCRRY,1,0.9812275767326355
toxicity_predictor,train,KFFKKLKNSVKKRAKKFFKKPRVIGVSIPF,1,0.5181013345718384
toxicity_predictor,train,GCRRWCYKQRCVTYCRGR,1,0.9698718786239624
toxicity_predictor,train,TLASYIRARRLTKAAVELRLTKK,0,0.021109383553266525
toxicity_predictor,train,IIGGLFSAGKAIHRLIRRRRR,0,0.6254996061325073
toxicity_predictor,train,ATCYCRTGR,0,0.9653842449188232
toxicity_predictor,train,EPHPNEFVGLM,0,1.3998611393617466e-05
toxicity_predictor,train,IKVIQRGKVRRAKLYYLRDR,0,0.05807150900363922
toxicity_predictor,train,FGGFTGARKSARKLANQ,0,0.0037870474625378847
toxicity_predictor,train,FGVLAVTSR,0,0.00013893548748455942
toxicity_predictor,train,GLLSGLLGAGKKIVCGLSGMC,0,0.0007736539700999856
toxicity_predictor,train,LLSLVPHAINAVSAIAKHF,0,0.0002086038439301774
toxicity_predictor,train,KKCKFFCKVKKKIKSIGFQIPIVSIPFK,1,0.033482350409030914
toxicity_predictor,train,LNLKALLAVAKKIL,1,0.990149974822998
toxicity_predictor,train,KRIRKRIKKWLR,0,0.7369465231895447
toxicity_predictor,train,IAWKGIAAMAKKLL,1,0.9742999076843262
toxicity_predictor,train,CVTGAPGCVGGGRL,0,0.4991285502910614
toxicity_predictor,train,AHCLAIGRK,0,0.08566489815711975
toxicity_predictor,train,LGICFASMPR,0,0.0021943289320915937
toxicity_predictor,train,SIGFDGLNDPDIVAR,0,2.658317121984055e-08
toxicity_predictor,train,QAKTFLDKFNHEA,0,0.00012721346865873784
toxicity_predictor,train,VVSQYHELVVQARLSEQELEFR,0,1.4591449144063517e-05
toxicity_predictor,train,AEVQDKGEFLAEGGGVR,0,1.3174740161048248e-06
toxicity_predictor,train,GFGSLLGKALKIGTNLL,0,2.356032382522244e-05
toxicity_predictor,train,CGETCVTGTCYTPGCACDWPVCKRD,1,0.9937657117843628
toxicity_predictor,train,KILRGVCKKIMRPFLRRISKDILTGKK,1,0.20575334131717682
toxicity_predictor,train,GLWETIKNFGKKFTLNILHNLKCKIGGGC,0,0.003965464886277914
toxicity_predictor,train,SPTQDFMRF,0,3.378014980626176e-06
toxicity_predictor,train,GLWSKIKETGKEAAKAAGKAALNKIAEAV,0,0.00044747127685695887
toxicity_predictor,train,CYIQSCPIG,0,0.19535595178604126
toxicity_predictor,train,CSCADMTDKECLYFCHQDVIW,1,0.7573577165603638
toxicity_predictor,train,NQCPQAYSYAK,0,0.03148115053772926
toxicity_predictor,train,KFWSLLKKALRLWKKVL,0,0.014794856309890747
toxicity_predictor,train,GCWSTVLGGLKKFAKGGLEAIVNPK,0,0.00010414518328616396
toxicity_predictor,train,SNWLKLGKKMMSAL,0,0.0004987366846762598
toxicity_predictor,train,ACLRIRVCNRYYCYVFLRCF,1,0.4395664930343628
toxicity_predictor,train,SVKKFWGGVKAIFKGARKGLK,0,0.14870797097682953
toxicity_predictor,train,TRRQRTRRARRNRGC,0,0.40808501839637756
toxicity_predictor,train,KFWSLLKKALRLWANVL,0,0.03395060449838638
toxicity_predictor,train,GLWSKIKNVAAAAGKAALGAL,0,0.001426641596481204
toxicity_predictor,train,VGKFPLLANSR,0,0.00011472872574813664
toxicity_predictor,train,AQGDNPDKDTDGN,0,1.9171864096279023e-06
toxicity_predictor,train,HLLKRVQRELIGWLDWLK,0,0.001862947829067707
toxicity_predictor,train,TLRGDERILSILRHQNLLKE,0,7.66391385695897e-05
toxicity_predictor,train,FLQRIIRALGRLF,0,0.006930087227374315
toxicity_predictor,train,WGRAFRRGVRRLARGGRR,0,0.5368777513504028
toxicity_predictor,train,MDIISIGWVSLMVVFTFSISLVVWGRSGL,0,7.175242444645846e-06
toxicity_predictor,train,GLLSVLGSVAKHVLPHVVPVIAEKL,0,6.686664710287005e-05
toxicity_predictor,train,SPSLDDERNDNFVRL,0,1.2531739912446938e-07
toxicity_predictor,train,FVPWFSKFLKRIL,0,0.0018555755959823728
toxicity_predictor,train,RPRPQQFFGLM,0,0.0012298778165131807
toxicity_predictor,train,QDLDHVFMRF,0,6.311407923931256e-05
toxicity_predictor,train,GRNGKSQSIIVGPWGDRVTN,0,2.9156865366530837e-06
toxicity_predictor,train,GISCAETCVLLPCLSSVIGCTCQNKRCYKN,1,0.9803580045700073
toxicity_predictor,train,VSLFPVSLFP,0,2.836077328538522e-05
toxicity_predictor,train,MRLNYSRCYYSSQRRRQSLPKRFPLI,0,0.015888234600424767
toxicity_predictor,train,MFSLSNSQYTCQDYISDHIWKTSSH,0,0.00010605129500618204
toxicity_predictor,train,GRFRRLRKKTRKRLKKIGKV,1,0.8747166395187378
toxicity_predictor,train,TARRITPKDVIDVRSVTTEINT,0,8.280356269096956e-06
toxicity_predictor,train,FLPILAGLAANILPKVFCSITKKC,0,0.0012490256922319531
toxicity_predictor,train,MYDESTGYSSALK,0,1.6477027884320705e-06
toxicity_predictor,train,KSPPQALNKPLPAPSAPSL,0,6.851636862847954e-05
toxicity_predictor,train,SALVGCWTKSYPPKPCFGR,0,0.022924046963453293
toxicity_predictor,train,KILRGVCKKIMRTFLRRISKDILTGKK,1,0.1488017588853836
toxicity_predictor,train,DSDSAFLIG,0,1.0107554793137297e-08
toxicity_predictor,train,KKVWFIFHVCPKLKQRIL,0,0.008424082770943642
toxicity_predictor,train,ALLDKLKSLGKVVGKVAIGVAQHYLNPQ,0,0.00012078442523488775
toxicity_predictor,train,NLLQFNKMIKVETGKNAIPFYAF,0,9.431321086594835e-05
toxicity_predictor,train,YYNPLPHDCGRDNNTDICSR,0,0.08402930945158005
toxicity_predictor,train,RILSILRHQNLLKE,0,0.0008163093589246273
toxicity_predictor,train,VKLFPFFNQY,0,0.0003765273140743375
toxicity_predictor,train,GFRDVLKGAAKAFVKTVAGHIANI,0,0.0007667149766348302
toxicity_predictor,train,GIPCAESCVYIPCTVTALLGCSCSDKVCYN,1,0.9263039827346802
toxicity_predictor,train,TTAIEPFISLGDK,0,2.6491210292078904e-07
toxicity_predictor,train,INLKAIAALVKKVL,1,0.9710587859153748
toxicity_predictor,train,PAELADYDAIIIGTATRYGMMAAQMK,0,3.055434353882447e-05
toxicity_predictor,train,ALKDEFEEHAEKAKTLPENTSNENKLILYG,0,5.4192778407013975e-06
toxicity_predictor,train,NVLSSVANGINRALSFFG,0,3.129897550024907e-06
toxicity_predictor,train,FLPVILPVIGKLLNGIL,0,0.0016258080722764134
toxicity_predictor,train,QPPGGSKVILF,0,4.550876383291325e-06
toxicity_predictor,train,CCMALCSRYHCLPCC,1,0.9898650050163269
toxicity_predictor,train,AHVEVPNSLY,0,3.5117733204970136e-05
toxicity_predictor,train,KRMLSNRESARRSRMRKQK,0,0.2889230251312256
toxicity_predictor,train,VNWKKILGKIIKVAK,0,0.0020291467662900686
toxicity_predictor,train,NLMQFETLIMKVAGRSGVWYYGS,0,2.103659244312439e-05
toxicity_predictor,train,GTRCGETCFVLPCWSAKFGCYCQKGFCYRN,1,0.9647994637489319
toxicity_predictor,train,CEGHSHDHGA,0,0.12753258645534515
toxicity_predictor,train,LKLLKKLLKKLKKLL,0,0.015344708226621151
toxicity_predictor,train,SGTSEKERESGRLLGVVKRLIVGFRSPFR,0,8.740667544770986e-05
toxicity_predictor,train,GSEGPLKPGARIFSFDGKDVLRHPT,0,6.164164460642496e-06
toxicity_predictor,train,KIVINVGLGEAVQ,0,6.142874099168694e-06
toxicity_predictor,train,EGGGPQWAVGHFM,0,1.3153298823453952e-05
toxicity_predictor,train,ATQRLPPLSTEPNR,0,9.181370842270553e-05
toxicity_predictor,train,QGRPPHPPIPPAP,0,0.0007197452359832823
toxicity_predictor,train,GLPVCGETCFGGTCNTPGCSCDPWPMCSRN,1,0.9737512469291687
toxicity_predictor,train,SNKKNYQKEIVDKHNALRRSVK,0,0.008791740983724594
toxicity_predictor,train,HSDGTLTSELSRLRDRARLQRLLQGLL,0,5.052542110206559e-05
toxicity_predictor,train,MKRISTTITTTITITTGNGAG,0,0.0003357682435307652
toxicity_predictor,train,KLLSHSLLVTLA,0,0.00032764021307229996
toxicity_predictor,train,EAAGLLAFPRV,0,0.0025187896098941565
toxicity_predictor,train,GLWNTKLEAGLLFAMGKLDLKRCLKAGGC,0,0.0011560780694708228
toxicity_predictor,train,GLSQGVEPDIGQTYFEESRINQD,0,7.515699707028034e-08
toxicity_predictor,train,KKLALALKKLALLWKKLALALKKA,0,0.3642679750919342
toxicity_predictor,train,QPFPFIFP,0,7.861814083298668e-05
toxicity_predictor,train,SPALDDEHNDNFLRF,0,5.885390237381216e-07
toxicity_predictor,train,ESSLKKKALSKLSKLLKKG,0,0.0227652695029974
toxicity_predictor,train,FLGAVLKVAGKLVPAAICKISKKC,0,0.007697497494518757
toxicity_predictor,train,KLLNLLPGLLAGIF,0,0.0051590800285339355
toxicity_predictor,val,GFCRCFCRRGVCRCVCTR,1,0.9975569248199463
toxicity_predictor,val,VIPFVASVAAEMMQHVYCAASKKC,0,0.006010095588862896
toxicity_predictor,val,VEQDPYEIVIKQLERAAQYMEISE,0,2.4602477424195968e-06
toxicity_predictor,val,FFPIIARLAAKVIPSLVCAVTKKC,0,0.001720090163871646
toxicity_predictor,val,AFKLLGRIIHHVGNFVYGFSHVF,0,0.0021579230669885874
toxicity_predictor,val,KWKSFLKTFKSAKKTVLHTLLKAISS,0,0.009976135566830635
toxicity_predictor,val,ELISNSSDALDKTNNSLTIIDSGIGMTK,0,5.9441948252469956e-08
toxicity_predictor,val,GILGKLWEGFKSIV,0,1.6702919310773723e-05
toxicity_predictor,val,RLKLLLRLK,0,0.02511626109480858
toxicity_predictor,val,INWKKIAEVGGKILSSL,0,1.1654738955257926e-05
toxicity_predictor,val,FHGHTKDSKKNIKK,0,0.28904667496681213
toxicity_predictor,val,GSKKPVPIIYCNRRTGKCQR,0,0.14212487637996674
toxicity_predictor,val,FLSLIPHAINAVSTLVHHSG,0,2.3453640096704476e-05
toxicity_predictor,val,VAAIQTVLG,0,0.010854268446564674
toxicity_predictor,val,IDASTATGDSPVFTATIK,0,5.70692827750463e-06
toxicity_predictor,val,ALWKDMLKGIGKLAGKAALGAVKTLV,0,0.0011117936810478568
toxicity_predictor,val,STNCFCYICCSCSS,1,0.9973025321960449
toxicity_predictor,val,GGGVIQTISHECRMNSWQFLFTCCS,1,0.7227760553359985
toxicity_predictor,val,GYRKPPFNGSIF,0,0.00021936108532827348
toxicity_predictor,val,VIGGDECNINEHRFLVALYDPDGFLSGGIL,0,2.850419377864455e-06
toxicity_predictor,val,MELCWLTTIHGS,0,0.03618323430418968
toxicity_predictor,val,NIQIICCKHTPACCT,1,0.5996671319007874
toxicity_predictor,val,EMVALSGSHTIGQAR,0,3.936602752219187e-06
toxicity_predictor,val,GLPTCGETCTLGKCNTPKCTCNWPICYKD,1,0.9714760184288025
toxicity_predictor,val,IWLTALKFLGKNLGKHLAKQQLAKL,0,0.004263654816895723
toxicity_predictor,val,GFLGPLLKLAAKGVAKVIPHLIPSRQQ,0,0.0002758353075478226
toxicity_predictor,val,GWASKIGQTLGKIAKVGLKELIQPK,0,0.00011326202366035432
toxicity_predictor,val,ILAWKWAWWAWRR,1,0.9861277341842651
toxicity_predictor,val,SKCYQWQRRMRKLGAPSITCIRRTS,0,0.025049546733498573
toxicity_predictor,val,NLLQFNKMIKIMTKKNAIPFYSS,0,0.0001265439495909959
toxicity_predictor,val,LKWLKKLLKKL,0,0.0119167510420084
toxicity_predictor,val,YPELQQDLIARLL,0,4.940992221236229e-05
toxicity_predictor,val,DDCGGLFSGCDSNADCCEGYVCRLWCKYKL,1,0.8582273125648499
toxicity_predictor,val,MNRLKEIFQKEITPALVSKF,0,0.0001177515514427796
toxicity_predictor,val,MIIGAVEAGGTKFVDGVGNEKGEIFER,0,1.2872224033344537e-06
toxicity_predictor,val,HRRSVAHQEEASLHVKTDELPSPDTVREQL,0,1.3786370800517034e-05
toxicity_predictor,val,SVAALAAQGLLYNAPK,0,0.0006650602445006371
toxicity_predictor,val,GCCSPWNCIQLRACGCC,1,0.9962165951728821
toxicity_predictor,val,SVQDNFIRF,0,1.893813646347553e-06
toxicity_predictor,val,AGEPANNEDRFNY,0,9.780814252735581e-06
toxicity_predictor,val,CGESCVFIPCISSVIGCSCSSKVCYRNGIP,1,0.9479767084121704
toxicity_predictor,val,GIPCGESCVFIPCISGVIGCSCKSKVCYRN,1,0.9354572296142578
toxicity_predictor,val,YCQEFLWTCDEERKCCGDMVCRLWCKKRL,1,0.9585444927215576
toxicity_predictor,val,DEPDGVPTRQKQ,0,1.313214215770131e-05
toxicity_predictor,val,ILPIIGKILSTIF,0,2.9223059755167924e-05
toxicity_predictor,val,ERRCPRILKQCKRDSDCPGECICMAHGFCG,1,0.962530255317688
toxicity_predictor,val,IPYVPLTP,0,0.00019562359375413507
toxicity_predictor,val,AECMVDETVCYIHNHNNC,1,0.5366331338882446
toxicity_predictor,val,KACFRVCYRGICYRRCR,1,0.9363606572151184
toxicity_predictor,val,GKNGVFKTISHECHMNSWQFLFTCCS,1,0.7234883904457092
toxicity_predictor,val,SFLSKFKDIALDVPRMRARVY,0,0.0005077188252471387
toxicity_predictor,val,NGAICWGPCPTAFRQIGNCGRFRVRCCRIR,1,0.6038281917572021
toxicity_predictor,val,NVCHGSDSVESANKEIDLWFK,0,8.764447557041422e-06
toxicity_predictor,val,AAKKLSKLLKTLLKLL,0,0.009522035717964172
toxicity_predictor,val,ADGSDPAGGEFLEAGGGVR,0,7.440091280841443e-07
toxicity_predictor,val,LLGMIPVAISAINLMKL,1,0.35644131898880005
toxicity_predictor,val,FKCRRWAWRMKKLGA,0,0.07381383329629898
toxicity_predictor,val,TGVNYGQLGNNLP,0,1.2369006071821786e-05
toxicity_predictor,val,GERGFPGERGGPG,0,0.0004725313337985426
toxicity_predictor,val,SGLQFAVLDGQGFIPFPRV,0,1.7411060753147467e-06
toxicity_predictor,val,ANPEVRNNLP,0,2.8786973416572437e-05
toxicity_predictor,val,FALGAVTKVLPKLFCLITRKC,0,0.008650894276797771
toxicity_predictor,val,FSVTWRWWKWWKG,0,0.0016192696057260036
toxicity_predictor,val,LLGDFFRKVKEKIGKEFKRIVQR,0,0.010734595358371735
toxicity_predictor,val,YRWRCKNQ,0,0.03762705251574516
toxicity_predictor,val,LAGTVPLANK,0,0.0001206363012897782
toxicity_predictor,val,AAAGDNFMRF,0,6.404888699762523e-05
toxicity_predictor,val,ITEVITILLNRLTDRLEK,0,1.89096881513251e-05
toxicity_predictor,val,VDKGSYLPRPTPPRPIYNRN,0,0.00012624937517102808
toxicity_predictor,val,CVISAGWNHKIR,0,0.0041707968339324
toxicity_predictor,val,NFLDTLINLAKKFI,0,8.488370076520368e-05
toxicity_predictor,val,VNWKKILAKIIKVAK,0,0.0019780979491770267
toxicity_predictor,val,AAVLLPVLLAAP,1,0.9999102354049683
toxicity_predictor,val,RRARRPRRLRPAPGR,0,0.6877849102020264
toxicity_predictor,val,KCFMWQEMLNKAGVPKLRCARK,0,0.05632150545716286
toxicity_predictor,val,EAAGLLAFPRT,0,0.00010765206388896331
toxicity_predictor,val,GGLRSLGRKILRAWKKYG,0,0.27467086911201477
toxicity_predictor,val,TPWWRLWTKWHHKRRDLPRKPEGC,0,0.05524498596787453
toxicity_predictor,val,KTCENLADTFRGPCFATSNC,1,0.9122034311294556
toxicity_predictor,val,VRWRIRVAVIRA,0,0.0028930315747857094
toxicity_predictor,val,MAWTAPKITEVPLGAEINSYVCGQKK,0,0.00013297077384777367
toxicity_predictor,val,VLDLVTKTLKNVPKTVKGLLPL,0,0.000134810630697757
toxicity_predictor,val,GFPGKSLIF,0,1.5391815395560116e-05
toxicity_predictor,val,RRIIIRWRRI,0,0.011326898820698261
toxicity_predictor,val,SGLQLLDLSNNREVEML,0,2.262956968479557e-07
toxicity_predictor,val,AKPAKRVAVTGAAGQIAYSLL,0,0.0008465290302410722
toxicity_predictor,val,NEQSGKSQTVIVGSWGAKVS,0,1.320273781857395e-06
toxicity_predictor,val,FLPIIAGVAAKVLPKLFCAITKKC,0,0.0027661535423249006
toxicity_predictor,val,GLIGSIGKALGGLLVDVLKPKLQAAS,0,6.618341103603598e-06
toxicity_predictor,val,RVIEVVQGACRAIRHIPRRIRQGLERIL,0,0.002307967282831669
toxicity_predictor,val,KKRKKKAFALKFVVDLI,0,0.04901686683297157
toxicity_predictor,val,RCLFWSVCP,0,0.6137649416923523
toxicity_predictor,val,FLPIVGKLLSGLSGLL,0,1.6952750229393132e-05
toxicity_predictor,val,EKYTEAPEYI,0,0.0006405049352906644
toxicity_predictor,val,GDDVKSACCDTCLCTKSNPPICRCVDIRET,1,0.9605587124824524
toxicity_predictor,val,NGRRYTTYGCSPPVT,0,0.03005097806453705
toxicity_predictor,val,NYDKNFLRF,0,0.0007142774411477149
toxicity_predictor,val,RVRILARFLRTRV,0,0.01929996721446514
toxicity_predictor,val,MKTISRQAYADMFGPTTGDRLRLADTELFL,0,3.892729637300363e-06
toxicity_predictor,val,GIGGALLSVGKSALKGLTKGLAEHF,0,2.350345857848879e-05
toxicity_predictor,val,RCVCTRGFC,1,0.9980103373527527
toxicity_predictor,val,ITSFSLCTPGCAKTGSFNSYCC,1,0.9698754549026489
toxicity_predictor,val,FLPIALKALGSIFPKIL,0,0.000822967616841197
toxicity_predictor,val,FCTMIPIPRCY,0,0.09146807342767715
toxicity_predictor,val,GLLGSIGNAIGAFIANKLKPK,0,4.4103519030613825e-05
toxicity_predictor,val,RFRRLRKKIRKRLKKI,1,0.8601088523864746
toxicity_predictor,val,PFWRIRIRR,0,0.049233727157115936
toxicity_predictor,val,ALWKDILKNAGKAALNEINQIVQ,0,1.422464174538618e-05
toxicity_predictor,val,GNGVVLTLTHECNLATWTKKLKCC,1,0.8388099074363708
toxicity_predictor,val,GSLCGDTCFVLGCNDSSCSCNYPICVKD,1,0.9684197902679443
toxicity_predictor,val,GILDFAKTVVGGIRNALGI,0,1.2130418326705694e-05
toxicity_predictor,val,ITCQQVTAELEPCVPYLTQGIP,0,0.056094035506248474
toxicity_predictor,val,KRIVKRIKKWLR,0,0.323976069688797
toxicity_predictor,val,GYFLFRPRN,0,0.005097220651805401
toxicity_predictor,val,TEFGPSQPFKGAK,0,6.40497455606237e-05
toxicity_predictor,val,FIHHIIKGIFHIGKIIHSAINRRRH,1,0.2968074083328247
toxicity_predictor,val,SHGKQETDEEFDARWVTYFNKSDI,0,1.3427631984086474e-06
toxicity_predictor,val,SALVGCWTKSWPPKPCFGR,0,0.012479693628847599
toxicity_predictor,val,KWFRVYRGIYRRR,0,0.16569064557552338
toxicity_predictor,val,FLSLIPHAISAISAIADHL,0,1.750870251271408e-05
toxicity_predictor,val,DPPFAPRM,0,4.544629337033257e-05
toxicity_predictor,val,IGKLFKRIVQRIKKFLRNL,0,0.023551305755972862
toxicity_predictor,val,GPPCCLYGSCRPFPGCYNALCCRK,1,0.8932778835296631
toxicity_predictor,val,RFRRLRDKTRDRLKKI,0,0.792745053768158
toxicity_predictor,val,TATTRRRGRPPGFSPFR,0,0.04196305572986603
toxicity_predictor,val,FFGTALKIAANILPTAICKILKKC,0,0.0056555974297225475
toxicity_predictor,val,AKKVSKRLEKLFSKIQNDK,0,0.006469568237662315
toxicity_predictor,val,GIGTKFLGGVKTALKGALKELASTYVN,0,6.078556180000305e-05
toxicity_predictor,val,QRFIHPTYRPPPQPRRPVIMRA,0,0.00276941922493279
toxicity_predictor,val,NIVDVPCRDDYYRDSDGNCVCCKFGGA,1,0.41038429737091064
toxicity_predictor,val,FKCRRWQWR,0,0.04216530919075012
toxicity_predictor,val,DDKCSIGCKGSATAPTFLNGH,0,0.009536586701869965
toxicity_predictor,val,RRFKLLSHSLLVTLASHL,0,0.004521822556853294
toxicity_predictor,val,TRTPVNVTVTGAAGQIGYAL,0,0.00012033551320200786
toxicity_predictor,val,MQLFHLCLIISCSCPTVQASKLCLGWL,1,0.36645108461380005
toxicity_predictor,val,GAVSGLLTNLGL,0,7.310010005312506e-06
toxicity_predictor,val,AWQDLNAGW,0,8.406485903833527e-06
toxicity_predictor,val,SAKDVKFGDSARSMMIAGVNVIAD,0,6.28483860509732e-07
toxicity_predictor,val,SPPNQPSIMTFDYAKTNK,0,5.667119694408029e-06
toxicity_predictor,val,APRKNVRW,0,0.0258429367095232
toxicity_predictor,val,RKKTRKRLKKIGKVLKWI,1,0.7715298533439636
toxicity_predictor,val,VWRRWRRFW,0,0.012383580207824707
toxicity_predictor,val,SADQPNSIPPRERKAGCKNFYWKGLTSC,0,0.0012337397783994675
toxicity_predictor,val,AFVQEPLPY,0,6.976124859647825e-05
toxicity_predictor,val,KWKSFLKTFKSLKKTVLHTALKAISS,0,0.009976135566830635
toxicity_predictor,val,RRRRRRRGHRGRRGRGGRRSRGRRRRAA,1,0.5562875270843506
toxicity_predictor,val,EGCCSNPACRTNHPEVCD,1,0.9883636236190796
toxicity_predictor,val,GLFGILGSVAKHVLPHVVPVIAEHS,0,2.885169851651881e-05
toxicity_predictor,val,KFKSFIKKLTSKFLHSAKKF,0,0.35740941762924194
toxicity_predictor,val,RSTEDIIKSISGGGFLNAMNA,0,1.7011953445944528e-07
toxicity_predictor,val,SVDFDSESPR,0,1.1375879438446646e-07
toxicity_predictor,val,KKKKKAAFAKAWAAFAA,0,0.08400285243988037
toxicity_predictor,val,KWKLFKKIGIGAVLKVLTPGLPALKLTK,0,0.005698807537555695
toxicity_predictor,val,ASGQDFMRF,0,3.0390708616323536e-06
toxicity_predictor,val,GFMATAKNVAKNMDVTLLDNLKCKITKAC,0,0.0017407250124961138
toxicity_predictor,val,MITDSQVFIGLVIALVPAILAFKLGLSLYE,0,0.002494056010618806
toxicity_predictor,val,LGGLIKIVPAMICAVTKKC,0,0.0048680598847568035
toxicity_predictor,val,FPFLLSLIPSAISAIKRL,0,4.1249477362725884e-05
toxicity_predictor,val,KKLALKALKLWLLALLKLAKLALKK,0,0.5857880711555481
toxicity_predictor,val,HRRQGPIFDTRPSPFNPNQPRPGPIY,0,0.00019421926117502153
toxicity_predictor,val,AIHDILKYGKPS,0,9.298148506786674e-05
toxicity_predictor,val,AVNIPFKVHFRCKAAFC,0,0.01552943978458643
toxicity_predictor,val,EKGESGPAGPGGPT,0,0.000123035759315826
toxicity_predictor,val,ELCCPMERSS,0,0.9664962887763977
toxicity_predictor,val,GKNGDRGESGPAGPAGPAGPAGARG,0,0.00015310797607526183
toxicity_predictor,val,VHWSAEEKQL,0,3.9742753870086744e-05
toxicity_predictor,val,GFWGKLWEGVKSAI,0,4.406543303048238e-05
toxicity_predictor,val,GGETGSDAKAMWFGPRL,0,2.1420353277790127e-06
toxicity_predictor,val,KWKLFKKIPKFLHLAKK,0,0.22678862512111664
toxicity_predictor,val,SNVYRPPPYRPVYRPLRRPGYRP,0,0.002599966013804078
toxicity_predictor,val,SQEEVQKMTDAAI,0,7.938833164189418e-07
toxicity_predictor,val,KIKWFKTMKSLAKFLAKEQMKKHLGE,0,0.017612580209970474
toxicity_predictor,val,FLPILGKLLSGLL,0,0.00026613130467012525
toxicity_predictor,val,SLVELGKMILQETGKNPVTYGAY,0,3.9652309169468936e-06
toxicity_predictor,val,GLWKSLLKNVGKAAGKAALNAVTDMVNQS,0,1.5463494491996244e-05
toxicity_predictor,val,FKRIQQRIKDFLR,0,0.011809919960796833
toxicity_predictor,val,HSDAVFTDSYTRLLKQMAMRKYLDSILN,0,1.1877139513671864e-05
toxicity_predictor,val,AEYPNDVNLTVYWDP,0,3.293665577075444e-05
toxicity_predictor,val,KKTWWKTWWTKWSQPKKKRKV,1,0.029028505086898804
toxicity_predictor,val,GLKEIFKAGLGSLVKGIAAHVAN,0,0.00011493424972286448
toxicity_predictor,val,FFCFKGTPCG,0,0.7080375552177429
toxicity_predictor,val,GPSMGFHGMR,0,0.0007866777013987303
toxicity_predictor,val,INWKKGKEVLKAL,0,0.0034985458478331566
toxicity_predictor,val,MAQDAITAV,0,0.012642103247344494
toxicity_predictor,val,GKEGYPTDKRGCKLTCFFT,0,0.20877009630203247
toxicity_predictor,val,MQYISLNTTIITTTETTGYGAG,0,0.00012006043107248843
toxicity_predictor,val,PAEEKGDDVSNNGVQNQGYKS,0,1.4188262866809964e-06
toxicity_predictor,val,IRPAKLRWFKKIK,0,0.2143949270248413
toxicity_predictor,val,GLLSGLGL,0,8.729703949938994e-06
toxicity_predictor,val,FLPFLASLLSKVL,0,0.024870213121175766
toxicity_predictor,val,IKCKFCCGCCTPGVCGVCCRF,1,0.9976412057876587
toxicity_predictor,val,TRSGGACNSHDQCCINFCRKATSTCM,1,0.9916989803314209
toxicity_predictor,val,EITKFPKDQQNLIGQG,0,7.868793545640074e-07
toxicity_predictor,val,MERQNVQQQRGKDQRPQRPGASNPRRPNQR,0,0.005875654052942991
toxicity_predictor,val,MQWTTPSYTDLRFGFEITMYIANR,0,1.5655188690288924e-05
toxicity_predictor,val,MAAYLDPTGQY,0,6.208316335687414e-05
toxicity_predictor,val,GVIAWELQHNEPGRKDSTAG,0,8.338723205270071e-07
toxicity_predictor,val,RCICLLGIC,1,0.7251209020614624
toxicity_predictor,val,IKLSPKTKKNLKKVLKGAIKGAIAVAKMV,1,0.01851724088191986
toxicity_predictor,val,VRRFAWWWAFLRR,0,0.11609766632318497
toxicity_predictor,val,VKSTGRADDDLAVKTKYLPP,0,9.390158083988354e-06
toxicity_predictor,val,MENEHQYSGARCSGQAAYVAKRQECAK,0,0.003999626729637384
toxicity_predictor,val,EAIKRARNIALLPI,0,0.0014130546478554606
toxicity_predictor,val,INNKKTHIRCRRCG,0,0.542371392250061
toxicity_predictor,val,SRNKSVEIDISSE,0,2.4402052645200456e-07
toxicity_predictor,val,SKCYQWQRRMRKLGA,0,0.02719118259847164
toxicity_predictor,val,VIGGDECNINEHRSLVAIFDS,0,8.049659300013445e-06
toxicity_predictor,val,KLALKALKALKAALKLA,1,0.9419821500778198
toxicity_predictor,val,TNRNFLRF,0,0.019688056781888008
toxicity_predictor,val,MKIADQFHDELCRLAAINFEAHVLHG,0,0.00032386198290623724
toxicity_predictor,val,GIPCGESCVWIPCLTSAVGCSCKSKVCYRN,1,0.9832190871238708
toxicity_predictor,val,CCDRIACRFGCVPCCT,1,0.9952751398086548
toxicity_predictor,val,GFMDTAKNVFKNVAVTLLDKLKCKIAGGC,0,0.001224242034368217
toxicity_predictor,val,GLWSTIKNVGKEAAIAAGKAVLGSLGEQ,0,5.788887847302249e-06
toxicity_predictor,val,PAPDSSFLRDP,0,1.3924536688136868e-06
toxicity_predictor,val,GFSPNLPGKGLRIS,0,2.188526195823215e-05
toxicity_predictor,val,FAQLLNDLK,0,3.101891707046889e-05
toxicity_predictor,val,FLPMLAGLAASMVPKLVCLITKKC,0,0.0026796727906912565
toxicity_predictor,val,ADSRKPIWI,0,2.619910992507357e-05
toxicity_predictor,val,GCCSHPACNVNNPHICG,1,0.8816832900047302
toxicity_predictor,val,HSDGLFTSEYSKMRGNAQVQKFIQNLM,0,1.8510570498619927e-06
toxicity_predictor,val,KGFMTPERAAEFNFR,0,0.00035403616493567824
toxicity_predictor,val,QWPRPTPQIPP,0,0.000146440215758048
toxicity_predictor,val,GWTLNSAGYLLGPHAIDNHRSFHDKHGLA,0,2.7997697543469258e-05
toxicity_predictor,val,FFQELKEGWKNIKKA,0,0.0006491102394647896
toxicity_predictor,val,RCVCTRGFCRCFCRRGVC,1,0.9975569248199463
toxicity_predictor,val,IWSGIQGAF,0,6.316833150776802e-06
toxicity_predictor,val,NNVDKLNGDW,0,2.5805411496548913e-06
toxicity_predictor,val,KYYSRVRGGRSAVLSSLDK,0,0.0003781206323765218
toxicity_predictor,val,WCKQSGEMCNVLDQNCCDGYCIVFVCT,1,0.9532938003540039
toxicity_predictor,val,AYSNLNYLRF,0,0.0005814273608848453
toxicity_predictor,val,SLEDIEHEVEELLR,0,2.330931692995364e-06
toxicity_predictor,val,EDGYLLNRDTGCKVSCGTCRYCND,1,0.8544562458992004
toxicity_predictor,val,RQIKIWFQNRAMKWKK,0,0.0019293947843834758
toxicity_predictor,val,FVYGNGVTSILVQAQFLVNGQRRFFYTPDK,0,1.5279947547242045e-05
toxicity_predictor,val,VTVAPRFRRISLASKLCNTLETMTDV,0,0.00010979403305100277
toxicity_predictor,val,FKLFKKIPKFLHLAKKF,0,0.10638462007045746
toxicity_predictor,val,AKDNFLRF,0,0.0009394151857122779
toxicity_predictor,val,TVRIIVKVVKYLV,0,0.01810178905725479
toxicity_predictor,val,FRSGILKLASKIPSVLCAVLKNC,0,0.0021330288145691156
toxicity_predictor,val,KWCFRRCYRGICYRRCR,1,0.8889507055282593
toxicity_predictor,val,ALWKTLLKKVLKA,0,0.04035640507936478
toxicity_predictor,val,FKCMSEWYW,0,0.0308831799775362
toxicity_predictor,val,FVQWWSKWLGRIL,0,0.0006211891304701567
toxicity_predictor,val,MKHIPFFFAFFFTFP,0,0.004492511507123709
toxicity_predictor,val,APWLVPSQITTCCGYNPGTMCPSCMCTNTC,1,0.8864219188690186
toxicity_predictor,val,KWKSFIKKLASKFLHSAKKF,0,0.13583102822303772
toxicity_predictor,val,MVINNNISAINAQRTLKFRQVDLKK,0,3.2435164030175656e-05
toxicity_predictor,val,AVSCFKACMKKRGIPFVCSVDC,1,0.9205470085144043
toxicity_predictor,val,QSHLSMCRYCCKCCRNKGCGFCCRF,1,0.9981491565704346
toxicity_predictor,val,LKKLLKLKKKLLKLAG,0,0.05236104875802994
toxicity_predictor,val,FLGALWNVFKSVF,0,0.014257948845624924
toxicity_predictor,val,LQHTTGALGHLI,0,0.00033004130818881094
toxicity_predictor,val,LKLSPETKDTLKKVLKGAIKGAIAIASLA,0,0.00014197149721439928
toxicity_predictor,val,FQFVNPSDIVFGS,0,9.668788152339403e-07
toxicity_predictor,val,MKAIFVLKGWWRTS,0,0.0034539680927991867
toxicity_predictor,val,GIIKVIKSLIEQFTGK,0,1.3047181710135192e-05
toxicity_predictor,val,FVPLLVSKLVCVVTKKC,0,0.022576235234737396
toxicity_predictor,val,GCRFCCNCCPNMSGCGVCCRF,1,0.9983221888542175
toxicity_predictor,val,QNAHPSPKVPP,0,0.0002967204782180488
toxicity_predictor,val,LKLLKWLLKLL,1,0.9674137234687805
toxicity_predictor,val,FYYGLKKLHFCSF,0,0.020603034645318985
toxicity_predictor,val,HLNKRVQRELRGWLDWLK,0,0.004067772533744574
toxicity_predictor,val,QSVPTFTPRL,0,5.245446300250478e-05
toxicity_predictor,val,APRSMRRSSDCFGSRIDRIGAQSGMGCGRF,0,0.00015826318121980876
toxicity_predictor,val,GPAGPAGARG,0,0.0008761044009588659
toxicity_predictor,val,MKVFFLFAVLFCLVRRNSVHISHQEARGP,0,0.001326720230281353
toxicity_predictor,val,IHKFWRRWFKHI,0,0.04791773483157158
toxicity_predictor,val,EQQQQQQPQNRRFRE,0,0.0006656693294644356
toxicity_predictor,val,GVIDIIKGAGKDLIAHAIGKLAEKV,0,5.7801607908913866e-05
toxicity_predictor,val,LALKALLAVAKKIL,1,0.9998500347137451
toxicity_predictor,val,MTATILVADDDAAIRTVLNQALSRAG,0,3.24433949572267e-06
toxicity_predictor,val,AKCLRWQWRMRKVGG,0,0.04370228201150894
toxicity_predictor,val,FIHHIIGGLFSAGKAIHRHHRRRRR,1,0.9247621297836304
toxicity_predictor,val,AAGLFQFPRV,0,0.00021826307056471705
toxicity_predictor,val,KWCRCVCRRGICYCRCRG,1,0.9964126944541931
toxicity_predictor,val,MNLVDIAILILKLIVAALQLLDAVLKYLK,1,0.9997844099998474
toxicity_predictor,val,GHHPHGHHPHGHHPHGHHHPH,1,0.5788906812667847
toxicity_predictor,val,FLPLIAGVAAKVLPKIFCAISKKC,0,0.0024306990671902895
toxicity_predictor,val,LNLKKLLAVAKKIL,0,0.04749508947134018
toxicity_predictor,val,GIPCGESCVWIPCLTSAVGCPCKSKVCYRN,1,0.9485981464385986
toxicity_predictor,val,MFFSSKKCKTVSKTFRGPCVRNA,0,0.07527924329042435
toxicity_predictor,val,LPVMVIFGLSFPPIFLELLISLALFFVVR,1,0.7332622408866882
toxicity_predictor,val,INLKAITALAKKLL,0,0.06317854672670364
toxicity_predictor,val,MIIFRAAASHKK,0,0.020360901951789856
toxicity_predictor,val,EVPLDDTGL,0,2.912046852543426e-07
toxicity_predictor,val,EAALKAALDLAAKLA,1,0.9964674711227417
toxicity_predictor,val,VSGNVAARKGKQQTSSGKGGGTN,0,0.000480137940030545
toxicity_predictor,val,MVELKFLIAFFLAFTAGILAIKLGQALYDC,0,0.9248048663139343
toxicity_predictor,val,MNNSCLSQSTQWWWRAN,0,0.000512339174747467
toxicity_predictor,val,KPEEDWGHK,0,0.000615790777374059
toxicity_predictor,val,MDIVSLAWAVLMVVFTFSLSLVVWGRSGL,0,0.002675759606063366
toxicity_predictor,val,MYIFITHFFTEYVILKYLLPI,1,0.8828300833702087
toxicity_predictor,val,MNQKHLLRFIKKSYRVDADRVVYDAK,0,0.0012107896618545055
toxicity_predictor,val,GKGLEVIKWKLKHVIQL,0,0.0012347203446552157
toxicity_predictor,val,ARDGYIVDEKGCKFACFIN,0,0.03786783665418625
toxicity_predictor,val,KKKKPLFGLFFGLF,0,0.01346396841108799
toxicity_predictor,val,AVFMYPWSVLFKRLGIFGVVEMGLFI,0,0.07659298181533813
toxicity_predictor,val,ESIASFQGVLDGKYD,0,2.3593242914898838e-08
toxicity_predictor,val,GLFLDTLKGLAGKLLQGLKCIKAGCKP,0,0.0009984509088099003
toxicity_predictor,val,GASGLIAFPRV,0,3.3993001125054434e-05
toxicity_predictor,val,FPVTWPTKWWKS,0,0.00015905682812444866
toxicity_predictor,val,NLLQFGFMIRCANKRRRPVWPYEESGC,0,0.005457693245261908
toxicity_predictor,val,GLRKALRKFRNKIKEALKKI,0,0.5057500004768372
toxicity_predictor,val,DISVVGGTGDFLMAR,0,2.3298909468394413e-07
toxicity_predictor,val,KCRRYCYRQRCVTYCRGR,1,0.9234855771064758
toxicity_predictor,val,QLNFSPNW,0,4.120199719181983e-06
toxicity_predictor,val,FLPLILRKIVTAL,0,0.7173200845718384
toxicity_predictor,val,MARRGFSCLLLSTTATDLPVKRRT,0,0.000674371374770999
toxicity_predictor,val,KLLRHRLLVTLA,0,0.027157790958881378
toxicity_predictor,val,FFPIVAGVAGQVLKKIYCTISKKC,0,0.0038629123009741306
toxicity_predictor,val,NLYQFKNMIQCTVPS,0,0.0022846523206681013
toxicity_predictor,val,LVDERMSTEGTGLSLGLSNN,0,1.2911353053368657e-07
toxicity_predictor,val,TPEHQRYVELFIVVDHGM,0,4.360347884357907e-05
toxicity_predictor,val,MNERVKQVASALVDAIQKTLTEQRV,0,8.599324246461038e-06
toxicity_predictor,val,SESEVPGMWFGPRL,0,7.576624057037407e-07
toxicity_predictor,val,KPVPIIYCNRRTGKCQRM,0,0.046411432325839996
toxicity_predictor,val,APSLGFHGVR,0,0.00025782198645174503
toxicity_predictor,val,INWDILIDTIKDKL,0,8.185302249330562e-07
toxicity_predictor,val,GVVDILKGAAKDLAGHLATKVMNKL,0,0.00011983248987235129
toxicity_predictor,val,GVSKILHSAGKFGKAFLGEINKS,0,6.458450661739334e-05
toxicity_predictor,val,FKCRRWQWRMKALGA,0,0.03102112002670765
toxicity_predictor,val,YCQKWMWTCDSARKCCEGLVCRLWCKKII,1,0.9402647614479065
toxicity_predictor,val,TRSGGACNSHNQCCDDFCSTATSTCV,1,0.9902408123016357
toxicity_predictor,val,FLPKSLFTLVTDKSL,0,1.2006946235487703e-05
toxicity_predictor,val,RKKRRQRRRRKKRRQRRR,1,0.481291800737381
toxicity_predictor,val,KVWSRLRKIFSTR,0,0.10904479026794434
toxicity_predictor,val,ALSILRGLEKLAKMGIALTNCKATKKC,0,0.005911721847951412
toxicity_predictor,val,AYTGQTGAPWGLA,0,9.640098869567737e-05
toxicity_predictor,val,HAEGTYTSDVSSYLQDQAAKEFVSWLKTGR,0,1.5738348793092882e-06
toxicity_predictor,val,GLKKLLGKLLKKLGKLLLK,0,0.023080850020051003
toxicity_predictor,val,RKKRRQRRRGGG,0,0.349968820810318
toxicity_predictor,val,GKPRPYLPRPTSHPRPIRV,0,0.0132993059232831
toxicity_predictor,val,LTYDEIQSKGGSTGYDNAVALPAGGR,0,5.314436748449225e-07
toxicity_predictor,val,ILNRCCNDDN,0,0.3828333616256714
toxicity_predictor,val,FLPFVGKLLSGLL,0,0.00015177216846495867
toxicity_predictor,val,ILPFVAGVAAEMMEHVYCAASKKC,0,0.007328642066568136
toxicity_predictor,val,KLLKKLLKWLK,0,0.0119167510420084
toxicity_predictor,val,TCSYTMEA,0,0.8330502510070801
toxicity_predictor,val,FVPWFSKFLPRIL,0,0.00030611376860179007
toxicity_predictor,val,DLMQFETLIMKIAGRSGVWIYGSYGCYCG,0,0.002958468161523342
toxicity_predictor,val,VFQFLGKIIHHVGNFVHGFSHVF,0,0.0009044403559528291
toxicity_predictor,val,FLFKLIPKAIKGLVKAIRK,0,0.01501061674207449
toxicity_predictor,val,KWCFRVCYAGICYRRCR,1,0.9562996625900269
toxicity_predictor,val,FLPLIASVAANLAPKIICKITKTC,0,0.0016546768601983786
toxicity_predictor,val,GLWKNMLSGIGKLAGEAALGAVKTLV,0,3.6202123737894e-05
toxicity_predictor,val,LKKLLKLLKKLAKLAG,0,0.018233736976981163
toxicity_predictor,val,MRITVNVDGTSYTDEVEPRTLLVH,0,3.6708652260131203e-06
toxicity_predictor,val,INWKKIASIGKEVLK,0,0.00022610904125031084
toxicity_predictor,val,ASCTERKHDCTKDRHSCCRG,1,0.9425967931747437
toxicity_predictor,val,LSVDKRPVLHPEHIYGHNHY,0,0.0021662558428943157
toxicity_predictor,val,YGRKKRRQRRRPPQG,0,0.31969764828681946
toxicity_predictor,val,SISAMQFIQR,0,9.374866749567445e-06
toxicity_predictor,val,KLKLLLLLKLK,0,0.02965742163360119
toxicity_predictor,val,AWCFRVCARGICYRRCR,1,0.90776526927948
toxicity_predictor,val,FLPFLIPALTSLISSL,0,3.132152050966397e-05
toxicity_predictor,val,QLWATGHFM,0,0.0004565708804875612
toxicity_predictor,val,MNEYLLPK,0,0.00032738916343078017
toxicity_predictor,val,VDWKKIGQHILSVL,0,3.47535933542531e-05
toxicity_predictor,val,FFGAIAKLAMKFLPAIYKQIQKKRK,0,0.01610901765525341
toxicity_predictor,val,KAEEEVEKNKEEAEEEAEKKIAE,0,7.864738290663809e-05
toxicity_predictor,val,FIGPIISALASLFG,0,1.782998333510477e-05
toxicity_predictor,val,WRRRRRRR,0,0.6480807662010193
toxicity_predictor,val,KCSWWNASCHLGNNGKICTVSHECAAGCNL,1,0.96510910987854
toxicity_predictor,val,QSHLSLCRFCCKCCRNKGCGYCCKF,1,0.9979456067085266
toxicity_predictor,val,GLWKNMLSGIGKLAGQAALGAVKTLV,0,6.619294435949996e-05
toxicity_predictor,val,ARRRRRHASTKLKRRRRRRRHGKKSHK,1,0.7148680686950684
toxicity_predictor,val,GLWNKIKEAASKAAGKAALGFVNEMV,0,0.00011514332436490804
toxicity_predictor,val,MSWTKPAYTDLRIGFEVTMYFASR,0,4.047355105285533e-05
toxicity_predictor,val,RICLNQQSSEPQTTEICPDGEDTCY,1,0.48035430908203125
toxicity_predictor,val,MKAPSGAFLLGVYSMDTHILR,0,2.623776344989892e-05
toxicity_predictor,val,VEWTDAERKAIASL,0,7.616930361109553e-06
toxicity_predictor,val,KWKLFKKIGIGAVLKVLTTGLIALIS,0,0.0006707128486596048
toxicity_predictor,val,GGGSSGETNGMWFGPRL,0,5.2905311349604744e-06
toxicity_predictor,val,GLFKVLGSVAKHLLPHVVPVIAEK,0,0.0002601544256322086
toxicity_predictor,val,FLGGLLASLLGKI,0,7.988450670382008e-05
toxicity_predictor,val,ALWKDILKNAGKAALNEINQLVNQ,0,1.335994602413848e-05
toxicity_predictor,val,GLWEKIKEKANELVSGIVEGVK,0,6.820748694735812e-06
toxicity_predictor,val,LRRPPRWPRRLLRR,0,0.6535210609436035
toxicity_predictor,val,SALVGCWTKSWPPKPCFGRG,0,0.008512651547789574
toxicity_predictor,val,IKFLSDIEVTTVDERLTTVQAERMLIEEAD,0,8.029495575101464e-07
toxicity_predictor,val,FLIGMTQGLICLITRKC,0,0.01202288269996643
toxicity_predictor,val,GKNGDRGESGPAGPAGPAGPA,0,6.743399717379361e-05
toxicity_predictor,val,IRCTGSKECYSPCYKATGCPNAKC,1,0.9876102209091187
toxicity_predictor,val,EAEPKPFNPVCYEPKEVGPCKAYVP,0,0.02804894745349884
toxicity_predictor,val,GLASLLGKALKAGLKIGTHFLGGAPQQ,0,8.238066220656037e-05
toxicity_predictor,val,GIMDTVKNAAKNLAGQLLDKLK,0,2.1860061679035425e-05
toxicity_predictor,val,FFHHIFRGIVHVGKSIHKLVTG,0,0.03605814278125763
toxicity_predictor,val,ELPVNFYALNLTADNINIGY,0,5.4156971600605175e-06
toxicity_predictor,val,GCPWDSWC,0,0.2701728343963623
toxicity_predictor,val,ILKKLWEGVKSI,0,0.0002775455068331212
toxicity_predictor,val,GLWKSLLKNVGKAAGKAALNAVTDMVNQ,0,3.5759734601015225e-05
toxicity_predictor,val,FLNPFRWVINKYR,0,0.0009745748247951269
toxicity_predictor,val,GWTLNSAGYLLGPHAVDNHRSFNDKHGFT,0,8.009725206648e-06
toxicity_predictor,val,GGGGGGHLVA,0,0.0004895324818789959
toxicity_predictor,val,ECCHRQLLCCLRFV,1,0.9546118974685669
toxicity_predictor,val,AIKVFHIVAETGIHARPAT,0,0.00034942475031130016
toxicity_predictor,val,IYTYVIGRG,0,0.0020841655787080526
toxicity_predictor,val,FIGAILPAIAGLVGGLINR,0,0.00012441989383660257
toxicity_predictor,val,VETDKATVGF,0,1.083916322386358e-05
toxicity_predictor,val,KGDAGSPGPAGPTG,0,8.946093294071034e-05
toxicity_predictor,val,GIGGVLLSAGKAALKGLAKVLAEKYAN,0,0.00021362544794101268
toxicity_predictor,val,AAKPLDKSSSSLHHGYSKVHVP,0,0.00021529952937271446
toxicity_predictor,val,IKWKAILDAVKKVI,0,0.0039545395411551
toxicity_predictor,val,DKYIALGEWAGCFGIKEKDIDKDLVI,0,8.220511517720297e-06
toxicity_predictor,val,MAARLCCQLDPARDV,0,0.021164285019040108
toxicity_predictor,val,KCFQWQRNMRKVAGRPVSCIKR,0,0.03261704370379448
toxicity_predictor,val,AISGLTPCKESKQFAKREKQ,0,0.002322428859770298
toxicity_predictor,val,MELGLEPADDFKEKLIKLSA,0,1.4735179547642474e-06
toxicity_predictor,val,FIHHIIGGLFSVGKHIHSLIHRRRR,1,0.7265609502792358
toxicity_predictor,val,VNWKKVLPKIIKVAK,0,0.0024547427892684937
toxicity_predictor,val,AVPPRYGYTRG,0,0.001915580010972917
toxicity_predictor,val,GLPVCGETCFGGTCNTPGCACDPWPVCTRD,1,0.9531702995300293
toxicity_predictor,val,AVPDKIDRRESGYV,0,7.732916856184602e-06
toxicity_predictor,val,ILGKFCDEIKRIV,0,0.0006399134290404618
toxicity_predictor,val,GLLGPLLKIAAKVGKNLL,0,0.0004517210472840816
toxicity_predictor,val,GILGKIWEGVKSLI,0,1.2341915862634778e-05
toxicity_predictor,val,GIGGKILGGLKTALKGAAKELASTYLH,0,0.00021217524772509933
toxicity_predictor,val,FFPLLFGALSSHLPKLF,0,9.688878344604746e-05
toxicity_predictor,val,GMWSKILGHLIR,0,0.0022632062900811434
toxicity_predictor,val,GFVDFLKKVAGTIANVVT,0,4.442373392521404e-05
toxicity_predictor,val,KKNGYAVDSSGKVAE,0,1.2242719094501808e-05
toxicity_predictor,val,EYPVVFVKGLFPGKG,0,6.170047709019855e-05
toxicity_predictor,val,GIWDTLKNVGKAVLGKVLENV,0,9.868718734651338e-06
toxicity_predictor,val,SVFDEYLEKSKANK,0,1.4534230103890877e-05
toxicity_predictor,val,IVGGVSVAIE,0,1.8948536308016628e-05
toxicity_predictor,val,KRLRRVWRRWR,0,0.39596766233444214
toxicity_predictor,val,LRPAVIRPKGK,0,0.36017608642578125
toxicity_predictor,val,DECCAIPLCAKIFPGRCP,1,0.6280461549758911
toxicity_predictor,val,HKCAKIKWRGVHVKYCA,0,0.39271280169487
toxicity_predictor,val,MATGGFGCLLLLIREIDLSVKRQI,0,6.58130957162939e-05
toxicity_predictor,val,MIIFRIAAYHKK,0,0.014245669357478619
toxicity_predictor,val,GRRRRSVQWCA,0,0.035851575434207916
toxicity_predictor,val,KIANGSGSEQDIAEAKI,0,2.89591213231688e-07
toxicity_predictor,val,KRIVQRIKDFLRNLVPRTES,0,0.001104080001823604
toxicity_predictor,val,LIKIVPAMICAVTKKC,0,0.00451350212097168
toxicity_predictor,val,MRYISLNTTIITTTETTGYGAG,0,0.0001232179783983156
toxicity_predictor,val,FLPLLPSALPSFLCLVFKKC,0,0.0016803385224193335
toxicity_predictor,val,FLAGLIGGLAKML,0,0.04978574067354202
toxicity_predictor,val,GLPVCGETCVGGTCNTPGCKCSWPVCTRN,1,0.9933751225471497
toxicity_predictor,val,PSSQPRGDPTGPKE,0,9.868430788628757e-05
toxicity_predictor,val,VIGGSDTTIGQYPHQLSLR,0,8.385342766814574e-07
toxicity_predictor,val,GKYTCGETCFKGKCYTPGCTCSYPICKKD,1,0.9807727336883545
toxicity_predictor,val,AAVPIVNLKDELLFPSWEALFSGSE,0,2.4136997467394394e-07
toxicity_predictor,val,DFGHIQYVAAYR,0,0.0006120754987932742
toxicity_predictor,val,DHVTPDIAYNPRTYM,0,3.853878297377378e-05
toxicity_predictor,val,QRPYTQPLIYYPPPPTPPRIYRA,0,0.00029646657640114427
toxicity_predictor,val,TRCKGKGAPCRKTMYDCCSGSCGRRGKCG,1,0.9438967704772949
toxicity_predictor,val,GTLPCGESCVWIPCISAVGCSCKSKVCYKN,1,0.9851645231246948
toxicity_predictor,val,FRPALIVRTKGTRL,0,0.03499612584710121
toxicity_predictor,val,GCGGVCAYGESCPSSCNTCYSAQCTAQ,1,0.9959015250205994
toxicity_predictor,val,KWCFRVAYRGISYRRCR,0,0.08914094418287277
toxicity_predictor,val,GFRDVLKGAAKEFVKTVAGHIAN,0,0.0002833342005033046
toxicity_predictor,val,ERGCPRILKQCKQDSDCPGECICMAHGFCG,1,0.9719322323799133
toxicity_predictor,val,GFKDWIKGAAKKLIKTVAANIANQ,0,0.000727381557226181
toxicity_predictor,val,CGETCVIFPCISAAFGCSCKDTVCYKN,1,0.986104428768158
toxicity_predictor,val,MKYNPRVSSNRRKS,0,0.0367027223110199
toxicity_predictor,val,WKRWVRRWKRWLR,0,0.02787153609097004
toxicity_predictor,val,ACKPKNNLCAITEMAECCSGFCLIYRCS,1,0.9729032516479492
toxicity_predictor,val,VNSKKISGKSIKVSK,0,0.005632014013826847
toxicity_predictor,val,IFKAIWSGINRLF,0,0.0003038585709873587
toxicity_predictor,val,SLWSKIKEMAATAGKAALNAVTGMVNQ,0,3.741115142474882e-05
toxicity_predictor,val,GIGVLLSAGKAALKGLAKVLAEKYAN,0,0.00043006689520552754
toxicity_predictor,val,QGGWPRPGPEIPP,0,9.866266191238537e-05
toxicity_predictor,val,TTSIRRRYQVSLIRRHRGKR,1,0.7996202111244202
toxicity_predictor,val,GVCDMADLA,0,0.006262592505663633
toxicity_predictor,val,SYSMEHFRWGKPV,0,0.00016926431271713227
toxicity_predictor,val,FLKGIIDTVSNWL,0,1.6749580709074507e-06
toxicity_predictor,val,MNKVKEWIKYLKSLFSM,0,0.0007031232817098498
toxicity_predictor,val,VYGMLFKFL,1,0.9977103471755981
toxicity_predictor,val,IPLDPVAGYKEPA,0,1.9699229596881196e-05
toxicity_predictor,val,DVIKKVASVIGGL,0,1.2302584764256608e-05
toxicity_predictor,val,EDAYKFTTW,0,0.00017748922982718796
toxicity_predictor,val,IIGLVSKGTCVLVKTVCKKVLKQG,0,0.0027687647379934788
toxicity_predictor,val,GLADFLNKAVGKVVDFVKS,0,9.395093911734875e-06
toxicity_predictor,val,FFGWLIRGAIHAGKAIHGLIHRRRH,1,0.548370361328125
toxicity_predictor,val,FRFRCRRRFCRFRF,0,0.25638440251350403
toxicity_predictor,val,MIIYRDLISKK,0,0.00020236818818375468
toxicity_predictor,val,VLLESHARDLSSLEK,0,1.5971455695762415e-06
toxicity_predictor,val,VATSEQFNKTFIELVIVVD,0,4.776937657879898e-06
toxicity_predictor,val,KTHYPTNAWKSLWKGFWESLRYTDGF,0,0.0001516280899522826
toxicity_predictor,val,KCKWWNISCDLGNNGHVCTLSHECQVSCN,1,0.9379259347915649
toxicity_predictor,val,KYGDVPLY,0,0.000402375910198316
toxicity_predictor,val,FLGALIPAITGLIGGLINR,0,2.5217001166311093e-05
toxicity_predictor,val,DSPAGVSDAQKQ,0,3.332338280870317e-07
toxicity_predictor,val,LIIFAILISHKK,0,0.0063788872212171555
toxicity_predictor,val,SNWKKIASIGKEVLKAL,0,0.00017704739002510905
toxicity_predictor,val,FLSLIPSLVGGSISAFK,0,3.0103808512649266e-06
toxicity_predictor,val,AAVPEAAAEATAEAAPVSEF,0,0.001012656488455832
toxicity_predictor,val,VKVYNQFGTKVELGVSMRIF,0,8.457053627353162e-05
toxicity_predictor,val,GLFDIIKNIVSTL,0,1.3504647995432606e-06
toxicity_predictor,val,FLSLIPHAINAVGVHAKHF,0,0.0002831648744177073
toxicity_predictor,val,IIGGREARPNSHPYMAFLLIQSPEGL,0,3.999823093181476e-06
toxicity_predictor,val,GLPGESGAVGPAGPIGSR,0,1.2083230103598908e-05
toxicity_predictor,val,PAPESNFVRDP,0,5.877839612367097e-06
toxicity_predictor,val,TPTAFYGVR,0,0.0003597266913857311
toxicity_predictor,val,GIMDTIKGAAKDLAGQLLDKLKCKITKC,0,0.0005410773446783423
toxicity_predictor,val,SRSELIVHQRMK,0,0.0011111821513623
toxicity_predictor,val,ARPYSFGL,0,0.00013686096644960344
toxicity_predictor,val,INFLKLGKKILGAL,0,0.0012055988190695643
toxicity_predictor,val,GLSRSCFGVKLDRIGSMSGLGC,0,0.00031231643515639007
toxicity_predictor,val,FLPFLGKLLSGIF,0,0.00011614993127295747
toxicity_predictor,val,FKCRRWQWRAKKLGA,0,0.06706429272890091
toxicity_predictor,val,GVIDAAAKVVNVLKNLF,0,0.0020507280714809895
toxicity_predictor,val,GLRRALLRLLRSLRRLLLRA,0,0.03533563390374184
toxicity_predictor,val,HLLQFNKMIKFETGKNAIPFYAF,0,0.00043514787103049457
toxicity_predictor,val,HSQGTFTSDYSKYLDTRRAQDFVQWLMST,0,3.269379476478207e-06
toxicity_predictor,val,EKAAAKSAAAKTLARR,0,0.012405808083713055
toxicity_predictor,val,MQLTPPEVEK,0,5.020741082262248e-05
toxicity_predictor,val,EPIDLLGKVFVFSKESNVDDVKLLTPQTE,0,1.520112391517614e-07
toxicity_predictor,val,LLGDFFRKAKEKIGKEFKRIVQR,0,0.019815383478999138
toxicity_predictor,val,FLPLIASVAANLVPKIFCKITKKC,0,0.0023259581066668034
toxicity_predictor,val,GWKKWLRKGAKHLGQAAIK,0,0.2600249946117401
toxicity_predictor,val,QKKDKKDK,0,0.040963314473629
toxicity_predictor,val,QYGRRCCNWGPGRRYCKRWC,1,0.8381962180137634
toxicity_predictor,val,YCQKWLWTCDSERKCCEDMVCRLWCKKRL,1,0.9508116245269775
toxicity_predictor,val,GALVAAYGLYDGFLTL,0,0.05137002840638161
toxicity_predictor,val,GTGLPMSERRKIMLMMR,0,0.0010584943229332566
toxicity_predictor,val,GIRCPKSWKCKAFKQRVLKRLLAMLRQHAF,1,0.08169084787368774
toxicity_predictor,val,MLHHMTSRANLLLLRRGGSQRS,0,0.004124038852751255
toxicity_predictor,val,AVLDTALSGIDKVLHGSIDAHKAD,0,5.626530423796794e-07
toxicity_predictor,val,GRFSRLRKRIRKVWRKIGPIAGPIIGHFG,1,0.584913432598114
toxicity_predictor,val,KMTRAQRRAAARRNRWTARGC,0,0.10604335367679596
toxicity_predictor,val,SGETSGEGNGMWFGPRL,0,1.373775035062863e-06
toxicity_predictor,val,WNDTGKDADGSEY,0,1.1904827488251613e-06
toxicity_predictor,val,MLVLYRKRFSGFRFYFLSIFKYII,0,0.011050159111618996
toxicity_predictor,val,KLAKLAKKLAKLAKGRKKRRQRRRP,1,0.7837816476821899
toxicity_predictor,val,VLPIIGNLLNSLL,0,6.226234108908102e-05
toxicity_predictor,val,GFLGPLLKLGLKGVAKVIPHLIPSRQQ,0,0.0001830233377404511
toxicity_predictor,val,RICPRILMECKADSDCLAQCICQENGFCG,1,0.926365077495575
toxicity_predictor,val,DSSESNEIDDVLFLGRRDANSFMKYPQLGN,0,2.6767761340806828e-08
toxicity_predictor,val,EGLLQLPSDK,0,1.8102188903412753e-07
toxicity_predictor,val,KIGAKIKIGAKIKIGAKI,0,0.05524832010269165
toxicity_predictor,val,GLLDVVKGAAKNLLASALDKLKCKVTGC,0,0.0007247103494592011
toxicity_predictor,val,ECWSQAADCSDGHCCAGRSFSKNCRPYGGD,1,0.6877574324607849
toxicity_predictor,val,KLIPILSKTIPAGKNLFYKI,0,0.00027004239382222295
toxicity_predictor,val,FKVLGSVAKHLLPHVAPVIAEK,0,0.0005119245033711195
toxicity_predictor,val,GLLRGILGAGKKIVCGLSGLC,0,0.0007100675138644874
toxicity_predictor,val,SMPSLRLRF,0,0.0010154262417927384
toxicity_predictor,val,GSNKGFNFMVDMIQALSK,0,5.839272034791065e-07
toxicity_predictor,val,AMAGTATVQGQGTR,0,0.00019945090753026307
toxicity_predictor,val,GGSSGLISMPRV,0,2.2920382889424218e-06
toxicity_predictor,val,KWKSFIKKLPKAAKKVVTTAKKPLIV,1,0.06707869470119476
toxicity_predictor,val,GCIEIGGDCDGYQEKSYCQCCRNNGFCS,1,0.9626756310462952
toxicity_predictor,val,KWKLFKKVLKVLTTG,0,0.05177772045135498
toxicity_predictor,val,FRLQLWQF,0,0.002626418834552169
toxicity_predictor,val,WRCRRRFCRW,0,0.2828179895877838
toxicity_predictor,val,ALWKSILKNAGKAALNEINQIV,0,4.5601624151458964e-05
toxicity_predictor,val,SGGGKEAAETFNRVESHPRPDA,0,8.060022082645446e-06
toxicity_predictor,val,AILELPQSPNVFHPEKPSAVG,0,3.4230922665301478e-06
toxicity_predictor,val,KRRHWFPLSFQEFLEQLRRFRDQLPFP,0,0.0015227746916934848
toxicity_predictor,val,FLPFLAKILTGVL,0,0.36991849541664124
toxicity_predictor,val,FTLTNSDVLE,0,2.2117196749604773e-06
toxicity_predictor,val,GLMDTVKNVAKNLAGHMLDKLKCKITGC,0,0.0015477623092010617
toxicity_predictor,val,GFLDTLKNIGKTVGRIALNVLT,0,1.3569296243076678e-05
toxicity_predictor,val,AEPNVTVTGAAGQIGYALLFRI,0,3.136695522698574e-05
toxicity_predictor,val,ALWKTIIKGAGKMIGSLAKNLLGSQAQPES,0,5.88827515457524e-06
toxicity_predictor,val,GEIPCGESCVYLPCFLPNCYCRNHVCYLN,1,0.40093424916267395
toxicity_predictor,val,MDIVSLAWAALMVVFTFSLSLVVWGRSGL,0,0.0023013383615761995
toxicity_predictor,val,MSAPGPMGPMGPRGPPGPAG,0,0.0001527073181932792
toxicity_predictor,val,GFRDGSADRISHGF,0,8.635112862975802e-06
toxicity_predictor,val,KKWRWWLKALAKKLL,0,0.016842402517795563
toxicity_predictor,val,FFGHLYRGITSVVKHVHGLLSG,0,0.0010082421358674765
toxicity_predictor,val,GLLSVLGSLKLIVPHVVPLIAEHL,0,5.4109448683448136e-05
toxicity_predictor,val,FGTAAVFWVLIPVGLLGGAILLKL,1,0.5399453043937683
toxicity_predictor,val,KRNGCCNCSSKWCRDHSRCCGR,1,0.9944289922714233
toxicity_predictor,val,VLPLISMALGKLL,0,0.1514594703912735
toxicity_predictor,val,INWLKLGKKLLSAL,0,0.001272297347895801
toxicity_predictor,val,GMASKAGSVLGKITKIALGAL,0,7.872413698351011e-05
toxicity_predictor,val,QKKDKKDR,0,0.048671070486307144
toxicity_predictor,val,GILGKLWEGVKSIF,0,1.6702919310773723e-05
toxicity_predictor,val,GLLGLLGSVVSHVVPAIVGHF,0,3.639722490333952e-05
toxicity_predictor,val,STHTSDFLKL,0,7.992739483597688e-06
toxicity_predictor,val,LRLRLKTRLRLK,0,0.4305480420589447
toxicity_predictor,val,RIWFQNRRMRWRR,0,0.038563258945941925
toxicity_predictor,val,EAFPGQST,0,4.728968178824289e-06
toxicity_predictor,val,GLPVCGETCVGGTCNTPGCTCSWPKCTRN,1,0.9946487545967102
toxicity_predictor,val,KAKCAEIDQDCKTSCDCCKGACTCY,1,0.9972310662269592
toxicity_predictor,val,MNAAIFRFFFYFST,1,0.07344859093427658
toxicity_predictor,val,GLVTGLLKTAGKLLGDLFGSLTG,0,5.87585054745432e-06
toxicity_predictor,val,ATFDIVNQCTFT,0,0.11721129715442657
toxicity_predictor,val,ADVPGNYPLNSYGASYYCTI,0,0.007295573595911264
toxicity_predictor,val,SHTCEICAFAACAGC,1,0.9889843463897705
toxicity_predictor,val,FKRAVQRIKDFLR,0,0.022279782220721245
toxicity_predictor,val,AKSKAKSKAKSKAKSKAKSKAKSK,1,0.11308617144823074
toxicity_predictor,val,MREIEHIPPP,0,0.0001233409420819953
toxicity_predictor,val,AVVNGVNYVGETTAA,0,0.0004829116223845631
toxicity_predictor,val,SKSSSPCFGGKLDRIGSYSGLGCNSRK,0,0.000820121553260833
toxicity_predictor,val,FLGELWNVAKSVF,0,2.6225807232549414e-05
toxicity_predictor,val,RLARIVVIRVAR,0,0.004467344842851162
toxicity_predictor,val,GCVLLPWC,0,0.3944617509841919
toxicity_predictor,val,MRWQEMGYIFYPRKLR,0,0.0036259363405406475
toxicity_predictor,val,FLVALYTFR,1,0.999226450920105
toxicity_predictor,val,NSTMDSLLQLGR,0,2.5344519372083596e-07
toxicity_predictor,val,FFHHIFRGIVHVGKTIHRLVTG,0,0.05574809014797211
toxicity_predictor,val,ITIPPIIKDTLKKFFKGGIAGVMGKSQ,0,2.957397919089999e-05
toxicity_predictor,val,QVPQWAVGHFM,0,6.18436824879609e-05
toxicity_predictor,val,QERRAMGFVGMR,0,0.0021943727042526007
toxicity_predictor,val,SPATMGFAGVR,0,4.27552149631083e-05
toxicity_predictor,val,FLPIIAGVAAKVFPKIFCAISKKC,0,0.0018853273941203952
toxicity_predictor,val,RSQMQDGQLQSCCQELQNVEEQCQC,1,0.6888508796691895
toxicity_predictor,val,GILDSLKNLAKNAAQILLNKASCKLSGQC,0,9.73475762293674e-05
toxicity_predictor,val,AVNVNTNVSAMTAQRYLNQA,0,5.150789365870878e-05
toxicity_predictor,val,SILPTIVSFLTKFL,0,2.5442614060011692e-05
toxicity_predictor,val,GLLKRIKALL,0,0.0073707010596990585
toxicity_predictor,val,GRAENFLRL,0,0.0022908386308699846
toxicity_predictor,val,FFPLVLGALGSILPKIF,0,0.00023169790802057832
toxicity_predictor,val,FFSMIPKIATGIASLVKDL,0,5.875592705706367e-06
toxicity_predictor,val,TSQTWGSPVP,0,7.887277024565265e-05
toxicity_predictor,val,DVPASIDWREYGYVTEVKD,0,2.6642187549441587e-06
toxicity_predictor,val,GCRRLCWRQRCVTWCRGR,1,0.9389286041259766
toxicity_predictor,val,GFFTLIKAANKLINKTVNKEAGKGGLEIMA,0,6.783969729440287e-05
toxicity_predictor,val,SNGSNIDVAGAVNTLVETAGKLFQ,0,6.448461249419779e-07
toxicity_predictor,val,ENFKIKHTEPGLLSMANAGKN,0,1.2641221474041231e-05
toxicity_predictor,val,LVLPEVYDQDGHPLRIGQRYIINNP,0,5.745066118834075e-06
toxicity_predictor,val,FIHHIFRGIVHAGRSIGRFLTG,0,0.035470928996801376
toxicity_predictor,val,HSQGTFTNDYTKYQDSRRAQDFVQWLMSN,0,4.388187790027587e-06
toxicity_predictor,val,IDAFQDTLYTHTLRTYLGRPWK,0,0.00019719086412806064
toxicity_predictor,val,GVWSTILGGLKKFAKGGLDAIVNPK,0,1.3365031009016093e-05
toxicity_predictor,val,SRRARRSPRESGKKRKRKR,1,0.30149126052856445
toxicity_predictor,val,TEEGEFLHEGGGVR,0,1.0131295312021393e-05
toxicity_predictor,val,INWLKAKKVAGMIL,0,0.016043443232774734
toxicity_predictor,val,FLPVIAGLAAKVLPKLFCAITKKC,0,0.0034353684168308973
toxicity_predictor,val,GFISTVKNLATNVAGTVIDTIKCKVTGGC,0,0.004965566098690033
toxicity_predictor,val,IKWKKLLRAAKRIL,0,0.024272862821817398
toxicity_predictor,val,DQGFNSWG,0,7.475695724679099e-07
toxicity_predictor,val,CKGKGASCSRTMYNCCSGSCNRGKCG,1,0.9950631260871887
toxicity_predictor,val,SNKKDYRKEIVDKHNALSRSVKPTASNM,0,0.0001400684122927487
toxicity_predictor,val,AAASDNFMRF,0,3.036906309716869e-05
toxicity_predictor,val,DLLTTIKRVKESMKRRT,0,0.008646883070468903
toxicity_predictor,val,AGVDPAIPAYVKTNG,0,2.267948912049178e-05
toxicity_predictor,val,LCLEGMMLSLFILAALTI,1,0.980679988861084
toxicity_predictor,val,GATAIKQVKKLFKKWGW,0,0.028459610417485237
toxicity_predictor,val,INLKAIAALAKKLL,1,0.9890705347061157
toxicity_predictor,val,QLTFSSGWGN,0,1.4822577441009344e-06
toxicity_predictor,val,QLWPRPQIPP,0,9.955149289453402e-05
toxicity_predictor,val,KWKFKKIGIGAVLKVLTTGLPALKLTLK,0,0.0060467226430773735
toxicity_predictor,val,TDHQMAQSACIGVSQDNAYASAIPRDCHGG,0,0.00028992193983867764
toxicity_predictor,val,GCMPEYCAGQCRGKVSQDYCLKNCRCIR,1,0.9844813346862793
toxicity_predictor,val,NWRKILGQIASVGAGLLGSLLAGYE,0,7.785313755448442e-06
toxicity_predictor,val,AALKGCWTKSIPPKPCFGKR,0,0.025429725646972656
toxicity_predictor,val,GFMDTAKNAAKNVAVTLLDNLKCKITKAC,0,0.001984403934329748
toxicity_predictor,val,MDLIPDLAVETWLLLAVTLV,0,0.9734649062156677
toxicity_predictor,val,FANTIRLLINKVREWKNKQSS,0,0.0001559591619297862
toxicity_predictor,val,FIGLLISAGKAIHDLIRRRH,0,0.011279924772679806
toxicity_predictor,val,SLIQFETLIMKVAGQSGMFSYSA,0,1.7750872984834132e-06
toxicity_predictor,val,LICFICFSPTAH,0,0.16589295864105225
toxicity_predictor,val,LKKLLKKLKKLLKK,0,0.22705896198749542
toxicity_predictor,val,RGCYKICGETCLFIPCLTSVFGCSCKN,1,0.9815250635147095
toxicity_predictor,val,MWTKPAYTDLRIGFEVTMYFANR,0,0.00012388834147714078
toxicity_predictor,val,WKSYVRRW,0,0.006439304444938898
toxicity_predictor,val,FFSLIPKLVKGLISAFK,0,0.00024193347780965269
toxicity_predictor,val,NRWCFAGDD,0,0.009293078444898129
toxicity_predictor,val,DVPSANANANNQRTAAAKPQANAEASS,0,2.813049650285393e-05
toxicity_predictor,val,ACYCRIPACLAGERRYGTCFYLRRVWAFCC,1,0.8617799282073975
toxicity_predictor,val,GPETAFLRL,0,3.95352253690362e-05
toxicity_predictor,val,IRIRCRRRFCRIRI,0,0.07436560839414597
toxicity_predictor,val,QLNFSPGW,0,1.8455170902598184e-06
toxicity_predictor,val,ILGPVLGLVSNALGGLIKKI,0,2.1400410332717e-05
toxicity_predictor,val,CGESCVWIPCISSAIGCSCKSKVCYRNGIP,1,0.9618392586708069
toxicity_predictor,val,FLPALAGIAGLLGKIF,0,0.03554920852184296
toxicity_predictor,val,DTLKSEKNADFKDLY,0,3.9978626773518045e-06
toxicity_predictor,val,FKIPPIVKDTLKKFFKGGIAGVMGQ,0,0.00015861200517974794
toxicity_predictor,val,AKSDVAELKPR,0,0.0001343204639852047
toxicity_predictor,val,DASNAQKQHDVNFLL,0,1.2041838317600195e-06
toxicity_predictor,val,GSSGLISVPRV,0,2.6091327072208514e-06
toxicity_predictor,val,FLPAIVGAAAKFLPKIFCVISKKC,0,0.002160081174224615
toxicity_predictor,val,KWKSFLKTFKSAGKTVLHTALKAISS,0,0.002425852231681347
toxicity_predictor,val,GLLDFAKHVIGIASKLG,0,2.9951101168990135e-05
toxicity_predictor,val,GIGASILSAGKSALKGFAKGLAEHFAN,0,2.566082366683986e-05
toxicity_predictor,val,KWKSFIKKLTSKFLHSAKKF,0,0.20742549002170563
toxicity_predictor,val,FYEKEGLPAFPMGK,0,7.618620293214917e-05
toxicity_predictor,val,HSACAANCLSMGKAGGRCENGVCLCR,1,0.9854375123977661
toxicity_predictor,val,INWKALLDAAKKVL,0,0.048306651413440704
toxicity_predictor,val,GLLSGILGAGKRIVCGLSGLC,0,0.0005728238611482084
toxicity_predictor,val,QDGTISVDGVISTKVDGT,0,5.493210437634843e-07
toxicity_predictor,val,GRKKRRQRRRGGWMWVTNLRTD,0,0.49579057097435
toxicity_predictor,val,GSASGLISMPRV,0,2.7009939458366716e-06
toxicity_predictor,val,FIGPVLKIAAGILPTAICKIFKKC,0,0.0017527287127450109
toxicity_predictor,val,KDALEHTGFAPKKDGEEHVEWNYN,0,1.96081764443079e-05
toxicity_predictor,val,LCAAHCLAIGRR,0,0.04429037123918533
toxicity_predictor,val,CCELPCHGCVPCCWP,1,0.9728139638900757
toxicity_predictor,val,LNQEDARKSE,0,4.021709628432291e-06
toxicity_predictor,val,GTIAYELVCNMPLR,0,0.004940195474773645
toxicity_predictor,val,VVVNLLVKVLKYAK,1,0.9339830279350281
toxicity_predictor,val,FLPAIFRMAAKVVPTIICSITKKC,0,0.0014440446393564343
toxicity_predictor,val,GILSSWLKKLKKIIAK,0,0.0037987479008734226
toxicity_predictor,val,RGSNLTIHPLRNIRDIFYVGNITIG,0,6.614138783334056e-06
toxicity_predictor,val,SHAKVETDEE,0,1.899912786029745e-05
toxicity_predictor,val,IFGAIWNGIKSLF,0,3.388780896784738e-05
toxicity_predictor,val,GVITDTLKGVAKTVAAELLRKAHCKLTNSC,0,0.0017874193144962192
toxicity_predictor,val,GDVYADAAPDLFDFLDSSVTTARTINA,0,2.9071298968119663e-07
toxicity_predictor,val,VPLAIKIYRAWKRR,0,0.010088139213621616
toxicity_predictor,val,ETFTVKMGGDAGTLQ,0,1.5625302012267639e-06
toxicity_predictor,val,IPWFPLTP,0,6.769009632989764e-05
toxicity_predictor,val,CFIRNCPP,0,0.1427024006843567
toxicity_predictor,val,ADVFDRGGPYLQRGVADLVPTATLLDTYSP,0,9.02728743312764e-07
toxicity_predictor,val,AIGGLSRSFPVEAFE,0,8.424048019151087e-07
toxicity_predictor,val,FLGAIAAALPHVINAVTNAL,0,0.5651004910469055
toxicity_predictor,val,WKIKWKIKWKIK,0,0.0033936533145606518
toxicity_predictor,val,CVKVRVKVGSGVKVRVKVC,0,0.0171046182513237
toxicity_predictor,val,GFCRCICTRGFCRCICTR,1,0.9938428401947021
toxicity_predictor,val,KWCFVCYRGICYRRCG,1,0.9657314419746399
toxicity_predictor,val,AEYDVSDADIEAFYQ,0,2.729826746872277e-06
toxicity_predictor,val,YSKNATYLITVLLFSFVAMLLIIP,1,0.5434746742248535
toxicity_predictor,val,GILDSLKNLAKNAGQILLNKASCKLSGQC,0,6.138438766356558e-05
toxicity_predictor,val,SGDTSSQAKGMWFGPRL,0,8.793925303507422e-07
toxicity_predictor,val,ASGWVCTLTIECGTLVCAC,1,0.9795928001403809
toxicity_predictor,val,GLLGPLLKIAKKVGSNLL,0,0.00012134374992456287
toxicity_predictor,val,MKTKFVFDLLTPDDILHPSNHVNLIIRPI,0,4.114106104680104e-06
toxicity_predictor,val,VWPLGLVICKALKIC,0,0.01338911335915327
toxicity_predictor,val,INLKALAALAKKIL,1,0.9890705347061157
toxicity_predictor,val,GILTDTLKGAAKNVAGVLLDKLKCKITGGC,0,0.00030736130429431796
toxicity_predictor,val,GVIDAAKKVVNVLKNLP,0,7.957377238199115e-05
toxicity_predictor,val,GWFDVVKHIASAV,0,5.40977343916893e-05
toxicity_predictor,val,KADAVFAFQLR,0,0.0024902804289013147
toxicity_predictor,val,ESKAAKAAKKAAKAKASE,0,0.013043009676039219
toxicity_predictor,val,GLWSTIKNVAAAAGKAALGAL,0,0.0007009431719779968
toxicity_predictor,val,MDILALGWVSVLALFTWSIAMVVWGRNGF,0,0.018501795828342438
toxicity_predictor,val,LSPNLLKSLL,0,4.091154914931394e-05
toxicity_predictor,val,INLRAIAAFAKKLL,1,0.9837851524353027
toxicity_predictor,val,FLSALWGVAKSLF,0,0.003925018943846226
toxicity_predictor,val,TGRCATRESLSGVCEISGRLYRLCCR,1,0.7484686970710754
toxicity_predictor,val,VYINKLTPPCGTMYYACEAV,0,0.118925541639328
toxicity_predictor,val,MICYSHKTPQPSATIGCEEKTCYKKSVRKL,1,0.32770755887031555
toxicity_predictor,val,LKLKSIVSWAKKVL,0,0.0034187131095677614
toxicity_predictor,val,APVENQGSFPKMFPRGSHWAVGHLM,0,1.3882801795261912e-05
toxicity_predictor,val,ALCNCNRIIIPHMCWKKCGKK,1,0.6877796649932861
toxicity_predictor,val,GLISGILGAGKKVLCGLSGLC,0,0.0006135145667940378
toxicity_predictor,val,RKCLRWQWRMRKYGG,0,0.08695774525403976
toxicity_predictor,val,CKGKGAPCTRLMYDCCHGSCSSSKGRCG,1,0.9911414384841919
toxicity_predictor,val,NACSSDLNSK,0,0.006176905240863562
toxicity_predictor,val,WDAYDCIQFCMRPEMRHTYAQCLSICT,1,0.507676362991333
toxicity_predictor,val,LLAGLAANFLPKIFCKITRKC,0,0.014351497404277325
toxicity_predictor,val,FIGALLRPALKLLAGK,0,0.005593480542302132
toxicity_predictor,val,YRQSHRRGGRRGSG,0,0.10319139808416367
toxicity_predictor,val,FLLSLPHLASGLASLVLSK,0,3.865443432005122e-05
toxicity_predictor,val,SDTGTKSRK,0,0.006855355110019445
toxicity_predictor,val,MNRISTTTITTITITTGNGAG,0,0.0001929234276758507
toxicity_predictor,val,ENFSGGCVAGYMRTPDGRCKPTFYQ,0,0.019587548449635506
toxicity_predictor,val,CFVRNCPTG,0,0.9543356895446777
toxicity_predictor,val,SDLTWTYQSPGDPTNSKN,0,3.992132860730635e-06
toxicity_predictor,val,EACYPPGTFCGIKPGLCCSELCLPAVCVG,1,0.8724466562271118
toxicity_predictor,val,VIGGVECDINEHRFL,0,0.0006285383715294302
toxicity_predictor,val,GSSGLIPFGRT,0,1.5107450053619687e-05
toxicity_predictor,val,FWQKMSFA,0,0.00021962016762699932
toxicity_predictor,val,KWKLFKKISKFLHLAKKF,0,0.11459272354841232
toxicity_predictor,val,PQSAIVASG,0,9.483527719567064e-06
toxicity_predictor,val,TRRFDDVLDEVKGFFEVH,0,1.0007105629483704e-05
toxicity_predictor,val,SHGKVETDEEFDARWVTYFS,0,2.7360608783055795e-06
toxicity_predictor,val,DAPGGASDAQKQ,0,1.8616632360135554e-06
toxicity_predictor,val,KWLLKLLKKL,0,0.010422620922327042
toxicity_predictor,val,AVSCGQVDTALTPCL,0,0.7585094571113586
toxicity_predictor,val,DGVTDPLEVNVVK,0,2.2048750452086097e-06
toxicity_predictor,val,GGPGAKGEVGPAGGRGSDGPQGARG,0,0.00017902624676935375
toxicity_predictor,val,IIGGYECKPHSQPWQAFLVDNK,0,5.4012991313356906e-05
toxicity_predictor,val,GLPVCGETCVGGTCNTPGCTCSWPVCTRN,1,0.9913849830627441
toxicity_predictor,val,SFYACTNGCWVKPGGGCQC,1,0.9807588458061218
toxicity_predictor,val,QGRPLGPPIPP,0,0.00030848447931930423
toxicity_predictor,val,LPFVAGVAAEMMQHVYCAASKKC,0,0.009954913519322872
toxicity_predictor,val,QWPRPQIPP,0,0.0001469824492232874
toxicity_predictor,val,EPFKLSLHL,0,0.00022829326917417347
toxicity_predictor,val,LLGAALSALSSVIPSVISWFQK,0,5.026398412155686e-06
toxicity_predictor,val,ITAVLRRRPRPPPYSSGRPGQNN,0,0.0015104408375918865
toxicity_predictor,val,ITSISLCTAGCITGVIMTCMSNGCK,1,0.8996501564979553
toxicity_predictor,val,GNKKWEQKQVQIKTLEGEFSVTMWSS,0,2.9155723950680112e-06
toxicity_predictor,val,CCDWDWCDHICTCCGG,1,0.9886870384216309
toxicity_predictor,val,FLGLIPALAGAIGNLIK,0,0.0008082588319666684
toxicity_predictor,val,GFGSLLGKALRLGANVL,0,5.056798181612976e-05
toxicity_predictor,val,VFEIAPSAK,0,2.933063660748303e-05
toxicity_predictor,val,KKDGYPIQENGCKY,0,0.021283965557813644
toxicity_predictor,val,EDPVRFNLG,0,5.824683171340439e-07
toxicity_predictor,val,FLSLIPHIVSGVAALANHL,0,8.636513666715473e-05
toxicity_predictor,val,FIAAIIGGLFSAGKAIHRLIRRRRR,0,0.1335083246231079
toxicity_predictor,val,GEYCGESCYLIPCFTPGCYCVSRQCVNKN,1,0.9436048865318298
toxicity_predictor,val,FKRHVQRIKDFLR,0,0.2341049611568451
toxicity_predictor,val,WKLKWKLKWKLK,0,0.01134022418409586
toxicity_predictor,val,ARQRLTNIKL,0,0.01600092463195324
toxicity_predictor,val,ETWRTEAPSATGQASSLLGGRLLGQ,0,2.2864055608806666e-06
toxicity_predictor,val,DSHAKRHHGYKRKFHEKHHSHRGYR,1,0.5654520392417908
toxicity_predictor,val,GLLSGILGAGKHIVCGLTGCAKA,0,0.0014044102281332016
toxicity_predictor,val,RAHFLPPLLLL,0,0.027156846597790718
toxicity_predictor,val,WFQNRRMKWKK,0,0.008362403139472008
toxicity_predictor,val,PQAAIVASG,0,6.285658309934661e-05
toxicity_predictor,val,MDLITITWASVMVAFTFSLSLVVWGRSGL,0,1.3375855814956594e-05
toxicity_predictor,val,GGAGHVPEYFVGIGTPISFYG,0,4.2070554627571255e-05
toxicity_predictor,val,KKDLTEVTHKVYFDVEIDGKPAGRIVMGLF,0,1.503813655290287e-05
toxicity_predictor,val,GFLDVIKHVGKAALGVVTHLINQ,0,7.10921740392223e-05
toxicity_predictor,val,VVGADNCNFN,0,0.17546799778938293
toxicity_predictor,val,GSSGLIAMPRV,0,5.030167812947184e-06
toxicity_predictor,val,GLVSSIGRALGGLLADVVKSKEQPA,0,1.3371495697356295e-06
toxicity_predictor,val,SGLQFAVMDGQGFLPFPRV,0,1.925975311678485e-06
toxicity_predictor,val,VAGKSFVPIALGRQSKQTPF,0,3.3440803235862404e-05
toxicity_predictor,val,YGRKKRRQRRRGC,0,0.29217931628227234
toxicity_predictor,val,TDVGFDGWR,0,1.1972457514275447e-06
toxicity_predictor,val,GLLAFPRV,0,0.0008913488127291203
toxicity_predictor,val,AWCFRVCYRGICYRRCR,1,0.9294145107269287
toxicity_predictor,val,NFSCPPDWYAYD,0,0.015357169322669506
toxicity_predictor,val,FTMKKSLFLILFLGAIPLSMC,0,0.0005192310782149434
toxicity_predictor,val,SPTVIALRVVEALSPR,0,4.407551750773564e-05
toxicity_predictor,val,KFKKLFKKLSPVFKRIVQRIKDFLR,1,0.07635786384344101
toxicity_predictor,val,GLWSTIKNVGKEAAIAAGKAALGAL,0,0.00012869908823631704
toxicity_predictor,val,MKVKVDADACIGCGVCVELCP,1,0.8815709948539734
toxicity_predictor,val,GPDSSFLRL,0,2.19917467347841e-07
toxicity_predictor,val,KFADENFQLKH,0,0.00023878221691120416
toxicity_predictor,val,MWKWFHNVLSSGQLLADKWWAWWYNWW,0,0.00031808868516236544
toxicity_predictor,val,MDTVSLAWAALMVVFTFSLSLVVWGRSGL,0,0.00010404492786619812
toxicity_predictor,val,AAKAAAKAAAKAA,1,0.9134801626205444
toxicity_predictor,val,EKTLARTAAKTALKK,0,0.06759662181138992
toxicity_predictor,val,FSGLPGPTGEPGKQGPGGPSGE,0,5.247007356956601e-05
toxicity_predictor,val,FRGHAKGDKKNQKK,0,0.16111694276332855
toxicity_predictor,val,MIREPRIREPRSLA,0,0.0026594388764351606
toxicity_predictor,val,ENFAGGCATGYLRTADGRCKPTF,0,0.010712909512221813
toxicity_predictor,val,LSLHEYMSMELLQEAGVSIP,0,1.232915337823215e-06
toxicity_predictor,val,TKCFQWQWNMRKVRG,0,0.006855848245322704
toxicity_predictor,val,SWFSRTVHNVGNAVRKGIHAGQGVCSGLGL,0,0.00010799013398354873
toxicity_predictor,val,GFGSKPIDSFGLSWL,0,1.8017846059592557e-07
toxicity_predictor,val,KLGALWNVAKSVF,0,0.0005907622398808599
toxicity_predictor,val,NGAICWGPCPTAFRQIGNCGHFKVRCCKIR,1,0.7909709811210632
toxicity_predictor,val,GVIDAAKKVVNVLKNLF,0,0.0002672449918463826
toxicity_predictor,val,RRRRRRRR,0,0.7179261445999146
toxicity_predictor,val,DDFLCAGGCL,0,0.38152575492858887
toxicity_predictor,val,TVTPEQDRYLQVKKY,0,0.00019375204283278435
toxicity_predictor,val,THSGGACNSHDQCCNAFCSTATRTCV,1,0.9920799136161804
toxicity_predictor,val,ADGQYSQLQD,0,6.682363959953364e-07
toxicity_predictor,val,APPGARPPPGPPPPGPPPPGP,0,0.0007177608786150813
toxicity_predictor,val,MDSVTIAWAALMAISTFSLSLVVRGRSGL,0,9.157708518614527e-06
toxicity_predictor,val,FDESFGFQGPSTYEKTPLGEPA,0,1.0557720315773622e-06
toxicity_predictor,val,SHDKPDHIRLFELKKDDLLISVHNA,0,1.009380957839312e-05
toxicity_predictor,val,GWLPTFGKILRKAMQLGPKLIQPI,0,0.00029035317129455507
toxicity_predictor,val,FLRFIGSVIHGIGHLVHHIGVAL,0,0.0013818811858072877
toxicity_predictor,val,GIGGALLSAAKVGLKGLAKGLAEHFAN,0,7.085292600095272e-05
toxicity_predictor,val,MTESALKADFTDYLLNVKAIVEFVK,0,1.0504628335183952e-05
toxicity_predictor,val,FLGLLGGLL,0,0.002299665939062834
toxicity_predictor,val,GLPLCGETCVGGTCNTPGCSCGWPVCVRN,1,0.98655766248703
toxicity_predictor,val,NEVDIVGALNADLTQFL,0,2.74325913096618e-07
toxicity_predictor,val,RVKRFKKFFRKIKKGFRKIFKKTKIFIG,1,0.7887832522392273
toxicity_predictor,val,MNILHICVTSKWFNIDNKIVDHRP,0,4.7254601668100804e-05
toxicity_predictor,val,IANVFAVDIHPAAR,0,0.0004004472866654396
toxicity_predictor,val,FLGPIIKIATGILPTAICKFLKKC,0,0.0017026299610733986
toxicity_predictor,val,FLSAIASMLGKFL,0,0.002767603611573577
toxicity_predictor,val,RIKRFWPVVIRT,0,0.0019149137660861015
toxicity_predictor,val,VKLRSLLCS,0,0.007102155592292547
toxicity_predictor,val,VIDVNDEW,0,2.8553765787364682e-06
toxicity_predictor,val,FLSLLPSIVSGAVSLAKKL,0,2.091369424306322e-05
toxicity_predictor,val,FLPILGKLLSGIL,0,0.00013742879673372954
toxicity_predictor,val,DIGGSRQGCVA,0,0.0006992212147451937
toxicity_predictor,val,KCFQWQRNMRKVR,0,0.019323211163282394
toxicity_predictor,val,ALSILKGLEKLAKMGIALTNCKATKKC,0,0.006724957376718521
toxicity_predictor,val,FVPIFTHSELQKIREKERNKGQ,0,0.0006931243697181344
toxicity_predictor,val,KDLHTVVSAILQAL,0,2.951298483822029e-05
toxicity_predictor,val,EQPGGDKVNLGYFTN,0,1.5885279935901053e-06
toxicity_predictor,val,DGDDYKFGHFRWSVPL,0,5.722493369830772e-06
toxicity_predictor,val,SLLSTLGNMAKAAGRAALNAITGLVNQ,0,2.3645790861337446e-05
toxicity_predictor,val,GLLSGILNTAGGLLGNLIGSLSNGES,0,5.542818826143048e-07
toxicity_predictor,val,FLFFAFPHPL,0,0.0669420063495636
toxicity_predictor,val,FCCPVIRYCCW,1,0.6847984194755554
toxicity_predictor,val,DRVYIHPFHLLVYS,0,0.0007918578339740634
toxicity_predictor,val,ALVLIAFAQVLQQCP,0,0.19864988327026367
toxicity_predictor,val,FRPALIVRTKGK,0,0.26435795426368713
toxicity_predictor,val,GWKSVFRKAKKVGKTVGGLALDHYLG,0,0.003338834270834923
toxicity_predictor,val,GWKSVFRKAKKVGKTVGGLALDHYL,0,0.006381432991474867
toxicity_predictor,val,GKVVCTGAKSVDAVHDA,0,0.0007326415507122874
toxicity_predictor,val,GVFDIIKGAGKQLIAHAMGKIAEKV,0,0.00020408557611517608
toxicity_predictor,val,MSKVIETKQQVVTEIADKLRA,0,1.0428697351017036e-05
toxicity_predictor,val,RAGLQFPVGRLLRRLLRRLLR,0,0.10046295076608658
toxicity_predictor,val,GILSSLWKKLKKWIAK,0,0.006479128263890743
toxicity_predictor,val,FFSLIPSLVKKLIKAFK,0,0.0015496320556849241
toxicity_predictor,val,LLFGKIISRLLGN,0,0.00015206825628411025
toxicity_predictor,val,LQPGLEYQYRYSARV,0,0.0005041090771555901
toxicity_predictor,val,MMISTFHDGQLRFSNVYRLTLMIFRL,0,0.00028215564088895917
toxicity_predictor,val,CYSAAKYPGFQEFINRKYKSSRF,0,0.0025836576241999865
toxicity_predictor,val,VWNVTNGKRFTTYAI,0,0.00013236470113042742
toxicity_predictor,val,RQSHFANAQP,0,0.0004234421066939831
toxicity_predictor,val,VVKCSYRLGSPDSQCN,0,0.6773861646652222
toxicity_predictor,val,TFVSSQVSGPR,0,1.197034816868836e-05
toxicity_predictor,val,DASFSSWG,0,6.231197176020942e-07
toxicity_predictor,val,GILSGILGMGKKLVCGLSGLC,0,0.0006734905182383955
toxicity_predictor,val,HLNKRVQRELIGWLRWLK,0,0.0072234561666846275
toxicity_predictor,val,GLWSTIKQKGKEAAIAAAKAAGQAALGAL,0,0.000402168050641194
toxicity_predictor,val,MPGKVQDFFLCSLLLCIVSAGWCG,1,0.11987636983394623
toxicity_predictor,val,ASGENQAELKLATHNVYML,0,9.6555513664498e-06
toxicity_predictor,val,ITIPPIVKDTLKKFFKGGIAGVMGQ,0,1.7989470507018268e-05
toxicity_predictor,val,GNRPVYIPPPRPPHPRL,0,0.0010813052067533135
toxicity_predictor,val,VVGGEVARAHSWPWQISLQY,0,2.1128415028215386e-05
toxicity_predictor,val,SFQCELVFAK,0,0.011781028471887112
toxicity_predictor,val,FTSKKSMLLFFFLGTISLSLCQ,0,0.00018101999012287706
toxicity_predictor,val,LMYYTLPRPV,0,0.0014756957534700632
toxicity_predictor,val,SGTSEKERESGRLLGVVKRLIVCFRSPFP,0,6.347392627503723e-05
toxicity_predictor,val,FSIARLLKWWKG,0,0.005875397939234972
toxicity_predictor,val,KRKCGLCKYRCCSGG,1,0.9860178232192993
toxicity_predictor,val,ASSGWVCTLTIECGTVICACR,1,0.974528968334198
toxicity_predictor,val,AIPCGESCVWIPCISTVIGCSCSNKVCYR,1,0.8391667604446411
toxicity_predictor,val,NAPPNLTLR,0,0.0001127418945543468
toxicity_predictor,val,FLPVILPVIGKLLNGILGK,0,7.141478999983519e-05
toxicity_predictor,val,WGEAFSAGVHRLANGGNG,0,1.1210993761778809e-05
toxicity_predictor,val,TKKDGEEKVA,0,0.0002458486123941839
toxicity_predictor,val,AYAQWVIIII,1,0.9999784231185913
toxicity_predictor,val,MDIITFGWVAVAAFFALSIAFVVWGRNGM,1,0.5872656106948853
toxicity_predictor,val,FKRIVQRIKDNLR,0,0.006954248994588852
toxicity_predictor,val,SVLEIGLMLQEETEKNPKTSYSI,0,4.1092371816375817e-07
toxicity_predictor,val,YYTVLFGVSRALGLPLERPK,0,0.00035879595088772476
toxicity_predictor,val,IFVLPPYIPP,0,0.00039292534347623587
toxicity_predictor,val,PSPPGFSPFR,0,0.00010065044625662267
toxicity_predictor,val,FLGALWEVAKSVF,0,0.09641614556312561
toxicity_predictor,val,ITSHSLCTPGCAKTGSFNSFCC,1,0.9813393950462341
toxicity_predictor,val,LIRLWSHLIHIWFQNRRLKWKKK,1,0.010013665072619915
toxicity_predictor,val,MLHLIGFDKLYSYNMVKLALLEKGVPFTEV,0,8.085884473985061e-05
toxicity_predictor,val,MNEQSMKPYVIGLDLGGTNSVFGIV,0,2.569230446169968e-07
toxicity_predictor,val,KRVNWRKVGRNTALGASYVLSFLG,0,0.0008377011399716139
toxicity_predictor,val,FFRHIVGAISRIFGQKQRDMAD,0,0.00010753705282695591
toxicity_predictor,val,GIPCGESCVFIPCITAAIGCSCKSKVCYRN,1,0.943165123462677
toxicity_predictor,val,KWKLFKKIGIGAVLKVLTTG,0,0.005661250092089176
toxicity_predictor,val,FGPVIGLLSGILKSLL,0,1.1196110790478997e-05
toxicity_predictor,val,FQWQRNMRKV,0,0.0007059550262056291
toxicity_predictor,val,QGLISFPRV,0,8.669083399581723e-06
toxicity_predictor,val,SNDIYFNFQR,0,1.4536130038322881e-05
toxicity_predictor,val,MVGRYRFEFILIILILCALITARFYLS,1,0.7363258004188538
toxicity_predictor,val,KWFKIQLQIKKWKNKK,0,0.0063626207411289215
toxicity_predictor,val,FLPIVASLAANFLPKIICKITKKC,0,0.001992202363908291
toxicity_predictor,val,GGGGPTPEYFLMPIDPAWLQANLPNTGKYN,0,5.124635208630934e-06
toxicity_predictor,val,FIFLPIFRRPVS,0,0.00021242200455162674
toxicity_predictor,val,AAAELSLVQLESLREVCEQ,0,4.3857493437826633e-05
toxicity_predictor,val,YPGPQAKEDSEGPSQGPASREK,0,1.4996761819929816e-05
toxicity_predictor,val,GVGDLIRKAVAAIKNIV,0,0.00015500867448281497
toxicity_predictor,val,MIIYRDLIA,1,0.9989319443702698
toxicity_predictor,val,SCNCVCGVCCSCSP,1,0.9993532299995422
toxicity_predictor,val,GIMDTVKNVAKNLAGQLLDKLKCKITAC,0,0.00064898282289505
toxicity_predictor,val,EQFDDYGHMRF,0,4.4842639908893034e-05
toxicity_predictor,val,LLKWLKKWLKK,0,0.010477343574166298
toxicity_predictor,val,IFKAIWSGIKRLC,0,0.009772269055247307
toxicity_predictor,val,KDETDDMKMETDIKRNKKT,0,7.80771515564993e-05
toxicity_predictor,val,KWCRCVCRRGICRCRCRK,1,0.9940581321716309
toxicity_predictor,val,ADYLQLTRA,0,0.00022921279014553875
toxicity_predictor,val,ELLSEINR,0,1.3672178056367557e-06
toxicity_predictor,val,GVPICGETCVGGTCNTPGCSCSWPVCTRN,1,0.9886948466300964
toxicity_predictor,val,AFQTSFVFQRFYETN,0,6.615924939978868e-05
toxicity_predictor,val,FLPIPRPILLGLL,0,0.0012599604669958353
toxicity_predictor,val,NLIQFANMIGCANHGSR,0,0.000230110133998096
toxicity_predictor,val,PCNPDHDYRPFGNFRIAFTT,0,0.0004445542872417718
toxicity_predictor,val,VGECVRGRCPSGMCCSQFGYCGKGPKYCG,1,0.9880133867263794
toxicity_predictor,val,IEHNAEEIRKTAIRTAVQNTAQQTK,0,7.242818537633866e-05
toxicity_predictor,val,GSQLVYREWVGHSNVIKP,0,6.729363121849019e-06
toxicity_predictor,val,RNKMAYNVGKAISRIMRRVR,0,0.04127335548400879
toxicity_predictor,val,AIPWSIWWRLLFKG,0,0.001069170655682683
toxicity_predictor,val,AADIFAKFKTSMEVK,0,0.00016678727115504444
toxicity_predictor,val,FLSLIPHAISAVSALAKHL,0,0.00019494375737849623
toxicity_predictor,val,GLFDIIKKIAESF,0,8.768995940044988e-06
toxicity_predictor,val,CLGIGSCNDFAGCGYAIVCFW,1,0.7478063702583313
toxicity_predictor,val,LIPTIILILGWGYQPERLPASYYFLFYTLL,0,0.0013875978766009212
toxicity_predictor,val,VRRFLVTLRIRRA,0,0.01929996721446514
toxicity_predictor,val,ALWKNMLSGIGKLAGQAALGAVKTLV,0,0.00015958915173541754
toxicity_predictor,val,RIKRFWPVVIRTVVAGYNLY,0,0.0006896847626194358
toxicity_predictor,val,FLPFIARLAAKVFPSIICSVTKKC,0,0.0017402908997610211
toxicity_predictor,val,MFDKTRLPYVALDVL,0,0.00015962049656081945
toxicity_predictor,val,GIMDTVKGVAKTVAASLLDKLKCKITGC,0,0.0007813277770765126
toxicity_predictor,val,FFGSLLSLGSKLLPSVFKLFQRKKE,0,0.00010806027421494946
toxicity_predictor,val,SPPFAPRL,0,0.0001055792672559619
toxicity_predictor,val,RQIKIWFQN,0,5.3512656450038776e-05
toxicity_predictor,val,SSAPCTIYASVSASISATASWGC,0,0.0744842141866684
toxicity_predictor,val,GGESSNEAKGMWFGPRL,0,1.3903584203944774e-06
toxicity_predictor,val,TRRTAFLFDELSLWHSASQYALILPVGG,0,9.256858902517706e-06
toxicity_predictor,val,PNPKVFFDMTIGGQSAGRIVMEEYA,0,8.902804893295979e-07
toxicity_predictor,val,TPAAAVVTTVISGAAVTTAKSI,0,0.0005621928721666336
toxicity_predictor,val,KWFKKIPKFLHLAKKF,0,0.09470178186893463
toxicity_predictor,val,MREAICIHIGQAGYQIGNACSQLFC,1,0.12547948956489563
toxicity_predictor,val,FIGAIARLLSK,0,0.0012428943300619721
toxicity_predictor,val,LKKLLKLDKKLLKLAG,0,0.00740969879552722
toxicity_predictor,val,MRAKWRKKRVRRLKRKRRKTRARSK,1,0.689579427242279
toxicity_predictor,val,AIKIRKLFKKLLR,0,0.07432281225919724
toxicity_predictor,val,GGDGSIAEYFNRPMHIHDWQIMDSGYYG,0,3.040201590920333e-06
toxicity_predictor,val,VALTGLTVAEYFR,0,0.0010984453838318586
toxicity_predictor,val,KWKLFKKIGIGAVLKVLTTGLPALIS,0,0.000544670969247818
toxicity_predictor,val,QLAELKYVI,0,0.4419349730014801
toxicity_predictor,val,FLPGLLAGLL,0,0.21906886994838715
toxicity_predictor,val,QLWPRPHIPP,0,0.00031630872399546206
toxicity_predictor,val,GRADYNFGYGLGRGTRKFFNGIGRWVRKTF,0,0.012786286883056164
toxicity_predictor,val,GVLDILKGAGKDLLAHALSKISEKV,0,8.381901352549903e-06
toxicity_predictor,val,LDVKKIICVACKIKPNPACKKICPK,1,0.15197405219078064
toxicity_predictor,val,VLLDGNGEVVQNGGTYYLLP,0,3.108334567514248e-06
toxicity_predictor,val,GAWKNFWSSLRKGFYDGEAGRAIRR,0,0.0006473448593169451
toxicity_predictor,val,GIGGKILGGLRTALKGAAKELAATYLH,0,0.0005742492503486574
toxicity_predictor,val,FLSLIPHAINAISAIAHHL,0,0.0002030980831477791
toxicity_predictor,val,MSDTATRVQKIVVEHLGVESDKVTQE,0,1.432107865184662e-06
toxicity_predictor,val,GVLSVIKNALPGIMRF,0,3.769269460462965e-05
toxicity_predictor,val,FGTYGHPRPRFYYNP,0,0.0023493918124586344
toxicity_predictor,val,KKLAKLALLKWLLALKLLALKALKK,0,0.5857880711555481
toxicity_predictor,val,GFKDLLKGAAKALVKTVLF,0,0.0018244642997160554
toxicity_predictor,val,FLGLIFHGLVHAGKLIHGLIHRNR,0,0.04715674743056297
toxicity_predictor,val,FFTTFDKDNDDQQNDN,0,4.2455676521058194e-06
toxicity_predictor,val,GLVSSIGRALGGLLADVVKSKGQPA,0,2.733791689024656e-06
toxicity_predictor,val,GLLGPLLKIAAKVGKKLL,0,0.001904667355120182
toxicity_predictor,val,INWLKLGKMVIDAL,0,0.004333624616265297
toxicity_predictor,val,LTTKLWSSWGYYLGKKARWNLKHPYVQF,0,0.0014902515104040504
toxicity_predictor,val,GGLRSLGRKILRAWKKYGPIIVPIIRIG,0,0.007249594200402498
toxicity_predictor,val,FKRIAQRIKDFLR,0,0.019740339368581772
toxicity_predictor,val,VTIGKEGTLT,0,4.39280629507266e-05
toxicity_predictor,val,VGGLIAYDNIEISQIPVGDGVTLC,0,1.7968468455364928e-05
toxicity_predictor,val,RWKRINRQWFFWQRNIRKWR,0,0.003427909454330802
toxicity_predictor,val,AKKVFKRLEKLFSKIYNYK,0,0.02994322031736374
toxicity_predictor,val,RQIKIWFQNRRLKWKK,0,0.010351789183914661
toxicity_predictor,val,TSSLFPHPRL,0,0.0001483454107074067
toxicity_predictor,val,GLPTCGETCTLGTCYVPDCSCSWPICMKN,1,0.9701433181762695
toxicity_predictor,val,LLPFPYPTPF,0,0.00023970584152266383
toxicity_predictor,val,FFHHIFRGIVHVGKTIHRLVTGT,0,0.034999508410692215
toxicity_predictor,val,SIYVGNLSYD,0,8.368156159122009e-06
toxicity_predictor,val,GLHKVMREVLGYERNSYKKFFLR,0,0.018089622259140015
toxicity_predictor,val,LFGFLIPLLPHLIGAIPQVIGAIR,0,0.00024212176504079252
toxicity_predictor,val,VGAVAFGPVGAVVGGLASGFTGKQT,0,3.905754419974983e-05
toxicity_predictor,val,LRPAVIVRTKGK,0,0.05979687348008156
toxicity_predictor,val,MKTILRFVAGYDIASHKKKTGGYPWERGKA,0,0.006526433862745762
toxicity_predictor,val,FLSTALKVAANVVPTLFCKITKKC,0,0.008918389678001404
toxicity_predictor,val,TLRGDERILSILRHQNLLKELQDLALQGAK,0,2.866648901544977e-05
toxicity_predictor,val,FTMKKSLFLLFFLGTISLSLC,0,0.0004503793315961957
toxicity_predictor,val,RVCSAIPLPICH,0,0.07276956737041473
toxicity_predictor,val,FLPGLIAGIAKML,0,0.1465824842453003
toxicity_predictor,val,KAYSMPRCKGGFRAVMCWL,0,0.03254260867834091
toxicity_predictor,val,IIGGDECNINEHPFLVALYDA,0,7.351888780249283e-05
toxicity_predictor,val,RIIDLLARVRRPQKPKFVTVWVR,0,0.00238202977925539
toxicity_predictor,val,LVKDNPLDISPKQVQALCTDLVIRCMCCC,1,0.6179730892181396
toxicity_predictor,val,ADPPIHIASL,0,6.633544671785785e-06
toxicity_predictor,val,FLPMLAGLAANFLPKIICKITKKC,0,0.004396548494696617
toxicity_predictor,val,TKSQTHVPIRPNKLVLKVQKDRATN,0,0.0013329230714589357
toxicity_predictor,val,NSELINSILGLPKVMNEA,0,3.0356915203810786e-07
toxicity_predictor,val,FRLDEEFQGPIASQVRRQFLFRPRN,0,0.00017509139433968812
toxicity_predictor,val,VLSKSLCTPGCITGPLQTCYLCFPTFAKC,1,0.741392970085144
toxicity_predictor,val,FLSTLLNVASKVVPTLFCKITKKC,0,0.006773057393729687
toxicity_predictor,val,SEDETRLVKNLFSGYNKVVRPVNH,0,1.3058683180133812e-05
toxicity_predictor,val,TLASAIASAR,0,0.00034896936267614365
toxicity_predictor,val,FKCRAWQWRMKKLGA,0,0.03661104664206505
toxicity_predictor,val,FFPMLAGVAARVVPKVICLITKKC,0,0.0020325370132923126
toxicity_predictor,val,GMWGSLLKGVATVVKHVLPHALSSQQS,0,1.1638767318800092e-05
toxicity_predictor,val,ASGPAGPRGPAGPAGSSGKDGVSG,0,5.046479418524541e-05
toxicity_predictor,val,GNTKKAVPGFYGTR,0,0.008460914716124535
toxicity_predictor,val,IVVRDNNVEQALRALKKKMQREGL,0,0.00013129858416505158
toxicity_predictor,val,KQFTKCELSQVLKDMDGYGGIALP,0,6.218283942871494e-06
toxicity_predictor,val,MKNPRVHEIATAMIDAVRKVLVDHQ,0,0.00012185626837890595
toxicity_predictor,val,DIIMSTNTFSEEAEALLKEALETYLKEFA,0,1.788932763702178e-06
toxicity_predictor,val,IHHIHHHIHHIHHHIHHIHHHIHHIHHH,1,0.873180091381073
toxicity_predictor,val,GGPYSYGL,0,0.0001989802112802863
toxicity_predictor,val,KWCFRRCYAGICYRRCR,1,0.9323911070823669
toxicity_predictor,val,MISDSQIFVALLFALVSAVLAIRLGTDLYQ,0,0.00043516900041140616
toxicity_predictor,val,RWIRWVWRKKLR,0,0.01652524806559086
toxicity_predictor,val,CCSTNCAVCIPCCP,1,0.9920960664749146
toxicity_predictor,val,DGCPPHPVPGMHPCMCTNTC,1,0.41608792543411255
toxicity_predictor,val,GWCRCVCRRGICRCFCRK,1,0.9966997504234314
toxicity_predictor,val,LKKLLKLLKKLLKLAG,0,0.009968448430299759
toxicity_predictor,val,NFDEIDRSGFGFN,0,3.772204024699022e-07
toxicity_predictor,val,FLQRIIGARGRLF,0,0.014872630126774311
toxicity_predictor,val,LFGKLIKKFGRKAISYAVKKARGKH,1,0.7498436570167542
toxicity_predictor,val,ILKKIWKAIKKLF,0,0.004549416247755289
toxicity_predictor,val,VWRHWRRFW,0,0.01269904151558876
toxicity_predictor,val,RWLRWKTRWRLK,0,0.07094532996416092
toxicity_predictor,val,MSKGYVWVVDDDSSIRWVMEKTSPLPT,0,2.725064121023024e-07
toxicity_predictor,val,RRWSFRVSYRGFSYRKSR,0,0.09020037204027176
toxicity_predictor,val,ILGKIWKGIKSLF,0,0.0010289271594956517
toxicity_predictor,val,FLSGIVGMLGKLE,0,4.228596480970737e-06
toxicity_predictor,val,FLGMIPGLIGGLISAFK,0,1.9803921532002278e-05
toxicity_predictor,val,AEVFKSEEGSVDFYGQLRPA,0,4.895692882200819e-07
toxicity_predictor,val,AKAVKPKTAKPKTAKPKTAKA,0,0.19546006619930267
toxicity_predictor,val,MGLQQEISLQPWCHHPAESCQTTT,0,0.1039409264922142
toxicity_predictor,val,HKNIWKRKGYSIAL,0,0.07565685361623764
toxicity_predictor,val,DEKGPKWKR,0,0.03000163473188877
toxicity_predictor,val,YMVIQGEPGAVIRLGDYLIDQGL,0,2.307036083948333e-06
toxicity_predictor,val,AGRPGEPGPAGPPGPTGE,0,0.00026832084404304624
toxicity_predictor,val,DLARNLGLVDIDDEYDEDSDKEKPIFNV,0,1.1482018891229018e-07
toxicity_predictor,val,GVCRCLCRRGVCRCLCRR,1,0.9935196042060852
toxicity_predictor,val,SVALQVTVDAVSGSAKEKITAAGTVTELV,0,2.142869561794214e-05
toxicity_predictor,val,LFFLPSLIGGLISAIK,0,2.6863470338867046e-05
toxicity_predictor,val,KKLALALAKKWLALAKKLALALAKK,0,0.6825451850891113
toxicity_predictor,val,INWKKIASIGKEVL,0,5.765407331637107e-05
toxicity_predictor,val,MPKSPSKSSPRKGSPRKASPKRGGKGAKRA,1,0.03836095333099365
toxicity_predictor,val,FLSTLLKVAFKVVPTLFCPITKKC,0,0.003976885229349136
toxicity_predictor,val,PWIPLTPL,0,9.390300692757592e-05
toxicity_predictor,val,CGETCVGGTCNTPGCGCSWPVCTRNGLPV,1,0.9912477135658264
toxicity_predictor,val,ATCYCRTGRCATRESLSGVCEISGRLYR,1,0.7663750648498535
toxicity_predictor,val,ANQRLPPLSNDPDRCERAFVGNT,0,2.9869919671909884e-05
toxicity_predictor,val,EYDDMYTEKRPKVYAFGL,0,0.00010836953879334033
toxicity_predictor,val,RKCLRWQWAMRKVGG,0,0.04370228201150894
toxicity_predictor,val,KRIVKLIKKWLR,0,0.030731169506907463
toxicity_predictor,val,FLFSLIPHAISGLISAFK,0,2.7732126909540966e-05
toxicity_predictor,val,FFLKDFSTKRQIIDAINKVVYKGGR,0,0.0002694822323974222
toxicity_predictor,val,CKQAGESCDIFSQNCCVGTCAFICIE,1,0.9906098246574402
toxicity_predictor,val,GLIGSIGKALGGLLVDVLKPKL,0,1.2929214790347032e-05
toxicity_predictor,val,QLFQPPFR,0,0.00025412076502107084
toxicity_predictor,val,EGGGNRGDPSGVC,0,0.0015476214466616511
toxicity_predictor,val,DDIKLSQQYDVLDLFKYMHQ,0,2.7865200991072925e-06
toxicity_predictor,val,MIIFRALISHKK,0,0.006724514067173004
toxicity_predictor,val,ILGPVLGMVGSALGGLLKKI,0,2.5064278815989383e-05
toxicity_predictor,val,SVLSTITDMAKAAGRAALNAITGLVNQ,0,1.1535878002177924e-05
toxicity_predictor,val,MAPRGFSCLLLSTSEIDLPMAPVKRRA,0,6.551935075549409e-05
toxicity_predictor,val,QGRAPHPPIPPAP,0,0.0004946473054587841
toxicity_predictor,val,MLNERFSILVLLLILLTFSLG,0,0.011685033328831196
toxicity_predictor,val,VGRKHSILNCIPYLKKKKIMRL,0,0.10881040245294571
toxicity_predictor,val,SSSGWLCTLTIECGTIICACR,1,0.9585822820663452
toxicity_predictor,val,QTSFTPRL,0,0.00014930072939023376
toxicity_predictor,val,GSTGLIPFGRP,0,4.192117557977326e-05
toxicity_predictor,val,GVSGHGQHGVHG,0,0.01476806029677391
toxicity_predictor,val,FYLKTYRSQAPVLDAIRRLRLRGGS,0,0.004641557112336159
toxicity_predictor,val,MVKQIEFKYAFQEALNSAGDK,0,9.141975169768557e-06
toxicity_predictor,val,GIGSAILSAGKSIIKGLAKGLA,0,3.3702464861562476e-05
toxicity_predictor,val,ILPFVAGVAAEMMKHVYCAASKKC,0,0.007327532395720482
toxicity_predictor,val,TESLVLSPAPAKPKRA,0,0.0002053529751719907
toxicity_predictor,val,VVGGDECNINEHRSLALMYA,0,8.685249486006796e-05
toxicity_predictor,val,DCLPCGHDVCC,1,0.9769012331962585
toxicity_predictor,val,FFGHLLRGIVSVGKHIHGLITG,0,0.0015169146936386824
toxicity_predictor,val,VNWKKSLGKSIKVVK,0,0.004379088059067726
toxicity_predictor,val,NLVQFGKMIE,0,6.001296242175158e-06
toxicity_predictor,val,GIHDILKAGKPS,0,7.273146911757067e-05
toxicity_predictor,val,CTFTLPGGGGVCTLTSECIC,1,0.9873769283294678
toxicity_predictor,val,GFVALLKKLPLILKHLH,0,0.009166759438812733
toxicity_predictor,val,GILSSLLKKLKKWIAK,0,0.005017363466322422
toxicity_predictor,val,TKATEGEFLAEGGGVR,0,8.468790838378482e-06
toxicity_predictor,test,KWCARVCYRGICYRRCR,1,0.944403886795044
toxicity_predictor,test,NIIDVPCRPCYYRDSSGNCVYDQLGCGA,1,0.2781418263912201
toxicity_predictor,test,FFSLIPSLVGGLISAFK,0,9.421974937140476e-06
toxicity_predictor,test,FLPPSPWKETFRTT,0,6.267217395361513e-05
toxicity_predictor,test,GFKDGAADRISHGF,0,1.0911378012679052e-05
toxicity_predictor,test,GVFKDALKQFGAALLDKAANALKPK,0,0.00043995759915560484
toxicity_predictor,test,FLRSLLRGAKAIYRGARAGWRG,0,0.038401007652282715
toxicity_predictor,test,GGCCSHPACQNNPDYC,1,0.945650577545166
toxicity_predictor,test,GIGSILGVIAKGLPTLISWIKNR,0,9.271162525692489e-06
toxicity_predictor,test,VVYTDCTESGQNLCLCE,1,0.9470033645629883
toxicity_predictor,test,SIKDKICKIIQAQCGKKLPFT,0,0.005680146161466837
toxicity_predictor,test,NIPQLTPTP,0,0.00010253658547298983
toxicity_predictor,test,EDSLSDWERVYLPIDPGVVL,0,2.0569372338741232e-07
toxicity_predictor,test,MMIPGHFDYHRPKSV,0,0.0002664783678483218
toxicity_predictor,test,GLLGPLLKIAAKVGSNLL,0,5.579338539973833e-05
toxicity_predictor,test,FFGHLFKLATKIIPSFFRRKNQ,0,0.011029844172298908
toxicity_predictor,test,AQLQNPVGYELQHK,0,0.00013101055810693651
toxicity_predictor,test,AITLEKIFLPNNLVGWLDGRSS,0,3.530017806951946e-07
toxicity_predictor,test,SIGSAFKKALPVAKKIGKAALPIAKAALP,0,0.0016532044392079115
toxicity_predictor,test,FLPIIASVAAKVFSKIFCAISKKC,0,0.002538301283493638
toxicity_predictor,test,GFAHIRDFVSRIVRRLNIGP,0,0.0006980174803175032
toxicity_predictor,test,HTAGFIPRL,0,0.001191255054436624
toxicity_predictor,test,RGCYTRCWKVGRNGRVCMRVCT,1,0.9377317428588867
toxicity_predictor,test,MLYANPNTESSPVGFRKKYDNFI,0,5.166946266399464e-06
toxicity_predictor,test,KWKLFKKGIGAVLKV,0,0.037276990711688995
toxicity_predictor,test,FFGTLFKLGSKLIPGVMKLFSKKKER,0,0.00444014323875308
toxicity_predictor,test,FSGLDGAKGDSGPAGPK,0,2.892955080824322e-06
toxicity_predictor,test,SVVDGWTTFR,0,9.33155206439551e-06
toxicity_predictor,test,MIIYARRAEE,0,0.0007557544740848243
toxicity_predictor,test,MHLNESLIYLFLETSCVAGAHFESLLD,0,3.543138154782355e-05
toxicity_predictor,test,GYPWWDYRDLFGGHTFISP,0,3.24091270158533e-05
toxicity_predictor,test,GLPRKILCAIAKKKGKCKGPLKLVCKC,1,0.3186590373516083
toxicity_predictor,test,RQIKIWFQNRRMKWK,0,0.002335099270567298
toxicity_predictor,test,GIGKYLHSAKKFGKAWVGEIMNS,0,0.00019955361494794488
toxicity_predictor,test,FLPLIAGLFGKIF,0,0.05278211459517479
toxicity_predictor,test,LLAAHLLAIGRR,0,0.16827376186847687
toxicity_predictor,test,LETLLSLV,0,0.001879922696389258
toxicity_predictor,test,IPLDTIAGYKE,0,2.4887524432415375e-06
toxicity_predictor,test,SLWETIKNAGKGFIQNLDKIR,0,6.98948542776634e-06
toxicity_predictor,test,FKRINQRIKDFLR,0,0.02062069997191429
toxicity_predictor,test,GIHDILKYGKPA,0,0.0005998110864311457
toxicity_predictor,test,APANSVWS,0,2.166530794056598e-05
toxicity_predictor,test,DDLFNINAGIVKLFGVTTLDVVR,0,1.8636990262166364e-06
toxicity_predictor,test,APSMGFQGMR,0,2.0099865650990978e-05
toxicity_predictor,test,LNLKGLIKKVASLLN,0,0.00037226860877126455
toxicity_predictor,test,AFCCPSGWSAYDQNCY,1,0.3394912779331207
toxicity_predictor,test,QESGEVIIEIPR,0,5.721090019505937e-07
toxicity_predictor,test,GLLDTIKGVAKTVAASMLDKLKCKISGC,0,0.00031024706549942493
toxicity_predictor,test,RKCNLFCKAKQKLKSLSSVIGTVVHPPRG,0,0.022779298946261406
toxicity_predictor,test,KKKAAFAKAWAKAFKAA,0,0.08400285243988037
toxicity_predictor,test,GFLSTVKNLATNVAGTVIDTIKCKVTGGC,0,0.005959074012935162
toxicity_predictor,test,NGRCCHPACAKYFSCGR,1,0.9846075177192688
toxicity_predictor,test,GILGNIVGMGKKIVCGLSGLC,0,0.0019221003167331219
toxicity_predictor,test,QIKIWFQNRRMKWKK,0,0.0019314921228215098
toxicity_predictor,test,APEESPKRAPSGFLGVR,0,2.3325339498114772e-05
toxicity_predictor,test,YPDGFDGEAV,0,3.863430720230099e-06
toxicity_predictor,test,KWCFCVCYRGICRCRCRG,1,0.995743453502655
toxicity_predictor,test,KWKSFIKKLLSKFLHSAKKF,0,0.09685530513525009
toxicity_predictor,test,EDHPVHNRGEYSVCDSVNVWV,0,0.0018757283687591553
toxicity_predictor,test,TPCGESCVYIPCISGVIGCSCTDKVCYLN,1,0.8781452178955078
toxicity_predictor,test,TPALAVVTTVLPAAAVTTAKSV,0,0.001110290177166462
toxicity_predictor,test,SLSRFLSFLKIVYPPAF,0,6.909106014063582e-05
toxicity_predictor,test,GLFDIVKKIAGHIASSI,0,1.0320480214431882e-05
toxicity_predictor,test,FFGPLIKIATGVLPNLICKALGKC,0,0.001078488421626389
toxicity_predictor,test,TVAACNSPKVGLDSDAELVR,0,2.2810761947766878e-05
toxicity_predictor,test,DLWSWGQMIQETGLLPSYTTY,0,3.0851074370730203e-06
toxicity_predictor,test,AKKPVAKKAAGGVKKPKK,0,0.29745781421661377
toxicity_predictor,test,GILSSLWKKLKKIIAK,0,0.0037987479008734226
toxicity_predictor,test,GVFTFEDESTSTVAPAKLYK,0,3.7363683986768592e-06
toxicity_predictor,test,MERQVFIRLRHRLEADP,0,0.0017437313217669725
toxicity_predictor,test,MGNISPLTGTNGEIR,0,1.466042704123538e-06
toxicity_predictor,test,FSGGNCRGFRRRCFCTK,1,0.6542792320251465
toxicity_predictor,test,RQAKIWFQNRRMKWKK,0,0.011877177283167839
toxicity_predictor,test,MSDIEQRIKQAVAEQLGMRAEEIKNE,0,1.7826058638092945e-06
toxicity_predictor,test,RRWVRRVRRWVRRVVRVVRRWVRR,1,0.035804152488708496
toxicity_predictor,test,RQIKIAFQNRRMKWKK,0,0.03852915018796921
toxicity_predictor,test,GIGALSAKGALKGLAKGLAEHFAN,0,0.00010990034934366122
toxicity_predictor,test,TCRTNRPCFYDLDLNVCRCS,1,0.845483124256134
toxicity_predictor,test,ARCEQCPSYCCQSDSPPECDGCE,1,0.985614001750946
toxicity_predictor,test,INWKKIASIGKEVLKA,0,0.00047357031144201756
toxicity_predictor,test,VTVYENEGTKVDFDGNLRLLL,0,1.3492804100678768e-06
toxicity_predictor,test,RGPPGPMGPPGL,0,0.0005366059485822916
toxicity_predictor,test,IVRRACCSDRRCRWRCG,1,0.9109487533569336
toxicity_predictor,test,IKRFWPVVIRTVVAGYNLYRAIKKK,0,0.0035300797317177057
toxicity_predictor,test,QVTFSRDWSP,0,1.1097896503997617e-06
toxicity_predictor,test,KKWRKLLKKLKKLL,0,0.24116934835910797
toxicity_predictor,test,GLTRLRRILFRLLLWRTK,0,0.04855426773428917
toxicity_predictor,test,QDKPFWPPPIYIM,0,3.02815515169641e-05
toxicity_predictor,test,GIPCGESCVFIPCLTTVAGCSCKNKVCYRN,1,0.9696176052093506
toxicity_predictor,test,LKWLLKLLKLK,0,0.03414943069219589
toxicity_predictor,test,NEEEKVKWEPDVP,0,3.694697443279438e-05
toxicity_predictor,test,FFPLIAGLAANFLPQILCKIARKC,0,0.0018218489130958915
toxicity_predictor,test,QNWPHPPMPPAP,0,0.00016726122703403234
toxicity_predictor,test,GRCCEGPNGCSSRWCKDHARCC,1,0.99712735414505
toxicity_predictor,test,EDFDSQCVPTADPGPCKAYIPMWWYNVLS,0,0.002450130181387067
toxicity_predictor,test,FLGMIPKLIKKLIKAFK,0,0.005771738477051258
toxicity_predictor,test,MKIKFVFDLLTPDDILHPSNHVNLIIRPI,0,6.3316579144157e-06
toxicity_predictor,test,KKLAKALKLPALLWLKLAKALKKA,0,0.08345853537321091
toxicity_predictor,test,GMASKAGSIVGKIAKIALGAL,0,0.00012852298095822334
toxicity_predictor,test,RGSNLTIHPLRNIRD,0,0.0007375933928415179
toxicity_predictor,test,TTGVGAIAAVVVVVAGLVTG,0,0.003766909707337618
toxicity_predictor,test,IALQSPAGAARIRDYLYNELSK,0,2.8826092602685094e-05
toxicity_predictor,test,RVCYAIPLPICY,0,0.06602875143289566
toxicity_predictor,test,RWLRKWTRKRLK,0,0.5105555057525635
toxicity_predictor,test,VKKVAIIGAGVSGLASIRS,0,5.9031182900071144e-05
toxicity_predictor,test,WDVNDCIHFCLIGVVGRSYTECHTMCT,1,0.5943183302879333
toxicity_predictor,test,RCLCRRGVC,1,0.9935196042060852
toxicity_predictor,test,LLKKALRLWKKVL,0,0.02091260813176632
toxicity_predictor,test,MSILPLVHAMANVRGDIEYLTEA,0,6.6061138568329625e-06
toxicity_predictor,test,AKTGILDSDGPTVAGNSLSGT,0,6.315239602372458e-07
toxicity_predictor,test,FLPAIVGAAGQFLPKIFCAISKKC,0,0.0012144389329478145
toxicity_predictor,test,TQAGSQNPNDLSPGP,0,5.132646947458852e-06
toxicity_predictor,test,GPSAFLRL,0,7.214301149360836e-05
toxicity_predictor,test,TGTRARYQRQLSRAVKRARYLSLLPYTDH,0,0.021113885566592216
toxicity_predictor,test,KWCFRVCARGICYRRCR,1,0.9333502650260925
toxicity_predictor,test,FKRIVQRIKDQLR,0,0.00475055119022727
toxicity_predictor,test,FLFRVASKVFPALIGKFKKK,0,0.024026667699217796
toxicity_predictor,test,GAQFSSWG,0,4.4928074203198776e-06
toxicity_predictor,test,IVGGQEATPHTWVHQVALFI,0,2.4555582058383152e-05
toxicity_predictor,test,QKKDKKDRFY,0,0.022738711908459663
toxicity_predictor,test,HVINLEESFQEPEYENHLA,0,2.225131720479112e-05
toxicity_predictor,test,WKVFKSFIKKASSFAQSVLD,0,5.1624785555759445e-05
toxicity_predictor,test,DDNGKPYVLPSVRTCGFDFTGAVEDISK,0,3.218839765395387e-06
toxicity_predictor,test,CCDDSECSTSCWPCCY,1,0.9973369240760803
toxicity_predictor,test,IITGASSGIGKAIAKHFI,0,0.00011817201448138803
toxicity_predictor,test,KRWWKWWRRC,0,0.036724433302879333
toxicity_predictor,test,QDVVHSFLRF,0,8.681780309416354e-05
toxicity_predictor,test,MIASHLAFEKLSKLGSKHTML,0,0.00019888651149813086
toxicity_predictor,test,QPSKDAFIGLM,0,2.7208233177589136e-07
toxicity_predictor,test,CSTNTFSLSDYWGNKGNWCTATHECMSWCK,1,0.6555069088935852
toxicity_predictor,test,GWASSIGSILGKFAKGGAQAFLQPK,0,1.2298033652768936e-05
toxicity_predictor,test,LKWLKKWLK,0,0.008053035475313663
toxicity_predictor,test,AKTFKYIILG,0,0.004091293551027775
toxicity_predictor,test,NGNLLGGLLRPVLGVVKGLTGGLGKK,0,7.487663970096037e-05
toxicity_predictor,test,FLSLIPHAINAVSAIAKHN,0,5.288672764436342e-05
toxicity_predictor,test,GFKDWIKSAAKKLIKTVASNIANQ,0,8.443242404609919e-05
toxicity_predictor,test,NPLFGIAGEDGPTGPSGIVGQ,0,1.1410479601181578e-06
toxicity_predictor,test,MTLSLINRSTACIQAVEQKYCRVPLPENNR,0,0.000650182249955833
toxicity_predictor,test,PAPDSSFIRDP,0,1.3266538871903322e-06
toxicity_predictor,test,KCFQWQANMRKRRGPPVSCIKR,0,0.0520518459379673
toxicity_predictor,test,KCCMRPICMCPCC,1,0.9926044940948486
toxicity_predictor,test,LTNKTARFLVNGTSIPEVDFDVGE,0,2.50042347715862e-07
toxicity_predictor,test,GRRKRKWLRRIGKGVKIIGGAALDHL,1,0.5740463137626648
toxicity_predictor,test,FLKALWNVAKSVF,0,0.18908056616783142
toxicity_predictor,test,GFCRCVCTRGFCRCVCTR,1,0.9980103373527527
toxicity_predictor,test,MFAGLPSLSHEQQQKAVERI,0,6.133899660198949e-06
toxicity_predictor,test,MIIYRALISHKK,0,0.005424578208476305
toxicity_predictor,test,KLLKKAGKLLKKAGKLLKKAG,1,0.41137248277664185
toxicity_predictor,test,GILSGILGAGKSLVCGLSGLC,0,0.0008812202140688896
toxicity_predictor,test,HKINSFVGLM,0,8.497513772454113e-05
toxicity_predictor,test,ILGPVLGLVGNALGGLIKNE,0,3.9495384953625035e-06
toxicity_predictor,test,HEPCGESCVFIPCITTVVGCSCKNKVCYD,1,0.9433963894844055
toxicity_predictor,test,FLPVLTGLTPSIVPKLVCLLTKKC,0,0.0025264588184654713
toxicity_predictor,test,MRVNKESLQMNTYISLHGWWRTSLLRAV,0,0.00013884634245187044
toxicity_predictor,test,RQIKAWFQNRRMKWKK,0,0.011877177283167839
toxicity_predictor,test,FLPLFLPKIICEITKKC,0,0.008991044014692307
toxicity_predictor,test,LSVKAFTGIQLRGVCGIEVKARG,0,0.00021773077605757862
toxicity_predictor,test,SDIGISEPNFLRF,0,6.552271969439971e-08
toxicity_predictor,test,KALKKLLKLASSLLTAL,0,0.003792282659560442
toxicity_predictor,test,RFIYMKGFGKPRFGKR,0,0.658358097076416
toxicity_predictor,test,GLPGKKNVLKKSRESSGKPGGTNKKPF,0,0.009439348243176937
toxicity_predictor,test,GLPVCGETCFTGSCYTPGCSCNWPVCNRN,1,0.9767186641693115
toxicity_predictor,test,KWCFRVAYRGIAYRRCR,0,0.07526984810829163
toxicity_predictor,test,TDTKESDFLAEGGGVR,0,2.547911606143316e-07
toxicity_predictor,test,GINTLKKVIQGLHEVIKLVSNHE,0,1.3321968253876548e-05
toxicity_predictor,test,GYGDRNFLRF,0,0.0008843771065585315
toxicity_predictor,test,VVYALKRNGRTLYGF,0,0.014259416610002518
toxicity_predictor,test,MSGCGCASTGTCHCGKDCTCAGCPHK,1,0.9987024068832397
toxicity_predictor,test,GLLPKVKLVPEQISFILSTRENR,0,1.1638578143902123e-05
toxicity_predictor,test,ANNPGARKAIRKIEARTEVN,0,0.0008959569968283176
toxicity_predictor,test,PFCNAFTGC,0,0.8471968770027161
toxicity_predictor,test,ILCINVAGRRIC,0,0.015025189146399498
toxicity_predictor,test,PAPETNYLRDP,0,4.546458876575343e-05
toxicity_predictor,test,MIIYADLIS,1,0.9901871681213379
toxicity_predictor,test,GIPCGESCVWIPCISGAIGCSCKSKVCYRN,1,0.9580678343772888
toxicity_predictor,test,FIGPVLKMATSILPTAICKGFKKC,0,0.0022752913646399975
toxicity_predictor,test,GPSGPQGAR,0,0.0004159114614594728
toxicity_predictor,test,IWLTALKFLGKHAAKHLAKQQLSKL,0,0.013282147236168385
toxicity_predictor,test,GEEERKAMAELEAKKAQEALKA,0,0.00025439372984692454
toxicity_predictor,test,DDLYKLVNQGFGAVCSFIDGFNGKKYRGKC,0,0.0005518910475075245
toxicity_predictor,test,FGETSGETKGMWFGPRL,0,4.625505425792653e-06
toxicity_predictor,test,GGHGHQHQQQHQGHGQ,0,0.12805360555648804
toxicity_predictor,test,LPYPVNCKTECECVMCGLGIICKQCYYQQ,1,0.6496147513389587
toxicity_predictor,test,DVNGGGHTLPQPLYQTTVVL,0,6.369741186063038e-06
toxicity_predictor,test,VRLRVKTRVRLK,0,0.31486791372299194
toxicity_predictor,test,FLSALLGMLKNL,0,0.010349288582801819
toxicity_predictor,test,RWCVYAYVRIRGVLVRYRRCW,0,0.00949374120682478
toxicity_predictor,test,SDSVVSDIICTTFCSVTWCQSNCC,1,0.9691150784492493
toxicity_predictor,test,AGGADNFMRF,0,1.1862547580676619e-05
toxicity_predictor,test,GLARIVVIRVAR,0,0.003959354478865862
toxicity_predictor,test,VRLRIRVAVIRA,0,0.004467344842851162
toxicity_predictor,test,VGTRVVRIEDQQLITQGGTYVEDL,0,8.931897923503129e-07
toxicity_predictor,test,CKGTGKPCSRIAYNCCTGSCRSGKCG,1,0.9952535629272461
toxicity_predictor,test,MEPDPTPLPRRRLKLFR,0,0.009095401503145695
toxicity_predictor,test,KLGALWNVAKSKF,0,0.0035993168130517006
toxicity_predictor,test,APRRQLKW,0,0.04377714917063713
toxicity_predictor,test,LRAAHRLAIGRR,0,0.38097479939460754
toxicity_predictor,test,QKKDKKDRFPNGLV,0,0.010013248771429062
toxicity_predictor,test,SDYLQLAR,0,2.5175624614348635e-05
toxicity_predictor,test,SGTSEKERESERLLGVVNPLIKCFRSPCP,0,0.0007332527311518788
toxicity_predictor,test,GCSRWIIGIHGQICRD,0,0.03210941329598427
toxicity_predictor,test,PPPPPGPPPNP,0,0.0010143438121303916
toxicity_predictor,test,KWKSFLKTFKSALKTVLHTALKAISS,0,0.002624769229441881
toxicity_predictor,test,LNLKALLAVAK,1,0.9980213642120361
toxicity_predictor,test,TQVTVEYVNEGGAMV,0,0.00015104655176401138
toxicity_predictor,test,SPCTCSTCNCAGACNSCSCTSCSH,1,0.999203622341156
toxicity_predictor,test,FLSLIPHAINAVSAIAKHS,0,5.094970401842147e-05
toxicity_predictor,test,SGSNLTTV,0,0.0001461224746890366
toxicity_predictor,test,GYPICGESCVGGTCNTPGCSCSWPVCTTN,1,0.984607994556427
toxicity_predictor,test,FMGGLIKAATKALPAAFCAITKKC,0,0.0106271430850029
toxicity_predictor,test,KQFRIRVRVIRK,0,0.10416921973228455
toxicity_predictor,test,MNFKYIKKDG,0,0.001982100773602724
toxicity_predictor,test,MTRVQFKHHHHHHHPD,0,0.7747116684913635
toxicity_predictor,test,CPRRRVCIRCSQHH,1,0.7735905051231384
toxicity_predictor,test,FKRIVQRIKDFAR,0,0.012147192843258381
toxicity_predictor,test,GVCRCVCRRGVCRCFCRR,1,0.9964919686317444
toxicity_predictor,test,LGTGLGVDQN,0,4.3086825485261215e-07
toxicity_predictor,test,FLKALWNVAKKVF,0,0.7842155694961548
toxicity_predictor,test,MPEPAKSAPKKGSTRTAAKGGKKRRKSRK,1,0.12145958095788956
toxicity_predictor,test,ANIVFDVESATTGTYSTFLTSF,0,3.487793219392188e-05
toxicity_predictor,test,ATCSASQLSPCLGAI,0,0.5503860116004944
toxicity_predictor,test,GIGKFLHSAKKWGKAFVGEIMNS,0,0.00011435223132139072
toxicity_predictor,test,GIKIAKKAITIAKKIAKIYW,0,0.004716878291219473
toxicity_predictor,test,GIFGKILGVGKKVLCGLSGMC,0,0.0017367482651025057
toxicity_predictor,test,GSSGLISFPRT,0,6.757659775757929e-06
toxicity_predictor,test,GKGSWSKKIEVIA,0,5.101256465422921e-05
toxicity_predictor,test,GLLSGILGAGKKIVCGLSGLC,0,0.0006135145667940378
toxicity_predictor,test,QKKDKKDKF,0,0.035677678883075714
toxicity_predictor,test,GLFGKLIKKFARKAISYAVKKARGKH,1,0.6580061912536621
toxicity_predictor,test,ITFSKIYRSCKSDSDCGNQKCARGRCV,1,0.7663565874099731
toxicity_predictor,test,NGRCCHPACARKYNC,1,0.9864631295204163
toxicity_predictor,test,GLLDTIKNTAKNLAVGLLDKIKCKMTGC,0,0.0005052773631177843
toxicity_predictor,test,ITSFIGCTPGCGKTGSFNSFCC,1,0.9786348342895508
toxicity_predictor,test,RIVELTLPRVSVRL,0,0.00034643951221369207
toxicity_predictor,test,FLPMIAKLLGGLL,0,0.31108400225639343
toxicity_predictor,test,ALYKKFKKKLLKSLKRLG,0,0.3684421479701996
toxicity_predictor,test,GNAACVIGCIGSCVISEGIGSLVGTAFTLG,1,0.10270591825246811
toxicity_predictor,test,CKPASIKIRLNSTADTGFYV,0,0.0001437953906133771
toxicity_predictor,test,GLGSVLGKILKMGANLLGGAPKGA,0,2.919459257100243e-05
toxicity_predictor,test,MENGKVHVASMSGLSMPHMNEMLEK,0,3.0062726636970183e-06
toxicity_predictor,test,ECCTHAHCSQGCRPCC,1,0.9991604089736938
toxicity_predictor,test,IWSGIQSAF,0,2.822955593728693e-06
toxicity_predictor,test,MKLRKILKSMFNNYCKTFKDVPPGNMFR,0,0.00782111193984747
toxicity_predictor,test,ILGPVIKTIGGVIGGLLKNL,0,1.4445433407672681e-05
toxicity_predictor,test,IWRIFRRIFRIF,0,0.006758183240890503
toxicity_predictor,test,DVTFSLLGANTKSYAAFITNFRKDVASEKK,0,8.352568329428323e-06
toxicity_predictor,test,FLFSLIPHAIGGLISAFK,0,4.2444196878932416e-05
toxicity_predictor,test,SCSSGCSDCNSDSCQCTLNQFTNSDSCCC,1,0.9961218237876892
toxicity_predictor,test,MAYRGFKTSRVVKHRVRRRWFNHRRRYR,1,0.7212805151939392
toxicity_predictor,test,MTLDVFTKVVSQADSRG,0,4.8591834911349e-07
toxicity_predictor,test,RWRCKNQN,0,0.04681149870157242
toxicity_predictor,test,FFHHIFRGIVHVGRTIHKLVTGG,0,0.0673040971159935
toxicity_predictor,test,SLGGKPDLRPCYPPCHYIPRPKPR,0,0.008074687793850899
toxicity_predictor,test,GLFDKLKSLVSDF,0,6.781016281820484e-07
toxicity_predictor,test,HCLAIGRR,0,0.1949964016675949
toxicity_predictor,test,ISLEICAIFHDN,0,0.0008592533995397389
toxicity_predictor,test,MALNLQDKQAIVAEVSEVAK,0,4.07993366025039e-06
toxicity_predictor,test,GLPVCGETCFGGRCNTPGCTCSYPICTRN,1,0.984295129776001
toxicity_predictor,test,ASHLGHHALDHLLK,0,0.019559744745492935
toxicity_predictor,test,KPRPHQFFGLM,0,0.007906614802777767
toxicity_predictor,test,RKRHPDCDKAADTRI,0,0.0520167201757431
toxicity_predictor,test,FFPFLLGALGSLLPKIF,0,0.00040515567525289953
toxicity_predictor,test,FFSLIPSLIGGLVFAIK,0,5.458724626805633e-05
toxicity_predictor,test,GFLDVLKGVGKAALGAVTHLINQ,0,3.089648816967383e-05
toxicity_predictor,test,KKLKAFLKAWAKLFKAL,0,0.09820488840341568
toxicity_predictor,test,GLMGTLISKQMKK,0,0.0004063747182954103
toxicity_predictor,test,LKLKSILGKLGVILSHLNK,0,0.0005647853249683976
toxicity_predictor,test,ILGKILEGIKSLF,0,3.847602420137264e-05
toxicity_predictor,test,RELLMGIFEKNGTGKTAAFVIPLLQK,0,4.682829603552818e-05
toxicity_predictor,test,EDTGTFEEGHGGVR,0,1.7806753021432087e-05
toxicity_predictor,test,FNRGGYNFGKSVRHVVDAIGSVAGILKSIR,0,4.984997940482572e-05
toxicity_predictor,test,MQFITDLIKKAVDFFKGLFGNK,0,7.384694617940113e-05
toxicity_predictor,test,CYINNCPLG,0,0.17965559661388397
toxicity_predictor,test,GDTRRQIL,0,0.000491831568069756
toxicity_predictor,test,PAPESSFIRDP,0,2.3063541902956786e-06
toxicity_predictor,test,RGDKGEAGEAGERG,0,0.00011153081868542358
toxicity_predictor,test,VVIRTVVAGYNLYRAIKKK,0,0.003131645731627941
toxicity_predictor,test,QCCPTMPECCRI,1,0.9793765544891357
toxicity_predictor,test,ARAVGIDLGTTNAVVAVLEG,0,1.7581938664079644e-05
toxicity_predictor,test,FQSGVLSPTISPNYSHDMNSM,0,1.0823273441928905e-06
toxicity_predictor,test,QGWAWPRPQIPP,0,4.841983536607586e-05
toxicity_predictor,test,ADYLQLARA,0,0.10856226831674576
toxicity_predictor,test,SAPSQDFMRF,0,1.1654054787868517e-06
toxicity_predictor,test,GLWNSIKIAGKNLFVNVLDKIRCKVAGGC,0,0.0009371771011501551
toxicity_predictor,test,GSPGERGESGPPGPAG,0,0.00010264478623867035
toxicity_predictor,test,KKKKAAFLKLWLKLFAA,0,0.09820488840341568
toxicity_predictor,test,VSGVADER,0,5.152407425157435e-07
toxicity_predictor,test,FLGALWNVAKSLF,0,0.05100182816386223
toxicity_predictor,test,MLRYLSLFAVGLATGYAWGWIDGLAASLTV,0,0.0019009399693459272
toxicity_predictor,test,AWKLFDDGV,0,1.278179865948914e-06
toxicity_predictor,test,ALLDKLKSLGKVVGKVAIGVAQHYLNPQQ,0,8.499078103341162e-05
toxicity_predictor,test,INWLKLGKKVSAIL,0,0.000871536263730377
toxicity_predictor,test,MGEVFAGGFALLVVLFILLIIIGASWLY,1,0.999481737613678
toxicity_predictor,test,AQPPQADFL,0,8.458435331704095e-06
toxicity_predictor,test,NDPCEEVCLQHTGNVKACEEACQ,1,0.954757571220398
toxicity_predictor,test,APPPGYAMESDSFS,0,3.744662308236002e-06
toxicity_predictor,test,GSGKKGGKKICQKY,0,0.059511542320251465
toxicity_predictor,test,KKWRWWLKALAKK,0,0.020250726491212845
toxicity_predictor,test,GPETAFFRL,0,4.014637670479715e-05
toxicity_predictor,test,KCDVDIRK,0,0.01946866884827614
toxicity_predictor,test,CLGIGSCDDFAGCGYAIVCFW,1,0.6627269387245178
toxicity_predictor,test,SGYLPGKEYVYKYKGKVF,0,0.004900254774838686
toxicity_predictor,test,AGPRFIRF,0,0.010183202102780342
toxicity_predictor,test,ECCHPACGKHFSC,1,0.9956932663917542
toxicity_predictor,test,RRLFRRILRWL,0,0.049753762781620026
toxicity_predictor,test,FFGDFGNISSAAAITGNPK,0,1.035720970321563e-06
toxicity_predictor,test,QEKPYWPPPIYPM,0,0.0002433518529869616
toxicity_predictor,test,GLFGKLIKKFGRKAISYAVKKARGKN,1,0.4868375360965729
toxicity_predictor,test,YDLSDSNCLPANRDKRYYVI,0,0.00018647185061126947
toxicity_predictor,test,KIFGAIWPLALGALKNLIK,0,0.0033036530949175358
toxicity_predictor,test,INWKKIFQKVKNLV,0,0.00031805047183297575
toxicity_predictor,test,KIMAKPSKFYEQLRGR,0,0.05054116249084473
toxicity_predictor,test,SGHTKIKVAVDT,0,0.00015124471974559128
toxicity_predictor,test,GSSSGLISMPRV,0,1.6153127262441558e-06
toxicity_predictor,test,LPSDATLVLDQTGKELDARL,0,2.336744557851489e-07
toxicity_predictor,test,FLKGVINLASKIPSMLCAVLKTC,0,0.002774822525680065
toxicity_predictor,test,FFVPPAFFPP,0,0.0002464080462232232
toxicity_predictor,test,KVPVAAAAAAAAAVVASSMVVAAAK,1,0.9896531701087952
toxicity_predictor,test,FLSLIPHIVSGVASIAKHFG,0,2.6455600163899362e-05
toxicity_predictor,test,KWCFRVCYRGICYRRCA,1,0.9562996625900269
toxicity_predictor,test,GLLSGVLGVGKKVLCGLSGLC,0,0.0011801640503108501
toxicity_predictor,test,SCNCVCGFCCSCSP,1,0.9992061257362366
toxicity_predictor,test,WRIRWKTRWRIK,0,0.025818513706326485
toxicity_predictor,test,GSNDFMRF,0,2.5643619210313773e-06
toxicity_predictor,test,IDWLKLGKMVIDAL,0,0.0017888867296278477
toxicity_predictor,test,FKRGVQRIKDFLR,0,0.13801833987236023
toxicity_predictor,test,KTCENLADTYKGPCFTTGSCD,1,0.8669325113296509
toxicity_predictor,test,LAHQKPFIRKSYKCLHKRCR,1,0.625911295413971
toxicity_predictor,test,VTQPLAPVHNPISV,0,1.913676351250615e-05
toxicity_predictor,test,HDVYGGDYRITGDDGHS,0,1.6531786968698725e-05
toxicity_predictor,test,FFGTALKIAANVLPTAICKILKKC,0,0.006025395356118679
toxicity_predictor,test,GWKKWFNRAKKVGKTVGGLAVDHYL,0,0.011347496882081032
toxicity_predictor,test,FKRIVQRIKDHLR,0,0.10344862192869186
toxicity_predictor,test,DSIRDVSPTFNKIRRWFDGLFK,0,1.3030817171966191e-05
toxicity_predictor,test,KPTADFDYIVVGAGNAGNVVAYRTVQAL,0,2.12858594750287e-05
toxicity_predictor,test,LNLKALLAVAKK,0,0.5607745051383972
toxicity_predictor,test,FDIIKKVASVVG,0,2.690387555048801e-05
toxicity_predictor,test,EGSGSGETSGMWFGPRL,0,1.3649535048898542e-06
toxicity_predictor,test,MLDIISLGWGSLLAIFSFSIALVVWGRNGF,0,7.483952686015982e-06
toxicity_predictor,test,ADETCTDLTILTTQYIAGDFD,0,0.00014647010539192706
toxicity_predictor,test,HNSSKQWSHWLWHNGIRI,0,0.0004507407429628074
toxicity_predictor,test,TRDTNDLISSRTAAPSMV,0,1.3749219078817987e-06
toxicity_predictor,test,ISGKPARTPT,0,0.002573916921392083
toxicity_predictor,test,VSCADILTMATRQFDNVYYKNLQQGK,0,3.6913377698510885e-05
toxicity_predictor,test,NILSSIVNGINRALSFFG,0,1.7058513321899227e-06
toxicity_predictor,test,ADNPGDDGN,0,4.2068036236742046e-06
toxicity_predictor,test,EIQNAGLYAILR,0,9.284530824515969e-05
toxicity_predictor,test,SQPSMRLRF,0,0.0005320910713635385
toxicity_predictor,test,AKKVFKRLEKSFSKIQNDK,0,0.009452813304960728
toxicity_predictor,test,EFLKDYIDRKSRVAVHNRIKDLKTLGFKIE,0,0.00030421221163123846
toxicity_predictor,test,ADDRNPLEECFRETDYEEFLEIAKNGLSTT,0,7.00289001542842e-06
toxicity_predictor,test,RICRIVVIRCIR,0,0.0012106108479201794
toxicity_predictor,test,GLVSSIGKVLGGLLADVVKSKGQPA,0,2.0425864022399765e-06
toxicity_predictor,test,TIFLQQQQQQQQQQQ,0,0.00016167400463018566
toxicity_predictor,test,GIGKFLHSAKKFGKAFVGEIMNS,0,0.00016555249749217182
toxicity_predictor,test,CKGKGQSCSKLMYDCCTGSCSRRGKC,1,0.9939384460449219
toxicity_predictor,test,RQIKIWFANRRMKWKK,0,0.013539088889956474
toxicity_predictor,test,GFDVIDTIK,0,4.851024755225808e-07
toxicity_predictor,test,VVGGDCIPQVPFLAFLYSEYFC,0,0.03197532519698143
toxicity_predictor,test,FIKRIARLLRKIF,0,0.011233454570174217
toxicity_predictor,test,SHGSHETDEEF,0,3.28675341734197e-05
toxicity_predictor,test,LKCYSSRTETMTCPEGKDKCEKYAV,1,0.7835118174552917
toxicity_predictor,test,RLCRIVVIRVCR,0,0.0025205332785844803
toxicity_predictor,test,FFHLHFHY,0,0.04827955365180969
toxicity_predictor,test,GRGASSNYVRL,0,0.00012160494952695444
toxicity_predictor,test,WKRWVQRWKRWLR,0,0.008204609155654907
toxicity_predictor,test,FLPAVLRVAAKIVPTVFCAISKKC,0,0.001993478974327445
toxicity_predictor,test,EELRPEVLPDVSE,0,3.3550372791069094e-06
toxicity_predictor,test,RWQWRWQWR,0,0.002040144754573703
toxicity_predictor,test,FLSLIPHIVSGVASLAKHF,0,4.730185537482612e-05
toxicity_predictor,test,GRFKRFRKKFKKLFKKLS,1,0.7418104410171509
toxicity_predictor,test,SEEEKRQPWLPFG,0,1.554385198687669e-05
toxicity_predictor,test,GLPVCGETCFGGTCNTPGCSCTWPICTRD,1,0.984603226184845
toxicity_predictor,test,RQIKIWFQNRR,0,0.0022602290846407413
toxicity_predictor,test,WNETSDKDLYTDSR,0,1.3671186707142624e-06
toxicity_predictor,test,GVVDILKGAAKDIAGHLASKVM,0,3.096447835559957e-05
toxicity_predictor,test,FLPKMSTKLRVPYRRGTKDYH,0,0.12094101309776306
toxicity_predictor,test,KIPCGESCVWIPCVTSIFNCKCENKVCYHD,1,0.7440953850746155
toxicity_predictor,test,LLPIVGNLLNSLL,0,0.00014852148888166994
toxicity_predictor,test,FLGALAKIISGIF,0,0.004456166177988052
toxicity_predictor,test,MLFKKISKFVGWLSGSSVGSITSKTHE,0,6.787240636185743e-06
toxicity_predictor,test,SGCCSNPACRVNNPNIC,1,0.9558418989181519
toxicity_predictor,test,FLPMLAGLAASMVPKFVCLITKKC,0,0.0022728764452040195
toxicity_predictor,test,ASGPAGPRGPA,0,0.00033648061798885465
toxicity_predictor,test,GLLSGILGAGKHIICGLSGLC,0,0.0007135168416425586
toxicity_predictor,test,CVKVSVKVGSGVKVSVKVC,0,0.12113573402166367
toxicity_predictor,test,FLPIIASVAANVFSKIFCAISKKC,0,0.0017862804234027863
toxicity_predictor,test,RPPGFTPF,0,0.0003252590249758214
toxicity_predictor,test,IAIFNAYTPLPFAD,0,0.00042014120845124125
toxicity_predictor,test,FIITGLVRGLTKLF,0,0.0003103967464994639
toxicity_predictor,test,KDDYPVDTAK,0,1.3596031749329995e-05
toxicity_predictor,test,MKKTTIIMMGVAIIVVLGTELGWW,0,0.00022859429009258747
toxicity_predictor,test,EVCEKASKTWSGNCGNTGHC,1,0.9719938039779663
toxicity_predictor,test,RGSNLTSLPLQNVIDLFYVGNITIG,0,4.7080249032660504e-07
toxicity_predictor,test,MAPRGFSCLLLLTSEIDLPVKRRA,0,0.000198411857127212
toxicity_predictor,test,SPGALEDEHNDNFLRF,0,3.1549404866382247e-07
toxicity_predictor,test,MDILSISWAFLMVVFTFSLSLVVWGRSGL,0,3.152411954943091e-05
toxicity_predictor,test,MESIEQRVKKIVAEQLGVAEAEIKA,0,1.4144748092803638e-05
toxicity_predictor,test,IHKFWRPGRWFKHI,0,0.06620891392230988
toxicity_predictor,test,ILGAILPLVSGLLSSKL,0,1.1947413440793753e-05
toxicity_predictor,test,LKDAQSRITK,0,0.00038030886207707226
toxicity_predictor,test,ALIFATLSAAYIGEALE,1,0.8310595750808716
toxicity_predictor,test,FLPLIAGLLGKLF,0,0.19946596026420593
toxicity_predictor,test,SLWSSIKDMAAAAGRAALNAVNGIVNP,0,8.671316209074575e-06
toxicity_predictor,test,IKIMDILAKLGKVLAHV,0,0.01059249509125948
toxicity_predictor,test,KWLRRVWRWWR,0,0.011728782206773758
toxicity_predictor,test,GSSGLISMPRV,0,1.6284925550280605e-06
toxicity_predictor,test,MAQDIISTIGDLVKWIIDTVNKFTKK,0,1.399568418491981e-06
toxicity_predictor,test,GKPICGETCFKGKCYTPGCTCSYPICKKD,1,0.9727396368980408
toxicity_predictor,test,LVPFRPRL,0,0.0038883753586560488
toxicity_predictor,test,DKGRRRSKFVLHRRQCAN,0,0.5605453848838806
toxicity_predictor,test,QSERFEQQMQGQDFSHDERFLSQAA,0,1.7531508547108388e-06
toxicity_predictor,test,TTWPCATVGVSVALCPTTKCTSQC,1,0.9527960419654846
toxicity_predictor,test,LQTALYALMEEIHIAALEKTWTALRHQYT,0,0.000634263560641557
toxicity_predictor,test,LRLKPYGALVDKVKSFTKRF,0,0.023202868178486824
toxicity_predictor,test,MYAFSYSTPRTLDEVSAAS,0,7.99110875959741e-06
toxicity_predictor,test,IDWLKLGKMVMDVL,0,0.0023418553173542023
toxicity_predictor,test,MIPAQFTYRRVSSVDEALAAVAEHGD,0,4.4890384742757306e-06
toxicity_predictor,test,IAAHRGPVLRGWYP,0,0.001390571123920381
toxicity_predictor,test,ARQLNPSDQELQSPQQLYPQQPYPQQPY,0,4.9398520786780864e-05
toxicity_predictor,test,FLSGLIGGLAKMLGK,0,5.602974852081388e-05
toxicity_predictor,test,GGCCSYPPCAVSNPQHC,1,0.9264990091323853
toxicity_predictor,test,GFIGWGNNIFGHYSGDF,0,2.452115950291045e-05
toxicity_predictor,test,QRPRLSHKGPMPF,0,0.024172738194465637
toxicity_predictor,test,GLFGKSSVWGRKYYVDLAGCAKA,0,0.0006811593775637448
toxicity_predictor,test,RIKRFWPVVIRTVVAGYNLYRAIKK,0,0.0032779702451080084
toxicity_predictor,test,HSDAIFTDNYSRFRKQMAVKKYLNSVLT,0,6.445001054089516e-05
toxicity_predictor,test,DCCWPGRPDCCAP,1,0.8647180199623108
toxicity_predictor,test,GCCSRPPCIANNPDIC,1,0.7041423916816711
toxicity_predictor,test,MRFLFFLPPSFITSFLYLALYSFPVPYCII,0,0.004492784384638071
toxicity_predictor,test,ANNAGARKAIRKIEARTEVN,0,0.0008403354440815747
toxicity_predictor,test,SATAAREEYQRKRSQFIEIG,0,5.309846528689377e-05
toxicity_predictor,test,GSGKKGGKKHCQKY,0,0.07526519894599915
toxicity_predictor,test,GLFDIIKNIFSGL,0,2.363147132200538e-06
toxicity_predictor,test,APSLRLRF,0,0.004997082520276308
toxicity_predictor,test,NIWKKIFEKVKNLV,0,0.00030958905699662864
toxicity_predictor,test,QLNYSPDW,0,6.1532282416010275e-06
toxicity_predictor,test,PRPRCRRRFCRPRP,0,0.27232620120048523
toxicity_predictor,test,KPCCSIHDNSCCGI,1,0.9868056774139404
toxicity_predictor,test,VDACYEACMHHHMNSDDCIEACKNPVPP,1,0.39664313197135925
toxicity_predictor,test,YDASLKPNLQIPQKNIPNNDAVNIK,0,2.157450353479362e-06
toxicity_predictor,test,GNAPAADMVLKAPGDAKMTKTAVP,0,4.573210026137531e-05
toxicity_predictor,test,CKCPSCNFNDVTENCKCCIFRQP,1,0.9842740893363953
toxicity_predictor,test,GVKELFGKAWGLVKKHLPKACGLLGYVKQ,0,0.009691299870610237
toxicity_predictor,test,GIGGALLSVGKLALKGLANVLADKFAN,0,2.388074790360406e-05
toxicity_predictor,test,PRLNDARNLIRRFERD,0,0.0029300230089575052
toxicity_predictor,test,GPLNAQHQS,0,4.995757990400307e-05
toxicity_predictor,test,QVIAITGSASGIGAA,0,2.4519173166481778e-05
toxicity_predictor,test,MTPLWRILASKPQGAYCHDHIECSTGLCR,1,0.04708366468548775
toxicity_predictor,test,MAWKAPKIVEVPCGMEINMYVSATRK,0,0.0004883768269792199
toxicity_predictor,test,GSRGWGFEPGVRCLIWCD,0,0.02096724696457386
toxicity_predictor,test,CKIALPYHMRCRVLGRC,1,0.29393470287323
toxicity_predictor,test,GEEEYQKMLENLREAEVKKNA,0,2.463215969328303e-05
toxicity_predictor,test,AAKIKKGDNVVVLTG,0,0.00011490422184579074
toxicity_predictor,test,VPASGFFGMR,0,2.8954786102985963e-05
toxicity_predictor,test,GAYGQGQNIGQLFVNILIFLFY,0,4.29949359386228e-05
toxicity_predictor,test,MWPFPSDK,0,5.936563411523821e-06
toxicity_predictor,test,GFGMLFKFL,0,0.003246383275836706
toxicity_predictor,test,FNPCPYSDDTVKMIILTRENKKHDF,0,0.00010488567204447463
toxicity_predictor,test,AEKLEPVLPLIV,0,0.00048306494136340916
toxicity_predictor,test,KLGEFAVTRTFKGH,0,0.04198480769991875
toxicity_predictor,test,RVSNLTIHPLRNIIDLRYVG,0,4.9913051043404266e-05
toxicity_predictor,test,TETQSFNFNVFEPEN,0,4.267382973921485e-05
toxicity_predictor,test,IPPFIKKVLTTVF,0,6.602122448384762e-05
toxicity_predictor,test,ETELAKKALKALKLKKLA,0,0.01652192324399948
toxicity_predictor,test,SLGGKPDLRPCHPPCHYIPRPKPR,0,0.01908588409423828
toxicity_predictor,test,SLRSSIKDMAAAAGRAALNAVNGIVNP,0,1.4741061931999866e-05
toxicity_predictor,test,KQCTSNMCSADCSPGCCIIDKLEWCTCDC,1,0.9963425993919373
toxicity_predictor,test,MTDTQVFVALLLALVPAVLAYRLGTELYR,0,0.08897161483764648
toxicity_predictor,test,RCICTRGFCRCICTRGFC,1,0.9938428401947021
toxicity_predictor,test,RKKARQRRR,0,0.430386483669281
toxicity_predictor,test,KWCFRVCYRGGCYRRCR,1,0.970512330532074
toxicity_predictor,test,DCIPGGENCDVFRPYRCCSGYCILLLCA,1,0.7172516584396362
toxicity_predictor,test,LKCNKLVPLF,0,0.013504964299499989
toxicity_predictor,test,GVIAAAKKVVNVLKNLF,0,0.010622180067002773
toxicity_predictor,test,MDAQTRRRERRAEKQAQWKAANGC,0,0.0031974806915968657
toxicity_predictor,test,GLFDIIKKVASVVGLASP,0,5.6809453781170305e-06
toxicity_predictor,test,MSGRGKGGKGLGKGGAKRHRKVLRD,1,0.08837561309337616
toxicity_predictor,test,GIGSMLLGLAKNVGMSLLNKAQCKISGKC,0,0.0001937858760356903
toxicity_predictor,test,TRRRVRRTSRLVAKRALLLCILLYCT,0,0.01925717480480671
toxicity_predictor,test,MPGLDSPAAVRRAAMDLLAR,0,7.257295510498807e-05
toxicity_predictor,test,ERKKRRRE,0,0.36293983459472656
toxicity_predictor,test,MFSKLAQSSIKAMF,0,9.047248749993742e-05
toxicity_predictor,test,GVTGFGFDLVRYLFAGVVDGR,0,1.6610152670182288e-05
toxicity_predictor,test,KKKAAFLKLWAKLFKAL,0,0.09820488840341568
toxicity_predictor,test,AEAAAAPAPAAAPA,1,0.3719346821308136
toxicity_predictor,test,FIHHIIGGLFSVGKHIHGLIHGH,0,0.052389517426490784
toxicity_predictor,test,SGSGVRSAKKGGKAQGGQAGVGYKGSTEPG,0,0.00030468415934592485
toxicity_predictor,test,SIGAKILGGVKTFFKGALKELAFTYLQ,0,0.00021699337230529636
toxicity_predictor,test,CIKPHQGQHICNDE,0,0.5683075189590454
toxicity_predictor,test,KWCARVCARGACYRRCR,1,0.9211380481719971
toxicity_predictor,test,DTNFPICLFCCKCCKNSSCGLCCIT,1,0.9928739070892334
toxicity_predictor,test,MRDKWRKKRVRRLKRKRRKMRARSK,1,0.7076451182365417
toxicity_predictor,test,AMRNALVRF,0,0.027333904057741165
toxicity_predictor,test,LGAEISSLTLEEAR,0,5.912623919357429e-07
toxicity_predictor,test,GIGGALLSAGKSALKGLAKGLAEHL,0,4.3529573304113e-05
toxicity_predictor,test,MPRKGPAPK,0,0.042910896241664886
toxicity_predictor,test,AGESSNEAKGMWFGPRL,0,1.4940554819986573e-06
toxicity_predictor,test,ILKKLLKGVKSI,0,0.003762585110962391
toxicity_predictor,test,GLWQKIKSAAGDLASGIVEGIKS,0,8.548519190298975e-07
toxicity_predictor,test,GIADILKYGKPS,0,6.3679854065412655e-06
toxicity_predictor,test,GFFDRIKALTKNVTLELLNTITCKLPVTPP,0,6.309662421699613e-05
toxicity_predictor,test,LDTYSPELFCTIRNFYDADRPDRGAAA,0,1.4986025234975386e-05
toxicity_predictor,test,SGGKKIKVDKPLGLGGGLTVDIDA,0,1.3635470850204001e-06
toxicity_predictor,test,GPSSGFFGTR,0,0.00010608578304527327
toxicity_predictor,test,MHIVVCIKQVPDSAQIRV,0,6.269393634283915e-05
toxicity_predictor,test,SLLSLIRKLIT,0,0.00015538514708168805
toxicity_predictor,test,FASLLGKLAKKLAKKALK,0,0.04306840896606445
toxicity_predictor,test,MFKPGYSEAKKPKITDEFSYKQT,0,0.00017384439706802368
toxicity_predictor,test,GFKEVLKADLGSLVKGIAAHVAN,0,3.9090558857424185e-05
toxicity_predictor,test,FIFDLLKKLV,0,0.7576565146446228
toxicity_predictor,test,FLTGLIGGLMKALGK,0,0.0001277483388548717
toxicity_predictor,test,KTGVNKPELLPKEETTVIDV,0,6.893912996019935e-06
toxicity_predictor,test,FVRWWSKWLRRIL,0,0.00689551280811429
toxicity_predictor,test,GLLGKILGAGKKVLCGVSGLC,0,0.000957666605245322
toxicity_predictor,test,SDTVDIYDAGKILERVII,0,6.349892487378384e-07
toxicity_predictor,test,FLSFPTTKTYFPHFDLSHGSAQVKGHGAK,0,0.00011071649350924417
toxicity_predictor,test,KWKSFIKKLTSAAKKVLTTGLPALIS,0,0.000869615061674267
toxicity_predictor,test,FTMKKSLLLIFFLGTISLSLCEQER,0,8.867123688105494e-05
toxicity_predictor,test,KCCMRPICTCPCCIGP,1,0.9591397047042847
toxicity_predictor,test,KWKLFKKIGIGAVLKVLT,0,0.008601621724665165
toxicity_predictor,test,GVCRCFCRRGVCRCFCRR,1,0.996428906917572
toxicity_predictor,test,CRQSCSFGPFTFVCDGNTK,1,0.9533535838127136
toxicity_predictor,test,PDYLQLARA,0,0.00023392697039525956
toxicity_predictor,test,KTMMQSGGTFGTFMAIGMGIR,0,3.744395144167356e-05
toxicity_predictor,test,GLRSKIKEAAKTAGKMALGFVNDMA,0,0.0001126638671848923
toxicity_predictor,test,CDAPTHYCTNYWECCSGYCEHSHCW,1,0.8268879055976868
toxicity_predictor,test,RVCMAIPLPLCH,0,0.09049814939498901
toxicity_predictor,test,INLKAIAALVKKLL,1,0.9837653040885925
toxicity_predictor,test,GLGSLLGSLFKFIPKLLPSIQQ,0,5.3292542361305095e-06
toxicity_predictor,test,FLPLLASLFSGLF,0,0.003925719764083624
toxicity_predictor,test,DDPTSTFTCPGGSDYK,0,0.0017309808172285557
toxicity_predictor,test,ELVRKNVDHLSTPDVLELV,0,2.968787384816096e-06
toxicity_predictor,test,FIGTLIPLALGALTKLFK,0,0.0003299604868516326
toxicity_predictor,test,MRDVTVVATSKFNIVKNRIKAERWVKI,0,0.0001784966589184478
toxicity_predictor,test,RKKRRQRRRGGGKLLKLLLKLLLKLLK,1,0.5707277059555054
toxicity_predictor,test,GCCHPSTCHVRKGCSRCCS,1,0.9991165995597839
toxicity_predictor,test,KVPVDDQFRRVNNGGATDTR,0,7.759133950457908e-06
toxicity_predictor,test,TRICCGCYWNGSKDVCSQSCC,1,0.998218834400177
toxicity_predictor,test,QKAASRLLRALSKLLEAF,0,0.0023802616633474827
toxicity_predictor,test,PGMGIYLPM,0,0.00015011469076853245
toxicity_predictor,test,FLPVIAGVLSKLF,0,0.01908283680677414
toxicity_predictor,test,VIPIVSGLLSSLL,0,1.217573390022153e-05
toxicity_predictor,test,GLGNNAFLGVR,0,2.3471518943551928e-05
toxicity_predictor,test,IKLSKETKDNLKKVLKGAIKGAIAVAKMV,0,0.001071231672540307
toxicity_predictor,test,KNWKKIASIGKEVLKAL,0,0.0025821197777986526
toxicity_predictor,test,FKRLKKLISWIKRKRQQ,0,0.17170032858848572
toxicity_predictor,test,SIPASQKANLGNQMIMAVACYQN,0,9.865306492429227e-05
toxicity_predictor,test,WFDPLRITETTTGSVTLK,0,7.818721314833965e-06
toxicity_predictor,test,FLNALKNFAKTAGKRLKSLLN,0,0.0032356141600757837
toxicity_predictor,test,RWKRHISEQLRRRDRLQRQAF,0,0.10394828021526337
toxicity_predictor,test,TPPQPADNFIRF,0,6.337790182442404e-06
toxicity_predictor,test,AGIGKIGDFIKKAIAKYKN,0,0.007976244203746319
toxicity_predictor,test,GNWHGTAPDWFFNYYW,0,0.00046128936810418963
toxicity_predictor,test,QSDDYGHMRF,0,1.549922308186069e-05
toxicity_predictor,test,QLPFVAGVACEMCQCVYCAASKKC,1,0.9640741944313049
toxicity_predictor,test,GLKEIFKAGLGSLVKGIAAHVAS,0,7.251781789818779e-05
toxicity_predictor,test,DMYSDNLGLCDN,0,0.001714407349936664
toxicity_predictor,test,GLFGKLIKKFGRKAISYAVKKARGKH,1,0.7273043394088745
toxicity_predictor,test,QHWSHDWKPG,0,0.0004226120072416961
toxicity_predictor,test,SNTSHQDFHLFYGDNGMPVH,0,1.2645971764868591e-05
toxicity_predictor,test,ATNIPFKVHFRCKAAFC,0,0.026640471071004868
toxicity_predictor,test,GLPTCGETCFKGKCYTPGCSCSYPICKKD,1,0.9813030362129211
toxicity_predictor,test,APGEKGESGPAGPGGPTG,0,0.0001377281587338075
toxicity_predictor,test,MTKNKFVLLRYLCLFCTNIDQIDFNSVLK,0,0.0013464692747220397
toxicity_predictor,test,CAETCIYIPCFTEAVGCKCKDKVCYKN,1,0.9649732708930969
toxicity_predictor,test,FLPKLFAKITKKNMAHIR,0,0.058114953339099884
toxicity_predictor,test,CKCRRRKVHGPMIRIRKK,1,0.7154715061187744
toxicity_predictor,test,IKLSKETKKNLKKVLKGAIKGAIAVAKMV,0,0.007628328632563353
toxicity_predictor,test,FHPSLWVLIPQYIQLIRKILKS,0,0.0002399836666882038
toxicity_predictor,test,DTEGRMKKEHYH,0,0.07579885423183441
toxicity_predictor,test,KCFQWARNMRKVRGPPVSCIKR,0,0.045555975288152695
toxicity_predictor,test,DAQEKRQPWIPFV,0,1.127287578128744e-05
toxicity_predictor,test,TTVYDAEGSKVDFDGSLRIIV,0,1.910854763309544e-07
toxicity_predictor,test,GPSQDFMRF,0,1.426374979018874e-06
toxicity_predictor,test,GLFKVLGSVAKHLLPHVAPIIAEKL,0,0.0003155824961140752
toxicity_predictor,test,INWSSIFESVSNLV,0,1.4041391978025786e-06
toxicity_predictor,test,GWMSKIASGIGTFLSGVQQG,0,9.925962558554602e-07
toxicity_predictor,test,LHSNLEYQYRYSGRVASGIP,0,3.7722937122453004e-05
toxicity_predictor,test,AQVESVCPGVVSC,0,0.9430130124092102
toxicity_predictor,test,ADYLRLARA,0,0.10980713367462158
toxicity_predictor,test,MKRSYKTLPTYFFSFFGPFKERAVFLLVL,0,0.0008286600932478905
toxicity_predictor,test,GAKYAKIIYNYLKKIANALW,0,0.0157640241086483
toxicity_predictor,test,RCCGEGASCPRYFRNSQICSCC,1,0.9969239830970764
toxicity_predictor,test,AVPDKIDPRESGYVTGVKDQ,0,6.846437941021577e-07
toxicity_predictor,test,NEPCDSDGDCCTSSEQCISTGSKYFC,1,0.9406183958053589
toxicity_predictor,test,CYISNCPQG,0,0.6348015069961548
toxicity_predictor,test,GRPPGFSPFRID,0,5.54699836357031e-05
toxicity_predictor,test,MRWEKPSYNDMRFGFEVTMYIYNR,0,9.81455305009149e-05
toxicity_predictor,test,FLSSIGKILGNLL,0,5.9547646742430516e-06
toxicity_predictor,test,GIGKFLHSAGKFGKAFVGEIMKS,0,0.0002448030572850257
toxicity_predictor,test,SWASMAKKLKEYMEKLKQRA,0,0.0038151389453560114
toxicity_predictor,test,VTPHHVLVDEYTGEWVDSQFK,0,7.5582461249723565e-06
toxicity_predictor,test,ASEALVEIKPGEIGMVSGIPDEHLRRFVVI,0,2.0145239432167728e-06
toxicity_predictor,test,WRTRWRTRWRTR,0,0.2489185780286789
toxicity_predictor,test,DEPEYAEAIREYQLKYGKI,0,5.178463470656425e-05
toxicity_predictor,test,MINQVSVYRQPPVLSGCRQVKTI,0,6.829913763795048e-05
toxicity_predictor,test,ICIGYLSNNSTDKVDTIIESNVTVTSSVE,0,9.60811521508731e-05
toxicity_predictor,test,LEIADLAQYVVDLTAR,0,0.00046852341620251536
toxicity_predictor,test,FLSLIPKIATGIAALAKHL,0,0.0008337636245414615
toxicity_predictor,test,RQARRNRRRC,0,0.33404508233070374
toxicity_predictor,test,GNGVVTTISHECNMNSWQFLFTCCG,1,0.840494692325592
toxicity_predictor,test,LIIFRILISHHH,0,0.014246311970055103
toxicity_predictor,test,SLNTKNDFMRF,0,2.4490660507581197e-05
toxicity_predictor,test,TLKVVVKVVKYLV,0,0.1279950588941574
toxicity_predictor,test,ITACLDPDGWKEPGPLPGISTK,0,1.9644861822598614e-05
toxicity_predictor,test,QDFMKHLDKKTQTPKL,0,0.0023468416184186935
toxicity_predictor,test,KTNESFVILGGSM,0,4.214173543459765e-07
toxicity_predictor,test,NSVVLGKKQRFHSWG,0,0.001099389628507197
toxicity_predictor,test,APGQDFMRF,0,1.3564198525273241e-05
toxicity_predictor,test,FTPEDFISAPRRGEAIPDPKGELAVF,0,1.2853748785346397e-06
toxicity_predictor,test,PDPAKTAPKKGSKKAVTKA,0,0.02696581371128559
toxicity_predictor,test,RGRKSSRRK,0,0.25109994411468506
toxicity_predictor,test,GPVGLLSSPGSLPPVGGAP,0,1.3419552487903275e-05
toxicity_predictor,test,RKFHEKHHSHRGY,0,0.6009458899497986
toxicity_predictor,test,MKRQDLPRSRSLRSCE,0,0.0038347395602613688
toxicity_predictor,test,MWTKPSFTDLRLGFEVTLYFANR,0,4.1566880099708214e-05
toxicity_predictor,test,APIVSGGYDF,0,3.799126034209621e-06
toxicity_predictor,test,CGEKWRIFS,0,0.05402449518442154
toxicity_predictor,test,IKWKAILDAVKKVL,0,0.014857275411486626
toxicity_predictor,test,ALLKRIKTLL,0,0.00832839123904705
toxicity_predictor,test,RWDVDQCIYYCLNGVVGYSYTECQTMCT,1,0.44671037793159485
toxicity_predictor,test,GGDGAPGKDGIR,0,4.570955934468657e-05
toxicity_predictor,test,MIERELGNWKDFIEVMLRK,0,4.0540104237152264e-05
toxicity_predictor,test,SALEEQYKTFLDKFMHELEDLLYQLSL,0,7.92880109656835e-06
toxicity_predictor,test,KASSSAPKGWTHHGSRFTFHRGSM,0,0.006589674390852451
toxicity_predictor,test,VKAQEPVKGPVSTKPGSCPIILIRCA,0,0.001159160165116191
toxicity_predictor,test,RLARIVKIRVAR,0,0.01138019748032093
toxicity_predictor,test,MWLILFAIVATLGLMVADDNIWPDC,0,0.5710688233375549
toxicity_predictor,test,AYPGNGVHCGKYSCTVDKQTAIGNIGNNAA,0,0.008518125861883163
toxicity_predictor,test,FLQRIIGAWGRLL,0,0.0031017502769827843
toxicity_predictor,test,SFSESLAAAR,0,1.7745420336723328e-05
toxicity_predictor,test,ANFPTVSLNTVGITRQIPQDFMNAV,0,1.1546667337825056e-06
toxicity_predictor,test,AGEDVSHELEEKEKALANHSE,0,4.129644821659895e-06
toxicity_predictor,test,ASIVKTTIKASKKLCRGFTLTCGCHFTGKK,1,0.1826605200767517
toxicity_predictor,test,SALEEQYKTFLDKFLHELEDLLYQLALAL,0,2.7963249522144906e-05
toxicity_predictor,test,AVDLAKIANIANKVLSSLFGK,0,2.4578002921771258e-05
toxicity_predictor,test,FLGALFKVASKVLPSVFCAITKKC,0,0.004142193589359522
toxicity_predictor,test,GIPCGESCAFLPCLTSLLGCTCQNKVCYRD,1,0.9559555053710938
toxicity_predictor,test,KWKLFKKIPKFLHL,0,0.05401046946644783
toxicity_predictor,test,ITIPPIVKNTLKKFIKGAVSALMS,0,4.4163538404973224e-05
toxicity_predictor,test,EEGGRPPPPI,0,0.00014985913003329188
toxicity_predictor,test,VKLFPVKLFP,0,0.0007988109719008207
toxicity_predictor,test,GLFDVIKKVASVIGLASP,0,5.6809453781170305e-06
toxicity_predictor,test,RSNKGFNFMVDMIQALSK,0,5.0922235459438525e-06
toxicity_predictor,test,VNADIKATTVFGGKYVSLTTP,0,2.2923572032595985e-05
toxicity_predictor,test,GMFSVLKNLGKVGLGFVACKINKQC,0,0.0026947406586259604
toxicity_predictor,test,MDILSLGWAALMASFTFSLSLVVWGRNGF,0,7.138311957533006e-06
toxicity_predictor,test,VKLEILGSKGGAKI,0,7.49489336158149e-05
toxicity_predictor,test,LKKLLKLPKKLLKLAG,0,0.03526434674859047
toxicity_predictor,test,IWFQNRRMKWKK,0,0.003531067632138729
toxicity_predictor,test,GILSGLLGAGKKIVCGLSGLC,0,0.0006135145667940378
toxicity_predictor,test,KKLALHALKKWLHALKKLAHLALKK,1,0.10601328313350677
toxicity_predictor,test,RRLIRLWLRLLR,0,0.02681664749979973
toxicity_predictor,test,YSQVSRPRF,0,0.00040782379801385105
toxicity_predictor,test,QAPVLDAIRRLRLRGGSPLN,0,0.0002362680243095383
toxicity_predictor,test,GPSTDLVIGNKGFDGGIDSAILR,0,5.348400122784369e-08
toxicity_predictor,test,NEPTHLLKAFSKAGFQ,0,4.3884185288334265e-05
toxicity_predictor,test,DRVYIHPF,0,0.00044959329534322023
toxicity_predictor,test,LVVELAPMEIR,0,0.04977212846279144
toxicity_predictor,test,GINTLKKVIQGLHEVIKLVSNHA,0,4.163892663200386e-05
toxicity_predictor,test,MIIYRAEISH,0,0.0002079546538880095
toxicity_predictor,test,GLWSTIKNVGKEAAIAAGKAVLGSL,0,2.9114131393725984e-05
toxicity_predictor,test,TGDMSGEGKGMWFGPRL,0,2.0585475795087405e-06
toxicity_predictor,test,CGETCLFIPCIFSVVGCSCSSKVCYRN,1,0.9779101610183716
toxicity_predictor,test,FLPLLLAGLPKLLCFLFKKC,0,0.007158083841204643
toxicity_predictor,test,AILTTLANWARKFL,0,0.04980034753680229
toxicity_predictor,test,AAGDAGKPGERG,0,9.18320074561052e-05
toxicity_predictor,test,GCTQWINNIHGRICVRN,0,0.0805383175611496
toxicity_predictor,test,FFKLIPKLVKKLIKAFK,0,0.013017402030527592
toxicity_predictor,test,TPQIQKPAPQFSKTALLPDE,0,7.331169854296604e-06
toxicity_predictor,test,FQWQRNMRKVRGPPVS,0,0.0008620218723081052
toxicity_predictor,test,IFGAIAGLLKNIF,0,0.06852605193853378
toxicity_predictor,test,RICRIWWIRWCR,0,0.01220735628157854
toxicity_predictor,test,GFYDHELEGLRVIHEGEDIGEVT,0,1.8756113604467828e-06
toxicity_predictor,test,GLLLDTVKGAAKNVAGILLNKLKCKVTGDC,0,0.00045841315295547247
toxicity_predictor,test,RDLFEKKLELHQGHLV,0,0.0008111978531815112
toxicity_predictor,test,GLVSNLGI,0,1.711816025817825e-06
toxicity_predictor,test,FLPVILPVIGKLLSGIL,0,0.0004849801189266145
toxicity_predictor,test,FLVGILPRMRGFITPFLKKVR,0,0.0034064841456711292
toxicity_predictor,test,ESAGLIPFPRV,0,6.597671472263755e-06
toxicity_predictor,test,ADDSDPVGGEFLAEGGGVR,0,1.7096674298500147e-07
toxicity_predictor,test,FLPAALAGIGGILGKLFGK,0,9.325951396021992e-05
toxicity_predictor,test,QKKDKKDKFYGLM,0,0.0060809338465332985
toxicity_predictor,test,MDIVSLAWASLMVVFTFSLSLVVWGRSGL,0,3.438269777689129e-05
toxicity_predictor,test,ACGPGCSGSCRQKGDRIKCINGSCHCYP,1,0.9904223680496216
toxicity_predictor,test,QSHISKARRPYIL,0,0.0155613012611866
toxicity_predictor,test,SEDCTPWTATPITVLAGCRDYVGEQ,0,0.05203215405344963
toxicity_predictor,test,FLPFIAGMAANFLPKIFCAISKKC,0,0.001249576103873551
toxicity_predictor,test,DRCSQQCQHHRDPDRKQQCMRECRRH,1,0.40560445189476013
toxicity_predictor,test,FLSGILKLAFKIPSVLCAVLKNC,0,0.0018291492015123367
toxicity_predictor,test,AEPRDQFK,0,0.00014504441060125828
toxicity_predictor,test,LKKLLKLSKKLLKLAG,0,0.02039269730448723
toxicity_predictor,test,LKWLLKWLL,1,0.998816728591919
toxicity_predictor,test,NPKVAHCASQIGRSTAWGAVSGA,0,0.00038132499321363866
toxicity_predictor,test,MTDAQVFTILAIALVPAVMAALLGSALARS,0,0.17562589049339294
toxicity_predictor,test,MLPSISFDYIKRPNIVLFSNVLSLSSNI,0,9.669765859143808e-07
toxicity_predictor,test,RRWHRWWRR,0,0.15233318507671356
toxicity_predictor,test,GICRCICTRGFCRCICVL,1,0.9554314613342285
toxicity_predictor,test,VGVGGGFGR,0,0.00043831311631947756
toxicity_predictor,test,ALGDQLLSVFVDHTLVDEVA,0,6.539144123962615e-07
toxicity_predictor,test,GLKDWVKIAGGWLKKKGPGILKAAMAAATQ,0,0.0009784180438145995
toxicity_predictor,test,FASLLGKALKALLAKLAKQ,0,0.014257647097110748
toxicity_predictor,test,LPPCCTPPKKHCPAPACKYKPCCKS,1,0.7081770896911621
toxicity_predictor,test,MVEYLVILSGMFGLALACFFGLRSIKLI,0,0.02329154498875141
toxicity_predictor,test,LMRKDVDTLTD,0,1.980464048756403e-06
toxicity_predictor,test,ISDDIQSIIQGIF,0,8.12971094887871e-08
toxicity_predictor,test,CLNLKALLAVAKKILC,0,0.06252174079418182
toxicity_predictor,test,DEQSGISQTVIVGPWGAKVS,0,1.6765274324370694e-07
toxicity_predictor,test,GLGSLVGNALRIGAKLL,0,4.186161095276475e-05
toxicity_predictor,test,AHSDAVTPLPARSKV,0,4.823033668799326e-05
toxicity_predictor,test,RLCPRVRIRVCR,0,0.02533966489136219
toxicity_predictor,test,LNLKKLLKVAKKIL,0,0.005061218049377203
toxicity_predictor,test,FLPLVTMLLGKLF,0,0.5290197134017944
toxicity_predictor,test,GLFDIVKKVVGAIGSL,0,1.0149872650799807e-05
toxicity_predictor,test,FFPNVASVPGQVLLKKIFCAISKKC,0,0.00151040346827358
toxicity_predictor,test,DPLGSTEEFSR,0,1.5858320523420844e-07
toxicity_predictor,test,KLGFENFLVKALKTVMHVPTSPLL,0,9.679791401140392e-05
toxicity_predictor,test,GLMDVFKGAAKNLLASALDKIRCKVTKC,0,0.002215861575677991
toxicity_predictor,test,AGPPGADGQAGA,0,3.461965752649121e-05
toxicity_predictor,test,IFSAIGGFLKSIF,0,3.0297671401058324e-05
toxicity_predictor,test,GTKRGKLCRISRLAL,0,0.15279029309749603
toxicity_predictor,test,NSGGGEGSGMWFGPRL,0,4.392651590023888e-06
toxicity_predictor,test,ATCYCRTGRCATR,1,0.9665716886520386
toxicity_predictor,test,FIFHIIKGLFHAGKMI,0,0.004681904800236225
toxicity_predictor,test,MNNPVCLDDWLIGFKSLCCTLAVIALLII,1,0.007484469562768936
toxicity_predictor,test,FPVDEEFQSPFGSRSRGYFLFRPRN,0,1.563649311719928e-05
toxicity_predictor,test,LALKSGGWLRLFGLKDKKH,0,0.006126006133854389
toxicity_predictor,test,EILEYSGDGQVEVSDEQLAEAEHASQIEAQ,0,5.046645128459204e-07
toxicity_predictor,test,LLPILGNLLNGLL,0,0.0009285263367928565
toxicity_predictor,test,CCIARQICEGCICCI,1,0.9663238525390625
toxicity_predictor,test,MMWTKPEVTEMRFGFEVTMYVCNR,0,0.001981265377253294
toxicity_predictor,test,MIIKTLKMSARKRN,0,0.0280875563621521
toxicity_predictor,test,LRRIIRKIIHIIKK,0,0.02178405039012432
toxicity_predictor,test,ADKEESLRLAEMLRS,0,5.854009032191243e-06
toxicity_predictor,test,KCFQWQRNMRKRRGPPVSCIKR,0,0.11915118992328644
toxicity_predictor,test,GNGNGNNGLKKYETCY,0,0.019988570362329483
toxicity_predictor,test,FLPLLAGLAANFLPKIFCKITRK,0,0.0024631815031170845
toxicity_predictor,test,TRSRWRRFIRGAGRFARRYGWRIAL,1,0.2114735245704651
toxicity_predictor,test,RIAGYGLRGLAVIIRICIRGLNLIFEIIR,0,0.0012992628617212176
toxicity_predictor,test,GLFGVLGSIAKHLLPHVVPVIAEKL,0,8.072625496424735e-05
toxicity_predictor,test,FLNPFRWVINKYREWKNKKDS,0,0.0006641066865995526
toxicity_predictor,test,PKVSPRWPPIPP,0,0.00015405254089273512
toxicity_predictor,test,VAVKATTTEEETEIPAK,0,0.00024882651632651687
toxicity_predictor,test,LDVELTVEER,0,4.521610662777675e-06
toxicity_predictor,test,MTYQTAIDAVRELKA,0,6.466677587013692e-05
toxicity_predictor,test,MFFKWISKFIRRLSKCGIKSITSKAYK,0,0.022713279351592064
toxicity_predictor,test,RNKLAYNMGHYAGKATIFGLAAWALLA,0,0.0056961956433951855
toxicity_predictor,test,GLWSKIKDVAAAAGKAALGAVNEALGEQ,0,1.6199193851207383e-05
toxicity_predictor,test,IGSFIINPR,0,3.71327905668295e-06
toxicity_predictor,test,GFKNVQLSTARGF,0,4.593635458149947e-05
toxicity_predictor,test,MFLGPGGAGGQAFDQAR,0,4.9393484005122446e-06
toxicity_predictor,test,MAARLCCQLDPARDVLCLRP,1,0.06671931594610214
toxicity_predictor,test,RRRFPWVCWPFLRRR,0,0.04825925827026367
toxicity_predictor,test,FLPFLAGLFGKIF,0,0.035758696496486664
toxicity_predictor,test,DVHSNTGIFGIHTS,0,1.528418761154171e-05
toxicity_predictor,test,TPSQDFMRF,0,3.378014980626176e-06
toxicity_predictor,test,GFPGADGAAGPKG,0,4.654935764847323e-05
toxicity_predictor,test,GLGSLLGKALKFGLKAAGKFMGGEPQQ,0,3.257328717154451e-05
toxicity_predictor,test,IIIQYEGHKH,0,0.004191347397863865
toxicity_predictor,test,KWCFRVCYRAICYRRCR,1,0.8818287253379822
toxicity_predictor,test,IRNADMVEKGTVRVTATNIT,0,1.4652692698291503e-05
toxicity_predictor,test,GIPCGESCVWIPCITSAIGCSCKSKVCYRN,1,0.9486512541770935
toxicity_predictor,test,AVNIPFKVHLRCKAAFC,0,0.014332151971757412
toxicity_predictor,test,FLPVVAGLAAKVLPSIICAVTKKC,0,0.002017267979681492
toxicity_predictor,test,VFDIIKDAGRQLVAHAMGKIAEKV,0,0.00013724506425205618
toxicity_predictor,test,NAPWAQIDEV,0,1.275082695428864e-06
toxicity_predictor,test,DSDSAQNLIG,0,1.1534474708696507e-08
toxicity_predictor,test,FLGALWKVAKSVF,0,0.06875374168157578
toxicity_predictor,test,MNSVQFKNHHHHHHPD,0,0.2168363481760025
toxicity_predictor,test,GLLSALRKMIPHILSHIKK,0,0.01015456859022379
toxicity_predictor,test,AGLFAQPRL,0,0.000539905799087137
toxicity_predictor,test,GEPEVAKWAEGLREKAASN,0,1.218981560668908e-05
toxicity_predictor,test,MKLLILFLAALGAASARIRGHTIKG,0,0.0019526128889992833
toxicity_predictor,test,VVLNLVVKLLKYAK,1,0.9775281548500061
toxicity_predictor,test,GLGALWNVAKSVF,0,5.487550515681505e-05
toxicity_predictor,test,SKVWRHWRRFWHRAHRLH,1,0.3808973431587219
toxicity_predictor,test,AYGEGANVFGKRKETDQFFEISGDGWSGKL,0,8.110326348287344e-07
toxicity_predictor,test,GEKLKKIGQKIKNFFQKL,0,0.01923615299165249
toxicity_predictor,test,DHVTPDIAYNPWAYF,0,4.257205000612885e-05
toxicity_predictor,test,GADPGCQDVVTPVQ,0,0.008799073286354542
toxicity_predictor,test,AKCLRWQWRMRKYGG,0,0.0377175509929657
toxicity_predictor,test,DEVKIVLD,0,9.667165841165115e-07
toxicity_predictor,test,GLVPNLLNNLGL,0,1.6808653526823036e-05
toxicity_predictor,test,RLKKIGKVLKWI,0,0.021464336663484573
toxicity_predictor,test,MSELSAAPLRPGKTQESEKGIYYAREGCVS,0,1.9062976207351312e-05
toxicity_predictor,test,SILPTIVSFLSKVF,0,1.5482974049518816e-05
toxicity_predictor,test,LGALGCVFPELLSGNGVKFGYA,0,7.174927304731682e-05
toxicity_predictor,test,GDCPWKPWC,0,0.12690609693527222
toxicity_predictor,test,GILGKIWEGVKS,0,7.252050636452623e-06
toxicity_predictor,test,GLPGPLGPAGPK,0,0.0002156389382435009
toxicity_predictor,test,DSIDYSKVPGNWRTI,0,3.4645614732653485e-07
toxicity_predictor,test,AGPAGPAGAR,0,0.0007739559514448047
toxicity_predictor,test,GLLGKVLGVGKKVLCGVSGRC,0,0.0027881332207471132
toxicity_predictor,test,EPILGIITSLLKSL,0,2.9141103823349113e-06
toxicity_predictor,test,WGRKKRRQRRRPPQ,0,0.3003058135509491
toxicity_predictor,test,KCFQWQANMRKVRGPPVSCIKR,0,0.018421558663249016
toxicity_predictor,test,ITKVITKLLNRLTKILSK,0,0.001045817625708878
toxicity_predictor,test,MFFSSKKCKTVSKTFRGPCVRNAN,0,0.0628545880317688
toxicity_predictor,test,QAKSQGGSN,0,0.00010661892156349495
toxicity_predictor,test,GKGDFRIL,0,0.00033036147942766547
toxicity_predictor,test,GLGNNAFVGVR,0,2.4713523089303635e-05
toxicity_predictor,test,CGIYRSLKLIKSLVLIK,0,0.003903556615114212
toxicity_predictor,test,GFKDWIKGAAKKLIKTVASSIANE,0,5.9387173678260297e-05
toxicity_predictor,test,DCLPDWFHYEGHCYRVFDEPKKWADAEKFC,1,0.048296503722667694
toxicity_predictor,test,TPFKISIHL,0,6.634980672970414e-05
toxicity_predictor,test,MDIISLGWSSLLVVFTFSLSLVVWGRNGF,0,3.442755314608803e-06
toxicity_predictor,test,NPAGCRFCCGCCPNMIGCGVCCRF,1,0.993183434009552
toxicity_predictor,test,GLWDTIKQAGKKIFLSVLDKIRCKVAGGC,0,0.0007934209425002337
toxicity_predictor,test,RFRLPFRRPPIRIHPPPFYPPFRRFL,0,0.007435397244989872
toxicity_predictor,test,IKIPSFFRNILKKVGKEAVSLIAGALKQS,0,0.00010344817565055564
toxicity_predictor,test,IDWKKVDWKKVSKKTCKVMLKACKFL,0,0.05385219305753708
toxicity_predictor,test,RRTVKSAPQ,0,0.03312887251377106
toxicity_predictor,test,GILDTIKNAAKTVAVGLLEKIKCKMTGC,0,0.0011479957029223442
toxicity_predictor,test,GIPCGESCVFIPCITGIAGCSCKSKVCYRN,1,0.9546576142311096
toxicity_predictor,test,GTSCGETCVLLPCLSSVLGCTCQNKRCYKD,1,0.9920026063919067
toxicity_predictor,test,IHRDQQHESFLDARPEPGLTE,0,3.5751013456319924e-06
toxicity_predictor,test,INWKKLGKKILGAL,0,0.00573381781578064
toxicity_predictor,test,LPSFLYAEMVGYNIL,0,0.010283907875418663
toxicity_predictor,test,VIEVVYLRTPFSAGNATT,0,3.818706318270415e-05
toxicity_predictor,test,PAGPAGQDGRAGPPGPSGARG,0,0.0001697330008028075
toxicity_predictor,test,SVAVAGAIIKGAALTFNVLQ,0,0.0006573371938429773
toxicity_predictor,test,FLPIIAKLLGGLL,0,0.2506115138530731
toxicity_predictor,test,RAVAVIIRLRRV,0,0.004467344842851162
toxicity_predictor,test,ILSAIWSGIKSLF,0,8.669645467307419e-06
toxicity_predictor,test,RDPTGCEVDQVIMVKRHGERYPSPSAGK,0,9.751312609296292e-05
toxicity_predictor,test,EEQRFLPVVAGLAAKVLPSIICAVTKKC,0,0.0012843013973906636
toxicity_predictor,test,RILSILRHQNLLKELQDLALQGAK,0,0.00014626493793912232
toxicity_predictor,test,VLDELTADR,0,7.253076432789385e-07
toxicity_predictor,test,CAGIGSFCGLPGLVDCCSDRCFIVCLP,1,0.8612756729125977
toxicity_predictor,test,VDKPPYLPRPPPPRRIYNNR,0,0.0006844168528914452
toxicity_predictor,test,HTLCMDGGATY,0,0.18220677971839905
toxicity_predictor,test,ALLDKLKSLGKVVGKVALGVAQHYLNPQQ,0,0.00011245467612752691
toxicity_predictor,test,FFFHIIKGLFHAGRMIHGLV,0,0.009210671298205853
toxicity_predictor,test,KEEAKVLGTVIGIDLGTQYL,0,2.223016053903848e-06
toxicity_predictor,test,MDLLSLGWSSLMVMFSFSLALVVWGRNGF,0,6.87208785166149e-06
toxicity_predictor,test,FPWWNQYVKL,0,0.00011190121585968882
toxicity_predictor,test,RCTCTTIISSSSTF,0,0.7934873104095459
toxicity_predictor,test,LPLPSCSSHGGDADNTSQRN,0,4.526722841546871e-05
toxicity_predictor,test,RCICGRGICRCICGRGIC,1,0.9773041605949402
toxicity_predictor,test,GVIDAAKKVVNVLANLF,0,0.0020507280714809895
toxicity_predictor,test,GWFKKTFHKVSHAVKSGIHAGQRGCSALGF,0,0.009703205898404121
toxicity_predictor,test,LRQSQFVGSR,0,0.00010163128899876028
toxicity_predictor,test,GLVTSLIKGAGKLLGGLFGSVTG,0,1.0710974493122194e-05
toxicity_predictor,test,SPAFDDEHNDNFLRL,0,5.885390237381216e-07
toxicity_predictor,test,GGLIGTLTAKQIKK,0,0.0023858684580773115
toxicity_predictor,test,RPRCWIKIKFRCKSLKF,0,0.2217039316892624
toxicity_predictor,test,GVVDILKGAAKDIAGHLASKVMNKL,0,4.674825322581455e-05
toxicity_predictor,test,TTKPVPSGSPWYGPDRVKNRELEVIHSR,0,2.7969570510322228e-05
toxicity_predictor,test,RWFKIQMQIRRWKNKK,0,0.006818114314228296
toxicity_predictor,test,HSEPGGAY,0,0.00015192694263532758
toxicity_predictor,test,WLGSALKIGAKLLPSVVGLFKKKKQ,0,0.0015829410403966904
toxicity_predictor,test,PAKQVAFAEHAREKMLRGVNVLA,0,0.0015048618661239743
toxicity_predictor,test,FIHHAAGGLFSAGKAIHRLIRRRRR,1,0.7521096467971802
toxicity_predictor,test,ATSGPMGWLPVFYRF,0,4.493656160775572e-05
toxicity_predictor,test,SLGSGGSL,0,5.116709871799685e-06
toxicity_predictor,test,VKLPPPVKLPPPVKLPPP,0,0.0003411764628253877
toxicity_predictor,test,RSVCRQIKICRRRGGCYYKCTNRPY,1,0.5188162922859192
toxicity_predictor,test,FLPILASLAAKFGPKLFCLVTKKC,0,0.0032131499610841274
toxicity_predictor,test,ANLDAIIKIQAWARMWAARRQYL,0,0.008210400119423866
toxicity_predictor,test,AAGKGLVSNLLEK,0,1.4761996681045275e-05
toxicity_predictor,test,KRVNWRKVGLGASYVMSWLG,0,0.00106863456312567
toxicity_predictor,test,ALWKNMLKGIGKLAGQAALGAVKTLVGA,0,0.0005711294943466783
toxicity_predictor,test,FLPVLAGLTPSIVPKLVCLLTKKC,0,0.0017563458532094955
toxicity_predictor,test,FLSLIPHIASGIASLVKNF,0,1.0475247108843178e-05
toxicity_predictor,test,GCCHLLACRFGCSPCCW,1,0.990705668926239
toxicity_predictor,test,GLWKSLLKNVGVAAGKAALNAVTDMVNQ,0,2.014357778534759e-05
toxicity_predictor,test,EWEPVQNGGSSYYMVPRIWA,0,5.603831596090458e-06
toxicity_predictor,test,QKVAVRLKEVVYTLSPHQQN,0,0.00017863117682281882
toxicity_predictor,test,AWLLAIRRR,0,0.05073210969567299
toxicity_predictor,test,FKRIVQRIKDGLR,0,0.04088379815220833
toxicity_predictor,test,KKRRQRRR,0,0.44245636463165283
toxicity_predictor,test,GAHDILKYGKPS,0,0.00023999008408281952
toxicity_predictor,test,LKCEWDGLVGTRGEIAKETIER,0,4.634631113731302e-05
toxicity_predictor,test,EREQLRDQVYDAMAE,0,4.148414063820383e-06
toxicity_predictor,test,RICRIIFLRVCR,0,0.004539881832897663
toxicity_predictor,test,NRPYSFGL,0,6.576284795301035e-05
toxicity_predictor,test,RQKDKRPYSERKNQYTGPQFLYPPERIPP,0,0.0011294031282886863
toxicity_predictor,test,KPAPEPAPEPAPEAAPEA,0,0.00023588805925101042
toxicity_predictor,test,GTLKGIPTDDEQATGLERRT,0,2.0397171738295583e-06
toxicity_predictor,test,MKVYTDIFTRDEFLSDSYPM,0,2.04640991796623e-06
toxicity_predictor,test,WLSKTAKKLWLSKTAKKL,0,0.043355751782655716
toxicity_predictor,test,NALSMPRNKCNRALMCFG,0,0.03779679909348488
toxicity_predictor,test,MIRQKIFVFIVKSRRNSICPAIRRKEDY,0,0.0012322876136749983
toxicity_predictor,test,RGGRLCYCRRRFCVCVGR,1,0.910575270652771
toxicity_predictor,test,SCTTCVCTCSCCTT,1,0.9994828701019287
toxicity_predictor,test,GPAGPRGPAGPA,0,0.000657280208542943
toxicity_predictor,test,EKDCYHERDC,0,0.7848787903785706
toxicity_predictor,test,TIDFGVRNINQSNLVYDTER,0,4.6570903577958234e-07
toxicity_predictor,test,GLKDIFKAGLGSLVKGIAAHVAN,0,5.615609552478418e-05
toxicity_predictor,test,GSQLVYREWVGHSNVIKGPP,0,4.450329925020924e-06
toxicity_predictor,test,ATSAAQGAALDESVRKVLKP,0,2.0792189388885163e-05
toxicity_predictor,test,ATFNFINNCPFTVWAAAVPG,0,0.0007391251856461167
toxicity_predictor,test,VWRHWRRFWHR,0,0.0641389787197113
toxicity_predictor,test,TWEECCKNPGCRNNHVDRCRGQV,1,0.9643767476081848
toxicity_predictor,test,FLGSLFSIGSKLLPGVIKLFQRKKQ,0,0.00013789649528916925
toxicity_predictor,test,FIGDIWSGIQG,0,3.2118745707521157e-07
toxicity_predictor,test,LKKLLKWLKKL,0,0.0119167510420084
toxicity_predictor,test,GCCPPQWCGPGCTSPCC,1,0.9860133528709412
toxicity_predictor,test,KCCMRPICTCPCCIG,1,0.9839156270027161
toxicity_predictor,test,EALYNSEDLYEETSDSDD,0,2.209560761912144e-06
toxicity_predictor,test,KRFRWQRNMRKVRGRPVRSIKR,1,0.7203034162521362
toxicity_predictor,test,FENKVPEKQKLFQEDNGIPVHLKG,0,1.891259125841316e-05
toxicity_predictor,test,VCCPFGRCHQICQCCER,1,0.996132493019104
toxicity_predictor,test,GSKKPVPIIYCNRRTGKCQRM,0,0.10331353545188904
toxicity_predictor,test,DGRKICLDPDAPRIKKIVQKKL,0,0.005309162195771933
toxicity_predictor,test,VEWSDSERKTLVSVWGKI,0,1.0089256647916045e-06
toxicity_predictor,test,LKKLLKLLKKLLKAAG,0,0.018233736976981163
toxicity_predictor,test,GLLSGILNTAGGLLGNLIGSLSN,0,1.4226254734239774e-06
toxicity_predictor,test,IEPERQEEEEEETRQRVRRGQVRQQQQ,0,0.0001485636894358322
toxicity_predictor,test,MMRLVIILIVLLLISFSAY,1,0.999927282333374
toxicity_predictor,test,FLPAVIRVAANVLPTAFCAISKKC,0,0.0017426435369998217
toxicity_predictor,test,GVFLDALKKFAKGGMNAVLNPK,0,0.0001639295369386673
toxicity_predictor,test,AKDVRFGADVRALMLQGVDVLADA,0,7.941536750877276e-06
toxicity_predictor,test,TRSSRAGLQFPVGRVHRLLRK,0,0.20310832560062408
toxicity_predictor,test,LCAAHCLAILRR,0,0.025178560987114906
toxicity_predictor,test,CCPPVIWCC,1,0.7099471092224121
toxicity_predictor,test,MLCPSYRRCPRVPP,0,0.0682220458984375
toxicity_predictor,test,VNWKKVLKKIIKVAK,0,0.004753054119646549
toxicity_predictor,test,MSDINTARLPLSSPMLLPCVGDDILMV,0,4.25295502282097e-06
toxicity_predictor,test,DCPSDWSPYEGHCYKHFIKWMNNEDAERFC,1,0.0864146277308464
toxicity_predictor,test,FLPFIAGVAAKFLPKIFCAISKKC,0,0.0022135304752737284
toxicity_predictor,test,GLCCPMRWSSSEG,0,0.7198798060417175
toxicity_predictor,test,ITAKPAKTPT,0,0.004113139118999243
toxicity_predictor,test,LPGELAKHAVSEGTKAVTKYTSSK,0,0.00011788142728619277
toxicity_predictor,test,RILTMTKRVKMPQLYKQIVCRLFKTC,0,0.011789425276219845
toxicity_predictor,test,SSSLLNTAWRKFG,0,2.0154242520220578e-05
toxicity_predictor,test,KLLKFIKKLL,0,0.006536044180393219
toxicity_predictor,test,GAAGDAGKPGE,0,2.49933418672299e-05
toxicity_predictor,test,YGGTPPFV,0,0.00027775196940638125
toxicity_predictor,test,QGAVGSVQIPVVEVDELPEGYD,0,1.2281872159292107e-06
toxicity_predictor,test,MSNFHNEHVMQFYRNNLKTKGVFGRQ,0,0.000740355986636132
toxicity_predictor,test,YGQSTHAVIYAQGYTYSSDWR,0,0.00010725850006565452
toxicity_predictor,test,RWCFRVCYRGICYRKCR,1,0.9376576542854309
toxicity_predictor,test,RQIKIWFQNARMKWKK,0,0.0019293947843834758
toxicity_predictor,test,NIVDVPCRDDYYRDSSGNGVYDQLGGCGAA,0,0.00030336910276673734
toxicity_predictor,test,RQIKIWFQNRRMKWAK,0,0.002271499251946807
toxicity_predictor,test,MRFYFYSQAVDESGVTR,0,1.8321039533475414e-05
toxicity_predictor,test,KWCFRVCRRGICYRRCR,1,0.8915345072746277
toxicity_predictor,test,ARGPQLRLRF,0,0.1761707365512848
toxicity_predictor,test,KWKSFIKKLTSKFLHLAKKF,0,0.1525864601135254
toxicity_predictor,test,GNGVIKTISHECHMNTWQFIFTCCS,1,0.6167289614677429
toxicity_predictor,test,DNGEAGRAAR,0,6.20887367404066e-05
toxicity_predictor,test,MWKKPAFIDLRLGLEVTLYISNR,0,0.00019651983166113496
toxicity_predictor,test,GYQVDCVSYNYDNVNENLAQQFVDTQG,0,0.0004064117092639208
toxicity_predictor,test,GLRKRLRKFRNKIKQKLKKI,1,0.7844693660736084
toxicity_predictor,test,GLLPLLSLLGKLL,0,0.0008504173601977527
toxicity_predictor,test,GLWQKIKSAAGDLASGIVEAIKS,0,1.9907959085685434e-06
toxicity_predictor,test,KGGSGVIHTISHEVIYNSWNFVFTCCS,0,0.03371772542595863
toxicity_predictor,test,GLADYWRTAFRANFANLGPGIRCKSARC,0,0.0020731675904244184
toxicity_predictor,test,GYEEREVAETVRELDAA,0,1.161026466434123e-05
toxicity_predictor,test,LLKELWTKMKGAGKAVLGKIKGLL,0,0.002743213204666972
toxicity_predictor,test,SPPAPFVPVPIN,0,7.206881855381653e-05
toxicity_predictor,test,FLPFLGKLFSGIF,0,0.00011274265125393867
toxicity_predictor,test,VWRRWRRFWRR,0,0.04406663030385971
toxicity_predictor,test,GLFTLIKGAYKLDAPTVACN,0,0.0003342699783388525
toxicity_predictor,test,YSSQLAQVQGLIGNVESQLAEIR,0,5.126650535203225e-07
toxicity_predictor,test,KKLAKALKLLALLWLKLAKALKKA,0,0.3642679750919342
toxicity_predictor,test,RWLRKWTRKWLK,0,0.05410545691847801
toxicity_predictor,test,DTHFPICIFCCGCCRKGTCGMCCRT,1,0.9955657124519348
toxicity_predictor,test,LIKKIYRKWKRW,0,0.011372018605470657
toxicity_predictor,test,MYAVKIDGRLPIEVTELL,0,2.7641957785817795e-05
toxicity_predictor,test,GFRDVLKGAAKAFVKTVAGHIAN,0,0.000891618023160845
toxicity_predictor,test,CPCGRRRCCVRGLNVYCCF,1,0.9908663630485535
toxicity_predictor,test,CCAIRLCNVYLCGSCCP,1,0.9793952107429504
toxicity_predictor,test,AENRERVMVQ,0,3.462834138190374e-05
toxicity_predictor,test,AYLLGKINLKALAALAKKIL,0,0.9524304270744324
toxicity_predictor,test,INWKKIASIGKEVLKAI,0,0.00021722646488342434
toxicity_predictor,test,FIHHIIGGLFSAGKAEHRLIRRRRR,1,0.794506311416626
toxicity_predictor,test,CYCRIPACIAGERRYGTCIYQGRLWAFCC,1,0.8510923385620117
toxicity_predictor,test,TKPTLLGLPLGAGPAAGPGKR,0,0.0003239530778955668
toxicity_predictor,test,PEDPQRRYQEEQRRE,0,0.0006216824986040592
toxicity_predictor,test,RIIDLLWRVRRPQKPKFVTVWVR,0,0.0017775469459593296
toxicity_predictor,test,ITCQQVTSELGPCVPYLTGQGIP,0,0.05480096489191055
toxicity_predictor,test,KIFTKCELARKLRAEGMDGF,0,0.00336775672622025
toxicity_predictor,test,KAVVLGKAGGTAELPCQASQ,0,0.0002806561242323369
toxicity_predictor,test,MPFKLFDVSKPIPERKEHTYVKHCGDP,0,0.0007224768633022904
toxicity_predictor,test,VDFDSESPRRPEIQ,0,3.766359100154659e-07
toxicity_predictor,test,KFFKKLKKSVKKHVKKFFKKPKVIGVSIPF,1,0.5360717177391052
toxicity_predictor,test,WKRIVRRIKRWLR,0,0.06165776401758194
toxicity_predictor,test,ASVVNKLTGGVAGLLK,0,5.058331953478046e-05
toxicity_predictor,test,KIWFQNKKMKWKK,0,0.00821674708276987
toxicity_predictor,test,MLLVIGSKNLSSTNM,0,2.818011807903531e-06
toxicity_predictor,test,ETVPYMFEN,0,0.0003857696719933301
toxicity_predictor,test,FLKALWKVAKSVF,0,0.2725357711315155
toxicity_predictor,test,FLPVIAGVAAKFLPKIFCAITKKC,0,0.0024540971498936415
toxicity_predictor,test,LSLQEFLGLWR,0,0.00010211097833234817
toxicity_predictor,test,LSSQVRLPMSLRVATAPAPARVSV,0,8.365041139768437e-05
toxicity_predictor,test,VTVYDAEGTKVQLDGSIRLVM,0,1.4216001318345661e-06
toxicity_predictor,test,GILSGVLGMGKKIVCGLSGLC,0,0.001210936694405973
toxicity_predictor,test,GPIRRPKPRPRPRPE,0,0.07560406625270844
toxicity_predictor,test,GLPCGETTCFTGKCYTPGCSCSYPICKKIN,1,0.9718736410140991
toxicity_predictor,test,GKNGVFKTISHECHLNTWAFLATCCS,1,0.6920173764228821
toxicity_predictor,test,EPNPDEFFGLM,0,2.6388308924651938e-06
toxicity_predictor,test,SVKSEVDNFDKHLKAESAPFNNE,0,8.323451652358926e-07
toxicity_predictor,test,HLKYKDPEQG,0,0.0020313968416303396
toxicity_predictor,test,MDIVSLAWAALMVVFSFSLSLVVWGRSGL,0,0.0005666331853717566
toxicity_predictor,test,YGLAADNVLDAR,0,9.416092325409409e-06
toxicity_predictor,test,MDSKAVLKGMLEKAYRIEAGFEKRG,0,0.00022957258624956012
toxicity_predictor,test,WVDADLNGLR,0,1.0418044666948845e-06
toxicity_predictor,test,ATVYNQDGTQVNVGGRVEVAL,0,7.283907052624272e-06
toxicity_predictor,test,ESIVRPPPVEAKVEETPE,0,4.6987057430669665e-05
toxicity_predictor,test,AHCLAIGRR,0,0.04795605689287186
toxicity_predictor,test,PIFTFASNVPADTITGFFL,0,9.07881258171983e-06
toxicity_predictor,test,VSDVPNNDDRFTY,0,4.825863470614422e-06
toxicity_predictor,test,GDRGESGPAG,0,2.167549610021524e-05
toxicity_predictor,test,SYAMEHFRWGKPV,0,0.0005417605862021446
toxicity_predictor,test,RLVRILVSKRPVAIKPYFRL,0,0.005583397578448057
toxicity_predictor,test,GLTRLFSVIK,0,0.0002802120288833976
toxicity_predictor,test,YDRLIKESRRQKTRVFAVVI,0,0.001090356265194714
toxicity_predictor,test,LKKLLKLNKKLLKLAG,0,0.017859993502497673
toxicity_predictor,test,GLAGAISSALDKLKQSQLIKNYAKKLGYPR,0,0.00013483568909578025
toxicity_predictor,test,LIAGLAANFLPQILCKIARKC,0,0.005501269828528166
toxicity_predictor,test,TDMLAVSVSSTDAIGHKYGT,0,1.924396428876207e-06
toxicity_predictor,test,GWLLLEYIPVIAAL,1,0.9999544620513916
toxicity_predictor,test,SNTALRRYNQWATGHFM,0,0.000365324376616627
toxicity_predictor,test,FLPLLASLFSRLL,0,0.054381441324949265
toxicity_predictor,test,HAGDLGNIVAGSDGV,0,5.558301836572355e-07
toxicity_predictor,test,DYHHGVRVL,0,0.01930140145123005
toxicity_predictor,test,CCSQDCRVCIPCCPY,1,0.9862815737724304
toxicity_predictor,test,ATRVVYCNRRSGSVVGGDDTVYYEG,0,0.00035308682709001005
toxicity_predictor,test,FLPLIAGLAANFLPKIFCAITKKC,0,0.0014592327643185854
toxicity_predictor,test,AKAGVNKPELLP,0,0.0001563118421472609
toxicity_predictor,test,ALWKTLLKNVGKAAGKAVLNAVTDMVNQ,0,0.00012898939894512296
toxicity_predictor,test,GCCSPWNCIQLRACPCCPN,1,0.9694358706474304
toxicity_predictor,test,GFIFHIIKGLFHAGKMIHGLV,0,0.004591069184243679
toxicity_predictor,test,VIGGDECNINEHRFLVALYDGLSGTFLCGG,0,0.00026112160412594676
toxicity_predictor,test,DCCGVKLEMCHPCLCDNSCKKSGK,1,0.9957429766654968
toxicity_predictor,test,KKKKQSWYAAAGDAIVSFGEGFLNAW,0,6.06503635935951e-05
toxicity_predictor,test,RQIRIWFQNRRMRWRR,0,0.02092047408223152
toxicity_predictor,test,GFGSKPLDSFGLNFF,0,8.946987577473919e-07
toxicity_predictor,test,YGLAGDHVLDAR,0,1.9273282305221073e-05
toxicity_predictor,test,IIGGDECNINEHRFL,0,0.00025018889573402703
toxicity_predictor,test,YRWRCKNQN,0,0.025905229151248932
toxicity_predictor,test,INWKKIASIGKEVLKAL,0,0.0005140257999300957
toxicity_predictor,test,LIIFRILISHKK,0,0.0021400758996605873
toxicity_predictor,test,SQRKLAAKLTSKGGGRLLRPLLQLLKQKLR,1,0.040014468133449554
toxicity_predictor,test,GANAAKKFATIAKKFINYLW,0,0.0065663764253258705
toxicity_predictor,test,IGKLFKRIVKRILKFLRKL,0,0.05187375470995903
toxicity_predictor,test,LQAIGVEFDLILTSPLVRAQQTAQIL,0,3.6830610952165443e-06
toxicity_predictor,test,AWLDKLKSLGKVVGKVALGVAQNYLNPQQ,0,3.291665416327305e-05
toxicity_predictor,test,FLPLLAGLAANFLPKIFCKITKKC,0,0.004243742674589157
toxicity_predictor,test,SANTKNDFMRF,0,2.432593100820668e-05
toxicity_predictor,test,VTVVQYRSTNASSGYLNLRVYLLDTGLR,0,2.178742943215184e-05
toxicity_predictor,test,KTKKKFLKKT,0,0.5093540549278259
toxicity_predictor,test,GLLSNVAGLLKQFAKGGVNAVLNPK,0,2.5164557882817462e-05
toxicity_predictor,test,AYGRKKRRQRRR,0,0.4217836856842041
toxicity_predictor,test,GIGGKPVQTAFVDNDGIYD,0,2.6535812480688037e-07
toxicity_predictor,test,VWTVWGTIAG,0,0.0002482329437043518
toxicity_predictor,test,KWCFRVSYRGIAYRRCR,0,0.08914094418287277
toxicity_predictor,test,FLGVALKLGKVLGKALLPLASSLLHSQ,0,0.000136113420012407
toxicity_predictor,test,MGQFFAYATVITVKENDHVA,0,3.675152038340457e-05
toxicity_predictor,test,VIPFVASVAAEMMPHVYCAASRKC,0,0.003972835838794708
toxicity_predictor,test,WKVKWKVKWKVK,0,0.00794924795627594
toxicity_predictor,test,SDPNFLRF,0,4.814573003386613e-06
toxicity_predictor,test,VAGAPGALG,0,8.690344839124009e-05
toxicity_predictor,test,RLGTALPALLKTLLAGLNG,0,0.00015943705511745065
toxicity_predictor,test,FIPGLRRLFATVVPTVVCAINKLPPG,0,0.00011032549809897318
toxicity_predictor,test,MRNLQPNMSRWAFFAKSVGTWNKSSCRS,0,0.0001532894093543291
toxicity_predictor,test,CCCCCTTCCFSIATGSGNSQGGSGSYTPGK,1,0.9976442456245422
toxicity_predictor,test,LNWGAILKHIIK,0,0.0011679582530632615
toxicity_predictor,test,NKLAYNMGHYAGKATIFGLAAWALLA,0,0.0146081717684865
toxicity_predictor,test,KDGYLPGNEGCKY,0,0.014839572831988335
toxicity_predictor,test,DDCTTYCYGVHCCPPAFKCAASPSCKQT,1,0.9442128539085388
toxicity_predictor,test,TRWLWLLRGGLKAAGWGIRAHLNRNQ,0,0.012122384272515774
toxicity_predictor,test,GLLSSLGLNL,0,4.822242772206664e-06
toxicity_predictor,test,HRWWRWWRH,0,0.026215573772788048
toxicity_predictor,test,GLLDFAKHVIGIASKL,0,6.666272383881733e-05
toxicity_predictor,test,HKMDLHWYLRTLEEVVIRALQRFQFR,0,0.002897778060287237
toxicity_predictor,test,APRKNVKW,0,0.029149562120437622
toxicity_predictor,test,RIWVIWRR,0,0.0018131162505596876
toxicity_predictor,test,AWLDKLKSLGKVVGKVGLGVVQNYLNPRQ,0,5.598370626103133e-05
toxicity_predictor,test,RGARIVVIRVAR,0,0.00237302016466856
toxicity_predictor,test,RLLRKFFRKLKKSV,0,0.5965667366981506
toxicity_predictor,test,DINGGGATLPQALYQTSGVL,0,6.494403237411461e-07
toxicity_predictor,test,KWKLFKKILKFLHLAKKF,0,0.044723764061927795
toxicity_predictor,test,GIFGKILGVGKKVLCGLSGVC,0,0.0021370549220591784
toxicity_predictor,test,MAEAFYILIGFLIMAAIIVMAVLYLENHS,1,0.999969482421875
toxicity_predictor,test,GCVLYPWC,0,0.23323014378547668
toxicity_predictor,test,FDLLGLVKKVASAL,0,0.000554166326764971
toxicity_predictor,test,EDGSGEFLAEGGGVR,0,6.551834985657479e-07
toxicity_predictor,test,PPIFTLPPYI,0,0.0001315789413638413
toxicity_predictor,test,GLFKVLGSVAKHLLPHVAPVIAEKL,0,0.00035054769250564277
toxicity_predictor,test,IKPNKPVMAFGLVTLSLCVAYI,0,0.0002656020224094391
toxicity_predictor,test,PDMYAFGL,0,6.303311965893954e-05
toxicity_predictor,test,RCRFCCRCCPRMRGCGICCRF,1,0.9968382120132446
toxicity_predictor,test,FLPAVLKVAAHILPTAICAISRRC,0,0.0016809239750728011
toxicity_predictor,test,GLPVCGETCFGGTCNTPGCTCDPWPVCTRN,1,0.9646773934364319
toxicity_predictor,test,GIGKFLHSAGKFGKAFLGEVMKS,0,0.00019522874208632857
toxicity_predictor,test,NLLQFNKMIKIMTKKNAFPFYTS,0,0.0003776168741751462
toxicity_predictor,test,QDPYVDFLK,0,8.014775630726945e-06
toxicity_predictor,test,LCEKFKVQRLVELNCVD,0,0.055653173476457596
toxicity_predictor,test,TDSIKETIKETVNHQAEWPY,0,7.577602445962839e-06
toxicity_predictor,test,FLPFLAGLAANFLPKLFCKITRKC,0,0.004852212965488434
toxicity_predictor,test,ILGPVLSMVGSALGGLIKKI,0,1.3418899470707402e-05
toxicity_predictor,test,LRRLWLRANRL,0,0.033591315150260925
toxicity_predictor,test,GIPCAESCVYIPCTITALLGCKCQDKVCYD,1,0.8056214451789856
toxicity_predictor,test,GAFGNLLKGVAKKAGLKILSIAQCKLSGTC,0,0.0008105838787741959
toxicity_predictor,test,GLLDAIKDTAQNLFANVLDKIKCKFTKC,0,0.0005545581225305796
toxicity_predictor,test,GLLSGILNSAGGLLGNLIGSLSNGES,0,4.0370272813561314e-07
toxicity_predictor,test,FLQHIIGALGHLF,0,0.0013205304276198149
toxicity_predictor,test,FLPLLAGLAANFLPKIFCKITRKC,0,0.00452086515724659
toxicity_predictor,test,EMLKKKKEVKMERKT,0,0.04484115168452263
toxicity_predictor,test,ITCCTRGTCAQHC,1,0.9973902106285095
toxicity_predictor,test,FLPAVLRVAAKVVPTVFCLISKKC,0,0.002114894101396203
toxicity_predictor,test,TIEEVLNLPPYVVAA,0,0.00033973954850807786
toxicity_predictor,test,RRYGTCIYQGRLWAF,0,0.023983290418982506
toxicity_predictor,test,WFKKLLKKALRLWKKVL,0,0.016781382262706757
toxicity_predictor,test,MKRGYEVVRDPHLNK,0,0.014825331047177315
toxicity_predictor,test,GFFALIPKIISSPLFKTLLSAVGSALS,0,8.924806024879217e-06
toxicity_predictor,test,VKMELDGGVASNSR,0,1.821751283159756e-07
toxicity_predictor,test,DCCYGRVNGCNPKMADKNYE,1,0.7437803745269775
toxicity_predictor,test,KIKWILKYWKWS,0,0.0008603016030974686
